Mapping,Date,Control,Delivery (MWh),Authorization (MWh),Unused authorization (MWh),Source exchange (MWh),Qualifying intervals
M01,2013-01-02,No feedback,3.7058067028273376,4.258585058400149,0.5527783555728112,-1.1284536593921515,0
M01,2013-01-02,Previous-day persistence,3.5037732667887385,3.9403728383720598,0.4365995715833213,-1.3292655583972823,0
M01,2013-01-02,ECF,3.7666520254009197,4.313242805474061,0.5465907800731411,-1.0683136445789783,13
M01,2013-01-02,Equal-total control,3.7057875023409617,4.257908601674798,0.5521210993338355,-1.1284726524482391,0
M01,2013-01-03,No feedback,3.7211170895279855,3.9083760635245266,0.18725897399654107,-0.7535122168847246,0
M01,2013-01-03,Previous-day persistence,3.151100096796541,3.2377456358057266,0.08664553900918541,-1.3208956394277012,0
M01,2013-01-03,ECF,3.8217647429375528,3.9714892076216497,0.14972446468409706,-0.6538129942410036,17
M01,2013-01-03,Equal-total control,3.7211369456835564,3.908396363403291,0.18725941771973448,-0.7534925536648367,0
M01,2013-01-04,No feedback,4.239590242902038,4.475819223640167,0.23622898073812904,-0.8582752541137532,0
M01,2013-01-04,Previous-day persistence,4.01563642532351,4.175685200986391,0.16004877566287912,-1.0806606335684732,0
M01,2013-01-04,ECF,4.289536309579863,4.483953297656716,0.19441698807685243,-0.8089312292277233,21
M01,2013-01-04,Equal-total control,4.239566617967689,4.4757951535931895,0.23622853562550084,-0.8582986212112271,0
M01,2013-01-05,No feedback,3.950375322531969,4.0765136309226175,0.12613830839064824,-2.1678208330246624,0
M01,2013-01-05,Previous-day persistence,3.715849221867097,3.7460744768711534,0.030225255004056227,-2.4010141073722986,0
M01,2013-01-05,ECF,3.9892767263715116,4.094008209086539,0.10473148271502761,-2.1292666668617213,17
M01,2013-01-05,Equal-total control,3.9503985668973876,4.076537279998792,0.12613871310140445,-2.167797813584926,0
M01,2013-01-06,No feedback,3.777619894440791,3.8918102942367936,0.11419039979600262,-2.1851646314203204,0
M01,2013-01-06,Previous-day persistence,3.5316842173013496,3.5565907575040683,0.024906540202718923,-2.429985654954876,0
M01,2013-01-06,ECF,3.812064716990829,3.9044160706462687,0.09235135365543998,-2.1510071601876337,19
M01,2013-01-06,Equal-total control,3.7776043535284827,3.8917945629618194,0.11419020943333623,-2.185180043384436,0
M01,2013-01-07,No feedback,4.150224575101961,4.405162578317345,0.25493800321538274,-1.2852897780608976,0
M01,2013-01-07,Previous-day persistence,3.888742543559087,4.056684026736315,0.16794148317722832,-1.5451769680263967,0
M01,2013-01-07,ECF,4.2077685528012045,4.426061157964078,0.218292605162874,-1.2284113884828178,18
M01,2013-01-07,Equal-total control,4.150266135531181,4.405204668781525,0.2549385332503432,-1.2852487154174501,0
M01,2013-01-08,No feedback,3.9579070302304715,4.238349420703211,0.2804423904727397,-6.131096434967383,0
M01,2013-01-08,Previous-day persistence,3.6080402131795424,3.799757334043222,0.1917171208636797,-6.479339835872334,0
M01,2013-01-08,ECF,3.966817606917561,4.2246527769183615,0.25783517000079986,-6.122247091889515,13
M01,2013-01-08,Equal-total control,3.9578706295344603,4.238312140760352,0.2804415112258919,-6.131132582389762,0
M01,2013-01-12,No feedback,3.4444694353455576,3.9256699026104545,0.48120046726489674,-3.6285343441182,0
M01,2013-01-12,Previous-day persistence,3.114865762365753,3.441085029583474,0.326219267217721,-3.9566817635017433,0
M01,2013-01-12,ECF,3.4384113106678384,3.9059107360209038,0.4674994253530653,-3.634616445759184,8
M01,2013-01-12,Equal-total control,3.4444415523933527,3.925635310756909,0.481193758363556,-3.628562024208418,0
M01,2013-01-13,No feedback,2.65663492596063,3.9105450872507195,1.25391016129009,-2.612013569172234,0
M01,2013-01-13,Previous-day persistence,2.0986155764588323,3.0954468022909216,0.9968312258320895,-3.1678650482873514,0
M01,2013-01-13,ECF,2.6973361242029945,3.98784492771491,1.2905088035119154,-2.571784664690031,13
M01,2013-01-13,Equal-total control,2.6566338965208107,3.910547644359762,1.2539137478389515,-2.612014557468232,0
M01,2013-01-14,No feedback,3.4360590633756423,3.943525221669639,0.5074661582939962,-1.1007066438211608,0
M01,2013-01-14,Previous-day persistence,2.3825064832321274,2.5858108417784167,0.2033043585462891,-2.150654375601825,0
M01,2013-01-14,ECF,3.4390586088085766,3.9057212996119444,0.46666269080336786,-1.0977633969608283,13
M01,2013-01-14,Equal-total control,3.4360732225394934,3.9435404135215677,0.5074671909820745,-1.1006926408598252,0
M01,2013-01-15,No feedback,4.341106692265709,4.586229059159656,0.2451223668939464,-0.11762622034309288,0
M01,2013-01-15,Previous-day persistence,3.8838921564339666,3.9716078791984457,0.08771572276447873,-0.5724190129564194,0
M01,2013-01-15,ECF,4.372330271610718,4.586838280894107,0.2145080092833894,-0.08674440276792006,16
M01,2013-01-15,Equal-total control,4.341101027429804,4.586223445458599,0.24512241802879553,-0.11763178297093597,0
M01,2013-01-16,No feedback,3.944327916667527,4.1329148206044914,0.18858690393696403,-1.106285738531358,0
M01,2013-01-16,Previous-day persistence,3.554855058699749,3.661986147963756,0.10713108926400715,-1.4933950922183217,0
M01,2013-01-16,ECF,3.9817125655438117,4.146779562172178,0.16506699662836566,-1.0693122559559263,18
M01,2013-01-16,Equal-total control,3.9443315514395723,4.1329185111972855,0.1885869597577126,-1.1062821409841932,0
M01,2013-01-17,No feedback,4.039627334420274,4.311235608670014,0.2716082742497397,-1.8116708594491666,0
M01,2013-01-17,Previous-day persistence,3.820826736156996,4.004504075108961,0.1836773389519652,-2.0293405905725965,0
M01,2013-01-17,ECF,4.082942065006125,4.332736341893228,0.24979427688710262,-1.7687644868953365,16
M01,2013-01-17,Equal-total control,4.039611709893451,4.311219686970094,0.2716079770766415,-1.811686326485335,0
M01,2013-01-18,No feedback,3.4048853983619596,3.938644808111831,0.5337594097498712,-5.928053287135982,0
M01,2013-01-18,Previous-day persistence,3.1870036972071563,3.5857750370367025,0.3987713398295465,-6.14525982363204,0
M01,2013-01-18,ECF,3.416690991927817,3.915130614896949,0.49843962296913225,-5.916305174353879,18
M01,2013-01-18,Equal-total control,3.404896540247187,3.938655451542301,0.5337589112951137,-5.928042202345757,0
M01,2013-01-19,No feedback,3.172969158773792,3.952547376917508,0.7795782181437156,-1.845506279565016,0
M01,2013-01-19,Previous-day persistence,2.9081137508730928,3.474449602363321,0.5663358514902281,-2.1091757614297575,0
M01,2013-01-19,ECF,3.232964598886119,3.987283465990439,0.7543188671043204,-1.7861765127834908,13
M01,2013-01-19,Equal-total control,3.172966407741679,3.9525479709079243,0.7795815631662454,-1.845508996939508,0
M01,2013-01-20,No feedback,2.7072575953212223,4.021409592398803,1.3141519970775808,-2.1425921302460385,0
M01,2013-01-20,Previous-day persistence,2.2513182297322194,3.0023058426794527,0.7509876129472334,-2.596861974268835,0
M01,2013-01-20,ECF,2.776001406913611,4.042850667022762,1.2668492601091506,-2.0744979361137426,9
M01,2013-01-20,Equal-total control,2.7070181768166695,4.020681104934757,1.3136629281180872,-2.142830830049915,0
M01,2013-01-21,No feedback,4.103854040109591,4.419930200544739,0.31607616043514764,-0.7039552222542538,0
M01,2013-01-21,Previous-day persistence,3.0339323584045514,3.0814377901008365,0.047505431696284905,-1.7689031636484185,0
M01,2013-01-21,ECF,4.168479049206578,4.451268614721226,0.28278956551464685,-0.6400268161633235,16
M01,2013-01-21,Equal-total control,4.102456683447152,4.418002941963397,0.3155462585162443,-0.7053405695920799,0
M01,2013-01-22,No feedback,3.161712294527516,3.9899248253470576,0.8282125308195422,-2.43798625840903,0
M01,2013-01-22,Previous-day persistence,2.895508240098347,3.617028821459219,0.7215205813608716,-2.7033142081480634,0
M01,2013-01-22,ECF,3.182911762646766,3.993625428983586,0.8107136663368202,-2.416975777048973,16
M01,2013-01-22,Equal-total control,3.1616780367502955,3.988184945550754,0.8265069088004591,-2.4380206738562498,0
M01,2013-01-23,No feedback,3.3918563159250406,4.096766461424556,0.7049101454995157,-1.3786494643972316,0
M01,2013-01-23,Previous-day persistence,2.9287575516961635,3.3567943546422008,0.42803680294603674,-1.8402538142263667,0
M01,2013-01-23,ECF,3.43026290270393,4.104580532636628,0.674317629932697,-1.3407097208392351,13
M01,2013-01-23,Equal-total control,3.3915885179632306,4.095013632285352,0.7034251143221211,-1.3789168405970276,0
M01,2013-01-24,No feedback,3.8910133762213244,4.226594815283272,0.33558143906194765,-1.0670585962392574,0
M01,2013-01-24,Previous-day persistence,3.303066446268614,3.454168152292241,0.1511017060236274,-1.6536701994837053,0
M01,2013-01-24,ECF,4.042143375822137,4.356012304670751,0.3138689288486131,-0.9176718889841898,16
M01,2013-01-24,Equal-total control,3.8910290160400325,4.226610629471782,0.3355816134317502,-1.0670431453006008,0
M01,2013-01-25,No feedback,3.8939207347836438,4.102064491630738,0.20814375684709524,-2.072901671280228,0
M01,2013-01-25,Previous-day persistence,3.3565964055062096,3.443390439071602,0.08679403356539246,-2.6069002291913144,0
M01,2013-01-25,ECF,3.93394568896252,4.1209079663752375,0.18696227741271765,-2.0332783448065754,18
M01,2013-01-25,Equal-total control,3.8939387365065143,4.102082702835963,0.20814396632944876,-2.072883836730444,0
M01,2013-04-02,No feedback,3.2389376272154946,3.751733908675983,0.5127962814604882,-1.4730767683324613,0
M01,2013-04-02,Previous-day persistence,2.785308124792622,2.857480050932636,0.07217192614001397,-1.9241804982095208,0
M01,2013-04-02,ECF,3.2308334952614164,3.7423313220770478,0.511497826815632,-1.4810835895790606,6
M01,2013-04-02,Equal-total control,3.2389463235367435,3.75174205892856,0.5127957353918168,-1.473068149161423,0
M01,2013-04-03,No feedback,2.0684770440987355,4.014985205343425,1.9465081612446897,-3.0063835159434364,0
M01,2013-04-03,Previous-day persistence,1.9306514891114377,3.3402623819201427,1.4096108928087046,-3.143481159910683,0
M01,2013-04-03,ECF,2.099308816886409,3.8391874206401204,1.7398786037537115,-2.976076073933538,9
M01,2013-04-03,Equal-total control,2.068471140232216,4.0144371725738,1.945966032341584,-3.006389367869721,0
M01,2013-04-04,No feedback,2.8494867629783798,4.015442221569694,1.1659554585913146,-2.2871406138160664,0
M01,2013-04-04,Previous-day persistence,1.9407164766607474,2.172229530231782,0.23151305357103413,-3.1918968101108702,0
M01,2013-04-04,ECF,2.840573265428156,3.9880499022575515,1.1474766368293954,-2.2959397458116033,8
M01,2013-04-04,Equal-total control,2.8494921507732967,4.015446390341877,1.1659542395685807,-2.2871352843753545,0
M01,2013-04-09,No feedback,2.767046814366677,3.8726755506829886,1.1056287363163118,-2.222533556917715,0
M01,2013-04-09,Previous-day persistence,2.5037368490883356,3.012205574088837,0.5084687250005016,-2.484531057759551,0
M01,2013-04-09,ECF,2.8716334421896175,3.9112011067538845,1.039567664564267,-2.118934461196242,12
M01,2013-04-09,Equal-total control,2.7670570509764243,3.8500593280218975,1.0830022770454735,-2.222523413913278,0
M01,2013-04-10,No feedback,3.4127499313675633,4.04059201350847,0.6278420821409062,-1.493832607729014,0
M01,2013-04-10,Previous-day persistence,2.768319177003107,2.8284136085946354,0.06009443159152845,-2.1356320591437665,0
M01,2013-04-10,ECF,3.4126016674811472,4.040310144359121,0.6277084768779739,-1.493980930126334,2
M01,2013-04-10,Equal-total control,3.4127555207176803,4.040598065725536,0.6278425450078563,-1.4938270844563915,0
M01,2013-04-14,No feedback,3.2081310297686443,3.8723901185237954,0.6642590887551509,-1.7447190888144448,0
M01,2013-04-14,Previous-day persistence,2.910825629070256,2.95948931367154,0.048663684601283716,-2.0401711131377946,0
M01,2013-04-14,ECF,3.206622018759513,3.870977454468079,0.6643554357085661,-1.7462086159651027,1
M01,2013-04-14,Equal-total control,3.2081442875963972,3.8724037277329053,0.6642594401365081,-1.744705963640207,0
M01,2013-04-15,No feedback,3.026745983239459,3.855460290119184,0.8287143068797254,-1.9307851369134434,0
M01,2013-04-15,Previous-day persistence,2.75874451792212,2.9987523425508655,0.24000782462874576,-2.1971890255751783,0
M01,2013-04-15,ECF,3.0296273825329423,3.8470686235924543,0.8174412410595124,-1.9279254005180502,9
M01,2013-04-15,Equal-total control,3.0267362202941324,3.855453986758718,0.8287177664645857,-1.9307948108940938,0
M01,2013-04-22,No feedback,2.64958247637214,3.8732373997246023,1.2236549233524623,-2.7998446870297258,0
M01,2013-04-22,Previous-day persistence,2.3844920477144185,2.874991339225495,0.4904992915110764,-3.0637494664035976,0
M01,2013-04-22,ECF,2.6250751642689565,3.821853338898085,1.196778174629129,-2.8242071101098443,8
M01,2013-04-22,Equal-total control,2.6496035907447277,3.8732611056453696,1.223657514900642,-2.79982376670563,0
M01,2013-04-28,No feedback,2.9345047006229734,3.688564088143907,0.7540593875209334,-2.2982825110847154,0
M01,2013-04-28,Previous-day persistence,2.72666139735495,2.75564731417093,0.028985916815980277,-2.5048028075283755,0
M01,2013-04-28,ECF,2.9336507391367794,3.6878401894828343,0.7541894503460549,-2.2991072138674027,2
M01,2013-04-28,Equal-total control,2.934504385808182,3.6885641381984873,0.7540597523903056,-2.2982828196438416,0
M01,2013-04-29,No feedback,3.0974584195755805,3.859900218705639,0.762441799130058,-1.9244683462178127,0
M01,2013-04-29,Previous-day persistence,2.842631480603205,2.883034262026297,0.04040278142309192,-2.1776431866912795,0
M01,2013-04-29,ECF,3.0929278313512287,3.8537052680551716,0.7607774367039429,-1.928908200086738,5
M01,2013-04-29,Equal-total control,3.0974508748209955,3.8598922075405393,0.7624413327195437,-1.9244757980788871,0
M01,2013-04-30,No feedback,2.7982956431745247,3.9091756876168398,1.1108800444423155,-2.242612312199411,0
M01,2013-04-30,Previous-day persistence,2.5411415785696554,2.9432301315278036,0.40208855295814827,-2.498258708179116,0
M01,2013-04-30,ECF,2.821177689424139,3.880619355261304,1.059441665837165,-2.2200301885700577,6
M01,2013-04-30,Equal-total control,2.79829066838813,3.909175277554864,1.1108846091667341,-2.2426172285409,0
M01,2013-05-01,No feedback,2.905512221096502,3.8801971608725845,0.9746849397760822,-2.1782068363469986,0
M01,2013-05-01,Previous-day persistence,2.449296714331749,2.5708988736441927,0.12160215931244442,-2.632167030758967,0
M01,2013-05-01,ECF,2.901712591784456,3.873115813032246,0.9714032212477899,-2.1819492655037687,3
M01,2013-05-01,Equal-total control,2.90552309580318,3.8802082338415205,0.9746851380383406,-2.1781960881627462,0
M01,2013-05-06,No feedback,2.9599134054963443,3.7844139085068322,0.8245005030104877,-2.607584451009583,0
M01,2013-05-06,Previous-day persistence,2.5328524746767798,2.6282617002435056,0.09540922556672565,-3.032038662073055,0
M01,2013-05-06,ECF,2.9581719455928113,3.7822899195001236,0.8241179739073123,-2.6092752790296663,5
M01,2013-05-06,Equal-total control,2.9599118914961826,3.784412159448239,0.8245002679520563,-2.6075859649648208,0
M01,2013-05-07,No feedback,2.8281536799777873,3.8314770071792994,1.0033233272015125,-2.687521534862231,0
M01,2013-05-07,Previous-day persistence,2.5374167820339477,2.7826685381689886,0.24525175613504097,-2.976456546855189,0
M01,2013-05-07,ECF,2.8693261244007893,3.9379970346659183,1.0686709102651286,-2.6467779217866827,8
M01,2013-05-07,Equal-total control,2.8281430830461254,3.831468439474996,1.0033253564288702,-2.6875320014960775,0
M01,2013-05-08,No feedback,3.0016081135811943,4.044478663386974,1.0428705498057793,-2.416352293984315,0
M01,2013-05-08,Previous-day persistence,2.57832220857506,2.8019713633086694,0.22364915473360938,-2.837817489184377,0
M01,2013-05-08,ECF,3.018181925067605,4.051342783951498,1.0331608588838936,-2.3999626509944156,6
M01,2013-05-08,Equal-total control,3.001616124814656,4.044485552283325,1.0428694274686685,-2.416344373790093,0
M01,2013-05-09,No feedback,3.001509302601365,3.9329108593980155,0.9314015567966509,-2.342092999903859,0
M01,2013-05-09,Previous-day persistence,2.4119128685526,2.5250919830218477,0.11317911446924701,-2.927821480871783,0
M01,2013-05-09,ECF,3.0009449118953526,3.932353671081991,0.9314087591866383,-2.3426454804712655,1
M01,2013-05-09,Equal-total control,3.001517940357439,3.932920068953119,0.9314021285956798,-2.3420844765242954,0
M01,2013-05-10,No feedback,2.9677795851919733,3.7985249452842,0.8307453600922262,-2.261043763667146,0
M01,2013-05-10,Previous-day persistence,2.6527954686893893,2.6885705996202693,0.03577513093088035,-2.5738800055482893,0
M01,2013-05-10,ECF,2.959135527204144,3.78953200932179,0.8303964821176452,-2.2696293748214735,4
M01,2013-05-10,Equal-total control,2.9677944891670274,3.7985401415239735,0.8307456523569465,-2.2610290359380407,0
M01,2013-05-11,No feedback,2.5153918764754346,3.930845661651453,1.4154537851760183,-3.1255315979103306,0
M01,2013-05-11,Previous-day persistence,2.2635256467449714,2.837573115201481,0.5740474684565098,-3.376076313395324,0
M01,2013-05-11,ECF,2.6754254196915137,4.0949788295581016,1.4195534098665878,-2.9671512562773086,6
M01,2013-05-11,Equal-total control,2.5154145005439172,3.930875514423505,1.4154610138795878,-3.1255091926174075,0
M01,2013-05-12,No feedback,3.1434122983094963,4.226675603063441,1.083263304753944,-2.4200794065969693,0
M01,2013-05-12,Previous-day persistence,2.467918783403606,2.634772140501982,0.16685335709837598,-3.0924289954010327,0
M01,2013-05-12,ECF,3.1515695564601147,4.21792230497393,1.0663527485138151,-2.4120399337911986,3
M01,2013-05-12,Equal-total control,3.1434247797013306,4.226689282726069,1.0832645030247376,-2.4200670836640774,0
M01,2013-05-16,No feedback,2.825716481025335,3.853119110579452,1.0274026295541172,-3.1383649362600123,0
M01,2013-05-16,Previous-day persistence,2.5183025115486046,2.622784606795675,0.10448209524707047,-3.443922295485974,0
M01,2013-05-16,ECF,2.8696421919913258,3.9080445569877833,1.0384023649964584,-3.0948267165895196,5
M01,2013-05-16,Equal-total control,2.825725719635444,3.8531298474241784,1.0274041277887345,-3.138355796067542,0
M01,2013-05-17,No feedback,2.9059127817073307,3.7931744940681447,0.8872617123608141,-3.2263890028266484,0
M01,2013-05-17,Previous-day persistence,2.661628123036404,2.700408876973545,0.038780753937140505,-3.469743835466037,0
M01,2013-05-17,ECF,2.8976756936657333,3.784375931939304,0.886700238273571,-3.234554960898592,3
M01,2013-05-17,Equal-total control,2.9059215716561613,3.793183649179555,0.8872620775233935,-3.2263803081864384,0
M01,2013-05-18,No feedback,2.9106676922138743,3.8627750398532856,0.9521073476394111,-3.4730518384554543,0
M01,2013-05-18,Previous-day persistence,2.5998743956098336,2.631242557609619,0.031368161999785406,-3.78183157397781,0
M01,2013-05-18,ECF,2.909885536965316,3.862172756859707,0.9522872198943906,-3.473816105564979,1
M01,2013-05-18,Equal-total control,2.9106952191479833,3.8628034615596456,0.9521082424116624,-3.473024584563195,0
M01,2013-05-19,No feedback,2.6538922728294634,3.583228415872827,0.9293361430433633,-3.9846953837593713,0
M01,2013-05-19,Previous-day persistence,2.364327480079742,2.4236764915289717,0.05934901144923009,-4.2727443170111945,0
M01,2013-05-19,ECF,2.651336394585666,3.5805309528503426,0.9291945582646763,-3.9872400800526435,2
M01,2013-05-19,Equal-total control,2.653930714470271,3.583268125052206,0.9293374105819353,-3.984657316007127,0
M01,2013-05-20,No feedback,2.674430623283862,3.6132484980862234,0.9388178748023617,-3.941734087410969,0
M01,2013-05-20,Previous-day persistence,2.3396528644687575,2.409208023498109,0.06955515902935178,-4.2745963379653755,0
M01,2013-05-20,ECF,2.674793629328156,3.6095817529528462,0.93478812362469,-3.9413757744872777,3
M01,2013-05-20,Equal-total control,2.674428909705431,3.613246587499213,0.9388176777937816,-3.941735785144126,0
M01,2013-05-21,No feedback,2.8550965492174156,3.8676673289281016,1.0125707797106862,-3.3832250060639257,0
M01,2013-05-21,Previous-day persistence,2.4721492616384593,2.57560685234121,0.10345759070275093,-3.763823961115792,0
M01,2013-05-21,ECF,2.8349913671608262,3.8428962171835437,1.007904850022718,-3.403065177082287,4
M01,2013-05-21,Equal-total control,2.855094241822222,3.8676648896104373,1.0125706477882153,-3.3832273034989484,0
M01,2013-05-22,No feedback,2.03438757231451,3.9591949173154135,1.9248073450009033,-5.1847711205022184,0
M01,2013-05-22,Previous-day persistence,1.8434197370884218,2.7650291463012375,0.9216094092128155,-5.37446155257567,0
M01,2013-05-22,ECF,2.02968449258163,3.9460889003930895,1.91640440781146,-5.189447380566993,4
M01,2013-05-22,Equal-total control,2.034390385862709,3.9591964853830226,1.9248060995203138,-5.184768366511119,0
M01,2013-05-23,No feedback,1.6346044545055394,3.698447837763588,2.063843383258049,-5.679991414736597,0
M01,2013-05-23,Previous-day persistence,1.25591754980728,1.8639543673834549,0.6080368175761748,-6.057850215131852,0
M01,2013-05-23,ECF,1.6470814257766915,3.6175055068221704,1.9704240810454787,-5.667579850594065,11
M01,2013-05-23,Equal-total control,1.6346133753507852,3.69847024850003,2.063856873149245,-5.679982569658906,0
M01,2013-05-24,No feedback,2.6841849352692098,3.905113627143497,1.220928691874287,-4.137860419742355,0
M01,2013-05-24,Previous-day persistence,1.7786277533014072,1.9801631895364902,0.20153543623508305,-5.039807901405285,0
M01,2013-05-24,ECF,2.6884419234251884,3.9040721252129194,1.2156302017877305,-4.133674576024875,5
M01,2013-05-24,Equal-total control,2.6841833934044166,3.905112367323318,1.2209289739189013,-4.137861944755704,0
M01,2013-05-25,No feedback,2.5076804280190426,3.576997307942661,1.0693168799236188,-4.145306925341989,0
M01,2013-05-25,Previous-day persistence,2.119028513165933,2.2223149168096357,0.10328640364370284,-4.532526909013158,0
M01,2013-05-25,ECF,2.502071103178019,3.572593029101209,1.0705219259231906,-4.150837545074854,6
M01,2013-05-25,Equal-total control,2.5076909866219035,3.5770077342815165,1.069316747659613,-4.145296484989407,0
M01,2013-05-26,No feedback,2.7442175830538047,3.738207401021071,0.9939898179672663,-4.034631589512683,0
M01,2013-05-26,Previous-day persistence,2.4081271052787954,2.4437531973583644,0.03562609207956928,-4.369274949453247,0
M01,2013-05-26,ECF,2.738825866770617,3.7207663579126367,0.9819404911420193,-4.040052435381466,5
M01,2013-05-26,Equal-total control,2.744251753437278,3.7382436975454008,0.9939919441081223,-4.034597760752647,0
M01,2013-05-27,No feedback,2.1598143362636453,3.6308906515562662,1.471076315292621,-4.849163669297929,0
M01,2013-05-27,Previous-day persistence,1.8685945693079336,2.472336053026136,0.6037414837182027,-5.138924043465573,0
M01,2013-05-27,ECF,2.2377976276886566,3.667410100084859,1.4296124723962025,-4.771916689747425,13
M01,2013-05-27,Equal-total control,2.1598032612554166,3.6308771790433427,1.4710739177879262,-4.849174625842391,0
M01,2013-05-28,No feedback,2.5333368551974575,4.061210043984232,1.5278731887867747,-3.9857204264464343,0
M01,2013-05-28,Previous-day persistence,2.2073826149817384,2.62624532380427,0.41886270882253157,-4.311856522327738,0
M01,2013-05-28,ECF,2.5313153035395186,4.037813131350616,1.506497827811097,-3.98767546837955,4
M01,2013-05-28,Equal-total control,2.5333261652553003,4.061197868593175,1.5278717033378748,-3.9857309937615333,0
M01,2013-05-29,No feedback,2.76453808932735,4.058103324094448,1.2935652347670992,-3.336947318992885,0
M01,2013-05-29,Previous-day persistence,2.316520859948856,2.481335840105598,0.16481498015674212,-3.7832584770653668,0
M01,2013-05-29,ECF,2.9697410361575223,4.2369507448336154,1.2672097086760927,-3.134127164307489,12
M01,2013-05-29,Equal-total control,2.7645372343054664,4.0581026650931795,1.2935654307877131,-3.336948181227797,0
M01,2013-05-30,No feedback,3.111860810065926,4.182736404804168,1.0708755947382427,-2.931367410212412,0
M01,2013-05-30,Previous-day persistence,2.886711749709015,2.9436543936433024,0.05694264393428744,-3.1561307181474803,0
M01,2013-05-30,ECF,3.1118957086544246,4.183469399538635,1.0715736908842102,-2.931320905938336,2
M01,2013-05-30,Equal-total control,3.111885535989611,4.182762014932862,1.0708764789432514,-2.9313429956246893,0
M01,2013-05-31,No feedback,2.6847332865769644,3.778125861664577,1.0933925750876128,-3.0895132270042156,0
M01,2013-05-31,Previous-day persistence,2.3626009332118785,2.425937896229798,0.06333696301791926,-3.4095149705680683,0
M01,2013-05-31,ECF,2.6801296489649538,3.76840555933712,1.0882759103721664,-3.094140108208228,4
M01,2013-05-31,Equal-total control,2.6847512848902944,3.778144576046789,1.0933932911564948,-3.089495412327086,0
M01,2013-06-01,No feedback,2.1327232351665004,3.68697587424753,1.5542526390810298,-4.195205821010452,0
M01,2013-06-01,Previous-day persistence,1.9495447936545778,2.5076991142704053,0.5581543206158275,-4.377552997365692,0
M01,2013-06-01,ECF,2.114772795438139,3.6765093646038096,1.5617365691656704,-4.213082610337059,5
M01,2013-06-01,Equal-total control,2.132713218321949,3.6869701105304955,1.5542568922085467,-4.195215730294609,0
M01,2013-06-02,No feedback,0.7359074903538361,3.4695194882990537,2.733611997945218,-7.368025770540987,0
M01,2013-06-02,Previous-day persistence,0.3643068878590233,1.8370726611748496,1.4727657733158261,-7.739053523766321,0
M01,2013-06-02,ECF,0.7419659886717538,3.424443617742382,2.6824776290706276,-7.3620253820407875,6
M01,2013-06-02,Equal-total control,0.7359074510859954,3.4695318514822464,2.733624400396251,-7.368025807023821,0
M01,2013-06-03,No feedback,2.767087196052726,4.044218132128645,1.2771309360759189,-4.2956609252363815,0
M01,2013-06-03,Previous-day persistence,0.867955224317582,0.9344560405154088,0.06650081619782666,-6.18723725374706,0
M01,2013-06-03,ECF,2.7677033282748758,4.039060005452764,1.2713566771778875,-4.295077853487592,5
M01,2013-06-03,Equal-total control,2.767084338930155,4.044214921055088,1.2771305821249341,-4.295663753278172,0
M01,2013-06-04,No feedback,2.5804578527450044,3.5093731028969204,0.9289152501519158,-4.237382224668803,0
M01,2013-06-04,Previous-day persistence,2.242741419134674,2.3328177240414556,0.09007630490678134,-4.5733111046243975,0
M01,2013-06-04,ECF,2.571984546409587,3.498340320898016,0.9263557744884289,-4.24576479473855,7
M01,2013-06-04,Equal-total control,2.580459482146548,3.5093744156064215,0.9289149334598737,-4.237380587187763,0
M01,2013-06-05,No feedback,2.367469591530603,3.5249610250121295,1.1574914334815265,-4.563200277056536,0
M01,2013-06-05,Previous-day persistence,2.0048267169507157,2.220832335106605,0.2160056181558893,-4.923940191921004,0
M01,2013-06-05,ECF,2.4052784653133097,3.5678806189893955,1.1626021536760858,-4.525688425776002,9
M01,2013-06-05,Equal-total control,2.3674653569471404,3.5249572553208317,1.1574918983736904,-4.563204447201721,0
M01,2013-06-06,No feedback,2.1064196004778775,3.693505486689997,1.5870858862121198,-4.548808732896279,0
M01,2013-06-06,Previous-day persistence,1.8957239462041653,2.363138803563993,0.46741485735982796,-4.758505142175319,0
M01,2013-06-06,ECF,2.1239010641841514,3.706708913730135,1.5828078495459834,-4.531499611693662,5
M01,2013-06-06,Equal-total control,2.1064122025405356,3.69349724458999,1.5870850420494538,-4.54881605407495,0
M01,2013-06-07,No feedback,2.0988806778196616,3.8210055519317496,1.722124874112088,-4.169886149932509,0
M01,2013-06-07,Previous-day persistence,1.6891158344526174,2.195368940044787,0.5062531055921696,-4.578233105152481,0
M01,2013-06-07,ECF,2.0984537116296376,3.8203730808001968,1.7219193691705588,-4.170310897324611,3
M01,2013-06-07,Equal-total control,2.098880591234877,3.8210054529129445,1.722124861678068,-4.169886235589244,0
M01,2013-06-08,No feedback,2.238282326841019,4.022488572247074,1.7842062454060554,-4.393347406537347,0
M01,2013-06-08,Previous-day persistence,1.6948661246968137,2.018547446110375,0.32368132141356154,-4.934730704696627,0
M01,2013-06-08,ECF,2.234236486675124,3.991530299819892,1.7572938131447682,-4.39740130377845,6
M01,2013-06-08,Equal-total control,2.2382819317413762,4.022487315950876,1.7842053842094996,-4.393347793856749,0
M01,2013-06-09,No feedback,2.5874428952922175,3.7024574765031946,1.115014581210977,-4.023285246452271,0
M01,2013-06-09,Previous-day persistence,1.9779046873361446,2.035630034085304,0.057725346749159426,-4.630710217018617,0
M01,2013-06-09,ECF,2.6038074532806283,3.70188483228418,1.098077379003552,-4.007107790324092,7
M01,2013-06-09,Equal-total control,2.5874408726845797,3.7024555169080915,1.1150146442235116,-4.0232872464840055,0
M01,2013-06-10,No feedback,2.0558476720095236,3.4044475616165037,1.3485998896069802,-5.176469552500627,0
M01,2013-06-10,Previous-day persistence,1.9154925321130287,2.3023330167874505,0.3868404846744216,-5.316458017775633,0
M01,2013-06-10,ECF,2.066991024937823,3.4393049206356086,1.3723138956977852,-5.1654156310854225,6
M01,2013-06-10,Equal-total control,2.0558315576340034,3.40443556945303,1.3486040118190268,-5.176485499478496,0
M01,2013-06-11,No feedback,2.745315778028542,3.8104827493231523,1.0651669712946101,-3.7447947800881964,0
M01,2013-06-11,Previous-day persistence,2.075942637903359,2.1308093211204326,0.05486668321707321,-4.411359100402159,0
M01,2013-06-11,ECF,2.737708575603956,3.7949020013944406,1.057193425790484,-3.752342105909894,5
M01,2013-06-11,Equal-total control,2.7453011232084013,3.8104668735755025,1.0651657503671017,-3.7448092870692227,0
M01,2013-06-12,No feedback,1.2689979533392892,3.348078256469061,2.079080303129772,-6.191161908957303,0
M01,2013-06-12,Previous-day persistence,1.1070729969010338,2.300785722194065,1.193712725293031,-6.3527803610824645,0
M01,2013-06-12,ECF,1.3143377841616894,3.3309046509794245,2.016566866817735,-6.14610289551228,5
M01,2013-06-12,Equal-total control,1.2690029900942847,3.3481049170833654,2.0791019269890807,-6.1911568984470335,0
M01,2013-06-13,No feedback,2.5907128230047367,3.8920990589749533,1.3013862359702166,-4.212249951166066,0
M01,2013-06-13,Previous-day persistence,1.2243875777276547,1.4226263228029596,0.1982387450753047,-5.572092570670543,0
M01,2013-06-13,ECF,2.5730307059105195,3.86018371030068,1.2871530043901607,-4.22966950592477,3
M01,2013-06-13,Equal-total control,2.590715116004829,3.8921032683746337,1.3013881523698045,-4.212247680130837,0
M01,2013-06-14,No feedback,2.5012042787542184,3.6002568529197725,1.0990525741655537,-4.436507868795673,0
M01,2013-06-14,Previous-day persistence,2.2008150434247042,2.2863224275497718,0.08550738412506767,-4.735455971168234,0
M01,2013-06-14,ECF,2.4985297282021808,3.5928070773900775,1.0942773491878968,-4.439162188100573,7
M01,2013-06-14,Equal-total control,2.5012037928942474,3.600256436640045,1.0990526437457975,-4.436508340490939,0
M01,2013-06-15,No feedback,2.1823440214266543,3.5666525896014694,1.384308568174815,-4.967002913805311,0
M01,2013-06-15,Previous-day persistence,1.9454329139050954,2.24839762732583,0.3029647134207348,-5.203066173438859,0
M01,2013-06-15,ECF,2.2046949708130086,3.597974566972243,1.3932795961592344,-4.944827341550162,9
M01,2013-06-15,Equal-total control,2.1823619373791345,3.566669142472781,1.3843072050936467,-4.966985142406964,0
M01,2013-06-16,No feedback,2.6218022770454237,3.7986273872051934,1.1768251101597693,-4.899105991745136,0
M01,2013-06-16,Previous-day persistence,2.214778019569175,2.305627553326327,0.09084953375715182,-5.304915484731277,0
M01,2013-06-16,ECF,2.5832924527314005,3.7519683914365904,1.1686759387051902,-4.937345795221124,6
M01,2013-06-16,Equal-total control,2.6217944361384307,3.7986201738674445,1.1768257377290139,-4.899113762719349,0
M01,2013-06-17,No feedback,2.319551638873614,3.3290427860393788,1.0094911471657646,-5.316098948116149,0
M01,2013-06-17,Previous-day persistence,1.9766108220441092,2.1043554939079616,0.1277446718638526,-5.657660750287653,0
M01,2013-06-17,ECF,2.346269294342327,3.3558936516886835,1.0096243573463564,-5.289611797504239,8
M01,2013-06-17,Equal-total control,2.319526487069605,3.3290160092855325,1.0094895222159277,-5.316123884581076,0
M01,2013-06-18,No feedback,2.5780815411355915,3.6792763343320063,1.1011947931964152,-5.185828994689673,0
M01,2013-06-18,Previous-day persistence,2.246117844152332,2.3909026538088933,0.1447848096565615,-5.5160480429735035,0
M01,2013-06-18,ECF,2.558816252324126,3.633047827734255,1.074231575410129,-5.204963869272782,7
M01,2013-06-18,Equal-total control,2.5780772986199767,3.6792721747703743,1.101194876150398,-5.185833196653401,0
M01,2013-06-19,No feedback,2.2975717138459797,3.4984931743379537,1.200921460491974,-5.78607721590399,0
M01,2013-06-19,Previous-day persistence,2.001969043852937,2.3340869076990094,0.33211786384607206,-6.080467120626463,0
M01,2013-06-19,ECF,2.6457534539568774,3.8455318770237588,1.1997784230668818,-5.441411590972917,10
M01,2013-06-19,Equal-total control,2.2975539732139354,3.4984735346487583,1.2009195614348231,-5.786094794125979,0
M01,2013-06-23,No feedback,1.4112213328036187,3.180556769647236,1.7693354368436172,-7.918358085623074,0
M01,2013-06-23,Previous-day persistence,1.2574290896653793,1.8574130159093114,0.5999839262439324,-8.072519515308894,0
M01,2013-06-23,ECF,1.4851429335403907,3.307421896577481,1.82227896303709,-7.845245354163535,10
M01,2013-06-23,Equal-total control,1.4112336884940218,3.1805840003222032,1.7693503118281813,-7.918345830591641,0
M01,2013-06-24,No feedback,2.0706867264488285,3.5097101154182537,1.4390233889694248,-6.307915049424954,0
M01,2013-06-24,Previous-day persistence,1.454555601208164,1.652691991613862,0.19813639040569814,-6.922776855373059,0
M01,2013-06-24,ECF,2.0647037069793397,3.4983084091937258,1.4336047022143865,-6.313856936646541,5
M01,2013-06-24,Equal-total control,2.0706835977612386,3.509707517149919,1.4390239193886802,-6.307918150991751,0
M01,2013-06-25,No feedback,1.9453842007228261,3.349005091012028,1.4036208902892022,-6.737377283536717,0
M01,2013-06-25,Previous-day persistence,1.578915371079813,1.7842176004387067,0.2053022293588938,-7.103275144456847,0
M01,2013-06-25,ECF,1.9538754261534066,3.3268473155186506,1.3729718893652443,-6.729074853963788,6
M01,2013-06-25,Equal-total control,1.9453753493747699,3.3489927132955293,1.4036173639207596,-6.737386060692136,0
M01,2013-06-26,No feedback,2.1677955615503093,3.41434413355161,1.2465485720013008,-5.406280710250193,0
M01,2013-06-26,Previous-day persistence,1.4120005412293564,1.6740324046580055,0.2620318634286492,-6.159754257800112,0
M01,2013-06-26,ECF,2.170126085387329,3.4099383015270806,1.2398122161397516,-5.403990220702106,5
M01,2013-06-26,Equal-total control,2.167819284116364,3.414374313191221,1.246555029074857,-5.406257214858227,0
M01,2013-06-27,No feedback,1.854772934897778,3.598609848688967,1.7438369137911889,-5.73244530747384,0
M01,2013-06-27,Previous-day persistence,1.6401422459719033,2.260362033106745,0.6202197871348423,-5.946751530967344,0
M01,2013-06-27,ECF,1.891244618802606,3.5998438556423293,1.7085992368397238,-5.696411560722483,8
M01,2013-06-27,Equal-total control,1.8547714778646591,3.5986048448006556,1.7438333669359964,-5.7324467369158505,0
M02,2013-01-02,No feedback,1.91755539013314,2.3226699616568727,0.4051145715237327,-2.905629813177402,0
M02,2013-01-02,Previous-day persistence,1.8356285338036114,2.1752884569886106,0.3396599231849992,-2.9875411573804262,0
M02,2013-01-02,ECF,1.91755539013314,2.3214403917697934,0.40388500163665375,-2.9056298131761245,6
M02,2013-01-02,Equal-total control,1.917547334953395,2.322661783360359,0.40511444840696387,-2.9056378317266605,0
M02,2013-01-03,No feedback,1.7944751857548087,1.8986414356408252,0.10416624988601661,-2.6679760905839083,0
M02,2013-01-03,Previous-day persistence,1.5896159984948093,1.631840690963017,0.04222469246820783,-2.872998358514418,0
M02,2013-01-03,ECF,1.794115063977063,1.8933683434721418,0.09925327949507858,-2.668338455261655,9
M02,2013-01-03,Equal-total control,1.7944654178020594,1.8986314745622548,0.10416605676019552,-2.6679858252754336,0
M02,2013-01-04,No feedback,2.2372375601072685,2.3576768925976976,0.1204393324904291,-2.8471276455811285,0
M02,2013-01-04,Previous-day persistence,2.3033626245765224,2.385389875697478,0.08202725112095566,-2.781659550894147,0
M02,2013-01-04,ECF,2.236906757888881,2.355012995982081,0.11810623809320049,-2.8474592236193668,7
M02,2013-01-04,Equal-total control,2.2372431571562506,2.3576825934029735,0.12043943624672278,-2.8471220716954972,0
M02,2013-01-05,No feedback,2.2442535616836907,2.3381810887192733,0.09392752703558255,-3.8652674366138156,0
M02,2013-01-05,Previous-day persistence,2.223410678274092,2.25340037997039,0.02998970169629784,-3.8862371314468502,0
M02,2013-01-05,ECF,2.2442438992414155,2.334397899607788,0.09015400036637258,-3.8652774336489273,8
M02,2013-01-05,Equal-total control,2.2442565356482125,2.3381840931297444,0.09392755748153173,-3.865264470271015,0
M02,2013-01-06,No feedback,2.058536430596043,2.1365609709858466,0.078024540389804,-3.893951990365375,0
M02,2013-01-06,Previous-day persistence,2.053665801514973,2.0721074185019956,0.01844161698702223,-3.8989596554903283,0
M02,2013-01-06,ECF,2.0585499374582934,2.1345941868872433,0.07604424942894988,-3.893938546410782,9
M02,2013-01-06,Equal-total control,2.0585097217132637,2.136533931138522,0.0780242094252582,-3.893978631872248,0
M02,2013-01-07,No feedback,2.2066622623648944,2.3613221677873915,0.15465990542249702,-3.217155982308342,0
M02,2013-01-07,Previous-day persistence,2.1189898994837035,2.22207867505131,0.10308877556760668,-3.3047003072687122,0
M02,2013-01-07,ECF,2.2066911960151057,2.3606123209071646,0.15392112489205909,-3.2171271711241527,7
M02,2013-01-07,Equal-total control,2.2066763551171125,2.361336441719698,0.15466008660258543,-3.217141953585168,0
M02,2013-01-08,No feedback,2.0438451312037262,2.2445251179834447,0.20067998677971854,-8.037190852525393,0
M02,2013-01-08,Previous-day persistence,1.8404646095712627,1.9847385378710598,0.1442739282997973,-8.240391817943493,0
M02,2013-01-08,ECF,2.0441981547542105,2.242749979319424,0.19855182456521367,-8.036845399146793,8
M02,2013-01-08,Equal-total control,2.043790107305542,2.24446907475284,0.20067896744729818,-8.03724582958995,0
M02,2013-01-12,No feedback,2.1272148858405417,2.3692501247513853,0.24203523891084344,-4.9407349720782285,0
M02,2013-01-12,Previous-day persistence,2.010653608523911,2.1879964777555116,0.1773428692316012,-5.05727552276931,0
M02,2013-01-12,ECF,2.127125631721783,2.369197728279233,0.2420720965574502,-4.940824367524723,4
M02,2013-01-12,Equal-total control,2.1271850537282626,2.3692175024088007,0.2420324486805383,-4.940764734549218,0
M02,2013-01-13,No feedback,1.321036733241575,1.9655414476461557,0.644504714404581,-3.9410412710977223,0
M02,2013-01-13,Previous-day persistence,1.179066184700758,1.7265880188046299,0.547521834103872,-4.083408129116637,0
M02,2013-01-13,ECF,1.321036733241575,1.9655414476461557,0.644504714404581,-3.941041271097797,3
M02,2013-01-13,Equal-total control,1.321036733241575,1.9655414476461557,0.644504714404581,-3.9410412710965166,0
M02,2013-01-14,No feedback,1.6736710142825941,1.8363511674686586,0.16268015318606457,-2.8523563223704205,0
M02,2013-01-14,Previous-day persistence,1.2325736378849448,1.2879342359222687,0.055360598037324134,-3.293417459955718,0
M02,2013-01-14,ECF,1.6714018971164282,1.8208974345243871,0.1494955374079588,-2.854609969700713,14
M02,2013-01-14,Equal-total control,1.673666199982139,1.8363455092323568,0.16267930925021756,-2.852361106389882,0
M02,2013-01-15,No feedback,2.198606517711425,2.342355291460424,0.14374877374899903,-2.244256406476651,0
M02,2013-01-15,Previous-day persistence,2.207510447012832,2.272513591512378,0.06500314449954592,-2.236158381545466,0
M02,2013-01-15,ECF,2.1986945918902574,2.3354553957868096,0.13676080389655232,-2.2441688399784736,11
M02,2013-01-15,Equal-total control,2.198604414772163,2.3423531608334924,0.14374874606132948,-2.2442584910978973,0
M02,2013-01-16,No feedback,2.1041472643379393,2.2347715768427956,0.13062431250485662,-2.9340835127111546,0
M02,2013-01-16,Previous-day persistence,1.9679423869791806,2.04601788815219,0.07807550117300907,-3.070123566206792,0
M02,2013-01-16,ECF,2.1040202699621915,2.2315378851667518,0.12751761520456,-2.9342112544323316,10
M02,2013-01-16,Equal-total control,2.104127315989259,2.2347513158553154,0.13062399986605658,-2.9341033787108457,0
M02,2013-01-17,No feedback,2.0428390058848183,2.2472017701689846,0.2043627642841665,-3.7959376981907713,0
M02,2013-01-17,Previous-day persistence,1.981127527775259,2.121410551657312,0.1402830238820536,-3.8575764574604756,0
M02,2013-01-17,ECF,2.042866237552202,2.2444442332675587,0.201577995715357,-3.795910564959306,9
M02,2013-01-17,Equal-total control,2.042821810388636,2.2471844111354957,0.20436260074685947,-3.795954828090856,0
M02,2013-01-18,No feedback,2.248527938484614,2.6558042417248338,0.40727630324021974,-7.082466370593448,0
M02,2013-01-18,Previous-day persistence,2.1545638766367325,2.481530626892206,0.3269667502554734,-7.176518010248842,0
M02,2013-01-18,ECF,2.248527938484614,2.6558042417248338,0.40727630324021974,-7.082466370593747,1
M02,2013-01-18,Equal-total control,2.248527938484614,2.6558042417248338,0.40727630324021974,-7.082466370595028,0
M02,2013-01-19,No feedback,1.577486186004061,1.9068721285913581,0.3293859425872971,-3.431837753002161,0
M02,2013-01-19,Previous-day persistence,1.407529144890356,1.6116898713879584,0.20416072649760253,-3.6015489535245186,0
M02,2013-01-19,ECF,1.5766504260258762,1.9021665663385785,0.32551614031270254,-3.432670021108363,8
M02,2013-01-19,Equal-total control,1.5774903903328545,1.9067875845816018,0.32929719424874726,-3.4318335786418874,0
M02,2013-01-20,No feedback,1.6238246315635974,2.1645818677873017,0.5407572362237044,-3.2204262746662997,0
M02,2013-01-20,Previous-day persistence,1.4270944792788296,1.839452904310952,0.4123584250321225,-3.417349975618877,0
M02,2013-01-20,ECF,1.6221489343583435,2.151335021648701,0.5291860872903573,-3.222098516025565,4
M02,2013-01-20,Equal-total control,1.6238473169643064,2.1646115265412993,0.5407642095769929,-3.2204036790046295,0
M02,2013-01-21,No feedback,2.1147151450646042,2.263059899913153,0.1483447548485484,-2.679181481630937,0
M02,2013-01-21,Previous-day persistence,1.84782080144339,1.8809075964650455,0.03308679502165542,-2.9466754500431493,0
M02,2013-01-21,ECF,2.1148354892660595,2.251944707731688,0.13710921846562849,-2.679061848691507,11
M02,2013-01-21,Equal-total control,2.1147121971250313,2.2630569131244673,0.1483447159994356,-2.679184404883776,0
M02,2013-01-22,No feedback,1.4039630010154482,1.8512123647819552,0.44724936376650704,-4.185746756418879,0
M02,2013-01-22,Previous-day persistence,1.1891554164912095,1.5812705277991819,0.3921151113079725,-4.400288598754577,0
M02,2013-01-22,ECF,1.4039312486563853,1.8093999595496926,0.40546871089330716,-4.185774138935312,9
M02,2013-01-22,Equal-total control,1.4037407418153212,1.8425109005052709,0.4387701586899496,-4.18596896219244,0
M02,2013-01-23,No feedback,1.7397629633825125,2.1284232103737244,0.3886602469912116,-3.02012053644972,0
M02,2013-01-23,Previous-day persistence,1.5463693896116628,1.7620134677115638,0.21564407809990122,-3.2137581025642166,0
M02,2013-01-23,ECF,1.7385829886815862,2.1241018450501308,0.38551885636854466,-3.0212958575306,4
M02,2013-01-23,Equal-total control,1.7397669968294491,2.128427563409561,0.38866056658011194,-3.020116520138839,0
M02,2013-01-24,No feedback,2.5127027124463233,2.713454873901897,0.20075216145557429,-2.435653017723204,0
M02,2013-01-24,Previous-day persistence,2.19066537277633,2.297373902511206,0.1067085297348764,-2.757573091976812,0
M02,2013-01-24,ECF,2.512681727628172,2.707033572417085,0.19435184478891254,-2.4356749690781427,9
M02,2013-01-24,Equal-total control,2.512705231052419,2.713457458626163,0.20075222757374417,-2.4356505026280617,0
M02,2013-01-25,No feedback,2.3095528122963556,2.429371436362218,0.11981862406586222,-3.6471002626769167,0
M02,2013-01-25,Previous-day persistence,2.254024204089145,2.3150511011800625,0.06102689709091759,-3.7032392446246414,0
M02,2013-01-25,ECF,2.3093392404018243,2.4246213011374986,0.11528206073567399,-3.6473139718783827,10
M02,2013-01-25,Equal-total control,2.309549149358312,2.4293677336892476,0.11981858433093534,-3.6471038968733307,0
M02,2013-04-02,No feedback,1.6823402519315855,1.994538149368914,0.3121978974373283,-3.0190725871871473,0
M02,2013-04-02,Previous-day persistence,1.7801630566652578,1.8141639031054688,0.034000846440211216,-2.9232626729681033,0
M02,2013-04-02,ECF,1.681443839819167,1.9920510155659519,0.31060717574678465,-3.019964527257497,8
M02,2013-04-02,Equal-total control,1.682345708842384,1.9945443666457086,0.31219865780332445,-3.0190671653599552,0
M02,2013-04-03,No feedback,1.17171210912325,1.9504584620184149,0.7787463528951648,-3.899155196213499,0
M02,2013-04-03,Previous-day persistence,1.1645257365018615,1.6368695409298466,0.47234380442798507,-3.906481431216969,0
M02,2013-04-03,ECF,1.270248838459774,2.1820431825480564,0.9117943440882821,-3.8011600065353948,5
M02,2013-04-03,Equal-total control,1.1717183072296378,1.9504701745332125,0.7787518673035749,-3.899149019677521,0
M02,2013-04-04,No feedback,1.5046154935684626,2.0250005443740156,0.5203850508055529,-3.623719730261685,0
M02,2013-04-04,Previous-day persistence,1.3129465083243066,1.4632755899618648,0.15032908163755837,-3.8170060056948754,0
M02,2013-04-04,ECF,1.6355104223292043,2.1533167435678746,0.51780632123867,-3.493635316682283,9
M02,2013-04-04,Equal-total control,1.504618928856202,2.0250061453621835,0.5203872165059816,-3.6237163079742083,0
M02,2013-04-09,No feedback,1.4716236461977363,1.9928199078692215,0.521196261671485,-3.50984993293773,0
M02,2013-04-09,Previous-day persistence,1.4864130984796733,1.6698162169208892,0.1834031184412161,-3.495904392263516,0
M02,2013-04-09,ECF,1.4682153899441377,1.988147877658287,0.5199324877141492,-3.5132444885629632,4
M02,2013-04-09,Equal-total control,1.4716014253626764,1.992796021560219,0.5211945961975426,-3.5098720604266576,0
M02,2013-04-10,No feedback,1.5958255649726387,1.9850000584447636,0.38917449347212474,-3.297709605929262,0
M02,2013-04-10,Previous-day persistence,1.316270686770623,1.3398696543430566,0.023598967572433682,-3.5776053485322943,0
M02,2013-04-10,ECF,1.5958364250939268,1.9833742771640142,0.3875378520700872,-3.2976987829481,5
M02,2013-04-10,Equal-total control,1.5958206842072626,1.984995090906643,0.3891744066993803,-3.297714468485031,0
M02,2013-04-14,No feedback,1.6814549505754153,2.055344723632521,0.37388977305710525,-3.2612206193357838,0
M02,2013-04-14,Previous-day persistence,1.7833815711108716,1.8093136718421268,0.02593210073125518,-3.160299701659547,0
M02,2013-04-14,ECF,1.6811781978006197,2.0540969822133146,0.37291878441269466,-3.261497200324937,6
M02,2013-04-14,Equal-total control,1.6814470312636,2.055336680991247,0.3738896497276466,-3.261228496112233,0
M02,2013-04-15,No feedback,1.472856579889986,1.8958885168743143,0.4230319369843285,-3.4747419659451406,0
M02,2013-04-15,Previous-day persistence,1.448015238190011,1.527008344307308,0.07899310611729675,-3.499808373439083,0
M02,2013-04-15,ECF,1.4706355868221945,1.8892248439496453,0.41858925712745076,-3.476950415054026,9
M02,2013-04-15,Equal-total control,1.4728831973383834,1.8959155091908588,0.42303231185247564,-3.4747154542926184,0
M02,2013-04-22,No feedback,1.3402692357048096,1.959000181085471,0.6187309453806613,-4.101689786673693,0
M02,2013-04-22,Previous-day persistence,1.3056498515157817,1.4924771905647052,0.1868273390489235,-4.136605715610191,0
M02,2013-04-22,ECF,1.3378662036520392,1.9531999620807854,0.6153337584287462,-4.104079893452842,5
M02,2013-04-22,Equal-total control,1.3402398267257516,1.9589719590749184,0.6187321323491668,-4.101719062568923,0
M02,2013-04-28,No feedback,1.5180604025346214,1.950263729999932,0.43220332746531054,-3.7055873504403194,0
M02,2013-04-28,Previous-day persistence,1.5253604783892047,1.5415465206919867,0.016186042302782207,-3.698588320226792,0
M02,2013-04-28,ECF,1.5179998837870716,1.9490132373318882,0.43101335354481696,-3.7056472189617056,6
M02,2013-04-28,Equal-total control,1.5180632732073507,1.9502666381838303,0.4322033649764795,-3.7055844910928153,0
M02,2013-04-29,No feedback,1.5287518918109142,1.9642126237810098,0.43546073197009594,-3.4828351808695466,0
M02,2013-04-29,Previous-day persistence,1.5692796448385573,1.5909665157296056,0.021686870891048156,-3.442855719912833,0
M02,2013-04-29,ECF,1.5287134533573787,1.9638217116181096,0.43510825826073096,-3.482873308557021,4
M02,2013-04-29,Equal-total control,1.5287716539470304,1.964232643971238,0.4354609900242076,-3.482815503251155,0
M02,2013-04-30,No feedback,1.3654336191662293,1.918086759463028,0.5526531402967989,-3.666003194809457,0
M02,2013-04-30,Previous-day persistence,1.3096408473110246,1.4284358371763497,0.11879498986532507,-3.721903017031138,0
M02,2013-04-30,ECF,1.3675950131444778,1.919241197548298,0.5516461844038203,-3.6638266042782814,5
M02,2013-04-30,Equal-total control,1.3654309694453692,1.918082276582442,0.5526513071370727,-3.6660058295868674,0
M02,2013-05-01,No feedback,1.392344026169761,1.9628708564493766,0.5705268302796156,-3.680300258842929,0
M02,2013-05-01,Previous-day persistence,1.3947357350862317,1.460535478723302,0.0657997436370702,-3.6789399872827047,0
M02,2013-05-01,ECF,1.392344026169761,1.9625574108711383,0.5702133847013773,-3.6803002588415596,2
M02,2013-05-01,Equal-total control,1.3923346712209224,1.9628613728309245,0.5705267016100022,-3.6803095750116745,0
M02,2013-05-06,No feedback,1.4819298728839438,1.9354166697053328,0.4534867968213887,-4.076257371805472,0
M02,2013-05-06,Previous-day persistence,1.4654031375089405,1.5028699285507,0.03746679104175921,-4.093323796876431,0
M02,2013-05-06,ECF,1.4809552668169923,1.9341382597795422,0.45318299296255,-4.077228416588851,4
M02,2013-05-06,Equal-total control,1.4819380922331167,1.9354254322350608,0.4534873400019441,-4.076249178816813,0
M02,2013-05-07,No feedback,1.4398594811079675,1.9540687820917702,0.5142093009838029,-4.066534822394948,0
M02,2013-05-07,Previous-day persistence,1.4835290998587178,1.6222647109215764,0.13873561106285864,-4.023774263390799,0
M02,2013-05-07,ECF,1.4383292472693463,1.9506379889238046,0.5123087416544585,-4.0680601805003445,6
M02,2013-05-07,Equal-total control,1.4398448922013931,1.9540539155258823,0.5142090233244891,-4.066549329896874,0
M02,2013-05-08,No feedback,1.607687660941072,2.1243611103476097,0.5166734494065375,-3.800569412009601,0
M02,2013-05-08,Previous-day persistence,1.624478581755624,1.7154468121608302,0.09096823040520623,-3.785077464066047,0
M02,2013-05-08,ECF,1.6069969201889582,2.1221676261771383,0.5151707059881802,-3.801257873817492,4
M02,2013-05-08,Equal-total control,1.607666868574984,2.1243398837427567,0.516673015167773,-3.800590122863194,0
M02,2013-05-09,No feedback,1.5831891755288585,2.107993171374645,0.5248039958457865,-3.750935610355457,0
M02,2013-05-09,Previous-day persistence,1.607471972258757,1.6560038089702722,0.04853183671151529,-3.728054527643333,0
M02,2013-05-09,ECF,1.5827374260797815,2.1075387756601156,0.5248013495803342,-3.7513842666783876,2
M02,2013-05-09,Equal-total control,1.5831732747274412,2.1079764414230002,0.524803166695559,-3.7509514148023064,0
M02,2013-05-10,No feedback,1.4180327429277289,1.9101992279690383,0.4921664850413098,-3.800493029093585,0
M02,2013-05-10,Previous-day persistence,1.4052239151655748,1.4216750088276764,0.01645109366210155,-3.8135989898681686,0
M02,2013-05-10,ECF,1.4180327429277289,1.909880924127661,0.49184818119993245,-3.800493029090993,2
M02,2013-05-10,Equal-total control,1.4180309924230947,1.910197455745338,0.49216646332224345,-3.800494771776176,0
M02,2013-05-11,No feedback,1.2429709191831841,1.9206582413502682,0.6776873221670838,-4.390612120167021,0
M02,2013-05-11,Previous-day persistence,1.2057768722747257,1.420568327251374,0.21479145497664817,-4.427994269837515,0
M02,2013-05-11,ECF,1.4540938505410477,2.1595652035038446,0.7054713529627968,-4.180625018146946,5
M02,2013-05-11,Equal-total control,1.242937993872064,1.920622059384061,0.6776840655119972,-4.390644927128632,0
M02,2013-05-12,No feedback,1.6274169726570415,2.2350479750980794,0.6076310024410378,-3.9248625098161214,0
M02,2013-05-12,Previous-day persistence,1.5209751304716965,1.5914404186033435,0.07046528813164715,-4.033340210680515,0
M02,2013-05-12,ECF,1.627203823015627,2.234731469275191,0.6075276462595639,-3.9250747549228557,3
M02,2013-05-12,Equal-total control,1.6274181830465828,2.235049216428993,0.6076310333824105,-3.9248613014554445,0
M02,2013-05-16,No feedback,1.3830120989666579,1.9670262629695208,0.5840141640028627,-4.571411729074556,0
M02,2013-05-16,Previous-day persistence,1.446190548588893,1.5168086119704391,0.07061806338154603,-4.509246092195665,0
M02,2013-05-16,ECF,1.3801694781177787,1.9635912570972471,0.5834217789794687,-4.5742423694832315,5
M02,2013-05-16,Equal-total control,1.383013098467866,1.9670281282729907,0.5840150298051248,-4.571410744645893,0
M02,2013-05-17,No feedback,1.292143124546707,1.8262858121334542,0.5341426875867472,-4.830197662724387,0
M02,2013-05-17,Previous-day persistence,1.1738162411986182,1.1881010736452737,0.01428483244665559,-4.948791012601817,0
M02,2013-05-17,ECF,1.2911598021633448,1.8253017280167585,0.5341419258534139,-4.831178036237084,2
M02,2013-05-17,Equal-total control,1.292158568317518,1.826301672401969,0.5341431040844506,-4.83018227675044,0
M02,2013-05-18,No feedback,1.3941524340912945,1.9358846325938228,0.5417321985025284,-4.979863778676057,0
M02,2013-05-18,Previous-day persistence,1.4148345774057043,1.4287531723983107,0.013918594992606179,-4.959694827936889,0
M02,2013-05-18,ECF,1.392011886523273,1.9337421982161707,0.5417303116928975,-4.98199671694564,2
M02,2013-05-18,Equal-total control,1.3941556036782816,1.935887940155213,0.5417323364769315,-4.979860617130536,0
M02,2013-05-19,No feedback,1.496470799991602,2.066974155549945,0.5705033555583428,-5.1360014805577885,0
M02,2013-05-19,Previous-day persistence,1.6534855552517973,1.6764101956269215,0.02292464037512424,-4.98105351408955,0
M02,2013-05-19,ECF,1.496470799991602,2.066974155549945,0.5705033555583428,-5.136001480557864,2
M02,2013-05-19,Equal-total control,1.496470799991602,2.066974155549945,0.5705033555583428,-5.136001480557403,0
M02,2013-05-20,No feedback,1.3317557696121467,1.8798227199462598,0.5480669503341131,-5.276187670941136,0
M02,2013-05-20,Previous-day persistence,1.3648272240026191,1.4037253250600943,0.038898101057475196,-5.24378242058523,0
M02,2013-05-20,ECF,1.3297207818006243,1.8752440752403827,0.5455232934397585,-5.278214298952332,5
M02,2013-05-20,Equal-total control,1.3317613493130376,1.879828565445782,0.5480672161327442,-5.27618210452406,0
M02,2013-05-21,No feedback,1.3302428274639526,1.8890832184179218,0.5588403909539694,-4.8984569394737125,0
M02,2013-05-21,Previous-day persistence,1.3012860815657512,1.3530274364635786,0.051741354897827524,-4.928200910527935,0
M02,2013-05-21,ECF,1.3288964369673364,1.885977172879345,0.5570807359120087,-4.8997982230227395,7
M02,2013-05-21,Equal-total control,1.3302626852338613,1.8891030953604995,0.5588404101266383,-4.898437173545439,0
M02,2013-05-22,No feedback,1.0278386296357291,1.8997403401407884,0.8719017105050592,-6.18646626612767,0
M02,2013-05-22,Previous-day persistence,1.0693374693864708,1.4032727007976105,0.33393523141113945,-6.145874600259559,0
M02,2013-05-22,ECF,1.052094588025318,1.925607132935276,0.8735125449099578,-6.16228492899712,2
M02,2013-05-22,Equal-total control,1.0278318512228797,1.899730906929765,0.8718990557068852,-6.186473019343406,0
M02,2013-05-23,No feedback,0.9154523381214092,2.0144854167997215,1.099033078678312,-6.396112387520784,0
M02,2013-05-23,Previous-day persistence,0.7912308766280781,1.0578921709895213,0.26666129436144304,-6.5206122136198,0
M02,2013-05-23,ECF,0.9980281025042834,2.263489757452028,1.265461654947745,-6.313951331196686,8
M02,2013-05-23,Equal-total control,0.9154509792602012,2.014485084726406,1.0990341054662047,-6.396113744957231,0
M02,2013-05-24,No feedback,1.294578206415875,2.027070112576434,0.732491906160559,-5.518960265488256,0
M02,2013-05-24,Previous-day persistence,0.9666074156249421,1.0632607532155118,0.09665333759056963,-5.847835371214206,0
M02,2013-05-24,ECF,1.294578206415875,2.0270170091212663,0.7324388027053909,-5.518960265485412,3
M02,2013-05-24,Equal-total control,1.2945774366918226,2.0270693178212116,0.732491881129389,-5.518961033507233,0
M02,2013-05-25,No feedback,1.2202347578924182,1.8618506747730672,0.641615916880649,-5.425313061356061,0
M02,2013-05-25,Previous-day persistence,1.1480086856248792,1.2023062101973256,0.05429752457244652,-5.498326629328706,0
M02,2013-05-25,ECF,1.2202347578924182,1.8618506747730672,0.641615916880649,-5.425313061355055,0
M02,2013-05-25,Equal-total control,1.2202347578924182,1.8618506747730672,0.641615916880649,-5.425313061353051,0
M02,2013-05-26,No feedback,1.4269729281689445,2.0206911087924175,0.5937181806234733,-5.344464098646157,0
M02,2013-05-26,Previous-day persistence,1.4904240282370913,1.5090183827548307,0.018594354517739397,-5.282016318854625,0
M02,2013-05-26,ECF,1.4262441189551023,2.019957706667293,0.5937135877121908,-5.3451897342167785,1
M02,2013-05-26,Equal-total control,1.4269866393910409,2.020705119814932,0.5937184804238914,-5.344450445829379,0
M02,2013-05-27,No feedback,1.1892533079659224,1.890161307285381,0.7009079993194586,-5.815529720761877,0
M02,2013-05-27,Previous-day persistence,1.1644554289980225,1.367384697819642,0.20292926882161963,-5.840682941593005,0
M02,2013-05-27,ECF,1.2619188925916558,1.9984856169399874,0.7365667243483314,-5.743209159906737,4
M02,2013-05-27,Equal-total control,1.1892546695479964,1.8901672457638936,0.7009125762158972,-5.815528364702939,0
M02,2013-05-28,No feedback,1.4604278826617183,2.22290292466738,0.7624750420056614,-5.050556410469344,0
M02,2013-05-28,Previous-day persistence,1.3822594018834389,1.614961944639346,0.23270254275590685,-5.129972865866099,0
M02,2013-05-28,ECF,1.4604815272260767,2.2229767886495555,0.7624952614234783,-5.0505005252908965,4
M02,2013-05-28,Equal-total control,1.460409407337322,2.222883941417236,0.7624745340799143,-5.050574772389178,0
M02,2013-05-29,No feedback,1.2463378933565137,1.9355700238018239,0.6892321304453106,-4.8449988781828015,0
M02,2013-05-29,Previous-day persistence,1.1270666628403094,1.2003417843511939,0.07327512151088461,-4.964650921436083,0
M02,2013-05-29,ECF,1.245934283990998,1.9327082005630034,0.6867739165720055,-4.845401818603788,2
M02,2013-05-29,Equal-total control,1.2463314713912326,1.935563247848822,0.6892317764575895,-4.845005270763127,0
M02,2013-05-30,No feedback,1.3424635548355568,1.934336516389926,0.5918729615543692,-4.687566628628953,0
M02,2013-05-30,Previous-day persistence,1.2736500762587588,1.3005170873837066,0.026867011124947816,-4.756808913424557,0
M02,2013-05-30,ECF,1.3424884707573947,1.9328077542187045,0.59031928346131,-4.687541832475361,3
M02,2013-05-30,Equal-total control,1.3424737022766464,1.9343468646843291,0.5918731624076827,-4.68755652991206,0
M02,2013-05-31,No feedback,1.3130581123067953,1.945200360165654,0.6321422478588585,-4.451972952443147,0
M02,2013-05-31,Previous-day persistence,1.269826826982599,1.306436044875253,0.03660921789265426,-4.495388678618888,0
M02,2013-05-31,ECF,1.3130581123067953,1.945200360165654,0.6321422478588585,-4.451972952443147,1
M02,2013-05-31,Equal-total control,1.3130581123067953,1.945200360165654,0.6321422478588585,-4.451972952444273,0
M02,2013-06-01,No feedback,1.0349614950047867,1.8897833760587817,0.8548218810539949,-5.285754823304123,0
M02,2013-06-01,Previous-day persistence,1.0128273903739422,1.317503241935985,0.3046758515620427,-5.308141382234538,0
M02,2013-06-01,ECF,1.076777413972962,1.916533410623986,0.839755996651024,-5.244156203075215,9
M02,2013-06-01,Equal-total control,1.0349393635148352,1.889763480210982,0.8548241166961466,-5.285776859291001,0
M02,2013-06-02,No feedback,0.5168758290855635,2.1187230208070575,1.601847191721494,-7.586219453332737,0
M02,2013-06-02,Previous-day persistence,0.26077541342325583,1.2006308054718093,0.9398553920485535,-7.84236807405649,0
M02,2013-06-02,ECF,0.5876958172570104,2.2440562101214403,1.65636039286443,-7.515716810959182,8
M02,2013-06-02,Equal-total control,0.5168752035409548,2.1187261538469104,1.6018509503059557,-7.586220077086756,0
M02,2013-06-03,No feedback,1.4078357822299195,2.1114066275143912,0.7035708452844714,-5.6464502012462745,0
M02,2013-06-03,Previous-day persistence,0.6350098703560436,0.6852885739049774,0.050278703548933726,-6.4194599899832525,0
M02,2013-06-03,ECF,1.4078357822299195,2.1114066275143912,0.7035708452844714,-5.646450201247751,2
M02,2013-06-03,Equal-total control,1.4078357822299195,2.1114066275143912,0.7035708452844714,-5.646450201247566,0
M02,2013-06-04,No feedback,1.5246227883662244,2.168476282085401,0.6438534937191766,-5.285356796436906,0
M02,2013-06-04,Previous-day persistence,1.7800632556529226,1.8381474822300146,0.058084226577091856,-5.032588907800415,0
M02,2013-06-04,ECF,1.5235234664505448,2.167616047969881,0.6440925815193366,-5.2864602480094405,5
M02,2013-06-04,Equal-total control,1.5246361407626285,2.1684902603707323,0.6438541196081032,-5.2853435083621605,0
M02,2013-06-05,No feedback,1.2944639223332621,2.0210159816122832,0.726552059279021,-5.629172593446674,0
M02,2013-06-05,Previous-day persistence,1.2264577264588579,1.3878292991722003,0.16137157271334227,-5.697299650805816,0
M02,2013-06-05,ECF,1.2933920274112574,2.0152500711200902,0.7218580437088327,-5.630240005567777,7
M02,2013-06-05,Equal-total control,1.2944712905099893,2.0210237206485897,0.7265524301386006,-5.629165248027231,0
M02,2013-06-06,No feedback,1.0972680681719627,1.9762701449968028,0.8790020768248401,-5.551572555945004,0
M02,2013-06-06,Previous-day persistence,1.0576905123445184,1.2568657367584257,0.19917522441390714,-5.591318352777795,0
M02,2013-06-06,ECF,1.0971438431665814,1.9729161174799639,0.8757722743133824,-5.5516963443284695,3
M02,2013-06-06,Equal-total control,1.097252158584666,1.9762528933624146,0.8790007347777482,-5.551588398852531,0
M02,2013-06-07,No feedback,1.1608875212626946,2.0292385298841467,0.868351008621452,-5.10175900035674,0
M02,2013-06-07,Previous-day persistence,1.0805909876472686,1.3097997856233294,0.22920879797606064,-5.1825827110804665,0
M02,2013-06-07,ECF,1.1673875613861457,2.0368207814284425,0.8694332200422965,-5.095272430065465,3
M02,2013-06-07,Equal-total control,1.1608950925237207,2.029252062531359,0.8683569700076381,-5.101751453840969,0
M02,2013-06-08,No feedback,1.1604550271437404,1.9957634271490665,0.8353084000053261,-5.464914499531458,0
M02,2013-06-08,Previous-day persistence,0.9932974693710295,1.1200016833181055,0.12670421394707607,-5.632398130031426,0
M02,2013-06-08,ECF,1.1576207302758232,1.9908239141071378,0.8332031838313143,-5.467740539055951,4
M02,2013-06-08,Equal-total control,1.1604676115067396,1.9957759685333334,0.8353083570265938,-5.464901955045324,0
M02,2013-06-09,No feedback,1.472152542807414,2.1620346409149294,0.6898820981075153,-5.132206451308975,0
M02,2013-06-09,Previous-day persistence,1.3631801637699887,1.4020938839540142,0.0389137201840256,-5.242522607649672,0
M02,2013-06-09,ECF,1.4720955658019166,2.1619739758558527,0.6898784100539357,-5.1322635589748735,3
M02,2013-06-09,Equal-total control,1.4721535624801616,2.162035689604543,0.6898821271243815,-5.132205435502967,0
M02,2013-06-10,No feedback,1.137673528745556,2.0255210641703374,0.8878475354247815,-6.08935105352259,0
M02,2013-06-10,Previous-day persistence,1.1100785805212232,1.3269897171548124,0.21691113663358913,-6.1173175476785735,0
M02,2013-06-10,ECF,1.1369249693158747,2.0127832114295314,0.8758582421136564,-6.090101325395532,8
M02,2013-06-10,Equal-total control,1.1376802749071984,2.0255294663979746,0.8878491914907762,-6.089344338589386,0
M02,2013-06-11,No feedback,1.3166429621005271,1.971561569832535,0.6549186077320079,-5.163591415287503,0
M02,2013-06-11,Previous-day persistence,1.0602039725876806,1.0871620196168346,0.0269580470291541,-5.419959758620682,0
M02,2013-06-11,ECF,1.3166429621005271,1.971561569832535,0.6549186077320079,-5.163591415288859,1
M02,2013-06-11,Equal-total control,1.3166429621005271,1.971561569832535,0.6549186077320079,-5.16359141528588,0
M02,2013-06-12,No feedback,0.7903062869431078,1.8769835446771588,1.0866772577340509,-6.66799978537166,0
M02,2013-06-12,Previous-day persistence,0.7139334478051834,1.2498401391026497,0.5359066912974664,-6.74454085814435,0
M02,2013-06-12,ECF,0.9049653883571211,2.0231581374218717,1.1181927490647505,-6.553891826900149,7
M02,2013-06-12,Equal-total control,0.7903148819895195,1.8769980274983966,1.0866831455088772,-6.667991225534737,0
M02,2013-06-13,No feedback,1.3567013915068356,2.0945436892459504,0.7378422977391144,-5.437769959853237,0
M02,2013-06-13,Previous-day persistence,0.9493098865865921,1.0924159915044651,0.143106104917873,-5.84540433466232,0
M02,2013-06-13,ECF,1.3567013915068356,2.0945436892459504,0.7378422977391144,-5.437769959849993,1
M02,2013-06-13,Equal-total control,1.3567013915068356,2.0945436892459504,0.7378422977391144,-5.437769959850406,0
M02,2013-06-14,No feedback,1.2335944309840177,1.8950025084536963,0.6614080774696787,-5.696238793670954,0
M02,2013-06-14,Previous-day persistence,1.1601551856025267,1.1957609812642014,0.03560579566167463,-5.769874284481995,0
M02,2013-06-14,ECF,1.2335715045772342,1.8949605552401538,0.6613890506629196,-5.696261704833599,3
M02,2013-06-14,Equal-total control,1.2335896460388196,1.894997608349919,0.6614079623110992,-5.69624355603453,0
M02,2013-06-15,No feedback,1.19093666148183,1.9406151099762643,0.7496784484944341,-5.953555169259011,0
M02,2013-06-15,Previous-day persistence,1.1669309871252769,1.3414185844904634,0.1744875973651865,-5.978153152374323,0
M02,2013-06-15,ECF,1.1875591856806682,1.9355121918486156,0.7479530061679474,-5.956918951005023,3
M02,2013-06-15,Equal-total control,1.1909379334251067,1.9406143163953788,0.7496763829702724,-5.953553886949656,0
M02,2013-06-16,No feedback,1.3136877819469597,2.0102822083531917,0.6965944264062321,-6.200024018896285,0
M02,2013-06-16,Previous-day persistence,1.1762231258830962,1.2182594878628141,0.04203636197971806,-6.337870034668336,0
M02,2013-06-16,ECF,1.3127257563273291,2.009313995825968,0.6965882394986387,-6.20098266349753,2
M02,2013-06-16,Equal-total control,1.3136939462722332,2.0102888957434146,0.6965949494711818,-6.200017879207761,0
M02,2013-06-17,No feedback,1.4236799326954968,2.0938899566527684,0.6702100239572715,-6.206557546775222,0
M02,2013-06-17,Previous-day persistence,1.4256042981613017,1.5018492414231788,0.07624494326187689,-6.205487512400802,0
M02,2013-06-17,ECF,1.4237042120905534,2.093151149099609,0.6694469370090557,-6.206533393450298,4
M02,2013-06-17,Equal-total control,1.4236942715189518,2.09390462822023,0.6702103567012779,-6.206543290059203,0
M02,2013-06-18,No feedback,1.252789563756618,1.9028151535486504,0.6500255897920324,-6.501651868611346,0
M02,2013-06-18,Previous-day persistence,1.2447278448794181,1.302232740251775,0.057504895372356785,-6.510624237958561,0
M02,2013-06-18,ECF,1.252789563756618,1.9028151535486504,0.6500255897920324,-6.501651868606701,1
M02,2013-06-18,Equal-total control,1.252789563756618,1.9028151535486504,0.6500255897920324,-6.501651868610884,0
M02,2013-06-19,No feedback,1.2348274664316128,1.9628206869509843,0.7279932205193715,-6.843042956337453,0
M02,2013-06-19,Previous-day persistence,1.1720839940706265,1.3152588300584869,0.14317483598786032,-6.9061752701142005,0
M02,2013-06-19,ECF,1.232024938554367,1.951097149884371,0.7190722113300041,-6.845838080026109,6
M02,2013-06-19,Equal-total control,1.2348244822957941,1.962817991558712,0.727993509262918,-6.8430459326734265,0
M02,2013-06-23,No feedback,0.7866460673622844,1.8328652941244195,1.046219226762135,-8.54212377332937,0
M02,2013-06-23,Previous-day persistence,0.6884614693291635,1.0307656551359006,0.34230418580673716,-8.640703164224362,0
M02,2013-06-23,ECF,0.7961726670353225,1.9495960508003152,1.1534233837649925,-8.532650179355011,7
M02,2013-06-23,Equal-total control,0.7866429151839067,1.8328644964726029,1.0462215812886964,-8.542126917984389,0
M02,2013-06-24,No feedback,1.1275426201366656,1.9855436065500736,0.8580009864134083,-7.248027920488358,0
M02,2013-06-24,Previous-day persistence,0.772524539294048,0.8726987055778404,0.10017416628379242,-7.603140835621415,0
M02,2013-06-24,ECF,1.158099907190611,2.0264904777089066,0.8683905705182955,-7.217540678758102,4
M02,2013-06-24,Equal-total control,1.1275547964495443,1.9855580198003375,0.8580032233507934,-7.2480157793394895,0
M02,2013-06-25,No feedback,1.0143664559554992,1.8630828583759476,0.8487164024204483,-7.665124614144862,0
M02,2013-06-25,Previous-day persistence,0.8359792708002973,0.9121337942690989,0.07615452346880153,-7.844110317461321,0
M02,2013-06-25,ECF,1.014174725869213,1.8628911282896616,0.8487164024204483,-7.665316158138417,2
M02,2013-06-25,Equal-total control,1.014356042108272,1.8630714016387206,0.8487153595304485,-7.665134996580581,0
M02,2013-06-26,No feedback,1.185440503534914,1.9144645074384097,0.7290240039034956,-6.383894857882515,0
M02,2013-06-26,Previous-day persistence,1.090659539698922,1.2937077032472957,0.20304816354837352,-6.480389367164294,0
M02,2013-06-26,ECF,1.1852676685407302,1.9136870457537865,0.7284193772130559,-6.384069786831545,2
M02,2013-06-26,Equal-total control,1.1854370134262877,1.9144608741820808,0.7290238607557931,-6.383898324835034,0
M02,2013-06-27,No feedback,1.2619862962474375,2.1761834228022456,0.9141971265548081,-6.320452522396972,0
M02,2013-06-27,Previous-day persistence,1.273422175903318,1.5489031954787793,0.27548101957546145,-6.3104054431934715,0
M02,2013-06-27,ECF,1.2741337069331649,2.178108078292379,0.9039743713592141,-6.308305458959127,5
M02,2013-06-27,Equal-total control,1.2619803668821992,2.1761741948846596,0.9141938280024606,-6.320458423750423,0
M03,2013-01-02,No feedback,3.4426796195341907,3.9257744262779894,0.4830948067437991,-1.3890798963563604,0
M03,2013-01-02,Previous-day persistence,3.229478851167093,3.6020052624950116,0.37252641132791864,-1.6010699610414523,0
M03,2013-01-02,ECF,3.5180635485961673,4.037154832342715,0.5190912837465473,-1.314381036963361,7
M03,2013-01-02,Equal-total control,3.4426921416033913,3.9257905869062535,0.48309844530286217,-1.38906751387569,0
M03,2013-01-03,No feedback,3.7684253396031764,3.9299546581141263,0.16152931851094998,-0.7071183768144366,0
M03,2013-01-03,Previous-day persistence,2.9553256390265945,3.019322078131448,0.06399643910485317,-1.5155607890726093,0
M03,2013-01-03,ECF,3.8287445191791956,3.9625444640753473,0.13379994489615116,-0.647443880230628,16
M03,2013-01-03,Equal-total control,3.768458178230965,3.9299879337494685,0.16152975551850401,-0.7070858688377915,0
M03,2013-01-04,No feedback,3.9289413490511644,4.143449610710248,0.21450826165908377,-1.1665099223900417,0
M03,2013-01-04,Previous-day persistence,3.692642888230111,3.8520113096635455,0.15936842143343435,-1.4019671189682357,0
M03,2013-01-04,ECF,3.995609629542742,4.182594754628263,0.18698512508552118,-1.1006537815682227,18
M03,2013-01-04,Equal-total control,3.928917327964757,4.143425428860423,0.21450810089566674,-1.1665337158625837,0
M03,2013-01-05,No feedback,4.036527149343117,4.170308919885661,0.13378177054254453,-2.082874997605693,0
M03,2013-01-05,Previous-day persistence,3.6921104690431497,3.7326154963997773,0.04050502735662774,-2.425297757532741,0
M03,2013-01-05,ECF,4.068339119279986,4.1854645653437235,0.11712544606373737,-2.051457800651803,16
M03,2013-01-05,Equal-total control,4.036552541919242,4.170334551432475,0.1337820095132327,-2.0828498786964205,0
M03,2013-01-06,No feedback,4.043257652147174,4.161337004465949,0.11807935231877477,-1.919820548532528,0
M03,2013-01-06,Previous-day persistence,3.7110951104283503,3.737805573037728,0.026710462609378385,-2.2502731231894932,0
M03,2013-01-06,ECF,4.104762980856258,4.202555212587421,0.09779223173116403,-1.8589082969932724,16
M03,2013-01-06,Equal-total control,4.043281880563612,4.161361523000112,0.11807964243650029,-1.9197966529215313,0
M03,2013-01-07,No feedback,3.791312226569071,3.975128661578319,0.18381643500924794,-1.641792934666248,0
M03,2013-01-07,Previous-day persistence,3.4274647085191923,3.5270850148750004,0.09962030635580837,-2.003497802073419,0
M03,2013-01-07,ECF,3.8638422507291685,4.038779312876904,0.1749370621477352,-1.5699553545837033,18
M03,2013-01-07,Equal-total control,3.7913007198568907,3.975116982620526,0.18381626276363533,-1.6418043360838437,0
M03,2013-01-08,No feedback,3.674238928466312,3.966167691134142,0.29192876266783024,-6.4122206759958855,0
M03,2013-01-08,Previous-day persistence,3.5467388242999522,3.741634992776545,0.1948961684765928,-6.540188664293805,0
M03,2013-01-08,ECF,3.7410195840364038,4.011769364365655,0.27074978032925145,-6.345891079205745,17
M03,2013-01-08,Equal-total control,3.674155264846526,3.9653149104668053,0.2911596456202795,-6.412303738385127,0
M03,2013-01-12,No feedback,3.71055260722968,4.186395458473967,0.47584285124428666,-3.364659450148836,0
M03,2013-01-12,Previous-day persistence,3.3809671688284633,3.7258672698452115,0.34490010101674834,-3.6929853182829246,0
M03,2013-01-12,ECF,3.6947563245873916,4.1555398430668795,0.4607835184794881,-3.380363893796133,7
M03,2013-01-12,Equal-total control,3.710469063195693,4.185357573237752,0.4748885100420599,-3.36474294022497,0
M03,2013-01-13,No feedback,2.5669678755362533,3.7161515158708927,1.149183640334639,-2.701557022804469,0
M03,2013-01-13,Previous-day persistence,1.8650980992327661,2.716346601530664,0.8512485022978982,-3.4004180065114826,0
M03,2013-01-13,ECF,2.6619599259048004,3.929549828061087,1.2675899021562866,-2.607312278118212,9
M03,2013-01-13,Equal-total control,2.5669502909745407,3.709970306249672,1.1430200152751318,-2.701574461063318,0
M03,2013-01-14,No feedback,3.460161962965765,3.8982194197697413,0.43805745680397623,-1.0767544061192182,0
M03,2013-01-14,Previous-day persistence,2.1768154117946814,2.3963028483790696,0.21948743658438813,-2.3546635503682287,0
M03,2013-01-14,ECF,3.54327518549274,3.949406234102617,0.4061310486098774,-0.9945449722196719,17
M03,2013-01-14,Equal-total control,3.4600130904370148,3.8980586030176623,0.43804551258064756,-1.0769028078246756,0
M03,2013-01-15,No feedback,4.192003013041527,4.435079640848462,0.24307662780693484,-0.26446448333035627,0
M03,2013-01-15,Previous-day persistence,3.65074531603012,3.7537528669805442,0.103007550950424,-0.8024699362101353,0
M03,2013-01-15,ECF,4.217273029317422,4.4345235775744065,0.21725054825698528,-0.2394784039116686,15
M03,2013-01-15,Equal-total control,4.1920000490849905,4.435076750883678,0.24307670179868796,-0.264467419138057,0
M03,2013-01-16,No feedback,3.777028965596428,3.9743292183312895,0.1973002527348612,-1.2721311076180808,0
M03,2013-01-16,Previous-day persistence,3.317734963369255,3.430747662027268,0.11301269865801292,-1.7290967881178692,0
M03,2013-01-16,ECF,3.8271731521667514,4.000402891878641,0.17322973971188976,-1.2225828042050768,17
M03,2013-01-16,Equal-total control,3.777037049350155,3.9743374551150747,0.19730040576491964,-1.2721230798245364,0
M03,2013-01-17,No feedback,3.859609783345241,4.083268830160908,0.2236590468156675,-1.9900367082381358,0
M03,2013-01-17,Previous-day persistence,3.547914210421105,3.6999205776646145,0.15200636724350908,-2.300010613417795,0
M03,2013-01-17,ECF,3.912742327832879,4.118107272114878,0.20536494428199917,-1.937519737900993,13
M03,2013-01-17,Equal-total control,3.859609852997943,4.083268882246092,0.22365902924814898,-1.9900366570435362,0
M03,2013-01-18,No feedback,3.5023477681587147,4.018739022001352,0.5163912538426376,-5.8300380949782244,0
M03,2013-01-18,Previous-day persistence,3.341717928620132,3.737495294509072,0.3957773658889404,-5.9905106022639885,0
M03,2013-01-18,ECF,3.5930270474168498,4.060374329787658,0.4673472823708082,-5.740027473039734,19
M03,2013-01-18,Equal-total control,3.5023472035867123,4.01389295197023,0.5115457483835177,-5.83003891403529,0
M03,2013-01-19,No feedback,3.4625648796220476,4.273833568800818,0.8112686891787699,-1.5586392744137998,0
M03,2013-01-19,Previous-day persistence,3.111069834940159,3.65464437822659,0.5435745432864311,-1.9084377877683696,0
M03,2013-01-19,ECF,3.538192981635492,4.362330272945927,0.8241372913104352,-1.4837772827738553,11
M03,2013-01-19,Equal-total control,3.4624424182894304,4.258591969243364,0.796149550953933,-1.5587613122484738,0
M03,2013-01-20,No feedback,2.7908712013810892,4.210643615304156,1.419772413923067,-2.0594541337133756,0
M03,2013-01-20,Previous-day persistence,2.3405057393469266,3.3185515696598555,0.9780458303129289,-2.5081989563539078,0
M03,2013-01-20,ECF,2.788047785658306,4.131460669483532,1.3434128838252266,-2.0622649717404338,5
M03,2013-01-20,Equal-total control,2.790869213170578,4.210639647743825,1.4197704345732487,-2.059456090516801,0
M03,2013-01-21,No feedback,4.1207454511278225,4.393365420702166,0.27261996957434326,-0.6860702074609079,0
M03,2013-01-21,Previous-day persistence,3.054292520169231,3.10161314908014,0.047320628910909046,-1.747559446455279,0
M03,2013-01-21,ECF,4.157500237647014,4.4119800746208035,0.25447983697379034,-0.649847131839089,13
M03,2013-01-21,Equal-total control,4.120746869935958,4.393367003528125,0.27262013359216625,-0.6860688207871654,0
M03,2013-01-22,No feedback,3.443074202999087,4.2762833880423505,0.8332091850432635,-2.158636938281382,0
M03,2013-01-22,Previous-day persistence,3.0685281711328463,3.7757237046478718,0.7071955335150255,-2.5319762521673264,0
M03,2013-01-22,ECF,3.516890703939791,4.39503909269501,0.8781483887552192,-2.0854641385499337,16
M03,2013-01-22,Equal-total control,3.443016958849721,4.271623373060171,0.8286064142104506,-2.158694449409125,0
M03,2013-01-23,No feedback,3.3915347102490934,3.9764130655830625,0.5848783553339685,-1.3792363206447662,0
M03,2013-01-23,Previous-day persistence,2.899294695591294,3.228977293639006,0.32968259804771194,-1.869701265803964,0
M03,2013-01-23,ECF,3.3812301563244764,3.960129898664805,0.5788997423403289,-1.389470383522075,6
M03,2013-01-23,Equal-total control,3.3915226670890037,3.976401068182626,0.584878401093622,-1.379248229998938,0
M03,2013-01-24,No feedback,3.832866305773716,4.082428854355634,0.24956254858191848,-1.1243514208025673,0
M03,2013-01-24,Previous-day persistence,3.3020867641088696,3.4041820497988495,0.10209528568998007,-1.6548375308256627,0
M03,2013-01-24,ECF,3.9785933786828998,4.213722101504997,0.2351287228220973,-0.9802484044285337,14
M03,2013-01-24,Equal-total control,3.8322692293065597,4.081670214206169,0.24940098489960938,-1.1249441207298692,0
M03,2013-01-25,No feedback,3.802496521064632,3.9853999669559377,0.18290344589130506,-2.164272916737713,0
M03,2013-01-25,Previous-day persistence,3.2134375708482557,3.3155380861538823,0.10210051530562608,-2.74989452111581,0
M03,2013-01-25,ECF,3.851077220974757,4.021554522948308,0.17047730197355132,-2.116297590334618,11
M03,2013-01-25,Equal-total control,3.8025033611166634,3.9854068327447596,0.1829034716280962,-2.164266211267012,0
M03,2013-04-02,No feedback,3.4206139134238986,3.877054486387116,0.45644057296321794,-1.2930314687674744,0
M03,2013-04-02,Previous-day persistence,2.8397177769128787,2.90998555350623,0.0702677765933513,-1.8700053910982561,0
M03,2013-04-02,ECF,3.435575910200756,3.8884637576826675,0.45288784748191147,-1.2782554578625422,8
M03,2013-04-02,Equal-total control,3.420609671693535,3.8770494425641395,0.45643977087060483,-1.2930356931327434,0
M03,2013-04-03,No feedback,2.144690183564326,4.1721904191318835,2.0275002355675573,-2.9320667417558828,0
M03,2013-04-03,Previous-day persistence,1.9923166638271337,3.533463131550499,1.5411464677233655,-3.083285346359444,0
M03,2013-04-03,ECF,2.1543328433792643,4.077992259506954,1.923659416127689,-2.922522506676129,5
M03,2013-04-03,Equal-total control,2.1446959638695104,4.16888113648808,2.0241851726185693,-2.9320610236084708,0
M03,2013-04-04,No feedback,2.8011698172979065,3.8712180659987117,1.0700482487008052,-2.335616091861833,0
M03,2013-04-04,Previous-day persistence,1.7312694636452104,1.9514113556294073,0.22014189198419715,-3.400932388866057,0
M03,2013-04-04,ECF,2.773969207773908,3.7742338743219435,1.0002646665480353,-2.3627201376469293,12
M03,2013-04-04,Equal-total control,2.8011675937354337,3.87121716894117,1.0700495752057364,-2.3356182878042326,0
M03,2013-04-09,No feedback,2.941682564894415,4.039618381620678,1.0979358167262636,-2.049594334618313,0
M03,2013-04-09,Previous-day persistence,2.691997732500533,3.1973771906752892,0.5053794581747558,-2.298398416482058,0
M03,2013-04-09,ECF,3.0148475604839633,4.115350476951603,1.1005029164676396,-1.9771842646864328,8
M03,2013-04-09,Equal-total control,2.9416922870442526,4.0396275574878056,1.097935270443552,-2.049584760763872,0
M03,2013-04-10,No feedback,3.521940316519925,4.1653139166229955,0.6433736001030708,-1.385865717937009,0
M03,2013-04-10,Previous-day persistence,2.9085048509573483,2.96379514836482,0.05529029740747196,-1.9972796681820715,0
M03,2013-04-10,ECF,3.564340967815275,4.200491238527125,0.6361502707118492,-1.3439518798907337,8
M03,2013-04-10,Equal-total control,3.52193665440429,4.165310178991367,0.6433735245870764,-1.385869335360135,0
M03,2013-04-14,No feedback,3.7408408925521743,4.4933998355929266,0.7525589430407518,-1.2169246709718269,0
M03,2013-04-14,Previous-day persistence,3.3751334681829093,3.4271281099958646,0.05199464181295474,-1.579666050881357,0
M03,2013-04-14,ECF,3.7428279936528637,4.483752361183809,0.7409243675309453,-1.2150159111706673,11
M03,2013-04-14,Equal-total control,3.7408415901682224,4.49340059427862,0.752559004110399,-1.21692401461412,0
M03,2013-04-15,No feedback,3.331559411413825,4.186280239906455,0.8547208284926298,-1.6284833123919427,0
M03,2013-04-15,Previous-day persistence,3.0756688231934417,3.3741115888330535,0.29844276563961136,-1.8827596382885483,0
M03,2013-04-15,ECF,3.3164295275506896,4.157142564829554,0.8407130372788644,-1.643477342266114,7
M03,2013-04-15,Equal-total control,3.3315560110074482,4.186276988560997,0.8547209775535491,-1.6284867062102246,0
M03,2013-04-22,No feedback,2.913651605417277,4.135903478648751,1.2222518732314738,-2.538622162430408,0
M03,2013-04-22,Previous-day persistence,2.647299869125395,3.2061908553377156,0.5588909862123208,-2.8039963352706185,0
M03,2013-04-22,ECF,2.7875694879384816,3.9084819552498056,1.120912467311324,-2.6636783487663678,14
M03,2013-04-22,Equal-total control,2.9136591080811636,4.135910309605846,1.2222512015246825,-2.538614725219316,0
M03,2013-04-28,No feedback,3.534058570703351,4.387184984418424,0.8531264137150725,-1.703658155672845,0
M03,2013-04-28,Previous-day persistence,3.3235008529965597,3.3708187201531485,0.04731786715658837,-1.912631282869802,0
M03,2013-04-28,ECF,3.627905961024215,4.474892645291549,0.8469866842673337,-1.6108880741918208,10
M03,2013-04-28,Equal-total control,3.5340419087107664,4.387167964939828,0.8531260562290615,-1.7036746214376841,0
M03,2013-04-29,No feedback,3.5238370882603767,4.3346070331998785,0.8107699449395024,-1.5022304979285213,0
M03,2013-04-29,Previous-day persistence,3.3173813595898727,3.381285780218942,0.06390442062906926,-1.7073621092894178,0
M03,2013-04-29,ECF,3.5043979817853748,4.310276836278798,0.8058788544934238,-1.5214223308740842,9
M03,2013-04-29,Equal-total control,3.523838957079745,4.334609255763645,0.8107702986838998,-1.5022286581770152,0
M03,2013-04-30,No feedback,3.085813466762648,4.345232525664733,1.2594190589020848,-1.9577529290065159,0
M03,2013-04-30,Previous-day persistence,2.841275446379411,3.401419975646096,0.5601445292666853,-2.200889306707462,0
M03,2013-04-30,ECF,3.071598486321171,4.238877848750247,1.1672793624290765,-1.9721137975024465,9
M03,2013-04-30,Equal-total control,3.0858391133374976,4.345266164598427,1.2594270512609294,-1.9577276008089315,0
M03,2013-05-01,No feedback,3.032780397177979,4.062462541555415,1.0296821443774358,-2.0513549900088384,0
M03,2013-05-01,Previous-day persistence,2.5897741641479732,2.7371655347992094,0.1473913706512363,-2.492359286256088,0
M03,2013-05-01,ECF,3.0580733029069567,4.0494914875234,0.9914181846164429,-2.0264620718393798,13
M03,2013-05-01,Equal-total control,3.0327994861327277,4.0624824303105616,1.029682944177834,-2.0513361475579863,0
M03,2013-05-06,No feedback,3.327205409370833,4.192170843250575,0.864965433879742,-2.243579385863864,0
M03,2013-05-06,Previous-day persistence,2.8493582155358395,2.954646755337213,0.10528853980137312,-2.718202234548849,0
M03,2013-05-06,ECF,3.3354959957256876,4.19301644696051,0.8575204512348218,-2.2354076227907,7
M03,2013-05-06,Equal-total control,3.3272096660170427,4.1921765087525,0.8649668427354563,-2.2435751686034155,0
M03,2013-05-07,No feedback,3.062705997939518,4.1655776397176325,1.1028716417781137,-2.4545490855921455,0
M03,2013-05-07,Previous-day persistence,2.8619319815188504,3.248708825627529,0.38677684410867874,-2.6545902926582348,0
M03,2013-05-07,ECF,3.1144907914072544,4.212243535630257,1.097752744223003,-2.403346514444134,6
M03,2013-05-07,Equal-total control,3.0626878156758868,4.165563057595787,1.102875241919901,-2.4545670423699057,0
M03,2013-05-08,No feedback,3.3226421571720586,4.476819023734257,1.154176866562198,-2.0984244739057583,0
M03,2013-05-08,Previous-day persistence,2.9601393799011166,3.2728187607564507,0.3126793808553345,-2.4595415036755375,0
M03,2013-05-08,ECF,3.3330449451655113,4.463282983080461,1.1302380379149497,-2.0881523136774844,7
M03,2013-05-08,Equal-total control,3.3226433678648353,4.476820099917589,1.1541767320527536,-2.098423267618553,0
M03,2013-05-09,No feedback,2.960220507969235,3.867892588928091,0.9076720809588559,-2.382987832515519,0
M03,2013-05-09,Previous-day persistence,2.4560786757351556,2.560117870748678,0.10403919501352236,-2.8847255683398685,0
M03,2013-05-09,ECF,3.0099963033479247,3.9057175103514723,0.8957212070035478,-2.333894542097379,9
M03,2013-05-09,Equal-total control,2.960211619775679,3.867884107772806,0.9076724879971269,-2.3829966602173998,0
M03,2013-05-10,No feedback,3.371776354240563,4.238147726947284,0.8663713727067205,-1.8614202150808357,0
M03,2013-05-10,Previous-day persistence,3.017981933576226,3.0579997192324537,0.0400177856562279,-2.2127099260251843,0
M03,2013-05-10,ECF,3.3687162709486134,4.225489167750707,0.8567728968020937,-1.8644427614500452,8
M03,2013-05-10,Equal-total control,3.371778979268714,4.238150184562698,0.866371205293984,-1.8614176554611561,0
M03,2013-05-11,No feedback,2.695445271482317,4.227976373565959,1.5325311020836423,-2.946420529767387,0
M03,2013-05-11,Previous-day persistence,2.4265718107860192,3.0821625987848993,0.65559078799888,-3.2137013446791918,0
M03,2013-05-11,ECF,3.0515266335979154,4.635289635662246,1.5837630020643303,-2.594205443761836,10
M03,2013-05-11,Equal-total control,2.6954610691382515,4.227998889258727,1.5325378201204742,-2.9464048672988365,0
M03,2013-05-12,No feedback,3.6055501461484183,4.787781849185435,1.1822317030370164,-1.9615941054088983,0
M03,2013-05-12,Previous-day persistence,2.9534168192653487,3.1815618180281193,0.2281449987627705,-2.6115585992318144,0
M03,2013-05-12,ECF,3.7383419583764868,4.9040656647086145,1.165723706332128,-1.8306471493694538,12
M03,2013-05-12,Equal-total control,3.605536808052367,4.787769022404068,1.1822322143517003,-1.9616072478680182,0
M03,2013-05-16,No feedback,3.1694531937656727,4.187093549829347,1.017640356063675,-2.7969506405305786,0
M03,2013-05-16,Previous-day persistence,2.898107346840588,2.9994168029489683,0.10130945610838059,-3.0672105093663946,0
M03,2013-05-16,ECF,3.2893259952128764,4.31610447127993,1.026778476067053,-2.6784772912523698,10
M03,2013-05-16,Equal-total control,3.1694622881172343,4.187102486308649,1.017640198191414,-2.7969416856044313,0
M03,2013-05-17,No feedback,3.4801678684848687,4.528362713649384,1.0481948451645144,-2.658183360463543,0
M03,2013-05-17,Previous-day persistence,3.4630236816344793,3.51689249592753,0.053868814293051,-2.6778200186269037,0
M03,2013-05-17,ECF,3.5816703410347315,4.593175269956742,1.0115049289220095,-2.5581087615803777,13
M03,2013-05-17,Equal-total control,3.480161926140668,4.528355871627278,1.0481939454866103,-2.658189224578604,0
M03,2013-05-18,No feedback,3.3814960373829526,4.321591177608925,0.940095140225973,-3.006465915579832,0
M03,2013-05-18,Previous-day persistence,3.025295802010309,3.0638862396786126,0.038590437668303654,-3.360099530612462,0
M03,2013-05-18,ECF,3.411530555828249,4.3086352887462365,0.8971047329179869,-2.9770186905159814,16
M03,2013-05-18,Equal-total control,3.381485901642713,4.321580383023474,0.9400944813807612,-3.006475929857972,0
M03,2013-05-19,No feedback,3.1177672341216156,4.0717175666944865,0.9539503325728713,-3.5244515680264645,0
M03,2013-05-19,Previous-day persistence,2.871149460766728,2.9532525522198476,0.08210309145311998,-3.77068787771052,0
M03,2013-05-19,ECF,3.1212465042000526,4.08249679160242,0.9612502874023672,-3.5211619880265164,16
M03,2013-05-19,Equal-total control,3.1177992804681463,4.071751303269847,0.9539520228017007,-3.5244198622125276,0
M03,2013-05-20,No feedback,3.1951904397331123,4.13623307394807,0.9410426342149572,-3.425676905660094,0
M03,2013-05-20,Previous-day persistence,2.856360921459842,2.9462921653412284,0.08993124388138632,-3.7625932430457842,0
M03,2013-05-20,ECF,3.2544808673500323,4.173298110900249,0.9188172435502171,-3.3670777593965013,13
M03,2013-05-20,Equal-total control,3.195184174445177,4.136226990612369,0.9410428161671918,-3.425683077398197,0
M03,2013-05-21,No feedback,3.202536384528785,4.221557762514035,1.0190213779852497,-3.03903465201953,0
M03,2013-05-21,Previous-day persistence,2.87656144344083,2.982862929451803,0.10630148601097282,-3.363673185192994,0
M03,2013-05-21,ECF,3.261511264360797,4.261412812680858,0.99990154832006,-2.9808018491168795,11
M03,2013-05-21,Equal-total control,3.202516365306474,4.221537286338881,1.0190209210324075,-3.039054415491686,0
M03,2013-05-22,No feedback,2.2689771382026196,4.563865859181548,2.2948887209789284,-4.9525853522901135,0
M03,2013-05-22,Previous-day persistence,2.128636059033225,3.516278123746578,1.3876420647133532,-5.092138210885658,0
M03,2013-05-22,ECF,2.256857846606101,4.516000909112542,2.2591430625064395,-4.964555127006215,6
M03,2013-05-22,Equal-total control,2.2689763833533125,4.56386330435895,2.2948869210056375,-4.952586093898183,0
M03,2013-05-23,No feedback,1.7634750841676659,4.129723077332443,2.3662479931647775,-5.5519386824265,0
M03,2013-05-23,Previous-day persistence,1.43356858142995,2.3034860778274946,0.8699174963975449,-5.881542071657222,0
M03,2013-05-23,ECF,1.7662089992848578,4.029797816905737,2.26358881762088,-5.5493323354936654,9
M03,2013-05-23,Equal-total control,1.7634733861952476,4.129719495321121,2.3662461091258735,-5.551940373545848,0
M03,2013-05-24,No feedback,2.883917492671019,4.283738396349377,1.3998209036783582,-3.939871653426304,0
M03,2013-05-24,Previous-day persistence,1.750664354442539,1.9291319896176224,0.17846763517508327,-5.067953973878509,0
M03,2013-05-24,ECF,3.0131056665707834,4.3549965990762605,1.341890932505477,-3.8122775984860273,14
M03,2013-05-24,Equal-total control,2.8839143350663,4.283733741816216,1.3998194067499166,-3.939874771735025,0
M03,2013-05-25,No feedback,3.1301020946297466,4.346992130746811,1.2168900361170638,-3.5278117890348404,0
M03,2013-05-25,Previous-day persistence,2.846765822334513,3.040097418219038,0.19333159588452514,-3.8113988246762878,0
M03,2013-05-25,ECF,3.307475588255154,4.558487623486359,1.2510120352312049,-3.3522930222839866,14
M03,2013-05-25,Equal-total control,3.130095485674665,4.346984280081058,1.2168887944063926,-3.5278182932318622,0
M03,2013-05-26,No feedback,3.2285849465066954,4.282741859724103,1.0541569132174073,-3.554236157838312,0
M03,2013-05-26,Previous-day persistence,2.8844511769603907,2.935717119709025,0.05126594274863372,-3.8970812605021163,0
M03,2013-05-26,ECF,3.3089439213182352,4.330586939954081,1.0216430186358456,-3.4750365211235352,15
M03,2013-05-26,Equal-total control,3.2285953026993592,4.282753082105686,1.0541577794063266,-3.5542259266543157,0
M03,2013-05-27,No feedback,2.5545828311084526,4.331477743103103,1.7768949119946504,-4.4572560040330265,0
M03,2013-05-27,Previous-day persistence,2.252101978362708,3.1762832411369217,0.9241812627742139,-4.758009339839644,0
M03,2013-05-27,ECF,2.6248725973713083,4.294358153161699,1.669485555790391,-4.387736200436565,11
M03,2013-05-27,Equal-total control,2.554605082719903,4.331507677761907,1.7769025950420043,-4.4572339912072,0
M03,2013-05-28,No feedback,2.6903903125932915,4.350396452683437,1.6600061400901454,-3.8295719408989717,0
M03,2013-05-28,Previous-day persistence,2.3479715088354247,2.799328288111854,0.45135677927642925,-4.172600424997995,0
M03,2013-05-28,ECF,2.8281832748471256,4.4358796409763,1.6076963661291748,-3.693349635258719,10
M03,2013-05-28,Equal-total control,2.69037173246344,4.350370965998927,1.6599992335354874,-3.8295903063794055,0
M03,2013-05-29,No feedback,2.985966167780763,4.261147288876823,1.2751811210960597,-3.1171602918329335,0
M03,2013-05-29,Previous-day persistence,2.7414382857761463,2.9375542766805998,0.19611599090445359,-3.362302258993908,0
M03,2013-05-29,ECF,3.2888906107574964,4.52918452884599,1.2402939180884935,-2.8180004081149015,11
M03,2013-05-29,Equal-total control,2.9859638489673443,4.261142467307379,1.2751786183400342,-3.117162592870116,0
M03,2013-05-30,No feedback,3.3636152920932574,4.416962713417355,1.0533474213240979,-2.681753121184049,0
M03,2013-05-30,Previous-day persistence,3.3208172286753035,3.3880118483903896,0.06719461971508622,-2.726923597968815,0
M03,2013-05-30,ECF,3.5168288719830167,4.560938301126747,1.0441094291437296,-2.5304301336741744,10
M03,2013-05-30,Equal-total control,3.3636064158545222,4.41695348876331,1.0533470729087884,-2.681761887751021,0
M03,2013-05-31,No feedback,3.1419095057728317,4.234870067043488,1.0929605612706572,-2.636116062760786,0
M03,2013-05-31,Previous-day persistence,2.887860845264518,2.9739960822646165,0.08613523700009895,-2.889057513365331,0
M03,2013-05-31,ECF,3.1935701029573185,4.264512738442107,1.0709426354847897,-2.585078853013664,13
M03,2013-05-31,Equal-total control,3.141906006369828,4.2348665082847825,1.092960501914955,-2.636119537792355,0
M03,2013-06-01,No feedback,2.552732812195731,4.2534725522620676,1.700739740066337,-3.777740054624595,0
M03,2013-06-01,Previous-day persistence,2.3681433274775334,2.999739010256662,0.6315956827791288,-3.961344280153031,0
M03,2013-06-01,ECF,2.573895829646079,4.305756914611072,1.7318610849649931,-3.756745978197502,6
M03,2013-06-01,Equal-total control,2.552715385908378,4.25344787447919,1.7007324885708117,-3.7777572604468794,0
M03,2013-06-02,No feedback,0.8186907887774452,4.163873316936217,3.345182528158772,-7.285986412252595,0
M03,2013-06-02,Previous-day persistence,0.44525939156736094,2.472649221138901,2.02738982957154,-7.659046813383052,0
M03,2013-06-02,ECF,0.8186927336180632,4.163729627438386,3.345036893820322,-7.285984480001899,1
M03,2013-06-02,Equal-total control,0.8186921946005922,4.1638769930254504,3.3451847984248584,-7.285985015535031,0
M03,2013-06-03,No feedback,2.907200910684372,4.133916390766924,1.2267154800825515,-4.156381775622661,0
M03,2013-06-03,Previous-day persistence,0.8691770955256614,0.9355731218042578,0.06639602627859631,-6.186385687904787,0
M03,2013-06-03,ECF,3.036697017018198,4.223788635807033,1.1870916187888338,-4.028314955405536,13
M03,2013-06-03,Equal-total control,2.907204842013664,4.133920274122163,1.2267154321085,-4.156377896236666,0
M03,2013-06-04,No feedback,2.9705593781461923,4.160718177284036,1.1901587991378433,-3.850280282340306,0
M03,2013-06-04,Previous-day persistence,2.692009015753131,2.821254631026524,0.12924561527339307,-4.1279481987454,0
M03,2013-06-04,ECF,3.0386609387374803,4.205013422293987,1.1663524835565067,-3.7830339178668124,12
M03,2013-06-04,Equal-total control,2.9705648059457754,4.160721845429293,1.1901570394835188,-3.850274905236689,0
M03,2013-06-05,No feedback,2.8401337802438102,4.36712454659278,1.5269907663489706,-4.094014938873092,0
M03,2013-06-05,Previous-day persistence,2.516488566616709,3.0182609979640387,0.5017724313473295,-4.416069694316694,0
M03,2013-06-05,ECF,2.892428361672632,4.23419288451772,1.3417645228450883,-4.042401459006476,13
M03,2013-06-05,Equal-total control,2.840123633717882,4.367122687272484,1.5269990535546027,-4.094024968376268,0
M03,2013-06-06,No feedback,2.526404410806672,4.294245179066168,1.767840768259496,-4.133112225829743,0
M03,2013-06-06,Previous-day persistence,2.373089072305154,3.0653695104773493,0.6922804381721952,-4.285996990918512,0
M03,2013-06-06,ECF,2.639025192824697,4.394791324759018,1.7557661319343203,-4.022054850370105,8
M03,2013-06-06,Equal-total control,2.5263971197472808,4.294235848943866,1.7678387291965847,-4.133119415287754,0
M03,2013-06-07,No feedback,2.306429107626087,4.359176110749946,2.0527470031238577,-3.9647813995161503,0
M03,2013-06-07,Previous-day persistence,1.9720456765026484,2.948197424781166,0.976151748278518,-4.2985883567174366,0
M03,2013-06-07,ECF,2.370726563045906,4.412516901403724,2.041790338357818,-3.9013257705573756,9
M03,2013-06-07,Equal-total control,2.3064196125423573,4.359168008230066,2.052748395687709,-3.964790785079518,0
M03,2013-06-08,No feedback,2.545375567779989,4.3502271969840045,1.8048516292040155,-4.088758030236524,0
M03,2013-06-08,Previous-day persistence,1.9733152922679684,2.4631293165355905,0.48981402426762194,-4.65891264057207,0
M03,2013-06-08,ECF,2.623871156736784,4.399387795319694,1.7755166385829093,-4.011168241558097,7
M03,2013-06-08,Equal-total control,2.5453714526695137,4.350221560847158,1.8048501081776447,-4.088762098285342,0
M03,2013-06-09,No feedback,3.021499459704237,4.123934508217222,1.1024350485129855,-3.591978715703073,0
M03,2013-06-09,Previous-day persistence,2.429163140336484,2.510958708505259,0.08179556816877474,-4.18278231356265,0
M03,2013-06-09,ECF,3.100866346254583,4.182455512252622,1.0815891659980394,-3.51355270703343,9
M03,2013-06-09,Equal-total control,3.021514443493282,4.123950628139134,1.1024361846458526,-3.591963902069281,0
M03,2013-06-10,No feedback,2.674479364238338,4.144081961751926,1.469602597513589,-4.562928396922626,0
M03,2013-06-10,Previous-day persistence,2.494761403979861,2.8707719196930004,0.3760105157131394,-4.741928273297593,0
M03,2013-06-10,ECF,2.725914911250742,4.286170666440038,1.5602557551892957,-4.512004909798928,6
M03,2013-06-10,Equal-total control,2.674459624237816,4.144056849135895,1.4695972248980786,-4.5629478885160974,0
M03,2013-06-11,No feedback,2.988346067777634,4.103482272638997,1.1151362048613627,-3.5035597031987558,0
M03,2013-06-11,Previous-day persistence,2.313843258935839,2.372124322777948,0.05828106384210902,-4.17556678102504,0
M03,2013-06-11,ECF,3.041497274585271,4.141483281340275,1.0999860067550045,-3.4510031277013993,10
M03,2013-06-11,Equal-total control,2.9883574063549583,4.103493180574563,1.1151357742196044,-3.503548509577616,0
M03,2013-06-12,No feedback,1.4469091070521534,4.189367299126862,2.742458192074708,-6.015119848782752,0
M03,2013-06-12,Previous-day persistence,1.3086702239810815,3.020846525164651,1.7121763011835696,-6.153347796584823,0
M03,2013-06-12,ECF,1.4607573061508041,4.1662410990816605,2.705483792930856,-6.001196912674996,5
M03,2013-06-12,Equal-total control,1.4469027469733584,4.189342547590708,2.7424398006173494,-6.015126162476556,0
M03,2013-06-13,No feedback,2.515158570651348,3.7889288854027896,1.2737703147514412,-4.285993411206147,0
M03,2013-06-13,Previous-day persistence,1.1706407711218527,1.3441821619881418,0.17354139086628892,-5.6253552699084235,0
M03,2013-06-13,ECF,2.7329586753695203,4.005950682150631,1.2729920067811114,-4.070167891108115,10
M03,2013-06-13,Equal-total control,2.515159996099403,3.788930804683552,1.2737708085841493,-4.2859920013007295,0
M03,2013-06-14,No feedback,3.116318495173043,4.273250998152433,1.1569325029793898,-3.826531275983231,0
M03,2013-06-14,Previous-day persistence,2.8585064450836986,2.9642855790979112,0.10577913401421295,-4.083412457177042,0
M03,2013-06-14,ECF,3.115576869804255,4.247567128149699,1.1319902583454444,-3.8273008851462573,11
M03,2013-06-14,Equal-total control,3.1163473643025124,4.273281560926991,1.1569341966244786,-3.8265027758052814,0
M03,2013-06-15,No feedback,2.754375900600694,4.288223319087793,1.5338474184870998,-4.400763636926136,0
M03,2013-06-15,Previous-day persistence,2.511417975502213,2.972060899728222,0.46064292422600916,-4.642923846557497,0
M03,2013-06-15,ECF,2.8094036574853876,4.380506752147285,1.5711030946618976,-4.3461754694586325,10
M03,2013-06-15,Equal-total control,2.7543916048877737,4.288243122962213,1.5338515180744388,-4.400748088168831,0
M03,2013-06-16,No feedback,3.1155624459878393,4.35755935788304,1.2419969118952006,-4.409662558489512,0
M03,2013-06-16,Previous-day persistence,2.8171131715713384,2.9200735443667396,0.10296037279540118,-4.708522419477347,0
M03,2013-06-16,ECF,3.2013972958890955,4.422554051871883,1.2211567559827867,-4.324830309438506,11
M03,2013-06-16,Equal-total control,3.1156002521485706,4.357598851020758,1.241998598872188,-4.4096251770985315,0
M03,2013-06-17,No feedback,2.937137380480978,4.187666667113465,1.2505292866324869,-4.704266906526328,0
M03,2013-06-17,Previous-day persistence,2.709759418925795,2.91271979106747,0.20296037214167484,-4.931847281277553,0
M03,2013-06-17,ECF,3.0472831025382123,4.3196297426744295,1.2723466401362173,-4.595153780015714,10
M03,2013-06-17,Equal-total control,2.9371519930130265,4.1876818870193375,1.2505298940063105,-4.70425247052572,0
M03,2013-06-18,No feedback,3.050012344981452,4.211402564298027,1.1613902193165746,-4.717429758555716,0
M03,2013-06-18,Previous-day persistence,2.8088677493548113,2.975553720510265,0.16668597115545408,-4.958531102025896,0
M03,2013-06-18,ECF,3.0711583235469635,4.210695969096487,1.1395376455495234,-4.696607591773184,12
M03,2013-06-18,Equal-total control,3.0500146377513566,4.211406708464727,1.16139207071337,-4.717427506739114,0
M03,2013-06-19,No feedback,2.7644220265500934,4.217621842496091,1.4531998159459982,-5.323138512437275,0
M03,2013-06-19,Previous-day persistence,2.4672239256995856,2.942745760160962,0.4755218344613761,-5.619031729720684,0
M03,2013-06-19,ECF,3.10252989412399,4.689011871119039,1.586481976995049,-4.988951430985806,13
M03,2013-06-19,Equal-total control,2.764421885443188,4.217619992189865,1.4531981067466773,-5.323138646928952,0
M03,2013-06-23,No feedback,1.732035018846818,3.752824578392898,2.0207895595460794,-7.601884337041453,0
M03,2013-06-23,Previous-day persistence,1.4655298291816283,2.2748041019064766,0.8092742727248483,-7.86827785930802,0
M03,2013-06-23,ECF,1.802404307739047,3.8724110807232353,2.070006772984188,-7.531952094946898,9
M03,2013-06-23,Equal-total control,1.7320328982572497,3.752827136825401,2.0207942385681514,-7.601886416477201,0
M03,2013-06-24,No feedback,2.4216256570372856,3.993720196550732,1.5720945395134462,-5.962020513384337,0
M03,2013-06-24,Previous-day persistence,1.807913378013693,2.0178712015174045,0.20995782350371167,-6.575423055528019,0
M03,2013-06-24,ECF,2.501170380310759,4.029002068707717,1.5278316883969585,-5.883418923666182,9
M03,2013-06-24,Equal-total control,2.4216231389575844,3.993713580281643,1.572090441324058,-5.962023009135175,0
M03,2013-06-25,No feedback,2.365750207118796,4.255037965353515,1.8892877582347187,-6.32134726242497,0
M03,2013-06-25,Previous-day persistence,1.9751871131440693,2.338754930452604,0.36356781730853466,-6.711226790969502,0
M03,2013-06-25,ECF,2.3650696851660493,4.253735103284866,1.8886654181188174,-6.322021388736019,4
M03,2013-06-25,Equal-total control,2.365741465197563,4.2550228983217275,1.8892814331241647,-6.321355893562606,0
M03,2013-06-26,No feedback,2.4016776526891226,3.82414528052107,1.4224676278319475,-5.175295062346412,0
M03,2013-06-26,Previous-day persistence,1.4434372789361474,1.727368213421699,0.28393093448555173,-6.129669585060184,0
M03,2013-06-26,ECF,2.4457473252986524,3.8741121289275497,1.4283648036288976,-5.131682494114108,5
M03,2013-06-26,Equal-total control,2.401680726317445,3.8241492450378205,1.4224685187203756,-5.175292022471091,0
M03,2013-06-27,No feedback,2.1458664899761355,4.269967328173539,2.124100838197404,-5.443977152882543,0
M03,2013-06-27,Previous-day persistence,1.9691054481218602,2.829016627750832,0.8599111796289718,-5.6208667295498485,0
M03,2013-06-27,ECF,2.14064928347248,4.1500493551395286,2.009400071667048,-5.449250683452038,7
M03,2013-06-27,Equal-total control,2.1458597758337454,4.269958409897657,2.1240986340639116,-5.44398380515044,0
M04,2013-01-02,No feedback,4.343456375736353,5.256242115769088,0.9127857400327355,-0.4997373108728211,0
M04,2013-01-02,Previous-day persistence,3.979628415827269,4.730173299301053,0.7505448834737836,-0.8596686385046051,0
M04,2013-01-02,ECF,4.35307025484943,5.260007955801669,0.9069377009522388,-0.4902505794023331,2
M04,2013-01-02,Equal-total control,4.343410303969425,5.256194681768651,0.9127843777992264,-0.49978274303318665,0
M04,2013-01-03,No feedback,4.377361969408507,4.626835231073676,0.2494732616651682,-0.10599032778661403,0
M04,2013-01-03,Previous-day persistence,3.6794822629893553,3.8103264189274393,0.13084415593808396,-0.799616829199771,0
M04,2013-01-03,ECF,4.387153341156378,4.627235112283884,0.24008177112750603,-0.09624848275881802,3
M04,2013-01-03,Equal-total control,4.377373542633564,4.626847126760328,0.24947358412676326,-0.10597888654954052,0
M04,2013-01-04,No feedback,4.813669160421975,5.005660747517722,0.19199158709574693,-0.293076782423556,0
M04,2013-01-04,Previous-day persistence,4.4637744005286,4.558597776383159,0.09482337585455776,-0.6396270660730611,0
M04,2013-01-04,ECF,4.810586743689288,5.000242256476812,0.1896555127875248,-0.2961259179767174,4
M04,2013-01-04,Equal-total control,4.8136726391987334,5.005664319863881,0.19199168066514596,-0.2930733721464208,0
M04,2013-01-05,No feedback,4.950755948114627,5.109335753093799,0.15857980497917107,-1.1785879371988124,0
M04,2013-01-05,Previous-day persistence,4.828399984382838,4.87763913045961,0.04923914607677238,-1.3001741321979163,0
M04,2013-01-05,ECF,4.950755948114627,5.109335753093799,0.15857980497917107,-1.1785879371972343,1
M04,2013-01-05,Equal-total control,4.950755948114627,5.109335753093799,0.15857980497917107,-1.1785879371998331,0
M04,2013-01-06,No feedback,4.801473390939902,4.940276469769547,0.13880307882964452,-1.1697495651851537,0
M04,2013-01-06,Previous-day persistence,4.564530044435876,4.596304220670374,0.03177417623449885,-1.404476763570695,0
M04,2013-01-06,ECF,4.801162810083119,4.939965888912764,0.13880307882964452,-1.1700561557821982,2
M04,2013-01-06,Equal-total control,4.801474421609031,4.940277517233462,0.1388030956244321,-1.1697485270277754,0
M04,2013-01-07,No feedback,4.9170054201719555,5.161862976016125,0.2448575558441698,-0.5299735234058804,0
M04,2013-01-07,Previous-day persistence,4.746619103196748,4.882350563256291,0.13573146005954229,-0.699206229108657,0
M04,2013-01-07,ECF,4.9794736049341894,5.220697315766969,0.2412237108327805,-0.4683347569782869,4
M04,2013-01-07,Equal-total control,4.917020213361278,5.161877802178222,0.24485758881694364,-0.5299589129395054,0
M04,2013-01-08,No feedback,4.216697003538129,4.5659949140699645,0.34929791053183584,-5.8797677560843455,0
M04,2013-01-08,Previous-day persistence,3.8339988193386754,4.0625088801264155,0.2285100607877399,-6.260095999228266,0
M04,2013-01-08,ECF,4.223225673969219,4.56963273142915,0.34640705745993083,-5.873295508250429,5
M04,2013-01-08,Equal-total control,4.216699892987482,4.565999003050152,0.34929911006267017,-5.879764948675741,0
M04,2013-01-12,No feedback,4.5804021896929825,5.373459650347318,0.7930574606543352,-2.5020209649888487,0
M04,2013-01-12,Previous-day persistence,4.4196385652945755,5.015782089998956,0.5961435247043805,-2.6622154864861827,0
M04,2013-01-12,ECF,4.592576463017582,5.380789119359278,0.7882126563416957,-2.4900255443427923,6
M04,2013-01-12,Equal-total control,4.580396590475113,5.373454667657379,0.793058077182266,-2.502026488420365,0
M04,2013-01-13,No feedback,3.152970489842984,4.730489552330629,1.5775190624876456,-2.1232206237128564,0
M04,2013-01-13,Previous-day persistence,2.570724544821328,3.7613979575102876,1.1906734126889593,-2.702233356323341,0
M04,2013-01-13,ECF,3.1577069882882096,4.683356854629345,1.5256498663411346,-2.118595114118157,11
M04,2013-01-13,Equal-total control,3.152950607005809,4.724284785425235,1.5713341784194261,-2.123240248341297,0
M04,2013-01-14,No feedback,3.977575690731282,4.571317351665406,0.5937416609341242,-0.5676223849076295,0
M04,2013-01-14,Previous-day persistence,2.6996218369845266,2.9815881189259357,0.2819662819414088,-1.8389639450352058,0
M04,2013-01-14,ECF,3.9792682544419247,4.572663939824944,0.5933956853830191,-0.5659294753155522,2
M04,2013-01-14,Equal-total control,3.977565661400676,4.571306303646038,0.5937406422453624,-0.5676322828235374,0
M04,2013-01-15,No feedback,4.748472393069173,4.99854836501345,0.2500759719442767,0.2822218909814075,0
M04,2013-01-15,Previous-day persistence,4.028948575468579,4.120866062732182,0.09191748726360179,-0.4311315631835961,0
M04,2013-01-15,ECF,4.746126248681472,4.992496715497744,0.24637046681627173,0.2799090362935905,5
M04,2013-01-15,Equal-total control,4.7484760934647054,4.998552127847843,0.2500760343831375,0.28222554211821554,0
M04,2013-01-16,No feedback,4.747165404297407,5.084901936290221,0.3377365319928136,-0.31313732060528693,0
M04,2013-01-16,Previous-day persistence,4.423367845539932,4.641652149662816,0.2182843041228832,-0.634625732545547,0
M04,2013-01-16,ECF,4.747165404297407,5.084901936290221,0.3377365319928136,-0.31313732060651955,1
M04,2013-01-16,Equal-total control,4.747165404297407,5.084901936290221,0.3377365319928136,-0.31313732060663224,0
M04,2013-01-17,No feedback,5.076318156919639,5.380536685191263,0.3042185282716247,-0.7870145761308394,0
M04,2013-01-17,Previous-day persistence,4.8781499953586245,5.069701572191526,0.1915515768329018,-0.9838168421131825,0
M04,2013-01-17,ECF,5.076185110045787,5.37889350172944,0.3027083916836515,-0.7871456491801853,3
M04,2013-01-17,Equal-total control,5.07630413513312,5.380522476448842,0.30421834131572234,-0.7870283917068198,0
M04,2013-01-18,No feedback,4.356932465541981,5.161888315283452,0.8049558497414708,-4.9838068086490255,0
M04,2013-01-18,Previous-day persistence,4.219199443295481,4.887653012110235,0.6684535688147533,-5.120900190496489,0
M04,2013-01-18,ECF,4.365034270488112,5.168080293733681,0.8030460232455678,-4.975786526095292,4
M04,2013-01-18,Equal-total control,4.356925027578903,5.1618843131934025,0.8049592856144983,-4.983814194350148,0
M04,2013-01-19,No feedback,3.734376563249029,4.66927998873332,0.934903425484291,-1.2928695218467203,0
M04,2013-01-19,Previous-day persistence,3.4110987292810284,4.051378765371284,0.6402800360902571,-1.6136777813172047,0
M04,2013-01-19,ECF,3.785349377614053,4.754535083849856,0.9691857062358028,-1.2426154341155125,5
M04,2013-01-19,Equal-total control,3.734390563398387,4.6688144394464555,0.9344238760480688,-1.2928557356570272,0
M04,2013-01-20,No feedback,3.1094097812261605,4.7291190980259,1.6197093167997387,-1.745531207378044,0
M04,2013-01-20,Previous-day persistence,2.4349411911309238,3.2612766720525768,0.8263354809216532,-2.4155588452527925,0
M04,2013-01-20,ECF,3.1132814468473033,4.791305220785198,1.6780237739378934,-1.7418137642595062,9
M04,2013-01-20,Equal-total control,3.1094098802940335,4.72912347577656,1.6197135954825268,-1.7455311065943848,0
M04,2013-01-21,No feedback,4.533751507472049,4.866913062880416,0.33316155540836795,-0.28109795014294364,0
M04,2013-01-21,Previous-day persistence,2.92113567454774,2.9707016763756737,0.04956600182793357,-1.8810824904398225,0
M04,2013-01-21,ECF,4.533755751739203,4.86650218321196,0.33274643147275684,-0.28109386571253386,5
M04,2013-01-21,Equal-total control,4.533750002120833,4.866911362469501,0.3331613603486683,-0.28109943546320865,0
M04,2013-01-22,No feedback,3.454006658973519,4.725423857517294,1.271417198543775,-2.1483234313407182,0
M04,2013-01-22,Previous-day persistence,2.954129225606129,4.062066225252129,1.107936999646,-2.6449306849942658,0
M04,2013-01-22,ECF,3.4539709062008903,4.711309868157453,1.2573389619565631,-2.148361892907792,5
M04,2013-01-22,Equal-total control,3.453974803436172,4.716035921422925,1.2620611179867534,-2.1483553948564205,0
M04,2013-01-23,No feedback,3.9253288444091936,4.709996897873371,0.7846680534641766,-0.8534649184463005,0
M04,2013-01-23,Previous-day persistence,3.251376424755053,3.6801621904845367,0.42878576572948357,-1.5229857629623276,0
M04,2013-01-23,ECF,3.997851883864283,4.791475076709821,0.7936231928455383,-0.78189716078097,6
M04,2013-01-23,Equal-total control,3.925304050056186,4.709963813914156,0.7846597638579701,-0.8534893559171965,0
M04,2013-01-24,No feedback,3.9455704673430465,4.393612289210706,0.4480418218676591,-1.013271712794838,0
M04,2013-01-24,Previous-day persistence,2.7282068560494777,2.9364418787429556,0.20823502269347766,-2.2227734519329236,0
M04,2013-01-24,ECF,3.9457074040118933,4.3885722472403605,0.442864843228466,-1.0131364464768307,9
M04,2013-01-24,Equal-total control,3.945579949065576,4.393621955242722,0.4480420061771465,-1.0132623216431995,0
M04,2013-01-25,No feedback,4.8586187617204715,5.109076167961643,0.2504574062411717,-1.1183397118275746,0
M04,2013-01-25,Previous-day persistence,4.36242812747456,4.48980227932624,0.12737415185168005,-1.610963268358354,0
M04,2013-01-25,ECF,4.858752767855631,5.108978267560271,0.2502254997046406,-1.1182048451595146,5
M04,2013-01-25,Equal-total control,4.85861233292208,5.1090697027055425,0.25045736978346345,-1.1183460356098387,0
M04,2013-04-02,No feedback,4.0449996252651825,4.655160191995141,0.610160566729959,-0.6769483245286037,0
M04,2013-04-02,Previous-day persistence,3.5610443047522806,3.6448071776211837,0.08376287286890312,-1.1577870700170736,0
M04,2013-04-02,ECF,4.05790447101694,4.674896060116199,0.616991589099259,-0.6641808620144044,7
M04,2013-04-02,Equal-total control,4.044988427981307,4.655148930219653,0.6101605022383467,-0.6769593732492483,0
M04,2013-04-03,No feedback,2.3690544877261024,4.903068689651591,2.5340142019254888,-2.710177373253016,0
M04,2013-04-03,Previous-day persistence,2.2981570326926786,4.283893845452667,1.9857368127599888,-2.7808156957191277,0
M04,2013-04-03,ECF,2.39885274102696,4.932578699542878,2.533725958515918,-2.680613394353971,5
M04,2013-04-03,Equal-total control,2.3690555464666563,4.902541184051555,2.5334856375848984,-2.7101763441050695,0
M04,2013-04-04,No feedback,3.364491104095611,4.906223430465065,1.5417323263694538,-1.7789587208424948,0
M04,2013-04-04,Previous-day persistence,2.274601367105075,2.5979561529781465,0.3233547858730718,-2.8628242290989223,0
M04,2013-04-04,ECF,3.377504610617596,4.91801590131499,1.5405112906973937,-1.765987265205258,5
M04,2013-04-04,Equal-total control,3.3644967211713754,4.906230588702097,1.5417338675307213,-1.7789531806469558,0
M04,2013-04-09,No feedback,3.3852770228132396,4.826690052586013,1.441413029772773,-1.6119285038396332,0
M04,2013-04-09,Previous-day persistence,3.1471348839368347,3.849248907992033,0.7021140240551984,-1.8486129582274027,0
M04,2013-04-09,ECF,3.38165393289538,4.7758491769357505,1.3941952440403709,-1.615497882753219,6
M04,2013-04-09,Equal-total control,3.3852761745323,4.826688273492504,1.4414120989602042,-1.6119293422114966,0
M04,2013-04-10,No feedback,3.5083220350684665,4.283508453836218,0.7751864187677511,-1.4006918554975436,0
M04,2013-04-10,Previous-day persistence,2.7869702262110847,2.843142476189768,0.056172249978683274,-2.118752169496071,0
M04,2013-04-10,ECF,3.5092405893086687,4.282463922967177,0.7732233336585091,-1.3998001206120125,6
M04,2013-04-10,Equal-total control,3.5083215781373824,4.283507973453581,0.7751863953161988,-1.4006923238364357,0
M04,2013-04-14,No feedback,4.100071159464981,4.958833386292254,0.858762226827273,-0.8631771624835883,0
M04,2013-04-14,Previous-day persistence,3.89132970221571,3.9465834263013857,0.055253724085676345,-1.0705047040595228,0
M04,2013-04-14,ECF,4.102544637635725,4.961451476070762,0.8589068384350365,-0.8607418527255807,2
M04,2013-04-14,Equal-total control,4.100048075860328,4.958809787278338,0.8587617114180106,-0.8631999167817073,0
M04,2013-04-15,No feedback,3.8121678858039445,4.904908297238238,1.0927404114342933,-1.1546293668292507,0
M04,2013-04-15,Previous-day persistence,3.7376745607196504,4.05111626374727,0.31344170302761964,-1.2295579323335095,0
M04,2013-04-15,ECF,3.985030660571702,5.056445491049906,1.071414830478204,-0.9842158779629441,10
M04,2013-04-15,Equal-total control,3.812187479087903,4.904929480543108,1.092742001455205,-1.1546100336015976,0
M04,2013-04-22,No feedback,3.44996864698991,4.869075399084508,1.419106752094598,-2.009167607652212,0
M04,2013-04-22,Previous-day persistence,3.140509889965001,3.6571617323391052,0.5166518423741044,-2.316647906305881,0
M04,2013-04-22,ECF,3.4546448642109477,4.876981566577618,1.4223367023666709,-2.0050138358202427,12
M04,2013-04-22,Equal-total control,3.4499748841333924,4.869088880629061,1.419113996495669,-2.0091614596134884,0
M04,2013-04-28,No feedback,4.044580417095055,5.04002528902822,0.9954448719331641,-1.2006493867049621,0
M04,2013-04-28,Previous-day persistence,4.038456122182072,4.0868519213209975,0.048395799138925874,-1.2077132215080426,0
M04,2013-04-28,ECF,4.062115761140337,5.052932352304552,0.9908165911642155,-1.1833497664694657,7
M04,2013-04-28,Equal-total control,4.044598225914967,5.040043759999692,0.995445534084725,-1.2006318097885103,0
M04,2013-04-29,No feedback,3.9290425159297584,4.929488294839443,1.0004457789096848,-1.1035784702265083,0
M04,2013-04-29,Previous-day persistence,3.902272320727441,3.967909344660397,0.06563702393295555,-1.1312175908207467,0
M04,2013-04-29,ECF,3.952634160712058,4.946060886021851,0.9934267253097931,-1.080332692550276,8
M04,2013-04-29,Equal-total control,3.9290893015783857,4.9295349259968955,1.0004456244185098,-1.1035323496689422,0
M04,2013-04-30,No feedback,3.507597913483693,4.8857813224569995,1.378183408973307,-1.5417588905305244,0
M04,2013-04-30,Previous-day persistence,3.381755363184162,3.8242098280398578,0.4424544648556954,-1.6675382907626775,0
M04,2013-04-30,ECF,3.536964113918257,4.85802018819118,1.321056074272923,-1.5128093518523014,9
M04,2013-04-30,Equal-total control,3.507597968923993,4.885783799151866,1.3781858302278724,-1.5417588172625254,0
M04,2013-05-01,No feedback,3.380376778942769,4.723748030109183,1.3433712511664138,-1.7083510992345439,0
M04,2013-05-01,Previous-day persistence,2.8725337851577812,3.054774587251018,0.18224080209323673,-2.2125549761705625,0
M04,2013-05-01,ECF,3.391905246957303,4.720583919297456,1.3286786723401534,-1.696997445159876,8
M04,2013-05-01,Equal-total control,3.380379637458208,4.723752933113937,1.343373295655729,-1.7083482967090498,0
M04,2013-05-06,No feedback,3.736977294408173,4.835242962809529,1.0982656684013565,-1.8402671434886102,0
M04,2013-05-06,Previous-day persistence,3.4257074071663296,3.544371259441692,0.11866385227536297,-2.1494472718623405,0
M04,2013-05-06,ECF,3.7686273342122862,4.868805896276726,1.1001785620644404,-1.80903821651361,7
M04,2013-05-06,Equal-total control,3.7369644369996493,4.835229632544148,1.0982651955444984,-1.8402798191281426,0
M04,2013-05-07,No feedback,3.5393152888677806,4.918718362731144,1.3794030738633634,-1.9847833556813959,0
M04,2013-05-07,Previous-day persistence,3.310122469068755,3.6763645090988124,0.36624204003005767,-2.212567930170982,0
M04,2013-05-07,ECF,3.5451425738343043,4.8967503456852635,1.3516077718509585,-1.9790071049785645,5
M04,2013-05-07,Equal-total control,3.539320344901555,4.918718198220931,1.3793978533193765,-1.9847783635253433,0
M04,2013-05-08,No feedback,3.2401136107000252,4.520717123669041,1.2806035129690154,-2.180813041746993,0
M04,2013-05-08,Previous-day persistence,2.5857469240763633,2.827841191804204,0.24209426772784057,-2.830878565939028,0
M04,2013-05-08,ECF,3.2657639235366713,4.543412554650859,1.2776486311141877,-2.1555099517593153,5
M04,2013-05-08,Equal-total control,3.240097763918717,4.52070190588566,1.2806041419669423,-2.180828699711625,0
M04,2013-05-09,No feedback,3.2971005267179705,4.476722194958004,1.1796216682400331,-2.0500656929946013,0
M04,2013-05-09,Previous-day persistence,2.711655841320027,2.8337101717583444,0.12205433043831765,-2.6314035288935163,0
M04,2013-05-09,ECF,3.294247076458121,4.470899738132744,1.1766526616746233,-2.052894225993127,6
M04,2013-05-09,Equal-total control,3.2971105207081983,4.476732563418899,1.1796220427107005,-2.0500558380576193,0
M04,2013-05-10,No feedback,3.7926774118961104,4.9080878265617,1.1154104146655892,-1.4464192068889834,0
M04,2013-05-10,Previous-day persistence,3.5563446304330295,3.59423535214198,0.03789072170894989,-1.6809265285235113,0
M04,2013-05-10,ECF,3.790685811896616,4.903799849247276,1.1131140373506605,-1.4483784551717012,7
M04,2013-05-10,Equal-total control,3.792682886942803,4.908093642911543,1.1154107559687398,-1.4464138412874676,0
M04,2013-05-11,No feedback,3.0646733988961534,5.020942014669163,1.9562686157730087,-2.581265777829164,0
M04,2013-05-11,Previous-day persistence,2.829441263016464,3.65257918768907,0.8231379246726056,-2.814977467344456,0
M04,2013-05-11,ECF,3.068959206532039,5.041289157733308,1.972329951201269,-2.5770282867593948,3
M04,2013-05-11,Equal-total control,3.0646696198297763,5.020934341821085,1.9562647219913085,-2.5812695228210267,0
M04,2013-05-12,No feedback,3.235810754092785,4.526108301508651,1.2902975474158664,-2.3281516435217915,0
M04,2013-05-12,Previous-day persistence,2.342206124465016,2.4731353997700802,0.13092927530506435,-3.2161398116624915,0
M04,2013-05-12,ECF,3.28124959477254,4.565137318348466,1.2838877235759254,-2.2832112771244923,5
M04,2013-05-12,Equal-total control,3.2358070159792107,4.52610377546985,1.2902967594906394,-2.328155367184053,0
M04,2013-05-16,No feedback,3.5145887944051317,4.847021678170163,1.3324328837650314,-2.457733674010768,0
M04,2013-05-16,Previous-day persistence,3.1971365070392723,3.337471150899704,0.14033464386043176,-2.7724537457323595,0
M04,2013-05-16,ECF,3.519768869706522,4.852666485980814,1.3328976162742916,-2.452627460216687,6
M04,2013-05-16,Equal-total control,3.514607198496475,4.847044155462111,1.332436956965636,-2.4577155472064005,0
M04,2013-05-17,No feedback,3.4966859403687143,4.669318556036578,1.1726326156678641,-2.6429012637278326,0
M04,2013-05-17,Previous-day persistence,3.1377428328086,3.178339845623976,0.04059701281537555,-2.9998338743962742,0
M04,2013-05-17,ECF,3.4922266961889967,4.6535339599632115,1.1613072637742152,-2.6473059017409404,7
M04,2013-05-17,Equal-total control,3.4966859328917796,4.669318514264194,1.1726325813724137,-2.642901276483194,0
M04,2013-05-18,No feedback,3.669752720971594,4.875203163071649,1.2054504421000545,-2.7228448115527315,0
M04,2013-05-18,Previous-day persistence,3.369895199783026,3.406924675505292,0.03702947572226621,-3.0204560908229783,0
M04,2013-05-18,ECF,3.648067779281906,4.849952234288736,1.2018844550068306,-2.744290443549979,8
M04,2013-05-18,Equal-total control,3.6697517229724745,4.8752022658384675,1.205450542865993,-2.722845792302343,0
M04,2013-05-19,No feedback,3.5762597165624435,4.7844896049952625,1.2082298884328193,-3.072320930312207,0
M04,2013-05-19,Previous-day persistence,3.189674520448821,3.2449824813628885,0.0553079609140674,-3.455729913535192,0
M04,2013-05-19,ECF,3.5858801896898282,4.792519488873164,1.206639299183335,-3.06286296459364,7
M04,2013-05-19,Equal-total control,3.5762689114238366,4.78449938312949,1.2082304717056538,-3.0723118629848574,0
M04,2013-05-20,No feedback,3.4459867876433004,4.6711801740464995,1.2251933864031992,-3.179302802115315,0
M04,2013-05-20,Previous-day persistence,3.123999849268074,3.2107346662695218,0.08673481700144722,-3.4989623448206575,0
M04,2013-05-20,ECF,3.4730850924660093,4.682837024948032,1.2097519324820234,-3.152645871301597,10
M04,2013-05-20,Equal-total control,3.4460034052744932,4.671197715080711,1.2251943098062181,-3.1792864193959716,0
M04,2013-05-21,No feedback,3.432495296447315,4.726262812261554,1.2937675158142399,-2.813334339893117,0
M04,2013-05-21,Previous-day persistence,3.0415615421530022,3.156226011384059,0.1146644692310569,-3.201606595082547,0
M04,2013-05-21,ECF,3.4765809289186214,4.771620435675516,1.2950395067568945,-2.7698523975366363,8
M04,2013-05-21,Equal-total control,3.4324796295700164,4.726246649383357,1.2937670198133406,-2.813349790495425,0
M04,2013-05-22,No feedback,2.17118237717222,4.6042296372298726,2.4330472600576525,-5.04978171555076,0
M04,2013-05-22,Previous-day persistence,2.0243973354797173,3.2516482293257605,1.2272508938460431,-5.195728353927661,0
M04,2013-05-22,ECF,2.1819608794866525,4.615862450048637,2.4339015705619844,-5.039068135291271,3
M04,2013-05-22,Equal-total control,2.171204183425143,4.604264078744475,2.4330598953193308,-5.049760193069016,0
M04,2013-05-23,No feedback,1.9008860827341052,4.894495728788209,2.9936096460541037,-5.415573338908381,0
M04,2013-05-23,Previous-day persistence,1.4387432165397167,2.2145818968152398,0.7758386802755232,-5.875686025903602,0
M04,2013-05-23,ECF,1.9008810234852072,4.867858330965462,2.9669773074802546,-5.415578498170429,4
M04,2013-05-23,Equal-total control,1.9008868073020024,4.8944957070725685,2.9936088997705657,-5.415572624345679,0
M04,2013-05-24,No feedback,2.8227493664631664,4.463742279801619,1.6409929133384527,-3.9993052752393594,0
M04,2013-05-24,Previous-day persistence,1.6387466591795552,1.7959199556584613,0.1571732964789061,-5.177528928660905,0
M04,2013-05-24,ECF,2.899830417053243,4.553543577348226,1.6537131602949833,-3.923156125352218,7
M04,2013-05-24,Equal-total control,2.822751223082766,4.463743425817118,1.6409922027343522,-3.999303442065761,0
M04,2013-05-25,No feedback,3.190115144583618,4.641159227458278,1.45104408287466,-3.4688278498278016,0
M04,2013-05-25,Previous-day persistence,2.5105438563313,2.6569759607254744,0.1464321043941746,-4.143777903478612,0
M04,2013-05-25,ECF,3.252863513560886,4.7105529812160984,1.4576894676552123,-3.4066401944129767,8
M04,2013-05-25,Equal-total control,3.190112212242081,4.641154841745058,1.451042629502977,-3.4688307447713873,0
M04,2013-05-26,No feedback,3.475160962661549,4.793771359477038,1.318610396815489,-3.311714076371494,0
M04,2013-05-26,Previous-day persistence,3.045373474372922,3.0876315202460516,0.042258045873129674,-3.7380974746816933,0
M04,2013-05-26,ECF,3.469624272960406,4.785094061743639,1.315469788783233,-3.317225064944573,5
M04,2013-05-26,Equal-total control,3.475133568452991,4.793742943661842,1.3186093752088515,-3.3117410679659587,0
M04,2013-05-27,No feedback,2.637737380713033,4.698528348853371,2.060790968140337,-4.37646650830301,0
M04,2013-05-27,Previous-day persistence,2.308876675170448,3.1738095700444955,0.8649328948740475,-4.703233382926963,0
M04,2013-05-27,ECF,2.628610999875465,4.552310008198333,1.9236990083228682,-4.38583641569413,7
M04,2013-05-27,Equal-total control,2.6377572205677167,4.6985704588088595,2.0608132382411433,-4.376446888335795,0
M04,2013-05-28,No feedback,2.4750750126835963,4.361400217143228,1.8863252044596308,-4.042604260803141,0
M04,2013-05-28,Previous-day persistence,1.7701159959942396,2.128009503790893,0.3578935077966531,-4.743692426824369,0
M04,2013-05-28,ECF,2.477105362504313,4.358421923485093,1.8813165609807792,-4.040610010289924,5
M04,2013-05-28,Equal-total control,2.4750940459166837,4.361420873736324,1.8863268278196401,-4.042585442360887,0
M04,2013-05-29,No feedback,2.9269584639993154,4.524966957157698,1.5980084931583824,-3.1764840304224307,0
M04,2013-05-29,Previous-day persistence,2.2379204623725406,2.4056192881121423,0.16769882573960193,-3.8609541280494195,0
M04,2013-05-29,ECF,2.925014970478652,4.51353281259044,1.588517842111788,-3.1784156096026357,5
M04,2013-05-29,Equal-total control,2.926955350742161,4.524963606234567,1.598008255492406,-3.1764870937153256,0
M04,2013-05-30,No feedback,3.2900744587478394,4.617199439893696,1.3271249811458568,-2.755189214551057,0
M04,2013-05-30,Previous-day persistence,2.9466795607097387,3.0286344643015215,0.08195490359178279,-3.0970762381519883,0
M04,2013-05-30,ECF,3.312421770810694,4.629043231939718,1.3166214611290241,-2.733165292755016,9
M04,2013-05-30,Equal-total control,3.2900806259203246,4.617205663261403,1.3271250373410794,-2.755183125139176,0
M04,2013-05-31,No feedback,3.418839008329508,4.7921070673437995,1.3732680590142916,-2.3640540087165673,0
M04,2013-05-31,Previous-day persistence,3.06664295229612,3.151561234193497,0.08491828189737735,-2.7134603525008405,0
M04,2013-05-31,ECF,3.4633789225002074,4.817215378765839,1.3538364562656318,-2.3201898176643403,10
M04,2013-05-31,Equal-total control,3.4188647967683203,4.792133501652954,1.3732687048846337,-2.3640285823516174,0
M04,2013-06-01,No feedback,2.646656004193106,4.849004690720569,2.202348686527463,-3.6863710890381935,0
M04,2013-06-01,Previous-day persistence,2.455230237729964,3.301444398075368,0.8462141603454041,-3.8767295027774624,0
M04,2013-06-01,ECF,2.6463476491569926,4.847660439326257,2.2013127901692644,-3.6866490640964833,1
M04,2013-06-01,Equal-total control,2.646676251949869,4.849025993437046,2.202349741487177,-3.6863511101495434,0
M04,2013-06-02,No feedback,0.9097497707627056,4.789831560093521,3.8800817893308155,-7.194467692537562,0
M04,2013-06-02,Previous-day persistence,0.4205490637149749,2.240491613040928,1.8199425493259531,-7.682357813393315,0
M04,2013-06-02,ECF,0.9176095932524287,4.830824377426747,3.9132147841743183,-7.186683980545458,1
M04,2013-06-02,Equal-total control,0.9097498645149567,4.789835339307711,3.880085474792754,-7.194467599524191,0
M04,2013-06-03,No feedback,3.175949384276585,4.698452049402274,1.5225026651256894,-3.891430966346809,0
M04,2013-06-03,Previous-day persistence,0.8432900292579302,0.9118925478955011,0.06860251863757078,-6.211500251206766,0
M04,2013-06-03,ECF,3.189056116114096,4.706012252251073,1.5169561361369772,-3.8785040136834392,8
M04,2013-06-03,Equal-total control,3.1759529528383665,4.698456393494393,1.522503440656027,-3.8914274426433866,0
M04,2013-06-04,No feedback,3.118820353841806,4.52588855729997,1.4070682034581639,-3.704369069150898,0
M04,2013-06-04,Previous-day persistence,2.585678238149372,2.6989578021877945,0.11327956403842292,-4.233230011584793,0
M04,2013-06-04,ECF,3.1192883973251875,4.5240703916319145,1.4047819943067272,-3.7038980561899826,3
M04,2013-06-04,Equal-total control,3.118807477034929,4.525875080272986,1.4070676032380571,-3.7043817657918505,0
M04,2013-06-05,No feedback,2.846216402690911,4.518417193620333,1.672200790929422,-4.088107469571091,0
M04,2013-06-05,Previous-day persistence,2.420505757592121,2.7717311871272208,0.35122542953509966,-4.511101174492299,0
M04,2013-06-05,ECF,2.8741211834050104,4.537928939820428,1.6638077564154172,-4.0605025199080025,9
M04,2013-06-05,Equal-total control,2.8462177870450285,4.518417198882643,1.6721994118376136,-4.088106099511138,0
M04,2013-06-06,No feedback,2.628280706142959,4.974390976222655,2.3461102700796963,-4.032066261622514,0
M04,2013-06-06,Previous-day persistence,2.368420849242083,3.0068352431596,0.6384143939175175,-4.29033880077996,0
M04,2013-06-06,ECF,2.628280706142959,4.966677877692913,2.3383971715499543,-4.03206626162096,1
M04,2013-06-06,Equal-total control,2.628280706142959,4.974387670360915,2.3461069642179564,-4.032066261621193,0
M04,2013-06-07,No feedback,2.429612087303,4.744326855377006,2.3147147680740057,-3.8427984336022876,0
M04,2013-06-07,Previous-day persistence,1.533482878599512,2.1452488602777438,0.6117659816782317,-4.731854765278476,0
M04,2013-06-07,ECF,2.4300177188774814,4.746433972919086,2.316416254041605,-3.842390807721583,2
M04,2013-06-07,Equal-total control,2.4296140001657314,4.744337417987142,2.3147234178214102,-3.842796544205963,0
M04,2013-06-08,No feedback,2.50563743561957,4.618289999230148,2.1126525636105775,-4.128070222742644,0
M04,2013-06-08,Previous-day persistence,1.737700997755062,2.1127787159359013,0.375077718180839,-4.892114693417953,0
M04,2013-06-08,ECF,2.50561121565985,4.617953863607859,2.112342647948009,-4.128095952846229,2
M04,2013-06-08,Equal-total control,2.5056356304874985,4.618287241837807,2.112651611350309,-4.128072021169596,0
M04,2013-06-09,No feedback,3.1770369266695386,4.66135215092562,1.4843152242560818,-3.4399295708343454,0
M04,2013-06-09,Previous-day persistence,2.2277446278989177,2.29422530791492,0.06648068001600221,-4.383417573098427,0
M04,2013-06-09,ECF,3.202639433178363,4.694054920253805,1.4914154870754417,-3.4146294142209674,4
M04,2013-06-09,Equal-total control,3.1770462859128923,4.661361864077283,1.4843155781643904,-3.439920321652928,0
M04,2013-06-10,No feedback,2.7690510822400842,4.781967287970597,2.012916205730513,-4.4700716300530114,0
M04,2013-06-10,Previous-day persistence,2.571584425272848,3.067298292434507,0.4957138671616591,-4.666817721542726,0
M04,2013-06-10,ECF,2.789671065835749,4.890420884328143,2.1007498184923934,-4.449721207925525,8
M04,2013-06-10,Equal-total control,2.769038069718057,4.781956739818083,2.0129186701000257,-4.470084483505657,0
M04,2013-06-11,No feedback,3.270064138289822,4.768155512328769,1.4980913740389474,-3.2269593064809508,0
M04,2013-06-11,Previous-day persistence,2.3317667696342967,2.395722201524504,0.06395543189020675,-4.1588245486962405,0
M04,2013-06-11,ECF,3.283287378688253,4.772275162350777,1.4889877836625236,-3.2139383470594693,7
M04,2013-06-11,Equal-total control,3.2700705564609898,4.768160409767791,1.498089853306801,-3.2269529794254894,0
M04,2013-06-12,No feedback,1.4354608352419211,4.47920770010265,3.0437468648607298,-6.0251583814723935,0
M04,2013-06-12,Previous-day persistence,1.252915979876959,3.0212058805067423,1.7682899006297834,-6.207391639224665,0
M04,2013-06-12,ECF,1.4935410509979699,4.4117056234183325,2.9181645724203626,-5.967942889896534,9
M04,2013-06-12,Equal-total control,1.4354585155193846,4.479198340266694,3.043739824747309,-6.02516067763118,0
M04,2013-06-13,No feedback,3.026730860251308,4.710004928444348,1.68327406819304,-3.780319865267892,0
M04,2013-06-13,Previous-day persistence,1.3644975336284584,1.566435959480387,0.20193842585192856,-5.43286484931726,0
M04,2013-06-13,ECF,3.034448795368927,4.708381628305473,1.673932832936546,-3.77273700626142,6
M04,2013-06-13,Equal-total control,3.026731460671855,4.710004577776997,1.6832731171051425,-3.7803192795036686,0
M04,2013-06-14,No feedback,3.2395559881568583,4.780552910996413,1.5409969228395548,-3.7053086276159397,0
M04,2013-06-14,Previous-day persistence,2.8470101360984033,2.9677154167771933,0.12070528067878997,-4.095019653100624,0
M04,2013-06-14,ECF,3.246936536918766,4.784484477446076,1.5375479405273105,-3.6980855951301073,7
M04,2013-06-14,Equal-total control,3.2395578276316535,4.780556246656398,1.5409984190247443,-3.7053068300643544,0
M04,2013-06-15,No feedback,2.721848680558386,4.7095043062903885,1.9876556257320028,-4.433635357115524,0
M04,2013-06-15,Previous-day persistence,2.552836507758826,3.0441086976574905,0.49127218989866417,-4.602692867119455,0
M04,2013-06-15,ECF,2.7408686623459406,4.7288156552412834,1.9879469928953437,-4.414865265651744,8
M04,2013-06-15,Equal-total control,2.721882008790432,4.709534894104539,1.9876528853141076,-4.433602459828883,0
M04,2013-06-16,No feedback,3.137682417462094,4.690814194010301,1.5531317765482067,-4.389010727605937,0
M04,2013-06-16,Previous-day persistence,2.5051931066262805,2.6041230971169007,0.0989299904906204,-5.018020145750403,0
M04,2013-06-16,ECF,3.1404255237274885,4.692977602131737,1.5525520784042495,-4.386297913307887,5
M04,2013-06-16,Equal-total control,3.1376676840357103,4.690799281964161,1.5531315979284501,-4.389025269646108,0
M04,2013-06-17,No feedback,3.04615909170447,4.586387098988812,1.540228007284341,-4.595671327814983,0
M04,2013-06-17,Previous-day persistence,2.6311133808337432,2.8583580394043633,0.22724465857062004,-5.008120912583765,0
M04,2013-06-17,ECF,3.048851200118645,4.583516201893149,1.5346650017745036,-4.593017321476062,7
M04,2013-06-17,Equal-total control,3.0461761520991044,4.586407106005721,1.540230953906617,-4.59565450346296,0
M04,2013-06-18,No feedback,3.106171612866722,4.668865029456362,1.56269341658964,-4.660858487352336,0
M04,2013-06-18,Previous-day persistence,2.6080785236018746,2.768986436300424,0.16090791269854937,-5.155802382889955,0
M04,2013-06-18,ECF,3.1042595610435963,4.647286954898807,1.543027393855211,-4.662756092601699,6
M04,2013-06-18,Equal-total control,3.1061876271048274,4.6688832420337985,1.5626956149289704,-4.660842676969931,0
M04,2013-06-19,No feedback,2.9456414541046545,4.766921993091838,1.821280538987184,-5.142827904601929,0
M04,2013-06-19,Previous-day persistence,2.5526854004411845,3.043788009477117,0.4911026090359327,-5.53319890183718,0
M04,2013-06-19,ECF,3.0063396268710396,4.797923150379534,1.791583523508494,-5.082909506819342,10
M04,2013-06-19,Equal-total control,2.94565911201245,4.76694540199375,1.8212862899813005,-5.142810501854428,0
M04,2013-06-23,No feedback,1.667969636360537,4.354629738183475,2.686660101822939,-7.6626313311497825,0
M04,2013-06-23,Previous-day persistence,1.4277533359487815,2.362411238666863,0.934657902718082,-7.902637068662171,0
M04,2013-06-23,ECF,1.7109090327673464,4.5368398400826635,2.8259308073153164,-7.620144050908154,8
M04,2013-06-23,Equal-total control,1.6679762340716722,4.354642768676284,2.686666534604612,-7.662624777501407,0
M04,2013-06-24,No feedback,2.5461401749763075,4.543807429288878,1.997667254312571,-5.839643335527589,0
M04,2013-06-24,Previous-day persistence,1.4376755965191934,1.5947381702033367,0.15706257368414325,-6.941294540246405,0
M04,2013-06-24,ECF,2.560642948536528,4.580015556110743,2.0193726075742138,-5.8252674327617955,3
M04,2013-06-24,Equal-total control,2.546148300545479,4.543815010396007,1.9976667098505283,-5.839635319471165,0
M04,2013-06-25,No feedback,2.3537828192850085,4.440849737853347,2.087066918568339,-6.332976491701601,0
M04,2013-06-25,Previous-day persistence,1.9005786659884438,2.1382306925872188,0.2376520265987746,-6.784693543316385,0
M04,2013-06-25,ECF,2.4103241253573824,4.465602292511844,2.055278167154461,-6.277127021047028,5
M04,2013-06-25,Equal-total control,2.35376938346251,4.44083131220594,2.0870619287434304,-6.332989757723682,0
M04,2013-06-26,No feedback,2.6488092942029886,4.562088949279591,1.9132796550766034,-4.929808551310774,0
M04,2013-06-26,Previous-day persistence,1.8664542166838483,2.3105372510947975,0.44408303441094954,-5.70983471565534,0
M04,2013-06-26,ECF,2.6910240221593043,4.559832540317493,1.8688085181581884,-4.887926304184538,10
M04,2013-06-26,Equal-total control,2.6488130378132135,4.562092610767406,1.9132795729541923,-4.929804868824528,0
M04,2013-06-27,No feedback,2.150202499280979,4.618785113009915,2.4685826137289366,-5.439142231882673,0
M04,2013-06-27,Previous-day persistence,1.7222935529984893,2.333590732368651,0.6112971793701618,-5.864459435601913,0
M04,2013-06-27,ECF,2.166680342295857,4.624889501887333,2.458209159591476,-5.422843816181757,4
M04,2013-06-27,Equal-total control,2.15020804696546,4.618794048117881,2.4685860011524206,-5.439136746307752,0
M05,2013-01-02,No feedback,2.901135831400669,3.334281434958922,0.43314560355825255,-1.926612933467283,0
M05,2013-01-02,Previous-day persistence,2.707272595553291,3.0652491270899223,0.3579765315366311,-2.1195763106673855,0
M05,2013-01-02,ECF,2.9588622606318546,3.3830800452640535,0.42421778463219884,-1.8693731088294594,16
M05,2013-01-02,Equal-total control,2.9011504906239085,3.334298923539772,0.43314843291586413,-1.9265983879240125,0
M05,2013-01-03,No feedback,2.945541012402379,3.0796053401717947,0.13406432776941532,-1.5229217088286402,0
M05,2013-01-03,Previous-day persistence,2.4491864452393903,2.5052261086534,0.056039663414009566,-2.017574368878378,0
M05,2013-01-03,ECF,3.0373089391904644,3.1396862047160163,0.10237726552555211,-1.4319559174972827,20
M05,2013-01-03,Equal-total control,2.9454847937813655,3.0795356836008065,0.1340508898194413,-1.5229775388671467,0
M05,2013-01-04,No feedback,3.293353146018977,3.462963744935486,0.16961059891650887,-1.7968595381996229,0
M05,2013-01-04,Previous-day persistence,3.1618804200155943,3.2793838131940256,0.11750339317843105,-1.928104928597976,0
M05,2013-01-04,ECF,3.3400430545406348,3.4883418492580365,0.14829879471740215,-1.750582665412573,18
M05,2013-01-04,Equal-total control,3.2933591457099594,3.462970014596557,0.1696108688865981,-1.7968536063873428,0
M05,2013-01-05,No feedback,3.209157903241077,3.302658510731924,0.0935006074908471,-2.9044229310674425,0
M05,2013-01-05,Previous-day persistence,3.0586247665745763,3.085851054327778,0.02722628775320167,-3.054415949794665,0
M05,2013-01-05,ECF,3.2543856698655245,3.3269069897868793,0.07252131992135499,-2.859530446556613,20
M05,2013-01-05,Equal-total control,3.2091646666450293,3.302665392335907,0.09350072569087814,-2.904416224866123,0
M05,2013-01-06,No feedback,3.1288060637947783,3.207827804575937,0.07902174078115876,-2.8287504674288897,0
M05,2013-01-06,Previous-day persistence,2.9469258252106334,2.966155535534999,0.019229710324366007,-3.010022500990808,0
M05,2013-01-06,ECF,3.155965446126392,3.2176451040271896,0.061679657900797505,-2.801786733128738,20
M05,2013-01-06,Equal-total control,3.1288261733629135,3.20784812962833,0.0790219562654168,-2.8287304985510073,0
M05,2013-01-07,No feedback,3.244505290704362,3.4073030862026834,0.16279779549832074,-2.1844803641772117,0
M05,2013-01-07,Previous-day persistence,2.9841015103664814,3.0854669494726963,0.10136543910621473,-2.443516155541638,0
M05,2013-01-07,ECF,3.3120655222272855,3.4585863433240287,0.14652082109674314,-2.1174758508504783,18
M05,2013-01-07,Equal-total control,3.2445091067436653,3.407307005596726,0.16279789885306112,-2.1844765837367826,0
M05,2013-01-08,No feedback,2.9747784170905485,3.174666100021378,0.19988768293083006,-7.11383809627288,0
M05,2013-01-08,Previous-day persistence,2.6366147339092167,2.768377985131599,0.13176325122238225,-7.450967756728328,0
M05,2013-01-08,ECF,3.009738460576877,3.18889939386883,0.17916093329195268,-7.079090885422027,17
M05,2013-01-08,Equal-total control,2.9747753337954492,3.1746630594211034,0.1998877256256537,-7.113841075355094,0
M05,2013-01-12,No feedback,2.833527447319194,3.148954282332177,0.31542683501298274,-4.235964594533082,0
M05,2013-01-12,Previous-day persistence,2.58028365232724,2.8091375747736596,0.22885392244642044,-4.488568682389211,0
M05,2013-01-12,ECF,2.832095031173866,3.139425944871115,0.30733091369724874,-4.2373963172591536,10
M05,2013-01-12,Equal-total control,2.833550524486403,3.148979839390689,0.31542931490428583,-4.235941644679329,0
M05,2013-01-13,No feedback,2.0765110609287176,3.042517927018061,0.9660068660893432,-3.188450891228556,0
M05,2013-01-13,Previous-day persistence,1.6236551462682685,2.3794735572203356,0.7558184109520676,-3.6400801502739526,0
M05,2013-01-13,ECF,2.12185727415548,3.0749367374080854,0.9530794632526051,-3.1433857037845923,11
M05,2013-01-13,Equal-total control,2.0765231172515035,3.041578249407764,0.9650551321562608,-3.188438930789562,0
M05,2013-01-14,No feedback,2.7659829254813424,3.0779310170608185,0.31194809157947645,-1.764924520911538,0
M05,2013-01-14,Previous-day persistence,1.8602103587057341,2.0124265266885955,0.15221616798286125,-2.6682536532061314,0
M05,2013-01-14,ECF,2.8663492054172677,3.168258105156251,0.3019088997389832,-1.6653173680616826,19
M05,2013-01-14,Equal-total control,2.7645811579700226,3.0763994489736772,0.3118182910036543,-1.7663197443984808,0
M05,2013-01-15,No feedback,3.463420122871857,3.636946806361358,0.1735266834895014,-0.9863390834146355,0
M05,2013-01-15,Previous-day persistence,3.1035312949427487,3.1633296280230194,0.059798333080270515,-1.3443851553359807,0
M05,2013-01-15,ECF,3.5275485855570468,3.667113050576102,0.13956446501905553,-0.9228217861191228,19
M05,2013-01-15,Equal-total control,3.463424064561091,3.6369508888338573,0.173526824272766,-0.9863351916607023,0
M05,2013-01-16,No feedback,3.2973713466484535,3.448254678334229,0.1508833316857755,-1.747456719373398,0
M05,2013-01-16,Previous-day persistence,2.973318216536489,3.0546658180611965,0.08134760152470724,-2.069983918107737,0
M05,2013-01-16,ECF,3.3532834256562416,3.482457390098036,0.12917396444179413,-1.6920856655174439,18
M05,2013-01-16,Equal-total control,3.2973652539685006,3.4482480891685157,0.15088283520001533,-1.7474627556988331,0
M05,2013-01-17,No feedback,3.3697364083743344,3.5730940630911965,0.20335765471686243,-2.475715267539153,0
M05,2013-01-17,Previous-day persistence,3.1907067603707486,3.3308632917685443,0.1401565313977955,-2.6540546806799576,0
M05,2013-01-17,ECF,3.4252918101389067,3.6066666970357106,0.1813748868968038,-2.42063380043057,18
M05,2013-01-17,Equal-total control,3.3697428414419273,3.573100540864913,0.2033576994229857,-2.475708894898729,0
M05,2013-01-18,No feedback,2.8146047112571906,3.2765280988138494,0.4619233875566588,-6.515713781426079,0
M05,2013-01-18,Previous-day persistence,2.663596257781326,3.0371558209635228,0.3735595631821967,-6.666446769763727,0
M05,2013-01-18,ECF,2.8360109485083056,3.2716049434485406,0.4355939949402353,-6.49444435225004,16
M05,2013-01-18,Equal-total control,2.814640320636275,3.2765675883886933,0.461927267752418,-6.515678344069127,0
M05,2013-01-19,No feedback,2.722294018242681,3.2841289054401726,0.5618348871974916,-2.292825714061189,0
M05,2013-01-19,Previous-day persistence,2.472192926624775,2.8691641562533974,0.3969712296286222,-2.5421496470593024,0
M05,2013-01-19,ECF,2.823805522306196,3.3821933019026984,0.5583877795965025,-2.1921074345732263,12
M05,2013-01-19,Equal-total control,2.722260019502265,3.2840937627802296,0.561833743277964,-2.292859380980408,0
M05,2013-01-20,No feedback,2.4061813661542484,3.3503481176470844,0.9441667514928361,-2.4420483486838154,0
M05,2013-01-20,Previous-day persistence,1.9283358456437947,2.479329228508588,0.5509933828647933,-2.9182738065487226,0
M05,2013-01-20,ECF,2.420100913511984,3.3593054928322115,0.9392045793202279,-2.4282293278001483,6
M05,2013-01-20,Equal-total control,2.406179578933604,3.3503489398180473,0.9441693608844434,-2.4420500889486405,0
M05,2013-01-21,No feedback,3.3429908182607155,3.5568884526851576,0.21389763442444143,-1.4575903974757454,0
M05,2013-01-21,Previous-day persistence,2.5294263809198805,2.5698621947952844,0.04043581387540436,-2.2688750213794915,0
M05,2013-01-21,ECF,3.4499972462920834,3.6311196252990827,0.18112237900700007,-1.351639201541182,17
M05,2013-01-21,Equal-total control,3.3429888443422238,3.556886292589809,0.21389744824758505,-1.4575923690716892,0
M05,2013-01-22,No feedback,2.6146376805345266,3.2504639809131457,0.635826300378619,-2.9798371998512447,0
M05,2013-01-22,Previous-day persistence,2.2884533006723915,2.8328159723635924,0.5443626716912007,-3.305158351586337,0
M05,2013-01-22,ECF,2.6448357115592587,3.268354005851083,0.6235182942918245,-2.949886267922558,15
M05,2013-01-22,Equal-total control,2.6144750171912694,3.242869325471661,0.6283943082803916,-2.980000860980126,0
M05,2013-01-23,No feedback,2.8938343412417096,3.3574247118593954,0.46359037061768615,-1.8725949243249949,0
M05,2013-01-23,Previous-day persistence,2.3915740301116246,2.631610145591914,0.24003611548028933,-2.372864473008697,0
M05,2013-01-23,ECF,2.9065630567521716,3.355521103817215,0.4489580470650434,-1.8600609202258145,10
M05,2013-01-23,Equal-total control,2.8938341901920634,3.3574249232378186,0.46359073304575527,-1.8725950809614007,0
M05,2013-01-24,No feedback,3.268577171130199,3.4903270225819982,0.2217498514517992,-1.6832044139900904,0
M05,2013-01-24,Previous-day persistence,2.6902600571208777,2.7817346583145106,0.09147460119363293,-2.2602694171061937,0
M05,2013-01-24,ECF,3.352041855885089,3.5555193595418766,0.203477503656788,-1.6005183369807814,12
M05,2013-01-24,Equal-total control,3.268598713610507,3.4903499505724063,0.2217512369618994,-1.6831830725928347,0
M05,2013-01-25,No feedback,3.3108257771453946,3.4518459094853915,0.14102013233999633,-2.651531273578409,0
M05,2013-01-25,Previous-day persistence,2.934568870193501,3.009143818086792,0.0745749478932906,-3.026338786852214,0
M05,2013-01-25,ECF,3.380700965814269,3.503354790135904,0.12265382432163449,-2.582265244332136,17
M05,2013-01-25,Equal-total control,3.31081976683847,3.451839803548476,0.14102003671000557,-2.65153724044725,0
M05,2013-04-02,No feedback,2.858794987685304,3.2186863870168483,0.3598913993315449,-1.8495693598284204,0
M05,2013-04-02,Previous-day persistence,2.484771326962129,2.530543858992343,0.04577253203021347,-2.2218209833465905,0
M05,2013-04-02,ECF,2.901473729548452,3.243658636303168,0.34218490675471575,-1.807285605678068,17
M05,2013-04-02,Equal-total control,2.8588044845855496,3.218695840388608,0.3598913558030581,-1.8495599435225423,0
M05,2013-04-03,No feedback,1.8787646944454603,3.239102510345897,1.3603378159004365,-3.1954675541417283,0
M05,2013-04-03,Previous-day persistence,1.770010677967064,2.7599356589778496,0.9899249810107853,-3.3036581270520364,0
M05,2013-04-03,ECF,1.900439642951694,3.3038688994389145,1.4034292564872208,-3.173929992387234,4
M05,2013-04-03,Equal-total control,1.8787588176464227,3.239087048127555,1.3603282304811324,-3.195473388856859,0
M05,2013-04-04,No feedback,2.4160291780632477,3.22033452494557,0.8043053468823225,-2.7173706722518642,0
M05,2013-04-04,Previous-day persistence,1.7112313500419059,1.9002387463857788,0.1890073963438732,-3.4204293256188647,0
M05,2013-04-04,ECF,2.4698934131814143,3.25114560114858,0.781252187967166,-2.664034141616088,13
M05,2013-04-04,Equal-total control,2.416034760170432,3.2203393411456505,0.804304580975218,-2.7173651427052907,0
M05,2013-04-09,No feedback,2.324050102147072,3.187275735690371,0.8632256335432991,-2.6618929605590944,0
M05,2013-04-09,Previous-day persistence,2.1156035544187644,2.4836130915816272,0.3680095371628632,-2.8695456133855397,0
M05,2013-04-09,ECF,2.3957041545718774,3.2407101983250346,0.8450060437531566,-2.590852614640765,10
M05,2013-04-09,Equal-total control,2.3240204438566514,3.1872407352753926,0.863220291418741,-2.6619223738709388,0
M05,2013-04-10,No feedback,2.654568384925987,3.1968734474726297,0.5423050625466423,-2.2448435687118464,0
M05,2013-04-10,Previous-day persistence,2.1766927748113543,2.217303465071356,0.04061069026000147,-2.7218728652416115,0
M05,2013-04-10,ECF,2.6578309116179506,3.200603357035038,0.5427724454170877,-2.241604116889922,9
M05,2013-04-10,Equal-total control,2.6545665934176625,3.1968712954243474,0.5423047020066847,-2.2448453242750674,0
M05,2013-04-14,No feedback,2.8011845015103045,3.3285489570338385,0.5273644555235335,-2.1480436747482567,0
M05,2013-04-14,Previous-day persistence,2.6075149246062717,2.643140222445604,0.03562529783933186,-2.3408544391242145,0
M05,2013-04-14,ECF,2.812032787442579,3.336628639213804,0.5245958517712246,-2.1372740650206423,8
M05,2013-04-14,Equal-total control,2.8011995423288116,3.328564104878824,0.5273645625500125,-2.148028793328886,0
M05,2013-04-15,No feedback,2.594762692702912,3.2723751911587318,0.6776124984558196,-2.359525043149762,0
M05,2013-04-15,Previous-day persistence,2.4192142306377846,2.5888169841826922,0.1696027535449081,-2.534318290555447,0
M05,2013-04-15,ECF,2.599890612008787,3.260744571887402,0.6608539598786152,-2.3544367288846444,11
M05,2013-04-15,Equal-total control,2.5947159917764653,3.272328869019036,0.6776128772425709,-2.3595713205403017,0
M05,2013-04-22,No feedback,2.2968012296045837,3.193794088304782,0.8969928587001987,-3.1497135952693416,0
M05,2013-04-22,Previous-day persistence,2.0774467426042134,2.406321162855222,0.3288744202510091,-3.3682357073401517,0
M05,2013-04-22,ECF,2.307156605191456,3.2280542909100274,0.9208976857185717,-3.139540818267655,11
M05,2013-04-22,Equal-total control,2.2968343090515675,3.1938319622509788,0.8969976531994116,-3.1496808173651276,0
M05,2013-04-28,No feedback,2.4655492628759417,3.1341178295077627,0.6685685666318213,-2.763076218757348,0
M05,2013-04-28,Previous-day persistence,2.318734110742332,2.339665094945907,0.020930984203574678,-2.9092320537225342,0
M05,2013-04-28,ECF,2.49344690026733,3.152048837834161,0.6586019375668306,-2.7354282919937623,11
M05,2013-04-28,Equal-total control,2.4655398999615836,3.1341088724874346,0.6685689725258506,-2.7630854799845435,0
M05,2013-04-29,No feedback,2.598624979051635,3.329287186969748,0.7306622079181126,-2.4192089109278485,0
M05,2013-04-29,Previous-day persistence,2.453946297847124,2.4969306546229033,0.04298435677577911,-2.563258211365349,0
M05,2013-04-29,ECF,2.6054966842730627,3.3341698416800276,0.7286731574069653,-2.4123893047760028,6
M05,2013-04-29,Equal-total control,2.59863571995625,3.3292980882932697,0.7306623683370199,-2.419198254289981,0
M05,2013-04-30,No feedback,2.3302955289828446,3.204425175428816,0.8741296464459716,-2.7063506555855503,0
M05,2013-04-30,Previous-day persistence,2.130248428382821,2.403708730868683,0.2734603024858616,-2.9054907433946626,0
M05,2013-04-30,ECF,2.344631079794942,3.1981626060187778,0.8535315262238359,-2.6921475335854352,8
M05,2013-04-30,Equal-total control,2.330305806136388,3.2044357069862146,0.8741299008498264,-2.7063404701736067,0
M05,2013-05-01,No feedback,2.343477567511143,3.2253046446720104,0.881827077160867,-2.7342929852323397,0
M05,2013-05-01,Previous-day persistence,2.0743765001207892,2.1814184387683695,0.10704193864758019,-3.002637269805411,0
M05,2013-05-01,ECF,2.354456651309004,3.2287048560587843,0.8742482047497799,-2.7234167934163565,9
M05,2013-05-01,Equal-total control,2.3434567943791533,3.225282623098649,0.8818258287194959,-2.7343135579887616,0
M05,2013-05-06,No feedback,2.3771569686748215,3.1274407447772123,0.7502837761023906,-3.185047625838213,0
M05,2013-05-06,Previous-day persistence,2.0001140457490645,2.0627175884155955,0.06260354266653098,-3.5602657599287935,0
M05,2013-05-06,ECF,2.396453840270424,3.1408826352252204,0.7444287949547961,-3.165919201007433,10
M05,2013-05-06,Equal-total control,2.37716104521314,3.1274449819153567,0.7502839367022168,-3.1850435743544456,0
M05,2013-05-07,No feedback,2.3249919724849524,3.161927363721344,0.836935391236392,-3.186176004312236,0
M05,2013-05-07,Previous-day persistence,2.178706429954694,2.40208540013326,0.22337897017856576,-3.332188191609553,0
M05,2013-05-07,ECF,2.3640961231916067,3.192649509291262,0.8285533860996557,-3.147472367636658,10
M05,2013-05-07,Equal-total control,2.325007827020707,3.1619447309581092,0.8369369039374026,-3.1861602827555204,0
M05,2013-05-08,No feedback,2.5246524830211103,3.368904277031988,0.8442517940108778,-2.8885042959420453,0
M05,2013-05-08,Previous-day persistence,2.237540902479396,2.4048645373837902,0.16732363490439417,-3.1749500515259226,0
M05,2013-05-08,ECF,2.529687525238981,3.3642096987868753,0.834522173547894,-2.883536573848783,7
M05,2013-05-08,Equal-total control,2.5246841719948936,3.368936159559009,0.8442519875641152,-2.8884729309836596,0
M05,2013-05-09,No feedback,2.218488460364167,2.969067359672666,0.7505788993084992,-3.118539915843195,0
M05,2013-05-09,Previous-day persistence,1.8670475287187458,1.9386092785260645,0.07156174980731857,-3.468805815077997,0
M05,2013-05-09,ECF,2.2240684458017315,2.9712235559296203,0.747155110127889,-3.113012045196023,7
M05,2013-05-09,Equal-total control,2.2184791370736208,2.9690576136445257,0.750578476570905,-3.1185491458402943,0
M05,2013-05-10,No feedback,2.4044726890636032,3.1183122694026197,0.7138395803390163,-2.819344802851626,0
M05,2013-05-10,Previous-day persistence,2.136409370325919,2.158188994807734,0.021779624481814787,-3.086005056016154,0
M05,2013-05-10,ECF,2.416857953682915,3.1264804804156503,0.7096225267327352,-2.8070772775054262,7
M05,2013-05-10,Equal-total control,2.4044599429550533,3.118299155283264,0.7138392123282108,-2.819357430772775,0
M05,2013-05-11,No feedback,1.98418891781044,3.0633846707810335,1.0791957529705933,-3.652157991500834,0
M05,2013-05-11,Previous-day persistence,1.778987692001197,2.138016798775616,0.35902910677441885,-3.8566017418973617,0
M05,2013-05-11,ECF,2.257056306520093,3.4101803010587775,1.1531239945386846,-3.3815826649763596,10
M05,2013-05-11,Equal-total control,1.984180239116517,3.0633780894494156,1.079197850332898,-3.652166583974482,0
M05,2013-05-12,No feedback,2.5175326140718655,3.4026077491952726,0.885075135123407,-3.0399930310088266,0
M05,2013-05-12,Previous-day persistence,1.8282616223979518,1.921473579973798,0.09321195757584608,-3.726075119800776,0
M05,2013-05-12,ECF,2.5265211924088335,3.4105029223275842,0.8839817299187508,-3.0310715583130046,4
M05,2013-05-12,Equal-total control,2.5175258406590135,3.4026007460390275,0.8850749053800135,-3.0399997491049264,0
M05,2013-05-16,No feedback,2.296469075750018,3.1647035162852526,0.8682344405352348,-3.6624047629163186,0
M05,2013-05-16,Previous-day persistence,2.0490782943206662,2.1345358427208017,0.08545754840013553,-3.9086874512725243,0
M05,2013-05-16,ECF,2.352894377449613,3.223975628357456,0.8710812509078432,-3.606425638013553,8
M05,2013-05-16,Equal-total control,2.2964749856667384,3.1647103813839594,0.8682353957172213,-3.6623989142036,0
M05,2013-05-17,No feedback,2.379765632993168,3.2407622791136412,0.8609966461204736,-3.747766181476752,0
M05,2013-05-17,Previous-day persistence,2.2223653271936086,2.2556842069166336,0.03331887972302562,-3.905130903954073,0
M05,2013-05-17,ECF,2.3800187667693886,3.2388746713539156,0.8588559045845272,-3.7475078814863094,5
M05,2013-05-17,Equal-total control,2.379784211758961,3.2407817809112105,0.8609975691522491,-3.747747771132406,0
M05,2013-05-18,No feedback,2.321881244712273,3.121483887597783,0.7996026428855103,-4.056722055995302,0
M05,2013-05-18,Previous-day persistence,2.0850854361909743,2.109408447389268,0.02432301119829406,-4.2924767439990426,0
M05,2013-05-18,ECF,2.327123218602632,3.1239114829773955,0.7967882643747636,-4.051529822382869,6
M05,2013-05-18,Equal-total control,2.3218753183704104,3.12147767467809,0.7996023563076801,-4.056727919779492,0
M05,2013-05-19,No feedback,2.261208588603311,3.038155258152372,0.776946669549061,-4.375191279685532,0
M05,2013-05-19,Previous-day persistence,2.0188254152829495,2.0605157869032813,0.04169037162033203,-4.616564852079383,0
M05,2013-05-19,ECF,2.277146666955338,3.0470332598102132,0.7698865928548746,-4.3594071073847465,8
M05,2013-05-19,Equal-total control,2.2612110612807546,3.0381576668179378,0.7769466055371831,-4.37518880313175,0
M05,2013-05-20,No feedback,2.292414308795017,3.099721038062224,0.8073067292672069,-4.320894786911365,0
M05,2013-05-20,Previous-day persistence,2.0357431454607298,2.1011211002834083,0.06537795482267855,-4.576621548109478,0
M05,2013-05-20,ECF,2.3170532587156014,3.114323006652393,0.7972697479367916,-4.296501176695288,10
M05,2013-05-20,Equal-total control,2.292414078851345,3.0997211916178813,0.807307112766536,-4.3208950333935885,0
M05,2013-05-21,No feedback,2.2159046932634445,3.0497923579936645,0.83388766473022,-4.017422598904531,0
M05,2013-05-21,Previous-day persistence,1.9328879465988897,2.0119442296565144,0.07905628305762481,-4.299519824079498,0
M05,2013-05-21,ECF,2.241337329980454,3.0716110114233253,0.830273681442871,-3.9921757831493143,10
M05,2013-05-21,Equal-total control,2.2159213500366914,3.0498102585932685,0.8338889085565768,-4.017406087834629,0
M05,2013-05-22,No feedback,1.678025778660318,3.2467158698740293,1.5686900912137114,-5.538040715824607,0
M05,2013-05-22,Previous-day persistence,1.56205403974259,2.373514624316298,0.8114605845737082,-5.653657635260917,0
M05,2013-05-22,ECF,1.7187481938466802,3.2766700266361424,1.5579218327894617,-5.497580568251223,5
M05,2013-05-22,Equal-total control,1.6780446898743793,3.246739632742904,1.5686949428685244,-5.538022002771928,0
M05,2013-05-23,No feedback,1.517102278074937,3.3717776063488056,1.8546753282738688,-5.79612561990429,0
M05,2013-05-23,Previous-day persistence,1.1483934827112667,1.6248434078753982,0.4764499251641314,-6.163980808390235,0
M05,2013-05-23,ECF,1.5324869845369955,3.3985505688503537,1.8660635843133577,-5.780857517929411,9
M05,2013-05-23,Equal-total control,1.5171007723751289,3.3717792163232305,1.8546784439481019,-5.796127110904105,0
M05,2013-05-24,No feedback,2.1870307160192777,3.3357817642595706,1.148751048240293,-4.63097332598064,0
M05,2013-05-24,Previous-day persistence,1.510836354025387,1.6880195631066925,0.17718320908130542,-5.305477655747241,0
M05,2013-05-24,ECF,2.1745943771898073,3.314562806531044,1.1399684293412373,-4.643304166360394,5
M05,2013-05-24,Equal-total control,2.1870315090729466,3.3357821921894404,1.1487506831164938,-4.630972539694336,0
M05,2013-05-25,No feedback,2.22831002921746,3.2342305694184006,1.0059205402009403,-4.422448394462537,0
M05,2013-05-25,Previous-day persistence,1.9674764412185501,2.0923749871092223,0.12489854589067265,-4.68325782139464,0
M05,2013-05-25,ECF,2.255534478800253,3.2541836929389447,0.998649214138692,-4.395435727671733,10
M05,2013-05-25,Equal-total control,2.2283033290157355,3.2342232708659044,1.005919941850169,-4.422455057515608,0
M05,2013-05-26,No feedback,2.4026397087588642,3.304037085061846,0.9013973763029819,-4.372886127442973,0
M05,2013-05-26,Previous-day persistence,2.038810880840151,2.06783520938892,0.029024328548769664,-4.735048843396163,0
M05,2013-05-26,ECF,2.4062464648219484,3.2987998294248433,0.8925533646028943,-4.369334519459284,9
M05,2013-05-26,Equal-total control,2.402644842003457,3.3040429024270956,0.9013980604236383,-4.37288103766709,0
M05,2013-05-27,No feedback,1.9005103396223002,3.20208881801849,1.3015784783961895,-5.106651816503098,0
M05,2013-05-27,Previous-day persistence,1.6315245002075958,2.1510669263013336,0.5195424260937382,-5.374516487823061,0
M05,2013-05-27,ECF,2.0892898096406984,3.389526847726118,1.3002370380854198,-4.9193792979000435,9
M05,2013-05-27,Equal-total control,1.9005049083391392,3.202087937794994,1.3015830294558546,-5.106657186217531,0
M05,2013-05-28,No feedback,2.2681594540444525,3.513482858269228,1.245323404224775,-4.248049692191966,0
M05,2013-05-28,Previous-day persistence,1.7161011935176589,2.0417116532221753,0.32561045970451624,-4.79739108566867,0
M05,2013-05-28,ECF,2.2897545823465086,3.523736979483405,1.2339823971368964,-4.226678747979199,7
M05,2013-05-28,Equal-total control,2.2681512946221036,3.5134736442005297,1.245322349578426,-4.24805776090033,0
M05,2013-05-29,No feedback,2.203769370935151,3.2282024202232487,1.0244330492880975,-3.8925560847317517,0
M05,2013-05-29,Previous-day persistence,1.877932959970015,2.001694777708572,0.12376181773855674,-4.217493760659446,0
M05,2013-05-29,ECF,2.2812778326324397,3.32998348155397,1.0487056489215303,-3.815722397461698,7
M05,2013-05-29,Equal-total control,2.2037732442149007,3.2282047443276896,1.024431500112789,-3.8925522549410334,0
M05,2013-05-30,No feedback,2.474948428179497,3.341968799566226,0.8670203713867295,-3.5614289424461485,0
M05,2013-05-30,Previous-day persistence,2.30448027379768,2.3552589282615872,0.05077865446390743,-3.731772555080409,0
M05,2013-05-30,ECF,2.4737256927027933,3.3407229764949884,0.8669972837921947,-3.562644641441963,3
M05,2013-05-30,Equal-total control,2.4749453519719053,3.341965828245403,0.8670204762734979,-3.561431987256029,0
M05,2013-05-31,No feedback,2.1266857476576986,3.019538419391502,0.8928526717338032,-3.6425228437406614,0
M05,2013-05-31,Previous-day persistence,1.9123430147343505,1.9688523990305529,0.05650938429620249,-3.856105492838342,0
M05,2013-05-31,ECF,2.135048167929864,3.0256254627442454,0.8905772948143816,-3.6342501385056027,8
M05,2013-05-31,Equal-total control,2.126693308606458,3.019546166781029,0.8928528581745709,-3.6425153441344156,0
M05,2013-06-01,No feedback,1.7186494341719878,3.031615058877948,1.31296562470596,-4.606022424006436,0
M05,2013-06-01,Previous-day persistence,1.554199597771527,1.9892793832991673,0.43507978552764026,-4.769987083001258,0
M05,2013-06-01,ECF,1.7195095019388251,3.04146492711686,1.321955425178035,-4.605188131972933,10
M05,2013-06-01,Equal-total control,1.7186739572158176,3.0316462742075645,1.3129723169917469,-4.605998114845955,0
M05,2013-06-02,No feedback,0.6923513481663444,3.081155682706036,2.3888043345396923,-7.41131108337161,0
M05,2013-06-02,Previous-day persistence,0.36490339315383247,1.5617634321325815,1.196860038978749,-7.738512200252187,0
M05,2013-06-02,ECF,0.701844403076437,3.094040472694432,2.3921960696179956,-7.401854798910752,4
M05,2013-06-02,Equal-total control,0.6923530518392931,3.081170775581104,2.388817723741811,-7.411309388711315,0
M05,2013-06-03,No feedback,2.259315229959533,3.315357781715359,1.056042551755826,-4.799135454114162,0
M05,2013-06-03,Previous-day persistence,0.715221152695456,0.762359731589329,0.04713857889387291,-6.338223315510746,0
M05,2013-06-03,ECF,2.277145648448535,3.3224113247890914,1.0452656763405572,-4.781468682249367,9
M05,2013-06-03,Equal-total control,2.259309124866534,3.3153509891307826,1.0560418642642484,-4.799141500656946,0
M05,2013-06-04,No feedback,2.170195246648458,3.106070500773356,0.9358752541248976,-4.64370095818262,0
M05,2013-06-04,Previous-day persistence,1.8298768770877831,1.9129869500108816,0.08311007292309854,-4.982265666463412,0
M05,2013-06-04,ECF,2.17470901135043,3.0999953707039545,0.9252863593535247,-4.6392948833185015,11
M05,2013-06-04,Equal-total control,2.1702008446484014,3.1060762770269057,0.9358754323785042,-4.643695419584792,0
M05,2013-06-05,No feedback,2.058523451662201,3.148682150838652,1.090158699176451,-4.868957414506733,0
M05,2013-06-05,Previous-day persistence,1.7511177153915038,1.9276294193555585,0.1765117039640546,-5.175210449600973,0
M05,2013-06-05,ECF,2.0842101417298915,3.158561530817797,1.0743513890879053,-4.843503694424554,11
M05,2013-06-05,Equal-total control,2.058523278886523,3.148681259492616,1.0901579806060928,-4.868957581265938,0
M05,2013-06-06,No feedback,1.959359543215956,3.341936402083939,1.3825768588679832,-4.695172109145308,0
M05,2013-06-06,Previous-day persistence,1.778164273220388,2.2059188071281777,0.4277545339077899,-4.875620927738133,0
M05,2013-06-06,ECF,1.9803877156449508,3.3612502902879315,1.3808625746429808,-4.674293634829866,4
M05,2013-06-06,Equal-total control,1.95937104408231,3.3419481241093942,1.3825770800270845,-4.695160736514892,0
M05,2013-06-07,No feedback,1.856905594499147,3.340160869307467,1.4832552748083199,-4.409861821036924,0
M05,2013-06-07,Previous-day persistence,1.4949523050972373,1.9422550062480188,0.44730270115078175,-4.770660530049298,0
M05,2013-06-07,ECF,1.8711076511933944,3.347683037954853,1.4765753867614584,-4.395788859773828,6
M05,2013-06-07,Equal-total control,1.8569034983011035,3.3401585654026618,1.483255067101558,-4.409863892769855,0
M05,2013-06-08,No feedback,1.912182090111429,3.2188707833694536,1.306688693258025,-4.718215876722244,0
M05,2013-06-08,Previous-day persistence,1.4659659243635625,1.712580768254979,0.24661484389141625,-5.163021657785604,0
M05,2013-06-08,ECF,1.9203554497689672,3.218691436904519,1.2983359871355513,-4.71015573886566,6
M05,2013-06-08,Equal-total control,1.9121778132307623,3.2188648016001897,1.3066869883694276,-4.718220112573491,0
M05,2013-06-09,No feedback,2.1286802464214105,3.0580367562440403,0.9293565098226295,-4.479508827415223,0
M05,2013-06-09,Previous-day persistence,1.6003237488941722,1.6403188546179388,0.039995105723766744,-5.0063274263586734,0
M05,2013-06-09,ECF,2.150835259601732,3.0702507561890022,0.9194154965872703,-4.457508809360735,8
M05,2013-06-09,Equal-total control,2.128663478592276,3.0580195121022724,0.9293560335099966,-4.479525457015451,0
M05,2013-06-10,No feedback,1.8063884101180743,3.0007721684352218,1.1943837583171475,-5.423394209097005,0
M05,2013-06-10,Previous-day persistence,1.6451784116642827,1.9495849439230595,0.30440653225877684,-5.58415847008686,0
M05,2013-06-10,ECF,1.805187082274415,3.0238027628915587,1.2186156806171438,-5.424589593720728,6
M05,2013-06-10,Equal-total control,1.8063824095484016,3.0007734806515667,1.1943910711031651,-5.423400156500578,0
M05,2013-06-11,No feedback,2.1732285429648464,3.095446556696126,0.9222180137312795,-4.311835709702856,0
M05,2013-06-11,Previous-day persistence,1.631973225988919,1.6761926901342385,0.04421946414531938,-4.851199162036899,0
M05,2013-06-11,ECF,2.1803087602973186,3.0890385821485142,0.908729821851196,-4.304831956564872,10
M05,2013-06-11,Equal-total control,2.1732229772150156,3.0954402809180106,0.9222173037029953,-4.311841232919501,0
M05,2013-06-12,No feedback,1.1412030119628023,3.103777783903017,1.962574771940215,-6.3176664088973356,0
M05,2013-06-12,Previous-day persistence,1.004060525848916,2.0755977606019,1.0715372347529843,-6.454669822649409,0
M05,2013-06-12,ECF,1.1455113217013038,3.079091543123737,1.9335802214224334,-6.313386636392014,6
M05,2013-06-12,Equal-total control,1.1411993800493185,3.1037543686519946,1.9625549886026763,-6.31767002780096,0
M05,2013-06-13,No feedback,1.9460825745617967,2.9427452079245935,0.9966626333627967,-4.851722865601688,0
M05,2013-06-13,Previous-day persistence,0.9131941313486203,1.0383453119349662,0.12515118058634578,-5.8806030844297545,0
M05,2013-06-13,ECF,1.9836054464838386,2.9819182804163127,0.9983128339324745,-4.814436905914386,7
M05,2013-06-13,Equal-total control,1.946093212206403,2.9427576342242623,0.9966644220178593,-4.851712307685175,0
M05,2013-06-14,No feedback,2.1281447974187606,3.1161189760777193,0.9879741786589586,-4.805764064788422,0
M05,2013-06-14,Previous-day persistence,1.8522656302772642,1.9168563493608386,0.06459071908357439,-5.080655763590737,0
M05,2013-06-14,ECF,2.1314881520121833,3.1123621267076618,0.9808739746954784,-4.802470308782475,10
M05,2013-06-14,Equal-total control,2.128142247709065,3.1161163284045768,0.9879740806955117,-4.805766585256506,0
M05,2013-06-15,No feedback,1.7765685748852436,3.0087031527836654,1.2321345778984214,-5.371085187242395,0
M05,2013-06-15,Previous-day persistence,1.5716061132149002,1.8788360283799994,0.3072299151650991,-5.575572056774415,0
M05,2013-06-15,ECF,1.8237882958357383,3.0654187609678187,1.24163046513208,-5.324196216238254,9
M05,2013-06-15,Equal-total control,1.776590641095063,3.008727873063836,1.232137231968773,-5.371063307864,0
M05,2013-06-16,No feedback,2.2184315125935976,3.1721292279499345,0.9536977153563373,-5.300062890912581,0
M05,2013-06-16,Previous-day persistence,1.8989340268045738,1.9786688415369715,0.07973481473239769,-5.61923690496777,0
M05,2013-06-16,ECF,2.220867197386646,3.172863840483949,0.9519966430973028,-5.2976472903655605,6
M05,2013-06-16,Equal-total control,2.2184162558824947,3.1721139032767116,0.9536976473942169,-5.300078001805949,0
M05,2013-06-17,No feedback,2.092308763299766,3.0892853629026735,0.9969765996029082,-5.5420453848977616,0
M05,2013-06-17,Previous-day persistence,1.7971317659536932,1.906483274604185,0.10935150865049188,-5.836218427227486,0
M05,2013-06-17,ECF,2.1440363688699815,3.1459903621343335,1.0019539932643526,-5.4906797668690634,8
M05,2013-06-17,Equal-total control,2.092310265350643,3.0892853960241187,0.9969751306734753,-5.5420439001524135,0
M05,2013-06-18,No feedback,2.1160823896842134,3.142248478265919,1.0261660885817054,-5.643719815075005,0
M05,2013-06-18,Previous-day persistence,1.9687708026465196,2.0872377826187507,0.11846697997223088,-5.791504940415702,0
M05,2013-06-18,ECF,2.1246638179604767,3.141885658455342,1.0172218404948654,-5.635226746402349,7
M05,2013-06-18,Equal-total control,2.116080609954632,3.1422456957090583,1.0261650857544269,-5.643721587693292,0
M05,2013-06-19,No feedback,1.9124012491186382,3.0416047983465653,1.1292035492279275,-6.168646927698034,0
M05,2013-06-19,Previous-day persistence,1.6590619003665479,1.9133974715660922,0.2543355711995444,-6.421323523243368,0
M05,2013-06-19,ECF,2.1840553294214082,3.356498485370226,1.1724431559488178,-5.8990043283971945,10
M05,2013-06-19,Equal-total control,1.912393987285957,3.041600178813492,1.1292061915275347,-6.168654140717738,0
M05,2013-06-23,No feedback,1.2176710329932032,2.6859757895791545,1.4683047565859515,-8.111944279715416,0
M05,2013-06-23,Previous-day persistence,1.044874528956405,1.5195693342322758,0.4746948052758707,-8.284920311327658,0
M05,2013-06-23,ECF,1.2474828710207042,2.737616345049984,1.4901334740292798,-8.082293416295144,9
M05,2013-06-23,Equal-total control,1.2176615423278236,2.6859528709857425,1.4682913286579184,-8.11195373657344,0
M05,2013-06-24,No feedback,1.8189301145107022,3.024136454025729,1.205206339515027,-6.559505171361639,0
M05,2013-06-24,Previous-day persistence,1.3116269010188115,1.450434846776544,0.13880794575773256,-7.066413934203883,0
M05,2013-06-24,ECF,1.838396704727479,3.0382367039059557,1.199839999178477,-6.540184579604975,7
M05,2013-06-24,Equal-total control,1.8189187011887018,3.0241249858161297,1.2052062846274283,-6.55951647950254,0
M05,2013-06-25,No feedback,1.682867495920867,2.9180776620123106,1.2352101660914436,-6.997664345282464,0
M05,2013-06-25,Previous-day persistence,1.3235382559396656,1.4603300746596894,0.13679181872002383,-7.356582849231128,0
M05,2013-06-25,ECF,1.6850225657957079,2.9159527292236134,1.2309301634279055,-6.995551887718451,5
M05,2013-06-25,Equal-total control,1.6828717522065717,2.918083121504872,1.2352113692983004,-6.997660110578969,0
M05,2013-06-26,No feedback,1.6816553327812516,2.743990995457918,1.0623356626766665,-5.889299364549435,0
M05,2013-06-26,Previous-day persistence,1.1265627528259254,1.3124048157647192,0.18584206293879402,-6.443419957068143,0
M05,2013-06-26,ECF,1.6817294766783366,2.743037239221926,1.0613077625435898,-5.889223942708289,2
M05,2013-06-26,Equal-total control,1.681647365077327,2.743982100379975,1.062334735302648,-5.889307258369141,0
M05,2013-06-27,No feedback,1.6623280841853993,3.129204748702827,1.4668766645174274,-5.9234425356767115,0
M05,2013-06-27,Previous-day persistence,1.4863632917985588,1.9162791992178725,0.4299159074193137,-6.099392659640068,0
M05,2013-06-27,ECF,1.730741901863111,3.172922763235793,1.4421808613726819,-5.855629269964482,7
M05,2013-06-27,Equal-total control,1.6623376862486638,3.1292173871673943,1.4668797009187307,-5.923433000297108,0
