trajectory_id,scenario_id,profile_id,q_mode,method_id,control_id,delivery_change_kw,jain_change_percentage_points,minimum_voltage_margin_mpu,maximum_loading_ratio,maximum_mva_excess,matched_q_pair_pass_rate
DF_SINGLE_P021::CLUSTERED_SHORTFALL::THETA_0000::NO_FEEDBACK::Q0::weighted_proportional,DF_SINGLE_P021,CLUSTERED_SHORTFALL,Q0,weighted_proportional,NO_FEEDBACK,-2.53476807477,-0.348977135981,7.33658316846,0.909090897131,0,1
DF_SINGLE_P021::CLUSTERED_SHORTFALL::THETA_0000::DELIVERY_RATIO_CF_BETA_050::Q0::weighted_proportional,DF_SINGLE_P021,CLUSTERED_SHORTFALL,Q0,weighted_proportional,DELIVERY_RATIO_CF_BETA_050,0.843436811351,-0.196463832706,7.24527067506,0.90909091028,0,1
DF_SINGLE_P021::CLUSTERED_SHORTFALL::THETA_0000::EXTERNALITY_CF_BETA_025::Q0::weighted_proportional,DF_SINGLE_P021,CLUSTERED_SHORTFALL,Q0,weighted_proportional,EXTERNALITY_CF_BETA_025,1.95210477318,-0.189281796879,7.18120900011,0.909090915075,0,1
DF_SINGLE_P021::CLUSTERED_SHORTFALL::THETA_0000::EXTERNALITY_CF_BETA_050::Q0::weighted_proportional,DF_SINGLE_P021,CLUSTERED_SHORTFALL,Q0,weighted_proportional,EXTERNALITY_CF_BETA_050,5.85523722226,-0.312895121267,7.15096592923,0.909090913831,0,1
DF_SINGLE_P021::CLUSTERED_SHORTFALL::THETA_0000::EXTERNALITY_CF_BETA_100::Q0::weighted_proportional,DF_SINGLE_P021,CLUSTERED_SHORTFALL,Q0,weighted_proportional,EXTERNALITY_CF_BETA_100,-14.5469176838,-1.54792876744,6.89256102127,0.909090913433,0,1
DF_SINGLE_P021::CLUSTERED_SHORTFALL::THETA_0000::UNIFORM_MATCHED_EXTERNALITY_CF_BETA_050::Q0::weighted_proportional,DF_SINGLE_P021,CLUSTERED_SHORTFALL,Q0,weighted_proportional,UNIFORM_MATCHED_EXTERNALITY_CF_BETA_050,-2.53476807495,-0.348977135981,7.33658315223,0.909090912202,0,1
DF_SINGLE_P021::CLUSTERED_SHORTFALL::THETA_0000::NO_FEEDBACK::Q0::equal_kw_reduction,DF_SINGLE_P021,CLUSTERED_SHORTFALL,Q0,equal_kw_reduction,NO_FEEDBACK,-4.51939976283,-1.1957496442,7.90965529199,0.90909089915,0,1
DF_SINGLE_P021::CLUSTERED_SHORTFALL::THETA_0000::DELIVERY_RATIO_CF_BETA_050::Q0::equal_kw_reduction,DF_SINGLE_P021,CLUSTERED_SHORTFALL,Q0,equal_kw_reduction,DELIVERY_RATIO_CF_BETA_050,0.911678778198,-0.585286856899,7.75691488446,0.909090911463,0,1
DF_SINGLE_P021::CLUSTERED_SHORTFALL::THETA_0000::EXTERNALITY_CF_BETA_025::Q0::equal_kw_reduction,DF_SINGLE_P021,CLUSTERED_SHORTFALL,Q0,equal_kw_reduction,EXTERNALITY_CF_BETA_025,-0.326815623482,-0.228706444475,7.67379653312,0.909090916385,0,1
DF_SINGLE_P021::CLUSTERED_SHORTFALL::THETA_0000::EXTERNALITY_CF_BETA_050::Q0::equal_kw_reduction,DF_SINGLE_P021,CLUSTERED_SHORTFALL,Q0,equal_kw_reduction,EXTERNALITY_CF_BETA_050,10.3644517472,0.45488342705,7.45861901971,0.909090920227,0,1
DF_SINGLE_P021::CLUSTERED_SHORTFALL::THETA_0000::EXTERNALITY_CF_BETA_100::Q0::equal_kw_reduction,DF_SINGLE_P021,CLUSTERED_SHORTFALL,Q0,equal_kw_reduction,EXTERNALITY_CF_BETA_100,-21.8399374255,0.288103080563,7.29134974949,0.909090915435,0,1
DF_SINGLE_P021::CLUSTERED_SHORTFALL::THETA_0000::UNIFORM_MATCHED_EXTERNALITY_CF_BETA_050::Q0::equal_kw_reduction,DF_SINGLE_P021,CLUSTERED_SHORTFALL,Q0,equal_kw_reduction,UNIFORM_MATCHED_EXTERNALITY_CF_BETA_050,-12.1494228027,0.226171116109,7.71747142151,0.909090918566,0,1
DF_SINGLE_P021::CLUSTERED_SHORTFALL::THETA_0000::NO_FEEDBACK::Q0::flat_level,DF_SINGLE_P021,CLUSTERED_SHORTFALL,Q0,flat_level,NO_FEEDBACK,0,0,5.56306508386,0.90909089835,0,1
DF_SINGLE_P021::CLUSTERED_SHORTFALL::THETA_0000::DELIVERY_RATIO_CF_BETA_050::Q0::flat_level,DF_SINGLE_P021,CLUSTERED_SHORTFALL,Q0,flat_level,DELIVERY_RATIO_CF_BETA_050,0,0,5.56306508386,0.90909089835,0,1
DF_SINGLE_P021::CLUSTERED_SHORTFALL::THETA_0000::EXTERNALITY_CF_BETA_025::Q0::flat_level,DF_SINGLE_P021,CLUSTERED_SHORTFALL,Q0,flat_level,EXTERNALITY_CF_BETA_025,10.6834817468,0.366388766027,5.56306508386,0.909090910178,0,1
DF_SINGLE_P021::CLUSTERED_SHORTFALL::THETA_0000::EXTERNALITY_CF_BETA_050::Q0::flat_level,DF_SINGLE_P021,CLUSTERED_SHORTFALL,Q0,flat_level,EXTERNALITY_CF_BETA_050,56.9462072023,1.42668913542,5.56306508386,0.909090916801,0,1
DF_SINGLE_P021::CLUSTERED_SHORTFALL::THETA_0000::EXTERNALITY_CF_BETA_100::Q0::flat_level,DF_SINGLE_P021,CLUSTERED_SHORTFALL,Q0,flat_level,EXTERNALITY_CF_BETA_100,62.2921691813,1.09866935019,5.56306508386,0.909090909999,0,1
DF_SINGLE_P021::CLUSTERED_SHORTFALL::THETA_0000::UNIFORM_MATCHED_EXTERNALITY_CF_BETA_050::Q0::flat_level,DF_SINGLE_P021,CLUSTERED_SHORTFALL,Q0,flat_level,UNIFORM_MATCHED_EXTERNALITY_CF_BETA_050,20.6787786568,0.776934520555,5.56306508386,0.90909091247,0,1
DF_SINGLE_P021::CLUSTERED_SHORTFALL::THETA_0000::NO_FEEDBACK::Q0::max_export_lp,DF_SINGLE_P021,CLUSTERED_SHORTFALL,Q0,max_export_lp,NO_FEEDBACK,-10.4262181637,-1.59973864816,8.16858921561,0.909090903734,0,1
DF_SINGLE_P021::CLUSTERED_SHORTFALL::THETA_0000::DELIVERY_RATIO_CF_BETA_050::Q0::max_export_lp,DF_SINGLE_P021,CLUSTERED_SHORTFALL,Q0,max_export_lp,DELIVERY_RATIO_CF_BETA_050,-1.67224680618,-0.636687887322,7.98370500285,0.909090914931,0,1
DF_SINGLE_P021::CLUSTERED_SHORTFALL::THETA_0000::EXTERNALITY_CF_BETA_025::Q0::max_export_lp,DF_SINGLE_P021,CLUSTERED_SHORTFALL,Q0,max_export_lp,EXTERNALITY_CF_BETA_025,-3.12848929887,-0.231181511182,7.89567182223,0.909090912175,0,1
DF_SINGLE_P021::CLUSTERED_SHORTFALL::THETA_0000::EXTERNALITY_CF_BETA_050::Q0::max_export_lp,DF_SINGLE_P021,CLUSTERED_SHORTFALL,Q0,max_export_lp,EXTERNALITY_CF_BETA_050,3.32922920809,0.483232534576,7.59788710399,0.90909091239,0,1
DF_SINGLE_P021::CLUSTERED_SHORTFALL::THETA_0000::EXTERNALITY_CF_BETA_100::Q0::max_export_lp,DF_SINGLE_P021,CLUSTERED_SHORTFALL,Q0,max_export_lp,EXTERNALITY_CF_BETA_100,-16.3787515138,-0.168934911418,7.47926679336,0.909090924271,0,1
DF_SINGLE_P021::CLUSTERED_SHORTFALL::THETA_0000::UNIFORM_MATCHED_EXTERNALITY_CF_BETA_050::Q0::max_export_lp,DF_SINGLE_P021,CLUSTERED_SHORTFALL,Q0,max_export_lp,UNIFORM_MATCHED_EXTERNALITY_CF_BETA_050,-22.9539525548,0.175028185641,7.78378950693,0.909090909062,0,1
DF_SINGLE_P021::CLUSTERED_SHORTFALL::THETA_0000::NO_FEEDBACK::Q0::fairness_qp,DF_SINGLE_P021,CLUSTERED_SHORTFALL,Q0,fairness_qp,NO_FEEDBACK,-1.84113115903,-0.488022005774,7.82654596691,0.909090906834,0,1
DF_SINGLE_P021::CLUSTERED_SHORTFALL::THETA_0000::DELIVERY_RATIO_CF_BETA_050::Q0::fairness_qp,DF_SINGLE_P021,CLUSTERED_SHORTFALL,Q0,fairness_qp,DELIVERY_RATIO_CF_BETA_050,1.70034554469,-0.280760295149,7.71702723921,0.909090918296,0,1
DF_SINGLE_P021::CLUSTERED_SHORTFALL::THETA_0000::EXTERNALITY_CF_BETA_025::Q0::fairness_qp,DF_SINGLE_P021,CLUSTERED_SHORTFALL,Q0,fairness_qp,EXTERNALITY_CF_BETA_025,-0.0601554484575,-0.146474457309,7.63267845587,0.909090918312,0,1
DF_SINGLE_P021::CLUSTERED_SHORTFALL::THETA_0000::EXTERNALITY_CF_BETA_050::Q0::fairness_qp,DF_SINGLE_P021,CLUSTERED_SHORTFALL,Q0,fairness_qp,EXTERNALITY_CF_BETA_050,4.2781939204,-0.0683693250384,7.40729511926,0.909090912868,0,1
DF_SINGLE_P021::CLUSTERED_SHORTFALL::THETA_0000::EXTERNALITY_CF_BETA_100::Q0::fairness_qp,DF_SINGLE_P021,CLUSTERED_SHORTFALL,Q0,fairness_qp,EXTERNALITY_CF_BETA_100,-16.4958307553,-1.15124429672,7.2515560163,0.909090918107,0,1
DF_SINGLE_P021::CLUSTERED_SHORTFALL::THETA_0000::UNIFORM_MATCHED_EXTERNALITY_CF_BETA_050::Q0::fairness_qp,DF_SINGLE_P021,CLUSTERED_SHORTFALL,Q0,fairness_qp,UNIFORM_MATCHED_EXTERNALITY_CF_BETA_050,-7.14227009323,-0.285791250186,7.67898996719,0.909090912724,0,1
DF_SINGLE_P021::CLUSTERED_SHORTFALL::THETA_0000::NO_FEEDBACK::Q95::weighted_proportional,DF_SINGLE_P021,CLUSTERED_SHORTFALL,Q95,weighted_proportional,NO_FEEDBACK,-2.53476807637,-0.348977135981,5.75304946887,0.909090908641,0,1
DF_SINGLE_P021::CLUSTERED_SHORTFALL::THETA_0000::DELIVERY_RATIO_CF_BETA_050::Q95::weighted_proportional,DF_SINGLE_P021,CLUSTERED_SHORTFALL,Q95,weighted_proportional,DELIVERY_RATIO_CF_BETA_050,0.843436810126,-0.196463832707,5.68303601481,0.909090917492,0,1
DF_SINGLE_P021::CLUSTERED_SHORTFALL::THETA_0000::EXTERNALITY_CF_BETA_025::Q95::weighted_proportional,DF_SINGLE_P021,CLUSTERED_SHORTFALL,Q95,weighted_proportional,EXTERNALITY_CF_BETA_025,1.95210477302,-0.189281796879,5.63396650061,0.909090915809,0,1
DF_SINGLE_P021::CLUSTERED_SHORTFALL::THETA_0000::EXTERNALITY_CF_BETA_050::Q95::weighted_proportional,DF_SINGLE_P021,CLUSTERED_SHORTFALL,Q95,weighted_proportional,EXTERNALITY_CF_BETA_050,5.85523722124,-0.312895121267,5.61080261638,0.909090911914,0,1
DF_SINGLE_P021::CLUSTERED_SHORTFALL::THETA_0000::EXTERNALITY_CF_BETA_100::Q95::weighted_proportional,DF_SINGLE_P021,CLUSTERED_SHORTFALL,Q95,weighted_proportional,EXTERNALITY_CF_BETA_100,-14.5469176842,-1.54792876744,5.41295656865,0.909090911368,0,1
DF_SINGLE_P021::CLUSTERED_SHORTFALL::THETA_0000::UNIFORM_MATCHED_EXTERNALITY_CF_BETA_050::Q95::weighted_proportional,DF_SINGLE_P021,CLUSTERED_SHORTFALL,Q95,weighted_proportional,UNIFORM_MATCHED_EXTERNALITY_CF_BETA_050,-2.53476807417,-0.348977135981,5.75304945261,0.909090916106,0,1
DF_SINGLE_P021::CLUSTERED_SHORTFALL::THETA_0000::NO_FEEDBACK::Q95::equal_kw_reduction,DF_SINGLE_P021,CLUSTERED_SHORTFALL,Q95,equal_kw_reduction,NO_FEEDBACK,-4.51939976283,-1.1957496442,6.19201553966,0.909090905434,0,1
DF_SINGLE_P021::CLUSTERED_SHORTFALL::THETA_0000::DELIVERY_RATIO_CF_BETA_050::Q95::equal_kw_reduction,DF_SINGLE_P021,CLUSTERED_SHORTFALL,Q95,equal_kw_reduction,DELIVERY_RATIO_CF_BETA_050,0.911678778198,-0.585286856899,6.07493728908,0.909090910404,0,1
DF_SINGLE_P021::CLUSTERED_SHORTFALL::THETA_0000::EXTERNALITY_CF_BETA_025::Q95::equal_kw_reduction,DF_SINGLE_P021,CLUSTERED_SHORTFALL,Q95,equal_kw_reduction,EXTERNALITY_CF_BETA_025,-0.326815623482,-0.228706444475,6.01129205309,0.909090910138,0,1
DF_SINGLE_P021::CLUSTERED_SHORTFALL::THETA_0000::EXTERNALITY_CF_BETA_050::Q95::equal_kw_reduction,DF_SINGLE_P021,CLUSTERED_SHORTFALL,Q95,equal_kw_reduction,EXTERNALITY_CF_BETA_050,10.3644517472,0.45488342705,5.8464349875,0.909090910887,0,1
DF_SINGLE_P021::CLUSTERED_SHORTFALL::THETA_0000::EXTERNALITY_CF_BETA_100::Q95::equal_kw_reduction,DF_SINGLE_P021,CLUSTERED_SHORTFALL,Q95,equal_kw_reduction,EXTERNALITY_CF_BETA_100,-21.8399374255,0.288103080563,5.7185069746,0.909090912699,0,1
DF_SINGLE_P021::CLUSTERED_SHORTFALL::THETA_0000::UNIFORM_MATCHED_EXTERNALITY_CF_BETA_050::Q95::equal_kw_reduction,DF_SINGLE_P021,CLUSTERED_SHORTFALL,Q95,equal_kw_reduction,UNIFORM_MATCHED_EXTERNALITY_CF_BETA_050,-12.1494228027,0.226171116109,6.04482071792,0.909090915983,0,1
DF_SINGLE_P021::CLUSTERED_SHORTFALL::THETA_0000::NO_FEEDBACK::Q95::flat_level,DF_SINGLE_P021,CLUSTERED_SHORTFALL,Q95,flat_level,NO_FEEDBACK,0,0,4.39413316793,0.909090906997,0,1
DF_SINGLE_P021::CLUSTERED_SHORTFALL::THETA_0000::DELIVERY_RATIO_CF_BETA_050::Q95::flat_level,DF_SINGLE_P021,CLUSTERED_SHORTFALL,Q95,flat_level,DELIVERY_RATIO_CF_BETA_050,0,0,4.39413316793,0.909090906997,0,1
DF_SINGLE_P021::CLUSTERED_SHORTFALL::THETA_0000::EXTERNALITY_CF_BETA_025::Q95::flat_level,DF_SINGLE_P021,CLUSTERED_SHORTFALL,Q95,flat_level,EXTERNALITY_CF_BETA_025,10.6834817468,0.366388766027,4.39413316793,0.909090916042,0,1
DF_SINGLE_P021::CLUSTERED_SHORTFALL::THETA_0000::EXTERNALITY_CF_BETA_050::Q95::flat_level,DF_SINGLE_P021,CLUSTERED_SHORTFALL,Q95,flat_level,EXTERNALITY_CF_BETA_050,56.9462072023,1.42668913542,4.39413316793,0.909090920382,0,1
DF_SINGLE_P021::CLUSTERED_SHORTFALL::THETA_0000::EXTERNALITY_CF_BETA_100::Q95::flat_level,DF_SINGLE_P021,CLUSTERED_SHORTFALL,Q95,flat_level,EXTERNALITY_CF_BETA_100,62.2921691813,1.09866935019,4.39413316793,0.909090917273,0,1
DF_SINGLE_P021::CLUSTERED_SHORTFALL::THETA_0000::UNIFORM_MATCHED_EXTERNALITY_CF_BETA_050::Q95::flat_level,DF_SINGLE_P021,CLUSTERED_SHORTFALL,Q95,flat_level,UNIFORM_MATCHED_EXTERNALITY_CF_BETA_050,20.6787786568,0.776934520555,4.39413316793,0.909090917665,0,1
DF_SINGLE_P021::CLUSTERED_SHORTFALL::THETA_0000::NO_FEEDBACK::Q95::max_export_lp,DF_SINGLE_P021,CLUSTERED_SHORTFALL,Q95,max_export_lp,NO_FEEDBACK,-10.4262046629,-1.59970713595,6.39035642977,0.909090899668,0,1
DF_SINGLE_P021::CLUSTERED_SHORTFALL::THETA_0000::DELIVERY_RATIO_CF_BETA_050::Q95::max_export_lp,DF_SINGLE_P021,CLUSTERED_SHORTFALL,Q95,max_export_lp,DELIVERY_RATIO_CF_BETA_050,-1.67225368189,-0.636682484319,6.24867315971,0.909090917092,0,1
DF_SINGLE_P021::CLUSTERED_SHORTFALL::THETA_0000::EXTERNALITY_CF_BETA_025::Q95::max_export_lp,DF_SINGLE_P021,CLUSTERED_SHORTFALL,Q95,max_export_lp,EXTERNALITY_CF_BETA_025,-3.12847344805,-0.231166809527,6.181283155,0.909090914072,0,1
DF_SINGLE_P021::CLUSTERED_SHORTFALL::THETA_0000::EXTERNALITY_CF_BETA_050::Q95::max_export_lp,DF_SINGLE_P021,CLUSTERED_SHORTFALL,Q95,max_export_lp,EXTERNALITY_CF_BETA_050,3.3292440164,0.483246337624,5.95318633527,0.909090912775,0,1
DF_SINGLE_P021::CLUSTERED_SHORTFALL::THETA_0000::EXTERNALITY_CF_BETA_100::Q95::max_export_lp,DF_SINGLE_P021,CLUSTERED_SHORTFALL,Q95,max_export_lp,EXTERNALITY_CF_BETA_100,-16.3787301668,-0.168917936381,5.86251827163,0.909090915359,0,1
DF_SINGLE_P021::CLUSTERED_SHORTFALL::THETA_0000::UNIFORM_MATCHED_EXTERNALITY_CF_BETA_050::Q95::max_export_lp,DF_SINGLE_P021,CLUSTERED_SHORTFALL,Q95,max_export_lp,UNIFORM_MATCHED_EXTERNALITY_CF_BETA_050,-22.9539494803,0.175044618161,6.09568739645,0.909090917791,0,1
DF_SINGLE_P021::CLUSTERED_SHORTFALL::THETA_0000::NO_FEEDBACK::Q95::fairness_qp,DF_SINGLE_P021,CLUSTERED_SHORTFALL,Q95,fairness_qp,NO_FEEDBACK,-1.84112910168,-0.48802188232,6.12823462878,0.909090896623,0,1
DF_SINGLE_P021::CLUSTERED_SHORTFALL::THETA_0000::DELIVERY_RATIO_CF_BETA_050::Q95::fairness_qp,DF_SINGLE_P021,CLUSTERED_SHORTFALL,Q95,fairness_qp,DELIVERY_RATIO_CF_BETA_050,1.70034476283,-0.2807600769,6.04428964006,0.909090909917,0,1
DF_SINGLE_P021::CLUSTERED_SHORTFALL::THETA_0000::EXTERNALITY_CF_BETA_025::Q95::fairness_qp,DF_SINGLE_P021,CLUSTERED_SHORTFALL,Q95,fairness_qp,EXTERNALITY_CF_BETA_025,-0.0601571168157,-0.146474277614,5.97970484993,0.909090909136,0,1
DF_SINGLE_P021::CLUSTERED_SHORTFALL::THETA_0000::EXTERNALITY_CF_BETA_050::Q95::fairness_qp,DF_SINGLE_P021,CLUSTERED_SHORTFALL,Q95,fairness_qp,EXTERNALITY_CF_BETA_050,4.27813662937,-0.0683757996543,5.80717257372,0.90909091512,0,1
DF_SINGLE_P021::CLUSTERED_SHORTFALL::THETA_0000::EXTERNALITY_CF_BETA_100::Q95::fairness_qp,DF_SINGLE_P021,CLUSTERED_SHORTFALL,Q95,fairness_qp,EXTERNALITY_CF_BETA_100,-16.4958337435,-1.15124405526,5.68795409494,0.909090918868,0,1
DF_SINGLE_P021::CLUSTERED_SHORTFALL::THETA_0000::UNIFORM_MATCHED_EXTERNALITY_CF_BETA_050::Q95::fairness_qp,DF_SINGLE_P021,CLUSTERED_SHORTFALL,Q95,fairness_qp,UNIFORM_MATCHED_EXTERNALITY_CF_BETA_050,-7.14228352614,-0.285791143245,6.01527312352,0.909090913694,0,1
DF_SINGLE_P021::INTERMITTENT_SHORTFALL::THETA_0000::NO_FEEDBACK::Q0::weighted_proportional,DF_SINGLE_P021,INTERMITTENT_SHORTFALL,Q0,weighted_proportional,NO_FEEDBACK,-2.53476807477,-0.348977135981,7.33658316846,0.909090897131,0,1
DF_SINGLE_P021::INTERMITTENT_SHORTFALL::THETA_0000::DELIVERY_RATIO_CF_BETA_050::Q0::weighted_proportional,DF_SINGLE_P021,INTERMITTENT_SHORTFALL,Q0,weighted_proportional,DELIVERY_RATIO_CF_BETA_050,-1.02746836277,-0.160526132271,7.24221108873,0.909090915166,0,1
DF_SINGLE_P021::INTERMITTENT_SHORTFALL::THETA_0000::EXTERNALITY_CF_BETA_025::Q0::weighted_proportional,DF_SINGLE_P021,INTERMITTENT_SHORTFALL,Q0,weighted_proportional,EXTERNALITY_CF_BETA_025,-0.56779055377,-0.0997131313786,7.26131082028,0.909090917618,0,1
DF_SINGLE_P021::INTERMITTENT_SHORTFALL::THETA_0000::EXTERNALITY_CF_BETA_050::Q0::weighted_proportional,DF_SINGLE_P021,INTERMITTENT_SHORTFALL,Q0,weighted_proportional,EXTERNALITY_CF_BETA_050,-3.17736653499,-0.116215238634,7.21114497054,0.909090918382,0,1
DF_SINGLE_P021::INTERMITTENT_SHORTFALL::THETA_0000::EXTERNALITY_CF_BETA_100::Q0::weighted_proportional,DF_SINGLE_P021,INTERMITTENT_SHORTFALL,Q0,weighted_proportional,EXTERNALITY_CF_BETA_100,-46.1925267527,-1.81065253662,7.04629341103,0.909090925401,0,1
DF_SINGLE_P021::INTERMITTENT_SHORTFALL::THETA_0000::UNIFORM_MATCHED_EXTERNALITY_CF_BETA_050::Q0::weighted_proportional,DF_SINGLE_P021,INTERMITTENT_SHORTFALL,Q0,weighted_proportional,UNIFORM_MATCHED_EXTERNALITY_CF_BETA_050,-2.5347680749,-0.348977135981,7.33658313633,0.909090919745,0,1
DF_SINGLE_P021::INTERMITTENT_SHORTFALL::THETA_0000::NO_FEEDBACK::Q0::equal_kw_reduction,DF_SINGLE_P021,INTERMITTENT_SHORTFALL,Q0,equal_kw_reduction,NO_FEEDBACK,-4.51939976283,-1.1957496442,7.90965529199,0.90909089915,0,1
DF_SINGLE_P021::INTERMITTENT_SHORTFALL::THETA_0000::DELIVERY_RATIO_CF_BETA_050::Q0::equal_kw_reduction,DF_SINGLE_P021,INTERMITTENT_SHORTFALL,Q0,equal_kw_reduction,DELIVERY_RATIO_CF_BETA_050,-0.795595439465,-0.529368455275,7.75066724114,0.90909091177,0,1
DF_SINGLE_P021::INTERMITTENT_SHORTFALL::THETA_0000::EXTERNALITY_CF_BETA_025::Q0::equal_kw_reduction,DF_SINGLE_P021,INTERMITTENT_SHORTFALL,Q0,equal_kw_reduction,EXTERNALITY_CF_BETA_025,-0.691584826968,-0.353602947758,7.77716638364,0.909090926228,0,1
DF_SINGLE_P021::INTERMITTENT_SHORTFALL::THETA_0000::EXTERNALITY_CF_BETA_050::Q0::equal_kw_reduction,DF_SINGLE_P021,INTERMITTENT_SHORTFALL,Q0,equal_kw_reduction,EXTERNALITY_CF_BETA_050,-3.80650601442,-0.341815340839,7.7239181011,0.909090922952,0,1
DF_SINGLE_P021::INTERMITTENT_SHORTFALL::THETA_0000::EXTERNALITY_CF_BETA_100::Q0::equal_kw_reduction,DF_SINGLE_P021,INTERMITTENT_SHORTFALL,Q0,equal_kw_reduction,EXTERNALITY_CF_BETA_100,-75.4460750087,1.32283791114,7.35702289948,0.909090915339,0,1
DF_SINGLE_P021::INTERMITTENT_SHORTFALL::THETA_0000::UNIFORM_MATCHED_EXTERNALITY_CF_BETA_050::Q0::equal_kw_reduction,DF_SINGLE_P021,INTERMITTENT_SHORTFALL,Q0,equal_kw_reduction,UNIFORM_MATCHED_EXTERNALITY_CF_BETA_050,-7.24914162778,-0.816754636302,7.85422946729,0.909090919271,0,1
DF_SINGLE_P021::INTERMITTENT_SHORTFALL::THETA_0000::NO_FEEDBACK::Q0::flat_level,DF_SINGLE_P021,INTERMITTENT_SHORTFALL,Q0,flat_level,NO_FEEDBACK,0,0,5.56306508386,0.90909089835,0,1
DF_SINGLE_P021::INTERMITTENT_SHORTFALL::THETA_0000::DELIVERY_RATIO_CF_BETA_050::Q0::flat_level,DF_SINGLE_P021,INTERMITTENT_SHORTFALL,Q0,flat_level,DELIVERY_RATIO_CF_BETA_050,0,0,5.56306508386,0.90909089835,0,1
DF_SINGLE_P021::INTERMITTENT_SHORTFALL::THETA_0000::EXTERNALITY_CF_BETA_025::Q0::flat_level,DF_SINGLE_P021,INTERMITTENT_SHORTFALL,Q0,flat_level,EXTERNALITY_CF_BETA_025,0,0,5.56306508386,0.90909089835,0,1
DF_SINGLE_P021::INTERMITTENT_SHORTFALL::THETA_0000::EXTERNALITY_CF_BETA_050::Q0::flat_level,DF_SINGLE_P021,INTERMITTENT_SHORTFALL,Q0,flat_level,EXTERNALITY_CF_BETA_050,3.34244069808,0.13441285514,5.56306508386,0.909090921584,0,1
DF_SINGLE_P021::INTERMITTENT_SHORTFALL::THETA_0000::EXTERNALITY_CF_BETA_100::Q0::flat_level,DF_SINGLE_P021,INTERMITTENT_SHORTFALL,Q0,flat_level,EXTERNALITY_CF_BETA_100,71.0653923994,1.85667070626,5.56306508386,0.90909091705,0,1
DF_SINGLE_P021::INTERMITTENT_SHORTFALL::THETA_0000::UNIFORM_MATCHED_EXTERNALITY_CF_BETA_050::Q0::flat_level,DF_SINGLE_P021,INTERMITTENT_SHORTFALL,Q0,flat_level,UNIFORM_MATCHED_EXTERNALITY_CF_BETA_050,2.18987814953,0.0847773517725,5.56306508386,0.909090913606,0,1
DF_SINGLE_P021::INTERMITTENT_SHORTFALL::THETA_0000::NO_FEEDBACK::Q0::max_export_lp,DF_SINGLE_P021,INTERMITTENT_SHORTFALL,Q0,max_export_lp,NO_FEEDBACK,-10.4262181637,-1.59973864816,8.16858921561,0.909090903734,0,1
DF_SINGLE_P021::INTERMITTENT_SHORTFALL::THETA_0000::DELIVERY_RATIO_CF_BETA_050::Q0::max_export_lp,DF_SINGLE_P021,INTERMITTENT_SHORTFALL,Q0,max_export_lp,DELIVERY_RATIO_CF_BETA_050,-2.71607071556,-0.605111788419,7.97641255238,0.909090909635,0,1
DF_SINGLE_P021::INTERMITTENT_SHORTFALL::THETA_0000::EXTERNALITY_CF_BETA_025::Q0::max_export_lp,DF_SINGLE_P021,INTERMITTENT_SHORTFALL,Q0,max_export_lp,EXTERNALITY_CF_BETA_025,-2.61181697012,-0.33705288269,8.01427543636,0.909090914804,0,1
DF_SINGLE_P021::INTERMITTENT_SHORTFALL::THETA_0000::EXTERNALITY_CF_BETA_050::Q0::max_export_lp,DF_SINGLE_P021,INTERMITTENT_SHORTFALL,Q0,max_export_lp,EXTERNALITY_CF_BETA_050,-5.1683390237,-0.277635250401,7.9470731869,0.909090911043,0,1
DF_SINGLE_P021::INTERMITTENT_SHORTFALL::THETA_0000::EXTERNALITY_CF_BETA_100::Q0::max_export_lp,DF_SINGLE_P021,INTERMITTENT_SHORTFALL,Q0,max_export_lp,EXTERNALITY_CF_BETA_100,-76.286360751,0.311166077611,7.50817805866,0.909090906059,0,1
DF_SINGLE_P021::INTERMITTENT_SHORTFALL::THETA_0000::UNIFORM_MATCHED_EXTERNALITY_CF_BETA_050::Q0::max_export_lp,DF_SINGLE_P021,INTERMITTENT_SHORTFALL,Q0,max_export_lp,UNIFORM_MATCHED_EXTERNALITY_CF_BETA_050,-12.7377646414,-0.960505424888,8.07942241745,0.909090919569,0,1
DF_SINGLE_P021::INTERMITTENT_SHORTFALL::THETA_0000::NO_FEEDBACK::Q0::fairness_qp,DF_SINGLE_P021,INTERMITTENT_SHORTFALL,Q0,fairness_qp,NO_FEEDBACK,-1.84113115903,-0.488022005774,7.82654596691,0.909090906834,0,1
DF_SINGLE_P021::INTERMITTENT_SHORTFALL::THETA_0000::DELIVERY_RATIO_CF_BETA_050::Q0::fairness_qp,DF_SINGLE_P021,INTERMITTENT_SHORTFALL,Q0,fairness_qp,DELIVERY_RATIO_CF_BETA_050,-0.102080571764,-0.244075767098,7.71223470191,0.909090918093,0,1
DF_SINGLE_P021::INTERMITTENT_SHORTFALL::THETA_0000::EXTERNALITY_CF_BETA_025::Q0::fairness_qp,DF_SINGLE_P021,INTERMITTENT_SHORTFALL,Q0,fairness_qp,EXTERNALITY_CF_BETA_025,0.0635517137153,-0.149119328137,7.72049137001,0.909090913455,0,1
DF_SINGLE_P021::INTERMITTENT_SHORTFALL::THETA_0000::EXTERNALITY_CF_BETA_050::Q0::fairness_qp,DF_SINGLE_P021,INTERMITTENT_SHORTFALL,Q0,fairness_qp,EXTERNALITY_CF_BETA_050,-2.89322237488,-0.154982790395,7.67642136877,0.909090916097,0,1
DF_SINGLE_P021::INTERMITTENT_SHORTFALL::THETA_0000::EXTERNALITY_CF_BETA_100::Q0::fairness_qp,DF_SINGLE_P021,INTERMITTENT_SHORTFALL,Q0,fairness_qp,EXTERNALITY_CF_BETA_100,-62.9322149004,-1.33045104543,7.367286091,0.909090908846,0,1
DF_SINGLE_P021::INTERMITTENT_SHORTFALL::THETA_0000::UNIFORM_MATCHED_EXTERNALITY_CF_BETA_050::Q0::fairness_qp,DF_SINGLE_P021,INTERMITTENT_SHORTFALL,Q0,fairness_qp,UNIFORM_MATCHED_EXTERNALITY_CF_BETA_050,-4.14113880529,-0.408849766042,7.78227756778,0.909090914038,0,1
DF_SINGLE_P021::INTERMITTENT_SHORTFALL::THETA_0000::NO_FEEDBACK::Q95::weighted_proportional,DF_SINGLE_P021,INTERMITTENT_SHORTFALL,Q95,weighted_proportional,NO_FEEDBACK,-2.53476807637,-0.348977135981,5.75304946887,0.909090908641,0,1
DF_SINGLE_P021::INTERMITTENT_SHORTFALL::THETA_0000::DELIVERY_RATIO_CF_BETA_050::Q95::weighted_proportional,DF_SINGLE_P021,INTERMITTENT_SHORTFALL,Q95,weighted_proportional,DELIVERY_RATIO_CF_BETA_050,-1.02746836251,-0.160526132272,5.68069015121,0.909090917029,0,1
DF_SINGLE_P021::INTERMITTENT_SHORTFALL::THETA_0000::EXTERNALITY_CF_BETA_025::Q95::weighted_proportional,DF_SINGLE_P021,INTERMITTENT_SHORTFALL,Q95,weighted_proportional,EXTERNALITY_CF_BETA_025,-0.567790554681,-0.0997131313786,5.6953343908,0.909090919083,0,1
DF_SINGLE_P021::INTERMITTENT_SHORTFALL::THETA_0000::EXTERNALITY_CF_BETA_050::Q95::weighted_proportional,DF_SINGLE_P021,INTERMITTENT_SHORTFALL,Q95,weighted_proportional,EXTERNALITY_CF_BETA_050,-3.17736653565,-0.116215238634,5.65686667272,0.909090911965,0,1
DF_SINGLE_P021::INTERMITTENT_SHORTFALL::THETA_0000::EXTERNALITY_CF_BETA_100::Q95::weighted_proportional,DF_SINGLE_P021,INTERMITTENT_SHORTFALL,Q95,weighted_proportional,EXTERNALITY_CF_BETA_100,-46.1925267532,-1.81065253662,5.53045288844,0.9090909149,0,1
DF_SINGLE_P021::INTERMITTENT_SHORTFALL::THETA_0000::UNIFORM_MATCHED_EXTERNALITY_CF_BETA_050::Q95::weighted_proportional,DF_SINGLE_P021,INTERMITTENT_SHORTFALL,Q95,weighted_proportional,UNIFORM_MATCHED_EXTERNALITY_CF_BETA_050,-2.53476807314,-0.348977135981,5.75304945252,0.909090908641,0,1
DF_SINGLE_P021::INTERMITTENT_SHORTFALL::THETA_0000::NO_FEEDBACK::Q95::equal_kw_reduction,DF_SINGLE_P021,INTERMITTENT_SHORTFALL,Q95,equal_kw_reduction,NO_FEEDBACK,-4.51939976283,-1.1957496442,6.19201553966,0.909090905434,0,1
DF_SINGLE_P021::INTERMITTENT_SHORTFALL::THETA_0000::DELIVERY_RATIO_CF_BETA_050::Q95::equal_kw_reduction,DF_SINGLE_P021,INTERMITTENT_SHORTFALL,Q95,equal_kw_reduction,DELIVERY_RATIO_CF_BETA_050,-0.795595439465,-0.529368455275,6.07014830741,0.909090909792,0,1
DF_SINGLE_P021::INTERMITTENT_SHORTFALL::THETA_0000::EXTERNALITY_CF_BETA_025::Q95::equal_kw_reduction,DF_SINGLE_P021,INTERMITTENT_SHORTFALL,Q95,equal_kw_reduction,EXTERNALITY_CF_BETA_025,-0.691584826968,-0.353602947758,6.09046063543,0.909090915834,0,1
DF_SINGLE_P021::INTERMITTENT_SHORTFALL::THETA_0000::EXTERNALITY_CF_BETA_050::Q95::equal_kw_reduction,DF_SINGLE_P021,INTERMITTENT_SHORTFALL,Q95,equal_kw_reduction,EXTERNALITY_CF_BETA_050,-3.80650601442,-0.341815340839,6.04964152424,0.909090914118,0,1
DF_SINGLE_P021::INTERMITTENT_SHORTFALL::THETA_0000::EXTERNALITY_CF_BETA_100::Q95::equal_kw_reduction,DF_SINGLE_P021,INTERMITTENT_SHORTFALL,Q95,equal_kw_reduction,EXTERNALITY_CF_BETA_100,-75.4460750087,1.32283791114,5.76848055638,0.90909091239,0,1
DF_SINGLE_P021::INTERMITTENT_SHORTFALL::THETA_0000::UNIFORM_MATCHED_EXTERNALITY_CF_BETA_050::Q95::equal_kw_reduction,DF_SINGLE_P021,INTERMITTENT_SHORTFALL,Q95,equal_kw_reduction,UNIFORM_MATCHED_EXTERNALITY_CF_BETA_050,-7.24914162778,-0.816754636302,6.1495657749,0.909090912649,0,1
DF_SINGLE_P021::INTERMITTENT_SHORTFALL::THETA_0000::NO_FEEDBACK::Q95::flat_level,DF_SINGLE_P021,INTERMITTENT_SHORTFALL,Q95,flat_level,NO_FEEDBACK,0,0,4.39413316793,0.909090906997,0,1
DF_SINGLE_P021::INTERMITTENT_SHORTFALL::THETA_0000::DELIVERY_RATIO_CF_BETA_050::Q95::flat_level,DF_SINGLE_P021,INTERMITTENT_SHORTFALL,Q95,flat_level,DELIVERY_RATIO_CF_BETA_050,0,0,4.39413316793,0.909090906997,0,1
DF_SINGLE_P021::INTERMITTENT_SHORTFALL::THETA_0000::EXTERNALITY_CF_BETA_025::Q95::flat_level,DF_SINGLE_P021,INTERMITTENT_SHORTFALL,Q95,flat_level,EXTERNALITY_CF_BETA_025,0,0,4.39413316793,0.909090906997,0,1
DF_SINGLE_P021::INTERMITTENT_SHORTFALL::THETA_0000::EXTERNALITY_CF_BETA_050::Q95::flat_level,DF_SINGLE_P021,INTERMITTENT_SHORTFALL,Q95,flat_level,EXTERNALITY_CF_BETA_050,3.34244069808,0.13441285514,4.39413316793,0.909090912051,0,1
DF_SINGLE_P021::INTERMITTENT_SHORTFALL::THETA_0000::EXTERNALITY_CF_BETA_100::Q95::flat_level,DF_SINGLE_P021,INTERMITTENT_SHORTFALL,Q95,flat_level,EXTERNALITY_CF_BETA_100,71.0653923994,1.85667070626,4.39413316793,0.909090914158,0,1
DF_SINGLE_P021::INTERMITTENT_SHORTFALL::THETA_0000::UNIFORM_MATCHED_EXTERNALITY_CF_BETA_050::Q95::flat_level,DF_SINGLE_P021,INTERMITTENT_SHORTFALL,Q95,flat_level,UNIFORM_MATCHED_EXTERNALITY_CF_BETA_050,2.18987814953,0.0847773517725,4.39413316793,0.909090912643,0,1
DF_SINGLE_P021::INTERMITTENT_SHORTFALL::THETA_0000::NO_FEEDBACK::Q95::max_export_lp,DF_SINGLE_P021,INTERMITTENT_SHORTFALL,Q95,max_export_lp,NO_FEEDBACK,-10.4262046629,-1.59970713595,6.39035642977,0.909090899668,0,1
DF_SINGLE_P021::INTERMITTENT_SHORTFALL::THETA_0000::DELIVERY_RATIO_CF_BETA_050::Q95::max_export_lp,DF_SINGLE_P021,INTERMITTENT_SHORTFALL,Q95,max_export_lp,DELIVERY_RATIO_CF_BETA_050,-2.71606652086,-0.605100985724,6.24308613538,0.909090915108,0,1
DF_SINGLE_P021::INTERMITTENT_SHORTFALL::THETA_0000::EXTERNALITY_CF_BETA_025::Q95::max_export_lp,DF_SINGLE_P021,INTERMITTENT_SHORTFALL,Q95,max_export_lp,EXTERNALITY_CF_BETA_025,-2.61179922861,-0.337036652126,6.27210446666,0.909090907442,0,1
DF_SINGLE_P021::INTERMITTENT_SHORTFALL::THETA_0000::EXTERNALITY_CF_BETA_050::Q95::max_export_lp,DF_SINGLE_P021,INTERMITTENT_SHORTFALL,Q95,max_export_lp,EXTERNALITY_CF_BETA_050,-5.16831638988,-0.277621310593,6.22060110542,0.909090908659,0,1
DF_SINGLE_P021::INTERMITTENT_SHORTFALL::THETA_0000::EXTERNALITY_CF_BETA_100::Q95::max_export_lp,DF_SINGLE_P021,INTERMITTENT_SHORTFALL,Q95,max_export_lp,EXTERNALITY_CF_BETA_100,-76.2863617323,0.311186371893,5.88432349213,0.909090914685,0,1
DF_SINGLE_P021::INTERMITTENT_SHORTFALL::THETA_0000::UNIFORM_MATCHED_EXTERNALITY_CF_BETA_050::Q95::max_export_lp,DF_SINGLE_P021,INTERMITTENT_SHORTFALL,Q95,max_export_lp,UNIFORM_MATCHED_EXTERNALITY_CF_BETA_050,-12.7377488539,-0.960493983956,6.32208095263,0.909090911686,0,1
DF_SINGLE_P021::INTERMITTENT_SHORTFALL::THETA_0000::NO_FEEDBACK::Q95::fairness_qp,DF_SINGLE_P021,INTERMITTENT_SHORTFALL,Q95,fairness_qp,NO_FEEDBACK,-1.84112910168,-0.48802188232,6.12823462878,0.909090896623,0,1
DF_SINGLE_P021::INTERMITTENT_SHORTFALL::THETA_0000::DELIVERY_RATIO_CF_BETA_050::Q95::fairness_qp,DF_SINGLE_P021,INTERMITTENT_SHORTFALL,Q95,fairness_qp,DELIVERY_RATIO_CF_BETA_050,-0.102088097434,-0.244075493159,6.04061608749,0.909090915156,0,1
DF_SINGLE_P021::INTERMITTENT_SHORTFALL::THETA_0000::EXTERNALITY_CF_BETA_025::Q95::fairness_qp,DF_SINGLE_P021,INTERMITTENT_SHORTFALL,Q95,fairness_qp,EXTERNALITY_CF_BETA_025,0.0635457095282,-0.149119133096,6.04694492008,0.909090918715,0,1
DF_SINGLE_P021::INTERMITTENT_SHORTFALL::THETA_0000::EXTERNALITY_CF_BETA_050::Q95::fairness_qp,DF_SINGLE_P021,INTERMITTENT_SHORTFALL,Q95,fairness_qp,EXTERNALITY_CF_BETA_050,-2.89322669349,-0.154982687814,6.01316263562,0.909090913806,0,1
DF_SINGLE_P021::INTERMITTENT_SHORTFALL::THETA_0000::EXTERNALITY_CF_BETA_100::Q95::fairness_qp,DF_SINGLE_P021,INTERMITTENT_SHORTFALL,Q95,fairness_qp,EXTERNALITY_CF_BETA_100,-62.9300677385,-1.3303081996,5.7762978095,0.909090914102,0,1
DF_SINGLE_P021::INTERMITTENT_SHORTFALL::THETA_0000::UNIFORM_MATCHED_EXTERNALITY_CF_BETA_050::Q95::fairness_qp,DF_SINGLE_P021,INTERMITTENT_SHORTFALL,Q95,fairness_qp,UNIFORM_MATCHED_EXTERNALITY_CF_BETA_050,-4.14115083797,-0.408850104232,6.094346441,0.909090921588,0,1
DF_SINGLE_P021::SHOCK_AND_RECOVERY::THETA_0000::NO_FEEDBACK::Q0::weighted_proportional,DF_SINGLE_P021,SHOCK_AND_RECOVERY,Q0,weighted_proportional,NO_FEEDBACK,-2.53476807477,-0.348977135981,7.33658316846,0.909090897131,0,1
DF_SINGLE_P021::SHOCK_AND_RECOVERY::THETA_0000::DELIVERY_RATIO_CF_BETA_050::Q0::weighted_proportional,DF_SINGLE_P021,SHOCK_AND_RECOVERY,Q0,weighted_proportional,DELIVERY_RATIO_CF_BETA_050,0.905161575937,-0.197594788062,7.23111611514,0.909090915836,0,1
DF_SINGLE_P021::SHOCK_AND_RECOVERY::THETA_0000::EXTERNALITY_CF_BETA_025::Q0::weighted_proportional,DF_SINGLE_P021,SHOCK_AND_RECOVERY,Q0,weighted_proportional,EXTERNALITY_CF_BETA_025,3.47388324394,-0.185383363054,7.17079397313,0.909090911081,0,1
DF_SINGLE_P021::SHOCK_AND_RECOVERY::THETA_0000::EXTERNALITY_CF_BETA_050::Q0::weighted_proportional,DF_SINGLE_P021,SHOCK_AND_RECOVERY,Q0,weighted_proportional,EXTERNALITY_CF_BETA_050,1.97154845227,-0.470176395262,7.06024241695,0.909090918996,0,1
DF_SINGLE_P021::SHOCK_AND_RECOVERY::THETA_0000::EXTERNALITY_CF_BETA_100::Q0::weighted_proportional,DF_SINGLE_P021,SHOCK_AND_RECOVERY,Q0,weighted_proportional,EXTERNALITY_CF_BETA_100,-11.5348636593,-1.544437545,6.91035832471,0.909090914231,0,1
DF_SINGLE_P021::SHOCK_AND_RECOVERY::THETA_0000::UNIFORM_MATCHED_EXTERNALITY_CF_BETA_050::Q0::weighted_proportional,DF_SINGLE_P021,SHOCK_AND_RECOVERY,Q0,weighted_proportional,UNIFORM_MATCHED_EXTERNALITY_CF_BETA_050,-2.53476807497,-0.348977135981,7.33658315241,0.909090912202,0,1
DF_SINGLE_P021::SHOCK_AND_RECOVERY::THETA_0000::NO_FEEDBACK::Q0::equal_kw_reduction,DF_SINGLE_P021,SHOCK_AND_RECOVERY,Q0,equal_kw_reduction,NO_FEEDBACK,-4.51939976283,-1.1957496442,7.90965529199,0.90909089915,0,1
DF_SINGLE_P021::SHOCK_AND_RECOVERY::THETA_0000::DELIVERY_RATIO_CF_BETA_050::Q0::equal_kw_reduction,DF_SINGLE_P021,SHOCK_AND_RECOVERY,Q0,equal_kw_reduction,DELIVERY_RATIO_CF_BETA_050,1.09135099586,-0.58282791952,7.73492754468,0.909090911588,0,1
DF_SINGLE_P021::SHOCK_AND_RECOVERY::THETA_0000::EXTERNALITY_CF_BETA_025::Q0::equal_kw_reduction,DF_SINGLE_P021,SHOCK_AND_RECOVERY,Q0,equal_kw_reduction,EXTERNALITY_CF_BETA_025,0.373711672965,-0.126084159658,7.61355306011,0.90909091283,0,1
DF_SINGLE_P021::SHOCK_AND_RECOVERY::THETA_0000::EXTERNALITY_CF_BETA_050::Q0::equal_kw_reduction,DF_SINGLE_P021,SHOCK_AND_RECOVERY,Q0,equal_kw_reduction,EXTERNALITY_CF_BETA_050,1.73598517725,0.2774251566,7.48218929936,0.909090914764,0,1
DF_SINGLE_P021::SHOCK_AND_RECOVERY::THETA_0000::EXTERNALITY_CF_BETA_100::Q0::equal_kw_reduction,DF_SINGLE_P021,SHOCK_AND_RECOVERY,Q0,equal_kw_reduction,EXTERNALITY_CF_BETA_100,-19.4571035991,0.163837725481,7.31079151888,0.909090913762,0,1
DF_SINGLE_P021::SHOCK_AND_RECOVERY::THETA_0000::UNIFORM_MATCHED_EXTERNALITY_CF_BETA_050::Q0::equal_kw_reduction,DF_SINGLE_P021,SHOCK_AND_RECOVERY,Q0,equal_kw_reduction,UNIFORM_MATCHED_EXTERNALITY_CF_BETA_050,-12.2049860167,0.104325136824,7.71873073809,0.909090916813,0,1
DF_SINGLE_P021::SHOCK_AND_RECOVERY::THETA_0000::NO_FEEDBACK::Q0::flat_level,DF_SINGLE_P021,SHOCK_AND_RECOVERY,Q0,flat_level,NO_FEEDBACK,0,0,5.56306508386,0.90909089835,0,1
DF_SINGLE_P021::SHOCK_AND_RECOVERY::THETA_0000::DELIVERY_RATIO_CF_BETA_050::Q0::flat_level,DF_SINGLE_P021,SHOCK_AND_RECOVERY,Q0,flat_level,DELIVERY_RATIO_CF_BETA_050,3.39746710658,0.101788710807,5.56306508386,0.909090921584,0,1
DF_SINGLE_P021::SHOCK_AND_RECOVERY::THETA_0000::EXTERNALITY_CF_BETA_025::Q0::flat_level,DF_SINGLE_P021,SHOCK_AND_RECOVERY,Q0,flat_level,EXTERNALITY_CF_BETA_025,13.8877009967,0.443393026534,5.56306508386,0.909090910669,0,1
DF_SINGLE_P021::SHOCK_AND_RECOVERY::THETA_0000::EXTERNALITY_CF_BETA_050::Q0::flat_level,DF_SINGLE_P021,SHOCK_AND_RECOVERY,Q0,flat_level,EXTERNALITY_CF_BETA_050,33.9121975102,0.854150497839,5.56306508386,0.909090917793,0,1
DF_SINGLE_P021::SHOCK_AND_RECOVERY::THETA_0000::EXTERNALITY_CF_BETA_100::Q0::flat_level,DF_SINGLE_P021,SHOCK_AND_RECOVERY,Q0,flat_level,EXTERNALITY_CF_BETA_100,64.2299817989,1.17552113775,5.56306508386,0.909090913216,0,1
DF_SINGLE_P021::SHOCK_AND_RECOVERY::THETA_0000::UNIFORM_MATCHED_EXTERNALITY_CF_BETA_050::Q0::flat_level,DF_SINGLE_P021,SHOCK_AND_RECOVERY,Q0,flat_level,UNIFORM_MATCHED_EXTERNALITY_CF_BETA_050,11.4742612261,0.421976421099,5.56306508386,0.909090915215,0,1
DF_SINGLE_P021::SHOCK_AND_RECOVERY::THETA_0000::NO_FEEDBACK::Q0::max_export_lp,DF_SINGLE_P021,SHOCK_AND_RECOVERY,Q0,max_export_lp,NO_FEEDBACK,-10.4262181637,-1.59973864816,8.16858921561,0.909090903734,0,1
DF_SINGLE_P021::SHOCK_AND_RECOVERY::THETA_0000::DELIVERY_RATIO_CF_BETA_050::Q0::max_export_lp,DF_SINGLE_P021,SHOCK_AND_RECOVERY,Q0,max_export_lp,DELIVERY_RATIO_CF_BETA_050,-0.771020483045,-0.577964847609,7.95563805785,0.909090920986,0,1
DF_SINGLE_P021::SHOCK_AND_RECOVERY::THETA_0000::EXTERNALITY_CF_BETA_025::Q0::max_export_lp,DF_SINGLE_P021,SHOCK_AND_RECOVERY,Q0,max_export_lp,EXTERNALITY_CF_BETA_025,-3.50681818882,-0.200864923672,7.83024082583,0.909090916869,0,1
DF_SINGLE_P021::SHOCK_AND_RECOVERY::THETA_0000::EXTERNALITY_CF_BETA_050::Q0::max_export_lp,DF_SINGLE_P021,SHOCK_AND_RECOVERY,Q0,max_export_lp,EXTERNALITY_CF_BETA_050,0.568711946091,0.170593634947,7.6810323026,0.909090911345,0,1
DF_SINGLE_P021::SHOCK_AND_RECOVERY::THETA_0000::EXTERNALITY_CF_BETA_100::Q0::max_export_lp,DF_SINGLE_P021,SHOCK_AND_RECOVERY,Q0,max_export_lp,EXTERNALITY_CF_BETA_100,-14.2605161092,-0.163596617214,7.49946217373,0.909090909464,0,1
DF_SINGLE_P021::SHOCK_AND_RECOVERY::THETA_0000::UNIFORM_MATCHED_EXTERNALITY_CF_BETA_050::Q0::max_export_lp,DF_SINGLE_P021,SHOCK_AND_RECOVERY,Q0,max_export_lp,UNIFORM_MATCHED_EXTERNALITY_CF_BETA_050,-18.7486884323,-0.200792979651,7.88361724033,0.909090914863,0,1
DF_SINGLE_P021::SHOCK_AND_RECOVERY::THETA_0000::NO_FEEDBACK::Q0::fairness_qp,DF_SINGLE_P021,SHOCK_AND_RECOVERY,Q0,fairness_qp,NO_FEEDBACK,-1.84113115903,-0.488022005774,7.82654596691,0.909090906834,0,1
DF_SINGLE_P021::SHOCK_AND_RECOVERY::THETA_0000::DELIVERY_RATIO_CF_BETA_050::Q0::fairness_qp,DF_SINGLE_P021,SHOCK_AND_RECOVERY,Q0,fairness_qp,DELIVERY_RATIO_CF_BETA_050,2.27792148136,-0.269324810947,7.69640582629,0.90909091195,0,1
DF_SINGLE_P021::SHOCK_AND_RECOVERY::THETA_0000::EXTERNALITY_CF_BETA_025::Q0::fairness_qp,DF_SINGLE_P021,SHOCK_AND_RECOVERY,Q0,fairness_qp,EXTERNALITY_CF_BETA_025,1.59471153068,-0.142411264794,7.577274536,0.909090917238,0,1
DF_SINGLE_P021::SHOCK_AND_RECOVERY::THETA_0000::EXTERNALITY_CF_BETA_050::Q0::fairness_qp,DF_SINGLE_P021,SHOCK_AND_RECOVERY,Q0,fairness_qp,EXTERNALITY_CF_BETA_050,2.50653109355,-0.255371854825,7.47049368182,0.909090922862,0,1
DF_SINGLE_P021::SHOCK_AND_RECOVERY::THETA_0000::EXTERNALITY_CF_BETA_100::Q0::fairness_qp,DF_SINGLE_P021,SHOCK_AND_RECOVERY,Q0,fairness_qp,EXTERNALITY_CF_BETA_100,-13.7124328375,-1.19160018383,7.26952455895,0.909090912868,0,1
DF_SINGLE_P021::SHOCK_AND_RECOVERY::THETA_0000::UNIFORM_MATCHED_EXTERNALITY_CF_BETA_050::Q0::fairness_qp,DF_SINGLE_P021,SHOCK_AND_RECOVERY,Q0,fairness_qp,UNIFORM_MATCHED_EXTERNALITY_CF_BETA_050,-6.70494904818,-0.303154530812,7.68439831467,0.909090916676,0,1
DF_SINGLE_P021::SHOCK_AND_RECOVERY::THETA_0000::NO_FEEDBACK::Q95::weighted_proportional,DF_SINGLE_P021,SHOCK_AND_RECOVERY,Q95,weighted_proportional,NO_FEEDBACK,-2.53476807637,-0.348977135981,5.75304946887,0.909090908641,0,1
DF_SINGLE_P021::SHOCK_AND_RECOVERY::THETA_0000::DELIVERY_RATIO_CF_BETA_050::Q95::weighted_proportional,DF_SINGLE_P021,SHOCK_AND_RECOVERY,Q95,weighted_proportional,DELIVERY_RATIO_CF_BETA_050,0.905161574805,-0.197594788062,5.6721834467,0.909090917416,0,1
DF_SINGLE_P021::SHOCK_AND_RECOVERY::THETA_0000::EXTERNALITY_CF_BETA_025::Q95::weighted_proportional,DF_SINGLE_P021,SHOCK_AND_RECOVERY,Q95,weighted_proportional,EXTERNALITY_CF_BETA_025,3.47388324416,-0.185383363054,5.6259710836,0.909090918118,0,1
DF_SINGLE_P021::SHOCK_AND_RECOVERY::THETA_0000::EXTERNALITY_CF_BETA_050::Q95::weighted_proportional,DF_SINGLE_P021,SHOCK_AND_RECOVERY,Q95,weighted_proportional,EXTERNALITY_CF_BETA_050,1.97154845244,-0.470176395262,5.54135179006,0.909090918633,0,1
DF_SINGLE_P021::SHOCK_AND_RECOVERY::THETA_0000::EXTERNALITY_CF_BETA_100::Q95::weighted_proportional,DF_SINGLE_P021,SHOCK_AND_RECOVERY,Q95,weighted_proportional,EXTERNALITY_CF_BETA_100,-11.5348636593,-1.544437545,5.42666355777,0.909090909709,0,1
DF_SINGLE_P021::SHOCK_AND_RECOVERY::THETA_0000::UNIFORM_MATCHED_EXTERNALITY_CF_BETA_050::Q95::weighted_proportional,DF_SINGLE_P021,SHOCK_AND_RECOVERY,Q95,weighted_proportional,UNIFORM_MATCHED_EXTERNALITY_CF_BETA_050,-2.53476807538,-0.348977135981,5.75304945276,0.909090908641,0,1
DF_SINGLE_P021::SHOCK_AND_RECOVERY::THETA_0000::NO_FEEDBACK::Q95::equal_kw_reduction,DF_SINGLE_P021,SHOCK_AND_RECOVERY,Q95,equal_kw_reduction,NO_FEEDBACK,-4.51939976283,-1.1957496442,6.19201553966,0.909090905434,0,1
DF_SINGLE_P021::SHOCK_AND_RECOVERY::THETA_0000::DELIVERY_RATIO_CF_BETA_050::Q95::equal_kw_reduction,DF_SINGLE_P021,SHOCK_AND_RECOVERY,Q95,equal_kw_reduction,DELIVERY_RATIO_CF_BETA_050,1.09135099586,-0.58282791952,6.05808335359,0.909090910128,0,1
DF_SINGLE_P021::SHOCK_AND_RECOVERY::THETA_0000::EXTERNALITY_CF_BETA_025::Q95::equal_kw_reduction,DF_SINGLE_P021,SHOCK_AND_RECOVERY,Q95,equal_kw_reduction,EXTERNALITY_CF_BETA_025,0.373711672965,-0.126084159658,5.96513120868,0.909090916605,0,1
DF_SINGLE_P021::SHOCK_AND_RECOVERY::THETA_0000::EXTERNALITY_CF_BETA_050::Q95::equal_kw_reduction,DF_SINGLE_P021,SHOCK_AND_RECOVERY,Q95,equal_kw_reduction,EXTERNALITY_CF_BETA_050,1.73598517725,0.2774251566,5.86459100677,0.909090928005,0,1
DF_SINGLE_P021::SHOCK_AND_RECOVERY::THETA_0000::EXTERNALITY_CF_BETA_100::Q95::equal_kw_reduction,DF_SINGLE_P021,SHOCK_AND_RECOVERY,Q95,equal_kw_reduction,EXTERNALITY_CF_BETA_100,-19.4571035991,0.163837725481,5.73348533185,0.909090921544,0,1
DF_SINGLE_P021::SHOCK_AND_RECOVERY::THETA_0000::UNIFORM_MATCHED_EXTERNALITY_CF_BETA_050::Q95::equal_kw_reduction,DF_SINGLE_P021,SHOCK_AND_RECOVERY,Q95,equal_kw_reduction,UNIFORM_MATCHED_EXTERNALITY_CF_BETA_050,-12.2049860167,0.104325136824,6.0457852898,0.909090909701,0,1
DF_SINGLE_P021::SHOCK_AND_RECOVERY::THETA_0000::NO_FEEDBACK::Q95::flat_level,DF_SINGLE_P021,SHOCK_AND_RECOVERY,Q95,flat_level,NO_FEEDBACK,0,0,4.39413316793,0.909090906997,0,1
DF_SINGLE_P021::SHOCK_AND_RECOVERY::THETA_0000::DELIVERY_RATIO_CF_BETA_050::Q95::flat_level,DF_SINGLE_P021,SHOCK_AND_RECOVERY,Q95,flat_level,DELIVERY_RATIO_CF_BETA_050,3.39746710658,0.101788710807,4.39413316793,0.909090921196,0,1
DF_SINGLE_P021::SHOCK_AND_RECOVERY::THETA_0000::EXTERNALITY_CF_BETA_025::Q95::flat_level,DF_SINGLE_P021,SHOCK_AND_RECOVERY,Q95,flat_level,EXTERNALITY_CF_BETA_025,13.8877009967,0.443393026534,4.39413316793,0.909090912485,0,1
DF_SINGLE_P021::SHOCK_AND_RECOVERY::THETA_0000::EXTERNALITY_CF_BETA_050::Q95::flat_level,DF_SINGLE_P021,SHOCK_AND_RECOVERY,Q95,flat_level,EXTERNALITY_CF_BETA_050,33.9121975102,0.854150497839,4.39413316793,0.909090919032,0,1
DF_SINGLE_P021::SHOCK_AND_RECOVERY::THETA_0000::EXTERNALITY_CF_BETA_100::Q95::flat_level,DF_SINGLE_P021,SHOCK_AND_RECOVERY,Q95,flat_level,EXTERNALITY_CF_BETA_100,64.2299817989,1.17552113775,4.39413316793,0.909090912105,0,1
DF_SINGLE_P021::SHOCK_AND_RECOVERY::THETA_0000::UNIFORM_MATCHED_EXTERNALITY_CF_BETA_050::Q95::flat_level,DF_SINGLE_P021,SHOCK_AND_RECOVERY,Q95,flat_level,UNIFORM_MATCHED_EXTERNALITY_CF_BETA_050,11.4742612261,0.421976421099,4.39413316793,0.909090912236,0,1
DF_SINGLE_P021::SHOCK_AND_RECOVERY::THETA_0000::NO_FEEDBACK::Q95::max_export_lp,DF_SINGLE_P021,SHOCK_AND_RECOVERY,Q95,max_export_lp,NO_FEEDBACK,-10.4262046629,-1.59970713595,6.39035642977,0.909090899668,0,1
DF_SINGLE_P021::SHOCK_AND_RECOVERY::THETA_0000::DELIVERY_RATIO_CF_BETA_050::Q95::max_export_lp,DF_SINGLE_P021,SHOCK_AND_RECOVERY,Q95,max_export_lp,DELIVERY_RATIO_CF_BETA_050,-0.771017781718,-0.577952683599,6.22716550787,0.90909091693,0,1
DF_SINGLE_P021::SHOCK_AND_RECOVERY::THETA_0000::EXTERNALITY_CF_BETA_025::Q95::max_export_lp,DF_SINGLE_P021,SHOCK_AND_RECOVERY,Q95,max_export_lp,EXTERNALITY_CF_BETA_025,-3.50681492817,-0.200848639568,6.13115539179,0.909090917578,0,1
DF_SINGLE_P021::SHOCK_AND_RECOVERY::THETA_0000::EXTERNALITY_CF_BETA_050::Q95::max_export_lp,DF_SINGLE_P021,SHOCK_AND_RECOVERY,Q95,max_export_lp,EXTERNALITY_CF_BETA_050,0.568725910551,0.170608276432,6.01695977342,0.909090913517,0,1
DF_SINGLE_P021::SHOCK_AND_RECOVERY::THETA_0000::EXTERNALITY_CF_BETA_100::Q95::max_export_lp,DF_SINGLE_P021,SHOCK_AND_RECOVERY,Q95,max_export_lp,EXTERNALITY_CF_BETA_100,-14.2604969988,-0.163581829296,5.87807752976,0.909090914439,0,1
DF_SINGLE_P021::SHOCK_AND_RECOVERY::THETA_0000::UNIFORM_MATCHED_EXTERNALITY_CF_BETA_050::Q95::max_export_lp,DF_SINGLE_P021,SHOCK_AND_RECOVERY,Q95,max_export_lp,UNIFORM_MATCHED_EXTERNALITY_CF_BETA_050,-18.7486533598,-0.200776671993,6.17214008851,0.909090917041,0,1
DF_SINGLE_P021::SHOCK_AND_RECOVERY::THETA_0000::NO_FEEDBACK::Q95::fairness_qp,DF_SINGLE_P021,SHOCK_AND_RECOVERY,Q95,fairness_qp,NO_FEEDBACK,-1.84112910168,-0.48802188232,6.12823462878,0.909090896623,0,1
DF_SINGLE_P021::SHOCK_AND_RECOVERY::THETA_0000::DELIVERY_RATIO_CF_BETA_050::Q95::fairness_qp,DF_SINGLE_P021,SHOCK_AND_RECOVERY,Q95,fairness_qp,DELIVERY_RATIO_CF_BETA_050,2.27792213191,-0.269324622319,6.02848303369,0.909090914804,0,1
DF_SINGLE_P021::SHOCK_AND_RECOVERY::THETA_0000::EXTERNALITY_CF_BETA_025::Q95::fairness_qp,DF_SINGLE_P021,SHOCK_AND_RECOVERY,Q95,fairness_qp,EXTERNALITY_CF_BETA_025,1.59470717233,-0.142411127674,5.93725501426,0.909090916283,0,1
DF_SINGLE_P021::SHOCK_AND_RECOVERY::THETA_0000::EXTERNALITY_CF_BETA_050::Q95::fairness_qp,DF_SINGLE_P021,SHOCK_AND_RECOVERY,Q95,fairness_qp,EXTERNALITY_CF_BETA_050,2.5065262566,-0.255371806233,5.85556118987,0.909090911111,0,1
DF_SINGLE_P021::SHOCK_AND_RECOVERY::THETA_0000::EXTERNALITY_CF_BETA_100::Q95::fairness_qp,DF_SINGLE_P021,SHOCK_AND_RECOVERY,Q95,fairness_qp,EXTERNALITY_CF_BETA_100,-13.7124391879,-1.19159985911,5.70180043652,0.909090912607,0,1
DF_SINGLE_P021::SHOCK_AND_RECOVERY::THETA_0000::UNIFORM_MATCHED_EXTERNALITY_CF_BETA_050::Q95::fairness_qp,DF_SINGLE_P021,SHOCK_AND_RECOVERY,Q95,fairness_qp,UNIFORM_MATCHED_EXTERNALITY_CF_BETA_050,-6.70495860623,-0.303154391709,6.01941364117,0.909090917886,0,1
MR_K05_LOCAL::CLUSTERED_SHORTFALL::THETA_0000::NO_FEEDBACK::Q0::weighted_proportional,MR_K05_LOCAL,CLUSTERED_SHORTFALL,Q0,weighted_proportional,NO_FEEDBACK,-16.7416863082,-1.36612021858,6.96985661288,0.909090895411,0,1
MR_K05_LOCAL::CLUSTERED_SHORTFALL::THETA_0000::DELIVERY_RATIO_CF_BETA_050::Q0::weighted_proportional,MR_K05_LOCAL,CLUSTERED_SHORTFALL,Q0,weighted_proportional,DELIVERY_RATIO_CF_BETA_050,-3.4915923287,-0.887361636784,6.96985661288,0.909090915098,0,1
MR_K05_LOCAL::CLUSTERED_SHORTFALL::THETA_0000::EXTERNALITY_CF_BETA_025::Q0::weighted_proportional,MR_K05_LOCAL,CLUSTERED_SHORTFALL,Q0,weighted_proportional,EXTERNALITY_CF_BETA_025,-0.405527138907,-0.692066223701,6.96985661288,0.90909091267,0,1
MR_K05_LOCAL::CLUSTERED_SHORTFALL::THETA_0000::EXTERNALITY_CF_BETA_050::Q0::weighted_proportional,MR_K05_LOCAL,CLUSTERED_SHORTFALL,Q0,weighted_proportional,EXTERNALITY_CF_BETA_050,4.21810993754,-0.8857191323,6.96985661288,0.909090913903,0,1
MR_K05_LOCAL::CLUSTERED_SHORTFALL::THETA_0000::EXTERNALITY_CF_BETA_100::Q0::weighted_proportional,MR_K05_LOCAL,CLUSTERED_SHORTFALL,Q0,weighted_proportional,EXTERNALITY_CF_BETA_100,-31.2780597364,-2.530158317,6.52590126339,0.909090914992,0,1
MR_K05_LOCAL::CLUSTERED_SHORTFALL::THETA_0000::UNIFORM_MATCHED_EXTERNALITY_CF_BETA_050::Q0::weighted_proportional,MR_K05_LOCAL,CLUSTERED_SHORTFALL,Q0,weighted_proportional,UNIFORM_MATCHED_EXTERNALITY_CF_BETA_050,-16.7416863089,-1.36612021858,6.96985656499,0.909090910499,0,1
MR_K05_LOCAL::CLUSTERED_SHORTFALL::THETA_0000::NO_FEEDBACK::Q0::equal_kw_reduction,MR_K05_LOCAL,CLUSTERED_SHORTFALL,Q0,equal_kw_reduction,NO_FEEDBACK,-14.9079100811,-4.33633658549,7.63272572717,0.909090900292,0,1
MR_K05_LOCAL::CLUSTERED_SHORTFALL::THETA_0000::DELIVERY_RATIO_CF_BETA_050::Q0::equal_kw_reduction,MR_K05_LOCAL,CLUSTERED_SHORTFALL,Q0,equal_kw_reduction,DELIVERY_RATIO_CF_BETA_050,1.53876016953,-2.31511236289,7.63272572717,0.909090909957,0,1
MR_K05_LOCAL::CLUSTERED_SHORTFALL::THETA_0000::EXTERNALITY_CF_BETA_025::Q0::equal_kw_reduction,MR_K05_LOCAL,CLUSTERED_SHORTFALL,Q0,equal_kw_reduction,EXTERNALITY_CF_BETA_025,2.37737659312,-0.766736904769,7.63105429531,0.909090917918,0,1
MR_K05_LOCAL::CLUSTERED_SHORTFALL::THETA_0000::EXTERNALITY_CF_BETA_050::Q0::equal_kw_reduction,MR_K05_LOCAL,CLUSTERED_SHORTFALL,Q0,equal_kw_reduction,EXTERNALITY_CF_BETA_050,12.7319800202,-0.210710182076,7.39113945637,0.909090922815,0,1
MR_K05_LOCAL::CLUSTERED_SHORTFALL::THETA_0000::EXTERNALITY_CF_BETA_100::Q0::equal_kw_reduction,MR_K05_LOCAL,CLUSTERED_SHORTFALL,Q0,equal_kw_reduction,EXTERNALITY_CF_BETA_100,-30.1673000336,-0.955866200743,7.01513608521,0.90909090905,0,1
MR_K05_LOCAL::CLUSTERED_SHORTFALL::THETA_0000::UNIFORM_MATCHED_EXTERNALITY_CF_BETA_050::Q0::equal_kw_reduction,MR_K05_LOCAL,CLUSTERED_SHORTFALL,Q0,equal_kw_reduction,UNIFORM_MATCHED_EXTERNALITY_CF_BETA_050,-22.0746105632,-1.17660633753,7.40070444039,0.909090921203,0,1
MR_K05_LOCAL::CLUSTERED_SHORTFALL::THETA_0000::NO_FEEDBACK::Q0::flat_level,MR_K05_LOCAL,CLUSTERED_SHORTFALL,Q0,flat_level,NO_FEEDBACK,-114.561298449,-5.17108575307,4.98524448145,0.90909090225,0,1
MR_K05_LOCAL::CLUSTERED_SHORTFALL::THETA_0000::DELIVERY_RATIO_CF_BETA_050::Q0::flat_level,MR_K05_LOCAL,CLUSTERED_SHORTFALL,Q0,flat_level,DELIVERY_RATIO_CF_BETA_050,-57.4935115734,-2.49803704151,4.98524448145,0.909090920425,0,1
MR_K05_LOCAL::CLUSTERED_SHORTFALL::THETA_0000::EXTERNALITY_CF_BETA_025::Q0::flat_level,MR_K05_LOCAL,CLUSTERED_SHORTFALL,Q0,flat_level,EXTERNALITY_CF_BETA_025,-28.721777598,-1.31332176676,4.98524448145,0.909090918566,0,1
MR_K05_LOCAL::CLUSTERED_SHORTFALL::THETA_0000::EXTERNALITY_CF_BETA_050::Q0::flat_level,MR_K05_LOCAL,CLUSTERED_SHORTFALL,Q0,flat_level,EXTERNALITY_CF_BETA_050,22.3706393966,0.0505367051874,4.98524448145,0.909090907753,0,1
MR_K05_LOCAL::CLUSTERED_SHORTFALL::THETA_0000::EXTERNALITY_CF_BETA_100::Q0::flat_level,MR_K05_LOCAL,CLUSTERED_SHORTFALL,Q0,flat_level,EXTERNALITY_CF_BETA_100,-12.5477204484,-2.00867303162,4.98524448145,0.909090914602,0,1
MR_K05_LOCAL::CLUSTERED_SHORTFALL::THETA_0000::UNIFORM_MATCHED_EXTERNALITY_CF_BETA_050::Q0::flat_level,MR_K05_LOCAL,CLUSTERED_SHORTFALL,Q0,flat_level,UNIFORM_MATCHED_EXTERNALITY_CF_BETA_050,-89.5835867076,-4.04424004589,4.98524448145,0.909090917655,0,1
MR_K05_LOCAL::CLUSTERED_SHORTFALL::THETA_0000::NO_FEEDBACK::Q0::max_export_lp,MR_K05_LOCAL,CLUSTERED_SHORTFALL,Q0,max_export_lp,NO_FEEDBACK,-17.5549404385,-3.29795438705,8.01103077501,0.90909088429,0,1
MR_K05_LOCAL::CLUSTERED_SHORTFALL::THETA_0000::DELIVERY_RATIO_CF_BETA_050::Q0::max_export_lp,MR_K05_LOCAL,CLUSTERED_SHORTFALL,Q0,max_export_lp,DELIVERY_RATIO_CF_BETA_050,-0.458788347686,-1.41742183391,7.99674637003,0.909090913718,0,1
MR_K05_LOCAL::CLUSTERED_SHORTFALL::THETA_0000::EXTERNALITY_CF_BETA_025::Q0::max_export_lp,MR_K05_LOCAL,CLUSTERED_SHORTFALL,Q0,max_export_lp,EXTERNALITY_CF_BETA_025,0.417479727456,-0.725129928621,7.90217218688,0.909090916705,0,1
MR_K05_LOCAL::CLUSTERED_SHORTFALL::THETA_0000::EXTERNALITY_CF_BETA_050::Q0::max_export_lp,MR_K05_LOCAL,CLUSTERED_SHORTFALL,Q0,max_export_lp,EXTERNALITY_CF_BETA_050,7.4867256112,0.0149932146054,7.59889846495,0.909090913082,0,1
MR_K05_LOCAL::CLUSTERED_SHORTFALL::THETA_0000::EXTERNALITY_CF_BETA_100::Q0::max_export_lp,MR_K05_LOCAL,CLUSTERED_SHORTFALL,Q0,max_export_lp,EXTERNALITY_CF_BETA_100,-14.5696159796,-1.01136180788,7.30077710802,0.909090920449,0,1
MR_K05_LOCAL::CLUSTERED_SHORTFALL::THETA_0000::UNIFORM_MATCHED_EXTERNALITY_CF_BETA_050::Q0::max_export_lp,MR_K05_LOCAL,CLUSTERED_SHORTFALL,Q0,max_export_lp,UNIFORM_MATCHED_EXTERNALITY_CF_BETA_050,-26.287715443,-0.309844822796,7.52325256177,0.90909091248,0,1
MR_K05_LOCAL::CLUSTERED_SHORTFALL::THETA_0000::NO_FEEDBACK::Q0::fairness_qp,MR_K05_LOCAL,CLUSTERED_SHORTFALL,Q0,fairness_qp,NO_FEEDBACK,-18.7352143122,-1.60706821584,7.57730783118,0.909090906551,0,1
MR_K05_LOCAL::CLUSTERED_SHORTFALL::THETA_0000::DELIVERY_RATIO_CF_BETA_050::Q0::fairness_qp,MR_K05_LOCAL,CLUSTERED_SHORTFALL,Q0,fairness_qp,DELIVERY_RATIO_CF_BETA_050,-5.23301607032,-0.809713066428,7.57730783118,0.909090914739,0,1
MR_K05_LOCAL::CLUSTERED_SHORTFALL::THETA_0000::EXTERNALITY_CF_BETA_025::Q0::fairness_qp,MR_K05_LOCAL,CLUSTERED_SHORTFALL,Q0,fairness_qp,EXTERNALITY_CF_BETA_025,-3.89356032398,-0.51285691776,7.55672413267,0.909090913763,0,1
MR_K05_LOCAL::CLUSTERED_SHORTFALL::THETA_0000::EXTERNALITY_CF_BETA_050::Q0::fairness_qp,MR_K05_LOCAL,CLUSTERED_SHORTFALL,Q0,fairness_qp,EXTERNALITY_CF_BETA_050,-0.278797964615,-0.440888263866,7.31577529946,0.909090912955,0,1
MR_K05_LOCAL::CLUSTERED_SHORTFALL::THETA_0000::EXTERNALITY_CF_BETA_100::Q0::fairness_qp,MR_K05_LOCAL,CLUSTERED_SHORTFALL,Q0,fairness_qp,EXTERNALITY_CF_BETA_100,-27.0515419033,-1.96329443584,6.99003517775,0.909090917978,0,1
MR_K05_LOCAL::CLUSTERED_SHORTFALL::THETA_0000::UNIFORM_MATCHED_EXTERNALITY_CF_BETA_050::Q0::fairness_qp,MR_K05_LOCAL,CLUSTERED_SHORTFALL,Q0,fairness_qp,UNIFORM_MATCHED_EXTERNALITY_CF_BETA_050,-24.2734236264,-1.10585300415,7.38089204292,0.909090912815,0,1
MR_K05_LOCAL::CLUSTERED_SHORTFALL::THETA_0000::NO_FEEDBACK::Q95::weighted_proportional,MR_K05_LOCAL,CLUSTERED_SHORTFALL,Q95,weighted_proportional,NO_FEEDBACK,-16.7416863115,-1.36612021858,5.47214120925,0.909090894287,0,1
MR_K05_LOCAL::CLUSTERED_SHORTFALL::THETA_0000::DELIVERY_RATIO_CF_BETA_050::Q95::weighted_proportional,MR_K05_LOCAL,CLUSTERED_SHORTFALL,Q95,weighted_proportional,DELIVERY_RATIO_CF_BETA_050,-3.49159233104,-0.887361636788,5.47214120925,0.909090915918,0,1
MR_K05_LOCAL::CLUSTERED_SHORTFALL::THETA_0000::EXTERNALITY_CF_BETA_025::Q95::weighted_proportional,MR_K05_LOCAL,CLUSTERED_SHORTFALL,Q95,weighted_proportional,EXTERNALITY_CF_BETA_025,-0.405527138588,-0.6920662237,5.47214120925,0.909090914136,0,1
MR_K05_LOCAL::CLUSTERED_SHORTFALL::THETA_0000::EXTERNALITY_CF_BETA_050::Q95::weighted_proportional,MR_K05_LOCAL,CLUSTERED_SHORTFALL,Q95,weighted_proportional,EXTERNALITY_CF_BETA_050,4.21810993676,-0.8857191323,5.47214120925,0.909090915454,0,1
MR_K05_LOCAL::CLUSTERED_SHORTFALL::THETA_0000::EXTERNALITY_CF_BETA_100::Q95::weighted_proportional,MR_K05_LOCAL,CLUSTERED_SHORTFALL,Q95,weighted_proportional,EXTERNALITY_CF_BETA_100,-31.2780597372,-2.530158317,5.1319718739,0.909090913959,0,1
MR_K05_LOCAL::CLUSTERED_SHORTFALL::THETA_0000::UNIFORM_MATCHED_EXTERNALITY_CF_BETA_050::Q95::weighted_proportional,MR_K05_LOCAL,CLUSTERED_SHORTFALL,Q95,weighted_proportional,UNIFORM_MATCHED_EXTERNALITY_CF_BETA_050,-16.7416863091,-1.36612021858,5.47214117721,0.90909090938,0,1
MR_K05_LOCAL::CLUSTERED_SHORTFALL::THETA_0000::NO_FEEDBACK::Q95::equal_kw_reduction,MR_K05_LOCAL,CLUSTERED_SHORTFALL,Q95,equal_kw_reduction,NO_FEEDBACK,-14.9079100811,-4.33633658549,5.97995953023,0.909090898405,0,1
MR_K05_LOCAL::CLUSTERED_SHORTFALL::THETA_0000::DELIVERY_RATIO_CF_BETA_050::Q95::equal_kw_reduction,MR_K05_LOCAL,CLUSTERED_SHORTFALL,Q95,equal_kw_reduction,DELIVERY_RATIO_CF_BETA_050,1.53876016953,-2.31511236289,5.97995953023,0.909090916431,0,1
MR_K05_LOCAL::CLUSTERED_SHORTFALL::THETA_0000::EXTERNALITY_CF_BETA_025::Q95::equal_kw_reduction,MR_K05_LOCAL,CLUSTERED_SHORTFALL,Q95,equal_kw_reduction,EXTERNALITY_CF_BETA_025,2.37737659312,-0.766736904769,5.97860451005,0.909090919431,0,1
MR_K05_LOCAL::CLUSTERED_SHORTFALL::THETA_0000::EXTERNALITY_CF_BETA_050::Q95::equal_kw_reduction,MR_K05_LOCAL,CLUSTERED_SHORTFALL,Q95,equal_kw_reduction,EXTERNALITY_CF_BETA_050,12.7319800202,-0.210710182076,5.7947208356,0.909090908651,0,1
MR_K05_LOCAL::CLUSTERED_SHORTFALL::THETA_0000::EXTERNALITY_CF_BETA_100::Q95::equal_kw_reduction,MR_K05_LOCAL,CLUSTERED_SHORTFALL,Q95,equal_kw_reduction,EXTERNALITY_CF_BETA_100,-30.1673000336,-0.955866200743,5.50685575041,0.909090910815,0,1
MR_K05_LOCAL::CLUSTERED_SHORTFALL::THETA_0000::UNIFORM_MATCHED_EXTERNALITY_CF_BETA_050::Q95::equal_kw_reduction,MR_K05_LOCAL,CLUSTERED_SHORTFALL,Q95,equal_kw_reduction,UNIFORM_MATCHED_EXTERNALITY_CF_BETA_050,-22.0746105632,-1.17660633753,5.8022324145,0.909090926085,0,1
MR_K05_LOCAL::CLUSTERED_SHORTFALL::THETA_0000::NO_FEEDBACK::Q95::flat_level,MR_K05_LOCAL,CLUSTERED_SHORTFALL,Q95,flat_level,NO_FEEDBACK,-114.561298449,-5.17108575307,3.95110123656,0.909090903211,0,1
MR_K05_LOCAL::CLUSTERED_SHORTFALL::THETA_0000::DELIVERY_RATIO_CF_BETA_050::Q95::flat_level,MR_K05_LOCAL,CLUSTERED_SHORTFALL,Q95,flat_level,DELIVERY_RATIO_CF_BETA_050,-57.4935115734,-2.49803704151,3.95110123656,0.909090911271,0,1
MR_K05_LOCAL::CLUSTERED_SHORTFALL::THETA_0000::EXTERNALITY_CF_BETA_025::Q95::flat_level,MR_K05_LOCAL,CLUSTERED_SHORTFALL,Q95,flat_level,EXTERNALITY_CF_BETA_025,-28.721777598,-1.31332176676,3.95110123656,0.909090916457,0,1
MR_K05_LOCAL::CLUSTERED_SHORTFALL::THETA_0000::EXTERNALITY_CF_BETA_050::Q95::flat_level,MR_K05_LOCAL,CLUSTERED_SHORTFALL,Q95,flat_level,EXTERNALITY_CF_BETA_050,22.3706393966,0.0505367051874,3.95110123656,0.90909091669,0,1
MR_K05_LOCAL::CLUSTERED_SHORTFALL::THETA_0000::EXTERNALITY_CF_BETA_100::Q95::flat_level,MR_K05_LOCAL,CLUSTERED_SHORTFALL,Q95,flat_level,EXTERNALITY_CF_BETA_100,-12.5477204484,-2.00867303162,3.95110123656,0.909090914447,0,1
MR_K05_LOCAL::CLUSTERED_SHORTFALL::THETA_0000::UNIFORM_MATCHED_EXTERNALITY_CF_BETA_050::Q95::flat_level,MR_K05_LOCAL,CLUSTERED_SHORTFALL,Q95,flat_level,UNIFORM_MATCHED_EXTERNALITY_CF_BETA_050,-89.5835867076,-4.04424004589,3.95110123656,0.909090908792,0,1
MR_K05_LOCAL::CLUSTERED_SHORTFALL::THETA_0000::NO_FEEDBACK::Q95::max_export_lp,MR_K05_LOCAL,CLUSTERED_SHORTFALL,Q95,max_export_lp,NO_FEEDBACK,-17.5549274536,-3.29794020171,6.26977686747,0.90909089792,0,1
MR_K05_LOCAL::CLUSTERED_SHORTFALL::THETA_0000::DELIVERY_RATIO_CF_BETA_050::Q95::max_export_lp,MR_K05_LOCAL,CLUSTERED_SHORTFALL,Q95,max_export_lp,DELIVERY_RATIO_CF_BETA_050,-0.458770186647,-1.41740939904,6.2586817063,0.909090911063,0,1
MR_K05_LOCAL::CLUSTERED_SHORTFALL::THETA_0000::EXTERNALITY_CF_BETA_025::Q95::max_export_lp,MR_K05_LOCAL,CLUSTERED_SHORTFALL,Q95,max_export_lp,EXTERNALITY_CF_BETA_025,0.417509401022,-0.725114643264,6.18625625389,0.909090916569,0,1
MR_K05_LOCAL::CLUSTERED_SHORTFALL::THETA_0000::EXTERNALITY_CF_BETA_050::Q95::max_export_lp,MR_K05_LOCAL,CLUSTERED_SHORTFALL,Q95,max_export_lp,EXTERNALITY_CF_BETA_050,7.48672572635,0.0150033041892,5.95396096524,0.909090914581,0,1
MR_K05_LOCAL::CLUSTERED_SHORTFALL::THETA_0000::EXTERNALITY_CF_BETA_100::Q95::max_export_lp,MR_K05_LOCAL,CLUSTERED_SHORTFALL,Q95,max_export_lp,EXTERNALITY_CF_BETA_100,-14.5696052315,-1.01134784971,5.72577411091,0.909090916496,0,1
MR_K05_LOCAL::CLUSTERED_SHORTFALL::THETA_0000::UNIFORM_MATCHED_EXTERNALITY_CF_BETA_050::Q95::max_export_lp,MR_K05_LOCAL,CLUSTERED_SHORTFALL,Q95,max_export_lp,UNIFORM_MATCHED_EXTERNALITY_CF_BETA_050,-26.4245679296,-0.300233189739,5.89061770678,0.909090913876,0,1
MR_K05_LOCAL::CLUSTERED_SHORTFALL::THETA_0000::NO_FEEDBACK::Q95::fairness_qp,MR_K05_LOCAL,CLUSTERED_SHORTFALL,Q95,fairness_qp,NO_FEEDBACK,-18.7352223947,-1.60706715645,5.93738349566,0.909090892989,0,1
MR_K05_LOCAL::CLUSTERED_SHORTFALL::THETA_0000::DELIVERY_RATIO_CF_BETA_050::Q95::fairness_qp,MR_K05_LOCAL,CLUSTERED_SHORTFALL,Q95,fairness_qp,DELIVERY_RATIO_CF_BETA_050,-5.23302543484,-0.809712503392,5.93738349566,0.909090919916,0,1
MR_K05_LOCAL::CLUSTERED_SHORTFALL::THETA_0000::EXTERNALITY_CF_BETA_025::Q95::fairness_qp,MR_K05_LOCAL,CLUSTERED_SHORTFALL,Q95,fairness_qp,EXTERNALITY_CF_BETA_025,-3.8935696142,-0.512856519642,5.92152090339,0.909090913994,0,1
MR_K05_LOCAL::CLUSTERED_SHORTFALL::THETA_0000::EXTERNALITY_CF_BETA_050::Q95::fairness_qp,MR_K05_LOCAL,CLUSTERED_SHORTFALL,Q95,fairness_qp,EXTERNALITY_CF_BETA_050,-0.278807853778,-0.440887804411,5.73701927052,0.909090910472,0,1
MR_K05_LOCAL::CLUSTERED_SHORTFALL::THETA_0000::EXTERNALITY_CF_BETA_100::Q95::fairness_qp,MR_K05_LOCAL,CLUSTERED_SHORTFALL,Q95,fairness_qp,EXTERNALITY_CF_BETA_100,-27.0515422949,-1.9632941594,5.48754692389,0.909090913292,0,1
MR_K05_LOCAL::CLUSTERED_SHORTFALL::THETA_0000::UNIFORM_MATCHED_EXTERNALITY_CF_BETA_050::Q95::fairness_qp,MR_K05_LOCAL,CLUSTERED_SHORTFALL,Q95,fairness_qp,UNIFORM_MATCHED_EXTERNALITY_CF_BETA_050,-24.2734271008,-1.10585260208,5.78698769538,0.909090911221,0,1
MR_K05_LOCAL::INTERMITTENT_SHORTFALL::THETA_0000::NO_FEEDBACK::Q0::weighted_proportional,MR_K05_LOCAL,INTERMITTENT_SHORTFALL,Q0,weighted_proportional,NO_FEEDBACK,-16.7416863082,-1.36612021858,6.96985661288,0.909090895411,0,1
MR_K05_LOCAL::INTERMITTENT_SHORTFALL::THETA_0000::DELIVERY_RATIO_CF_BETA_050::Q0::weighted_proportional,MR_K05_LOCAL,INTERMITTENT_SHORTFALL,Q0,weighted_proportional,DELIVERY_RATIO_CF_BETA_050,-10.9151521882,-0.747384550718,6.96985661288,0.909090916362,0,1
MR_K05_LOCAL::INTERMITTENT_SHORTFALL::THETA_0000::EXTERNALITY_CF_BETA_025::Q0::weighted_proportional,MR_K05_LOCAL,INTERMITTENT_SHORTFALL,Q0,weighted_proportional,EXTERNALITY_CF_BETA_025,-8.44674126752,-0.514121845875,6.96985661288,0.909090910488,0,1
MR_K05_LOCAL::INTERMITTENT_SHORTFALL::THETA_0000::EXTERNALITY_CF_BETA_050::Q0::weighted_proportional,MR_K05_LOCAL,INTERMITTENT_SHORTFALL,Q0,weighted_proportional,EXTERNALITY_CF_BETA_050,-12.8367080218,-0.585754135881,6.96985661288,0.909090915028,0,1
MR_K05_LOCAL::INTERMITTENT_SHORTFALL::THETA_0000::EXTERNALITY_CF_BETA_100::Q0::weighted_proportional,MR_K05_LOCAL,INTERMITTENT_SHORTFALL,Q0,weighted_proportional,EXTERNALITY_CF_BETA_100,-64.462629703,-2.96758930698,6.73915990733,0.909090914392,0,1
MR_K05_LOCAL::INTERMITTENT_SHORTFALL::THETA_0000::UNIFORM_MATCHED_EXTERNALITY_CF_BETA_050::Q0::weighted_proportional,MR_K05_LOCAL,INTERMITTENT_SHORTFALL,Q0,weighted_proportional,UNIFORM_MATCHED_EXTERNALITY_CF_BETA_050,-16.7416863089,-1.36612021858,6.96985656512,0.909090910499,0,1
MR_K05_LOCAL::INTERMITTENT_SHORTFALL::THETA_0000::NO_FEEDBACK::Q0::equal_kw_reduction,MR_K05_LOCAL,INTERMITTENT_SHORTFALL,Q0,equal_kw_reduction,NO_FEEDBACK,-14.9079100811,-4.33633658549,7.63272572717,0.909090900292,0,1
MR_K05_LOCAL::INTERMITTENT_SHORTFALL::THETA_0000::DELIVERY_RATIO_CF_BETA_050::Q0::equal_kw_reduction,MR_K05_LOCAL,INTERMITTENT_SHORTFALL,Q0,equal_kw_reduction,DELIVERY_RATIO_CF_BETA_050,-4.19261514793,-2.01289955765,7.63272572717,0.90909091327,0,1
MR_K05_LOCAL::INTERMITTENT_SHORTFALL::THETA_0000::EXTERNALITY_CF_BETA_025::Q0::equal_kw_reduction,MR_K05_LOCAL,INTERMITTENT_SHORTFALL,Q0,equal_kw_reduction,EXTERNALITY_CF_BETA_025,-2.84727496073,-1.07659901772,7.63272572717,0.909090915898,0,1
MR_K05_LOCAL::INTERMITTENT_SHORTFALL::THETA_0000::EXTERNALITY_CF_BETA_050::Q0::equal_kw_reduction,MR_K05_LOCAL,INTERMITTENT_SHORTFALL,Q0,equal_kw_reduction,EXTERNALITY_CF_BETA_050,-6.83363456737,-0.984301336621,7.63272572717,0.90909091634,0,1
MR_K05_LOCAL::INTERMITTENT_SHORTFALL::THETA_0000::EXTERNALITY_CF_BETA_100::Q0::equal_kw_reduction,MR_K05_LOCAL,INTERMITTENT_SHORTFALL,Q0,equal_kw_reduction,EXTERNALITY_CF_BETA_100,-81.4132646508,0.237614442686,7.16850890384,0.909090922595,0,1
MR_K05_LOCAL::INTERMITTENT_SHORTFALL::THETA_0000::UNIFORM_MATCHED_EXTERNALITY_CF_BETA_050::Q0::equal_kw_reduction,MR_K05_LOCAL,INTERMITTENT_SHORTFALL,Q0,equal_kw_reduction,UNIFORM_MATCHED_EXTERNALITY_CF_BETA_050,-19.4238157406,-2.54245411006,7.51916975344,0.909090915337,0,1
MR_K05_LOCAL::INTERMITTENT_SHORTFALL::THETA_0000::NO_FEEDBACK::Q0::flat_level,MR_K05_LOCAL,INTERMITTENT_SHORTFALL,Q0,flat_level,NO_FEEDBACK,-114.561298449,-5.17108575307,4.98524448145,0.90909090225,0,1
MR_K05_LOCAL::INTERMITTENT_SHORTFALL::THETA_0000::DELIVERY_RATIO_CF_BETA_050::Q0::flat_level,MR_K05_LOCAL,INTERMITTENT_SHORTFALL,Q0,flat_level,DELIVERY_RATIO_CF_BETA_050,-57.711772715,-2.42476791468,4.98524448145,0.909090913267,0,1
MR_K05_LOCAL::INTERMITTENT_SHORTFALL::THETA_0000::EXTERNALITY_CF_BETA_025::Q0::flat_level,MR_K05_LOCAL,INTERMITTENT_SHORTFALL,Q0,flat_level,EXTERNALITY_CF_BETA_025,-38.256016781,-1.51414400541,4.98524448145,0.909090915761,0,1
MR_K05_LOCAL::INTERMITTENT_SHORTFALL::THETA_0000::EXTERNALITY_CF_BETA_050::Q0::flat_level,MR_K05_LOCAL,INTERMITTENT_SHORTFALL,Q0,flat_level,EXTERNALITY_CF_BETA_050,-38.3880986328,-1.55055290256,4.98524448145,0.909090911102,0,1
MR_K05_LOCAL::INTERMITTENT_SHORTFALL::THETA_0000::EXTERNALITY_CF_BETA_100::Q0::flat_level,MR_K05_LOCAL,INTERMITTENT_SHORTFALL,Q0,flat_level,EXTERNALITY_CF_BETA_100,6.59512398262,-0.717797109231,4.98524448145,0.909090922991,0,1
MR_K05_LOCAL::INTERMITTENT_SHORTFALL::THETA_0000::UNIFORM_MATCHED_EXTERNALITY_CF_BETA_050::Q0::flat_level,MR_K05_LOCAL,INTERMITTENT_SHORTFALL,Q0,flat_level,UNIFORM_MATCHED_EXTERNALITY_CF_BETA_050,-102.455442898,-4.60404800359,4.98524448145,0.909090912833,0,1
MR_K05_LOCAL::INTERMITTENT_SHORTFALL::THETA_0000::NO_FEEDBACK::Q0::max_export_lp,MR_K05_LOCAL,INTERMITTENT_SHORTFALL,Q0,max_export_lp,NO_FEEDBACK,-17.5549404385,-3.29795438705,8.01103077501,0.90909088429,0,1
MR_K05_LOCAL::INTERMITTENT_SHORTFALL::THETA_0000::DELIVERY_RATIO_CF_BETA_050::Q0::max_export_lp,MR_K05_LOCAL,INTERMITTENT_SHORTFALL,Q0,max_export_lp,DELIVERY_RATIO_CF_BETA_050,-3.73760816285,-1.32955366834,7.99507282188,0.909090922853,0,1
MR_K05_LOCAL::INTERMITTENT_SHORTFALL::THETA_0000::EXTERNALITY_CF_BETA_025::Q0::max_export_lp,MR_K05_LOCAL,INTERMITTENT_SHORTFALL,Q0,max_export_lp,EXTERNALITY_CF_BETA_025,-4.09028811918,-0.8470354707,8.00324867996,0.909090925108,0,1
MR_K05_LOCAL::INTERMITTENT_SHORTFALL::THETA_0000::EXTERNALITY_CF_BETA_050::Q0::max_export_lp,MR_K05_LOCAL,INTERMITTENT_SHORTFALL,Q0,max_export_lp,EXTERNALITY_CF_BETA_050,-6.63599648585,-0.820324339083,7.94976676396,0.90909091559,0,1
MR_K05_LOCAL::INTERMITTENT_SHORTFALL::THETA_0000::EXTERNALITY_CF_BETA_100::Q0::max_export_lp,MR_K05_LOCAL,INTERMITTENT_SHORTFALL,Q0,max_export_lp,EXTERNALITY_CF_BETA_100,-74.8027781529,-0.338279262861,7.43447547794,0.909090912423,0,1
MR_K05_LOCAL::INTERMITTENT_SHORTFALL::THETA_0000::UNIFORM_MATCHED_EXTERNALITY_CF_BETA_050::Q0::max_export_lp,MR_K05_LOCAL,INTERMITTENT_SHORTFALL,Q0,max_export_lp,UNIFORM_MATCHED_EXTERNALITY_CF_BETA_050,-20.4309475486,-1.46201558586,7.81251954025,0.909090913908,0,1
MR_K05_LOCAL::INTERMITTENT_SHORTFALL::THETA_0000::NO_FEEDBACK::Q0::fairness_qp,MR_K05_LOCAL,INTERMITTENT_SHORTFALL,Q0,fairness_qp,NO_FEEDBACK,-18.7352143122,-1.60706821584,7.57730783118,0.909090906551,0,1
MR_K05_LOCAL::INTERMITTENT_SHORTFALL::THETA_0000::DELIVERY_RATIO_CF_BETA_050::Q0::fairness_qp,MR_K05_LOCAL,INTERMITTENT_SHORTFALL,Q0,fairness_qp,DELIVERY_RATIO_CF_BETA_050,-9.91097444804,-0.727729646866,7.57730783118,0.909090913373,0,1
MR_K05_LOCAL::INTERMITTENT_SHORTFALL::THETA_0000::EXTERNALITY_CF_BETA_025::Q0::fairness_qp,MR_K05_LOCAL,INTERMITTENT_SHORTFALL,Q0,fairness_qp,EXTERNALITY_CF_BETA_025,-8.25266951218,-0.433183368182,7.57730783118,0.909090914209,0,1
MR_K05_LOCAL::INTERMITTENT_SHORTFALL::THETA_0000::EXTERNALITY_CF_BETA_050::Q0::fairness_qp,MR_K05_LOCAL,INTERMITTENT_SHORTFALL,Q0,fairness_qp,EXTERNALITY_CF_BETA_050,-11.2467902952,-0.483867828168,7.57730783118,0.909090919464,0,1
MR_K05_LOCAL::INTERMITTENT_SHORTFALL::THETA_0000::EXTERNALITY_CF_BETA_100::Q0::fairness_qp,MR_K05_LOCAL,INTERMITTENT_SHORTFALL,Q0,fairness_qp,EXTERNALITY_CF_BETA_100,-73.2544040777,-2.00811809615,7.17386414271,0.909090915744,0,1
MR_K05_LOCAL::INTERMITTENT_SHORTFALL::THETA_0000::UNIFORM_MATCHED_EXTERNALITY_CF_BETA_050::Q0::fairness_qp,MR_K05_LOCAL,INTERMITTENT_SHORTFALL,Q0,fairness_qp,UNIFORM_MATCHED_EXTERNALITY_CF_BETA_050,-22.7117721906,-1.25547562007,7.48031901155,0.909090911935,0,1
MR_K05_LOCAL::INTERMITTENT_SHORTFALL::THETA_0000::NO_FEEDBACK::Q95::weighted_proportional,MR_K05_LOCAL,INTERMITTENT_SHORTFALL,Q95,weighted_proportional,NO_FEEDBACK,-16.7416863115,-1.36612021858,5.47214120925,0.909090894287,0,1
MR_K05_LOCAL::INTERMITTENT_SHORTFALL::THETA_0000::DELIVERY_RATIO_CF_BETA_050::Q95::weighted_proportional,MR_K05_LOCAL,INTERMITTENT_SHORTFALL,Q95,weighted_proportional,DELIVERY_RATIO_CF_BETA_050,-10.91515219,-0.747384550721,5.47214120925,0.909090924285,0,1
MR_K05_LOCAL::INTERMITTENT_SHORTFALL::THETA_0000::EXTERNALITY_CF_BETA_025::Q95::weighted_proportional,MR_K05_LOCAL,INTERMITTENT_SHORTFALL,Q95,weighted_proportional,EXTERNALITY_CF_BETA_025,-8.44674126743,-0.514121845875,5.47214120925,0.909090919581,0,1
MR_K05_LOCAL::INTERMITTENT_SHORTFALL::THETA_0000::EXTERNALITY_CF_BETA_050::Q95::weighted_proportional,MR_K05_LOCAL,INTERMITTENT_SHORTFALL,Q95,weighted_proportional,EXTERNALITY_CF_BETA_050,-12.8367080194,-0.585754135881,5.47214120925,0.909090913067,0,1
MR_K05_LOCAL::INTERMITTENT_SHORTFALL::THETA_0000::EXTERNALITY_CF_BETA_100::Q95::weighted_proportional,MR_K05_LOCAL,INTERMITTENT_SHORTFALL,Q95,weighted_proportional,EXTERNALITY_CF_BETA_100,-64.4626297023,-2.96758930698,5.29535354092,0.909090910277,0,1
MR_K05_LOCAL::INTERMITTENT_SHORTFALL::THETA_0000::UNIFORM_MATCHED_EXTERNALITY_CF_BETA_050::Q95::weighted_proportional,MR_K05_LOCAL,INTERMITTENT_SHORTFALL,Q95,weighted_proportional,UNIFORM_MATCHED_EXTERNALITY_CF_BETA_050,-16.741686309,-1.36612021858,5.47214117723,0.909090909348,0,1
MR_K05_LOCAL::INTERMITTENT_SHORTFALL::THETA_0000::NO_FEEDBACK::Q95::equal_kw_reduction,MR_K05_LOCAL,INTERMITTENT_SHORTFALL,Q95,equal_kw_reduction,NO_FEEDBACK,-14.9079100811,-4.33633658549,5.97995953023,0.909090898405,0,1
MR_K05_LOCAL::INTERMITTENT_SHORTFALL::THETA_0000::DELIVERY_RATIO_CF_BETA_050::Q95::equal_kw_reduction,MR_K05_LOCAL,INTERMITTENT_SHORTFALL,Q95,equal_kw_reduction,DELIVERY_RATIO_CF_BETA_050,-4.19261514793,-2.01289955765,5.97995953023,0.909090914419,0,1
MR_K05_LOCAL::INTERMITTENT_SHORTFALL::THETA_0000::EXTERNALITY_CF_BETA_025::Q95::equal_kw_reduction,MR_K05_LOCAL,INTERMITTENT_SHORTFALL,Q95,equal_kw_reduction,EXTERNALITY_CF_BETA_025,-2.84727496073,-1.07659901772,5.97995953023,0.909090912641,0,1
MR_K05_LOCAL::INTERMITTENT_SHORTFALL::THETA_0000::EXTERNALITY_CF_BETA_050::Q95::equal_kw_reduction,MR_K05_LOCAL,INTERMITTENT_SHORTFALL,Q95,equal_kw_reduction,EXTERNALITY_CF_BETA_050,-6.83363456737,-0.984301336621,5.97995953023,0.909090914289,0,1
MR_K05_LOCAL::INTERMITTENT_SHORTFALL::THETA_0000::EXTERNALITY_CF_BETA_100::Q95::equal_kw_reduction,MR_K05_LOCAL,INTERMITTENT_SHORTFALL,Q95,equal_kw_reduction,EXTERNALITY_CF_BETA_100,-81.4132646508,0.237614442686,5.62431365736,0.909090914443,0,1
MR_K05_LOCAL::INTERMITTENT_SHORTFALL::THETA_0000::UNIFORM_MATCHED_EXTERNALITY_CF_BETA_050::Q95::equal_kw_reduction,MR_K05_LOCAL,INTERMITTENT_SHORTFALL,Q95,equal_kw_reduction,UNIFORM_MATCHED_EXTERNALITY_CF_BETA_050,-19.4238157406,-2.54245411006,5.89298039353,0.909090919308,0,1
MR_K05_LOCAL::INTERMITTENT_SHORTFALL::THETA_0000::NO_FEEDBACK::Q95::flat_level,MR_K05_LOCAL,INTERMITTENT_SHORTFALL,Q95,flat_level,NO_FEEDBACK,-114.561298449,-5.17108575307,3.95110123656,0.909090903211,0,1
MR_K05_LOCAL::INTERMITTENT_SHORTFALL::THETA_0000::DELIVERY_RATIO_CF_BETA_050::Q95::flat_level,MR_K05_LOCAL,INTERMITTENT_SHORTFALL,Q95,flat_level,DELIVERY_RATIO_CF_BETA_050,-57.711772715,-2.42476791468,3.95110123656,0.909090916994,0,1
MR_K05_LOCAL::INTERMITTENT_SHORTFALL::THETA_0000::EXTERNALITY_CF_BETA_025::Q95::flat_level,MR_K05_LOCAL,INTERMITTENT_SHORTFALL,Q95,flat_level,EXTERNALITY_CF_BETA_025,-38.256016781,-1.51414400541,3.95110123656,0.909090919888,0,1
MR_K05_LOCAL::INTERMITTENT_SHORTFALL::THETA_0000::EXTERNALITY_CF_BETA_050::Q95::flat_level,MR_K05_LOCAL,INTERMITTENT_SHORTFALL,Q95,flat_level,EXTERNALITY_CF_BETA_050,-38.3880986328,-1.55055290256,3.95110123656,0.909090914488,0,1
MR_K05_LOCAL::INTERMITTENT_SHORTFALL::THETA_0000::EXTERNALITY_CF_BETA_100::Q95::flat_level,MR_K05_LOCAL,INTERMITTENT_SHORTFALL,Q95,flat_level,EXTERNALITY_CF_BETA_100,6.59512398262,-0.717797109231,3.95110123656,0.909090919149,0,1
MR_K05_LOCAL::INTERMITTENT_SHORTFALL::THETA_0000::UNIFORM_MATCHED_EXTERNALITY_CF_BETA_050::Q95::flat_level,MR_K05_LOCAL,INTERMITTENT_SHORTFALL,Q95,flat_level,UNIFORM_MATCHED_EXTERNALITY_CF_BETA_050,-102.455442898,-4.60404800359,3.95110123656,0.909090911707,0,1
MR_K05_LOCAL::INTERMITTENT_SHORTFALL::THETA_0000::NO_FEEDBACK::Q95::max_export_lp,MR_K05_LOCAL,INTERMITTENT_SHORTFALL,Q95,max_export_lp,NO_FEEDBACK,-17.5549274536,-3.29794020171,6.26977686747,0.90909089792,0,1
MR_K05_LOCAL::INTERMITTENT_SHORTFALL::THETA_0000::DELIVERY_RATIO_CF_BETA_050::Q95::max_export_lp,MR_K05_LOCAL,INTERMITTENT_SHORTFALL,Q95,max_export_lp,DELIVERY_RATIO_CF_BETA_050,-3.73759958,-1.32953897892,6.25739505778,0.909090923324,0,1
MR_K05_LOCAL::INTERMITTENT_SHORTFALL::THETA_0000::EXTERNALITY_CF_BETA_025::Q95::max_export_lp,MR_K05_LOCAL,INTERMITTENT_SHORTFALL,Q95,max_export_lp,EXTERNALITY_CF_BETA_025,-4.09028884271,-0.847021577655,6.26367868341,0.909090914704,0,1
MR_K05_LOCAL::INTERMITTENT_SHORTFALL::THETA_0000::EXTERNALITY_CF_BETA_050::Q95::max_export_lp,MR_K05_LOCAL,INTERMITTENT_SHORTFALL,Q95,max_export_lp,EXTERNALITY_CF_BETA_050,-6.63598761598,-0.820311526903,6.22269289436,0.909090915226,0,1
MR_K05_LOCAL::INTERMITTENT_SHORTFALL::THETA_0000::EXTERNALITY_CF_BETA_100::Q95::max_export_lp,MR_K05_LOCAL,INTERMITTENT_SHORTFALL,Q95,max_export_lp,EXTERNALITY_CF_BETA_100,-74.8027656751,-0.338264576354,5.8281694014,0.909090916122,0,1
MR_K05_LOCAL::INTERMITTENT_SHORTFALL::THETA_0000::UNIFORM_MATCHED_EXTERNALITY_CF_BETA_050::Q95::max_export_lp,MR_K05_LOCAL,INTERMITTENT_SHORTFALL,Q95,max_export_lp,UNIFORM_MATCHED_EXTERNALITY_CF_BETA_050,-20.4141407076,-1.46619136048,6.11816955193,0.909090917901,0,1
MR_K05_LOCAL::INTERMITTENT_SHORTFALL::THETA_0000::NO_FEEDBACK::Q95::fairness_qp,MR_K05_LOCAL,INTERMITTENT_SHORTFALL,Q95,fairness_qp,NO_FEEDBACK,-18.7352223947,-1.60706715645,5.93738349566,0.909090892989,0,1
MR_K05_LOCAL::INTERMITTENT_SHORTFALL::THETA_0000::DELIVERY_RATIO_CF_BETA_050::Q95::fairness_qp,MR_K05_LOCAL,INTERMITTENT_SHORTFALL,Q95,fairness_qp,DELIVERY_RATIO_CF_BETA_050,-9.91098277955,-0.727729073528,5.93738349566,0.90909091345,0,1
MR_K05_LOCAL::INTERMITTENT_SHORTFALL::THETA_0000::EXTERNALITY_CF_BETA_025::Q95::fairness_qp,MR_K05_LOCAL,INTERMITTENT_SHORTFALL,Q95,fairness_qp,EXTERNALITY_CF_BETA_025,-8.25267978422,-0.433182944735,5.93738349566,0.909090914218,0,1
MR_K05_LOCAL::INTERMITTENT_SHORTFALL::THETA_0000::EXTERNALITY_CF_BETA_050::Q95::fairness_qp,MR_K05_LOCAL,INTERMITTENT_SHORTFALL,Q95,fairness_qp,EXTERNALITY_CF_BETA_050,-11.2468019675,-0.483867481357,5.93738349566,0.909090908742,0,1
MR_K05_LOCAL::INTERMITTENT_SHORTFALL::THETA_0000::EXTERNALITY_CF_BETA_100::Q95::fairness_qp,MR_K05_LOCAL,INTERMITTENT_SHORTFALL,Q95,fairness_qp,EXTERNALITY_CF_BETA_100,-73.2544102451,-2.00811801591,5.62836250078,0.909090917994,0,1
MR_K05_LOCAL::INTERMITTENT_SHORTFALL::THETA_0000::UNIFORM_MATCHED_EXTERNALITY_CF_BETA_050::Q95::fairness_qp,MR_K05_LOCAL,INTERMITTENT_SHORTFALL,Q95,fairness_qp,UNIFORM_MATCHED_EXTERNALITY_CF_BETA_050,-22.7117829093,-1.25547536978,5.86312040849,0.909090917494,0,1
MR_K05_LOCAL::SHOCK_AND_RECOVERY::THETA_0000::NO_FEEDBACK::Q0::weighted_proportional,MR_K05_LOCAL,SHOCK_AND_RECOVERY,Q0,weighted_proportional,NO_FEEDBACK,-16.7416863082,-1.36612021858,6.96985661288,0.909090895411,0,1
MR_K05_LOCAL::SHOCK_AND_RECOVERY::THETA_0000::DELIVERY_RATIO_CF_BETA_050::Q0::weighted_proportional,MR_K05_LOCAL,SHOCK_AND_RECOVERY,Q0,weighted_proportional,DELIVERY_RATIO_CF_BETA_050,-3.53007286045,-0.90211106509,6.96985661288,0.90909091029,0,1
MR_K05_LOCAL::SHOCK_AND_RECOVERY::THETA_0000::EXTERNALITY_CF_BETA_025::Q0::weighted_proportional,MR_K05_LOCAL,SHOCK_AND_RECOVERY,Q0,weighted_proportional,EXTERNALITY_CF_BETA_025,1.35863406696,-0.661151678829,6.96985661288,0.909090914062,0,1
MR_K05_LOCAL::SHOCK_AND_RECOVERY::THETA_0000::EXTERNALITY_CF_BETA_050::Q0::weighted_proportional,MR_K05_LOCAL,SHOCK_AND_RECOVERY,Q0,weighted_proportional,EXTERNALITY_CF_BETA_050,2.91104275658,-1.05213211967,6.96682370593,0.90909091028,0,1
MR_K05_LOCAL::SHOCK_AND_RECOVERY::THETA_0000::EXTERNALITY_CF_BETA_100::Q0::weighted_proportional,MR_K05_LOCAL,SHOCK_AND_RECOVERY,Q0,weighted_proportional,EXTERNALITY_CF_BETA_100,-25.7030880784,-2.47076900973,6.5430048432,0.909090916191,0,1
MR_K05_LOCAL::SHOCK_AND_RECOVERY::THETA_0000::UNIFORM_MATCHED_EXTERNALITY_CF_BETA_050::Q0::weighted_proportional,MR_K05_LOCAL,SHOCK_AND_RECOVERY,Q0,weighted_proportional,UNIFORM_MATCHED_EXTERNALITY_CF_BETA_050,-16.7416863091,-1.36612021858,6.96985656468,0.909090918042,0,1
MR_K05_LOCAL::SHOCK_AND_RECOVERY::THETA_0000::NO_FEEDBACK::Q0::equal_kw_reduction,MR_K05_LOCAL,SHOCK_AND_RECOVERY,Q0,equal_kw_reduction,NO_FEEDBACK,-14.9079100811,-4.33633658549,7.63272572717,0.909090900292,0,1
MR_K05_LOCAL::SHOCK_AND_RECOVERY::THETA_0000::DELIVERY_RATIO_CF_BETA_050::Q0::equal_kw_reduction,MR_K05_LOCAL,SHOCK_AND_RECOVERY,Q0,equal_kw_reduction,DELIVERY_RATIO_CF_BETA_050,2.14831131198,-2.29969838288,7.63272572717,0.909090910423,0,1
MR_K05_LOCAL::SHOCK_AND_RECOVERY::THETA_0000::EXTERNALITY_CF_BETA_025::Q0::equal_kw_reduction,MR_K05_LOCAL,SHOCK_AND_RECOVERY,Q0,equal_kw_reduction,EXTERNALITY_CF_BETA_025,3.13965394318,-0.612728760731,7.58206937399,0.909090915801,0,1
MR_K05_LOCAL::SHOCK_AND_RECOVERY::THETA_0000::EXTERNALITY_CF_BETA_050::Q0::equal_kw_reduction,MR_K05_LOCAL,SHOCK_AND_RECOVERY,Q0,equal_kw_reduction,EXTERNALITY_CF_BETA_050,4.11467388222,-0.143128408747,7.44432876879,0.909090909075,0,1
MR_K05_LOCAL::SHOCK_AND_RECOVERY::THETA_0000::EXTERNALITY_CF_BETA_100::Q0::equal_kw_reduction,MR_K05_LOCAL,SHOCK_AND_RECOVERY,Q0,equal_kw_reduction,EXTERNALITY_CF_BETA_100,-24.6490905509,-0.763330390894,7.03435721785,0.90909091628,0,1
MR_K05_LOCAL::SHOCK_AND_RECOVERY::THETA_0000::UNIFORM_MATCHED_EXTERNALITY_CF_BETA_050::Q0::equal_kw_reduction,MR_K05_LOCAL,SHOCK_AND_RECOVERY,Q0,equal_kw_reduction,UNIFORM_MATCHED_EXTERNALITY_CF_BETA_050,-22.5306965179,-1.0791095217,7.39735469906,0.909090912285,0,1
MR_K05_LOCAL::SHOCK_AND_RECOVERY::THETA_0000::NO_FEEDBACK::Q0::flat_level,MR_K05_LOCAL,SHOCK_AND_RECOVERY,Q0,flat_level,NO_FEEDBACK,-114.561298449,-5.17108575307,4.98524448145,0.90909090225,0,1
MR_K05_LOCAL::SHOCK_AND_RECOVERY::THETA_0000::DELIVERY_RATIO_CF_BETA_050::Q0::flat_level,MR_K05_LOCAL,SHOCK_AND_RECOVERY,Q0,flat_level,DELIVERY_RATIO_CF_BETA_050,-55.1686522204,-2.45199573419,4.98524448145,0.909090914624,0,1
MR_K05_LOCAL::SHOCK_AND_RECOVERY::THETA_0000::EXTERNALITY_CF_BETA_025::Q0::flat_level,MR_K05_LOCAL,SHOCK_AND_RECOVERY,Q0,flat_level,EXTERNALITY_CF_BETA_025,-29.7055778477,-1.44838760487,4.98524448145,0.909090915474,0,1
MR_K05_LOCAL::SHOCK_AND_RECOVERY::THETA_0000::EXTERNALITY_CF_BETA_050::Q0::flat_level,MR_K05_LOCAL,SHOCK_AND_RECOVERY,Q0,flat_level,EXTERNALITY_CF_BETA_050,-2.04745991565,-0.671444328459,4.98524448145,0.909090912202,0,1
MR_K05_LOCAL::SHOCK_AND_RECOVERY::THETA_0000::EXTERNALITY_CF_BETA_100::Q0::flat_level,MR_K05_LOCAL,SHOCK_AND_RECOVERY,Q0,flat_level,EXTERNALITY_CF_BETA_100,-3.7885667811,-1.65670302076,4.98524448145,0.909090919769,0,1
MR_K05_LOCAL::SHOCK_AND_RECOVERY::THETA_0000::UNIFORM_MATCHED_EXTERNALITY_CF_BETA_050::Q0::flat_level,MR_K05_LOCAL,SHOCK_AND_RECOVERY,Q0,flat_level,UNIFORM_MATCHED_EXTERNALITY_CF_BETA_050,-95.3962068449,-4.29625336665,4.98524448145,0.909090915959,0,1
MR_K05_LOCAL::SHOCK_AND_RECOVERY::THETA_0000::NO_FEEDBACK::Q0::max_export_lp,MR_K05_LOCAL,SHOCK_AND_RECOVERY,Q0,max_export_lp,NO_FEEDBACK,-17.5549404385,-3.29795438705,8.01103077501,0.90909088429,0,1
MR_K05_LOCAL::SHOCK_AND_RECOVERY::THETA_0000::DELIVERY_RATIO_CF_BETA_050::Q0::max_export_lp,MR_K05_LOCAL,SHOCK_AND_RECOVERY,Q0,max_export_lp,DELIVERY_RATIO_CF_BETA_050,0.942321279857,-1.31058695701,7.95955578117,0.909090929647,0,1
MR_K05_LOCAL::SHOCK_AND_RECOVERY::THETA_0000::EXTERNALITY_CF_BETA_025::Q0::max_export_lp,MR_K05_LOCAL,SHOCK_AND_RECOVERY,Q0,max_export_lp,EXTERNALITY_CF_BETA_025,-0.834785315705,-0.745178156561,7.85201932883,0.909090913744,0,1
MR_K05_LOCAL::SHOCK_AND_RECOVERY::THETA_0000::EXTERNALITY_CF_BETA_050::Q0::max_export_lp,MR_K05_LOCAL,SHOCK_AND_RECOVERY,Q0,max_export_lp,EXTERNALITY_CF_BETA_050,3.56167606791,-0.371441583077,7.71148778913,0.909090909804,0,1
MR_K05_LOCAL::SHOCK_AND_RECOVERY::THETA_0000::EXTERNALITY_CF_BETA_100::Q0::max_export_lp,MR_K05_LOCAL,SHOCK_AND_RECOVERY,Q0,max_export_lp,EXTERNALITY_CF_BETA_100,-11.5692165916,-0.914227813856,7.32097849865,0.909090922814,0,1
MR_K05_LOCAL::SHOCK_AND_RECOVERY::THETA_0000::UNIFORM_MATCHED_EXTERNALITY_CF_BETA_050::Q0::max_export_lp,MR_K05_LOCAL,SHOCK_AND_RECOVERY,Q0,max_export_lp,UNIFORM_MATCHED_EXTERNALITY_CF_BETA_050,-23.2740465797,-0.769552267393,7.62226455456,0.90909091906,0,1
MR_K05_LOCAL::SHOCK_AND_RECOVERY::THETA_0000::NO_FEEDBACK::Q0::fairness_qp,MR_K05_LOCAL,SHOCK_AND_RECOVERY,Q0,fairness_qp,NO_FEEDBACK,-18.7352143122,-1.60706821584,7.57730783118,0.909090906551,0,1
MR_K05_LOCAL::SHOCK_AND_RECOVERY::THETA_0000::DELIVERY_RATIO_CF_BETA_050::Q0::fairness_qp,MR_K05_LOCAL,SHOCK_AND_RECOVERY,Q0,fairness_qp,DELIVERY_RATIO_CF_BETA_050,-4.41025786725,-0.793954492693,7.57730783118,0.909090919111,0,1
MR_K05_LOCAL::SHOCK_AND_RECOVERY::THETA_0000::EXTERNALITY_CF_BETA_025::Q0::fairness_qp,MR_K05_LOCAL,SHOCK_AND_RECOVERY,Q0,fairness_qp,EXTERNALITY_CF_BETA_025,-3.65425374633,-0.56697228871,7.5155308335,0.909090917466,0,1
MR_K05_LOCAL::SHOCK_AND_RECOVERY::THETA_0000::EXTERNALITY_CF_BETA_050::Q0::fairness_qp,MR_K05_LOCAL,SHOCK_AND_RECOVERY,Q0,fairness_qp,EXTERNALITY_CF_BETA_050,-1.85464072472,-0.625174040183,7.39385044231,0.909090915236,0,1
MR_K05_LOCAL::SHOCK_AND_RECOVERY::THETA_0000::EXTERNALITY_CF_BETA_100::Q0::fairness_qp,MR_K05_LOCAL,SHOCK_AND_RECOVERY,Q0,fairness_qp,EXTERNALITY_CF_BETA_100,-22.6720981581,-1.91811621766,7.02234036368,0.909090918698,0,1
MR_K05_LOCAL::SHOCK_AND_RECOVERY::THETA_0000::UNIFORM_MATCHED_EXTERNALITY_CF_BETA_050::Q0::fairness_qp,MR_K05_LOCAL,SHOCK_AND_RECOVERY,Q0,fairness_qp,UNIFORM_MATCHED_EXTERNALITY_CF_BETA_050,-22.787333317,-1.14972672733,7.39316977867,0.909090913743,0,1
MR_K05_LOCAL::SHOCK_AND_RECOVERY::THETA_0000::NO_FEEDBACK::Q95::weighted_proportional,MR_K05_LOCAL,SHOCK_AND_RECOVERY,Q95,weighted_proportional,NO_FEEDBACK,-16.7416863115,-1.36612021858,5.47214120925,0.909090894287,0,1
MR_K05_LOCAL::SHOCK_AND_RECOVERY::THETA_0000::DELIVERY_RATIO_CF_BETA_050::Q95::weighted_proportional,MR_K05_LOCAL,SHOCK_AND_RECOVERY,Q95,weighted_proportional,DELIVERY_RATIO_CF_BETA_050,-3.53007286282,-0.902111065095,5.47214120925,0.909090919312,0,1
MR_K05_LOCAL::SHOCK_AND_RECOVERY::THETA_0000::EXTERNALITY_CF_BETA_025::Q95::weighted_proportional,MR_K05_LOCAL,SHOCK_AND_RECOVERY,Q95,weighted_proportional,EXTERNALITY_CF_BETA_025,1.35863406787,-0.661151678829,5.47214120925,0.90909091667,0,1
MR_K05_LOCAL::SHOCK_AND_RECOVERY::THETA_0000::EXTERNALITY_CF_BETA_050::Q95::weighted_proportional,MR_K05_LOCAL,SHOCK_AND_RECOVERY,Q95,weighted_proportional,EXTERNALITY_CF_BETA_050,2.91104275602,-1.05213211967,5.46975276446,0.90909091295,0,1
MR_K05_LOCAL::SHOCK_AND_RECOVERY::THETA_0000::EXTERNALITY_CF_BETA_100::Q95::weighted_proportional,MR_K05_LOCAL,SHOCK_AND_RECOVERY,Q95,weighted_proportional,EXTERNALITY_CF_BETA_100,-25.7030880804,-2.47076900973,5.14514193657,0.909090910766,0,1
MR_K05_LOCAL::SHOCK_AND_RECOVERY::THETA_0000::UNIFORM_MATCHED_EXTERNALITY_CF_BETA_050::Q95::weighted_proportional,MR_K05_LOCAL,SHOCK_AND_RECOVERY,Q95,weighted_proportional,UNIFORM_MATCHED_EXTERNALITY_CF_BETA_050,-16.7416863085,-1.36612021858,5.472141177,0.909090909365,0,1
MR_K05_LOCAL::SHOCK_AND_RECOVERY::THETA_0000::NO_FEEDBACK::Q95::equal_kw_reduction,MR_K05_LOCAL,SHOCK_AND_RECOVERY,Q95,equal_kw_reduction,NO_FEEDBACK,-14.9079100811,-4.33633658549,5.97995953023,0.909090898405,0,1
MR_K05_LOCAL::SHOCK_AND_RECOVERY::THETA_0000::DELIVERY_RATIO_CF_BETA_050::Q95::equal_kw_reduction,MR_K05_LOCAL,SHOCK_AND_RECOVERY,Q95,equal_kw_reduction,DELIVERY_RATIO_CF_BETA_050,2.14831131198,-2.29969838288,5.97995953023,0.909090909361,0,1
MR_K05_LOCAL::SHOCK_AND_RECOVERY::THETA_0000::EXTERNALITY_CF_BETA_025::Q95::equal_kw_reduction,MR_K05_LOCAL,SHOCK_AND_RECOVERY,Q95,equal_kw_reduction,EXTERNALITY_CF_BETA_025,3.13965394318,-0.612728760731,5.94103225772,0.909090918045,0,1
MR_K05_LOCAL::SHOCK_AND_RECOVERY::THETA_0000::EXTERNALITY_CF_BETA_050::Q95::equal_kw_reduction,MR_K05_LOCAL,SHOCK_AND_RECOVERY,Q95,equal_kw_reduction,EXTERNALITY_CF_BETA_050,4.11467388222,-0.143128408747,5.83558350697,0.909090908974,0,1
MR_K05_LOCAL::SHOCK_AND_RECOVERY::THETA_0000::EXTERNALITY_CF_BETA_100::Q95::equal_kw_reduction,MR_K05_LOCAL,SHOCK_AND_RECOVERY,Q95,equal_kw_reduction,EXTERNALITY_CF_BETA_100,-24.6490905509,-0.763330390894,5.52166236021,0.90909090827,0,1
MR_K05_LOCAL::SHOCK_AND_RECOVERY::THETA_0000::UNIFORM_MATCHED_EXTERNALITY_CF_BETA_050::Q95::equal_kw_reduction,MR_K05_LOCAL,SHOCK_AND_RECOVERY,Q95,equal_kw_reduction,UNIFORM_MATCHED_EXTERNALITY_CF_BETA_050,-22.5306965179,-1.0791095217,5.79966628344,0.909090911691,0,1
MR_K05_LOCAL::SHOCK_AND_RECOVERY::THETA_0000::NO_FEEDBACK::Q95::flat_level,MR_K05_LOCAL,SHOCK_AND_RECOVERY,Q95,flat_level,NO_FEEDBACK,-114.561298449,-5.17108575307,3.95110123656,0.909090903211,0,1
MR_K05_LOCAL::SHOCK_AND_RECOVERY::THETA_0000::DELIVERY_RATIO_CF_BETA_050::Q95::flat_level,MR_K05_LOCAL,SHOCK_AND_RECOVERY,Q95,flat_level,DELIVERY_RATIO_CF_BETA_050,-55.1686522204,-2.45199573419,3.95110123656,0.909090908642,0,1
MR_K05_LOCAL::SHOCK_AND_RECOVERY::THETA_0000::EXTERNALITY_CF_BETA_025::Q95::flat_level,MR_K05_LOCAL,SHOCK_AND_RECOVERY,Q95,flat_level,EXTERNALITY_CF_BETA_025,-29.7055778477,-1.44838760487,3.95110123656,0.909090916186,0,1
MR_K05_LOCAL::SHOCK_AND_RECOVERY::THETA_0000::EXTERNALITY_CF_BETA_050::Q95::flat_level,MR_K05_LOCAL,SHOCK_AND_RECOVERY,Q95,flat_level,EXTERNALITY_CF_BETA_050,-2.04745991565,-0.671444328459,3.95110123656,0.909090916149,0,1
MR_K05_LOCAL::SHOCK_AND_RECOVERY::THETA_0000::EXTERNALITY_CF_BETA_100::Q95::flat_level,MR_K05_LOCAL,SHOCK_AND_RECOVERY,Q95,flat_level,EXTERNALITY_CF_BETA_100,-3.7885667811,-1.65670302076,3.95110123656,0.909090914447,0,1
MR_K05_LOCAL::SHOCK_AND_RECOVERY::THETA_0000::UNIFORM_MATCHED_EXTERNALITY_CF_BETA_050::Q95::flat_level,MR_K05_LOCAL,SHOCK_AND_RECOVERY,Q95,flat_level,UNIFORM_MATCHED_EXTERNALITY_CF_BETA_050,-95.3962068449,-4.29625336665,3.95110123656,0.909090909175,0,1
MR_K05_LOCAL::SHOCK_AND_RECOVERY::THETA_0000::NO_FEEDBACK::Q95::max_export_lp,MR_K05_LOCAL,SHOCK_AND_RECOVERY,Q95,max_export_lp,NO_FEEDBACK,-17.5549274536,-3.29794020171,6.26977686747,0.90909089792,0,1
MR_K05_LOCAL::SHOCK_AND_RECOVERY::THETA_0000::DELIVERY_RATIO_CF_BETA_050::Q95::max_export_lp,MR_K05_LOCAL,SHOCK_AND_RECOVERY,Q95,max_export_lp,DELIVERY_RATIO_CF_BETA_050,0.942329797618,-1.31057400502,6.23020579087,0.909090909619,0,1
MR_K05_LOCAL::SHOCK_AND_RECOVERY::THETA_0000::EXTERNALITY_CF_BETA_025::Q95::max_export_lp,MR_K05_LOCAL,SHOCK_AND_RECOVERY,Q95,max_export_lp,EXTERNALITY_CF_BETA_025,-0.834783989582,-0.74516512552,6.14784780623,0.909090919167,0,1
MR_K05_LOCAL::SHOCK_AND_RECOVERY::THETA_0000::EXTERNALITY_CF_BETA_050::Q95::max_export_lp,MR_K05_LOCAL,SHOCK_AND_RECOVERY,Q95,max_export_lp,EXTERNALITY_CF_BETA_050,3.56170742144,-0.371430119541,6.0402810959,0.909090917286,0,1
MR_K05_LOCAL::SHOCK_AND_RECOVERY::THETA_0000::EXTERNALITY_CF_BETA_100::Q95::max_export_lp,MR_K05_LOCAL,SHOCK_AND_RECOVERY,Q95,max_export_lp,EXTERNALITY_CF_BETA_100,-11.5691990103,-0.914214763289,5.7413347315,0.909090909387,0,1
MR_K05_LOCAL::SHOCK_AND_RECOVERY::THETA_0000::UNIFORM_MATCHED_EXTERNALITY_CF_BETA_050::Q95::max_export_lp,MR_K05_LOCAL,SHOCK_AND_RECOVERY,Q95,max_export_lp,UNIFORM_MATCHED_EXTERNALITY_CF_BETA_050,-23.2414156334,-0.774457077247,5.9728693188,0.909090913057,0,1
MR_K05_LOCAL::SHOCK_AND_RECOVERY::THETA_0000::NO_FEEDBACK::Q95::fairness_qp,MR_K05_LOCAL,SHOCK_AND_RECOVERY,Q95,fairness_qp,NO_FEEDBACK,-18.7352223947,-1.60706715645,5.93738349566,0.909090892989,0,1
MR_K05_LOCAL::SHOCK_AND_RECOVERY::THETA_0000::DELIVERY_RATIO_CF_BETA_050::Q95::fairness_qp,MR_K05_LOCAL,SHOCK_AND_RECOVERY,Q95,fairness_qp,DELIVERY_RATIO_CF_BETA_050,-4.41026940919,-0.793953897543,5.93738349566,0.909090909563,0,1
MR_K05_LOCAL::SHOCK_AND_RECOVERY::THETA_0000::EXTERNALITY_CF_BETA_025::Q95::fairness_qp,MR_K05_LOCAL,SHOCK_AND_RECOVERY,Q95,fairness_qp,EXTERNALITY_CF_BETA_025,-3.65427200138,-0.566971695714,5.88994869277,0.909090916982,0,1
MR_K05_LOCAL::SHOCK_AND_RECOVERY::THETA_0000::EXTERNALITY_CF_BETA_050::Q95::fairness_qp,MR_K05_LOCAL,SHOCK_AND_RECOVERY,Q95,fairness_qp,EXTERNALITY_CF_BETA_050,-1.85465073094,-0.625173496578,5.79680332528,0.909090915424,0,1
MR_K05_LOCAL::SHOCK_AND_RECOVERY::THETA_0000::EXTERNALITY_CF_BETA_100::Q95::fairness_qp,MR_K05_LOCAL,SHOCK_AND_RECOVERY,Q95,fairness_qp,EXTERNALITY_CF_BETA_100,-22.6721036184,-1.91811604605,5.51238138378,0.909090908492,0,1
MR_K05_LOCAL::SHOCK_AND_RECOVERY::THETA_0000::UNIFORM_MATCHED_EXTERNALITY_CF_BETA_050::Q95::fairness_qp,MR_K05_LOCAL,SHOCK_AND_RECOVERY,Q95,fairness_qp,UNIFORM_MATCHED_EXTERNALITY_CF_BETA_050,-22.7873407642,-1.14972631894,5.79638936276,0.909090916723,0,1
MR_K05_DISPERSED::CLUSTERED_SHORTFALL::THETA_0000::NO_FEEDBACK::Q0::weighted_proportional,MR_K05_DISPERSED,CLUSTERED_SHORTFALL,Q0,weighted_proportional,NO_FEEDBACK,-8.75171254044,-1.36612021858,7.13748934819,0.909090904742,0,1
MR_K05_DISPERSED::CLUSTERED_SHORTFALL::THETA_0000::DELIVERY_RATIO_CF_BETA_050::Q0::weighted_proportional,MR_K05_DISPERSED,CLUSTERED_SHORTFALL,Q0,weighted_proportional,DELIVERY_RATIO_CF_BETA_050,2.84993535872,-0.88884327744,7.10606935623,0.909090916616,0,1
MR_K05_DISPERSED::CLUSTERED_SHORTFALL::THETA_0000::EXTERNALITY_CF_BETA_025::Q0::weighted_proportional,MR_K05_DISPERSED,CLUSTERED_SHORTFALL,Q0,weighted_proportional,EXTERNALITY_CF_BETA_025,5.33437432542,-0.670518500005,7.13748934819,0.909090909787,0,1
MR_K05_DISPERSED::CLUSTERED_SHORTFALL::THETA_0000::EXTERNALITY_CF_BETA_050::Q0::weighted_proportional,MR_K05_DISPERSED,CLUSTERED_SHORTFALL,Q0,weighted_proportional,EXTERNALITY_CF_BETA_050,8.407664913,-0.802641459671,7.09587044831,0.90909091802,0,1
MR_K05_DISPERSED::CLUSTERED_SHORTFALL::THETA_0000::EXTERNALITY_CF_BETA_100::Q0::weighted_proportional,MR_K05_DISPERSED,CLUSTERED_SHORTFALL,Q0,weighted_proportional,EXTERNALITY_CF_BETA_100,-26.4551124463,-2.47079039623,6.73132208559,0.909090913374,0,1
MR_K05_DISPERSED::CLUSTERED_SHORTFALL::THETA_0000::UNIFORM_MATCHED_EXTERNALITY_CF_BETA_050::Q0::weighted_proportional,MR_K05_DISPERSED,CLUSTERED_SHORTFALL,Q0,weighted_proportional,UNIFORM_MATCHED_EXTERNALITY_CF_BETA_050,-8.75171254191,-1.36612021858,7.13748933204,0.90909091227,0,1
MR_K05_DISPERSED::CLUSTERED_SHORTFALL::THETA_0000::NO_FEEDBACK::Q0::equal_kw_reduction,MR_K05_DISPERSED,CLUSTERED_SHORTFALL,Q0,equal_kw_reduction,NO_FEEDBACK,-22.1008304357,-6.51104450825,7.75035926136,0.909090887537,0,1
MR_K05_DISPERSED::CLUSTERED_SHORTFALL::THETA_0000::DELIVERY_RATIO_CF_BETA_050::Q0::equal_kw_reduction,MR_K05_DISPERSED,CLUSTERED_SHORTFALL,Q0,equal_kw_reduction,DELIVERY_RATIO_CF_BETA_050,1.67077612465,-3.36757637265,7.69053655162,0.909090916079,0,1
MR_K05_DISPERSED::CLUSTERED_SHORTFALL::THETA_0000::EXTERNALITY_CF_BETA_025::Q0::equal_kw_reduction,MR_K05_DISPERSED,CLUSTERED_SHORTFALL,Q0,equal_kw_reduction,EXTERNALITY_CF_BETA_025,2.05564556823,-2.04116248431,7.70901637614,0.909090914664,0,1
MR_K05_DISPERSED::CLUSTERED_SHORTFALL::THETA_0000::EXTERNALITY_CF_BETA_050::Q0::equal_kw_reduction,MR_K05_DISPERSED,CLUSTERED_SHORTFALL,Q0,equal_kw_reduction,EXTERNALITY_CF_BETA_050,11.2448113881,-1.86474065888,7.51942681764,0.909090910574,0,1
MR_K05_DISPERSED::CLUSTERED_SHORTFALL::THETA_0000::EXTERNALITY_CF_BETA_100::Q0::equal_kw_reduction,MR_K05_DISPERSED,CLUSTERED_SHORTFALL,Q0,equal_kw_reduction,EXTERNALITY_CF_BETA_100,-35.1070192171,-3.14148717811,7.1867254537,0.909090920991,0,1
MR_K05_DISPERSED::CLUSTERED_SHORTFALL::THETA_0000::UNIFORM_MATCHED_EXTERNALITY_CF_BETA_050::Q0::equal_kw_reduction,MR_K05_DISPERSED,CLUSTERED_SHORTFALL,Q0,equal_kw_reduction,UNIFORM_MATCHED_EXTERNALITY_CF_BETA_050,-27.1641902778,-3.39748893934,7.53360170527,0.909090916682,0,1
MR_K05_DISPERSED::CLUSTERED_SHORTFALL::THETA_0000::NO_FEEDBACK::Q0::flat_level,MR_K05_DISPERSED,CLUSTERED_SHORTFALL,Q0,flat_level,NO_FEEDBACK,-43.9895094673,-2.00784531497,5.43466128634,0.909090902383,0,1
MR_K05_DISPERSED::CLUSTERED_SHORTFALL::THETA_0000::DELIVERY_RATIO_CF_BETA_050::Q0::flat_level,MR_K05_DISPERSED,CLUSTERED_SHORTFALL,Q0,flat_level,DELIVERY_RATIO_CF_BETA_050,-18.9041078254,-0.856497141826,5.43466128634,0.909090916041,0,1
MR_K05_DISPERSED::CLUSTERED_SHORTFALL::THETA_0000::EXTERNALITY_CF_BETA_025::Q0::flat_level,MR_K05_DISPERSED,CLUSTERED_SHORTFALL,Q0,flat_level,EXTERNALITY_CF_BETA_025,-1.91030359531,-0.215264134761,5.43466128634,0.909090916207,0,1
MR_K05_DISPERSED::CLUSTERED_SHORTFALL::THETA_0000::EXTERNALITY_CF_BETA_050::Q0::flat_level,MR_K05_DISPERSED,CLUSTERED_SHORTFALL,Q0,flat_level,EXTERNALITY_CF_BETA_050,45.6105778089,0.939115041098,5.43466128634,0.909090907199,0,1
MR_K05_DISPERSED::CLUSTERED_SHORTFALL::THETA_0000::EXTERNALITY_CF_BETA_100::Q0::flat_level,MR_K05_DISPERSED,CLUSTERED_SHORTFALL,Q0,flat_level,EXTERNALITY_CF_BETA_100,38.6793685832,0.141050749444,5.43466128634,0.909090911251,0,1
MR_K05_DISPERSED::CLUSTERED_SHORTFALL::THETA_0000::UNIFORM_MATCHED_EXTERNALITY_CF_BETA_050::Q0::flat_level,MR_K05_DISPERSED,CLUSTERED_SHORTFALL,Q0,flat_level,UNIFORM_MATCHED_EXTERNALITY_CF_BETA_050,-15.8149570782,-0.80835546782,5.43466128634,0.909090912905,0,1
MR_K05_DISPERSED::CLUSTERED_SHORTFALL::THETA_0000::NO_FEEDBACK::Q0::max_export_lp,MR_K05_DISPERSED,CLUSTERED_SHORTFALL,Q0,max_export_lp,NO_FEEDBACK,-41.8872242756,-6.28302061229,8.01464442404,0.90909090821,0,1
MR_K05_DISPERSED::CLUSTERED_SHORTFALL::THETA_0000::DELIVERY_RATIO_CF_BETA_050::Q0::max_export_lp,MR_K05_DISPERSED,CLUSTERED_SHORTFALL,Q0,max_export_lp,DELIVERY_RATIO_CF_BETA_050,-10.1631932089,-2.78974833361,7.94951371389,0.909090909659,0,1
MR_K05_DISPERSED::CLUSTERED_SHORTFALL::THETA_0000::EXTERNALITY_CF_BETA_025::Q0::max_export_lp,MR_K05_DISPERSED,CLUSTERED_SHORTFALL,Q0,max_export_lp,EXTERNALITY_CF_BETA_025,-7.2623747984,-1.71998584385,7.95160641326,0.909090919273,0,1
MR_K05_DISPERSED::CLUSTERED_SHORTFALL::THETA_0000::EXTERNALITY_CF_BETA_050::Q0::max_export_lp,MR_K05_DISPERSED,CLUSTERED_SHORTFALL,Q0,max_export_lp,EXTERNALITY_CF_BETA_050,2.74161201265,-0.676610963029,7.66291694602,0.90909091773,0,1
MR_K05_DISPERSED::CLUSTERED_SHORTFALL::THETA_0000::EXTERNALITY_CF_BETA_100::Q0::max_export_lp,MR_K05_DISPERSED,CLUSTERED_SHORTFALL,Q0,max_export_lp,EXTERNALITY_CF_BETA_100,-29.9355702564,-2.73221932076,7.35901528694,0.909090914948,0,1
MR_K05_DISPERSED::CLUSTERED_SHORTFALL::THETA_0000::UNIFORM_MATCHED_EXTERNALITY_CF_BETA_050::Q0::max_export_lp,MR_K05_DISPERSED,CLUSTERED_SHORTFALL,Q0,max_export_lp,UNIFORM_MATCHED_EXTERNALITY_CF_BETA_050,-43.6394490647,-2.28382625188,7.56280066979,0.909090913069,0,1
MR_K05_DISPERSED::CLUSTERED_SHORTFALL::THETA_0000::NO_FEEDBACK::Q0::fairness_qp,MR_K05_DISPERSED,CLUSTERED_SHORTFALL,Q0,fairness_qp,NO_FEEDBACK,-6.92933844864,-1.86637612574,7.68443291838,0.909090915432,0,1
MR_K05_DISPERSED::CLUSTERED_SHORTFALL::THETA_0000::DELIVERY_RATIO_CF_BETA_050::Q0::fairness_qp,MR_K05_DISPERSED,CLUSTERED_SHORTFALL,Q0,fairness_qp,DELIVERY_RATIO_CF_BETA_050,5.46220831224,-1.22376555407,7.64809351942,0.909090918573,0,1
MR_K05_DISPERSED::CLUSTERED_SHORTFALL::THETA_0000::EXTERNALITY_CF_BETA_025::Q0::fairness_qp,MR_K05_DISPERSED,CLUSTERED_SHORTFALL,Q0,fairness_qp,EXTERNALITY_CF_BETA_025,4.60202215246,-0.81890046239,7.66083028862,0.909090915432,0,1
MR_K05_DISPERSED::CLUSTERED_SHORTFALL::THETA_0000::EXTERNALITY_CF_BETA_050::Q0::fairness_qp,MR_K05_DISPERSED,CLUSTERED_SHORTFALL,Q0,fairness_qp,EXTERNALITY_CF_BETA_050,8.22997921534,-0.806566231103,7.43365191279,0.909090915432,0,1
MR_K05_DISPERSED::CLUSTERED_SHORTFALL::THETA_0000::EXTERNALITY_CF_BETA_100::Q0::fairness_qp,MR_K05_DISPERSED,CLUSTERED_SHORTFALL,Q0,fairness_qp,EXTERNALITY_CF_BETA_100,-23.2077811991,-2.21510095885,7.13605206598,0.909090915432,0,1
MR_K05_DISPERSED::CLUSTERED_SHORTFALL::THETA_0000::UNIFORM_MATCHED_EXTERNALITY_CF_BETA_050::Q0::fairness_qp,MR_K05_DISPERSED,CLUSTERED_SHORTFALL,Q0,fairness_qp,UNIFORM_MATCHED_EXTERNALITY_CF_BETA_050,-14.2745136023,-1.56213186721,7.50672695124,0.909090915432,0,1
MR_K05_DISPERSED::CLUSTERED_SHORTFALL::THETA_0000::NO_FEEDBACK::Q95::weighted_proportional,MR_K05_DISPERSED,CLUSTERED_SHORTFALL,Q95,weighted_proportional,NO_FEEDBACK,-8.75171254414,-1.36612021858,5.60049299558,0.90909089755,0,1
MR_K05_DISPERSED::CLUSTERED_SHORTFALL::THETA_0000::DELIVERY_RATIO_CF_BETA_050::Q95::weighted_proportional,MR_K05_DISPERSED,CLUSTERED_SHORTFALL,Q95,weighted_proportional,DELIVERY_RATIO_CF_BETA_050,2.84993535604,-0.888843277445,5.57642396376,0.909090917914,0,1
MR_K05_DISPERSED::CLUSTERED_SHORTFALL::THETA_0000::EXTERNALITY_CF_BETA_025::Q95::weighted_proportional,MR_K05_DISPERSED,CLUSTERED_SHORTFALL,Q95,weighted_proportional,EXTERNALITY_CF_BETA_025,5.33437432591,-0.670518500005,5.60049299558,0.909090912796,0,1
MR_K05_DISPERSED::CLUSTERED_SHORTFALL::THETA_0000::EXTERNALITY_CF_BETA_050::Q95::weighted_proportional,MR_K05_DISPERSED,CLUSTERED_SHORTFALL,Q95,weighted_proportional,EXTERNALITY_CF_BETA_050,8.4076649136,-0.802641459671,5.56853735751,0.909090913027,0,1
MR_K05_DISPERSED::CLUSTERED_SHORTFALL::THETA_0000::EXTERNALITY_CF_BETA_100::Q95::weighted_proportional,MR_K05_DISPERSED,CLUSTERED_SHORTFALL,Q95,weighted_proportional,EXTERNALITY_CF_BETA_100,-26.4551124475,-2.47079039623,5.28941002664,0.909090914588,0,1
MR_K05_DISPERSED::CLUSTERED_SHORTFALL::THETA_0000::UNIFORM_MATCHED_EXTERNALITY_CF_BETA_050::Q95::weighted_proportional,MR_K05_DISPERSED,CLUSTERED_SHORTFALL,Q95,weighted_proportional,UNIFORM_MATCHED_EXTERNALITY_CF_BETA_050,-8.75171254254,-1.36612021858,5.60049294721,0.909090912705,0,1
MR_K05_DISPERSED::CLUSTERED_SHORTFALL::THETA_0000::NO_FEEDBACK::Q95::equal_kw_reduction,MR_K05_DISPERSED,CLUSTERED_SHORTFALL,Q95,equal_kw_reduction,NO_FEEDBACK,-22.1008304357,-6.51104450825,6.06993308195,0.909090890949,0,1
MR_K05_DISPERSED::CLUSTERED_SHORTFALL::THETA_0000::DELIVERY_RATIO_CF_BETA_050::Q95::equal_kw_reduction,MR_K05_DISPERSED,CLUSTERED_SHORTFALL,Q95,equal_kw_reduction,DELIVERY_RATIO_CF_BETA_050,1.67077612465,-3.36757637265,6.02414952582,0.909090919556,0,1
MR_K05_DISPERSED::CLUSTERED_SHORTFALL::THETA_0000::EXTERNALITY_CF_BETA_025::Q95::equal_kw_reduction,MR_K05_DISPERSED,CLUSTERED_SHORTFALL,Q95,equal_kw_reduction,EXTERNALITY_CF_BETA_025,2.05564556823,-2.04116248431,6.03814641318,0.909090919673,0,1
MR_K05_DISPERSED::CLUSTERED_SHORTFALL::THETA_0000::EXTERNALITY_CF_BETA_050::Q95::equal_kw_reduction,MR_K05_DISPERSED,CLUSTERED_SHORTFALL,Q95,equal_kw_reduction,EXTERNALITY_CF_BETA_050,11.2448113881,-1.86474065888,5.89293670785,0.909090916757,0,1
MR_K05_DISPERSED::CLUSTERED_SHORTFALL::THETA_0000::EXTERNALITY_CF_BETA_100::Q95::equal_kw_reduction,MR_K05_DISPERSED,CLUSTERED_SHORTFALL,Q95,equal_kw_reduction,EXTERNALITY_CF_BETA_100,-35.1070192171,-3.14148717811,5.63833947358,0.909090913276,0,1
MR_K05_DISPERSED::CLUSTERED_SHORTFALL::THETA_0000::UNIFORM_MATCHED_EXTERNALITY_CF_BETA_050::Q95::equal_kw_reduction,MR_K05_DISPERSED,CLUSTERED_SHORTFALL,Q95,equal_kw_reduction,UNIFORM_MATCHED_EXTERNALITY_CF_BETA_050,-27.1641902778,-3.39748893934,5.9039262855,0.909090914746,0,1
MR_K05_DISPERSED::CLUSTERED_SHORTFALL::THETA_0000::NO_FEEDBACK::Q95::flat_level,MR_K05_DISPERSED,CLUSTERED_SHORTFALL,Q95,flat_level,NO_FEEDBACK,-43.9895094673,-2.00784531497,4.29578317523,0.909090910192,0,1
MR_K05_DISPERSED::CLUSTERED_SHORTFALL::THETA_0000::DELIVERY_RATIO_CF_BETA_050::Q95::flat_level,MR_K05_DISPERSED,CLUSTERED_SHORTFALL,Q95,flat_level,DELIVERY_RATIO_CF_BETA_050,-18.9041078254,-0.856497141826,4.29578317523,0.909090915516,0,1
MR_K05_DISPERSED::CLUSTERED_SHORTFALL::THETA_0000::EXTERNALITY_CF_BETA_025::Q95::flat_level,MR_K05_DISPERSED,CLUSTERED_SHORTFALL,Q95,flat_level,EXTERNALITY_CF_BETA_025,-1.91030359531,-0.215264134761,4.29578317523,0.909090914267,0,1
MR_K05_DISPERSED::CLUSTERED_SHORTFALL::THETA_0000::EXTERNALITY_CF_BETA_050::Q95::flat_level,MR_K05_DISPERSED,CLUSTERED_SHORTFALL,Q95,flat_level,EXTERNALITY_CF_BETA_050,45.6105778089,0.939115041098,4.29578317523,0.909090918082,0,1
MR_K05_DISPERSED::CLUSTERED_SHORTFALL::THETA_0000::EXTERNALITY_CF_BETA_100::Q95::flat_level,MR_K05_DISPERSED,CLUSTERED_SHORTFALL,Q95,flat_level,EXTERNALITY_CF_BETA_100,38.6793685832,0.141050749444,4.29578317523,0.909090920685,0,1
MR_K05_DISPERSED::CLUSTERED_SHORTFALL::THETA_0000::UNIFORM_MATCHED_EXTERNALITY_CF_BETA_050::Q95::flat_level,MR_K05_DISPERSED,CLUSTERED_SHORTFALL,Q95,flat_level,UNIFORM_MATCHED_EXTERNALITY_CF_BETA_050,-15.8149570782,-0.80835546782,4.29578317523,0.90909091173,0,1
MR_K05_DISPERSED::CLUSTERED_SHORTFALL::THETA_0000::NO_FEEDBACK::Q95::max_export_lp,MR_K05_DISPERSED,CLUSTERED_SHORTFALL,Q95,max_export_lp,NO_FEEDBACK,-41.8871912998,-6.28300457468,6.27224354797,0.909090899833,0,1
MR_K05_DISPERSED::CLUSTERED_SHORTFALL::THETA_0000::DELIVERY_RATIO_CF_BETA_050::Q95::max_export_lp,MR_K05_DISPERSED,CLUSTERED_SHORTFALL,Q95,max_export_lp,DELIVERY_RATIO_CF_BETA_050,-10.1631663413,-2.78973427685,6.22248939023,0.909090918543,0,1
MR_K05_DISPERSED::CLUSTERED_SHORTFALL::THETA_0000::EXTERNALITY_CF_BETA_025::Q95::max_export_lp,MR_K05_DISPERSED,CLUSTERED_SHORTFALL,Q95,max_export_lp,EXTERNALITY_CF_BETA_025,-7.26235999668,-1.71997286937,6.22412583437,0.909090912107,0,1
MR_K05_DISPERSED::CLUSTERED_SHORTFALL::THETA_0000::EXTERNALITY_CF_BETA_050::Q95::max_export_lp,MR_K05_DISPERSED,CLUSTERED_SHORTFALL,Q95,max_export_lp,EXTERNALITY_CF_BETA_050,2.74163941794,-0.67659672921,6.00294270849,0.909090915765,0,1
MR_K05_DISPERSED::CLUSTERED_SHORTFALL::THETA_0000::EXTERNALITY_CF_BETA_100::Q95::max_export_lp,MR_K05_DISPERSED,CLUSTERED_SHORTFALL,Q95,max_export_lp,EXTERNALITY_CF_BETA_100,-29.9355449568,-2.73220826811,5.77023640244,0.909090923858,0,1
MR_K05_DISPERSED::CLUSTERED_SHORTFALL::THETA_0000::UNIFORM_MATCHED_EXTERNALITY_CF_BETA_050::Q95::max_export_lp,MR_K05_DISPERSED,CLUSTERED_SHORTFALL,Q95,max_export_lp,UNIFORM_MATCHED_EXTERNALITY_CF_BETA_050,-43.639466529,-2.28381078166,5.92623320976,0.909090916994,0,1
MR_K05_DISPERSED::CLUSTERED_SHORTFALL::THETA_0000::NO_FEEDBACK::Q95::fairness_qp,MR_K05_DISPERSED,CLUSTERED_SHORTFALL,Q95,fairness_qp,NO_FEEDBACK,-6.92937796834,-1.86637743957,6.01929338667,0.909090903792,0,1
MR_K05_DISPERSED::CLUSTERED_SHORTFALL::THETA_0000::DELIVERY_RATIO_CF_BETA_050::Q95::fairness_qp,MR_K05_DISPERSED,CLUSTERED_SHORTFALL,Q95,fairness_qp,DELIVERY_RATIO_CF_BETA_050,5.46221233874,-1.22376530579,5.99150760973,0.909090913826,0,1
MR_K05_DISPERSED::CLUSTERED_SHORTFALL::THETA_0000::EXTERNALITY_CF_BETA_025::Q95::fairness_qp,MR_K05_DISPERSED,CLUSTERED_SHORTFALL,Q95,fairness_qp,EXTERNALITY_CF_BETA_025,4.60201221209,-0.81890059988,6.00113932387,0.909090916733,0,1
MR_K05_DISPERSED::CLUSTERED_SHORTFALL::THETA_0000::EXTERNALITY_CF_BETA_050::Q95::fairness_qp,MR_K05_DISPERSED,CLUSTERED_SHORTFALL,Q95,fairness_qp,EXTERNALITY_CF_BETA_050,8.2299632116,-0.806566135365,5.82736841339,0.909090914048,0,1
MR_K05_DISPERSED::CLUSTERED_SHORTFALL::THETA_0000::EXTERNALITY_CF_BETA_100::Q95::fairness_qp,MR_K05_DISPERSED,CLUSTERED_SHORTFALL,Q95,fairness_qp,EXTERNALITY_CF_BETA_100,-23.2077847939,-2.21510092722,5.59941575143,0.909090913398,0,1
MR_K05_DISPERSED::CLUSTERED_SHORTFALL::THETA_0000::UNIFORM_MATCHED_EXTERNALITY_CF_BETA_050::Q95::fairness_qp,MR_K05_DISPERSED,CLUSTERED_SHORTFALL,Q95,fairness_qp,UNIFORM_MATCHED_EXTERNALITY_CF_BETA_050,-14.274530531,-1.56213162097,5.88324691785,0.909090918362,0,1
MR_K05_DISPERSED::INTERMITTENT_SHORTFALL::THETA_0000::NO_FEEDBACK::Q0::weighted_proportional,MR_K05_DISPERSED,INTERMITTENT_SHORTFALL,Q0,weighted_proportional,NO_FEEDBACK,-8.75171254044,-1.36612021858,7.13748934819,0.909090904742,0,1
MR_K05_DISPERSED::INTERMITTENT_SHORTFALL::THETA_0000::DELIVERY_RATIO_CF_BETA_050::Q0::weighted_proportional,MR_K05_DISPERSED,INTERMITTENT_SHORTFALL,Q0,weighted_proportional,DELIVERY_RATIO_CF_BETA_050,-6.02389223932,-0.752346513942,7.13748934819,0.909090915669,0,1
MR_K05_DISPERSED::INTERMITTENT_SHORTFALL::THETA_0000::EXTERNALITY_CF_BETA_025::Q0::weighted_proportional,MR_K05_DISPERSED,INTERMITTENT_SHORTFALL,Q0,weighted_proportional,EXTERNALITY_CF_BETA_025,-3.82099598817,-0.503684695808,7.13748934819,0.909090915595,0,1
MR_K05_DISPERSED::INTERMITTENT_SHORTFALL::THETA_0000::EXTERNALITY_CF_BETA_050::Q0::weighted_proportional,MR_K05_DISPERSED,INTERMITTENT_SHORTFALL,Q0,weighted_proportional,EXTERNALITY_CF_BETA_050,-9.66476078779,-0.564318866714,7.13748934819,0.909090910322,0,1
MR_K05_DISPERSED::INTERMITTENT_SHORTFALL::THETA_0000::EXTERNALITY_CF_BETA_100::Q0::weighted_proportional,MR_K05_DISPERSED,INTERMITTENT_SHORTFALL,Q0,weighted_proportional,EXTERNALITY_CF_BETA_100,-59.4240180464,-2.96391822751,6.85733430542,0.909090925401,0,1
MR_K05_DISPERSED::INTERMITTENT_SHORTFALL::THETA_0000::UNIFORM_MATCHED_EXTERNALITY_CF_BETA_050::Q0::weighted_proportional,MR_K05_DISPERSED,INTERMITTENT_SHORTFALL,Q0,weighted_proportional,UNIFORM_MATCHED_EXTERNALITY_CF_BETA_050,-8.75171254162,-1.36612021858,7.13748931558,0.909090912278,0,1
MR_K05_DISPERSED::INTERMITTENT_SHORTFALL::THETA_0000::NO_FEEDBACK::Q0::equal_kw_reduction,MR_K05_DISPERSED,INTERMITTENT_SHORTFALL,Q0,equal_kw_reduction,NO_FEEDBACK,-22.1008304357,-6.51104450825,7.75035926136,0.909090887537,0,1
MR_K05_DISPERSED::INTERMITTENT_SHORTFALL::THETA_0000::DELIVERY_RATIO_CF_BETA_050::Q0::equal_kw_reduction,MR_K05_DISPERSED,INTERMITTENT_SHORTFALL,Q0,equal_kw_reduction,DELIVERY_RATIO_CF_BETA_050,-6.74002661759,-3.0415744719,7.72553616518,0.90909091155,0,1
MR_K05_DISPERSED::INTERMITTENT_SHORTFALL::THETA_0000::EXTERNALITY_CF_BETA_025::Q0::equal_kw_reduction,MR_K05_DISPERSED,INTERMITTENT_SHORTFALL,Q0,equal_kw_reduction,EXTERNALITY_CF_BETA_025,-4.25591122061,-2.03767140944,7.74481017713,0.909090917311,0,1
MR_K05_DISPERSED::INTERMITTENT_SHORTFALL::THETA_0000::EXTERNALITY_CF_BETA_050::Q0::equal_kw_reduction,MR_K05_DISPERSED,INTERMITTENT_SHORTFALL,Q0,equal_kw_reduction,EXTERNALITY_CF_BETA_050,-10.966545083,-2.17882021744,7.7086763961,0.909090926737,0,1
MR_K05_DISPERSED::INTERMITTENT_SHORTFALL::THETA_0000::EXTERNALITY_CF_BETA_100::Q0::equal_kw_reduction,MR_K05_DISPERSED,INTERMITTENT_SHORTFALL,Q0,equal_kw_reduction,EXTERNALITY_CF_BETA_100,-83.0416921643,-2.10688405664,7.29609837826,0.909090912775,0,1
MR_K05_DISPERSED::INTERMITTENT_SHORTFALL::THETA_0000::UNIFORM_MATCHED_EXTERNALITY_CF_BETA_050::Q0::equal_kw_reduction,MR_K05_DISPERSED,INTERMITTENT_SHORTFALL,Q0,equal_kw_reduction,UNIFORM_MATCHED_EXTERNALITY_CF_BETA_050,-25.1185157526,-4.20150657383,7.64147577941,0.909090914652,0,1
MR_K05_DISPERSED::INTERMITTENT_SHORTFALL::THETA_0000::NO_FEEDBACK::Q0::flat_level,MR_K05_DISPERSED,INTERMITTENT_SHORTFALL,Q0,flat_level,NO_FEEDBACK,-43.9895094673,-2.00784531497,5.43466128634,0.909090902383,0,1
MR_K05_DISPERSED::INTERMITTENT_SHORTFALL::THETA_0000::DELIVERY_RATIO_CF_BETA_050::Q0::flat_level,MR_K05_DISPERSED,INTERMITTENT_SHORTFALL,Q0,flat_level,DELIVERY_RATIO_CF_BETA_050,-19.8587601551,-0.846761964326,5.43466128634,0.909090915454,0,1
MR_K05_DISPERSED::INTERMITTENT_SHORTFALL::THETA_0000::EXTERNALITY_CF_BETA_025::Q0::flat_level,MR_K05_DISPERSED,INTERMITTENT_SHORTFALL,Q0,flat_level,EXTERNALITY_CF_BETA_025,-12.276188085,-0.499558686409,5.43466128634,0.909090917545,0,1
MR_K05_DISPERSED::INTERMITTENT_SHORTFALL::THETA_0000::EXTERNALITY_CF_BETA_050::Q0::flat_level,MR_K05_DISPERSED,INTERMITTENT_SHORTFALL,Q0,flat_level,EXTERNALITY_CF_BETA_050,-10.9397363222,-0.456848282295,5.43466128634,0.909090913354,0,1
MR_K05_DISPERSED::INTERMITTENT_SHORTFALL::THETA_0000::EXTERNALITY_CF_BETA_100::Q0::flat_level,MR_K05_DISPERSED,INTERMITTENT_SHORTFALL,Q0,flat_level,EXTERNALITY_CF_BETA_100,49.5779066928,0.965649682166,5.43466128634,0.909090915094,0,1
MR_K05_DISPERSED::INTERMITTENT_SHORTFALL::THETA_0000::UNIFORM_MATCHED_EXTERNALITY_CF_BETA_050::Q0::flat_level,MR_K05_DISPERSED,INTERMITTENT_SHORTFALL,Q0,flat_level,UNIFORM_MATCHED_EXTERNALITY_CF_BETA_050,-33.8484424847,-1.56566322402,5.43466128634,0.909090913981,0,1
MR_K05_DISPERSED::INTERMITTENT_SHORTFALL::THETA_0000::NO_FEEDBACK::Q0::max_export_lp,MR_K05_DISPERSED,INTERMITTENT_SHORTFALL,Q0,max_export_lp,NO_FEEDBACK,-41.8872242756,-6.28302061229,8.01464442404,0.90909090821,0,1
MR_K05_DISPERSED::INTERMITTENT_SHORTFALL::THETA_0000::DELIVERY_RATIO_CF_BETA_050::Q0::max_export_lp,MR_K05_DISPERSED,INTERMITTENT_SHORTFALL,Q0,max_export_lp,DELIVERY_RATIO_CF_BETA_050,-15.4390961083,-2.6817381039,7.96537345442,0.909090915613,0,1
MR_K05_DISPERSED::INTERMITTENT_SHORTFALL::THETA_0000::EXTERNALITY_CF_BETA_025::Q0::max_export_lp,MR_K05_DISPERSED,INTERMITTENT_SHORTFALL,Q0,max_export_lp,EXTERNALITY_CF_BETA_025,-12.4321527026,-1.65788360932,7.99632490445,0.909090913568,0,1
MR_K05_DISPERSED::INTERMITTENT_SHORTFALL::THETA_0000::EXTERNALITY_CF_BETA_050::Q0::max_export_lp,MR_K05_DISPERSED,INTERMITTENT_SHORTFALL,Q0,max_export_lp,EXTERNALITY_CF_BETA_050,-15.4500866133,-1.65582740416,7.95621718698,0.909090912867,0,1
MR_K05_DISPERSED::INTERMITTENT_SHORTFALL::THETA_0000::EXTERNALITY_CF_BETA_100::Q0::max_export_lp,MR_K05_DISPERSED,INTERMITTENT_SHORTFALL,Q0,max_export_lp,EXTERNALITY_CF_BETA_100,-81.9260005917,-1.85644865294,7.45335611066,0.909090921057,0,1
MR_K05_DISPERSED::INTERMITTENT_SHORTFALL::THETA_0000::UNIFORM_MATCHED_EXTERNALITY_CF_BETA_050::Q0::max_export_lp,MR_K05_DISPERSED,INTERMITTENT_SHORTFALL,Q0,max_export_lp,UNIFORM_MATCHED_EXTERNALITY_CF_BETA_050,-44.7474094717,-4.09314737753,7.81189870839,0.909090919497,0,1
MR_K05_DISPERSED::INTERMITTENT_SHORTFALL::THETA_0000::NO_FEEDBACK::Q0::fairness_qp,MR_K05_DISPERSED,INTERMITTENT_SHORTFALL,Q0,fairness_qp,NO_FEEDBACK,-6.92933844864,-1.86637612574,7.68443291838,0.909090915432,0,1
MR_K05_DISPERSED::INTERMITTENT_SHORTFALL::THETA_0000::DELIVERY_RATIO_CF_BETA_050::Q0::fairness_qp,MR_K05_DISPERSED,INTERMITTENT_SHORTFALL,Q0,fairness_qp,DELIVERY_RATIO_CF_BETA_050,-2.44384991746,-1.08318504233,7.67535537165,0.909090916623,0,1
MR_K05_DISPERSED::INTERMITTENT_SHORTFALL::THETA_0000::EXTERNALITY_CF_BETA_025::Q0::fairness_qp,MR_K05_DISPERSED,INTERMITTENT_SHORTFALL,Q0,fairness_qp,EXTERNALITY_CF_BETA_025,-0.821179219026,-0.766538067055,7.68443291838,0.909090915432,0,1
MR_K05_DISPERSED::INTERMITTENT_SHORTFALL::THETA_0000::EXTERNALITY_CF_BETA_050::Q0::fairness_qp,MR_K05_DISPERSED,INTERMITTENT_SHORTFALL,Q0,fairness_qp,EXTERNALITY_CF_BETA_050,-7.7362163939,-0.719693314573,7.66789633675,0.909090915432,0,1
MR_K05_DISPERSED::INTERMITTENT_SHORTFALL::THETA_0000::EXTERNALITY_CF_BETA_100::Q0::fairness_qp,MR_K05_DISPERSED,INTERMITTENT_SHORTFALL,Q0,fairness_qp,EXTERNALITY_CF_BETA_100,-69.1721939817,-2.4097255858,7.24694444734,0.909090915432,0,1
MR_K05_DISPERSED::INTERMITTENT_SHORTFALL::THETA_0000::UNIFORM_MATCHED_EXTERNALITY_CF_BETA_050::Q0::fairness_qp,MR_K05_DISPERSED,INTERMITTENT_SHORTFALL,Q0,fairness_qp,UNIFORM_MATCHED_EXTERNALITY_CF_BETA_050,-13.3321862511,-1.63705550261,7.59221340842,0.909090919089,0,1
MR_K05_DISPERSED::INTERMITTENT_SHORTFALL::THETA_0000::NO_FEEDBACK::Q95::weighted_proportional,MR_K05_DISPERSED,INTERMITTENT_SHORTFALL,Q95,weighted_proportional,NO_FEEDBACK,-8.75171254414,-1.36612021858,5.60049299558,0.90909089755,0,1
MR_K05_DISPERSED::INTERMITTENT_SHORTFALL::THETA_0000::DELIVERY_RATIO_CF_BETA_050::Q95::weighted_proportional,MR_K05_DISPERSED,INTERMITTENT_SHORTFALL,Q95,weighted_proportional,DELIVERY_RATIO_CF_BETA_050,-6.02389224146,-0.752346513946,5.60049299558,0.909090916435,0,1
MR_K05_DISPERSED::INTERMITTENT_SHORTFALL::THETA_0000::EXTERNALITY_CF_BETA_025::Q95::weighted_proportional,MR_K05_DISPERSED,INTERMITTENT_SHORTFALL,Q95,weighted_proportional,EXTERNALITY_CF_BETA_025,-3.820995988,-0.503684695808,5.60049299558,0.909090917401,0,1
MR_K05_DISPERSED::INTERMITTENT_SHORTFALL::THETA_0000::EXTERNALITY_CF_BETA_050::Q95::weighted_proportional,MR_K05_DISPERSED,INTERMITTENT_SHORTFALL,Q95,weighted_proportional,EXTERNALITY_CF_BETA_050,-9.66476078718,-0.564318866714,5.60049299558,0.909090914292,0,1
MR_K05_DISPERSED::INTERMITTENT_SHORTFALL::THETA_0000::EXTERNALITY_CF_BETA_100::Q95::weighted_proportional,MR_K05_DISPERSED,INTERMITTENT_SHORTFALL,Q95,weighted_proportional,EXTERNALITY_CF_BETA_100,-59.4240180461,-2.96391822751,5.38596018228,0.9090909149,0,1
MR_K05_DISPERSED::INTERMITTENT_SHORTFALL::THETA_0000::UNIFORM_MATCHED_EXTERNALITY_CF_BETA_050::Q95::weighted_proportional,MR_K05_DISPERSED,INTERMITTENT_SHORTFALL,Q95,weighted_proportional,UNIFORM_MATCHED_EXTERNALITY_CF_BETA_050,-8.75171254153,-1.36612021858,5.60049294724,0.909090905223,0,1
MR_K05_DISPERSED::INTERMITTENT_SHORTFALL::THETA_0000::NO_FEEDBACK::Q95::equal_kw_reduction,MR_K05_DISPERSED,INTERMITTENT_SHORTFALL,Q95,equal_kw_reduction,NO_FEEDBACK,-22.1008304357,-6.51104450825,6.06993308195,0.909090890949,0,1
MR_K05_DISPERSED::INTERMITTENT_SHORTFALL::THETA_0000::DELIVERY_RATIO_CF_BETA_050::Q95::equal_kw_reduction,MR_K05_DISPERSED,INTERMITTENT_SHORTFALL,Q95,equal_kw_reduction,DELIVERY_RATIO_CF_BETA_050,-6.74002661759,-3.0415744719,6.05088796652,0.909090920183,0,1
MR_K05_DISPERSED::INTERMITTENT_SHORTFALL::THETA_0000::EXTERNALITY_CF_BETA_025::Q95::equal_kw_reduction,MR_K05_DISPERSED,INTERMITTENT_SHORTFALL,Q95,equal_kw_reduction,EXTERNALITY_CF_BETA_025,-4.25591122061,-2.03767140944,6.06567312254,0.90909091904,0,1
MR_K05_DISPERSED::INTERMITTENT_SHORTFALL::THETA_0000::EXTERNALITY_CF_BETA_050::Q95::equal_kw_reduction,MR_K05_DISPERSED,INTERMITTENT_SHORTFALL,Q95,equal_kw_reduction,EXTERNALITY_CF_BETA_050,-10.966545083,-2.17882021744,6.03795537447,0.909090915998,0,1
MR_K05_DISPERSED::INTERMITTENT_SHORTFALL::THETA_0000::EXTERNALITY_CF_BETA_100::Q95::equal_kw_reduction,MR_K05_DISPERSED,INTERMITTENT_SHORTFALL,Q95,equal_kw_reduction,EXTERNALITY_CF_BETA_100,-83.0416921643,-2.10688405664,5.72211480357,0.909090908761,0,1
MR_K05_DISPERSED::INTERMITTENT_SHORTFALL::THETA_0000::UNIFORM_MATCHED_EXTERNALITY_CF_BETA_050::Q95::equal_kw_reduction,MR_K05_DISPERSED,INTERMITTENT_SHORTFALL,Q95,equal_kw_reduction,UNIFORM_MATCHED_EXTERNALITY_CF_BETA_050,-25.1185157526,-4.20150657383,5.98654753766,0.909090909803,0,1
MR_K05_DISPERSED::INTERMITTENT_SHORTFALL::THETA_0000::NO_FEEDBACK::Q95::flat_level,MR_K05_DISPERSED,INTERMITTENT_SHORTFALL,Q95,flat_level,NO_FEEDBACK,-43.9895094673,-2.00784531497,4.29578317523,0.909090910192,0,1
MR_K05_DISPERSED::INTERMITTENT_SHORTFALL::THETA_0000::DELIVERY_RATIO_CF_BETA_050::Q95::flat_level,MR_K05_DISPERSED,INTERMITTENT_SHORTFALL,Q95,flat_level,DELIVERY_RATIO_CF_BETA_050,-19.8587601551,-0.846761964326,4.29578317523,0.909090912084,0,1
MR_K05_DISPERSED::INTERMITTENT_SHORTFALL::THETA_0000::EXTERNALITY_CF_BETA_025::Q95::flat_level,MR_K05_DISPERSED,INTERMITTENT_SHORTFALL,Q95,flat_level,EXTERNALITY_CF_BETA_025,-12.276188085,-0.499558686409,4.29578317523,0.909090916621,0,1
MR_K05_DISPERSED::INTERMITTENT_SHORTFALL::THETA_0000::EXTERNALITY_CF_BETA_050::Q95::flat_level,MR_K05_DISPERSED,INTERMITTENT_SHORTFALL,Q95,flat_level,EXTERNALITY_CF_BETA_050,-10.9397363222,-0.456848282295,4.29578317523,0.909090917689,0,1
MR_K05_DISPERSED::INTERMITTENT_SHORTFALL::THETA_0000::EXTERNALITY_CF_BETA_100::Q95::flat_level,MR_K05_DISPERSED,INTERMITTENT_SHORTFALL,Q95,flat_level,EXTERNALITY_CF_BETA_100,49.5779066928,0.965649682166,4.29578317523,0.909090910628,0,1
MR_K05_DISPERSED::INTERMITTENT_SHORTFALL::THETA_0000::UNIFORM_MATCHED_EXTERNALITY_CF_BETA_050::Q95::flat_level,MR_K05_DISPERSED,INTERMITTENT_SHORTFALL,Q95,flat_level,UNIFORM_MATCHED_EXTERNALITY_CF_BETA_050,-33.8484424847,-1.56566322402,4.29578317523,0.909090917536,0,1
MR_K05_DISPERSED::INTERMITTENT_SHORTFALL::THETA_0000::NO_FEEDBACK::Q95::max_export_lp,MR_K05_DISPERSED,INTERMITTENT_SHORTFALL,Q95,max_export_lp,NO_FEEDBACK,-41.8871912998,-6.28300457468,6.27224354797,0.909090899833,0,1
MR_K05_DISPERSED::INTERMITTENT_SHORTFALL::THETA_0000::DELIVERY_RATIO_CF_BETA_050::Q95::max_export_lp,MR_K05_DISPERSED,INTERMITTENT_SHORTFALL,Q95,max_export_lp,DELIVERY_RATIO_CF_BETA_050,-15.439096064,-2.68172337121,6.23464228052,0.909090923141,0,1
MR_K05_DISPERSED::INTERMITTENT_SHORTFALL::THETA_0000::EXTERNALITY_CF_BETA_025::Q95::max_export_lp,MR_K05_DISPERSED,INTERMITTENT_SHORTFALL,Q95,max_export_lp,EXTERNALITY_CF_BETA_025,-12.4321430155,-1.65786795461,6.25835700037,0.909090921363,0,1
MR_K05_DISPERSED::INTERMITTENT_SHORTFALL::THETA_0000::EXTERNALITY_CF_BETA_050::Q95::max_export_lp,MR_K05_DISPERSED,INTERMITTENT_SHORTFALL,Q95,max_export_lp,EXTERNALITY_CF_BETA_050,-15.4500868515,-1.65581232716,6.22762758461,0.909090917202,0,1
MR_K05_DISPERSED::INTERMITTENT_SHORTFALL::THETA_0000::EXTERNALITY_CF_BETA_100::Q95::max_export_lp,MR_K05_DISPERSED,INTERMITTENT_SHORTFALL,Q95,max_export_lp,EXTERNALITY_CF_BETA_100,-81.9260015526,-1.85643493339,5.84226607535,0.909090910246,0,1
MR_K05_DISPERSED::INTERMITTENT_SHORTFALL::THETA_0000::UNIFORM_MATCHED_EXTERNALITY_CF_BETA_050::Q95::max_export_lp,MR_K05_DISPERSED,INTERMITTENT_SHORTFALL,Q95,max_export_lp,UNIFORM_MATCHED_EXTERNALITY_CF_BETA_050,-44.7473863896,-4.0931336,6.11698371328,0.909090908801,0,1
MR_K05_DISPERSED::INTERMITTENT_SHORTFALL::THETA_0000::NO_FEEDBACK::Q95::fairness_qp,MR_K05_DISPERSED,INTERMITTENT_SHORTFALL,Q95,fairness_qp,NO_FEEDBACK,-6.92937796834,-1.86637743957,6.01929338667,0.909090903792,0,1
MR_K05_DISPERSED::INTERMITTENT_SHORTFALL::THETA_0000::DELIVERY_RATIO_CF_BETA_050::Q95::fairness_qp,MR_K05_DISPERSED,INTERMITTENT_SHORTFALL,Q95,fairness_qp,DELIVERY_RATIO_CF_BETA_050,-2.443865976,-1.08318474862,6.01241052117,0.909090907572,0,1
MR_K05_DISPERSED::INTERMITTENT_SHORTFALL::THETA_0000::EXTERNALITY_CF_BETA_025::Q95::fairness_qp,MR_K05_DISPERSED,INTERMITTENT_SHORTFALL,Q95,fairness_qp,EXTERNALITY_CF_BETA_025,-0.821197001615,-0.766538113387,6.01929338667,0.909090911487,0,1
MR_K05_DISPERSED::INTERMITTENT_SHORTFALL::THETA_0000::EXTERNALITY_CF_BETA_050::Q95::fairness_qp,MR_K05_DISPERSED,INTERMITTENT_SHORTFALL,Q95,fairness_qp,EXTERNALITY_CF_BETA_050,-7.7362369971,-0.719693207551,6.00663194815,0.90909091768,0,1
MR_K05_DISPERSED::INTERMITTENT_SHORTFALL::THETA_0000::EXTERNALITY_CF_BETA_100::Q95::fairness_qp,MR_K05_DISPERSED,INTERMITTENT_SHORTFALL,Q95,fairness_qp,EXTERNALITY_CF_BETA_100,-69.1721977892,-2.40972605042,5.68436156049,0.909090912788,0,1
MR_K05_DISPERSED::INTERMITTENT_SHORTFALL::THETA_0000::UNIFORM_MATCHED_EXTERNALITY_CF_BETA_050::Q95::fairness_qp,MR_K05_DISPERSED,INTERMITTENT_SHORTFALL,Q95,fairness_qp,UNIFORM_MATCHED_EXTERNALITY_CF_BETA_050,-13.3322073195,-1.6370557808,5.94869556662,0.909090915022,0,1
MR_K05_DISPERSED::SHOCK_AND_RECOVERY::THETA_0000::NO_FEEDBACK::Q0::weighted_proportional,MR_K05_DISPERSED,SHOCK_AND_RECOVERY,Q0,weighted_proportional,NO_FEEDBACK,-8.75171254044,-1.36612021858,7.13748934819,0.909090904742,0,1
MR_K05_DISPERSED::SHOCK_AND_RECOVERY::THETA_0000::DELIVERY_RATIO_CF_BETA_050::Q0::weighted_proportional,MR_K05_DISPERSED,SHOCK_AND_RECOVERY,Q0,weighted_proportional,DELIVERY_RATIO_CF_BETA_050,2.58910123479,-0.90240003444,7.13667169577,0.909090916136,0,1
MR_K05_DISPERSED::SHOCK_AND_RECOVERY::THETA_0000::EXTERNALITY_CF_BETA_025::Q0::weighted_proportional,MR_K05_DISPERSED,SHOCK_AND_RECOVERY,Q0,weighted_proportional,EXTERNALITY_CF_BETA_025,3.84992808782,-0.665079218868,7.13748934819,0.909090913891,0,1
MR_K05_DISPERSED::SHOCK_AND_RECOVERY::THETA_0000::EXTERNALITY_CF_BETA_050::Q0::weighted_proportional,MR_K05_DISPERSED,SHOCK_AND_RECOVERY,Q0,weighted_proportional,EXTERNALITY_CF_BETA_050,5.4101989911,-0.984661558155,7.02726176992,0.909090913809,0,1
MR_K05_DISPERSED::SHOCK_AND_RECOVERY::THETA_0000::EXTERNALITY_CF_BETA_100::Q0::weighted_proportional,MR_K05_DISPERSED,SHOCK_AND_RECOVERY,Q0,weighted_proportional,EXTERNALITY_CF_BETA_100,-20.0895002134,-2.51350704428,6.72930346103,0.909090912871,0,1
MR_K05_DISPERSED::SHOCK_AND_RECOVERY::THETA_0000::UNIFORM_MATCHED_EXTERNALITY_CF_BETA_050::Q0::weighted_proportional,MR_K05_DISPERSED,SHOCK_AND_RECOVERY,Q0,weighted_proportional,UNIFORM_MATCHED_EXTERNALITY_CF_BETA_050,-8.75171254214,-1.36612021858,7.13748933184,0.909090919789,0,1
MR_K05_DISPERSED::SHOCK_AND_RECOVERY::THETA_0000::NO_FEEDBACK::Q0::equal_kw_reduction,MR_K05_DISPERSED,SHOCK_AND_RECOVERY,Q0,equal_kw_reduction,NO_FEEDBACK,-22.1008304357,-6.51104450825,7.75035926136,0.909090887537,0,1
MR_K05_DISPERSED::SHOCK_AND_RECOVERY::THETA_0000::DELIVERY_RATIO_CF_BETA_050::Q0::equal_kw_reduction,MR_K05_DISPERSED,SHOCK_AND_RECOVERY,Q0,equal_kw_reduction,DELIVERY_RATIO_CF_BETA_050,1.62892602819,-3.38967102415,7.72878242283,0.90909091262,0,1
MR_K05_DISPERSED::SHOCK_AND_RECOVERY::THETA_0000::EXTERNALITY_CF_BETA_025::Q0::equal_kw_reduction,MR_K05_DISPERSED,SHOCK_AND_RECOVERY,Q0,equal_kw_reduction,EXTERNALITY_CF_BETA_025,3.13170994829,-2.08280688502,7.6314387941,0.909090920876,0,1
MR_K05_DISPERSED::SHOCK_AND_RECOVERY::THETA_0000::EXTERNALITY_CF_BETA_050::Q0::equal_kw_reduction,MR_K05_DISPERSED,SHOCK_AND_RECOVERY,Q0,equal_kw_reduction,EXTERNALITY_CF_BETA_050,5.32939959639,-1.93713285223,7.49555151389,0.909090908747,0,1
MR_K05_DISPERSED::SHOCK_AND_RECOVERY::THETA_0000::EXTERNALITY_CF_BETA_100::Q0::equal_kw_reduction,MR_K05_DISPERSED,SHOCK_AND_RECOVERY,Q0,equal_kw_reduction,EXTERNALITY_CF_BETA_100,-28.7436262766,-3.24919212231,7.12803884382,0.909090916728,0,1
MR_K05_DISPERSED::SHOCK_AND_RECOVERY::THETA_0000::UNIFORM_MATCHED_EXTERNALITY_CF_BETA_050::Q0::equal_kw_reduction,MR_K05_DISPERSED,SHOCK_AND_RECOVERY,Q0,equal_kw_reduction,UNIFORM_MATCHED_EXTERNALITY_CF_BETA_050,-27.7604655194,-3.30949144507,7.53436276069,0.909090924742,0,1
MR_K05_DISPERSED::SHOCK_AND_RECOVERY::THETA_0000::NO_FEEDBACK::Q0::flat_level,MR_K05_DISPERSED,SHOCK_AND_RECOVERY,Q0,flat_level,NO_FEEDBACK,-43.9895094673,-2.00784531497,5.43466128634,0.909090902383,0,1
MR_K05_DISPERSED::SHOCK_AND_RECOVERY::THETA_0000::DELIVERY_RATIO_CF_BETA_050::Q0::flat_level,MR_K05_DISPERSED,SHOCK_AND_RECOVERY,Q0,flat_level,DELIVERY_RATIO_CF_BETA_050,-15.0859045906,-0.748928078079,5.43466128634,0.909090913515,0,1
MR_K05_DISPERSED::SHOCK_AND_RECOVERY::THETA_0000::EXTERNALITY_CF_BETA_025::Q0::flat_level,MR_K05_DISPERSED,SHOCK_AND_RECOVERY,Q0,flat_level,EXTERNALITY_CF_BETA_025,0.582046239086,-0.204427712334,5.43466128634,0.909090909894,0,1
MR_K05_DISPERSED::SHOCK_AND_RECOVERY::THETA_0000::EXTERNALITY_CF_BETA_050::Q0::flat_level,MR_K05_DISPERSED,SHOCK_AND_RECOVERY,Q0,flat_level,EXTERNALITY_CF_BETA_050,21.3979280792,0.280294562113,5.43466128634,0.909090918677,0,1
MR_K05_DISPERSED::SHOCK_AND_RECOVERY::THETA_0000::EXTERNALITY_CF_BETA_100::Q0::flat_level,MR_K05_DISPERSED,SHOCK_AND_RECOVERY,Q0,flat_level,EXTERNALITY_CF_BETA_100,41.0721579335,0.232589135001,5.43466128634,0.909090916149,0,1
MR_K05_DISPERSED::SHOCK_AND_RECOVERY::THETA_0000::UNIFORM_MATCHED_EXTERNALITY_CF_BETA_050::Q0::flat_level,MR_K05_DISPERSED,SHOCK_AND_RECOVERY,Q0,flat_level,UNIFORM_MATCHED_EXTERNALITY_CF_BETA_050,-22.5352953021,-1.11696049469,5.43466128634,0.909090919921,0,1
MR_K05_DISPERSED::SHOCK_AND_RECOVERY::THETA_0000::NO_FEEDBACK::Q0::max_export_lp,MR_K05_DISPERSED,SHOCK_AND_RECOVERY,Q0,max_export_lp,NO_FEEDBACK,-41.8872242756,-6.28302061229,8.01464442404,0.90909090821,0,1
MR_K05_DISPERSED::SHOCK_AND_RECOVERY::THETA_0000::DELIVERY_RATIO_CF_BETA_050::Q0::max_export_lp,MR_K05_DISPERSED,SHOCK_AND_RECOVERY,Q0,max_export_lp,DELIVERY_RATIO_CF_BETA_050,-10.3947476707,-2.77172256379,7.98562860923,0.909090915045,0,1
MR_K05_DISPERSED::SHOCK_AND_RECOVERY::THETA_0000::EXTERNALITY_CF_BETA_025::Q0::max_export_lp,MR_K05_DISPERSED,SHOCK_AND_RECOVERY,Q0,max_export_lp,EXTERNALITY_CF_BETA_025,-9.31311062487,-1.71665978102,7.89759666013,0.90909092229,0,1
MR_K05_DISPERSED::SHOCK_AND_RECOVERY::THETA_0000::EXTERNALITY_CF_BETA_050::Q0::max_export_lp,MR_K05_DISPERSED,SHOCK_AND_RECOVERY,Q0,max_export_lp,EXTERNALITY_CF_BETA_050,-1.85557837808,-1.15511308467,7.75031977096,0.909090918712,0,1
MR_K05_DISPERSED::SHOCK_AND_RECOVERY::THETA_0000::EXTERNALITY_CF_BETA_100::Q0::max_export_lp,MR_K05_DISPERSED,SHOCK_AND_RECOVERY,Q0,max_export_lp,EXTERNALITY_CF_BETA_100,-24.7106454401,-2.60421086018,7.34035737138,0.909090915864,0,1
MR_K05_DISPERSED::SHOCK_AND_RECOVERY::THETA_0000::UNIFORM_MATCHED_EXTERNALITY_CF_BETA_050::Q0::max_export_lp,MR_K05_DISPERSED,SHOCK_AND_RECOVERY,Q0,max_export_lp,UNIFORM_MATCHED_EXTERNALITY_CF_BETA_050,-44.5561009731,-2.93033731069,7.64085024406,0.90909091173,0,1
MR_K05_DISPERSED::SHOCK_AND_RECOVERY::THETA_0000::NO_FEEDBACK::Q0::fairness_qp,MR_K05_DISPERSED,SHOCK_AND_RECOVERY,Q0,fairness_qp,NO_FEEDBACK,-6.92933844864,-1.86637612574,7.68443291838,0.909090915432,0,1
MR_K05_DISPERSED::SHOCK_AND_RECOVERY::THETA_0000::DELIVERY_RATIO_CF_BETA_050::Q0::fairness_qp,MR_K05_DISPERSED,SHOCK_AND_RECOVERY,Q0,fairness_qp,DELIVERY_RATIO_CF_BETA_050,5.86540516176,-1.23519120876,7.68185551277,0.909090915432,0,1
MR_K05_DISPERSED::SHOCK_AND_RECOVERY::THETA_0000::EXTERNALITY_CF_BETA_025::Q0::fairness_qp,MR_K05_DISPERSED,SHOCK_AND_RECOVERY,Q0,fairness_qp,EXTERNALITY_CF_BETA_025,5.53448013483,-0.804452991447,7.60342557642,0.909090916302,0,1
MR_K05_DISPERSED::SHOCK_AND_RECOVERY::THETA_0000::EXTERNALITY_CF_BETA_050::Q0::fairness_qp,MR_K05_DISPERSED,SHOCK_AND_RECOVERY,Q0,fairness_qp,EXTERNALITY_CF_BETA_050,6.36650924832,-0.898347324661,7.45321054605,0.909090920615,0,1
MR_K05_DISPERSED::SHOCK_AND_RECOVERY::THETA_0000::EXTERNALITY_CF_BETA_100::Q0::fairness_qp,MR_K05_DISPERSED,SHOCK_AND_RECOVERY,Q0,fairness_qp,EXTERNALITY_CF_BETA_100,-15.9257946255,-2.22786743439,7.10634043916,0.909090915432,0,1
MR_K05_DISPERSED::SHOCK_AND_RECOVERY::THETA_0000::UNIFORM_MATCHED_EXTERNALITY_CF_BETA_050::Q0::fairness_qp,MR_K05_DISPERSED,SHOCK_AND_RECOVERY,Q0,fairness_qp,UNIFORM_MATCHED_EXTERNALITY_CF_BETA_050,-14.6156727279,-1.56829096539,7.50249938871,0.909090915432,0,1
MR_K05_DISPERSED::SHOCK_AND_RECOVERY::THETA_0000::NO_FEEDBACK::Q95::weighted_proportional,MR_K05_DISPERSED,SHOCK_AND_RECOVERY,Q95,weighted_proportional,NO_FEEDBACK,-8.75171254414,-1.36612021858,5.60049299558,0.90909089755,0,1
MR_K05_DISPERSED::SHOCK_AND_RECOVERY::THETA_0000::DELIVERY_RATIO_CF_BETA_050::Q95::weighted_proportional,MR_K05_DISPERSED,SHOCK_AND_RECOVERY,Q95,weighted_proportional,DELIVERY_RATIO_CF_BETA_050,2.58910123205,-0.902400034445,5.59987457039,0.90909091515,0,1
MR_K05_DISPERSED::SHOCK_AND_RECOVERY::THETA_0000::EXTERNALITY_CF_BETA_025::Q95::weighted_proportional,MR_K05_DISPERSED,SHOCK_AND_RECOVERY,Q95,weighted_proportional,EXTERNALITY_CF_BETA_025,3.84992808832,-0.665079218868,5.60049299558,0.909090917224,0,1
MR_K05_DISPERSED::SHOCK_AND_RECOVERY::THETA_0000::EXTERNALITY_CF_BETA_050::Q95::weighted_proportional,MR_K05_DISPERSED,SHOCK_AND_RECOVERY,Q95,weighted_proportional,EXTERNALITY_CF_BETA_050,5.41019899066,-0.984661558155,5.51598575115,0.909090916643,0,1
MR_K05_DISPERSED::SHOCK_AND_RECOVERY::THETA_0000::EXTERNALITY_CF_BETA_100::Q95::weighted_proportional,MR_K05_DISPERSED,SHOCK_AND_RECOVERY,Q95,weighted_proportional,EXTERNALITY_CF_BETA_100,-20.0895002123,-2.51350704428,5.2878320988,0.909090911595,0,1
MR_K05_DISPERSED::SHOCK_AND_RECOVERY::THETA_0000::UNIFORM_MATCHED_EXTERNALITY_CF_BETA_050::Q95::weighted_proportional,MR_K05_DISPERSED,SHOCK_AND_RECOVERY,Q95,weighted_proportional,UNIFORM_MATCHED_EXTERNALITY_CF_BETA_050,-8.7517125416,-1.36612021858,5.60049294742,0.90909091261,0,1
MR_K05_DISPERSED::SHOCK_AND_RECOVERY::THETA_0000::NO_FEEDBACK::Q95::equal_kw_reduction,MR_K05_DISPERSED,SHOCK_AND_RECOVERY,Q95,equal_kw_reduction,NO_FEEDBACK,-22.1008304357,-6.51104450825,6.06993308195,0.909090890949,0,1
MR_K05_DISPERSED::SHOCK_AND_RECOVERY::THETA_0000::DELIVERY_RATIO_CF_BETA_050::Q95::equal_kw_reduction,MR_K05_DISPERSED,SHOCK_AND_RECOVERY,Q95,equal_kw_reduction,DELIVERY_RATIO_CF_BETA_050,1.62892602819,-3.38967102415,6.05332195815,0.909090915821,0,1
MR_K05_DISPERSED::SHOCK_AND_RECOVERY::THETA_0000::EXTERNALITY_CF_BETA_025::Q95::equal_kw_reduction,MR_K05_DISPERSED,SHOCK_AND_RECOVERY,Q95,equal_kw_reduction,EXTERNALITY_CF_BETA_025,3.13170994829,-2.08280688502,5.97871309575,0.909090917797,0,1
MR_K05_DISPERSED::SHOCK_AND_RECOVERY::THETA_0000::EXTERNALITY_CF_BETA_050::Q95::equal_kw_reduction,MR_K05_DISPERSED,SHOCK_AND_RECOVERY,Q95,equal_kw_reduction,EXTERNALITY_CF_BETA_050,5.32939959639,-1.93713285223,5.87468196443,0.909090909949,0,1
MR_K05_DISPERSED::SHOCK_AND_RECOVERY::THETA_0000::EXTERNALITY_CF_BETA_100::Q95::equal_kw_reduction,MR_K05_DISPERSED,SHOCK_AND_RECOVERY,Q95,equal_kw_reduction,EXTERNALITY_CF_BETA_100,-28.7436262766,-3.24919212231,5.59337691382,0.909090913708,0,1
MR_K05_DISPERSED::SHOCK_AND_RECOVERY::THETA_0000::UNIFORM_MATCHED_EXTERNALITY_CF_BETA_050::Q95::equal_kw_reduction,MR_K05_DISPERSED,SHOCK_AND_RECOVERY,Q95,equal_kw_reduction,UNIFORM_MATCHED_EXTERNALITY_CF_BETA_050,-27.7604655194,-3.30949144507,5.90450916018,0.909090917144,0,1
MR_K05_DISPERSED::SHOCK_AND_RECOVERY::THETA_0000::NO_FEEDBACK::Q95::flat_level,MR_K05_DISPERSED,SHOCK_AND_RECOVERY,Q95,flat_level,NO_FEEDBACK,-43.9895094673,-2.00784531497,4.29578317523,0.909090910192,0,1
MR_K05_DISPERSED::SHOCK_AND_RECOVERY::THETA_0000::DELIVERY_RATIO_CF_BETA_050::Q95::flat_level,MR_K05_DISPERSED,SHOCK_AND_RECOVERY,Q95,flat_level,DELIVERY_RATIO_CF_BETA_050,-15.0859045906,-0.748928078079,4.29578317523,0.909090911937,0,1
MR_K05_DISPERSED::SHOCK_AND_RECOVERY::THETA_0000::EXTERNALITY_CF_BETA_025::Q95::flat_level,MR_K05_DISPERSED,SHOCK_AND_RECOVERY,Q95,flat_level,EXTERNALITY_CF_BETA_025,0.582046239086,-0.204427712334,4.29578317523,0.909090917075,0,1
MR_K05_DISPERSED::SHOCK_AND_RECOVERY::THETA_0000::EXTERNALITY_CF_BETA_050::Q95::flat_level,MR_K05_DISPERSED,SHOCK_AND_RECOVERY,Q95,flat_level,EXTERNALITY_CF_BETA_050,21.3979280792,0.280294562113,4.29578317523,0.909090915576,0,1
MR_K05_DISPERSED::SHOCK_AND_RECOVERY::THETA_0000::EXTERNALITY_CF_BETA_100::Q95::flat_level,MR_K05_DISPERSED,SHOCK_AND_RECOVERY,Q95,flat_level,EXTERNALITY_CF_BETA_100,41.0721579335,0.232589135001,4.29578317523,0.909090913245,0,1
MR_K05_DISPERSED::SHOCK_AND_RECOVERY::THETA_0000::UNIFORM_MATCHED_EXTERNALITY_CF_BETA_050::Q95::flat_level,MR_K05_DISPERSED,SHOCK_AND_RECOVERY,Q95,flat_level,UNIFORM_MATCHED_EXTERNALITY_CF_BETA_050,-22.5352953021,-1.11696049469,4.29578317523,0.909090917021,0,1
MR_K05_DISPERSED::SHOCK_AND_RECOVERY::THETA_0000::NO_FEEDBACK::Q95::max_export_lp,MR_K05_DISPERSED,SHOCK_AND_RECOVERY,Q95,max_export_lp,NO_FEEDBACK,-41.8871912998,-6.28300457468,6.27224354797,0.909090899833,0,1
MR_K05_DISPERSED::SHOCK_AND_RECOVERY::THETA_0000::DELIVERY_RATIO_CF_BETA_050::Q95::max_export_lp,MR_K05_DISPERSED,SHOCK_AND_RECOVERY,Q95,max_export_lp,DELIVERY_RATIO_CF_BETA_050,-10.3947316153,-2.7717071722,6.25011703641,0.909090911743,0,1
MR_K05_DISPERSED::SHOCK_AND_RECOVERY::THETA_0000::EXTERNALITY_CF_BETA_025::Q95::max_export_lp,MR_K05_DISPERSED,SHOCK_AND_RECOVERY,Q95,max_export_lp,EXTERNALITY_CF_BETA_025,-9.31309469372,-1.71664691548,6.18270440636,0.90909091596,0,1
MR_K05_DISPERSED::SHOCK_AND_RECOVERY::THETA_0000::EXTERNALITY_CF_BETA_050::Q95::max_export_lp,MR_K05_DISPERSED,SHOCK_AND_RECOVERY,Q95,max_export_lp,EXTERNALITY_CF_BETA_050,-1.8555620144,-1.15510061149,6.06991360262,0.909090910672,0,1
MR_K05_DISPERSED::SHOCK_AND_RECOVERY::THETA_0000::EXTERNALITY_CF_BETA_100::Q95::max_export_lp,MR_K05_DISPERSED,SHOCK_AND_RECOVERY,Q95,max_export_lp,EXTERNALITY_CF_BETA_100,-24.7106262043,-2.60419477951,5.75607029866,0.909090925143,0,1
MR_K05_DISPERSED::SHOCK_AND_RECOVERY::THETA_0000::UNIFORM_MATCHED_EXTERNALITY_CF_BETA_050::Q95::max_export_lp,MR_K05_DISPERSED,SHOCK_AND_RECOVERY,Q95,max_export_lp,UNIFORM_MATCHED_EXTERNALITY_CF_BETA_050,-44.556081653,-2.93032822665,5.98600405982,0.909090917237,0,1
MR_K05_DISPERSED::SHOCK_AND_RECOVERY::THETA_0000::NO_FEEDBACK::Q95::fairness_qp,MR_K05_DISPERSED,SHOCK_AND_RECOVERY,Q95,fairness_qp,NO_FEEDBACK,-6.92937796834,-1.86637743957,6.01929338667,0.909090903792,0,1
MR_K05_DISPERSED::SHOCK_AND_RECOVERY::THETA_0000::DELIVERY_RATIO_CF_BETA_050::Q95::fairness_qp,MR_K05_DISPERSED,SHOCK_AND_RECOVERY,Q95,fairness_qp,DELIVERY_RATIO_CF_BETA_050,5.86538820858,-1.23519105475,6.01733999598,0.909090916001,0,1
MR_K05_DISPERSED::SHOCK_AND_RECOVERY::THETA_0000::EXTERNALITY_CF_BETA_025::Q95::fairness_qp,MR_K05_DISPERSED,SHOCK_AND_RECOVERY,Q95,fairness_qp,EXTERNALITY_CF_BETA_025,5.5344715089,-0.804452559518,5.95719556248,0.909090920808,0,1
MR_K05_DISPERSED::SHOCK_AND_RECOVERY::THETA_0000::EXTERNALITY_CF_BETA_050::Q95::fairness_qp,MR_K05_DISPERSED,SHOCK_AND_RECOVERY,Q95,fairness_qp,EXTERNALITY_CF_BETA_050,6.36649916143,-0.898346809123,5.84217230204,0.909090926044,0,1
MR_K05_DISPERSED::SHOCK_AND_RECOVERY::THETA_0000::EXTERNALITY_CF_BETA_100::Q95::fairness_qp,MR_K05_DISPERSED,SHOCK_AND_RECOVERY,Q95,fairness_qp,EXTERNALITY_CF_BETA_100,-15.9257990117,-2.2278669271,5.57664717443,0.90909091809,0,1
MR_K05_DISPERSED::SHOCK_AND_RECOVERY::THETA_0000::UNIFORM_MATCHED_EXTERNALITY_CF_BETA_050::Q95::fairness_qp,MR_K05_DISPERSED,SHOCK_AND_RECOVERY,Q95,fairness_qp,UNIFORM_MATCHED_EXTERNALITY_CF_BETA_050,-14.6156910874,-1.56829106917,5.88001010906,0.909090915932,0,1
