trajectory_id,interval,penalty_to_export_value_ratio,replay_gate_triggered,replay_gate_reason,replay_total_delivery_gain_mw,replay_outsider_delivery_gain_mw,replay_total_delivery_recovery_kw,replay_outsider_delivery_recovery_kw
DF_SINGLE_P021::CLUSTERED_SHORTFALL::THETA_0000::EXTERNALITY_CF_BETA_050::Q0::weighted_proportional,1,0,True,RECOVERABLE_ALLOCATION_EXTERNALITY,0.0388906223519,0.0759323506739,38.8906223519,75.9323506739
DF_SINGLE_P021::CLUSTERED_SHORTFALL::THETA_0000::EXTERNALITY_CF_BETA_050::Q0::weighted_proportional,2,0,True,RECOVERABLE_ALLOCATION_EXTERNALITY,0.0376013076586,0.0728814742638,37.6013076586,72.8814742638
DF_SINGLE_P021::CLUSTERED_SHORTFALL::THETA_0000::EXTERNALITY_CF_BETA_050::Q0::weighted_proportional,3,0,True,RECOVERABLE_ALLOCATION_EXTERNALITY,0.0263082985455,0.0560228470468,26.3082985455,56.0228470468
DF_SINGLE_P021::CLUSTERED_SHORTFALL::THETA_0000::EXTERNALITY_CF_BETA_050::Q0::weighted_proportional,4,0,True,RECOVERABLE_ALLOCATION_EXTERNALITY,0.0385124723489,0.0584649086854,38.5124723489,58.4649086854
DF_SINGLE_P021::CLUSTERED_SHORTFALL::THETA_0000::EXTERNALITY_CF_BETA_050::Q0::weighted_proportional,5,0,True,RECOVERABLE_ALLOCATION_EXTERNALITY,0.0327844453179,0.0716530371413,32.7844453179,71.6530371413
DF_SINGLE_P021::CLUSTERED_SHORTFALL::THETA_0000::EXTERNALITY_CF_BETA_050::Q0::weighted_proportional,6,0,True,RECOVERABLE_ALLOCATION_EXTERNALITY,0.0164497187025,0.0528767762253,16.4497187025,52.8767762253
DF_SINGLE_P021::CLUSTERED_SHORTFALL::THETA_0000::EXTERNALITY_CF_BETA_050::Q0::weighted_proportional,7,0,True,RECOVERABLE_ALLOCATION_EXTERNALITY,0.0170655544277,0.0550862957171,17.0655544277,55.0862957171
DF_SINGLE_P021::CLUSTERED_SHORTFALL::THETA_0000::EXTERNALITY_CF_BETA_050::Q0::weighted_proportional,8,0,True,RECOVERABLE_ALLOCATION_EXTERNALITY,0.0211009908823,0.0541570489158,21.1009908823,54.1570489158
DF_SINGLE_P021::CLUSTERED_SHORTFALL::THETA_0000::EXTERNALITY_CF_BETA_050::Q0::weighted_proportional,9,0,True,RECOVERABLE_ALLOCATION_EXTERNALITY,0.0188220880042,0.0543105944709,18.8220880042,54.3105944709
DF_SINGLE_P021::CLUSTERED_SHORTFALL::THETA_0000::EXTERNALITY_CF_BETA_050::Q0::weighted_proportional,10,0,True,RECOVERABLE_ALLOCATION_EXTERNALITY,0.0324465704665,0.0639550789984,32.4465704665,63.9550789984
DF_SINGLE_P021::CLUSTERED_SHORTFALL::THETA_0000::EXTERNALITY_CF_BETA_050::Q0::weighted_proportional,11,0,True,RECOVERABLE_ALLOCATION_EXTERNALITY,0.04974609783,0.0653158711791,49.74609783,65.3158711791
DF_SINGLE_P021::CLUSTERED_SHORTFALL::THETA_0000::EXTERNALITY_CF_BETA_050::Q0::weighted_proportional,12,0,True,RECOVERABLE_ALLOCATION_EXTERNALITY,0.047360010719,0.0732071310357,47.360010719,73.2071310357
DF_SINGLE_P021::CLUSTERED_SHORTFALL::THETA_0000::EXTERNALITY_CF_BETA_050::Q0::weighted_proportional,13,0,True,RECOVERABLE_ALLOCATION_EXTERNALITY,0.0429735577246,0.0671854145302,42.9735577246,67.1854145302
DF_SINGLE_P021::CLUSTERED_SHORTFALL::THETA_0000::EXTERNALITY_CF_BETA_050::Q0::weighted_proportional,14,0,True,RECOVERABLE_ALLOCATION_EXTERNALITY,0.0425674344427,0.0728474260086,42.5674344427,72.8474260086
DF_SINGLE_P021::CLUSTERED_SHORTFALL::THETA_0000::EXTERNALITY_CF_BETA_050::Q0::weighted_proportional,15,0,True,RECOVERABLE_ALLOCATION_EXTERNALITY,0.0275297740961,0.0542661121815,27.5297740961,54.2661121815
DF_SINGLE_P021::CLUSTERED_SHORTFALL::THETA_0000::EXTERNALITY_CF_BETA_050::Q0::weighted_proportional,16,0,True,RECOVERABLE_ALLOCATION_EXTERNALITY,0.0300097682107,0.0600329437711,30.0097682107,60.0329437711
DF_SINGLE_P021::CLUSTERED_SHORTFALL::THETA_0000::EXTERNALITY_CF_BETA_050::Q0::equal_kw_reduction,1,0,True,RECOVERABLE_ALLOCATION_EXTERNALITY,0.0215734842827,0.0514523073584,21.5734842827,51.4523073584
DF_SINGLE_P021::CLUSTERED_SHORTFALL::THETA_0000::EXTERNALITY_CF_BETA_050::Q0::equal_kw_reduction,2,0,True,RECOVERABLE_ALLOCATION_EXTERNALITY,0.0245551073563,0.0505462004572,24.5551073563,50.5462004572
DF_SINGLE_P021::CLUSTERED_SHORTFALL::THETA_0000::EXTERNALITY_CF_BETA_050::Q0::equal_kw_reduction,3,0,True,RECOVERABLE_ALLOCATION_EXTERNALITY,0.0079533519244,0.0299999906965,7.9533519244,29.9999906965
DF_SINGLE_P021::CLUSTERED_SHORTFALL::THETA_0000::EXTERNALITY_CF_BETA_050::Q0::equal_kw_reduction,4,0,True,RECOVERABLE_ALLOCATION_EXTERNALITY,0.0206175389748,0.0375144499303,20.6175389748,37.5144499303
DF_SINGLE_P021::CLUSTERED_SHORTFALL::THETA_0000::EXTERNALITY_CF_BETA_050::Q0::equal_kw_reduction,5,0,True,RECOVERABLE_ALLOCATION_EXTERNALITY,0.029741365627,0.0506965171093,29.741365627,50.6965171093
DF_SINGLE_P021::CLUSTERED_SHORTFALL::THETA_0000::EXTERNALITY_CF_BETA_050::Q0::equal_kw_reduction,6,0,True,RECOVERABLE_ALLOCATION_EXTERNALITY,0.0201188236895,0.0396573422262,20.1188236895,39.6573422262
DF_SINGLE_P021::CLUSTERED_SHORTFALL::THETA_0000::EXTERNALITY_CF_BETA_050::Q0::equal_kw_reduction,7,0,True,RECOVERABLE_ALLOCATION_EXTERNALITY,0.0156679809581,0.0357042388046,15.6679809581,35.7042388046
DF_SINGLE_P021::CLUSTERED_SHORTFALL::THETA_0000::EXTERNALITY_CF_BETA_050::Q0::equal_kw_reduction,8,0,True,RECOVERABLE_ALLOCATION_EXTERNALITY,0.011596148192,0.0283115290894,11.596148192,28.3115290894
DF_SINGLE_P021::CLUSTERED_SHORTFALL::THETA_0000::EXTERNALITY_CF_BETA_050::Q0::equal_kw_reduction,9,0,True,RECOVERABLE_ALLOCATION_EXTERNALITY,0.0166155810308,0.0344672103647,16.6155810308,34.4672103647
DF_SINGLE_P021::CLUSTERED_SHORTFALL::THETA_0000::EXTERNALITY_CF_BETA_050::Q0::equal_kw_reduction,10,0,True,RECOVERABLE_ALLOCATION_EXTERNALITY,0.0174019727972,0.0330611315448,17.4019727972,33.0611315448
DF_SINGLE_P021::CLUSTERED_SHORTFALL::THETA_0000::EXTERNALITY_CF_BETA_050::Q0::equal_kw_reduction,11,0,True,RECOVERABLE_ALLOCATION_EXTERNALITY,0.0166439550946,0.0397195856854,16.6439550946,39.7195856854
DF_SINGLE_P021::CLUSTERED_SHORTFALL::THETA_0000::EXTERNALITY_CF_BETA_050::Q0::equal_kw_reduction,12,0,True,RECOVERABLE_ALLOCATION_EXTERNALITY,0.0203585480744,0.0379898522736,20.3585480744,37.9898522736
DF_SINGLE_P021::CLUSTERED_SHORTFALL::THETA_0000::EXTERNALITY_CF_BETA_050::Q0::equal_kw_reduction,13,0,True,RECOVERABLE_ALLOCATION_EXTERNALITY,0.0230899250755,0.0435643966846,23.0899250755,43.5643966846
DF_SINGLE_P021::CLUSTERED_SHORTFALL::THETA_0000::EXTERNALITY_CF_BETA_050::Q0::equal_kw_reduction,14,0,True,RECOVERABLE_ALLOCATION_EXTERNALITY,0.0233415873947,0.0447183771062,23.3415873947,44.7183771062
DF_SINGLE_P021::CLUSTERED_SHORTFALL::THETA_0000::EXTERNALITY_CF_BETA_050::Q0::equal_kw_reduction,15,0,True,RECOVERABLE_ALLOCATION_EXTERNALITY,0.014134727683,0.0381638692916,14.134727683,38.1638692916
DF_SINGLE_P021::CLUSTERED_SHORTFALL::THETA_0000::EXTERNALITY_CF_BETA_050::Q0::equal_kw_reduction,16,0,True,RECOVERABLE_ALLOCATION_EXTERNALITY,0.0190482610583,0.0348416064093,19.0482610583,34.8416064093
DF_SINGLE_P021::CLUSTERED_SHORTFALL::THETA_0000::EXTERNALITY_CF_BETA_050::Q0::flat_level,1,0,True,RECOVERABLE_ALLOCATION_EXTERNALITY,0.139214964596,0.139214964596,139.214964596,139.214964596
DF_SINGLE_P021::CLUSTERED_SHORTFALL::THETA_0000::EXTERNALITY_CF_BETA_050::Q0::flat_level,2,0,True,RECOVERABLE_ALLOCATION_EXTERNALITY,0.141707706106,0.141707706106,141.707706106,141.707706106
DF_SINGLE_P021::CLUSTERED_SHORTFALL::THETA_0000::EXTERNALITY_CF_BETA_050::Q0::flat_level,3,0,True,RECOVERABLE_ALLOCATION_EXTERNALITY,0.128067652788,0.128067652788,128.067652788,128.067652788
DF_SINGLE_P021::CLUSTERED_SHORTFALL::THETA_0000::EXTERNALITY_CF_BETA_050::Q0::flat_level,4,0,True,RECOVERABLE_ALLOCATION_EXTERNALITY,0.0734144575311,0.0734144575311,73.4144575311,73.4144575311
DF_SINGLE_P021::CLUSTERED_SHORTFALL::THETA_0000::EXTERNALITY_CF_BETA_050::Q0::flat_level,5,0,True,RECOVERABLE_ALLOCATION_EXTERNALITY,0.0656082216117,0.0656082216117,65.6082216117,65.6082216117
DF_SINGLE_P021::CLUSTERED_SHORTFALL::THETA_0000::EXTERNALITY_CF_BETA_050::Q0::flat_level,6,0,True,RECOVERABLE_ALLOCATION_EXTERNALITY,0.0114330057828,0.0114330057828,11.4330057828,11.4330057828
DF_SINGLE_P021::CLUSTERED_SHORTFALL::THETA_0000::EXTERNALITY_CF_BETA_050::Q0::flat_level,7,0,True,RECOVERABLE_ALLOCATION_EXTERNALITY,0.0690087963595,0.0690087963595,69.0087963595,69.0087963595
DF_SINGLE_P021::CLUSTERED_SHORTFALL::THETA_0000::EXTERNALITY_CF_BETA_050::Q0::flat_level,8,0,True,RECOVERABLE_ALLOCATION_EXTERNALITY,0.0642470387944,0.0642470387944,64.2470387944,64.2470387944
DF_SINGLE_P021::CLUSTERED_SHORTFALL::THETA_0000::EXTERNALITY_CF_BETA_050::Q0::flat_level,9,0,True,RECOVERABLE_ALLOCATION_EXTERNALITY,0.076964859558,0.076964859558,76.964859558,76.964859558
DF_SINGLE_P021::CLUSTERED_SHORTFALL::THETA_0000::EXTERNALITY_CF_BETA_050::Q0::flat_level,10,0,True,RECOVERABLE_ALLOCATION_EXTERNALITY,0.10092427679,0.10092427679,100.92427679,100.92427679
DF_SINGLE_P021::CLUSTERED_SHORTFALL::THETA_0000::EXTERNALITY_CF_BETA_050::Q0::flat_level,11,0,True,RECOVERABLE_ALLOCATION_EXTERNALITY,0.0969456162393,0.0969456162393,96.9456162393,96.9456162393
DF_SINGLE_P021::CLUSTERED_SHORTFALL::THETA_0000::EXTERNALITY_CF_BETA_050::Q0::flat_level,12,0,True,RECOVERABLE_ALLOCATION_EXTERNALITY,0.123576838243,0.123576838243,123.576838243,123.576838243
DF_SINGLE_P021::CLUSTERED_SHORTFALL::THETA_0000::EXTERNALITY_CF_BETA_050::Q0::flat_level,13,0,True,RECOVERABLE_ALLOCATION_EXTERNALITY,0.0806776372909,0.0806776372909,80.6776372909,80.6776372909
DF_SINGLE_P021::CLUSTERED_SHORTFALL::THETA_0000::EXTERNALITY_CF_BETA_050::Q0::flat_level,14,0,True,RECOVERABLE_ALLOCATION_EXTERNALITY,0.110183089363,0.110183089363,110.183089363,110.183089363
DF_SINGLE_P021::CLUSTERED_SHORTFALL::THETA_0000::EXTERNALITY_CF_BETA_050::Q0::flat_level,15,0,True,RECOVERABLE_ALLOCATION_EXTERNALITY,0.0756350154776,0.0756350154776,75.6350154776,75.6350154776
DF_SINGLE_P021::CLUSTERED_SHORTFALL::THETA_0000::EXTERNALITY_CF_BETA_050::Q0::flat_level,16,0,True,RECOVERABLE_ALLOCATION_EXTERNALITY,0.0927395910917,0.0927395910917,92.7395910917,92.7395910917
DF_SINGLE_P021::CLUSTERED_SHORTFALL::THETA_0000::EXTERNALITY_CF_BETA_050::Q0::max_export_lp,1,0,True,RECOVERABLE_ALLOCATION_EXTERNALITY,0.0420665891881,0.0420665891881,42.0665891881,42.0665891881
DF_SINGLE_P021::CLUSTERED_SHORTFALL::THETA_0000::EXTERNALITY_CF_BETA_050::Q0::max_export_lp,2,0,True,RECOVERABLE_ALLOCATION_EXTERNALITY,0.0329451530932,0.0329451530932,32.9451530932,32.9451530932
DF_SINGLE_P021::CLUSTERED_SHORTFALL::THETA_0000::EXTERNALITY_CF_BETA_050::Q0::max_export_lp,3,0,True,RECOVERABLE_ALLOCATION_EXTERNALITY,0.0190680316281,0.0190680316281,19.0680316281,19.0680316281
DF_SINGLE_P021::CLUSTERED_SHORTFALL::THETA_0000::EXTERNALITY_CF_BETA_050::Q0::max_export_lp,4,0,True,RECOVERABLE_ALLOCATION_EXTERNALITY,0.0339106160413,0.0339106160413,33.9106160413,33.9106160413
DF_SINGLE_P021::CLUSTERED_SHORTFALL::THETA_0000::EXTERNALITY_CF_BETA_050::Q0::max_export_lp,5,0,True,RECOVERABLE_ALLOCATION_EXTERNALITY,0.052244073003,0.052244073003,52.244073003,52.244073003
DF_SINGLE_P021::CLUSTERED_SHORTFALL::THETA_0000::EXTERNALITY_CF_BETA_050::Q0::max_export_lp,6,0,True,RECOVERABLE_ALLOCATION_EXTERNALITY,0.0408986043459,0.0408986043461,40.8986043459,40.8986043461
DF_SINGLE_P021::CLUSTERED_SHORTFALL::THETA_0000::EXTERNALITY_CF_BETA_050::Q0::max_export_lp,7,0,True,RECOVERABLE_ALLOCATION_EXTERNALITY,0.0333166781568,0.0333166781575,33.3166781568,33.3166781575
DF_SINGLE_P021::CLUSTERED_SHORTFALL::THETA_0000::EXTERNALITY_CF_BETA_050::Q0::max_export_lp,8,0,True,RECOVERABLE_ALLOCATION_EXTERNALITY,0.0164885240681,0.0164885240693,16.4885240681,16.4885240693
DF_SINGLE_P021::CLUSTERED_SHORTFALL::THETA_0000::EXTERNALITY_CF_BETA_050::Q0::max_export_lp,9,0,True,RECOVERABLE_ALLOCATION_EXTERNALITY,0.0208631601614,0.0208631601732,20.8631601614,20.8631601732
DF_SINGLE_P021::CLUSTERED_SHORTFALL::THETA_0000::EXTERNALITY_CF_BETA_050::Q0::max_export_lp,10,0,True,RECOVERABLE_ALLOCATION_EXTERNALITY,0.0183992570559,0.0183992570561,18.3992570559,18.3992570561
DF_SINGLE_P021::CLUSTERED_SHORTFALL::THETA_0000::EXTERNALITY_CF_BETA_050::Q0::max_export_lp,11,0,True,RECOVERABLE_ALLOCATION_EXTERNALITY,0.0290478491059,0.0290478491085,29.0478491059,29.0478491085
DF_SINGLE_P021::CLUSTERED_SHORTFALL::THETA_0000::EXTERNALITY_CF_BETA_050::Q0::max_export_lp,12,0,True,RECOVERABLE_ALLOCATION_EXTERNALITY,0.0302597424714,0.0302597424715,30.2597424714,30.2597424715
DF_SINGLE_P021::CLUSTERED_SHORTFALL::THETA_0000::EXTERNALITY_CF_BETA_050::Q0::max_export_lp,13,0,True,RECOVERABLE_ALLOCATION_EXTERNALITY,0.0394164330435,0.0394164330435,39.4164330435,39.4164330435
DF_SINGLE_P021::CLUSTERED_SHORTFALL::THETA_0000::EXTERNALITY_CF_BETA_050::Q0::max_export_lp,14,0,True,RECOVERABLE_ALLOCATION_EXTERNALITY,0.0382415458059,0.0382415458127,38.2415458059,38.2415458127
DF_SINGLE_P021::CLUSTERED_SHORTFALL::THETA_0000::EXTERNALITY_CF_BETA_050::Q0::max_export_lp,15,0,True,RECOVERABLE_ALLOCATION_EXTERNALITY,0.0294222853742,0.0294222853774,29.4222853742,29.4222853774
DF_SINGLE_P021::CLUSTERED_SHORTFALL::THETA_0000::EXTERNALITY_CF_BETA_050::Q0::max_export_lp,16,0,True,RECOVERABLE_ALLOCATION_EXTERNALITY,0.032304269687,0.0323042696971,32.304269687,32.3042696971
DF_SINGLE_P021::CLUSTERED_SHORTFALL::THETA_0000::EXTERNALITY_CF_BETA_050::Q0::fairness_qp,1,0,True,RECOVERABLE_ALLOCATION_EXTERNALITY,0.0144437099066,0.038398696479,14.4437099066,38.398696479
DF_SINGLE_P021::CLUSTERED_SHORTFALL::THETA_0000::EXTERNALITY_CF_BETA_050::Q0::fairness_qp,2,0,True,RECOVERABLE_ALLOCATION_EXTERNALITY,0.0217179067936,0.0392296380377,21.7179067936,39.2296380377
DF_SINGLE_P021::CLUSTERED_SHORTFALL::THETA_0000::EXTERNALITY_CF_BETA_050::Q0::fairness_qp,3,0,True,RECOVERABLE_ALLOCATION_EXTERNALITY,0.0197005910384,0.0286002800667,19.7005910384,28.6002800667
DF_SINGLE_P021::CLUSTERED_SHORTFALL::THETA_0000::EXTERNALITY_CF_BETA_050::Q0::fairness_qp,4,0,True,RECOVERABLE_ALLOCATION_EXTERNALITY,0.0327918853531,0.0507853712422,32.7918853531,50.7853712422
DF_SINGLE_P021::CLUSTERED_SHORTFALL::THETA_0000::EXTERNALITY_CF_BETA_050::Q0::fairness_qp,5,0,True,RECOVERABLE_ALLOCATION_EXTERNALITY,0.0402972230076,0.0519435712785,40.2972230076,51.9435712785
DF_SINGLE_P021::CLUSTERED_SHORTFALL::THETA_0000::EXTERNALITY_CF_BETA_050::Q0::fairness_qp,6,0,True,RECOVERABLE_ALLOCATION_EXTERNALITY,0.0387273116322,0.0475745879437,38.7273116322,47.5745879437
DF_SINGLE_P021::CLUSTERED_SHORTFALL::THETA_0000::EXTERNALITY_CF_BETA_050::Q0::fairness_qp,7,0,True,RECOVERABLE_ALLOCATION_EXTERNALITY,0.0315076118377,0.0411629940165,31.5076118377,41.1629940165
DF_SINGLE_P021::CLUSTERED_SHORTFALL::THETA_0000::EXTERNALITY_CF_BETA_050::Q0::fairness_qp,8,0,True,RECOVERABLE_ALLOCATION_EXTERNALITY,0.0227021668099,0.0332607775314,22.7021668099,33.2607775314
DF_SINGLE_P021::CLUSTERED_SHORTFALL::THETA_0000::EXTERNALITY_CF_BETA_050::Q0::fairness_qp,9,0,True,RECOVERABLE_ALLOCATION_EXTERNALITY,0.032101425985,0.0401887593497,32.101425985,40.1887593497
DF_SINGLE_P021::CLUSTERED_SHORTFALL::THETA_0000::EXTERNALITY_CF_BETA_050::Q0::fairness_qp,10,0,True,RECOVERABLE_ALLOCATION_EXTERNALITY,0.0233970638065,0.0366028884881,23.3970638065,36.6028884881
DF_SINGLE_P021::CLUSTERED_SHORTFALL::THETA_0000::EXTERNALITY_CF_BETA_050::Q0::fairness_qp,11,0,True,RECOVERABLE_ALLOCATION_EXTERNALITY,0.0129505925057,0.0236616233223,12.9505925057,23.6616233223
DF_SINGLE_P021::CLUSTERED_SHORTFALL::THETA_0000::EXTERNALITY_CF_BETA_050::Q0::fairness_qp,12,0,True,RECOVERABLE_ALLOCATION_EXTERNALITY,0.0163482765368,0.0348702881199,16.3482765368,34.8702881199
DF_SINGLE_P021::CLUSTERED_SHORTFALL::THETA_0000::EXTERNALITY_CF_BETA_050::Q0::fairness_qp,13,0,True,RECOVERABLE_ALLOCATION_EXTERNALITY,0.0149895152028,0.0353095679125,14.9895152028,35.3095679125
DF_SINGLE_P021::CLUSTERED_SHORTFALL::THETA_0000::EXTERNALITY_CF_BETA_050::Q0::fairness_qp,14,0,True,RECOVERABLE_ALLOCATION_EXTERNALITY,0.0185402863542,0.0363669820766,18.5402863542,36.3669820766
DF_SINGLE_P021::CLUSTERED_SHORTFALL::THETA_0000::EXTERNALITY_CF_BETA_050::Q0::fairness_qp,15,0,True,RECOVERABLE_ALLOCATION_EXTERNALITY,0.00605269532196,0.0293172757544,6.05269532196,29.3172757544
DF_SINGLE_P021::CLUSTERED_SHORTFALL::THETA_0000::EXTERNALITY_CF_BETA_050::Q0::fairness_qp,16,0,True,RECOVERABLE_ALLOCATION_EXTERNALITY,0.0170442413716,0.0364556302018,17.0442413716,36.4556302018
DF_SINGLE_P021::CLUSTERED_SHORTFALL::THETA_0000::EXTERNALITY_CF_BETA_050::Q95::weighted_proportional,1,0,True,RECOVERABLE_ALLOCATION_EXTERNALITY,0.0388906223524,0.0759323506746,38.8906223524,75.9323506746
DF_SINGLE_P021::CLUSTERED_SHORTFALL::THETA_0000::EXTERNALITY_CF_BETA_050::Q95::weighted_proportional,2,0,True,RECOVERABLE_ALLOCATION_EXTERNALITY,0.0376013076601,0.0728814742652,37.6013076601,72.8814742652
DF_SINGLE_P021::CLUSTERED_SHORTFALL::THETA_0000::EXTERNALITY_CF_BETA_050::Q95::weighted_proportional,3,0,True,RECOVERABLE_ALLOCATION_EXTERNALITY,0.0263082985445,0.0560228470462,26.3082985445,56.0228470462
DF_SINGLE_P021::CLUSTERED_SHORTFALL::THETA_0000::EXTERNALITY_CF_BETA_050::Q95::weighted_proportional,4,0,True,RECOVERABLE_ALLOCATION_EXTERNALITY,0.0385124723508,0.0584649086872,38.5124723508,58.4649086872
DF_SINGLE_P021::CLUSTERED_SHORTFALL::THETA_0000::EXTERNALITY_CF_BETA_050::Q95::weighted_proportional,5,0,True,RECOVERABLE_ALLOCATION_EXTERNALITY,0.0327844453184,0.0716530371419,32.7844453184,71.6530371419
DF_SINGLE_P021::CLUSTERED_SHORTFALL::THETA_0000::EXTERNALITY_CF_BETA_050::Q95::weighted_proportional,6,0,True,RECOVERABLE_ALLOCATION_EXTERNALITY,0.0164497187031,0.0528767762261,16.4497187031,52.8767762261
DF_SINGLE_P021::CLUSTERED_SHORTFALL::THETA_0000::EXTERNALITY_CF_BETA_050::Q95::weighted_proportional,7,0,True,RECOVERABLE_ALLOCATION_EXTERNALITY,0.0170655544268,0.0550862957164,17.0655544268,55.0862957164
DF_SINGLE_P021::CLUSTERED_SHORTFALL::THETA_0000::EXTERNALITY_CF_BETA_050::Q95::weighted_proportional,8,0,True,RECOVERABLE_ALLOCATION_EXTERNALITY,0.0211009908822,0.0541570489158,21.1009908822,54.1570489158
DF_SINGLE_P021::CLUSTERED_SHORTFALL::THETA_0000::EXTERNALITY_CF_BETA_050::Q95::weighted_proportional,9,0,True,RECOVERABLE_ALLOCATION_EXTERNALITY,0.0188220880051,0.0543105944718,18.8220880051,54.3105944718
DF_SINGLE_P021::CLUSTERED_SHORTFALL::THETA_0000::EXTERNALITY_CF_BETA_050::Q95::weighted_proportional,10,0,True,RECOVERABLE_ALLOCATION_EXTERNALITY,0.0324465704661,0.0639550789982,32.4465704661,63.9550789982
DF_SINGLE_P021::CLUSTERED_SHORTFALL::THETA_0000::EXTERNALITY_CF_BETA_050::Q95::weighted_proportional,11,0,True,RECOVERABLE_ALLOCATION_EXTERNALITY,0.0497460978296,0.0653158711787,49.7460978296,65.3158711787
DF_SINGLE_P021::CLUSTERED_SHORTFALL::THETA_0000::EXTERNALITY_CF_BETA_050::Q95::weighted_proportional,12,0,True,RECOVERABLE_ALLOCATION_EXTERNALITY,0.0473600107192,0.073207131036,47.3600107192,73.207131036
DF_SINGLE_P021::CLUSTERED_SHORTFALL::THETA_0000::EXTERNALITY_CF_BETA_050::Q95::weighted_proportional,13,0,True,RECOVERABLE_ALLOCATION_EXTERNALITY,0.0429735577253,0.067185414531,42.9735577253,67.185414531
DF_SINGLE_P021::CLUSTERED_SHORTFALL::THETA_0000::EXTERNALITY_CF_BETA_050::Q95::weighted_proportional,14,0,True,RECOVERABLE_ALLOCATION_EXTERNALITY,0.0425674344431,0.0728474260091,42.5674344431,72.8474260091
DF_SINGLE_P021::CLUSTERED_SHORTFALL::THETA_0000::EXTERNALITY_CF_BETA_050::Q95::weighted_proportional,15,0,True,RECOVERABLE_ALLOCATION_EXTERNALITY,0.027529774096,0.0542661121813,27.529774096,54.2661121813
DF_SINGLE_P021::CLUSTERED_SHORTFALL::THETA_0000::EXTERNALITY_CF_BETA_050::Q95::weighted_proportional,16,0,True,RECOVERABLE_ALLOCATION_EXTERNALITY,0.0300097682099,0.0600329437703,30.0097682099,60.0329437703
DF_SINGLE_P021::CLUSTERED_SHORTFALL::THETA_0000::EXTERNALITY_CF_BETA_050::Q95::equal_kw_reduction,1,0,True,RECOVERABLE_ALLOCATION_EXTERNALITY,0.0215734842827,0.0514523073584,21.5734842827,51.4523073584
DF_SINGLE_P021::CLUSTERED_SHORTFALL::THETA_0000::EXTERNALITY_CF_BETA_050::Q95::equal_kw_reduction,2,0,True,RECOVERABLE_ALLOCATION_EXTERNALITY,0.0245551073563,0.0505462004572,24.5551073563,50.5462004572
DF_SINGLE_P021::CLUSTERED_SHORTFALL::THETA_0000::EXTERNALITY_CF_BETA_050::Q95::equal_kw_reduction,3,0,True,RECOVERABLE_ALLOCATION_EXTERNALITY,0.0079533519244,0.0299999906965,7.9533519244,29.9999906965
DF_SINGLE_P021::CLUSTERED_SHORTFALL::THETA_0000::EXTERNALITY_CF_BETA_050::Q95::equal_kw_reduction,4,0,True,RECOVERABLE_ALLOCATION_EXTERNALITY,0.0206175389748,0.0375144499303,20.6175389748,37.5144499303
DF_SINGLE_P021::CLUSTERED_SHORTFALL::THETA_0000::EXTERNALITY_CF_BETA_050::Q95::equal_kw_reduction,5,0,True,RECOVERABLE_ALLOCATION_EXTERNALITY,0.029741365627,0.0506965171093,29.741365627,50.6965171093
DF_SINGLE_P021::CLUSTERED_SHORTFALL::THETA_0000::EXTERNALITY_CF_BETA_050::Q95::equal_kw_reduction,6,0,True,RECOVERABLE_ALLOCATION_EXTERNALITY,0.0201188236895,0.0396573422262,20.1188236895,39.6573422262
DF_SINGLE_P021::CLUSTERED_SHORTFALL::THETA_0000::EXTERNALITY_CF_BETA_050::Q95::equal_kw_reduction,7,0,True,RECOVERABLE_ALLOCATION_EXTERNALITY,0.0156679809581,0.0357042388046,15.6679809581,35.7042388046
DF_SINGLE_P021::CLUSTERED_SHORTFALL::THETA_0000::EXTERNALITY_CF_BETA_050::Q95::equal_kw_reduction,8,0,True,RECOVERABLE_ALLOCATION_EXTERNALITY,0.011596148192,0.0283115290894,11.596148192,28.3115290894
DF_SINGLE_P021::CLUSTERED_SHORTFALL::THETA_0000::EXTERNALITY_CF_BETA_050::Q95::equal_kw_reduction,9,0,True,RECOVERABLE_ALLOCATION_EXTERNALITY,0.0166155810308,0.0344672103647,16.6155810308,34.4672103647
DF_SINGLE_P021::CLUSTERED_SHORTFALL::THETA_0000::EXTERNALITY_CF_BETA_050::Q95::equal_kw_reduction,10,0,True,RECOVERABLE_ALLOCATION_EXTERNALITY,0.0174019727972,0.0330611315448,17.4019727972,33.0611315448
DF_SINGLE_P021::CLUSTERED_SHORTFALL::THETA_0000::EXTERNALITY_CF_BETA_050::Q95::equal_kw_reduction,11,0,True,RECOVERABLE_ALLOCATION_EXTERNALITY,0.0166439550946,0.0397195856854,16.6439550946,39.7195856854
DF_SINGLE_P021::CLUSTERED_SHORTFALL::THETA_0000::EXTERNALITY_CF_BETA_050::Q95::equal_kw_reduction,12,0,True,RECOVERABLE_ALLOCATION_EXTERNALITY,0.0203585480744,0.0379898522736,20.3585480744,37.9898522736
DF_SINGLE_P021::CLUSTERED_SHORTFALL::THETA_0000::EXTERNALITY_CF_BETA_050::Q95::equal_kw_reduction,13,0,True,RECOVERABLE_ALLOCATION_EXTERNALITY,0.0230899250755,0.0435643966846,23.0899250755,43.5643966846
DF_SINGLE_P021::CLUSTERED_SHORTFALL::THETA_0000::EXTERNALITY_CF_BETA_050::Q95::equal_kw_reduction,14,0,True,RECOVERABLE_ALLOCATION_EXTERNALITY,0.0233415873947,0.0447183771062,23.3415873947,44.7183771062
DF_SINGLE_P021::CLUSTERED_SHORTFALL::THETA_0000::EXTERNALITY_CF_BETA_050::Q95::equal_kw_reduction,15,0,True,RECOVERABLE_ALLOCATION_EXTERNALITY,0.014134727683,0.0381638692916,14.134727683,38.1638692916
DF_SINGLE_P021::CLUSTERED_SHORTFALL::THETA_0000::EXTERNALITY_CF_BETA_050::Q95::equal_kw_reduction,16,0,True,RECOVERABLE_ALLOCATION_EXTERNALITY,0.0190482610583,0.0348416064093,19.0482610583,34.8416064093
DF_SINGLE_P021::CLUSTERED_SHORTFALL::THETA_0000::EXTERNALITY_CF_BETA_050::Q95::flat_level,1,0,True,RECOVERABLE_ALLOCATION_EXTERNALITY,0.139214964596,0.139214964596,139.214964596,139.214964596
DF_SINGLE_P021::CLUSTERED_SHORTFALL::THETA_0000::EXTERNALITY_CF_BETA_050::Q95::flat_level,2,0,True,RECOVERABLE_ALLOCATION_EXTERNALITY,0.141707706106,0.141707706106,141.707706106,141.707706106
DF_SINGLE_P021::CLUSTERED_SHORTFALL::THETA_0000::EXTERNALITY_CF_BETA_050::Q95::flat_level,3,0,True,RECOVERABLE_ALLOCATION_EXTERNALITY,0.128067652788,0.128067652788,128.067652788,128.067652788
DF_SINGLE_P021::CLUSTERED_SHORTFALL::THETA_0000::EXTERNALITY_CF_BETA_050::Q95::flat_level,4,0,True,RECOVERABLE_ALLOCATION_EXTERNALITY,0.0734144575311,0.0734144575311,73.4144575311,73.4144575311
DF_SINGLE_P021::CLUSTERED_SHORTFALL::THETA_0000::EXTERNALITY_CF_BETA_050::Q95::flat_level,5,0,True,RECOVERABLE_ALLOCATION_EXTERNALITY,0.0656082216117,0.0656082216117,65.6082216117,65.6082216117
DF_SINGLE_P021::CLUSTERED_SHORTFALL::THETA_0000::EXTERNALITY_CF_BETA_050::Q95::flat_level,6,0,True,RECOVERABLE_ALLOCATION_EXTERNALITY,0.0114330057828,0.0114330057828,11.4330057828,11.4330057828
DF_SINGLE_P021::CLUSTERED_SHORTFALL::THETA_0000::EXTERNALITY_CF_BETA_050::Q95::flat_level,7,0,True,RECOVERABLE_ALLOCATION_EXTERNALITY,0.0690087963595,0.0690087963595,69.0087963595,69.0087963595
DF_SINGLE_P021::CLUSTERED_SHORTFALL::THETA_0000::EXTERNALITY_CF_BETA_050::Q95::flat_level,8,0,True,RECOVERABLE_ALLOCATION_EXTERNALITY,0.0642470387944,0.0642470387944,64.2470387944,64.2470387944
DF_SINGLE_P021::CLUSTERED_SHORTFALL::THETA_0000::EXTERNALITY_CF_BETA_050::Q95::flat_level,9,0,True,RECOVERABLE_ALLOCATION_EXTERNALITY,0.076964859558,0.076964859558,76.964859558,76.964859558
DF_SINGLE_P021::CLUSTERED_SHORTFALL::THETA_0000::EXTERNALITY_CF_BETA_050::Q95::flat_level,10,0,True,RECOVERABLE_ALLOCATION_EXTERNALITY,0.10092427679,0.10092427679,100.92427679,100.92427679
DF_SINGLE_P021::CLUSTERED_SHORTFALL::THETA_0000::EXTERNALITY_CF_BETA_050::Q95::flat_level,11,0,True,RECOVERABLE_ALLOCATION_EXTERNALITY,0.0969456162393,0.0969456162393,96.9456162393,96.9456162393
DF_SINGLE_P021::CLUSTERED_SHORTFALL::THETA_0000::EXTERNALITY_CF_BETA_050::Q95::flat_level,12,0,True,RECOVERABLE_ALLOCATION_EXTERNALITY,0.123576838243,0.123576838243,123.576838243,123.576838243
DF_SINGLE_P021::CLUSTERED_SHORTFALL::THETA_0000::EXTERNALITY_CF_BETA_050::Q95::flat_level,13,0,True,RECOVERABLE_ALLOCATION_EXTERNALITY,0.0806776372909,0.0806776372909,80.6776372909,80.6776372909
DF_SINGLE_P021::CLUSTERED_SHORTFALL::THETA_0000::EXTERNALITY_CF_BETA_050::Q95::flat_level,14,0,True,RECOVERABLE_ALLOCATION_EXTERNALITY,0.110183089363,0.110183089363,110.183089363,110.183089363
DF_SINGLE_P021::CLUSTERED_SHORTFALL::THETA_0000::EXTERNALITY_CF_BETA_050::Q95::flat_level,15,0,True,RECOVERABLE_ALLOCATION_EXTERNALITY,0.0756350154776,0.0756350154776,75.6350154776,75.6350154776
DF_SINGLE_P021::CLUSTERED_SHORTFALL::THETA_0000::EXTERNALITY_CF_BETA_050::Q95::flat_level,16,0,True,RECOVERABLE_ALLOCATION_EXTERNALITY,0.0927395910917,0.0927395910917,92.7395910917,92.7395910917
DF_SINGLE_P021::CLUSTERED_SHORTFALL::THETA_0000::EXTERNALITY_CF_BETA_050::Q95::max_export_lp,1,0,True,RECOVERABLE_ALLOCATION_EXTERNALITY,0.0420665973547,0.0420665973548,42.0665973547,42.0665973548
DF_SINGLE_P021::CLUSTERED_SHORTFALL::THETA_0000::EXTERNALITY_CF_BETA_050::Q95::max_export_lp,2,0,True,RECOVERABLE_ALLOCATION_EXTERNALITY,0.0329451059324,0.0329451059324,32.9451059324,32.9451059324
DF_SINGLE_P021::CLUSTERED_SHORTFALL::THETA_0000::EXTERNALITY_CF_BETA_050::Q95::max_export_lp,3,0,True,RECOVERABLE_ALLOCATION_EXTERNALITY,0.0190679626274,0.0190679626275,19.0679626274,19.0679626275
DF_SINGLE_P021::CLUSTERED_SHORTFALL::THETA_0000::EXTERNALITY_CF_BETA_050::Q95::max_export_lp,4,0,True,RECOVERABLE_ALLOCATION_EXTERNALITY,0.0339106942582,0.0339106942582,33.9106942582,33.9106942582
DF_SINGLE_P021::CLUSTERED_SHORTFALL::THETA_0000::EXTERNALITY_CF_BETA_050::Q95::max_export_lp,5,0,True,RECOVERABLE_ALLOCATION_EXTERNALITY,0.0522440857453,0.0522440857458,52.2440857453,52.2440857458
DF_SINGLE_P021::CLUSTERED_SHORTFALL::THETA_0000::EXTERNALITY_CF_BETA_050::Q95::max_export_lp,6,0,True,RECOVERABLE_ALLOCATION_EXTERNALITY,0.0408986034679,0.0408986034699,40.8986034679,40.8986034699
DF_SINGLE_P021::CLUSTERED_SHORTFALL::THETA_0000::EXTERNALITY_CF_BETA_050::Q95::max_export_lp,7,0,True,RECOVERABLE_ALLOCATION_EXTERNALITY,0.0333166846281,0.0333166846328,33.3166846281,33.3166846328
DF_SINGLE_P021::CLUSTERED_SHORTFALL::THETA_0000::EXTERNALITY_CF_BETA_050::Q95::max_export_lp,8,0,True,RECOVERABLE_ALLOCATION_EXTERNALITY,0.0164883952867,0.0164883952868,16.4883952867,16.4883952868
DF_SINGLE_P021::CLUSTERED_SHORTFALL::THETA_0000::EXTERNALITY_CF_BETA_050::Q95::max_export_lp,9,0,True,RECOVERABLE_ALLOCATION_EXTERNALITY,0.0208631602689,0.0208631602714,20.8631602689,20.8631602714
DF_SINGLE_P021::CLUSTERED_SHORTFALL::THETA_0000::EXTERNALITY_CF_BETA_050::Q95::max_export_lp,10,0,True,RECOVERABLE_ALLOCATION_EXTERNALITY,0.0183992440034,0.0183992440034,18.3992440034,18.3992440034
DF_SINGLE_P021::CLUSTERED_SHORTFALL::THETA_0000::EXTERNALITY_CF_BETA_050::Q95::max_export_lp,11,0,True,RECOVERABLE_ALLOCATION_EXTERNALITY,0.0290478164164,0.0290478164164,29.0478164164,29.0478164164
DF_SINGLE_P021::CLUSTERED_SHORTFALL::THETA_0000::EXTERNALITY_CF_BETA_050::Q95::max_export_lp,12,0,True,RECOVERABLE_ALLOCATION_EXTERNALITY,0.0302597703974,0.0302597703976,30.2597703974,30.2597703976
DF_SINGLE_P021::CLUSTERED_SHORTFALL::THETA_0000::EXTERNALITY_CF_BETA_050::Q95::max_export_lp,13,0,True,RECOVERABLE_ALLOCATION_EXTERNALITY,0.0394164412161,0.0394164412168,39.4164412161,39.4164412168
DF_SINGLE_P021::CLUSTERED_SHORTFALL::THETA_0000::EXTERNALITY_CF_BETA_050::Q95::max_export_lp,14,0,True,RECOVERABLE_ALLOCATION_EXTERNALITY,0.0382416108888,0.0382416108889,38.2416108888,38.2416108889
DF_SINGLE_P021::CLUSTERED_SHORTFALL::THETA_0000::EXTERNALITY_CF_BETA_050::Q95::max_export_lp,15,0,True,RECOVERABLE_ALLOCATION_EXTERNALITY,0.0294222938613,0.0294222938615,29.4222938613,29.4222938615
DF_SINGLE_P021::CLUSTERED_SHORTFALL::THETA_0000::EXTERNALITY_CF_BETA_050::Q95::max_export_lp,16,0,True,RECOVERABLE_ALLOCATION_EXTERNALITY,0.0323042693127,0.0323042693127,32.3042693127,32.3042693127
DF_SINGLE_P021::CLUSTERED_SHORTFALL::THETA_0000::EXTERNALITY_CF_BETA_050::Q95::fairness_qp,1,0,True,RECOVERABLE_ALLOCATION_EXTERNALITY,0.0144437198793,0.0383986963139,14.4437198793,38.3986963139
DF_SINGLE_P021::CLUSTERED_SHORTFALL::THETA_0000::EXTERNALITY_CF_BETA_050::Q95::fairness_qp,2,0,True,RECOVERABLE_ALLOCATION_EXTERNALITY,0.0217179074707,0.0392296401442,21.7179074707,39.2296401442
DF_SINGLE_P021::CLUSTERED_SHORTFALL::THETA_0000::EXTERNALITY_CF_BETA_050::Q95::fairness_qp,3,0,True,RECOVERABLE_ALLOCATION_EXTERNALITY,0.0197006089775,0.0286002981535,19.7006089775,28.6002981535
DF_SINGLE_P021::CLUSTERED_SHORTFALL::THETA_0000::EXTERNALITY_CF_BETA_050::Q95::fairness_qp,4,0,True,RECOVERABLE_ALLOCATION_EXTERNALITY,0.0327918673946,0.0507853587577,32.7918673946,50.7853587577
DF_SINGLE_P021::CLUSTERED_SHORTFALL::THETA_0000::EXTERNALITY_CF_BETA_050::Q95::fairness_qp,5,0,True,RECOVERABLE_ALLOCATION_EXTERNALITY,0.040297207826,0.051943561771,40.297207826,51.943561771
DF_SINGLE_P021::CLUSTERED_SHORTFALL::THETA_0000::EXTERNALITY_CF_BETA_050::Q95::fairness_qp,6,0,True,RECOVERABLE_ALLOCATION_EXTERNALITY,0.0387279775302,0.0475752526341,38.7279775302,47.5752526341
DF_SINGLE_P021::CLUSTERED_SHORTFALL::THETA_0000::EXTERNALITY_CF_BETA_050::Q95::fairness_qp,7,0,True,RECOVERABLE_ALLOCATION_EXTERNALITY,0.0315076058991,0.0411629962786,31.5076058991,41.1629962786
DF_SINGLE_P021::CLUSTERED_SHORTFALL::THETA_0000::EXTERNALITY_CF_BETA_050::Q95::fairness_qp,8,0,True,RECOVERABLE_ALLOCATION_EXTERNALITY,0.0227021466058,0.0332607570679,22.7021466058,33.2607570679
DF_SINGLE_P021::CLUSTERED_SHORTFALL::THETA_0000::EXTERNALITY_CF_BETA_050::Q95::fairness_qp,9,0,True,RECOVERABLE_ALLOCATION_EXTERNALITY,0.0321014340229,0.0401887697521,32.1014340229,40.1887697521
DF_SINGLE_P021::CLUSTERED_SHORTFALL::THETA_0000::EXTERNALITY_CF_BETA_050::Q95::fairness_qp,10,0,True,RECOVERABLE_ALLOCATION_EXTERNALITY,0.0233970684835,0.036602900185,23.3970684835,36.602900185
DF_SINGLE_P021::CLUSTERED_SHORTFALL::THETA_0000::EXTERNALITY_CF_BETA_050::Q95::fairness_qp,11,0,True,RECOVERABLE_ALLOCATION_EXTERNALITY,0.012950645861,0.0236616828943,12.950645861,23.6616828943
DF_SINGLE_P021::CLUSTERED_SHORTFALL::THETA_0000::EXTERNALITY_CF_BETA_050::Q95::fairness_qp,12,0,True,RECOVERABLE_ALLOCATION_EXTERNALITY,0.0163483026532,0.0348703070835,16.3483026532,34.8703070835
DF_SINGLE_P021::CLUSTERED_SHORTFALL::THETA_0000::EXTERNALITY_CF_BETA_050::Q95::fairness_qp,13,0,True,RECOVERABLE_ALLOCATION_EXTERNALITY,0.0149895110725,0.0353095685066,14.9895110725,35.3095685066
DF_SINGLE_P021::CLUSTERED_SHORTFALL::THETA_0000::EXTERNALITY_CF_BETA_050::Q95::fairness_qp,14,0,True,RECOVERABLE_ALLOCATION_EXTERNALITY,0.0185403086117,0.0363670059533,18.5403086117,36.3670059533
DF_SINGLE_P021::CLUSTERED_SHORTFALL::THETA_0000::EXTERNALITY_CF_BETA_050::Q95::fairness_qp,15,0,True,RECOVERABLE_ALLOCATION_EXTERNALITY,0.00605273206201,0.0293173137677,6.05273206201,29.3173137677
DF_SINGLE_P021::CLUSTERED_SHORTFALL::THETA_0000::EXTERNALITY_CF_BETA_050::Q95::fairness_qp,16,0,True,RECOVERABLE_ALLOCATION_EXTERNALITY,0.0170442758932,0.0364556471291,17.0442758932,36.4556471291
DF_SINGLE_P021::CLUSTERED_SHORTFALL::THETA_0100::EXTERNALITY_CF_BETA_050::Q0::weighted_proportional,1,1,True,RECOVERABLE_ALLOCATION_EXTERNALITY,0.0417570785382,0.0767272432476,41.7570785382,76.7272432476
DF_SINGLE_P021::CLUSTERED_SHORTFALL::THETA_0100::EXTERNALITY_CF_BETA_050::Q0::weighted_proportional,2,1,True,RECOVERABLE_ALLOCATION_EXTERNALITY,0.0403350415507,0.073642160118,40.3350415507,73.642160118
DF_SINGLE_P021::CLUSTERED_SHORTFALL::THETA_0100::EXTERNALITY_CF_BETA_050::Q0::weighted_proportional,3,1,True,RECOVERABLE_ALLOCATION_EXTERNALITY,0.0285917975552,0.0566528449192,28.5917975552,56.6528449192
DF_SINGLE_P021::CLUSTERED_SHORTFALL::THETA_0100::EXTERNALITY_CF_BETA_050::Q0::weighted_proportional,4,1,True,RECOVERABLE_ALLOCATION_EXTERNALITY,0.0402804151996,0.0590904095994,40.2804151996,59.0904095994
DF_SINGLE_P021::CLUSTERED_SHORTFALL::THETA_0100::EXTERNALITY_CF_BETA_050::Q0::weighted_proportional,5,1,True,RECOVERABLE_ALLOCATION_EXTERNALITY,0.0271358976971,0.0660044895205,27.1358976971,66.0044895205
DF_SINGLE_P021::CLUSTERED_SHORTFALL::THETA_0100::EXTERNALITY_CF_BETA_050::Q0::weighted_proportional,6,1,True,RECOVERABLE_ALLOCATION_EXTERNALITY,0.0164497187025,0.0528767762253,16.4497187025,52.8767762253
DF_SINGLE_P021::CLUSTERED_SHORTFALL::THETA_0100::EXTERNALITY_CF_BETA_050::Q0::weighted_proportional,7,1,True,RECOVERABLE_ALLOCATION_EXTERNALITY,0.0170655544277,0.0550862957171,17.0655544277,55.0862957171
DF_SINGLE_P021::CLUSTERED_SHORTFALL::THETA_0100::EXTERNALITY_CF_BETA_050::Q0::weighted_proportional,8,1,True,RECOVERABLE_ALLOCATION_EXTERNALITY,0.0211009908823,0.0541570489158,21.1009908823,54.1570489158
DF_SINGLE_P021::CLUSTERED_SHORTFALL::THETA_0100::EXTERNALITY_CF_BETA_050::Q0::weighted_proportional,9,1,True,RECOVERABLE_ALLOCATION_EXTERNALITY,0.0188220880042,0.0543105944709,18.8220880042,54.3105944709
DF_SINGLE_P021::CLUSTERED_SHORTFALL::THETA_0100::EXTERNALITY_CF_BETA_050::Q0::weighted_proportional,10,1,True,RECOVERABLE_ALLOCATION_EXTERNALITY,0.0324465704665,0.0639550789984,32.4465704665,63.9550789984
DF_SINGLE_P021::CLUSTERED_SHORTFALL::THETA_0100::EXTERNALITY_CF_BETA_050::Q0::weighted_proportional,11,1,True,RECOVERABLE_ALLOCATION_EXTERNALITY,0.04974609783,0.0653158711791,49.74609783,65.3158711791
DF_SINGLE_P021::CLUSTERED_SHORTFALL::THETA_0100::EXTERNALITY_CF_BETA_050::Q0::weighted_proportional,12,1,True,RECOVERABLE_ALLOCATION_EXTERNALITY,0.0464226535839,0.0722697739006,46.4226535839,72.2697739006
DF_SINGLE_P021::CLUSTERED_SHORTFALL::THETA_0100::EXTERNALITY_CF_BETA_050::Q0::weighted_proportional,13,1,True,RECOVERABLE_ALLOCATION_EXTERNALITY,0.0429735577246,0.0671854145302,42.9735577246,67.1854145302
DF_SINGLE_P021::CLUSTERED_SHORTFALL::THETA_0100::EXTERNALITY_CF_BETA_050::Q0::weighted_proportional,14,1,True,RECOVERABLE_ALLOCATION_EXTERNALITY,0.0416005173009,0.0718805088668,41.6005173009,71.8805088668
DF_SINGLE_P021::CLUSTERED_SHORTFALL::THETA_0100::EXTERNALITY_CF_BETA_050::Q0::weighted_proportional,15,1,True,RECOVERABLE_ALLOCATION_EXTERNALITY,0.0275297740961,0.0542661121815,27.5297740961,54.2661121815
DF_SINGLE_P021::CLUSTERED_SHORTFALL::THETA_0100::EXTERNALITY_CF_BETA_050::Q0::weighted_proportional,16,1,True,RECOVERABLE_ALLOCATION_EXTERNALITY,0.0303261220305,0.0600564552939,30.3261220305,60.0564552939
DF_SINGLE_P021::CLUSTERED_SHORTFALL::THETA_0100::EXTERNALITY_CF_BETA_050::Q0::equal_kw_reduction,1,1,True,RECOVERABLE_ALLOCATION_EXTERNALITY,0.0224009060738,0.0476980694447,22.4009060738,47.6980694447
DF_SINGLE_P021::CLUSTERED_SHORTFALL::THETA_0100::EXTERNALITY_CF_BETA_050::Q0::equal_kw_reduction,2,1,True,RECOVERABLE_ALLOCATION_EXTERNALITY,0.027554338346,0.0513976878647,27.554338346,51.3976878647
DF_SINGLE_P021::CLUSTERED_SHORTFALL::THETA_0100::EXTERNALITY_CF_BETA_050::Q0::equal_kw_reduction,3,1,True,RECOVERABLE_ALLOCATION_EXTERNALITY,0.0156038490308,0.0369256786573,15.6038490308,36.9256786573
DF_SINGLE_P021::CLUSTERED_SHORTFALL::THETA_0100::EXTERNALITY_CF_BETA_050::Q0::equal_kw_reduction,4,1,True,RECOVERABLE_ALLOCATION_EXTERNALITY,0.0189771478397,0.0316800880695,18.9771478397,31.6800880695
DF_SINGLE_P021::CLUSTERED_SHORTFALL::THETA_0100::EXTERNALITY_CF_BETA_050::Q0::equal_kw_reduction,5,1,True,RECOVERABLE_ALLOCATION_EXTERNALITY,0.0216204614943,0.0428647651448,21.6204614943,42.8647651448
DF_SINGLE_P021::CLUSTERED_SHORTFALL::THETA_0100::EXTERNALITY_CF_BETA_050::Q0::equal_kw_reduction,6,1,True,RECOVERABLE_ALLOCATION_EXTERNALITY,0.020758684285,0.0402972028217,20.758684285,40.2972028217
DF_SINGLE_P021::CLUSTERED_SHORTFALL::THETA_0100::EXTERNALITY_CF_BETA_050::Q0::equal_kw_reduction,7,1,True,RECOVERABLE_ALLOCATION_EXTERNALITY,0.0159569120647,0.0359931699112,15.9569120647,35.9931699112
DF_SINGLE_P021::CLUSTERED_SHORTFALL::THETA_0100::EXTERNALITY_CF_BETA_050::Q0::equal_kw_reduction,8,1,True,RECOVERABLE_ALLOCATION_EXTERNALITY,0.0113634551191,0.0281131069415,11.3634551191,28.1131069415
DF_SINGLE_P021::CLUSTERED_SHORTFALL::THETA_0100::EXTERNALITY_CF_BETA_050::Q0::equal_kw_reduction,9,1,True,RECOVERABLE_ALLOCATION_EXTERNALITY,0.0167175179389,0.0345691472728,16.7175179389,34.5691472728
DF_SINGLE_P021::CLUSTERED_SHORTFALL::THETA_0100::EXTERNALITY_CF_BETA_050::Q0::equal_kw_reduction,10,1,True,RECOVERABLE_ALLOCATION_EXTERNALITY,0.0173975741091,0.0330650471972,17.3975741091,33.0650471972
DF_SINGLE_P021::CLUSTERED_SHORTFALL::THETA_0100::EXTERNALITY_CF_BETA_050::Q0::equal_kw_reduction,11,1,True,RECOVERABLE_ALLOCATION_EXTERNALITY,0.0151764222757,0.0382520528665,15.1764222757,38.2520528665
DF_SINGLE_P021::CLUSTERED_SHORTFALL::THETA_0100::EXTERNALITY_CF_BETA_050::Q0::equal_kw_reduction,12,1,True,RECOVERABLE_ALLOCATION_EXTERNALITY,0.0203712390593,0.0380025432585,20.3712390593,38.0025432585
DF_SINGLE_P021::CLUSTERED_SHORTFALL::THETA_0100::EXTERNALITY_CF_BETA_050::Q0::equal_kw_reduction,13,1,True,RECOVERABLE_ALLOCATION_EXTERNALITY,0.023089237977,0.0435652654094,23.089237977,43.5652654094
DF_SINGLE_P021::CLUSTERED_SHORTFALL::THETA_0100::EXTERNALITY_CF_BETA_050::Q0::equal_kw_reduction,14,1,True,RECOVERABLE_ALLOCATION_EXTERNALITY,0.0200981093191,0.0414748990305,20.0981093191,41.4748990305
DF_SINGLE_P021::CLUSTERED_SHORTFALL::THETA_0100::EXTERNALITY_CF_BETA_050::Q0::equal_kw_reduction,15,1,True,RECOVERABLE_ALLOCATION_EXTERNALITY,0.0141361353764,0.038165276985,14.1361353764,38.165276985
DF_SINGLE_P021::CLUSTERED_SHORTFALL::THETA_0100::EXTERNALITY_CF_BETA_050::Q0::equal_kw_reduction,16,1,True,RECOVERABLE_ALLOCATION_EXTERNALITY,0.0190482579515,0.0348417698561,19.0482579515,34.8417698561
DF_SINGLE_P021::CLUSTERED_SHORTFALL::THETA_0100::EXTERNALITY_CF_BETA_050::Q0::flat_level,1,1,True,RECOVERABLE_ALLOCATION_EXTERNALITY,0.139214964596,0.139214964596,139.214964596,139.214964596
DF_SINGLE_P021::CLUSTERED_SHORTFALL::THETA_0100::EXTERNALITY_CF_BETA_050::Q0::flat_level,2,1,True,RECOVERABLE_ALLOCATION_EXTERNALITY,0.141707706106,0.141707706106,141.707706106,141.707706106
DF_SINGLE_P021::CLUSTERED_SHORTFALL::THETA_0100::EXTERNALITY_CF_BETA_050::Q0::flat_level,3,1,True,RECOVERABLE_ALLOCATION_EXTERNALITY,0.128067652788,0.128067652788,128.067652788,128.067652788
DF_SINGLE_P021::CLUSTERED_SHORTFALL::THETA_0100::EXTERNALITY_CF_BETA_050::Q0::flat_level,4,1,True,RECOVERABLE_ALLOCATION_EXTERNALITY,0.0734144575311,0.0734144575311,73.4144575311,73.4144575311
DF_SINGLE_P021::CLUSTERED_SHORTFALL::THETA_0100::EXTERNALITY_CF_BETA_050::Q0::flat_level,5,1,True,RECOVERABLE_ALLOCATION_EXTERNALITY,0.0656082216117,0.0656082216117,65.6082216117,65.6082216117
DF_SINGLE_P021::CLUSTERED_SHORTFALL::THETA_0100::EXTERNALITY_CF_BETA_050::Q0::flat_level,6,1,True,RECOVERABLE_ALLOCATION_EXTERNALITY,0.0114330057828,0.0114330057828,11.4330057828,11.4330057828
DF_SINGLE_P021::CLUSTERED_SHORTFALL::THETA_0100::EXTERNALITY_CF_BETA_050::Q0::flat_level,7,1,True,RECOVERABLE_ALLOCATION_EXTERNALITY,0.0690087963595,0.0690087963595,69.0087963595,69.0087963595
DF_SINGLE_P021::CLUSTERED_SHORTFALL::THETA_0100::EXTERNALITY_CF_BETA_050::Q0::flat_level,8,1,True,RECOVERABLE_ALLOCATION_EXTERNALITY,0.0642470387944,0.0642470387944,64.2470387944,64.2470387944
DF_SINGLE_P021::CLUSTERED_SHORTFALL::THETA_0100::EXTERNALITY_CF_BETA_050::Q0::flat_level,9,1,True,RECOVERABLE_ALLOCATION_EXTERNALITY,0.076964859558,0.076964859558,76.964859558,76.964859558
DF_SINGLE_P021::CLUSTERED_SHORTFALL::THETA_0100::EXTERNALITY_CF_BETA_050::Q0::flat_level,10,1,True,RECOVERABLE_ALLOCATION_EXTERNALITY,0.10092427679,0.10092427679,100.92427679,100.92427679
DF_SINGLE_P021::CLUSTERED_SHORTFALL::THETA_0100::EXTERNALITY_CF_BETA_050::Q0::flat_level,11,1,True,RECOVERABLE_ALLOCATION_EXTERNALITY,0.0969456162393,0.0969456162393,96.9456162393,96.9456162393
DF_SINGLE_P021::CLUSTERED_SHORTFALL::THETA_0100::EXTERNALITY_CF_BETA_050::Q0::flat_level,12,1,True,RECOVERABLE_ALLOCATION_EXTERNALITY,0.123576838243,0.123576838243,123.576838243,123.576838243
DF_SINGLE_P021::CLUSTERED_SHORTFALL::THETA_0100::EXTERNALITY_CF_BETA_050::Q0::flat_level,13,1,True,RECOVERABLE_ALLOCATION_EXTERNALITY,0.0806776372909,0.0806776372909,80.6776372909,80.6776372909
DF_SINGLE_P021::CLUSTERED_SHORTFALL::THETA_0100::EXTERNALITY_CF_BETA_050::Q0::flat_level,14,1,True,RECOVERABLE_ALLOCATION_EXTERNALITY,0.110183089363,0.110183089363,110.183089363,110.183089363
DF_SINGLE_P021::CLUSTERED_SHORTFALL::THETA_0100::EXTERNALITY_CF_BETA_050::Q0::flat_level,15,1,True,RECOVERABLE_ALLOCATION_EXTERNALITY,0.0756350154776,0.0756350154776,75.6350154776,75.6350154776
DF_SINGLE_P021::CLUSTERED_SHORTFALL::THETA_0100::EXTERNALITY_CF_BETA_050::Q0::flat_level,16,1,True,RECOVERABLE_ALLOCATION_EXTERNALITY,0.0927395910917,0.0927395910917,92.7395910917,92.7395910917
DF_SINGLE_P021::CLUSTERED_SHORTFALL::THETA_0100::EXTERNALITY_CF_BETA_050::Q0::max_export_lp,1,1,True,RECOVERABLE_ALLOCATION_EXTERNALITY,0.0434111504612,0.0434111504614,43.4111504612,43.4111504614
DF_SINGLE_P021::CLUSTERED_SHORTFALL::THETA_0100::EXTERNALITY_CF_BETA_050::Q0::max_export_lp,2,1,True,RECOVERABLE_ALLOCATION_EXTERNALITY,0.0418359094066,0.0418359094071,41.8359094066,41.8359094071
DF_SINGLE_P021::CLUSTERED_SHORTFALL::THETA_0100::EXTERNALITY_CF_BETA_050::Q0::max_export_lp,3,1,True,RECOVERABLE_ALLOCATION_EXTERNALITY,0.0195828861771,0.0195828861776,19.5828861771,19.5828861776
DF_SINGLE_P021::CLUSTERED_SHORTFALL::THETA_0100::EXTERNALITY_CF_BETA_050::Q0::max_export_lp,4,1,True,RECOVERABLE_ALLOCATION_EXTERNALITY,0.0350626489841,0.0350626489841,35.0626489841,35.0626489841
DF_SINGLE_P021::CLUSTERED_SHORTFALL::THETA_0100::EXTERNALITY_CF_BETA_050::Q0::max_export_lp,5,1,True,RECOVERABLE_ALLOCATION_EXTERNALITY,0.038868246053,0.0388682460551,38.868246053,38.8682460551
DF_SINGLE_P021::CLUSTERED_SHORTFALL::THETA_0100::EXTERNALITY_CF_BETA_050::Q0::max_export_lp,6,1,True,RECOVERABLE_ALLOCATION_EXTERNALITY,0.0417883985729,0.0417883985729,41.7883985729,41.7883985729
DF_SINGLE_P021::CLUSTERED_SHORTFALL::THETA_0100::EXTERNALITY_CF_BETA_050::Q0::max_export_lp,7,1,True,RECOVERABLE_ALLOCATION_EXTERNALITY,0.0337135333923,0.0337135333933,33.7135333923,33.7135333933
DF_SINGLE_P021::CLUSTERED_SHORTFALL::THETA_0100::EXTERNALITY_CF_BETA_050::Q0::max_export_lp,8,1,True,RECOVERABLE_ALLOCATION_EXTERNALITY,0.0166728653121,0.0166728653133,16.6728653121,16.6728653133
DF_SINGLE_P021::CLUSTERED_SHORTFALL::THETA_0100::EXTERNALITY_CF_BETA_050::Q0::max_export_lp,9,1,True,RECOVERABLE_ALLOCATION_EXTERNALITY,0.0209788078059,0.0209788078177,20.9788078059,20.9788078177
DF_SINGLE_P021::CLUSTERED_SHORTFALL::THETA_0100::EXTERNALITY_CF_BETA_050::Q0::max_export_lp,10,1,True,RECOVERABLE_ALLOCATION_EXTERNALITY,0.0183963464867,0.0183963464868,18.3963464867,18.3963464868
DF_SINGLE_P021::CLUSTERED_SHORTFALL::THETA_0100::EXTERNALITY_CF_BETA_050::Q0::max_export_lp,11,1,True,RECOVERABLE_ALLOCATION_EXTERNALITY,0.0267495439865,0.0267495439893,26.7495439865,26.7495439893
DF_SINGLE_P021::CLUSTERED_SHORTFALL::THETA_0100::EXTERNALITY_CF_BETA_050::Q0::max_export_lp,12,1,True,RECOVERABLE_ALLOCATION_EXTERNALITY,0.0292741740681,0.0292741740682,29.2741740681,29.2741740682
DF_SINGLE_P021::CLUSTERED_SHORTFALL::THETA_0100::EXTERNALITY_CF_BETA_050::Q0::max_export_lp,13,1,True,RECOVERABLE_ALLOCATION_EXTERNALITY,0.0388215280691,0.0388215280691,38.8215280691,38.8215280691
DF_SINGLE_P021::CLUSTERED_SHORTFALL::THETA_0100::EXTERNALITY_CF_BETA_050::Q0::max_export_lp,14,1,True,RECOVERABLE_ALLOCATION_EXTERNALITY,0.0379653689105,0.0379653689173,37.9653689105,37.9653689173
DF_SINGLE_P021::CLUSTERED_SHORTFALL::THETA_0100::EXTERNALITY_CF_BETA_050::Q0::max_export_lp,15,1,True,RECOVERABLE_ALLOCATION_EXTERNALITY,0.0292689180812,0.0292689180843,29.2689180812,29.2689180843
DF_SINGLE_P021::CLUSTERED_SHORTFALL::THETA_0100::EXTERNALITY_CF_BETA_050::Q0::max_export_lp,16,1,True,RECOVERABLE_ALLOCATION_EXTERNALITY,0.0322868279995,0.0322868279997,32.2868279995,32.2868279997
DF_SINGLE_P021::CLUSTERED_SHORTFALL::THETA_0100::EXTERNALITY_CF_BETA_050::Q0::fairness_qp,1,1,True,RECOVERABLE_ALLOCATION_EXTERNALITY,0.0181236644413,0.0386852772616,18.1236644413,38.6852772616
DF_SINGLE_P021::CLUSTERED_SHORTFALL::THETA_0100::EXTERNALITY_CF_BETA_050::Q0::fairness_qp,2,1,True,RECOVERABLE_ALLOCATION_EXTERNALITY,0.027684300502,0.048633023737,27.684300502,48.633023737
DF_SINGLE_P021::CLUSTERED_SHORTFALL::THETA_0100::EXTERNALITY_CF_BETA_050::Q0::fairness_qp,3,1,True,RECOVERABLE_ALLOCATION_EXTERNALITY,0.023805175974,0.0385516256257,23.805175974,38.5516256257
DF_SINGLE_P021::CLUSTERED_SHORTFALL::THETA_0100::EXTERNALITY_CF_BETA_050::Q0::fairness_qp,4,1,True,RECOVERABLE_ALLOCATION_EXTERNALITY,0.031658893657,0.0420546867893,31.658893657,42.0546867893
DF_SINGLE_P021::CLUSTERED_SHORTFALL::THETA_0100::EXTERNALITY_CF_BETA_050::Q0::fairness_qp,5,1,True,RECOVERABLE_ALLOCATION_EXTERNALITY,0.0317178066702,0.0433641549411,31.7178066702,43.3641549411
DF_SINGLE_P021::CLUSTERED_SHORTFALL::THETA_0100::EXTERNALITY_CF_BETA_050::Q0::fairness_qp,6,1,True,RECOVERABLE_ALLOCATION_EXTERNALITY,0.0383777237772,0.0477730951385,38.3777237772,47.7730951385
DF_SINGLE_P021::CLUSTERED_SHORTFALL::THETA_0100::EXTERNALITY_CF_BETA_050::Q0::fairness_qp,7,1,True,RECOVERABLE_ALLOCATION_EXTERNALITY,0.0315076118377,0.0411629940165,31.5076118377,41.1629940165
DF_SINGLE_P021::CLUSTERED_SHORTFALL::THETA_0100::EXTERNALITY_CF_BETA_050::Q0::fairness_qp,8,1,True,RECOVERABLE_ALLOCATION_EXTERNALITY,0.0227021668099,0.0332607775314,22.7021668099,33.2607775314
DF_SINGLE_P021::CLUSTERED_SHORTFALL::THETA_0100::EXTERNALITY_CF_BETA_050::Q0::fairness_qp,9,1,True,RECOVERABLE_ALLOCATION_EXTERNALITY,0.032101425985,0.0401887593497,32.101425985,40.1887593497
DF_SINGLE_P021::CLUSTERED_SHORTFALL::THETA_0100::EXTERNALITY_CF_BETA_050::Q0::fairness_qp,10,1,True,RECOVERABLE_ALLOCATION_EXTERNALITY,0.0233970638065,0.0366028884881,23.3970638065,36.6028884881
DF_SINGLE_P021::CLUSTERED_SHORTFALL::THETA_0100::EXTERNALITY_CF_BETA_050::Q0::fairness_qp,11,1,True,RECOVERABLE_ALLOCATION_EXTERNALITY,0.0121865759921,0.0218861756717,12.1865759921,21.8861756717
DF_SINGLE_P021::CLUSTERED_SHORTFALL::THETA_0100::EXTERNALITY_CF_BETA_050::Q0::fairness_qp,12,1,True,RECOVERABLE_ALLOCATION_EXTERNALITY,0.0157144380117,0.0304551338751,15.7144380117,30.4551338751
DF_SINGLE_P021::CLUSTERED_SHORTFALL::THETA_0100::EXTERNALITY_CF_BETA_050::Q0::fairness_qp,13,1,True,RECOVERABLE_ALLOCATION_EXTERNALITY,0.0161041453305,0.0328564390337,16.1041453305,32.8564390337
DF_SINGLE_P021::CLUSTERED_SHORTFALL::THETA_0100::EXTERNALITY_CF_BETA_050::Q0::fairness_qp,14,1,True,RECOVERABLE_ALLOCATION_EXTERNALITY,0.0181094524841,0.0367282452241,18.1094524841,36.7282452241
DF_SINGLE_P021::CLUSTERED_SHORTFALL::THETA_0100::EXTERNALITY_CF_BETA_050::Q0::fairness_qp,15,1,True,RECOVERABLE_ALLOCATION_EXTERNALITY,0.00502944230834,0.025065706056,5.02944230834,25.065706056
DF_SINGLE_P021::CLUSTERED_SHORTFALL::THETA_0100::EXTERNALITY_CF_BETA_050::Q0::fairness_qp,16,1,True,RECOVERABLE_ALLOCATION_EXTERNALITY,0.0171383441271,0.0364261310594,17.1383441271,36.4261310594
DF_SINGLE_P021::CLUSTERED_SHORTFALL::THETA_0100::EXTERNALITY_CF_BETA_050::Q95::weighted_proportional,1,1,True,RECOVERABLE_ALLOCATION_EXTERNALITY,0.0417570785373,0.0767272432468,41.7570785373,76.7272432468
DF_SINGLE_P021::CLUSTERED_SHORTFALL::THETA_0100::EXTERNALITY_CF_BETA_050::Q95::weighted_proportional,2,1,True,RECOVERABLE_ALLOCATION_EXTERNALITY,0.0403350415523,0.0736421601195,40.3350415523,73.6421601195
DF_SINGLE_P021::CLUSTERED_SHORTFALL::THETA_0100::EXTERNALITY_CF_BETA_050::Q95::weighted_proportional,3,1,True,RECOVERABLE_ALLOCATION_EXTERNALITY,0.0285917975382,0.0566528449021,28.5917975382,56.6528449021
DF_SINGLE_P021::CLUSTERED_SHORTFALL::THETA_0100::EXTERNALITY_CF_BETA_050::Q95::weighted_proportional,4,1,True,RECOVERABLE_ALLOCATION_EXTERNALITY,0.040280415201,0.0590904096007,40.280415201,59.0904096007
DF_SINGLE_P021::CLUSTERED_SHORTFALL::THETA_0100::EXTERNALITY_CF_BETA_050::Q95::weighted_proportional,5,1,True,RECOVERABLE_ALLOCATION_EXTERNALITY,0.0271358976973,0.0660044895207,27.1358976973,66.0044895207
DF_SINGLE_P021::CLUSTERED_SHORTFALL::THETA_0100::EXTERNALITY_CF_BETA_050::Q95::weighted_proportional,6,1,True,RECOVERABLE_ALLOCATION_EXTERNALITY,0.0164497187031,0.0528767762261,16.4497187031,52.8767762261
DF_SINGLE_P021::CLUSTERED_SHORTFALL::THETA_0100::EXTERNALITY_CF_BETA_050::Q95::weighted_proportional,7,1,True,RECOVERABLE_ALLOCATION_EXTERNALITY,0.0170655544268,0.0550862957164,17.0655544268,55.0862957164
DF_SINGLE_P021::CLUSTERED_SHORTFALL::THETA_0100::EXTERNALITY_CF_BETA_050::Q95::weighted_proportional,8,1,True,RECOVERABLE_ALLOCATION_EXTERNALITY,0.0211009908822,0.0541570489158,21.1009908822,54.1570489158
DF_SINGLE_P021::CLUSTERED_SHORTFALL::THETA_0100::EXTERNALITY_CF_BETA_050::Q95::weighted_proportional,9,1,True,RECOVERABLE_ALLOCATION_EXTERNALITY,0.0188220880051,0.0543105944718,18.8220880051,54.3105944718
DF_SINGLE_P021::CLUSTERED_SHORTFALL::THETA_0100::EXTERNALITY_CF_BETA_050::Q95::weighted_proportional,10,1,True,RECOVERABLE_ALLOCATION_EXTERNALITY,0.0324465704661,0.0639550789982,32.4465704661,63.9550789982
DF_SINGLE_P021::CLUSTERED_SHORTFALL::THETA_0100::EXTERNALITY_CF_BETA_050::Q95::weighted_proportional,11,1,True,RECOVERABLE_ALLOCATION_EXTERNALITY,0.0497460978296,0.0653158711787,49.7460978296,65.3158711787
DF_SINGLE_P021::CLUSTERED_SHORTFALL::THETA_0100::EXTERNALITY_CF_BETA_050::Q95::weighted_proportional,12,1,True,RECOVERABLE_ALLOCATION_EXTERNALITY,0.0464226535839,0.0722697739007,46.4226535839,72.2697739007
DF_SINGLE_P021::CLUSTERED_SHORTFALL::THETA_0100::EXTERNALITY_CF_BETA_050::Q95::weighted_proportional,13,1,True,RECOVERABLE_ALLOCATION_EXTERNALITY,0.0429735577253,0.067185414531,42.9735577253,67.185414531
DF_SINGLE_P021::CLUSTERED_SHORTFALL::THETA_0100::EXTERNALITY_CF_BETA_050::Q95::weighted_proportional,14,1,True,RECOVERABLE_ALLOCATION_EXTERNALITY,0.0416005173017,0.0718805088678,41.6005173017,71.8805088678
DF_SINGLE_P021::CLUSTERED_SHORTFALL::THETA_0100::EXTERNALITY_CF_BETA_050::Q95::weighted_proportional,15,1,True,RECOVERABLE_ALLOCATION_EXTERNALITY,0.027529774096,0.0542661121813,27.529774096,54.2661121813
DF_SINGLE_P021::CLUSTERED_SHORTFALL::THETA_0100::EXTERNALITY_CF_BETA_050::Q95::weighted_proportional,16,1,True,RECOVERABLE_ALLOCATION_EXTERNALITY,0.0303261220152,0.0600564552786,30.3261220152,60.0564552786
DF_SINGLE_P021::CLUSTERED_SHORTFALL::THETA_0100::EXTERNALITY_CF_BETA_050::Q95::equal_kw_reduction,1,1,True,RECOVERABLE_ALLOCATION_EXTERNALITY,0.0224009060738,0.0476980694447,22.4009060738,47.6980694447
DF_SINGLE_P021::CLUSTERED_SHORTFALL::THETA_0100::EXTERNALITY_CF_BETA_050::Q95::equal_kw_reduction,2,1,True,RECOVERABLE_ALLOCATION_EXTERNALITY,0.027554338346,0.0513976878647,27.554338346,51.3976878647
DF_SINGLE_P021::CLUSTERED_SHORTFALL::THETA_0100::EXTERNALITY_CF_BETA_050::Q95::equal_kw_reduction,3,1,True,RECOVERABLE_ALLOCATION_EXTERNALITY,0.0156038490308,0.0369256786573,15.6038490308,36.9256786573
DF_SINGLE_P021::CLUSTERED_SHORTFALL::THETA_0100::EXTERNALITY_CF_BETA_050::Q95::equal_kw_reduction,4,1,True,RECOVERABLE_ALLOCATION_EXTERNALITY,0.0189771478397,0.0316800880695,18.9771478397,31.6800880695
DF_SINGLE_P021::CLUSTERED_SHORTFALL::THETA_0100::EXTERNALITY_CF_BETA_050::Q95::equal_kw_reduction,5,1,True,RECOVERABLE_ALLOCATION_EXTERNALITY,0.0216204614943,0.0428647651448,21.6204614943,42.8647651448
DF_SINGLE_P021::CLUSTERED_SHORTFALL::THETA_0100::EXTERNALITY_CF_BETA_050::Q95::equal_kw_reduction,6,1,True,RECOVERABLE_ALLOCATION_EXTERNALITY,0.020758684285,0.0402972028217,20.758684285,40.2972028217
DF_SINGLE_P021::CLUSTERED_SHORTFALL::THETA_0100::EXTERNALITY_CF_BETA_050::Q95::equal_kw_reduction,7,1,True,RECOVERABLE_ALLOCATION_EXTERNALITY,0.0159569120647,0.0359931699112,15.9569120647,35.9931699112
DF_SINGLE_P021::CLUSTERED_SHORTFALL::THETA_0100::EXTERNALITY_CF_BETA_050::Q95::equal_kw_reduction,8,1,True,RECOVERABLE_ALLOCATION_EXTERNALITY,0.0113634551191,0.0281131069415,11.3634551191,28.1131069415
DF_SINGLE_P021::CLUSTERED_SHORTFALL::THETA_0100::EXTERNALITY_CF_BETA_050::Q95::equal_kw_reduction,9,1,True,RECOVERABLE_ALLOCATION_EXTERNALITY,0.0167175179389,0.0345691472728,16.7175179389,34.5691472728
DF_SINGLE_P021::CLUSTERED_SHORTFALL::THETA_0100::EXTERNALITY_CF_BETA_050::Q95::equal_kw_reduction,10,1,True,RECOVERABLE_ALLOCATION_EXTERNALITY,0.0173975741091,0.0330650471972,17.3975741091,33.0650471972
DF_SINGLE_P021::CLUSTERED_SHORTFALL::THETA_0100::EXTERNALITY_CF_BETA_050::Q95::equal_kw_reduction,11,1,True,RECOVERABLE_ALLOCATION_EXTERNALITY,0.0151764222757,0.0382520528665,15.1764222757,38.2520528665
DF_SINGLE_P021::CLUSTERED_SHORTFALL::THETA_0100::EXTERNALITY_CF_BETA_050::Q95::equal_kw_reduction,12,1,True,RECOVERABLE_ALLOCATION_EXTERNALITY,0.0203712390593,0.0380025432585,20.3712390593,38.0025432585
DF_SINGLE_P021::CLUSTERED_SHORTFALL::THETA_0100::EXTERNALITY_CF_BETA_050::Q95::equal_kw_reduction,13,1,True,RECOVERABLE_ALLOCATION_EXTERNALITY,0.023089237977,0.0435652654094,23.089237977,43.5652654094
DF_SINGLE_P021::CLUSTERED_SHORTFALL::THETA_0100::EXTERNALITY_CF_BETA_050::Q95::equal_kw_reduction,14,1,True,RECOVERABLE_ALLOCATION_EXTERNALITY,0.0200981093191,0.0414748990305,20.0981093191,41.4748990305
DF_SINGLE_P021::CLUSTERED_SHORTFALL::THETA_0100::EXTERNALITY_CF_BETA_050::Q95::equal_kw_reduction,15,1,True,RECOVERABLE_ALLOCATION_EXTERNALITY,0.0141361353764,0.038165276985,14.1361353764,38.165276985
DF_SINGLE_P021::CLUSTERED_SHORTFALL::THETA_0100::EXTERNALITY_CF_BETA_050::Q95::equal_kw_reduction,16,1,True,RECOVERABLE_ALLOCATION_EXTERNALITY,0.0190482579515,0.0348417698561,19.0482579515,34.8417698561
DF_SINGLE_P021::CLUSTERED_SHORTFALL::THETA_0100::EXTERNALITY_CF_BETA_050::Q95::flat_level,1,1,True,RECOVERABLE_ALLOCATION_EXTERNALITY,0.139214964596,0.139214964596,139.214964596,139.214964596
DF_SINGLE_P021::CLUSTERED_SHORTFALL::THETA_0100::EXTERNALITY_CF_BETA_050::Q95::flat_level,2,1,True,RECOVERABLE_ALLOCATION_EXTERNALITY,0.141707706106,0.141707706106,141.707706106,141.707706106
DF_SINGLE_P021::CLUSTERED_SHORTFALL::THETA_0100::EXTERNALITY_CF_BETA_050::Q95::flat_level,3,1,True,RECOVERABLE_ALLOCATION_EXTERNALITY,0.128067652788,0.128067652788,128.067652788,128.067652788
DF_SINGLE_P021::CLUSTERED_SHORTFALL::THETA_0100::EXTERNALITY_CF_BETA_050::Q95::flat_level,4,1,True,RECOVERABLE_ALLOCATION_EXTERNALITY,0.0734144575311,0.0734144575311,73.4144575311,73.4144575311
DF_SINGLE_P021::CLUSTERED_SHORTFALL::THETA_0100::EXTERNALITY_CF_BETA_050::Q95::flat_level,5,1,True,RECOVERABLE_ALLOCATION_EXTERNALITY,0.0656082216117,0.0656082216117,65.6082216117,65.6082216117
DF_SINGLE_P021::CLUSTERED_SHORTFALL::THETA_0100::EXTERNALITY_CF_BETA_050::Q95::flat_level,6,1,True,RECOVERABLE_ALLOCATION_EXTERNALITY,0.0114330057828,0.0114330057828,11.4330057828,11.4330057828
DF_SINGLE_P021::CLUSTERED_SHORTFALL::THETA_0100::EXTERNALITY_CF_BETA_050::Q95::flat_level,7,1,True,RECOVERABLE_ALLOCATION_EXTERNALITY,0.0690087963595,0.0690087963595,69.0087963595,69.0087963595
DF_SINGLE_P021::CLUSTERED_SHORTFALL::THETA_0100::EXTERNALITY_CF_BETA_050::Q95::flat_level,8,1,True,RECOVERABLE_ALLOCATION_EXTERNALITY,0.0642470387944,0.0642470387944,64.2470387944,64.2470387944
DF_SINGLE_P021::CLUSTERED_SHORTFALL::THETA_0100::EXTERNALITY_CF_BETA_050::Q95::flat_level,9,1,True,RECOVERABLE_ALLOCATION_EXTERNALITY,0.076964859558,0.076964859558,76.964859558,76.964859558
DF_SINGLE_P021::CLUSTERED_SHORTFALL::THETA_0100::EXTERNALITY_CF_BETA_050::Q95::flat_level,10,1,True,RECOVERABLE_ALLOCATION_EXTERNALITY,0.10092427679,0.10092427679,100.92427679,100.92427679
DF_SINGLE_P021::CLUSTERED_SHORTFALL::THETA_0100::EXTERNALITY_CF_BETA_050::Q95::flat_level,11,1,True,RECOVERABLE_ALLOCATION_EXTERNALITY,0.0969456162393,0.0969456162393,96.9456162393,96.9456162393
DF_SINGLE_P021::CLUSTERED_SHORTFALL::THETA_0100::EXTERNALITY_CF_BETA_050::Q95::flat_level,12,1,True,RECOVERABLE_ALLOCATION_EXTERNALITY,0.123576838243,0.123576838243,123.576838243,123.576838243
DF_SINGLE_P021::CLUSTERED_SHORTFALL::THETA_0100::EXTERNALITY_CF_BETA_050::Q95::flat_level,13,1,True,RECOVERABLE_ALLOCATION_EXTERNALITY,0.0806776372909,0.0806776372909,80.6776372909,80.6776372909
DF_SINGLE_P021::CLUSTERED_SHORTFALL::THETA_0100::EXTERNALITY_CF_BETA_050::Q95::flat_level,14,1,True,RECOVERABLE_ALLOCATION_EXTERNALITY,0.110183089363,0.110183089363,110.183089363,110.183089363
DF_SINGLE_P021::CLUSTERED_SHORTFALL::THETA_0100::EXTERNALITY_CF_BETA_050::Q95::flat_level,15,1,True,RECOVERABLE_ALLOCATION_EXTERNALITY,0.0756350154776,0.0756350154776,75.6350154776,75.6350154776
DF_SINGLE_P021::CLUSTERED_SHORTFALL::THETA_0100::EXTERNALITY_CF_BETA_050::Q95::flat_level,16,1,True,RECOVERABLE_ALLOCATION_EXTERNALITY,0.0927395910917,0.0927395910917,92.7395910917,92.7395910917
DF_SINGLE_P021::CLUSTERED_SHORTFALL::THETA_0100::EXTERNALITY_CF_BETA_050::Q95::max_export_lp,1,1,True,RECOVERABLE_ALLOCATION_EXTERNALITY,0.0434111907577,0.0434111907577,43.4111907577,43.4111907577
DF_SINGLE_P021::CLUSTERED_SHORTFALL::THETA_0100::EXTERNALITY_CF_BETA_050::Q95::max_export_lp,2,1,True,RECOVERABLE_ALLOCATION_EXTERNALITY,0.0418362904372,0.0418362904372,41.8362904372,41.8362904372
DF_SINGLE_P021::CLUSTERED_SHORTFALL::THETA_0100::EXTERNALITY_CF_BETA_050::Q95::max_export_lp,3,1,True,RECOVERABLE_ALLOCATION_EXTERNALITY,0.0195828765185,0.0195828765187,19.5828765185,19.5828765187
DF_SINGLE_P021::CLUSTERED_SHORTFALL::THETA_0100::EXTERNALITY_CF_BETA_050::Q95::max_export_lp,4,1,True,RECOVERABLE_ALLOCATION_EXTERNALITY,0.0350626662727,0.0350626662729,35.0626662727,35.0626662729
DF_SINGLE_P021::CLUSTERED_SHORTFALL::THETA_0100::EXTERNALITY_CF_BETA_050::Q95::max_export_lp,5,1,True,RECOVERABLE_ALLOCATION_EXTERNALITY,0.0388682460736,0.0388682460775,38.8682460736,38.8682460775
DF_SINGLE_P021::CLUSTERED_SHORTFALL::THETA_0100::EXTERNALITY_CF_BETA_050::Q95::max_export_lp,6,1,True,RECOVERABLE_ALLOCATION_EXTERNALITY,0.0417883983069,0.0417883983074,41.7883983069,41.7883983074
DF_SINGLE_P021::CLUSTERED_SHORTFALL::THETA_0100::EXTERNALITY_CF_BETA_050::Q95::max_export_lp,7,1,True,RECOVERABLE_ALLOCATION_EXTERNALITY,0.0337135257506,0.0337135257554,33.7135257506,33.7135257554
DF_SINGLE_P021::CLUSTERED_SHORTFALL::THETA_0100::EXTERNALITY_CF_BETA_050::Q95::max_export_lp,8,1,True,RECOVERABLE_ALLOCATION_EXTERNALITY,0.0166728308979,0.016672830898,16.6728308979,16.672830898
DF_SINGLE_P021::CLUSTERED_SHORTFALL::THETA_0100::EXTERNALITY_CF_BETA_050::Q95::max_export_lp,9,1,True,RECOVERABLE_ALLOCATION_EXTERNALITY,0.0209788073243,0.0209788073267,20.9788073243,20.9788073267
DF_SINGLE_P021::CLUSTERED_SHORTFALL::THETA_0100::EXTERNALITY_CF_BETA_050::Q95::max_export_lp,10,1,True,RECOVERABLE_ALLOCATION_EXTERNALITY,0.0183963765557,0.0183963765558,18.3963765557,18.3963765558
DF_SINGLE_P021::CLUSTERED_SHORTFALL::THETA_0100::EXTERNALITY_CF_BETA_050::Q95::max_export_lp,11,1,True,RECOVERABLE_ALLOCATION_EXTERNALITY,0.0267494295721,0.0267494295721,26.7494295721,26.7494295721
DF_SINGLE_P021::CLUSTERED_SHORTFALL::THETA_0100::EXTERNALITY_CF_BETA_050::Q95::max_export_lp,12,1,True,RECOVERABLE_ALLOCATION_EXTERNALITY,0.0292741746455,0.0292741746456,29.2741746455,29.2741746456
DF_SINGLE_P021::CLUSTERED_SHORTFALL::THETA_0100::EXTERNALITY_CF_BETA_050::Q95::max_export_lp,13,1,True,RECOVERABLE_ALLOCATION_EXTERNALITY,0.0388215169373,0.0388215169379,38.8215169373,38.8215169379
DF_SINGLE_P021::CLUSTERED_SHORTFALL::THETA_0100::EXTERNALITY_CF_BETA_050::Q95::max_export_lp,14,1,True,RECOVERABLE_ALLOCATION_EXTERNALITY,0.0379653925418,0.0379653925418,37.9653925418,37.9653925418
DF_SINGLE_P021::CLUSTERED_SHORTFALL::THETA_0100::EXTERNALITY_CF_BETA_050::Q95::max_export_lp,15,1,True,RECOVERABLE_ALLOCATION_EXTERNALITY,0.0292688953355,0.0292688953356,29.2688953355,29.2688953356
DF_SINGLE_P021::CLUSTERED_SHORTFALL::THETA_0100::EXTERNALITY_CF_BETA_050::Q95::max_export_lp,16,1,True,RECOVERABLE_ALLOCATION_EXTERNALITY,0.0322868294706,0.0322868294706,32.2868294706,32.2868294706
DF_SINGLE_P021::CLUSTERED_SHORTFALL::THETA_0100::EXTERNALITY_CF_BETA_050::Q95::fairness_qp,1,1,True,RECOVERABLE_ALLOCATION_EXTERNALITY,0.0181236529297,0.0386852614669,18.1236529297,38.6852614669
DF_SINGLE_P021::CLUSTERED_SHORTFALL::THETA_0100::EXTERNALITY_CF_BETA_050::Q95::fairness_qp,2,1,True,RECOVERABLE_ALLOCATION_EXTERNALITY,0.0276842753803,0.0486330033573,27.6842753803,48.6330033573
DF_SINGLE_P021::CLUSTERED_SHORTFALL::THETA_0100::EXTERNALITY_CF_BETA_050::Q95::fairness_qp,3,1,True,RECOVERABLE_ALLOCATION_EXTERNALITY,0.0238050818454,0.0385515342906,23.8050818454,38.5515342906
DF_SINGLE_P021::CLUSTERED_SHORTFALL::THETA_0100::EXTERNALITY_CF_BETA_050::Q95::fairness_qp,4,1,True,RECOVERABLE_ALLOCATION_EXTERNALITY,0.0316589100785,0.042054702585,31.6589100785,42.054702585
DF_SINGLE_P021::CLUSTERED_SHORTFALL::THETA_0100::EXTERNALITY_CF_BETA_050::Q95::fairness_qp,5,1,True,RECOVERABLE_ALLOCATION_EXTERNALITY,0.0317177774537,0.0433641313987,31.7177774537,43.3641313987
DF_SINGLE_P021::CLUSTERED_SHORTFALL::THETA_0100::EXTERNALITY_CF_BETA_050::Q95::fairness_qp,6,1,True,RECOVERABLE_ALLOCATION_EXTERNALITY,0.0383777243789,0.047773101623,38.3777243789,47.773101623
DF_SINGLE_P021::CLUSTERED_SHORTFALL::THETA_0100::EXTERNALITY_CF_BETA_050::Q95::fairness_qp,7,1,True,RECOVERABLE_ALLOCATION_EXTERNALITY,0.0315076058991,0.0411629962786,31.5076058991,41.1629962786
DF_SINGLE_P021::CLUSTERED_SHORTFALL::THETA_0100::EXTERNALITY_CF_BETA_050::Q95::fairness_qp,8,1,True,RECOVERABLE_ALLOCATION_EXTERNALITY,0.0227021466058,0.0332607570679,22.7021466058,33.2607570679
DF_SINGLE_P021::CLUSTERED_SHORTFALL::THETA_0100::EXTERNALITY_CF_BETA_050::Q95::fairness_qp,9,1,True,RECOVERABLE_ALLOCATION_EXTERNALITY,0.0321014340229,0.0401887697521,32.1014340229,40.1887697521
DF_SINGLE_P021::CLUSTERED_SHORTFALL::THETA_0100::EXTERNALITY_CF_BETA_050::Q95::fairness_qp,10,1,True,RECOVERABLE_ALLOCATION_EXTERNALITY,0.0233970684835,0.036602900185,23.3970684835,36.602900185
DF_SINGLE_P021::CLUSTERED_SHORTFALL::THETA_0100::EXTERNALITY_CF_BETA_050::Q95::fairness_qp,11,1,True,RECOVERABLE_ALLOCATION_EXTERNALITY,0.012186609931,0.0218862151799,12.186609931,21.8862151799
DF_SINGLE_P021::CLUSTERED_SHORTFALL::THETA_0100::EXTERNALITY_CF_BETA_050::Q95::fairness_qp,12,1,True,RECOVERABLE_ALLOCATION_EXTERNALITY,0.0157144467727,0.0304551326914,15.7144467727,30.4551326914
DF_SINGLE_P021::CLUSTERED_SHORTFALL::THETA_0100::EXTERNALITY_CF_BETA_050::Q95::fairness_qp,13,1,True,RECOVERABLE_ALLOCATION_EXTERNALITY,0.0161041759779,0.0328564596546,16.1041759779,32.8564596546
DF_SINGLE_P021::CLUSTERED_SHORTFALL::THETA_0100::EXTERNALITY_CF_BETA_050::Q95::fairness_qp,14,1,True,RECOVERABLE_ALLOCATION_EXTERNALITY,0.0181094599815,0.0367282404161,18.1094599815,36.7282404161
DF_SINGLE_P021::CLUSTERED_SHORTFALL::THETA_0100::EXTERNALITY_CF_BETA_050::Q95::fairness_qp,15,1,True,RECOVERABLE_ALLOCATION_EXTERNALITY,0.00502947402348,0.0250657343483,5.02947402348,25.0657343483
DF_SINGLE_P021::CLUSTERED_SHORTFALL::THETA_0100::EXTERNALITY_CF_BETA_050::Q95::fairness_qp,16,1,True,RECOVERABLE_ALLOCATION_EXTERNALITY,0.0171383527773,0.0364261190274,17.1383527773,36.4261190274
DF_SINGLE_P021::CLUSTERED_SHORTFALL::THETA_1000::EXTERNALITY_CF_BETA_050::Q0::weighted_proportional,1,10,True,RECOVERABLE_ALLOCATION_EXTERNALITY,0.0454683665244,0.0776801967578,45.4683665244,77.6801967578
DF_SINGLE_P021::CLUSTERED_SHORTFALL::THETA_1000::EXTERNALITY_CF_BETA_050::Q0::weighted_proportional,2,10,True,RECOVERABLE_ALLOCATION_EXTERNALITY,0.0438728091068,0.074552768946,43.8728091068,74.552768946
DF_SINGLE_P021::CLUSTERED_SHORTFALL::THETA_1000::EXTERNALITY_CF_BETA_050::Q0::weighted_proportional,3,10,True,RECOVERABLE_ALLOCATION_EXTERNALITY,0.0313321030083,0.0571915170113,31.3321030083,57.1915170113
DF_SINGLE_P021::CLUSTERED_SHORTFALL::THETA_1000::EXTERNALITY_CF_BETA_050::Q0::weighted_proportional,4,10,True,RECOVERABLE_ALLOCATION_EXTERNALITY,0.0414106789139,0.0586993519569,41.4106789139,58.6993519569
DF_SINGLE_P021::CLUSTERED_SHORTFALL::THETA_1000::EXTERNALITY_CF_BETA_050::Q0::weighted_proportional,5,10,True,RECOVERABLE_ALLOCATION_EXTERNALITY,0.0196316871588,0.0585002789822,19.6316871588,58.5002789822
DF_SINGLE_P021::CLUSTERED_SHORTFALL::THETA_1000::EXTERNALITY_CF_BETA_050::Q0::weighted_proportional,6,10,True,RECOVERABLE_ALLOCATION_EXTERNALITY,0.0164497187025,0.0528767762253,16.4497187025,52.8767762253
DF_SINGLE_P021::CLUSTERED_SHORTFALL::THETA_1000::EXTERNALITY_CF_BETA_050::Q0::weighted_proportional,7,10,True,RECOVERABLE_ALLOCATION_EXTERNALITY,0.0170655544277,0.0550862957171,17.0655544277,55.0862957171
DF_SINGLE_P021::CLUSTERED_SHORTFALL::THETA_1000::EXTERNALITY_CF_BETA_050::Q0::weighted_proportional,8,10,True,RECOVERABLE_ALLOCATION_EXTERNALITY,0.0167606174188,0.0498166754524,16.7606174188,49.8166754524
DF_SINGLE_P021::CLUSTERED_SHORTFALL::THETA_1000::EXTERNALITY_CF_BETA_050::Q0::weighted_proportional,9,10,True,RECOVERABLE_ALLOCATION_EXTERNALITY,0.0188220880042,0.0543105944709,18.8220880042,54.3105944709
DF_SINGLE_P021::CLUSTERED_SHORTFALL::THETA_1000::EXTERNALITY_CF_BETA_050::Q0::weighted_proportional,10,10,True,RECOVERABLE_ALLOCATION_EXTERNALITY,0.0324465704665,0.0639550789984,32.4465704665,63.9550789984
DF_SINGLE_P021::CLUSTERED_SHORTFALL::THETA_1000::EXTERNALITY_CF_BETA_050::Q0::weighted_proportional,11,10,True,RECOVERABLE_ALLOCATION_EXTERNALITY,0.0510926567836,0.065985521347,51.0926567836,65.985521347
DF_SINGLE_P021::CLUSTERED_SHORTFALL::THETA_1000::EXTERNALITY_CF_BETA_050::Q0::weighted_proportional,12,10,True,RECOVERABLE_ALLOCATION_EXTERNALITY,0.0469782879017,0.0666713319526,46.9782879017,66.6713319526
DF_SINGLE_P021::CLUSTERED_SHORTFALL::THETA_1000::EXTERNALITY_CF_BETA_050::Q0::weighted_proportional,13,10,True,RECOVERABLE_ALLOCATION_EXTERNALITY,0.0451420269697,0.0682202493089,45.1420269697,68.2202493089
DF_SINGLE_P021::CLUSTERED_SHORTFALL::THETA_1000::EXTERNALITY_CF_BETA_050::Q0::weighted_proportional,14,10,True,RECOVERABLE_ALLOCATION_EXTERNALITY,0.0427339640777,0.0673222279057,42.7339640777,67.3222279057
DF_SINGLE_P021::CLUSTERED_SHORTFALL::THETA_1000::EXTERNALITY_CF_BETA_050::Q0::weighted_proportional,15,10,True,RECOVERABLE_ALLOCATION_EXTERNALITY,0.0289069106272,0.0545009304266,28.9069106272,54.5009304266
DF_SINGLE_P021::CLUSTERED_SHORTFALL::THETA_1000::EXTERNALITY_CF_BETA_050::Q0::weighted_proportional,16,10,True,RECOVERABLE_ALLOCATION_EXTERNALITY,0.0329141664874,0.0601962658424,32.9141664874,60.1962658424
DF_SINGLE_P021::CLUSTERED_SHORTFALL::THETA_1000::EXTERNALITY_CF_BETA_050::Q0::equal_kw_reduction,1,10,True,RECOVERABLE_ALLOCATION_EXTERNALITY,0.0230383537859,0.0472027773116,23.0383537859,47.2027773116
DF_SINGLE_P021::CLUSTERED_SHORTFALL::THETA_1000::EXTERNALITY_CF_BETA_050::Q0::equal_kw_reduction,2,10,True,RECOVERABLE_ALLOCATION_EXTERNALITY,0.0282811397204,0.0510063822169,28.2811397204,51.0063822169
DF_SINGLE_P021::CLUSTERED_SHORTFALL::THETA_1000::EXTERNALITY_CF_BETA_050::Q0::equal_kw_reduction,3,10,True,RECOVERABLE_ALLOCATION_EXTERNALITY,0.0162494827405,0.0365370602526,16.2494827405,36.5370602526
DF_SINGLE_P021::CLUSTERED_SHORTFALL::THETA_1000::EXTERNALITY_CF_BETA_050::Q0::equal_kw_reduction,4,10,True,RECOVERABLE_ALLOCATION_EXTERNALITY,0.0188296839245,0.0309708496383,18.8296839245,30.9708496383
DF_SINGLE_P021::CLUSTERED_SHORTFALL::THETA_1000::EXTERNALITY_CF_BETA_050::Q0::equal_kw_reduction,5,10,True,RECOVERABLE_ALLOCATION_EXTERNALITY,0.0180390155781,0.0392833192286,18.0390155781,39.2833192286
DF_SINGLE_P021::CLUSTERED_SHORTFALL::THETA_1000::EXTERNALITY_CF_BETA_050::Q0::equal_kw_reduction,6,10,True,RECOVERABLE_ALLOCATION_EXTERNALITY,0.020758684285,0.0402972028217,20.758684285,40.2972028217
DF_SINGLE_P021::CLUSTERED_SHORTFALL::THETA_1000::EXTERNALITY_CF_BETA_050::Q0::equal_kw_reduction,7,10,True,RECOVERABLE_ALLOCATION_EXTERNALITY,0.0159569120647,0.0359931699112,15.9569120647,35.9931699112
DF_SINGLE_P021::CLUSTERED_SHORTFALL::THETA_1000::EXTERNALITY_CF_BETA_050::Q0::equal_kw_reduction,8,10,True,RECOVERABLE_ALLOCATION_EXTERNALITY,0.0113634551191,0.0281131069415,11.3634551191,28.1131069415
DF_SINGLE_P021::CLUSTERED_SHORTFALL::THETA_1000::EXTERNALITY_CF_BETA_050::Q0::equal_kw_reduction,9,10,True,RECOVERABLE_ALLOCATION_EXTERNALITY,0.013455775661,0.0313074049949,13.455775661,31.3074049949
DF_SINGLE_P021::CLUSTERED_SHORTFALL::THETA_1000::EXTERNALITY_CF_BETA_050::Q0::equal_kw_reduction,10,10,True,RECOVERABLE_ALLOCATION_EXTERNALITY,0.0173975741091,0.0330650471972,17.3975741091,33.0650471972
DF_SINGLE_P021::CLUSTERED_SHORTFALL::THETA_1000::EXTERNALITY_CF_BETA_050::Q0::equal_kw_reduction,11,10,True,RECOVERABLE_ALLOCATION_EXTERNALITY,0.0164163511191,0.0361954630541,16.4163511191,36.1954630541
DF_SINGLE_P021::CLUSTERED_SHORTFALL::THETA_1000::EXTERNALITY_CF_BETA_050::Q0::equal_kw_reduction,12,10,True,RECOVERABLE_ALLOCATION_EXTERNALITY,0.022197274254,0.0368900277534,22.197274254,36.8900277534
DF_SINGLE_P021::CLUSTERED_SHORTFALL::THETA_1000::EXTERNALITY_CF_BETA_050::Q0::equal_kw_reduction,13,10,True,RECOVERABLE_ALLOCATION_EXTERNALITY,0.0231832203289,0.0433345253642,23.1832203289,43.3345253642
DF_SINGLE_P021::CLUSTERED_SHORTFALL::THETA_1000::EXTERNALITY_CF_BETA_050::Q0::equal_kw_reduction,14,10,True,RECOVERABLE_ALLOCATION_EXTERNALITY,0.0210473279323,0.0397520189298,21.0473279323,39.7520189298
DF_SINGLE_P021::CLUSTERED_SHORTFALL::THETA_1000::EXTERNALITY_CF_BETA_050::Q0::equal_kw_reduction,15,10,True,RECOVERABLE_ALLOCATION_EXTERNALITY,0.0154610321635,0.0368202691489,15.4610321635,36.8202691489
DF_SINGLE_P021::CLUSTERED_SHORTFALL::THETA_1000::EXTERNALITY_CF_BETA_050::Q0::equal_kw_reduction,16,10,True,RECOVERABLE_ALLOCATION_EXTERNALITY,0.0190572577002,0.034483704598,19.0572577002,34.483704598
DF_SINGLE_P021::CLUSTERED_SHORTFALL::THETA_1000::EXTERNALITY_CF_BETA_050::Q0::flat_level,1,10,True,RECOVERABLE_ALLOCATION_EXTERNALITY,0.139214964596,0.139214964596,139.214964596,139.214964596
DF_SINGLE_P021::CLUSTERED_SHORTFALL::THETA_1000::EXTERNALITY_CF_BETA_050::Q0::flat_level,2,10,True,RECOVERABLE_ALLOCATION_EXTERNALITY,0.141707706106,0.141707706106,141.707706106,141.707706106
DF_SINGLE_P021::CLUSTERED_SHORTFALL::THETA_1000::EXTERNALITY_CF_BETA_050::Q0::flat_level,3,10,True,RECOVERABLE_ALLOCATION_EXTERNALITY,0.128067652788,0.128067652788,128.067652788,128.067652788
DF_SINGLE_P021::CLUSTERED_SHORTFALL::THETA_1000::EXTERNALITY_CF_BETA_050::Q0::flat_level,4,10,True,RECOVERABLE_ALLOCATION_EXTERNALITY,0.0734144575311,0.0734144575311,73.4144575311,73.4144575311
DF_SINGLE_P021::CLUSTERED_SHORTFALL::THETA_1000::EXTERNALITY_CF_BETA_050::Q0::flat_level,5,10,True,RECOVERABLE_ALLOCATION_EXTERNALITY,0.0656082216117,0.0656082216117,65.6082216117,65.6082216117
DF_SINGLE_P021::CLUSTERED_SHORTFALL::THETA_1000::EXTERNALITY_CF_BETA_050::Q0::flat_level,6,10,True,RECOVERABLE_ALLOCATION_EXTERNALITY,0.0114330057828,0.0114330057828,11.4330057828,11.4330057828
DF_SINGLE_P021::CLUSTERED_SHORTFALL::THETA_1000::EXTERNALITY_CF_BETA_050::Q0::flat_level,7,10,True,RECOVERABLE_ALLOCATION_EXTERNALITY,0.0690087963595,0.0690087963595,69.0087963595,69.0087963595
DF_SINGLE_P021::CLUSTERED_SHORTFALL::THETA_1000::EXTERNALITY_CF_BETA_050::Q0::flat_level,8,10,True,RECOVERABLE_ALLOCATION_EXTERNALITY,0.0642470387944,0.0642470387944,64.2470387944,64.2470387944
DF_SINGLE_P021::CLUSTERED_SHORTFALL::THETA_1000::EXTERNALITY_CF_BETA_050::Q0::flat_level,9,10,True,RECOVERABLE_ALLOCATION_EXTERNALITY,0.076964859558,0.076964859558,76.964859558,76.964859558
DF_SINGLE_P021::CLUSTERED_SHORTFALL::THETA_1000::EXTERNALITY_CF_BETA_050::Q0::flat_level,10,10,True,RECOVERABLE_ALLOCATION_EXTERNALITY,0.10092427679,0.10092427679,100.92427679,100.92427679
DF_SINGLE_P021::CLUSTERED_SHORTFALL::THETA_1000::EXTERNALITY_CF_BETA_050::Q0::flat_level,11,10,True,RECOVERABLE_ALLOCATION_EXTERNALITY,0.0969456162393,0.0969456162393,96.9456162393,96.9456162393
DF_SINGLE_P021::CLUSTERED_SHORTFALL::THETA_1000::EXTERNALITY_CF_BETA_050::Q0::flat_level,12,10,True,RECOVERABLE_ALLOCATION_EXTERNALITY,0.123576838243,0.123576838243,123.576838243,123.576838243
DF_SINGLE_P021::CLUSTERED_SHORTFALL::THETA_1000::EXTERNALITY_CF_BETA_050::Q0::flat_level,13,10,True,RECOVERABLE_ALLOCATION_EXTERNALITY,0.0806776372909,0.0806776372909,80.6776372909,80.6776372909
DF_SINGLE_P021::CLUSTERED_SHORTFALL::THETA_1000::EXTERNALITY_CF_BETA_050::Q0::flat_level,14,10,True,RECOVERABLE_ALLOCATION_EXTERNALITY,0.110183089363,0.110183089363,110.183089363,110.183089363
DF_SINGLE_P021::CLUSTERED_SHORTFALL::THETA_1000::EXTERNALITY_CF_BETA_050::Q0::flat_level,15,10,True,RECOVERABLE_ALLOCATION_EXTERNALITY,0.0756350154776,0.0756350154776,75.6350154776,75.6350154776
DF_SINGLE_P021::CLUSTERED_SHORTFALL::THETA_1000::EXTERNALITY_CF_BETA_050::Q0::flat_level,16,10,True,RECOVERABLE_ALLOCATION_EXTERNALITY,0.0927395910917,0.0927395910917,92.7395910917,92.7395910917
DF_SINGLE_P021::CLUSTERED_SHORTFALL::THETA_1000::EXTERNALITY_CF_BETA_050::Q0::max_export_lp,1,10,True,RECOVERABLE_ALLOCATION_EXTERNALITY,0.0434111504612,0.0434111504614,43.4111504612,43.4111504614
DF_SINGLE_P021::CLUSTERED_SHORTFALL::THETA_1000::EXTERNALITY_CF_BETA_050::Q0::max_export_lp,2,10,True,RECOVERABLE_ALLOCATION_EXTERNALITY,0.0418359094066,0.0418359094071,41.8359094066,41.8359094071
DF_SINGLE_P021::CLUSTERED_SHORTFALL::THETA_1000::EXTERNALITY_CF_BETA_050::Q0::max_export_lp,3,10,True,RECOVERABLE_ALLOCATION_EXTERNALITY,0.0195828861771,0.0195828861776,19.5828861771,19.5828861776
DF_SINGLE_P021::CLUSTERED_SHORTFALL::THETA_1000::EXTERNALITY_CF_BETA_050::Q0::max_export_lp,4,10,True,RECOVERABLE_ALLOCATION_EXTERNALITY,0.0350626489841,0.0350626489841,35.0626489841,35.0626489841
DF_SINGLE_P021::CLUSTERED_SHORTFALL::THETA_1000::EXTERNALITY_CF_BETA_050::Q0::max_export_lp,5,10,True,RECOVERABLE_ALLOCATION_EXTERNALITY,0.038868246053,0.0388682460551,38.868246053,38.8682460551
DF_SINGLE_P021::CLUSTERED_SHORTFALL::THETA_1000::EXTERNALITY_CF_BETA_050::Q0::max_export_lp,6,10,True,RECOVERABLE_ALLOCATION_EXTERNALITY,0.0417883985729,0.0417883985729,41.7883985729,41.7883985729
DF_SINGLE_P021::CLUSTERED_SHORTFALL::THETA_1000::EXTERNALITY_CF_BETA_050::Q0::max_export_lp,7,10,True,RECOVERABLE_ALLOCATION_EXTERNALITY,0.0337135333923,0.0337135333933,33.7135333923,33.7135333933
DF_SINGLE_P021::CLUSTERED_SHORTFALL::THETA_1000::EXTERNALITY_CF_BETA_050::Q0::max_export_lp,8,10,True,RECOVERABLE_ALLOCATION_EXTERNALITY,0.0166728653121,0.0166728653133,16.6728653121,16.6728653133
DF_SINGLE_P021::CLUSTERED_SHORTFALL::THETA_1000::EXTERNALITY_CF_BETA_050::Q0::max_export_lp,9,10,True,RECOVERABLE_ALLOCATION_EXTERNALITY,0.0209788078059,0.0209788078177,20.9788078059,20.9788078177
DF_SINGLE_P021::CLUSTERED_SHORTFALL::THETA_1000::EXTERNALITY_CF_BETA_050::Q0::max_export_lp,10,10,True,RECOVERABLE_ALLOCATION_EXTERNALITY,0.0183963464867,0.0183963464868,18.3963464867,18.3963464868
DF_SINGLE_P021::CLUSTERED_SHORTFALL::THETA_1000::EXTERNALITY_CF_BETA_050::Q0::max_export_lp,11,10,True,RECOVERABLE_ALLOCATION_EXTERNALITY,0.0267495439865,0.0267495439893,26.7495439865,26.7495439893
DF_SINGLE_P021::CLUSTERED_SHORTFALL::THETA_1000::EXTERNALITY_CF_BETA_050::Q0::max_export_lp,12,10,True,RECOVERABLE_ALLOCATION_EXTERNALITY,0.0292741740681,0.0292741740682,29.2741740681,29.2741740682
DF_SINGLE_P021::CLUSTERED_SHORTFALL::THETA_1000::EXTERNALITY_CF_BETA_050::Q0::max_export_lp,13,10,True,RECOVERABLE_ALLOCATION_EXTERNALITY,0.0388215280691,0.0388215280691,38.8215280691,38.8215280691
DF_SINGLE_P021::CLUSTERED_SHORTFALL::THETA_1000::EXTERNALITY_CF_BETA_050::Q0::max_export_lp,14,10,True,RECOVERABLE_ALLOCATION_EXTERNALITY,0.0379653689105,0.0379653689173,37.9653689105,37.9653689173
DF_SINGLE_P021::CLUSTERED_SHORTFALL::THETA_1000::EXTERNALITY_CF_BETA_050::Q0::max_export_lp,15,10,True,RECOVERABLE_ALLOCATION_EXTERNALITY,0.0292689180812,0.0292689180843,29.2689180812,29.2689180843
DF_SINGLE_P021::CLUSTERED_SHORTFALL::THETA_1000::EXTERNALITY_CF_BETA_050::Q0::max_export_lp,16,10,True,RECOVERABLE_ALLOCATION_EXTERNALITY,0.0322868279995,0.0322868279997,32.2868279995,32.2868279997
DF_SINGLE_P021::CLUSTERED_SHORTFALL::THETA_1000::EXTERNALITY_CF_BETA_050::Q0::fairness_qp,1,10,True,RECOVERABLE_ALLOCATION_EXTERNALITY,0.0259894937887,0.0477923775006,25.9894937887,47.7923775006
DF_SINGLE_P021::CLUSTERED_SHORTFALL::THETA_1000::EXTERNALITY_CF_BETA_050::Q0::fairness_qp,2,10,True,RECOVERABLE_ALLOCATION_EXTERNALITY,0.0287199195612,0.0487224111122,28.7199195612,48.7224111122
DF_SINGLE_P021::CLUSTERED_SHORTFALL::THETA_1000::EXTERNALITY_CF_BETA_050::Q0::fairness_qp,3,10,True,RECOVERABLE_ALLOCATION_EXTERNALITY,0.0236969019424,0.0343364129977,23.6969019424,34.3364129977
DF_SINGLE_P021::CLUSTERED_SHORTFALL::THETA_1000::EXTERNALITY_CF_BETA_050::Q0::fairness_qp,4,10,True,RECOVERABLE_ALLOCATION_EXTERNALITY,0.0329983596974,0.0458839950444,32.9983596974,45.8839950444
DF_SINGLE_P021::CLUSTERED_SHORTFALL::THETA_1000::EXTERNALITY_CF_BETA_050::Q0::fairness_qp,5,10,True,RECOVERABLE_ALLOCATION_EXTERNALITY,0.0284808556834,0.0399351558046,28.4808556834,39.9351558046
DF_SINGLE_P021::CLUSTERED_SHORTFALL::THETA_1000::EXTERNALITY_CF_BETA_050::Q0::fairness_qp,6,10,True,RECOVERABLE_ALLOCATION_EXTERNALITY,0.0383777237772,0.0477730951385,38.3777237772,47.7730951385
DF_SINGLE_P021::CLUSTERED_SHORTFALL::THETA_1000::EXTERNALITY_CF_BETA_050::Q0::fairness_qp,7,10,True,RECOVERABLE_ALLOCATION_EXTERNALITY,0.0315076118377,0.0411629940165,31.5076118377,41.1629940165
DF_SINGLE_P021::CLUSTERED_SHORTFALL::THETA_1000::EXTERNALITY_CF_BETA_050::Q0::fairness_qp,8,10,True,RECOVERABLE_ALLOCATION_EXTERNALITY,0.0227021668099,0.0332607775314,22.7021668099,33.2607775314
DF_SINGLE_P021::CLUSTERED_SHORTFALL::THETA_1000::EXTERNALITY_CF_BETA_050::Q0::fairness_qp,9,10,True,RECOVERABLE_ALLOCATION_EXTERNALITY,0.0289350025861,0.0370223359497,28.9350025861,37.0223359497
DF_SINGLE_P021::CLUSTERED_SHORTFALL::THETA_1000::EXTERNALITY_CF_BETA_050::Q0::fairness_qp,10,10,True,RECOVERABLE_ALLOCATION_EXTERNALITY,0.0233970638065,0.0366028884881,23.3970638065,36.6028884881
DF_SINGLE_P021::CLUSTERED_SHORTFALL::THETA_1000::EXTERNALITY_CF_BETA_050::Q0::fairness_qp,11,10,True,RECOVERABLE_ALLOCATION_EXTERNALITY,0.0177999355982,0.0318610561535,17.7999355982,31.8610561535
DF_SINGLE_P021::CLUSTERED_SHORTFALL::THETA_1000::EXTERNALITY_CF_BETA_050::Q0::fairness_qp,12,10,True,RECOVERABLE_ALLOCATION_EXTERNALITY,0.0162798299232,0.026727020066,16.2798299232,26.727020066
DF_SINGLE_P021::CLUSTERED_SHORTFALL::THETA_1000::EXTERNALITY_CF_BETA_050::Q0::fairness_qp,13,10,True,RECOVERABLE_ALLOCATION_EXTERNALITY,0.0199368025878,0.0378810956291,19.9368025878,37.8810956291
DF_SINGLE_P021::CLUSTERED_SHORTFALL::THETA_1000::EXTERNALITY_CF_BETA_050::Q0::fairness_qp,14,10,True,RECOVERABLE_ALLOCATION_EXTERNALITY,0.0200972419904,0.0354231185438,20.0972419904,35.4231185438
DF_SINGLE_P021::CLUSTERED_SHORTFALL::THETA_1000::EXTERNALITY_CF_BETA_050::Q0::fairness_qp,15,10,True,RECOVERABLE_ALLOCATION_EXTERNALITY,0.00729994986355,0.0262646863882,7.29994986355,26.2646863882
DF_SINGLE_P021::CLUSTERED_SHORTFALL::THETA_1000::EXTERNALITY_CF_BETA_050::Q0::fairness_qp,16,10,True,RECOVERABLE_ALLOCATION_EXTERNALITY,0.0199607110632,0.0373628560774,19.9607110632,37.3628560774
DF_SINGLE_P021::CLUSTERED_SHORTFALL::THETA_1000::EXTERNALITY_CF_BETA_050::Q95::weighted_proportional,1,10,True,RECOVERABLE_ALLOCATION_EXTERNALITY,0.0454683665233,0.0776801967568,45.4683665233,77.6801967568
DF_SINGLE_P021::CLUSTERED_SHORTFALL::THETA_1000::EXTERNALITY_CF_BETA_050::Q95::weighted_proportional,2,10,True,RECOVERABLE_ALLOCATION_EXTERNALITY,0.0438728090888,0.074552768928,43.8728090888,74.552768928
DF_SINGLE_P021::CLUSTERED_SHORTFALL::THETA_1000::EXTERNALITY_CF_BETA_050::Q95::weighted_proportional,3,10,True,RECOVERABLE_ALLOCATION_EXTERNALITY,0.0313321030089,0.057191517012,31.3321030089,57.191517012
DF_SINGLE_P021::CLUSTERED_SHORTFALL::THETA_1000::EXTERNALITY_CF_BETA_050::Q95::weighted_proportional,4,10,True,RECOVERABLE_ALLOCATION_EXTERNALITY,0.0414106789131,0.0586993519562,41.4106789131,58.6993519562
DF_SINGLE_P021::CLUSTERED_SHORTFALL::THETA_1000::EXTERNALITY_CF_BETA_050::Q95::weighted_proportional,5,10,True,RECOVERABLE_ALLOCATION_EXTERNALITY,0.0196316871596,0.058500278983,19.6316871596,58.500278983
DF_SINGLE_P021::CLUSTERED_SHORTFALL::THETA_1000::EXTERNALITY_CF_BETA_050::Q95::weighted_proportional,6,10,True,RECOVERABLE_ALLOCATION_EXTERNALITY,0.0164497187031,0.0528767762261,16.4497187031,52.8767762261
DF_SINGLE_P021::CLUSTERED_SHORTFALL::THETA_1000::EXTERNALITY_CF_BETA_050::Q95::weighted_proportional,7,10,True,RECOVERABLE_ALLOCATION_EXTERNALITY,0.0170655544268,0.0550862957164,17.0655544268,55.0862957164
DF_SINGLE_P021::CLUSTERED_SHORTFALL::THETA_1000::EXTERNALITY_CF_BETA_050::Q95::weighted_proportional,8,10,True,RECOVERABLE_ALLOCATION_EXTERNALITY,0.0167606174173,0.0498166754509,16.7606174173,49.8166754509
DF_SINGLE_P021::CLUSTERED_SHORTFALL::THETA_1000::EXTERNALITY_CF_BETA_050::Q95::weighted_proportional,9,10,True,RECOVERABLE_ALLOCATION_EXTERNALITY,0.0188220880051,0.0543105944718,18.8220880051,54.3105944718
DF_SINGLE_P021::CLUSTERED_SHORTFALL::THETA_1000::EXTERNALITY_CF_BETA_050::Q95::weighted_proportional,10,10,True,RECOVERABLE_ALLOCATION_EXTERNALITY,0.0324465704661,0.0639550789982,32.4465704661,63.9550789982
DF_SINGLE_P021::CLUSTERED_SHORTFALL::THETA_1000::EXTERNALITY_CF_BETA_050::Q95::weighted_proportional,11,10,True,RECOVERABLE_ALLOCATION_EXTERNALITY,0.0510926567813,0.0659855213448,51.0926567813,65.9855213448
DF_SINGLE_P021::CLUSTERED_SHORTFALL::THETA_1000::EXTERNALITY_CF_BETA_050::Q95::weighted_proportional,12,10,True,RECOVERABLE_ALLOCATION_EXTERNALITY,0.0469782879014,0.0666713319523,46.9782879014,66.6713319523
DF_SINGLE_P021::CLUSTERED_SHORTFALL::THETA_1000::EXTERNALITY_CF_BETA_050::Q95::weighted_proportional,13,10,True,RECOVERABLE_ALLOCATION_EXTERNALITY,0.0451420269691,0.0682202493083,45.1420269691,68.2202493083
DF_SINGLE_P021::CLUSTERED_SHORTFALL::THETA_1000::EXTERNALITY_CF_BETA_050::Q95::weighted_proportional,14,10,True,RECOVERABLE_ALLOCATION_EXTERNALITY,0.0427339640767,0.0673222279048,42.7339640767,67.3222279048
DF_SINGLE_P021::CLUSTERED_SHORTFALL::THETA_1000::EXTERNALITY_CF_BETA_050::Q95::weighted_proportional,15,10,True,RECOVERABLE_ALLOCATION_EXTERNALITY,0.0289069106273,0.0545009304268,28.9069106273,54.5009304268
DF_SINGLE_P021::CLUSTERED_SHORTFALL::THETA_1000::EXTERNALITY_CF_BETA_050::Q95::weighted_proportional,16,10,True,RECOVERABLE_ALLOCATION_EXTERNALITY,0.0329141664854,0.0601962658405,32.9141664854,60.1962658405
DF_SINGLE_P021::CLUSTERED_SHORTFALL::THETA_1000::EXTERNALITY_CF_BETA_050::Q95::equal_kw_reduction,1,10,True,RECOVERABLE_ALLOCATION_EXTERNALITY,0.0230383537859,0.0472027773116,23.0383537859,47.2027773116
DF_SINGLE_P021::CLUSTERED_SHORTFALL::THETA_1000::EXTERNALITY_CF_BETA_050::Q95::equal_kw_reduction,2,10,True,RECOVERABLE_ALLOCATION_EXTERNALITY,0.0282811397204,0.0510063822169,28.2811397204,51.0063822169
DF_SINGLE_P021::CLUSTERED_SHORTFALL::THETA_1000::EXTERNALITY_CF_BETA_050::Q95::equal_kw_reduction,3,10,True,RECOVERABLE_ALLOCATION_EXTERNALITY,0.0162494827405,0.0365370602526,16.2494827405,36.5370602526
DF_SINGLE_P021::CLUSTERED_SHORTFALL::THETA_1000::EXTERNALITY_CF_BETA_050::Q95::equal_kw_reduction,4,10,True,RECOVERABLE_ALLOCATION_EXTERNALITY,0.0188296839245,0.0309708496383,18.8296839245,30.9708496383
DF_SINGLE_P021::CLUSTERED_SHORTFALL::THETA_1000::EXTERNALITY_CF_BETA_050::Q95::equal_kw_reduction,5,10,True,RECOVERABLE_ALLOCATION_EXTERNALITY,0.0180390155781,0.0392833192286,18.0390155781,39.2833192286
DF_SINGLE_P021::CLUSTERED_SHORTFALL::THETA_1000::EXTERNALITY_CF_BETA_050::Q95::equal_kw_reduction,6,10,True,RECOVERABLE_ALLOCATION_EXTERNALITY,0.020758684285,0.0402972028217,20.758684285,40.2972028217
DF_SINGLE_P021::CLUSTERED_SHORTFALL::THETA_1000::EXTERNALITY_CF_BETA_050::Q95::equal_kw_reduction,7,10,True,RECOVERABLE_ALLOCATION_EXTERNALITY,0.0159569120647,0.0359931699112,15.9569120647,35.9931699112
DF_SINGLE_P021::CLUSTERED_SHORTFALL::THETA_1000::EXTERNALITY_CF_BETA_050::Q95::equal_kw_reduction,8,10,True,RECOVERABLE_ALLOCATION_EXTERNALITY,0.0113634551191,0.0281131069415,11.3634551191,28.1131069415
DF_SINGLE_P021::CLUSTERED_SHORTFALL::THETA_1000::EXTERNALITY_CF_BETA_050::Q95::equal_kw_reduction,9,10,True,RECOVERABLE_ALLOCATION_EXTERNALITY,0.013455775661,0.0313074049949,13.455775661,31.3074049949
DF_SINGLE_P021::CLUSTERED_SHORTFALL::THETA_1000::EXTERNALITY_CF_BETA_050::Q95::equal_kw_reduction,10,10,True,RECOVERABLE_ALLOCATION_EXTERNALITY,0.0173975741091,0.0330650471972,17.3975741091,33.0650471972
DF_SINGLE_P021::CLUSTERED_SHORTFALL::THETA_1000::EXTERNALITY_CF_BETA_050::Q95::equal_kw_reduction,11,10,True,RECOVERABLE_ALLOCATION_EXTERNALITY,0.0164163511191,0.0361954630541,16.4163511191,36.1954630541
DF_SINGLE_P021::CLUSTERED_SHORTFALL::THETA_1000::EXTERNALITY_CF_BETA_050::Q95::equal_kw_reduction,12,10,True,RECOVERABLE_ALLOCATION_EXTERNALITY,0.022197274254,0.0368900277534,22.197274254,36.8900277534
DF_SINGLE_P021::CLUSTERED_SHORTFALL::THETA_1000::EXTERNALITY_CF_BETA_050::Q95::equal_kw_reduction,13,10,True,RECOVERABLE_ALLOCATION_EXTERNALITY,0.0231832203289,0.0433345253642,23.1832203289,43.3345253642
DF_SINGLE_P021::CLUSTERED_SHORTFALL::THETA_1000::EXTERNALITY_CF_BETA_050::Q95::equal_kw_reduction,14,10,True,RECOVERABLE_ALLOCATION_EXTERNALITY,0.0210473279323,0.0397520189298,21.0473279323,39.7520189298
DF_SINGLE_P021::CLUSTERED_SHORTFALL::THETA_1000::EXTERNALITY_CF_BETA_050::Q95::equal_kw_reduction,15,10,True,RECOVERABLE_ALLOCATION_EXTERNALITY,0.0154610321635,0.0368202691489,15.4610321635,36.8202691489
DF_SINGLE_P021::CLUSTERED_SHORTFALL::THETA_1000::EXTERNALITY_CF_BETA_050::Q95::equal_kw_reduction,16,10,True,RECOVERABLE_ALLOCATION_EXTERNALITY,0.0190572577002,0.034483704598,19.0572577002,34.483704598
DF_SINGLE_P021::CLUSTERED_SHORTFALL::THETA_1000::EXTERNALITY_CF_BETA_050::Q95::flat_level,1,10,True,RECOVERABLE_ALLOCATION_EXTERNALITY,0.139214964596,0.139214964596,139.214964596,139.214964596
DF_SINGLE_P021::CLUSTERED_SHORTFALL::THETA_1000::EXTERNALITY_CF_BETA_050::Q95::flat_level,2,10,True,RECOVERABLE_ALLOCATION_EXTERNALITY,0.141707706106,0.141707706106,141.707706106,141.707706106
DF_SINGLE_P021::CLUSTERED_SHORTFALL::THETA_1000::EXTERNALITY_CF_BETA_050::Q95::flat_level,3,10,True,RECOVERABLE_ALLOCATION_EXTERNALITY,0.128067652788,0.128067652788,128.067652788,128.067652788
DF_SINGLE_P021::CLUSTERED_SHORTFALL::THETA_1000::EXTERNALITY_CF_BETA_050::Q95::flat_level,4,10,True,RECOVERABLE_ALLOCATION_EXTERNALITY,0.0734144575311,0.0734144575311,73.4144575311,73.4144575311
DF_SINGLE_P021::CLUSTERED_SHORTFALL::THETA_1000::EXTERNALITY_CF_BETA_050::Q95::flat_level,5,10,True,RECOVERABLE_ALLOCATION_EXTERNALITY,0.0656082216117,0.0656082216117,65.6082216117,65.6082216117
DF_SINGLE_P021::CLUSTERED_SHORTFALL::THETA_1000::EXTERNALITY_CF_BETA_050::Q95::flat_level,6,10,True,RECOVERABLE_ALLOCATION_EXTERNALITY,0.0114330057828,0.0114330057828,11.4330057828,11.4330057828
DF_SINGLE_P021::CLUSTERED_SHORTFALL::THETA_1000::EXTERNALITY_CF_BETA_050::Q95::flat_level,7,10,True,RECOVERABLE_ALLOCATION_EXTERNALITY,0.0690087963595,0.0690087963595,69.0087963595,69.0087963595
DF_SINGLE_P021::CLUSTERED_SHORTFALL::THETA_1000::EXTERNALITY_CF_BETA_050::Q95::flat_level,8,10,True,RECOVERABLE_ALLOCATION_EXTERNALITY,0.0642470387944,0.0642470387944,64.2470387944,64.2470387944
DF_SINGLE_P021::CLUSTERED_SHORTFALL::THETA_1000::EXTERNALITY_CF_BETA_050::Q95::flat_level,9,10,True,RECOVERABLE_ALLOCATION_EXTERNALITY,0.076964859558,0.076964859558,76.964859558,76.964859558
DF_SINGLE_P021::CLUSTERED_SHORTFALL::THETA_1000::EXTERNALITY_CF_BETA_050::Q95::flat_level,10,10,True,RECOVERABLE_ALLOCATION_EXTERNALITY,0.10092427679,0.10092427679,100.92427679,100.92427679
DF_SINGLE_P021::CLUSTERED_SHORTFALL::THETA_1000::EXTERNALITY_CF_BETA_050::Q95::flat_level,11,10,True,RECOVERABLE_ALLOCATION_EXTERNALITY,0.0969456162393,0.0969456162393,96.9456162393,96.9456162393
DF_SINGLE_P021::CLUSTERED_SHORTFALL::THETA_1000::EXTERNALITY_CF_BETA_050::Q95::flat_level,12,10,True,RECOVERABLE_ALLOCATION_EXTERNALITY,0.123576838243,0.123576838243,123.576838243,123.576838243
DF_SINGLE_P021::CLUSTERED_SHORTFALL::THETA_1000::EXTERNALITY_CF_BETA_050::Q95::flat_level,13,10,True,RECOVERABLE_ALLOCATION_EXTERNALITY,0.0806776372909,0.0806776372909,80.6776372909,80.6776372909
DF_SINGLE_P021::CLUSTERED_SHORTFALL::THETA_1000::EXTERNALITY_CF_BETA_050::Q95::flat_level,14,10,True,RECOVERABLE_ALLOCATION_EXTERNALITY,0.110183089363,0.110183089363,110.183089363,110.183089363
DF_SINGLE_P021::CLUSTERED_SHORTFALL::THETA_1000::EXTERNALITY_CF_BETA_050::Q95::flat_level,15,10,True,RECOVERABLE_ALLOCATION_EXTERNALITY,0.0756350154776,0.0756350154776,75.6350154776,75.6350154776
DF_SINGLE_P021::CLUSTERED_SHORTFALL::THETA_1000::EXTERNALITY_CF_BETA_050::Q95::flat_level,16,10,True,RECOVERABLE_ALLOCATION_EXTERNALITY,0.0927395910917,0.0927395910917,92.7395910917,92.7395910917
DF_SINGLE_P021::CLUSTERED_SHORTFALL::THETA_1000::EXTERNALITY_CF_BETA_050::Q95::max_export_lp,1,10,True,RECOVERABLE_ALLOCATION_EXTERNALITY,0.0434111907577,0.0434111907577,43.4111907577,43.4111907577
DF_SINGLE_P021::CLUSTERED_SHORTFALL::THETA_1000::EXTERNALITY_CF_BETA_050::Q95::max_export_lp,2,10,True,RECOVERABLE_ALLOCATION_EXTERNALITY,0.0418362904372,0.0418362904372,41.8362904372,41.8362904372
DF_SINGLE_P021::CLUSTERED_SHORTFALL::THETA_1000::EXTERNALITY_CF_BETA_050::Q95::max_export_lp,3,10,True,RECOVERABLE_ALLOCATION_EXTERNALITY,0.0195828765185,0.0195828765187,19.5828765185,19.5828765187
DF_SINGLE_P021::CLUSTERED_SHORTFALL::THETA_1000::EXTERNALITY_CF_BETA_050::Q95::max_export_lp,4,10,True,RECOVERABLE_ALLOCATION_EXTERNALITY,0.0350626662727,0.0350626662729,35.0626662727,35.0626662729
DF_SINGLE_P021::CLUSTERED_SHORTFALL::THETA_1000::EXTERNALITY_CF_BETA_050::Q95::max_export_lp,5,10,True,RECOVERABLE_ALLOCATION_EXTERNALITY,0.0388682460736,0.0388682460775,38.8682460736,38.8682460775
DF_SINGLE_P021::CLUSTERED_SHORTFALL::THETA_1000::EXTERNALITY_CF_BETA_050::Q95::max_export_lp,6,10,True,RECOVERABLE_ALLOCATION_EXTERNALITY,0.0417883983069,0.0417883983074,41.7883983069,41.7883983074
DF_SINGLE_P021::CLUSTERED_SHORTFALL::THETA_1000::EXTERNALITY_CF_BETA_050::Q95::max_export_lp,7,10,True,RECOVERABLE_ALLOCATION_EXTERNALITY,0.0337135257506,0.0337135257554,33.7135257506,33.7135257554
DF_SINGLE_P021::CLUSTERED_SHORTFALL::THETA_1000::EXTERNALITY_CF_BETA_050::Q95::max_export_lp,8,10,True,RECOVERABLE_ALLOCATION_EXTERNALITY,0.0166728308979,0.016672830898,16.6728308979,16.672830898
DF_SINGLE_P021::CLUSTERED_SHORTFALL::THETA_1000::EXTERNALITY_CF_BETA_050::Q95::max_export_lp,9,10,True,RECOVERABLE_ALLOCATION_EXTERNALITY,0.0209788073243,0.0209788073267,20.9788073243,20.9788073267
DF_SINGLE_P021::CLUSTERED_SHORTFALL::THETA_1000::EXTERNALITY_CF_BETA_050::Q95::max_export_lp,10,10,True,RECOVERABLE_ALLOCATION_EXTERNALITY,0.0183963765557,0.0183963765558,18.3963765557,18.3963765558
DF_SINGLE_P021::CLUSTERED_SHORTFALL::THETA_1000::EXTERNALITY_CF_BETA_050::Q95::max_export_lp,11,10,True,RECOVERABLE_ALLOCATION_EXTERNALITY,0.0267494295721,0.0267494295721,26.7494295721,26.7494295721
DF_SINGLE_P021::CLUSTERED_SHORTFALL::THETA_1000::EXTERNALITY_CF_BETA_050::Q95::max_export_lp,12,10,True,RECOVERABLE_ALLOCATION_EXTERNALITY,0.0292741746455,0.0292741746456,29.2741746455,29.2741746456
DF_SINGLE_P021::CLUSTERED_SHORTFALL::THETA_1000::EXTERNALITY_CF_BETA_050::Q95::max_export_lp,13,10,True,RECOVERABLE_ALLOCATION_EXTERNALITY,0.0388215169373,0.0388215169379,38.8215169373,38.8215169379
DF_SINGLE_P021::CLUSTERED_SHORTFALL::THETA_1000::EXTERNALITY_CF_BETA_050::Q95::max_export_lp,14,10,True,RECOVERABLE_ALLOCATION_EXTERNALITY,0.0379653925418,0.0379653925418,37.9653925418,37.9653925418
DF_SINGLE_P021::CLUSTERED_SHORTFALL::THETA_1000::EXTERNALITY_CF_BETA_050::Q95::max_export_lp,15,10,True,RECOVERABLE_ALLOCATION_EXTERNALITY,0.0292688953355,0.0292688953356,29.2688953355,29.2688953356
DF_SINGLE_P021::CLUSTERED_SHORTFALL::THETA_1000::EXTERNALITY_CF_BETA_050::Q95::max_export_lp,16,10,True,RECOVERABLE_ALLOCATION_EXTERNALITY,0.0322868294706,0.0322868294706,32.2868294706,32.2868294706
DF_SINGLE_P021::CLUSTERED_SHORTFALL::THETA_1000::EXTERNALITY_CF_BETA_050::Q95::fairness_qp,1,10,True,RECOVERABLE_ALLOCATION_EXTERNALITY,0.0259894918655,0.0477923594624,25.9894918655,47.7923594624
DF_SINGLE_P021::CLUSTERED_SHORTFALL::THETA_1000::EXTERNALITY_CF_BETA_050::Q95::fairness_qp,2,10,True,RECOVERABLE_ALLOCATION_EXTERNALITY,0.0287199064174,0.0487224004201,28.7199064174,48.7224004201
DF_SINGLE_P021::CLUSTERED_SHORTFALL::THETA_1000::EXTERNALITY_CF_BETA_050::Q95::fairness_qp,3,10,True,RECOVERABLE_ALLOCATION_EXTERNALITY,0.0236968737789,0.0343363838047,23.6968737789,34.3363838047
DF_SINGLE_P021::CLUSTERED_SHORTFALL::THETA_1000::EXTERNALITY_CF_BETA_050::Q95::fairness_qp,4,10,True,RECOVERABLE_ALLOCATION_EXTERNALITY,0.0329983561272,0.045883992035,32.9983561272,45.883992035
DF_SINGLE_P021::CLUSTERED_SHORTFALL::THETA_1000::EXTERNALITY_CF_BETA_050::Q95::fairness_qp,5,10,True,RECOVERABLE_ALLOCATION_EXTERNALITY,0.0284808460534,0.0399351472024,28.4808460534,39.9351472024
DF_SINGLE_P021::CLUSTERED_SHORTFALL::THETA_1000::EXTERNALITY_CF_BETA_050::Q95::fairness_qp,6,10,True,RECOVERABLE_ALLOCATION_EXTERNALITY,0.0383777243789,0.047773101623,38.3777243789,47.773101623
DF_SINGLE_P021::CLUSTERED_SHORTFALL::THETA_1000::EXTERNALITY_CF_BETA_050::Q95::fairness_qp,7,10,True,RECOVERABLE_ALLOCATION_EXTERNALITY,0.0315076058991,0.0411629962786,31.5076058991,41.1629962786
DF_SINGLE_P021::CLUSTERED_SHORTFALL::THETA_1000::EXTERNALITY_CF_BETA_050::Q95::fairness_qp,8,10,True,RECOVERABLE_ALLOCATION_EXTERNALITY,0.0227021466058,0.0332607570679,22.7021466058,33.2607570679
DF_SINGLE_P021::CLUSTERED_SHORTFALL::THETA_1000::EXTERNALITY_CF_BETA_050::Q95::fairness_qp,9,10,True,RECOVERABLE_ALLOCATION_EXTERNALITY,0.0289349934595,0.0370223291887,28.9349934595,37.0223291887
DF_SINGLE_P021::CLUSTERED_SHORTFALL::THETA_1000::EXTERNALITY_CF_BETA_050::Q95::fairness_qp,10,10,True,RECOVERABLE_ALLOCATION_EXTERNALITY,0.0233970684835,0.036602900185,23.3970684835,36.602900185
DF_SINGLE_P021::CLUSTERED_SHORTFALL::THETA_1000::EXTERNALITY_CF_BETA_050::Q95::fairness_qp,11,10,True,RECOVERABLE_ALLOCATION_EXTERNALITY,0.0177999451351,0.031861066137,17.7999451351,31.861066137
DF_SINGLE_P021::CLUSTERED_SHORTFALL::THETA_1000::EXTERNALITY_CF_BETA_050::Q95::fairness_qp,12,10,True,RECOVERABLE_ALLOCATION_EXTERNALITY,0.0162798823166,0.0267270651087,16.2798823166,26.7270651087
DF_SINGLE_P021::CLUSTERED_SHORTFALL::THETA_1000::EXTERNALITY_CF_BETA_050::Q95::fairness_qp,13,10,True,RECOVERABLE_ALLOCATION_EXTERNALITY,0.0199368006383,0.0378810898525,19.9368006383,37.8810898525
DF_SINGLE_P021::CLUSTERED_SHORTFALL::THETA_1000::EXTERNALITY_CF_BETA_050::Q95::fairness_qp,14,10,True,RECOVERABLE_ALLOCATION_EXTERNALITY,0.020097239837,0.0354231164615,20.097239837,35.4231164615
DF_SINGLE_P021::CLUSTERED_SHORTFALL::THETA_1000::EXTERNALITY_CF_BETA_050::Q95::fairness_qp,15,10,True,RECOVERABLE_ALLOCATION_EXTERNALITY,0.00729998470118,0.0262647203031,7.29998470118,26.2647203031
DF_SINGLE_P021::CLUSTERED_SHORTFALL::THETA_1000::EXTERNALITY_CF_BETA_050::Q95::fairness_qp,16,10,True,RECOVERABLE_ALLOCATION_EXTERNALITY,0.0199607245004,0.0373628577313,19.9607245004,37.3628577313
DF_SINGLE_P021::INTERMITTENT_SHORTFALL::THETA_0000::EXTERNALITY_CF_BETA_050::Q0::weighted_proportional,1,0,True,RECOVERABLE_ALLOCATION_EXTERNALITY,0.066370145711,0.0951778195129,66.370145711,95.1778195129
DF_SINGLE_P021::INTERMITTENT_SHORTFALL::THETA_0000::EXTERNALITY_CF_BETA_050::Q0::weighted_proportional,2,0,True,RECOVERABLE_ALLOCATION_EXTERNALITY,0.0146722647835,0.0626060935438,14.6722647835,62.6060935438
DF_SINGLE_P021::INTERMITTENT_SHORTFALL::THETA_0000::EXTERNALITY_CF_BETA_050::Q0::weighted_proportional,3,0,True,RECOVERABLE_ALLOCATION_EXTERNALITY,0.0628433108686,0.0936583942883,62.8433108686,93.6583942883
DF_SINGLE_P021::INTERMITTENT_SHORTFALL::THETA_0000::EXTERNALITY_CF_BETA_050::Q0::weighted_proportional,4,0,True,RECOVERABLE_ALLOCATION_EXTERNALITY,0.0440880822647,0.075848891075,44.0880822647,75.848891075
DF_SINGLE_P021::INTERMITTENT_SHORTFALL::THETA_0000::EXTERNALITY_CF_BETA_050::Q0::weighted_proportional,5,0,True,RECOVERABLE_ALLOCATION_EXTERNALITY,0.0418368456733,0.079140392114,41.8368456733,79.140392114
DF_SINGLE_P021::INTERMITTENT_SHORTFALL::THETA_0000::EXTERNALITY_CF_BETA_050::Q0::weighted_proportional,6,0,True,RECOVERABLE_ALLOCATION_EXTERNALITY,0.0426029856081,0.076335869239,42.6029856081,76.335869239
DF_SINGLE_P021::INTERMITTENT_SHORTFALL::THETA_0000::EXTERNALITY_CF_BETA_050::Q0::weighted_proportional,7,0,True,RECOVERABLE_ALLOCATION_EXTERNALITY,0.0448805491519,0.0800227782975,44.8805491519,80.0227782975
DF_SINGLE_P021::INTERMITTENT_SHORTFALL::THETA_0000::EXTERNALITY_CF_BETA_050::Q0::weighted_proportional,8,0,True,RECOVERABLE_ALLOCATION_EXTERNALITY,0.0310685351301,0.0703696564087,31.0685351301,70.3696564087
DF_SINGLE_P021::INTERMITTENT_SHORTFALL::THETA_0000::EXTERNALITY_CF_BETA_050::Q0::weighted_proportional,9,0,True,RECOVERABLE_ALLOCATION_EXTERNALITY,0.0319121091447,0.0733035570717,31.9121091447,73.3035570717
DF_SINGLE_P021::INTERMITTENT_SHORTFALL::THETA_0000::EXTERNALITY_CF_BETA_050::Q0::weighted_proportional,10,0,True,RECOVERABLE_ALLOCATION_EXTERNALITY,0.0529329185616,0.0848596955782,52.9329185616,84.8596955782
DF_SINGLE_P021::INTERMITTENT_SHORTFALL::THETA_0000::EXTERNALITY_CF_BETA_050::Q0::weighted_proportional,11,0,True,RECOVERABLE_ALLOCATION_EXTERNALITY,0.0402260428541,0.0768519398802,40.2260428541,76.8519398802
DF_SINGLE_P021::INTERMITTENT_SHORTFALL::THETA_0000::EXTERNALITY_CF_BETA_050::Q0::weighted_proportional,12,0,True,RECOVERABLE_ALLOCATION_EXTERNALITY,0.0422646719441,0.0781855089229,42.2646719441,78.1855089229
DF_SINGLE_P021::INTERMITTENT_SHORTFALL::THETA_0000::EXTERNALITY_CF_BETA_050::Q0::weighted_proportional,13,0,True,RECOVERABLE_ALLOCATION_EXTERNALITY,0.0452807037038,0.0800572685419,45.2807037038,80.0572685419
DF_SINGLE_P021::INTERMITTENT_SHORTFALL::THETA_0000::EXTERNALITY_CF_BETA_050::Q0::weighted_proportional,14,0,True,RECOVERABLE_ALLOCATION_EXTERNALITY,0.0467109039152,0.0826432008103,46.7109039152,82.6432008103
DF_SINGLE_P021::INTERMITTENT_SHORTFALL::THETA_0000::EXTERNALITY_CF_BETA_050::Q0::weighted_proportional,15,0,True,RECOVERABLE_ALLOCATION_EXTERNALITY,0.0250470275386,0.065657151867,25.0470275386,65.657151867
DF_SINGLE_P021::INTERMITTENT_SHORTFALL::THETA_0000::EXTERNALITY_CF_BETA_050::Q0::weighted_proportional,16,0,True,RECOVERABLE_ALLOCATION_EXTERNALITY,0.0375188367247,0.0771934125899,37.5188367247,77.1934125899
DF_SINGLE_P021::INTERMITTENT_SHORTFALL::THETA_0000::EXTERNALITY_CF_BETA_050::Q0::equal_kw_reduction,1,0,True,RECOVERABLE_ALLOCATION_EXTERNALITY,0.0334587100931,0.0562737253619,33.4587100931,56.2737253619
DF_SINGLE_P021::INTERMITTENT_SHORTFALL::THETA_0000::EXTERNALITY_CF_BETA_050::Q0::equal_kw_reduction,2,0,True,RECOVERABLE_ALLOCATION_EXTERNALITY,0.0282325554926,0.0510512570733,28.2325554926,51.0512570733
DF_SINGLE_P021::INTERMITTENT_SHORTFALL::THETA_0000::EXTERNALITY_CF_BETA_050::Q0::equal_kw_reduction,3,0,True,RECOVERABLE_ALLOCATION_EXTERNALITY,0.0230410490628,0.0498397595083,23.0410490628,49.8397595083
DF_SINGLE_P021::INTERMITTENT_SHORTFALL::THETA_0000::EXTERNALITY_CF_BETA_050::Q0::equal_kw_reduction,4,0,True,RECOVERABLE_ALLOCATION_EXTERNALITY,0.0262715222944,0.0483114273185,26.2715222944,48.3114273185
DF_SINGLE_P021::INTERMITTENT_SHORTFALL::THETA_0000::EXTERNALITY_CF_BETA_050::Q0::equal_kw_reduction,5,0,True,RECOVERABLE_ALLOCATION_EXTERNALITY,0.0385792074533,0.060360556439,38.5792074533,60.360556439
DF_SINGLE_P021::INTERMITTENT_SHORTFALL::THETA_0000::EXTERNALITY_CF_BETA_050::Q0::equal_kw_reduction,6,0,True,RECOVERABLE_ALLOCATION_EXTERNALITY,0.0276053911885,0.0475516499849,27.6053911885,47.5516499849
DF_SINGLE_P021::INTERMITTENT_SHORTFALL::THETA_0000::EXTERNALITY_CF_BETA_050::Q0::equal_kw_reduction,7,0,True,RECOVERABLE_ALLOCATION_EXTERNALITY,0.0302388893221,0.0542053163358,30.2388893221,54.2053163358
DF_SINGLE_P021::INTERMITTENT_SHORTFALL::THETA_0000::EXTERNALITY_CF_BETA_050::Q0::equal_kw_reduction,8,0,True,RECOVERABLE_ALLOCATION_EXTERNALITY,0.0326455714115,0.0559289426764,32.6455714115,55.9289426764
DF_SINGLE_P021::INTERMITTENT_SHORTFALL::THETA_0000::EXTERNALITY_CF_BETA_050::Q0::equal_kw_reduction,9,0,True,RECOVERABLE_ALLOCATION_EXTERNALITY,0.0203315351853,0.0426473390327,20.3315351853,42.6473390327
DF_SINGLE_P021::INTERMITTENT_SHORTFALL::THETA_0000::EXTERNALITY_CF_BETA_050::Q0::equal_kw_reduction,10,0,True,RECOVERABLE_ALLOCATION_EXTERNALITY,0.0224114171957,0.0481873773744,22.4114171957,48.1873773744
DF_SINGLE_P021::INTERMITTENT_SHORTFALL::THETA_0000::EXTERNALITY_CF_BETA_050::Q0::equal_kw_reduction,11,0,True,RECOVERABLE_ALLOCATION_EXTERNALITY,0.0365797564865,0.0575037122644,36.5797564865,57.5037122644
DF_SINGLE_P021::INTERMITTENT_SHORTFALL::THETA_0000::EXTERNALITY_CF_BETA_050::Q0::equal_kw_reduction,12,0,True,RECOVERABLE_ALLOCATION_EXTERNALITY,0.0265763130801,0.0473086093932,26.5763130801,47.3086093932
DF_SINGLE_P021::INTERMITTENT_SHORTFALL::THETA_0000::EXTERNALITY_CF_BETA_050::Q0::equal_kw_reduction,13,0,True,RECOVERABLE_ALLOCATION_EXTERNALITY,0.0293046947544,0.0529056362913,29.3046947544,52.9056362913
DF_SINGLE_P021::INTERMITTENT_SHORTFALL::THETA_0000::EXTERNALITY_CF_BETA_050::Q0::equal_kw_reduction,14,0,True,RECOVERABLE_ALLOCATION_EXTERNALITY,0.0376764747551,0.0592614061551,37.6764747551,59.2614061551
DF_SINGLE_P021::INTERMITTENT_SHORTFALL::THETA_0000::EXTERNALITY_CF_BETA_050::Q0::equal_kw_reduction,15,0,True,RECOVERABLE_ALLOCATION_EXTERNALITY,0.0203676860007,0.0404984965583,20.3676860007,40.4984965583
DF_SINGLE_P021::INTERMITTENT_SHORTFALL::THETA_0000::EXTERNALITY_CF_BETA_050::Q0::equal_kw_reduction,16,0,True,RECOVERABLE_ALLOCATION_EXTERNALITY,0.0298112658761,0.0550378007631,29.8112658761,55.0378007631
DF_SINGLE_P021::INTERMITTENT_SHORTFALL::THETA_0000::EXTERNALITY_CF_BETA_050::Q0::flat_level,1,0,True,RECOVERABLE_ALLOCATION_EXTERNALITY,0.133424940712,0.133424940712,133.424940712,133.424940712
DF_SINGLE_P021::INTERMITTENT_SHORTFALL::THETA_0000::EXTERNALITY_CF_BETA_050::Q0::flat_level,2,0,True,RECOVERABLE_ALLOCATION_EXTERNALITY,0.088196900814,0.088196900814,88.196900814,88.196900814
DF_SINGLE_P021::INTERMITTENT_SHORTFALL::THETA_0000::EXTERNALITY_CF_BETA_050::Q0::flat_level,3,0,True,RECOVERABLE_ALLOCATION_EXTERNALITY,0.190483468579,0.190483468579,190.483468579,190.483468579
DF_SINGLE_P021::INTERMITTENT_SHORTFALL::THETA_0000::EXTERNALITY_CF_BETA_050::Q0::flat_level,4,0,True,RECOVERABLE_ALLOCATION_EXTERNALITY,0.118006250527,0.118006250527,118.006250527,118.006250527
DF_SINGLE_P021::INTERMITTENT_SHORTFALL::THETA_0000::EXTERNALITY_CF_BETA_050::Q0::flat_level,5,0,True,RECOVERABLE_ALLOCATION_EXTERNALITY,0.0917544639915,0.0917544639915,91.7544639915,91.7544639915
DF_SINGLE_P021::INTERMITTENT_SHORTFALL::THETA_0000::EXTERNALITY_CF_BETA_050::Q0::flat_level,6,0,True,RECOVERABLE_ALLOCATION_EXTERNALITY,0.122646530007,0.122646530007,122.646530007,122.646530007
DF_SINGLE_P021::INTERMITTENT_SHORTFALL::THETA_0000::EXTERNALITY_CF_BETA_050::Q0::flat_level,7,0,True,RECOVERABLE_ALLOCATION_EXTERNALITY,0.162385831833,0.162385831833,162.385831833,162.385831833
DF_SINGLE_P021::INTERMITTENT_SHORTFALL::THETA_0000::EXTERNALITY_CF_BETA_050::Q0::flat_level,8,0,True,RECOVERABLE_ALLOCATION_EXTERNALITY,0.0858469015149,0.0858469015149,85.8469015149,85.8469015149
DF_SINGLE_P021::INTERMITTENT_SHORTFALL::THETA_0000::EXTERNALITY_CF_BETA_050::Q0::flat_level,9,0,True,RECOVERABLE_ALLOCATION_EXTERNALITY,0.128812883204,0.128812883204,128.812883204,128.812883204
DF_SINGLE_P021::INTERMITTENT_SHORTFALL::THETA_0000::EXTERNALITY_CF_BETA_050::Q0::flat_level,10,0,True,RECOVERABLE_ALLOCATION_EXTERNALITY,0.187828540749,0.187828540749,187.828540749,187.828540749
DF_SINGLE_P021::INTERMITTENT_SHORTFALL::THETA_0000::EXTERNALITY_CF_BETA_050::Q0::flat_level,11,0,True,RECOVERABLE_ALLOCATION_EXTERNALITY,0.0848948994361,0.0848948994361,84.8948994361,84.8948994361
DF_SINGLE_P021::INTERMITTENT_SHORTFALL::THETA_0000::EXTERNALITY_CF_BETA_050::Q0::flat_level,12,0,True,RECOVERABLE_ALLOCATION_EXTERNALITY,0.163544778748,0.163544778748,163.544778748,163.544778748
DF_SINGLE_P021::INTERMITTENT_SHORTFALL::THETA_0000::EXTERNALITY_CF_BETA_050::Q0::flat_level,13,0,True,RECOVERABLE_ALLOCATION_EXTERNALITY,0.135470642587,0.135470642587,135.470642587,135.470642587
DF_SINGLE_P021::INTERMITTENT_SHORTFALL::THETA_0000::EXTERNALITY_CF_BETA_050::Q0::flat_level,14,0,True,RECOVERABLE_ALLOCATION_EXTERNALITY,0.117336375526,0.117336375526,117.336375526,117.336375526
DF_SINGLE_P021::INTERMITTENT_SHORTFALL::THETA_0000::EXTERNALITY_CF_BETA_050::Q0::flat_level,15,0,True,RECOVERABLE_ALLOCATION_EXTERNALITY,0.10754957515,0.10754957515,107.54957515,107.54957515
DF_SINGLE_P021::INTERMITTENT_SHORTFALL::THETA_0000::EXTERNALITY_CF_BETA_050::Q0::flat_level,16,0,True,RECOVERABLE_ALLOCATION_EXTERNALITY,0.153477728116,0.153477728116,153.477728116,153.477728116
DF_SINGLE_P021::INTERMITTENT_SHORTFALL::THETA_0000::EXTERNALITY_CF_BETA_050::Q0::max_export_lp,1,0,True,RECOVERABLE_ALLOCATION_EXTERNALITY,0.0433132370365,0.0433132370365,43.3132370365,43.3132370365
DF_SINGLE_P021::INTERMITTENT_SHORTFALL::THETA_0000::EXTERNALITY_CF_BETA_050::Q0::max_export_lp,2,0,True,RECOVERABLE_ALLOCATION_EXTERNALITY,0.0575684118642,0.0575684118765,57.5684118642,57.5684118765
DF_SINGLE_P021::INTERMITTENT_SHORTFALL::THETA_0000::EXTERNALITY_CF_BETA_050::Q0::max_export_lp,3,0,True,RECOVERABLE_ALLOCATION_EXTERNALITY,0.025268558194,0.0252685581941,25.268558194,25.2685581941
DF_SINGLE_P021::INTERMITTENT_SHORTFALL::THETA_0000::EXTERNALITY_CF_BETA_050::Q0::max_export_lp,4,0,True,RECOVERABLE_ALLOCATION_EXTERNALITY,0.0418213334769,0.0418213334769,41.8213334769,41.8213334769
DF_SINGLE_P021::INTERMITTENT_SHORTFALL::THETA_0000::EXTERNALITY_CF_BETA_050::Q0::max_export_lp,5,0,True,RECOVERABLE_ALLOCATION_EXTERNALITY,0.0619252100318,0.0619252100374,61.9252100318,61.9252100374
DF_SINGLE_P021::INTERMITTENT_SHORTFALL::THETA_0000::EXTERNALITY_CF_BETA_050::Q0::max_export_lp,6,0,True,RECOVERABLE_ALLOCATION_EXTERNALITY,0.0487131379372,0.0487131379372,48.7131379372,48.7131379372
DF_SINGLE_P021::INTERMITTENT_SHORTFALL::THETA_0000::EXTERNALITY_CF_BETA_050::Q0::max_export_lp,7,0,True,RECOVERABLE_ALLOCATION_EXTERNALITY,0.0409570051517,0.0409570051528,40.9570051517,40.9570051528
DF_SINGLE_P021::INTERMITTENT_SHORTFALL::THETA_0000::EXTERNALITY_CF_BETA_050::Q0::max_export_lp,8,0,True,RECOVERABLE_ALLOCATION_EXTERNALITY,0.039935901619,0.0399359016191,39.935901619,39.9359016191
DF_SINGLE_P021::INTERMITTENT_SHORTFALL::THETA_0000::EXTERNALITY_CF_BETA_050::Q0::max_export_lp,9,0,True,RECOVERABLE_ALLOCATION_EXTERNALITY,0.0504788717075,0.0504788717076,50.4788717075,50.4788717076
DF_SINGLE_P021::INTERMITTENT_SHORTFALL::THETA_0000::EXTERNALITY_CF_BETA_050::Q0::max_export_lp,10,0,True,RECOVERABLE_ALLOCATION_EXTERNALITY,0.030581730468,0.0305817304694,30.581730468,30.5817304694
DF_SINGLE_P021::INTERMITTENT_SHORTFALL::THETA_0000::EXTERNALITY_CF_BETA_050::Q0::max_export_lp,11,0,True,RECOVERABLE_ALLOCATION_EXTERNALITY,0.0500920635109,0.0500920635109,50.0920635109,50.0920635109
DF_SINGLE_P021::INTERMITTENT_SHORTFALL::THETA_0000::EXTERNALITY_CF_BETA_050::Q0::max_export_lp,12,0,True,RECOVERABLE_ALLOCATION_EXTERNALITY,0.0486381075262,0.0486381075262,48.6381075262,48.6381075262
DF_SINGLE_P021::INTERMITTENT_SHORTFALL::THETA_0000::EXTERNALITY_CF_BETA_050::Q0::max_export_lp,13,0,True,RECOVERABLE_ALLOCATION_EXTERNALITY,0.0315617181564,0.0315617181565,31.5617181564,31.5617181565
DF_SINGLE_P021::INTERMITTENT_SHORTFALL::THETA_0000::EXTERNALITY_CF_BETA_050::Q0::max_export_lp,14,0,True,RECOVERABLE_ALLOCATION_EXTERNALITY,0.0469521159426,0.0469521159427,46.9521159426,46.9521159427
DF_SINGLE_P021::INTERMITTENT_SHORTFALL::THETA_0000::EXTERNALITY_CF_BETA_050::Q0::max_export_lp,15,0,True,RECOVERABLE_ALLOCATION_EXTERNALITY,0.04409049391,0.0440904939102,44.09049391,44.0904939102
DF_SINGLE_P021::INTERMITTENT_SHORTFALL::THETA_0000::EXTERNALITY_CF_BETA_050::Q0::max_export_lp,16,0,True,RECOVERABLE_ALLOCATION_EXTERNALITY,0.0478793034949,0.0478793034949,47.8793034949,47.8793034949
DF_SINGLE_P021::INTERMITTENT_SHORTFALL::THETA_0000::EXTERNALITY_CF_BETA_050::Q0::fairness_qp,1,0,True,RECOVERABLE_ALLOCATION_EXTERNALITY,0.0273256499379,0.0467943477136,27.3256499379,46.7943477136
DF_SINGLE_P021::INTERMITTENT_SHORTFALL::THETA_0000::EXTERNALITY_CF_BETA_050::Q0::fairness_qp,2,0,True,RECOVERABLE_ALLOCATION_EXTERNALITY,0.0467118748071,0.0607713803663,46.7118748071,60.7713803663
DF_SINGLE_P021::INTERMITTENT_SHORTFALL::THETA_0000::EXTERNALITY_CF_BETA_050::Q0::fairness_qp,3,0,True,RECOVERABLE_ALLOCATION_EXTERNALITY,0.0139904523754,0.0333051926707,13.9904523754,33.3051926707
DF_SINGLE_P021::INTERMITTENT_SHORTFALL::THETA_0000::EXTERNALITY_CF_BETA_050::Q0::fairness_qp,4,0,True,RECOVERABLE_ALLOCATION_EXTERNALITY,0.029697920056,0.0499007151978,29.697920056,49.9007151978
DF_SINGLE_P021::INTERMITTENT_SHORTFALL::THETA_0000::EXTERNALITY_CF_BETA_050::Q0::fairness_qp,5,0,True,RECOVERABLE_ALLOCATION_EXTERNALITY,0.0327669200051,0.0482418278689,32.7669200051,48.2418278689
DF_SINGLE_P021::INTERMITTENT_SHORTFALL::THETA_0000::EXTERNALITY_CF_BETA_050::Q0::fairness_qp,6,0,True,RECOVERABLE_ALLOCATION_EXTERNALITY,0.041710401686,0.0544549643012,41.710401686,54.4549643012
DF_SINGLE_P021::INTERMITTENT_SHORTFALL::THETA_0000::EXTERNALITY_CF_BETA_050::Q0::fairness_qp,7,0,True,RECOVERABLE_ALLOCATION_EXTERNALITY,0.0314175759707,0.0526443234278,31.4175759707,52.6443234278
DF_SINGLE_P021::INTERMITTENT_SHORTFALL::THETA_0000::EXTERNALITY_CF_BETA_050::Q0::fairness_qp,8,0,True,RECOVERABLE_ALLOCATION_EXTERNALITY,0.0262908913632,0.0437162262444,26.2908913632,43.7162262444
DF_SINGLE_P021::INTERMITTENT_SHORTFALL::THETA_0000::EXTERNALITY_CF_BETA_050::Q0::fairness_qp,9,0,True,RECOVERABLE_ALLOCATION_EXTERNALITY,0.0417455001506,0.0549528870366,41.7455001506,54.9528870366
DF_SINGLE_P021::INTERMITTENT_SHORTFALL::THETA_0000::EXTERNALITY_CF_BETA_050::Q0::fairness_qp,10,0,True,RECOVERABLE_ALLOCATION_EXTERNALITY,0.0222046364066,0.0347242279744,22.2046364066,34.7242279744
DF_SINGLE_P021::INTERMITTENT_SHORTFALL::THETA_0000::EXTERNALITY_CF_BETA_050::Q0::fairness_qp,11,0,True,RECOVERABLE_ALLOCATION_EXTERNALITY,0.0355923035691,0.0508334989471,35.5923035691,50.8334989471
DF_SINGLE_P021::INTERMITTENT_SHORTFALL::THETA_0000::EXTERNALITY_CF_BETA_050::Q0::fairness_qp,12,0,True,RECOVERABLE_ALLOCATION_EXTERNALITY,0.0374396141709,0.0525924525294,37.4396141709,52.5924525294
DF_SINGLE_P021::INTERMITTENT_SHORTFALL::THETA_0000::EXTERNALITY_CF_BETA_050::Q0::fairness_qp,13,0,True,RECOVERABLE_ALLOCATION_EXTERNALITY,0.0236472887827,0.0338961696269,23.6472887827,33.8961696269
DF_SINGLE_P021::INTERMITTENT_SHORTFALL::THETA_0000::EXTERNALITY_CF_BETA_050::Q0::fairness_qp,14,0,True,RECOVERABLE_ALLOCATION_EXTERNALITY,0.0334548390648,0.0485058172826,33.4548390648,48.5058172826
DF_SINGLE_P021::INTERMITTENT_SHORTFALL::THETA_0000::EXTERNALITY_CF_BETA_050::Q0::fairness_qp,15,0,True,RECOVERABLE_ALLOCATION_EXTERNALITY,0.0305837119468,0.0450257494019,30.5837119468,45.0257494019
DF_SINGLE_P021::INTERMITTENT_SHORTFALL::THETA_0000::EXTERNALITY_CF_BETA_050::Q0::fairness_qp,16,0,True,RECOVERABLE_ALLOCATION_EXTERNALITY,0.0242961408615,0.0387920533868,24.2961408615,38.7920533868
DF_SINGLE_P021::INTERMITTENT_SHORTFALL::THETA_0000::EXTERNALITY_CF_BETA_050::Q95::weighted_proportional,1,0,True,RECOVERABLE_ALLOCATION_EXTERNALITY,0.0663701457118,0.0951778195137,66.3701457118,95.1778195137
DF_SINGLE_P021::INTERMITTENT_SHORTFALL::THETA_0000::EXTERNALITY_CF_BETA_050::Q95::weighted_proportional,2,0,True,RECOVERABLE_ALLOCATION_EXTERNALITY,0.0146722647828,0.0626060935431,14.6722647828,62.6060935431
DF_SINGLE_P021::INTERMITTENT_SHORTFALL::THETA_0000::EXTERNALITY_CF_BETA_050::Q95::weighted_proportional,3,0,True,RECOVERABLE_ALLOCATION_EXTERNALITY,0.0628433108691,0.0936583942889,62.8433108691,93.6583942889
DF_SINGLE_P021::INTERMITTENT_SHORTFALL::THETA_0000::EXTERNALITY_CF_BETA_050::Q95::weighted_proportional,4,0,True,RECOVERABLE_ALLOCATION_EXTERNALITY,0.0440880822655,0.0758488910759,44.0880822655,75.8488910759
DF_SINGLE_P021::INTERMITTENT_SHORTFALL::THETA_0000::EXTERNALITY_CF_BETA_050::Q95::weighted_proportional,5,0,True,RECOVERABLE_ALLOCATION_EXTERNALITY,0.0418368456738,0.0791403921145,41.8368456738,79.1403921145
DF_SINGLE_P021::INTERMITTENT_SHORTFALL::THETA_0000::EXTERNALITY_CF_BETA_050::Q95::weighted_proportional,6,0,True,RECOVERABLE_ALLOCATION_EXTERNALITY,0.0426029856075,0.0763358692385,42.6029856075,76.3358692385
DF_SINGLE_P021::INTERMITTENT_SHORTFALL::THETA_0000::EXTERNALITY_CF_BETA_050::Q95::weighted_proportional,7,0,True,RECOVERABLE_ALLOCATION_EXTERNALITY,0.04488054915,0.0800227782957,44.88054915,80.0227782957
DF_SINGLE_P021::INTERMITTENT_SHORTFALL::THETA_0000::EXTERNALITY_CF_BETA_050::Q95::weighted_proportional,8,0,True,RECOVERABLE_ALLOCATION_EXTERNALITY,0.0310685351316,0.0703696564101,31.0685351316,70.3696564101
DF_SINGLE_P021::INTERMITTENT_SHORTFALL::THETA_0000::EXTERNALITY_CF_BETA_050::Q95::weighted_proportional,9,0,True,RECOVERABLE_ALLOCATION_EXTERNALITY,0.0319121091438,0.0733035570711,31.9121091438,73.3035570711
DF_SINGLE_P021::INTERMITTENT_SHORTFALL::THETA_0000::EXTERNALITY_CF_BETA_050::Q95::weighted_proportional,10,0,True,RECOVERABLE_ALLOCATION_EXTERNALITY,0.0529329185619,0.0848596955786,52.9329185619,84.8596955786
DF_SINGLE_P021::INTERMITTENT_SHORTFALL::THETA_0000::EXTERNALITY_CF_BETA_050::Q95::weighted_proportional,11,0,True,RECOVERABLE_ALLOCATION_EXTERNALITY,0.0402260428536,0.0768519398797,40.2260428536,76.8519398797
DF_SINGLE_P021::INTERMITTENT_SHORTFALL::THETA_0000::EXTERNALITY_CF_BETA_050::Q95::weighted_proportional,12,0,True,RECOVERABLE_ALLOCATION_EXTERNALITY,0.0422646719434,0.0781855089223,42.2646719434,78.1855089223
DF_SINGLE_P021::INTERMITTENT_SHORTFALL::THETA_0000::EXTERNALITY_CF_BETA_050::Q95::weighted_proportional,13,0,True,RECOVERABLE_ALLOCATION_EXTERNALITY,0.0452807037038,0.080057268542,45.2807037038,80.057268542
DF_SINGLE_P021::INTERMITTENT_SHORTFALL::THETA_0000::EXTERNALITY_CF_BETA_050::Q95::weighted_proportional,14,0,True,RECOVERABLE_ALLOCATION_EXTERNALITY,0.0467109039155,0.0826432008108,46.7109039155,82.6432008108
DF_SINGLE_P021::INTERMITTENT_SHORTFALL::THETA_0000::EXTERNALITY_CF_BETA_050::Q95::weighted_proportional,15,0,True,RECOVERABLE_ALLOCATION_EXTERNALITY,0.0250470275352,0.0656571518636,25.0470275352,65.6571518636
DF_SINGLE_P021::INTERMITTENT_SHORTFALL::THETA_0000::EXTERNALITY_CF_BETA_050::Q95::weighted_proportional,16,0,True,RECOVERABLE_ALLOCATION_EXTERNALITY,0.0375188367254,0.0771934125907,37.5188367254,77.1934125907
DF_SINGLE_P021::INTERMITTENT_SHORTFALL::THETA_0000::EXTERNALITY_CF_BETA_050::Q95::equal_kw_reduction,1,0,True,RECOVERABLE_ALLOCATION_EXTERNALITY,0.0334587100931,0.0562737253619,33.4587100931,56.2737253619
DF_SINGLE_P021::INTERMITTENT_SHORTFALL::THETA_0000::EXTERNALITY_CF_BETA_050::Q95::equal_kw_reduction,2,0,True,RECOVERABLE_ALLOCATION_EXTERNALITY,0.0282325554926,0.0510512570733,28.2325554926,51.0512570733
DF_SINGLE_P021::INTERMITTENT_SHORTFALL::THETA_0000::EXTERNALITY_CF_BETA_050::Q95::equal_kw_reduction,3,0,True,RECOVERABLE_ALLOCATION_EXTERNALITY,0.0230410490628,0.0498397595083,23.0410490628,49.8397595083
DF_SINGLE_P021::INTERMITTENT_SHORTFALL::THETA_0000::EXTERNALITY_CF_BETA_050::Q95::equal_kw_reduction,4,0,True,RECOVERABLE_ALLOCATION_EXTERNALITY,0.0262715222944,0.0483114273185,26.2715222944,48.3114273185
DF_SINGLE_P021::INTERMITTENT_SHORTFALL::THETA_0000::EXTERNALITY_CF_BETA_050::Q95::equal_kw_reduction,5,0,True,RECOVERABLE_ALLOCATION_EXTERNALITY,0.0385792074533,0.060360556439,38.5792074533,60.360556439
DF_SINGLE_P021::INTERMITTENT_SHORTFALL::THETA_0000::EXTERNALITY_CF_BETA_050::Q95::equal_kw_reduction,6,0,True,RECOVERABLE_ALLOCATION_EXTERNALITY,0.0276053911885,0.0475516499849,27.6053911885,47.5516499849
DF_SINGLE_P021::INTERMITTENT_SHORTFALL::THETA_0000::EXTERNALITY_CF_BETA_050::Q95::equal_kw_reduction,7,0,True,RECOVERABLE_ALLOCATION_EXTERNALITY,0.0302388893221,0.0542053163358,30.2388893221,54.2053163358
DF_SINGLE_P021::INTERMITTENT_SHORTFALL::THETA_0000::EXTERNALITY_CF_BETA_050::Q95::equal_kw_reduction,8,0,True,RECOVERABLE_ALLOCATION_EXTERNALITY,0.0326455714115,0.0559289426764,32.6455714115,55.9289426764
DF_SINGLE_P021::INTERMITTENT_SHORTFALL::THETA_0000::EXTERNALITY_CF_BETA_050::Q95::equal_kw_reduction,9,0,True,RECOVERABLE_ALLOCATION_EXTERNALITY,0.0203315351853,0.0426473390327,20.3315351853,42.6473390327
DF_SINGLE_P021::INTERMITTENT_SHORTFALL::THETA_0000::EXTERNALITY_CF_BETA_050::Q95::equal_kw_reduction,10,0,True,RECOVERABLE_ALLOCATION_EXTERNALITY,0.0224114171957,0.0481873773744,22.4114171957,48.1873773744
DF_SINGLE_P021::INTERMITTENT_SHORTFALL::THETA_0000::EXTERNALITY_CF_BETA_050::Q95::equal_kw_reduction,11,0,True,RECOVERABLE_ALLOCATION_EXTERNALITY,0.0365797564865,0.0575037122644,36.5797564865,57.5037122644
DF_SINGLE_P021::INTERMITTENT_SHORTFALL::THETA_0000::EXTERNALITY_CF_BETA_050::Q95::equal_kw_reduction,12,0,True,RECOVERABLE_ALLOCATION_EXTERNALITY,0.0265763130801,0.0473086093932,26.5763130801,47.3086093932
DF_SINGLE_P021::INTERMITTENT_SHORTFALL::THETA_0000::EXTERNALITY_CF_BETA_050::Q95::equal_kw_reduction,13,0,True,RECOVERABLE_ALLOCATION_EXTERNALITY,0.0293046947544,0.0529056362913,29.3046947544,52.9056362913
DF_SINGLE_P021::INTERMITTENT_SHORTFALL::THETA_0000::EXTERNALITY_CF_BETA_050::Q95::equal_kw_reduction,14,0,True,RECOVERABLE_ALLOCATION_EXTERNALITY,0.0376764747551,0.0592614061551,37.6764747551,59.2614061551
DF_SINGLE_P021::INTERMITTENT_SHORTFALL::THETA_0000::EXTERNALITY_CF_BETA_050::Q95::equal_kw_reduction,15,0,True,RECOVERABLE_ALLOCATION_EXTERNALITY,0.0203676860007,0.0404984965583,20.3676860007,40.4984965583
DF_SINGLE_P021::INTERMITTENT_SHORTFALL::THETA_0000::EXTERNALITY_CF_BETA_050::Q95::equal_kw_reduction,16,0,True,RECOVERABLE_ALLOCATION_EXTERNALITY,0.0298112658761,0.0550378007631,29.8112658761,55.0378007631
DF_SINGLE_P021::INTERMITTENT_SHORTFALL::THETA_0000::EXTERNALITY_CF_BETA_050::Q95::flat_level,1,0,True,RECOVERABLE_ALLOCATION_EXTERNALITY,0.133424940712,0.133424940712,133.424940712,133.424940712
DF_SINGLE_P021::INTERMITTENT_SHORTFALL::THETA_0000::EXTERNALITY_CF_BETA_050::Q95::flat_level,2,0,True,RECOVERABLE_ALLOCATION_EXTERNALITY,0.088196900814,0.088196900814,88.196900814,88.196900814
DF_SINGLE_P021::INTERMITTENT_SHORTFALL::THETA_0000::EXTERNALITY_CF_BETA_050::Q95::flat_level,3,0,True,RECOVERABLE_ALLOCATION_EXTERNALITY,0.190483468579,0.190483468579,190.483468579,190.483468579
DF_SINGLE_P021::INTERMITTENT_SHORTFALL::THETA_0000::EXTERNALITY_CF_BETA_050::Q95::flat_level,4,0,True,RECOVERABLE_ALLOCATION_EXTERNALITY,0.118006250527,0.118006250527,118.006250527,118.006250527
DF_SINGLE_P021::INTERMITTENT_SHORTFALL::THETA_0000::EXTERNALITY_CF_BETA_050::Q95::flat_level,5,0,True,RECOVERABLE_ALLOCATION_EXTERNALITY,0.0917544639915,0.0917544639915,91.7544639915,91.7544639915
DF_SINGLE_P021::INTERMITTENT_SHORTFALL::THETA_0000::EXTERNALITY_CF_BETA_050::Q95::flat_level,6,0,True,RECOVERABLE_ALLOCATION_EXTERNALITY,0.122646530007,0.122646530007,122.646530007,122.646530007
DF_SINGLE_P021::INTERMITTENT_SHORTFALL::THETA_0000::EXTERNALITY_CF_BETA_050::Q95::flat_level,7,0,True,RECOVERABLE_ALLOCATION_EXTERNALITY,0.162385831833,0.162385831833,162.385831833,162.385831833
DF_SINGLE_P021::INTERMITTENT_SHORTFALL::THETA_0000::EXTERNALITY_CF_BETA_050::Q95::flat_level,8,0,True,RECOVERABLE_ALLOCATION_EXTERNALITY,0.0858469015149,0.0858469015149,85.8469015149,85.8469015149
DF_SINGLE_P021::INTERMITTENT_SHORTFALL::THETA_0000::EXTERNALITY_CF_BETA_050::Q95::flat_level,9,0,True,RECOVERABLE_ALLOCATION_EXTERNALITY,0.128812883204,0.128812883204,128.812883204,128.812883204
DF_SINGLE_P021::INTERMITTENT_SHORTFALL::THETA_0000::EXTERNALITY_CF_BETA_050::Q95::flat_level,10,0,True,RECOVERABLE_ALLOCATION_EXTERNALITY,0.187828540749,0.187828540749,187.828540749,187.828540749
DF_SINGLE_P021::INTERMITTENT_SHORTFALL::THETA_0000::EXTERNALITY_CF_BETA_050::Q95::flat_level,11,0,True,RECOVERABLE_ALLOCATION_EXTERNALITY,0.0848948994361,0.0848948994361,84.8948994361,84.8948994361
DF_SINGLE_P021::INTERMITTENT_SHORTFALL::THETA_0000::EXTERNALITY_CF_BETA_050::Q95::flat_level,12,0,True,RECOVERABLE_ALLOCATION_EXTERNALITY,0.163544778748,0.163544778748,163.544778748,163.544778748
DF_SINGLE_P021::INTERMITTENT_SHORTFALL::THETA_0000::EXTERNALITY_CF_BETA_050::Q95::flat_level,13,0,True,RECOVERABLE_ALLOCATION_EXTERNALITY,0.135470642587,0.135470642587,135.470642587,135.470642587
DF_SINGLE_P021::INTERMITTENT_SHORTFALL::THETA_0000::EXTERNALITY_CF_BETA_050::Q95::flat_level,14,0,True,RECOVERABLE_ALLOCATION_EXTERNALITY,0.117336375526,0.117336375526,117.336375526,117.336375526
DF_SINGLE_P021::INTERMITTENT_SHORTFALL::THETA_0000::EXTERNALITY_CF_BETA_050::Q95::flat_level,15,0,True,RECOVERABLE_ALLOCATION_EXTERNALITY,0.10754957515,0.10754957515,107.54957515,107.54957515
DF_SINGLE_P021::INTERMITTENT_SHORTFALL::THETA_0000::EXTERNALITY_CF_BETA_050::Q95::flat_level,16,0,True,RECOVERABLE_ALLOCATION_EXTERNALITY,0.153477728116,0.153477728116,153.477728116,153.477728116
DF_SINGLE_P021::INTERMITTENT_SHORTFALL::THETA_0000::EXTERNALITY_CF_BETA_050::Q95::max_export_lp,1,0,True,RECOVERABLE_ALLOCATION_EXTERNALITY,0.0433132151736,0.0433132151736,43.3132151736,43.3132151736
DF_SINGLE_P021::INTERMITTENT_SHORTFALL::THETA_0000::EXTERNALITY_CF_BETA_050::Q95::max_export_lp,2,0,True,RECOVERABLE_ALLOCATION_EXTERNALITY,0.0575684065477,0.0575684065478,57.5684065477,57.5684065478
DF_SINGLE_P021::INTERMITTENT_SHORTFALL::THETA_0000::EXTERNALITY_CF_BETA_050::Q95::max_export_lp,3,0,True,RECOVERABLE_ALLOCATION_EXTERNALITY,0.0252685228572,0.0252685228572,25.2685228572,25.2685228572
DF_SINGLE_P021::INTERMITTENT_SHORTFALL::THETA_0000::EXTERNALITY_CF_BETA_050::Q95::max_export_lp,4,0,True,RECOVERABLE_ALLOCATION_EXTERNALITY,0.0418212978082,0.0418212978085,41.8212978082,41.8212978085
DF_SINGLE_P021::INTERMITTENT_SHORTFALL::THETA_0000::EXTERNALITY_CF_BETA_050::Q95::max_export_lp,5,0,True,RECOVERABLE_ALLOCATION_EXTERNALITY,0.0619251982753,0.0619251982799,61.9251982753,61.9251982799
DF_SINGLE_P021::INTERMITTENT_SHORTFALL::THETA_0000::EXTERNALITY_CF_BETA_050::Q95::max_export_lp,6,0,True,RECOVERABLE_ALLOCATION_EXTERNALITY,0.048713141572,0.048713141572,48.713141572,48.713141572
DF_SINGLE_P021::INTERMITTENT_SHORTFALL::THETA_0000::EXTERNALITY_CF_BETA_050::Q95::max_export_lp,7,0,True,RECOVERABLE_ALLOCATION_EXTERNALITY,0.0409570171792,0.0409570171793,40.9570171792,40.9570171793
DF_SINGLE_P021::INTERMITTENT_SHORTFALL::THETA_0000::EXTERNALITY_CF_BETA_050::Q95::max_export_lp,8,0,True,RECOVERABLE_ALLOCATION_EXTERNALITY,0.0399358413939,0.039935841394,39.9358413939,39.935841394
DF_SINGLE_P021::INTERMITTENT_SHORTFALL::THETA_0000::EXTERNALITY_CF_BETA_050::Q95::max_export_lp,9,0,True,RECOVERABLE_ALLOCATION_EXTERNALITY,0.0504788782663,0.0504788782665,50.4788782663,50.4788782665
DF_SINGLE_P021::INTERMITTENT_SHORTFALL::THETA_0000::EXTERNALITY_CF_BETA_050::Q95::max_export_lp,10,0,True,RECOVERABLE_ALLOCATION_EXTERNALITY,0.0305817109826,0.0305817109826,30.5817109826,30.5817109826
DF_SINGLE_P021::INTERMITTENT_SHORTFALL::THETA_0000::EXTERNALITY_CF_BETA_050::Q95::max_export_lp,11,0,True,RECOVERABLE_ALLOCATION_EXTERNALITY,0.0500920680237,0.0500920680241,50.0920680237,50.0920680241
DF_SINGLE_P021::INTERMITTENT_SHORTFALL::THETA_0000::EXTERNALITY_CF_BETA_050::Q95::max_export_lp,12,0,True,RECOVERABLE_ALLOCATION_EXTERNALITY,0.0486380430985,0.0486380430987,48.6380430985,48.6380430987
DF_SINGLE_P021::INTERMITTENT_SHORTFALL::THETA_0000::EXTERNALITY_CF_BETA_050::Q95::max_export_lp,13,0,True,RECOVERABLE_ALLOCATION_EXTERNALITY,0.0315613709904,0.0315613709904,31.5613709904,31.5613709904
DF_SINGLE_P021::INTERMITTENT_SHORTFALL::THETA_0000::EXTERNALITY_CF_BETA_050::Q95::max_export_lp,14,0,True,RECOVERABLE_ALLOCATION_EXTERNALITY,0.046952107214,0.0469521072142,46.952107214,46.9521072142
DF_SINGLE_P021::INTERMITTENT_SHORTFALL::THETA_0000::EXTERNALITY_CF_BETA_050::Q95::max_export_lp,15,0,True,RECOVERABLE_ALLOCATION_EXTERNALITY,0.0440905728616,0.0440905728616,44.0905728616,44.0905728616
DF_SINGLE_P021::INTERMITTENT_SHORTFALL::THETA_0000::EXTERNALITY_CF_BETA_050::Q95::max_export_lp,16,0,True,RECOVERABLE_ALLOCATION_EXTERNALITY,0.0478792076476,0.0478792076478,47.8792076476,47.8792076478
DF_SINGLE_P021::INTERMITTENT_SHORTFALL::THETA_0000::EXTERNALITY_CF_BETA_050::Q95::fairness_qp,1,0,True,RECOVERABLE_ALLOCATION_EXTERNALITY,0.0273256510315,0.0467943416582,27.3256510315,46.7943416582
DF_SINGLE_P021::INTERMITTENT_SHORTFALL::THETA_0000::EXTERNALITY_CF_BETA_050::Q95::fairness_qp,2,0,True,RECOVERABLE_ALLOCATION_EXTERNALITY,0.0467118666909,0.0607713691268,46.7118666909,60.7713691268
DF_SINGLE_P021::INTERMITTENT_SHORTFALL::THETA_0000::EXTERNALITY_CF_BETA_050::Q95::fairness_qp,3,0,True,RECOVERABLE_ALLOCATION_EXTERNALITY,0.013990462139,0.033305194601,13.990462139,33.305194601
DF_SINGLE_P021::INTERMITTENT_SHORTFALL::THETA_0000::EXTERNALITY_CF_BETA_050::Q95::fairness_qp,4,0,True,RECOVERABLE_ALLOCATION_EXTERNALITY,0.0296979158276,0.0499007093347,29.6979158276,49.9007093347
DF_SINGLE_P021::INTERMITTENT_SHORTFALL::THETA_0000::EXTERNALITY_CF_BETA_050::Q95::fairness_qp,5,0,True,RECOVERABLE_ALLOCATION_EXTERNALITY,0.0327669155021,0.0482418275298,32.7669155021,48.2418275298
DF_SINGLE_P021::INTERMITTENT_SHORTFALL::THETA_0000::EXTERNALITY_CF_BETA_050::Q95::fairness_qp,6,0,True,RECOVERABLE_ALLOCATION_EXTERNALITY,0.0417103769658,0.0544549401371,41.7103769658,54.4549401371
DF_SINGLE_P021::INTERMITTENT_SHORTFALL::THETA_0000::EXTERNALITY_CF_BETA_050::Q95::fairness_qp,7,0,True,RECOVERABLE_ALLOCATION_EXTERNALITY,0.0314175765781,0.0526443213279,31.4175765781,52.6443213279
DF_SINGLE_P021::INTERMITTENT_SHORTFALL::THETA_0000::EXTERNALITY_CF_BETA_050::Q95::fairness_qp,8,0,True,RECOVERABLE_ALLOCATION_EXTERNALITY,0.026290890663,0.0437162142541,26.290890663,43.7162142541
DF_SINGLE_P021::INTERMITTENT_SHORTFALL::THETA_0000::EXTERNALITY_CF_BETA_050::Q95::fairness_qp,9,0,True,RECOVERABLE_ALLOCATION_EXTERNALITY,0.0417453927823,0.0549528868139,41.7453927823,54.9528868139
DF_SINGLE_P021::INTERMITTENT_SHORTFALL::THETA_0000::EXTERNALITY_CF_BETA_050::Q95::fairness_qp,10,0,True,RECOVERABLE_ALLOCATION_EXTERNALITY,0.0222046746668,0.0347242644955,22.2046746668,34.7242644955
DF_SINGLE_P021::INTERMITTENT_SHORTFALL::THETA_0000::EXTERNALITY_CF_BETA_050::Q95::fairness_qp,11,0,True,RECOVERABLE_ALLOCATION_EXTERNALITY,0.0355923083716,0.0508334995511,35.5923083716,50.8334995511
DF_SINGLE_P021::INTERMITTENT_SHORTFALL::THETA_0000::EXTERNALITY_CF_BETA_050::Q95::fairness_qp,12,0,True,RECOVERABLE_ALLOCATION_EXTERNALITY,0.0374395997948,0.0525924379102,37.4395997948,52.5924379102
DF_SINGLE_P021::INTERMITTENT_SHORTFALL::THETA_0000::EXTERNALITY_CF_BETA_050::Q95::fairness_qp,13,0,True,RECOVERABLE_ALLOCATION_EXTERNALITY,0.0236472909187,0.0338961712587,23.6472909187,33.8961712587
DF_SINGLE_P021::INTERMITTENT_SHORTFALL::THETA_0000::EXTERNALITY_CF_BETA_050::Q95::fairness_qp,14,0,True,RECOVERABLE_ALLOCATION_EXTERNALITY,0.0334548546926,0.0485058242795,33.4548546926,48.5058242795
DF_SINGLE_P021::INTERMITTENT_SHORTFALL::THETA_0000::EXTERNALITY_CF_BETA_050::Q95::fairness_qp,15,0,True,RECOVERABLE_ALLOCATION_EXTERNALITY,0.0305837228509,0.0450257554781,30.5837228509,45.0257554781
DF_SINGLE_P021::INTERMITTENT_SHORTFALL::THETA_0000::EXTERNALITY_CF_BETA_050::Q95::fairness_qp,16,0,True,RECOVERABLE_ALLOCATION_EXTERNALITY,0.0242961344067,0.0387920585959,24.2961344067,38.7920585959
DF_SINGLE_P021::INTERMITTENT_SHORTFALL::THETA_0100::EXTERNALITY_CF_BETA_050::Q0::weighted_proportional,1,1,True,RECOVERABLE_ALLOCATION_EXTERNALITY,0.0600894928247,0.0888971666266,60.0894928247,88.8971666266
DF_SINGLE_P021::INTERMITTENT_SHORTFALL::THETA_0100::EXTERNALITY_CF_BETA_050::Q0::weighted_proportional,2,1,True,RECOVERABLE_ALLOCATION_EXTERNALITY,0.0146722647835,0.0626060935438,14.6722647835,62.6060935438
DF_SINGLE_P021::INTERMITTENT_SHORTFALL::THETA_0100::EXTERNALITY_CF_BETA_050::Q0::weighted_proportional,3,1,True,RECOVERABLE_ALLOCATION_EXTERNALITY,0.0628433108686,0.0936583942883,62.8433108686,93.6583942883
DF_SINGLE_P021::INTERMITTENT_SHORTFALL::THETA_0100::EXTERNALITY_CF_BETA_050::Q0::weighted_proportional,4,1,True,RECOVERABLE_ALLOCATION_EXTERNALITY,0.0440880822647,0.075848891075,44.0880822647,75.848891075
DF_SINGLE_P021::INTERMITTENT_SHORTFALL::THETA_0100::EXTERNALITY_CF_BETA_050::Q0::weighted_proportional,5,1,True,RECOVERABLE_ALLOCATION_EXTERNALITY,0.0411712358939,0.0784747823346,41.1712358939,78.4747823346
DF_SINGLE_P021::INTERMITTENT_SHORTFALL::THETA_0100::EXTERNALITY_CF_BETA_050::Q0::weighted_proportional,6,1,True,RECOVERABLE_ALLOCATION_EXTERNALITY,0.0426029856081,0.076335869239,42.6029856081,76.335869239
DF_SINGLE_P021::INTERMITTENT_SHORTFALL::THETA_0100::EXTERNALITY_CF_BETA_050::Q0::weighted_proportional,7,1,True,RECOVERABLE_ALLOCATION_EXTERNALITY,0.0448805491519,0.0800227782975,44.8805491519,80.0227782975
DF_SINGLE_P021::INTERMITTENT_SHORTFALL::THETA_0100::EXTERNALITY_CF_BETA_050::Q0::weighted_proportional,8,1,True,RECOVERABLE_ALLOCATION_EXTERNALITY,0.0299204916381,0.0692216129166,29.9204916381,69.2216129166
DF_SINGLE_P021::INTERMITTENT_SHORTFALL::THETA_0100::EXTERNALITY_CF_BETA_050::Q0::weighted_proportional,9,1,True,RECOVERABLE_ALLOCATION_EXTERNALITY,0.0319121091447,0.0733035570717,31.9121091447,73.3035570717
DF_SINGLE_P021::INTERMITTENT_SHORTFALL::THETA_0100::EXTERNALITY_CF_BETA_050::Q0::weighted_proportional,10,1,True,RECOVERABLE_ALLOCATION_EXTERNALITY,0.0529329185616,0.0848596955782,52.9329185616,84.8596955782
DF_SINGLE_P021::INTERMITTENT_SHORTFALL::THETA_0100::EXTERNALITY_CF_BETA_050::Q0::weighted_proportional,11,1,True,RECOVERABLE_ALLOCATION_EXTERNALITY,0.0379607027329,0.074586599759,37.9607027329,74.586599759
DF_SINGLE_P021::INTERMITTENT_SHORTFALL::THETA_0100::EXTERNALITY_CF_BETA_050::Q0::weighted_proportional,12,1,True,RECOVERABLE_ALLOCATION_EXTERNALITY,0.0422646719441,0.0781855089229,42.2646719441,78.1855089229
DF_SINGLE_P021::INTERMITTENT_SHORTFALL::THETA_0100::EXTERNALITY_CF_BETA_050::Q0::weighted_proportional,13,1,True,RECOVERABLE_ALLOCATION_EXTERNALITY,0.0452807037038,0.0800572685419,45.2807037038,80.0572685419
DF_SINGLE_P021::INTERMITTENT_SHORTFALL::THETA_0100::EXTERNALITY_CF_BETA_050::Q0::weighted_proportional,14,1,True,RECOVERABLE_ALLOCATION_EXTERNALITY,0.0443631640662,0.0802954609613,44.3631640662,80.2954609613
DF_SINGLE_P021::INTERMITTENT_SHORTFALL::THETA_0100::EXTERNALITY_CF_BETA_050::Q0::weighted_proportional,15,1,True,RECOVERABLE_ALLOCATION_EXTERNALITY,0.0250470275386,0.065657151867,25.0470275386,65.657151867
DF_SINGLE_P021::INTERMITTENT_SHORTFALL::THETA_0100::EXTERNALITY_CF_BETA_050::Q0::weighted_proportional,16,1,True,RECOVERABLE_ALLOCATION_EXTERNALITY,0.0375188367247,0.0771934125899,37.5188367247,77.1934125899
DF_SINGLE_P021::INTERMITTENT_SHORTFALL::THETA_0100::EXTERNALITY_CF_BETA_050::Q0::equal_kw_reduction,1,1,True,RECOVERABLE_ALLOCATION_EXTERNALITY,0.0234111442798,0.0462261595486,23.4111442798,46.2261595486
DF_SINGLE_P021::INTERMITTENT_SHORTFALL::THETA_0100::EXTERNALITY_CF_BETA_050::Q0::equal_kw_reduction,2,1,True,RECOVERABLE_ALLOCATION_EXTERNALITY,0.0282325554926,0.0510512570733,28.2325554926,51.0512570733
DF_SINGLE_P021::INTERMITTENT_SHORTFALL::THETA_0100::EXTERNALITY_CF_BETA_050::Q0::equal_kw_reduction,3,1,True,RECOVERABLE_ALLOCATION_EXTERNALITY,0.0193871169357,0.0461858273812,19.3871169357,46.1858273812
DF_SINGLE_P021::INTERMITTENT_SHORTFALL::THETA_0100::EXTERNALITY_CF_BETA_050::Q0::equal_kw_reduction,4,1,True,RECOVERABLE_ALLOCATION_EXTERNALITY,0.0262715222944,0.0483114273185,26.2715222944,48.3114273185
DF_SINGLE_P021::INTERMITTENT_SHORTFALL::THETA_0100::EXTERNALITY_CF_BETA_050::Q0::equal_kw_reduction,5,1,True,RECOVERABLE_ALLOCATION_EXTERNALITY,0.034070557772,0.0558519067578,34.070557772,55.8519067578
DF_SINGLE_P021::INTERMITTENT_SHORTFALL::THETA_0100::EXTERNALITY_CF_BETA_050::Q0::equal_kw_reduction,6,1,True,RECOVERABLE_ALLOCATION_EXTERNALITY,0.0276053911885,0.0475516499849,27.6053911885,47.5516499849
DF_SINGLE_P021::INTERMITTENT_SHORTFALL::THETA_0100::EXTERNALITY_CF_BETA_050::Q0::equal_kw_reduction,7,1,True,RECOVERABLE_ALLOCATION_EXTERNALITY,0.0304225513335,0.0541153193817,30.4225513335,54.1153193817
DF_SINGLE_P021::INTERMITTENT_SHORTFALL::THETA_0100::EXTERNALITY_CF_BETA_050::Q0::equal_kw_reduction,8,1,True,RECOVERABLE_ALLOCATION_EXTERNALITY,0.0276998225867,0.0509831938516,27.6998225867,50.9831938516
DF_SINGLE_P021::INTERMITTENT_SHORTFALL::THETA_0100::EXTERNALITY_CF_BETA_050::Q0::equal_kw_reduction,9,1,True,RECOVERABLE_ALLOCATION_EXTERNALITY,0.0203315351853,0.0426473390327,20.3315351853,42.6473390327
DF_SINGLE_P021::INTERMITTENT_SHORTFALL::THETA_0100::EXTERNALITY_CF_BETA_050::Q0::equal_kw_reduction,10,1,True,RECOVERABLE_ALLOCATION_EXTERNALITY,0.023056947137,0.047919164025,23.056947137,47.919164025
DF_SINGLE_P021::INTERMITTENT_SHORTFALL::THETA_0100::EXTERNALITY_CF_BETA_050::Q0::equal_kw_reduction,11,1,True,RECOVERABLE_ALLOCATION_EXTERNALITY,0.0302364679137,0.0511604236916,30.2364679137,51.1604236916
DF_SINGLE_P021::INTERMITTENT_SHORTFALL::THETA_0100::EXTERNALITY_CF_BETA_050::Q0::equal_kw_reduction,12,1,True,RECOVERABLE_ALLOCATION_EXTERNALITY,0.0265763130801,0.0473086093932,26.5763130801,47.3086093932
DF_SINGLE_P021::INTERMITTENT_SHORTFALL::THETA_0100::EXTERNALITY_CF_BETA_050::Q0::equal_kw_reduction,13,1,True,RECOVERABLE_ALLOCATION_EXTERNALITY,0.0298944315612,0.0525281873137,29.8944315612,52.5281873137
DF_SINGLE_P021::INTERMITTENT_SHORTFALL::THETA_0100::EXTERNALITY_CF_BETA_050::Q0::equal_kw_reduction,14,1,True,RECOVERABLE_ALLOCATION_EXTERNALITY,0.0315116203256,0.0530965517256,31.5116203256,53.0965517256
DF_SINGLE_P021::INTERMITTENT_SHORTFALL::THETA_0100::EXTERNALITY_CF_BETA_050::Q0::equal_kw_reduction,15,1,True,RECOVERABLE_ALLOCATION_EXTERNALITY,0.0203676860007,0.0404984965583,20.3676860007,40.4984965583
DF_SINGLE_P021::INTERMITTENT_SHORTFALL::THETA_0100::EXTERNALITY_CF_BETA_050::Q0::equal_kw_reduction,16,1,True,RECOVERABLE_ALLOCATION_EXTERNALITY,0.0305348923576,0.0546664632746,30.5348923576,54.6664632746
DF_SINGLE_P021::INTERMITTENT_SHORTFALL::THETA_0100::EXTERNALITY_CF_BETA_050::Q0::flat_level,1,1,True,RECOVERABLE_ALLOCATION_EXTERNALITY,0.133424940712,0.133424940712,133.424940712,133.424940712
DF_SINGLE_P021::INTERMITTENT_SHORTFALL::THETA_0100::EXTERNALITY_CF_BETA_050::Q0::flat_level,2,1,True,RECOVERABLE_ALLOCATION_EXTERNALITY,0.088196900814,0.088196900814,88.196900814,88.196900814
DF_SINGLE_P021::INTERMITTENT_SHORTFALL::THETA_0100::EXTERNALITY_CF_BETA_050::Q0::flat_level,3,1,True,RECOVERABLE_ALLOCATION_EXTERNALITY,0.190483468579,0.190483468579,190.483468579,190.483468579
DF_SINGLE_P021::INTERMITTENT_SHORTFALL::THETA_0100::EXTERNALITY_CF_BETA_050::Q0::flat_level,4,1,True,RECOVERABLE_ALLOCATION_EXTERNALITY,0.118006250527,0.118006250527,118.006250527,118.006250527
DF_SINGLE_P021::INTERMITTENT_SHORTFALL::THETA_0100::EXTERNALITY_CF_BETA_050::Q0::flat_level,5,1,True,RECOVERABLE_ALLOCATION_EXTERNALITY,0.0917544639915,0.0917544639915,91.7544639915,91.7544639915
DF_SINGLE_P021::INTERMITTENT_SHORTFALL::THETA_0100::EXTERNALITY_CF_BETA_050::Q0::flat_level,6,1,True,RECOVERABLE_ALLOCATION_EXTERNALITY,0.122646530007,0.122646530007,122.646530007,122.646530007
DF_SINGLE_P021::INTERMITTENT_SHORTFALL::THETA_0100::EXTERNALITY_CF_BETA_050::Q0::flat_level,7,1,True,RECOVERABLE_ALLOCATION_EXTERNALITY,0.162385831833,0.162385831833,162.385831833,162.385831833
DF_SINGLE_P021::INTERMITTENT_SHORTFALL::THETA_0100::EXTERNALITY_CF_BETA_050::Q0::flat_level,8,1,True,RECOVERABLE_ALLOCATION_EXTERNALITY,0.0858469015149,0.0858469015149,85.8469015149,85.8469015149
DF_SINGLE_P021::INTERMITTENT_SHORTFALL::THETA_0100::EXTERNALITY_CF_BETA_050::Q0::flat_level,9,1,True,RECOVERABLE_ALLOCATION_EXTERNALITY,0.128812883204,0.128812883204,128.812883204,128.812883204
DF_SINGLE_P021::INTERMITTENT_SHORTFALL::THETA_0100::EXTERNALITY_CF_BETA_050::Q0::flat_level,10,1,True,RECOVERABLE_ALLOCATION_EXTERNALITY,0.187828540749,0.187828540749,187.828540749,187.828540749
DF_SINGLE_P021::INTERMITTENT_SHORTFALL::THETA_0100::EXTERNALITY_CF_BETA_050::Q0::flat_level,11,1,True,RECOVERABLE_ALLOCATION_EXTERNALITY,0.0848948994361,0.0848948994361,84.8948994361,84.8948994361
DF_SINGLE_P021::INTERMITTENT_SHORTFALL::THETA_0100::EXTERNALITY_CF_BETA_050::Q0::flat_level,12,1,True,RECOVERABLE_ALLOCATION_EXTERNALITY,0.163544778748,0.163544778748,163.544778748,163.544778748
DF_SINGLE_P021::INTERMITTENT_SHORTFALL::THETA_0100::EXTERNALITY_CF_BETA_050::Q0::flat_level,13,1,True,RECOVERABLE_ALLOCATION_EXTERNALITY,0.135470642587,0.135470642587,135.470642587,135.470642587
DF_SINGLE_P021::INTERMITTENT_SHORTFALL::THETA_0100::EXTERNALITY_CF_BETA_050::Q0::flat_level,14,1,True,RECOVERABLE_ALLOCATION_EXTERNALITY,0.117336375526,0.117336375526,117.336375526,117.336375526
DF_SINGLE_P021::INTERMITTENT_SHORTFALL::THETA_0100::EXTERNALITY_CF_BETA_050::Q0::flat_level,15,1,True,RECOVERABLE_ALLOCATION_EXTERNALITY,0.10754957515,0.10754957515,107.54957515,107.54957515
DF_SINGLE_P021::INTERMITTENT_SHORTFALL::THETA_0100::EXTERNALITY_CF_BETA_050::Q0::flat_level,16,1,True,RECOVERABLE_ALLOCATION_EXTERNALITY,0.153477728116,0.153477728116,153.477728116,153.477728116
DF_SINGLE_P021::INTERMITTENT_SHORTFALL::THETA_0100::EXTERNALITY_CF_BETA_050::Q0::max_export_lp,1,1,True,RECOVERABLE_ALLOCATION_EXTERNALITY,0.0366786734756,0.0366786734759,36.6786734756,36.6786734759
DF_SINGLE_P021::INTERMITTENT_SHORTFALL::THETA_0100::EXTERNALITY_CF_BETA_050::Q0::max_export_lp,2,1,True,RECOVERABLE_ALLOCATION_EXTERNALITY,0.055100088949,0.0551000889615,55.100088949,55.1000889615
DF_SINGLE_P021::INTERMITTENT_SHORTFALL::THETA_0100::EXTERNALITY_CF_BETA_050::Q0::max_export_lp,3,1,True,RECOVERABLE_ALLOCATION_EXTERNALITY,0.0243571997817,0.0243571997818,24.3571997817,24.3571997818
DF_SINGLE_P021::INTERMITTENT_SHORTFALL::THETA_0100::EXTERNALITY_CF_BETA_050::Q0::max_export_lp,4,1,True,RECOVERABLE_ALLOCATION_EXTERNALITY,0.0419179144505,0.0419179144505,41.9179144505,41.9179144505
DF_SINGLE_P021::INTERMITTENT_SHORTFALL::THETA_0100::EXTERNALITY_CF_BETA_050::Q0::max_export_lp,5,1,True,RECOVERABLE_ALLOCATION_EXTERNALITY,0.0551108635922,0.0551108635979,55.1108635922,55.1108635979
DF_SINGLE_P021::INTERMITTENT_SHORTFALL::THETA_0100::EXTERNALITY_CF_BETA_050::Q0::max_export_lp,6,1,True,RECOVERABLE_ALLOCATION_EXTERNALITY,0.0486361071372,0.0486361071372,48.6361071372,48.6361071372
DF_SINGLE_P021::INTERMITTENT_SHORTFALL::THETA_0100::EXTERNALITY_CF_BETA_050::Q0::max_export_lp,7,1,True,RECOVERABLE_ALLOCATION_EXTERNALITY,0.0419253480437,0.0419253480437,41.9253480437,41.9253480437
DF_SINGLE_P021::INTERMITTENT_SHORTFALL::THETA_0100::EXTERNALITY_CF_BETA_050::Q0::max_export_lp,8,1,True,RECOVERABLE_ALLOCATION_EXTERNALITY,0.0373585800138,0.0373585800139,37.3585800138,37.3585800139
DF_SINGLE_P021::INTERMITTENT_SHORTFALL::THETA_0100::EXTERNALITY_CF_BETA_050::Q0::max_export_lp,9,1,True,RECOVERABLE_ALLOCATION_EXTERNALITY,0.050038683432,0.0500386834321,50.038683432,50.0386834321
DF_SINGLE_P021::INTERMITTENT_SHORTFALL::THETA_0100::EXTERNALITY_CF_BETA_050::Q0::max_export_lp,10,1,True,RECOVERABLE_ALLOCATION_EXTERNALITY,0.0306600900142,0.0306600900158,30.6600900142,30.6600900158
DF_SINGLE_P021::INTERMITTENT_SHORTFALL::THETA_0100::EXTERNALITY_CF_BETA_050::Q0::max_export_lp,11,1,True,RECOVERABLE_ALLOCATION_EXTERNALITY,0.0485157903518,0.0485157903518,48.5157903518,48.5157903518
DF_SINGLE_P021::INTERMITTENT_SHORTFALL::THETA_0100::EXTERNALITY_CF_BETA_050::Q0::max_export_lp,12,1,True,RECOVERABLE_ALLOCATION_EXTERNALITY,0.0486207007803,0.0486207007809,48.6207007803,48.6207007809
DF_SINGLE_P021::INTERMITTENT_SHORTFALL::THETA_0100::EXTERNALITY_CF_BETA_050::Q0::max_export_lp,13,1,True,RECOVERABLE_ALLOCATION_EXTERNALITY,0.041963477285,0.0419634772872,41.963477285,41.9634772872
DF_SINGLE_P021::INTERMITTENT_SHORTFALL::THETA_0100::EXTERNALITY_CF_BETA_050::Q0::max_export_lp,14,1,True,RECOVERABLE_ALLOCATION_EXTERNALITY,0.0487995188776,0.0487995188804,48.7995188776,48.7995188804
DF_SINGLE_P021::INTERMITTENT_SHORTFALL::THETA_0100::EXTERNALITY_CF_BETA_050::Q0::max_export_lp,15,1,True,RECOVERABLE_ALLOCATION_EXTERNALITY,0.0431619082396,0.0431619082396,43.1619082396,43.1619082396
DF_SINGLE_P021::INTERMITTENT_SHORTFALL::THETA_0100::EXTERNALITY_CF_BETA_050::Q0::max_export_lp,16,1,True,RECOVERABLE_ALLOCATION_EXTERNALITY,0.0479242345986,0.0479242345986,47.9242345986,47.9242345986
DF_SINGLE_P021::INTERMITTENT_SHORTFALL::THETA_0100::EXTERNALITY_CF_BETA_050::Q0::fairness_qp,1,1,True,RECOVERABLE_ALLOCATION_EXTERNALITY,0.0194268753657,0.0388955731414,19.4268753657,38.8955731414
DF_SINGLE_P021::INTERMITTENT_SHORTFALL::THETA_0100::EXTERNALITY_CF_BETA_050::Q0::fairness_qp,2,1,True,RECOVERABLE_ALLOCATION_EXTERNALITY,0.0467118748071,0.0607713803663,46.7118748071,60.7713803663
DF_SINGLE_P021::INTERMITTENT_SHORTFALL::THETA_0100::EXTERNALITY_CF_BETA_050::Q0::fairness_qp,3,1,True,RECOVERABLE_ALLOCATION_EXTERNALITY,0.0233195641217,0.0467093370299,23.3195641217,46.7093370299
DF_SINGLE_P021::INTERMITTENT_SHORTFALL::THETA_0100::EXTERNALITY_CF_BETA_050::Q0::fairness_qp,4,1,True,RECOVERABLE_ALLOCATION_EXTERNALITY,0.0296979200707,0.0499007152383,29.6979200707,49.9007152383
DF_SINGLE_P021::INTERMITTENT_SHORTFALL::THETA_0100::EXTERNALITY_CF_BETA_050::Q0::fairness_qp,5,1,True,RECOVERABLE_ALLOCATION_EXTERNALITY,0.0349340071075,0.0532692294138,34.9340071075,53.2692294138
DF_SINGLE_P021::INTERMITTENT_SHORTFALL::THETA_0100::EXTERNALITY_CF_BETA_050::Q0::fairness_qp,6,1,True,RECOVERABLE_ALLOCATION_EXTERNALITY,0.0413921753711,0.0545049662694,41.3921753711,54.5049662694
DF_SINGLE_P021::INTERMITTENT_SHORTFALL::THETA_0100::EXTERNALITY_CF_BETA_050::Q0::fairness_qp,7,1,True,RECOVERABLE_ALLOCATION_EXTERNALITY,0.0317217188712,0.0526213703696,31.7217188712,52.6213703696
DF_SINGLE_P021::INTERMITTENT_SHORTFALL::THETA_0100::EXTERNALITY_CF_BETA_050::Q0::fairness_qp,8,1,True,RECOVERABLE_ALLOCATION_EXTERNALITY,0.0280440442628,0.0491318425603,28.0440442628,49.1318425603
DF_SINGLE_P021::INTERMITTENT_SHORTFALL::THETA_0100::EXTERNALITY_CF_BETA_050::Q0::fairness_qp,9,1,True,RECOVERABLE_ALLOCATION_EXTERNALITY,0.0416892130065,0.0549524235948,41.6892130065,54.9524235948
DF_SINGLE_P021::INTERMITTENT_SHORTFALL::THETA_0100::EXTERNALITY_CF_BETA_050::Q0::fairness_qp,10,1,True,RECOVERABLE_ALLOCATION_EXTERNALITY,0.032909250611,0.0550876161847,32.909250611,55.0876161847
DF_SINGLE_P021::INTERMITTENT_SHORTFALL::THETA_0100::EXTERNALITY_CF_BETA_050::Q0::fairness_qp,11,1,True,RECOVERABLE_ALLOCATION_EXTERNALITY,0.0334373206496,0.0505703218179,33.4373206496,50.5703218179
DF_SINGLE_P021::INTERMITTENT_SHORTFALL::THETA_0100::EXTERNALITY_CF_BETA_050::Q0::fairness_qp,12,1,True,RECOVERABLE_ALLOCATION_EXTERNALITY,0.0374344987758,0.0525922664967,37.4344987758,52.5922664967
DF_SINGLE_P021::INTERMITTENT_SHORTFALL::THETA_0100::EXTERNALITY_CF_BETA_050::Q0::fairness_qp,13,1,True,RECOVERABLE_ALLOCATION_EXTERNALITY,0.0341694375934,0.0526202215626,34.1694375934,52.6202215626
DF_SINGLE_P021::INTERMITTENT_SHORTFALL::THETA_0100::EXTERNALITY_CF_BETA_050::Q0::fairness_qp,14,1,True,RECOVERABLE_ALLOCATION_EXTERNALITY,0.0341661933154,0.0523569880533,34.1661933154,52.3569880533
DF_SINGLE_P021::INTERMITTENT_SHORTFALL::THETA_0100::EXTERNALITY_CF_BETA_050::Q0::fairness_qp,15,1,True,RECOVERABLE_ALLOCATION_EXTERNALITY,0.0306934482046,0.0450419072374,30.6934482046,45.0419072374
DF_SINGLE_P021::INTERMITTENT_SHORTFALL::THETA_0100::EXTERNALITY_CF_BETA_050::Q0::fairness_qp,16,1,True,RECOVERABLE_ALLOCATION_EXTERNALITY,0.0338158258105,0.0520709373392,33.8158258105,52.0709373392
DF_SINGLE_P021::INTERMITTENT_SHORTFALL::THETA_0100::EXTERNALITY_CF_BETA_050::Q95::weighted_proportional,1,1,True,RECOVERABLE_ALLOCATION_EXTERNALITY,0.0600894928243,0.0888971666262,60.0894928243,88.8971666262
DF_SINGLE_P021::INTERMITTENT_SHORTFALL::THETA_0100::EXTERNALITY_CF_BETA_050::Q95::weighted_proportional,2,1,True,RECOVERABLE_ALLOCATION_EXTERNALITY,0.0146722647828,0.0626060935431,14.6722647828,62.6060935431
DF_SINGLE_P021::INTERMITTENT_SHORTFALL::THETA_0100::EXTERNALITY_CF_BETA_050::Q95::weighted_proportional,3,1,True,RECOVERABLE_ALLOCATION_EXTERNALITY,0.0628433108691,0.0936583942889,62.8433108691,93.6583942889
DF_SINGLE_P021::INTERMITTENT_SHORTFALL::THETA_0100::EXTERNALITY_CF_BETA_050::Q95::weighted_proportional,4,1,True,RECOVERABLE_ALLOCATION_EXTERNALITY,0.0440880822655,0.0758488910759,44.0880822655,75.8488910759
DF_SINGLE_P021::INTERMITTENT_SHORTFALL::THETA_0100::EXTERNALITY_CF_BETA_050::Q95::weighted_proportional,5,1,True,RECOVERABLE_ALLOCATION_EXTERNALITY,0.0411712358946,0.0784747823354,41.1712358946,78.4747823354
DF_SINGLE_P021::INTERMITTENT_SHORTFALL::THETA_0100::EXTERNALITY_CF_BETA_050::Q95::weighted_proportional,6,1,True,RECOVERABLE_ALLOCATION_EXTERNALITY,0.0426029856075,0.0763358692385,42.6029856075,76.3358692385
DF_SINGLE_P021::INTERMITTENT_SHORTFALL::THETA_0100::EXTERNALITY_CF_BETA_050::Q95::weighted_proportional,7,1,True,RECOVERABLE_ALLOCATION_EXTERNALITY,0.04488054915,0.0800227782957,44.88054915,80.0227782957
DF_SINGLE_P021::INTERMITTENT_SHORTFALL::THETA_0100::EXTERNALITY_CF_BETA_050::Q95::weighted_proportional,8,1,True,RECOVERABLE_ALLOCATION_EXTERNALITY,0.0299204916397,0.0692216129182,29.9204916397,69.2216129182
DF_SINGLE_P021::INTERMITTENT_SHORTFALL::THETA_0100::EXTERNALITY_CF_BETA_050::Q95::weighted_proportional,9,1,True,RECOVERABLE_ALLOCATION_EXTERNALITY,0.0319121091438,0.0733035570711,31.9121091438,73.3035570711
DF_SINGLE_P021::INTERMITTENT_SHORTFALL::THETA_0100::EXTERNALITY_CF_BETA_050::Q95::weighted_proportional,10,1,True,RECOVERABLE_ALLOCATION_EXTERNALITY,0.0529329185619,0.0848596955786,52.9329185619,84.8596955786
DF_SINGLE_P021::INTERMITTENT_SHORTFALL::THETA_0100::EXTERNALITY_CF_BETA_050::Q95::weighted_proportional,11,1,True,RECOVERABLE_ALLOCATION_EXTERNALITY,0.0379607027327,0.0745865997589,37.9607027327,74.5865997589
DF_SINGLE_P021::INTERMITTENT_SHORTFALL::THETA_0100::EXTERNALITY_CF_BETA_050::Q95::weighted_proportional,12,1,True,RECOVERABLE_ALLOCATION_EXTERNALITY,0.0422646719434,0.0781855089223,42.2646719434,78.1855089223
DF_SINGLE_P021::INTERMITTENT_SHORTFALL::THETA_0100::EXTERNALITY_CF_BETA_050::Q95::weighted_proportional,13,1,True,RECOVERABLE_ALLOCATION_EXTERNALITY,0.0452807037038,0.080057268542,45.2807037038,80.057268542
DF_SINGLE_P021::INTERMITTENT_SHORTFALL::THETA_0100::EXTERNALITY_CF_BETA_050::Q95::weighted_proportional,14,1,True,RECOVERABLE_ALLOCATION_EXTERNALITY,0.044363164054,0.0802954609493,44.363164054,80.2954609493
DF_SINGLE_P021::INTERMITTENT_SHORTFALL::THETA_0100::EXTERNALITY_CF_BETA_050::Q95::weighted_proportional,15,1,True,RECOVERABLE_ALLOCATION_EXTERNALITY,0.0250470275352,0.0656571518636,25.0470275352,65.6571518636
DF_SINGLE_P021::INTERMITTENT_SHORTFALL::THETA_0100::EXTERNALITY_CF_BETA_050::Q95::weighted_proportional,16,1,True,RECOVERABLE_ALLOCATION_EXTERNALITY,0.0375188367254,0.0771934125907,37.5188367254,77.1934125907
DF_SINGLE_P021::INTERMITTENT_SHORTFALL::THETA_0100::EXTERNALITY_CF_BETA_050::Q95::equal_kw_reduction,1,1,True,RECOVERABLE_ALLOCATION_EXTERNALITY,0.0234111442798,0.0462261595486,23.4111442798,46.2261595486
DF_SINGLE_P021::INTERMITTENT_SHORTFALL::THETA_0100::EXTERNALITY_CF_BETA_050::Q95::equal_kw_reduction,2,1,True,RECOVERABLE_ALLOCATION_EXTERNALITY,0.0282325554926,0.0510512570733,28.2325554926,51.0512570733
DF_SINGLE_P021::INTERMITTENT_SHORTFALL::THETA_0100::EXTERNALITY_CF_BETA_050::Q95::equal_kw_reduction,3,1,True,RECOVERABLE_ALLOCATION_EXTERNALITY,0.0193871169357,0.0461858273812,19.3871169357,46.1858273812
DF_SINGLE_P021::INTERMITTENT_SHORTFALL::THETA_0100::EXTERNALITY_CF_BETA_050::Q95::equal_kw_reduction,4,1,True,RECOVERABLE_ALLOCATION_EXTERNALITY,0.0262715222944,0.0483114273185,26.2715222944,48.3114273185
DF_SINGLE_P021::INTERMITTENT_SHORTFALL::THETA_0100::EXTERNALITY_CF_BETA_050::Q95::equal_kw_reduction,5,1,True,RECOVERABLE_ALLOCATION_EXTERNALITY,0.034070557772,0.0558519067578,34.070557772,55.8519067578
DF_SINGLE_P021::INTERMITTENT_SHORTFALL::THETA_0100::EXTERNALITY_CF_BETA_050::Q95::equal_kw_reduction,6,1,True,RECOVERABLE_ALLOCATION_EXTERNALITY,0.0276053911885,0.0475516499849,27.6053911885,47.5516499849
DF_SINGLE_P021::INTERMITTENT_SHORTFALL::THETA_0100::EXTERNALITY_CF_BETA_050::Q95::equal_kw_reduction,7,1,True,RECOVERABLE_ALLOCATION_EXTERNALITY,0.0304225513335,0.0541153193817,30.4225513335,54.1153193817
DF_SINGLE_P021::INTERMITTENT_SHORTFALL::THETA_0100::EXTERNALITY_CF_BETA_050::Q95::equal_kw_reduction,8,1,True,RECOVERABLE_ALLOCATION_EXTERNALITY,0.0276998225867,0.0509831938516,27.6998225867,50.9831938516
DF_SINGLE_P021::INTERMITTENT_SHORTFALL::THETA_0100::EXTERNALITY_CF_BETA_050::Q95::equal_kw_reduction,9,1,True,RECOVERABLE_ALLOCATION_EXTERNALITY,0.0203315351853,0.0426473390327,20.3315351853,42.6473390327
DF_SINGLE_P021::INTERMITTENT_SHORTFALL::THETA_0100::EXTERNALITY_CF_BETA_050::Q95::equal_kw_reduction,10,1,True,RECOVERABLE_ALLOCATION_EXTERNALITY,0.023056947137,0.047919164025,23.056947137,47.919164025
DF_SINGLE_P021::INTERMITTENT_SHORTFALL::THETA_0100::EXTERNALITY_CF_BETA_050::Q95::equal_kw_reduction,11,1,True,RECOVERABLE_ALLOCATION_EXTERNALITY,0.0302364679137,0.0511604236916,30.2364679137,51.1604236916
DF_SINGLE_P021::INTERMITTENT_SHORTFALL::THETA_0100::EXTERNALITY_CF_BETA_050::Q95::equal_kw_reduction,12,1,True,RECOVERABLE_ALLOCATION_EXTERNALITY,0.0265763130801,0.0473086093932,26.5763130801,47.3086093932
DF_SINGLE_P021::INTERMITTENT_SHORTFALL::THETA_0100::EXTERNALITY_CF_BETA_050::Q95::equal_kw_reduction,13,1,True,RECOVERABLE_ALLOCATION_EXTERNALITY,0.0298944315612,0.0525281873137,29.8944315612,52.5281873137
DF_SINGLE_P021::INTERMITTENT_SHORTFALL::THETA_0100::EXTERNALITY_CF_BETA_050::Q95::equal_kw_reduction,14,1,True,RECOVERABLE_ALLOCATION_EXTERNALITY,0.0315116203256,0.0530965517256,31.5116203256,53.0965517256
DF_SINGLE_P021::INTERMITTENT_SHORTFALL::THETA_0100::EXTERNALITY_CF_BETA_050::Q95::equal_kw_reduction,15,1,True,RECOVERABLE_ALLOCATION_EXTERNALITY,0.0203676860007,0.0404984965583,20.3676860007,40.4984965583
DF_SINGLE_P021::INTERMITTENT_SHORTFALL::THETA_0100::EXTERNALITY_CF_BETA_050::Q95::equal_kw_reduction,16,1,True,RECOVERABLE_ALLOCATION_EXTERNALITY,0.0305348923576,0.0546664632746,30.5348923576,54.6664632746
DF_SINGLE_P021::INTERMITTENT_SHORTFALL::THETA_0100::EXTERNALITY_CF_BETA_050::Q95::flat_level,1,1,True,RECOVERABLE_ALLOCATION_EXTERNALITY,0.133424940712,0.133424940712,133.424940712,133.424940712
DF_SINGLE_P021::INTERMITTENT_SHORTFALL::THETA_0100::EXTERNALITY_CF_BETA_050::Q95::flat_level,2,1,True,RECOVERABLE_ALLOCATION_EXTERNALITY,0.088196900814,0.088196900814,88.196900814,88.196900814
DF_SINGLE_P021::INTERMITTENT_SHORTFALL::THETA_0100::EXTERNALITY_CF_BETA_050::Q95::flat_level,3,1,True,RECOVERABLE_ALLOCATION_EXTERNALITY,0.190483468579,0.190483468579,190.483468579,190.483468579
DF_SINGLE_P021::INTERMITTENT_SHORTFALL::THETA_0100::EXTERNALITY_CF_BETA_050::Q95::flat_level,4,1,True,RECOVERABLE_ALLOCATION_EXTERNALITY,0.118006250527,0.118006250527,118.006250527,118.006250527
DF_SINGLE_P021::INTERMITTENT_SHORTFALL::THETA_0100::EXTERNALITY_CF_BETA_050::Q95::flat_level,5,1,True,RECOVERABLE_ALLOCATION_EXTERNALITY,0.0917544639915,0.0917544639915,91.7544639915,91.7544639915
DF_SINGLE_P021::INTERMITTENT_SHORTFALL::THETA_0100::EXTERNALITY_CF_BETA_050::Q95::flat_level,6,1,True,RECOVERABLE_ALLOCATION_EXTERNALITY,0.122646530007,0.122646530007,122.646530007,122.646530007
DF_SINGLE_P021::INTERMITTENT_SHORTFALL::THETA_0100::EXTERNALITY_CF_BETA_050::Q95::flat_level,7,1,True,RECOVERABLE_ALLOCATION_EXTERNALITY,0.162385831833,0.162385831833,162.385831833,162.385831833
DF_SINGLE_P021::INTERMITTENT_SHORTFALL::THETA_0100::EXTERNALITY_CF_BETA_050::Q95::flat_level,8,1,True,RECOVERABLE_ALLOCATION_EXTERNALITY,0.0858469015149,0.0858469015149,85.8469015149,85.8469015149
DF_SINGLE_P021::INTERMITTENT_SHORTFALL::THETA_0100::EXTERNALITY_CF_BETA_050::Q95::flat_level,9,1,True,RECOVERABLE_ALLOCATION_EXTERNALITY,0.128812883204,0.128812883204,128.812883204,128.812883204
DF_SINGLE_P021::INTERMITTENT_SHORTFALL::THETA_0100::EXTERNALITY_CF_BETA_050::Q95::flat_level,10,1,True,RECOVERABLE_ALLOCATION_EXTERNALITY,0.187828540749,0.187828540749,187.828540749,187.828540749
DF_SINGLE_P021::INTERMITTENT_SHORTFALL::THETA_0100::EXTERNALITY_CF_BETA_050::Q95::flat_level,11,1,True,RECOVERABLE_ALLOCATION_EXTERNALITY,0.0848948994361,0.0848948994361,84.8948994361,84.8948994361
DF_SINGLE_P021::INTERMITTENT_SHORTFALL::THETA_0100::EXTERNALITY_CF_BETA_050::Q95::flat_level,12,1,True,RECOVERABLE_ALLOCATION_EXTERNALITY,0.163544778748,0.163544778748,163.544778748,163.544778748
DF_SINGLE_P021::INTERMITTENT_SHORTFALL::THETA_0100::EXTERNALITY_CF_BETA_050::Q95::flat_level,13,1,True,RECOVERABLE_ALLOCATION_EXTERNALITY,0.135470642587,0.135470642587,135.470642587,135.470642587
DF_SINGLE_P021::INTERMITTENT_SHORTFALL::THETA_0100::EXTERNALITY_CF_BETA_050::Q95::flat_level,14,1,True,RECOVERABLE_ALLOCATION_EXTERNALITY,0.117336375526,0.117336375526,117.336375526,117.336375526
DF_SINGLE_P021::INTERMITTENT_SHORTFALL::THETA_0100::EXTERNALITY_CF_BETA_050::Q95::flat_level,15,1,True,RECOVERABLE_ALLOCATION_EXTERNALITY,0.10754957515,0.10754957515,107.54957515,107.54957515
DF_SINGLE_P021::INTERMITTENT_SHORTFALL::THETA_0100::EXTERNALITY_CF_BETA_050::Q95::flat_level,16,1,True,RECOVERABLE_ALLOCATION_EXTERNALITY,0.153477728116,0.153477728116,153.477728116,153.477728116
DF_SINGLE_P021::INTERMITTENT_SHORTFALL::THETA_0100::EXTERNALITY_CF_BETA_050::Q95::max_export_lp,1,1,True,RECOVERABLE_ALLOCATION_EXTERNALITY,0.0366787034433,0.0366787034435,36.6787034433,36.6787034435
DF_SINGLE_P021::INTERMITTENT_SHORTFALL::THETA_0100::EXTERNALITY_CF_BETA_050::Q95::max_export_lp,2,1,True,RECOVERABLE_ALLOCATION_EXTERNALITY,0.0551002463257,0.0551002463258,55.1002463257,55.1002463258
DF_SINGLE_P021::INTERMITTENT_SHORTFALL::THETA_0100::EXTERNALITY_CF_BETA_050::Q95::max_export_lp,3,1,True,RECOVERABLE_ALLOCATION_EXTERNALITY,0.0243573222266,0.0243573222266,24.3573222266,24.3573222266
DF_SINGLE_P021::INTERMITTENT_SHORTFALL::THETA_0100::EXTERNALITY_CF_BETA_050::Q95::max_export_lp,4,1,True,RECOVERABLE_ALLOCATION_EXTERNALITY,0.0419179445904,0.0419179445904,41.9179445904,41.9179445904
DF_SINGLE_P021::INTERMITTENT_SHORTFALL::THETA_0100::EXTERNALITY_CF_BETA_050::Q95::max_export_lp,5,1,True,RECOVERABLE_ALLOCATION_EXTERNALITY,0.055110943109,0.0551109431136,55.110943109,55.1109431136
DF_SINGLE_P021::INTERMITTENT_SHORTFALL::THETA_0100::EXTERNALITY_CF_BETA_050::Q95::max_export_lp,6,1,True,RECOVERABLE_ALLOCATION_EXTERNALITY,0.0486361570623,0.0486361570624,48.6361570623,48.6361570624
DF_SINGLE_P021::INTERMITTENT_SHORTFALL::THETA_0100::EXTERNALITY_CF_BETA_050::Q95::max_export_lp,7,1,True,RECOVERABLE_ALLOCATION_EXTERNALITY,0.0419253538808,0.0419253538835,41.9253538808,41.9253538835
DF_SINGLE_P021::INTERMITTENT_SHORTFALL::THETA_0100::EXTERNALITY_CF_BETA_050::Q95::max_export_lp,8,1,True,RECOVERABLE_ALLOCATION_EXTERNALITY,0.0373585865229,0.0373585865235,37.3585865229,37.3585865235
DF_SINGLE_P021::INTERMITTENT_SHORTFALL::THETA_0100::EXTERNALITY_CF_BETA_050::Q95::max_export_lp,9,1,True,RECOVERABLE_ALLOCATION_EXTERNALITY,0.0500386900179,0.0500386900183,50.0386900179,50.0386900183
DF_SINGLE_P021::INTERMITTENT_SHORTFALL::THETA_0100::EXTERNALITY_CF_BETA_050::Q95::max_export_lp,10,1,True,RECOVERABLE_ALLOCATION_EXTERNALITY,0.030660070365,0.0306600703651,30.660070365,30.6600703651
DF_SINGLE_P021::INTERMITTENT_SHORTFALL::THETA_0100::EXTERNALITY_CF_BETA_050::Q95::max_export_lp,11,1,True,RECOVERABLE_ALLOCATION_EXTERNALITY,0.0485157931048,0.0485157931048,48.5157931048,48.5157931048
DF_SINGLE_P021::INTERMITTENT_SHORTFALL::THETA_0100::EXTERNALITY_CF_BETA_050::Q95::max_export_lp,12,1,True,RECOVERABLE_ALLOCATION_EXTERNALITY,0.0486207044156,0.0486207044156,48.6207044156,48.6207044156
DF_SINGLE_P021::INTERMITTENT_SHORTFALL::THETA_0100::EXTERNALITY_CF_BETA_050::Q95::max_export_lp,13,1,True,RECOVERABLE_ALLOCATION_EXTERNALITY,0.0419634484485,0.0419634484558,41.9634484485,41.9634484558
DF_SINGLE_P021::INTERMITTENT_SHORTFALL::THETA_0100::EXTERNALITY_CF_BETA_050::Q95::max_export_lp,14,1,True,RECOVERABLE_ALLOCATION_EXTERNALITY,0.0487995618381,0.0487995618395,48.7995618381,48.7995618395
DF_SINGLE_P021::INTERMITTENT_SHORTFALL::THETA_0100::EXTERNALITY_CF_BETA_050::Q95::max_export_lp,15,1,True,RECOVERABLE_ALLOCATION_EXTERNALITY,0.043161899569,0.0431618995701,43.161899569,43.1618995701
DF_SINGLE_P021::INTERMITTENT_SHORTFALL::THETA_0100::EXTERNALITY_CF_BETA_050::Q95::max_export_lp,16,1,True,RECOVERABLE_ALLOCATION_EXTERNALITY,0.0479242129384,0.0479242129425,47.9242129384,47.9242129425
DF_SINGLE_P021::INTERMITTENT_SHORTFALL::THETA_0100::EXTERNALITY_CF_BETA_050::Q95::fairness_qp,1,1,True,RECOVERABLE_ALLOCATION_EXTERNALITY,0.0194268813768,0.0388955720034,19.4268813768,38.8955720034
DF_SINGLE_P021::INTERMITTENT_SHORTFALL::THETA_0100::EXTERNALITY_CF_BETA_050::Q95::fairness_qp,2,1,True,RECOVERABLE_ALLOCATION_EXTERNALITY,0.0467118666909,0.0607713691268,46.7118666909,60.7713691268
DF_SINGLE_P021::INTERMITTENT_SHORTFALL::THETA_0100::EXTERNALITY_CF_BETA_050::Q95::fairness_qp,3,1,True,RECOVERABLE_ALLOCATION_EXTERNALITY,0.0233195607709,0.046709326061,23.3195607709,46.709326061
DF_SINGLE_P021::INTERMITTENT_SHORTFALL::THETA_0100::EXTERNALITY_CF_BETA_050::Q95::fairness_qp,4,1,True,RECOVERABLE_ALLOCATION_EXTERNALITY,0.0296979158218,0.0499007093314,29.6979158218,49.9007093314
DF_SINGLE_P021::INTERMITTENT_SHORTFALL::THETA_0100::EXTERNALITY_CF_BETA_050::Q95::fairness_qp,5,1,True,RECOVERABLE_ALLOCATION_EXTERNALITY,0.0349339975386,0.053269216618,34.9339975386,53.269216618
DF_SINGLE_P021::INTERMITTENT_SHORTFALL::THETA_0100::EXTERNALITY_CF_BETA_050::Q95::fairness_qp,6,1,True,RECOVERABLE_ALLOCATION_EXTERNALITY,0.0413921564518,0.054504965703,41.3921564518,54.504965703
DF_SINGLE_P021::INTERMITTENT_SHORTFALL::THETA_0100::EXTERNALITY_CF_BETA_050::Q95::fairness_qp,7,1,True,RECOVERABLE_ALLOCATION_EXTERNALITY,0.0317217042352,0.0526213527578,31.7217042352,52.6213527578
DF_SINGLE_P021::INTERMITTENT_SHORTFALL::THETA_0100::EXTERNALITY_CF_BETA_050::Q95::fairness_qp,8,1,True,RECOVERABLE_ALLOCATION_EXTERNALITY,0.0280440421832,0.0491318387599,28.0440421832,49.1318387599
DF_SINGLE_P021::INTERMITTENT_SHORTFALL::THETA_0100::EXTERNALITY_CF_BETA_050::Q95::fairness_qp,9,1,True,RECOVERABLE_ALLOCATION_EXTERNALITY,0.0416891984623,0.0549524107318,41.6891984623,54.9524107318
DF_SINGLE_P021::INTERMITTENT_SHORTFALL::THETA_0100::EXTERNALITY_CF_BETA_050::Q95::fairness_qp,10,1,True,RECOVERABLE_ALLOCATION_EXTERNALITY,0.0329092357518,0.0550876016948,32.9092357518,55.0876016948
DF_SINGLE_P021::INTERMITTENT_SHORTFALL::THETA_0100::EXTERNALITY_CF_BETA_050::Q95::fairness_qp,11,1,True,RECOVERABLE_ALLOCATION_EXTERNALITY,0.0334373198954,0.0505703190936,33.4373198954,50.5703190936
DF_SINGLE_P021::INTERMITTENT_SHORTFALL::THETA_0100::EXTERNALITY_CF_BETA_050::Q95::fairness_qp,12,1,True,RECOVERABLE_ALLOCATION_EXTERNALITY,0.0374344850244,0.0525922537559,37.4344850244,52.5922537559
DF_SINGLE_P021::INTERMITTENT_SHORTFALL::THETA_0100::EXTERNALITY_CF_BETA_050::Q95::fairness_qp,13,1,True,RECOVERABLE_ALLOCATION_EXTERNALITY,0.0341694100788,0.0526201994651,34.1694100788,52.6201994651
DF_SINGLE_P021::INTERMITTENT_SHORTFALL::THETA_0100::EXTERNALITY_CF_BETA_050::Q95::fairness_qp,14,1,True,RECOVERABLE_ALLOCATION_EXTERNALITY,0.0341662011924,0.0523569962955,34.1662011924,52.3569962955
DF_SINGLE_P021::INTERMITTENT_SHORTFALL::THETA_0100::EXTERNALITY_CF_BETA_050::Q95::fairness_qp,15,1,True,RECOVERABLE_ALLOCATION_EXTERNALITY,0.0306934614154,0.0450419118737,30.6934614154,45.0419118737
DF_SINGLE_P021::INTERMITTENT_SHORTFALL::THETA_0100::EXTERNALITY_CF_BETA_050::Q95::fairness_qp,16,1,True,RECOVERABLE_ALLOCATION_EXTERNALITY,0.0338158106212,0.0520709205615,33.8158106212,52.0709205615
DF_SINGLE_P021::INTERMITTENT_SHORTFALL::THETA_1000::EXTERNALITY_CF_BETA_050::Q0::weighted_proportional,1,10,True,RECOVERABLE_ALLOCATION_EXTERNALITY,0.0517495672802,0.0805572410821,51.7495672802,80.5572410821
DF_SINGLE_P021::INTERMITTENT_SHORTFALL::THETA_1000::EXTERNALITY_CF_BETA_050::Q0::weighted_proportional,2,10,True,RECOVERABLE_ALLOCATION_EXTERNALITY,0.0161518855702,0.062781318621,16.1518855702,62.781318621
DF_SINGLE_P021::INTERMITTENT_SHORTFALL::THETA_1000::EXTERNALITY_CF_BETA_050::Q0::weighted_proportional,3,10,True,RECOVERABLE_ALLOCATION_EXTERNALITY,0.0653943841263,0.0904532253132,65.3943841263,90.4532253132
DF_SINGLE_P021::INTERMITTENT_SHORTFALL::THETA_1000::EXTERNALITY_CF_BETA_050::Q0::weighted_proportional,4,10,True,RECOVERABLE_ALLOCATION_EXTERNALITY,0.0458088720106,0.0762734349371,45.8088720106,76.2734349371
DF_SINGLE_P021::INTERMITTENT_SHORTFALL::THETA_1000::EXTERNALITY_CF_BETA_050::Q0::weighted_proportional,5,10,True,RECOVERABLE_ALLOCATION_EXTERNALITY,0.0338125584227,0.0711161048634,33.8125584227,71.1161048634
DF_SINGLE_P021::INTERMITTENT_SHORTFALL::THETA_1000::EXTERNALITY_CF_BETA_050::Q0::weighted_proportional,6,10,True,RECOVERABLE_ALLOCATION_EXTERNALITY,0.0418727253621,0.0762157886983,41.8727253621,76.2157886983
DF_SINGLE_P021::INTERMITTENT_SHORTFALL::THETA_1000::EXTERNALITY_CF_BETA_050::Q0::weighted_proportional,7,10,True,RECOVERABLE_ALLOCATION_EXTERNALITY,0.0473488137569,0.0805571943838,47.3488137569,80.5571943838
DF_SINGLE_P021::INTERMITTENT_SHORTFALL::THETA_1000::EXTERNALITY_CF_BETA_050::Q0::weighted_proportional,8,10,True,RECOVERABLE_ALLOCATION_EXTERNALITY,0.0221383012052,0.0614394224838,22.1383012052,61.4394224838
DF_SINGLE_P021::INTERMITTENT_SHORTFALL::THETA_1000::EXTERNALITY_CF_BETA_050::Q0::weighted_proportional,9,10,True,RECOVERABLE_ALLOCATION_EXTERNALITY,0.0322053081783,0.0733468710916,32.2053081783,73.3468710916
DF_SINGLE_P021::INTERMITTENT_SHORTFALL::THETA_1000::EXTERNALITY_CF_BETA_050::Q0::weighted_proportional,10,10,True,RECOVERABLE_ALLOCATION_EXTERNALITY,0.0563573312595,0.0857679035278,56.3573312595,85.7679035278
DF_SINGLE_P021::INTERMITTENT_SHORTFALL::THETA_1000::EXTERNALITY_CF_BETA_050::Q0::weighted_proportional,11,10,True,RECOVERABLE_ALLOCATION_EXTERNALITY,0.0302414108144,0.0668673078405,30.2414108144,66.8673078405
DF_SINGLE_P021::INTERMITTENT_SHORTFALL::THETA_1000::EXTERNALITY_CF_BETA_050::Q0::weighted_proportional,12,10,True,RECOVERABLE_ALLOCATION_EXTERNALITY,0.0428058202442,0.078286789157,42.8058202442,78.286789157
DF_SINGLE_P021::INTERMITTENT_SHORTFALL::THETA_1000::EXTERNALITY_CF_BETA_050::Q0::weighted_proportional,13,10,True,RECOVERABLE_ALLOCATION_EXTERNALITY,0.0489699493015,0.080902821323,48.9699493015,80.902821323
DF_SINGLE_P021::INTERMITTENT_SHORTFALL::THETA_1000::EXTERNALITY_CF_BETA_050::Q0::weighted_proportional,14,10,True,RECOVERABLE_ALLOCATION_EXTERNALITY,0.0368357426145,0.0727680395096,36.8357426145,72.7680395096
DF_SINGLE_P021::INTERMITTENT_SHORTFALL::THETA_1000::EXTERNALITY_CF_BETA_050::Q0::weighted_proportional,15,10,True,RECOVERABLE_ALLOCATION_EXTERNALITY,0.025581632455,0.0657462040413,25.581632455,65.7462040413
DF_SINGLE_P021::INTERMITTENT_SHORTFALL::THETA_1000::EXTERNALITY_CF_BETA_050::Q0::weighted_proportional,16,10,True,RECOVERABLE_ALLOCATION_EXTERNALITY,0.0414791513435,0.0779805256385,41.4791513435,77.9805256385
DF_SINGLE_P021::INTERMITTENT_SHORTFALL::THETA_1000::EXTERNALITY_CF_BETA_050::Q0::equal_kw_reduction,1,10,True,RECOVERABLE_ALLOCATION_EXTERNALITY,0.0197772322329,0.0425922475017,19.7772322329,42.5922475017
DF_SINGLE_P021::INTERMITTENT_SHORTFALL::THETA_1000::EXTERNALITY_CF_BETA_050::Q0::equal_kw_reduction,2,10,True,RECOVERABLE_ALLOCATION_EXTERNALITY,0.0306210837974,0.0527223412067,30.6210837974,52.7223412067
DF_SINGLE_P021::INTERMITTENT_SHORTFALL::THETA_1000::EXTERNALITY_CF_BETA_050::Q0::equal_kw_reduction,3,10,True,RECOVERABLE_ALLOCATION_EXTERNALITY,0.0212156335591,0.0450367095107,21.2156335591,45.0367095107
DF_SINGLE_P021::INTERMITTENT_SHORTFALL::THETA_1000::EXTERNALITY_CF_BETA_050::Q0::equal_kw_reduction,4,10,True,RECOVERABLE_ALLOCATION_EXTERNALITY,0.0267071655961,0.047764570426,26.7071655961,47.764570426
DF_SINGLE_P021::INTERMITTENT_SHORTFALL::THETA_1000::EXTERNALITY_CF_BETA_050::Q0::equal_kw_reduction,5,10,True,RECOVERABLE_ALLOCATION_EXTERNALITY,0.0306158190736,0.0523971680593,30.6158190736,52.3971680593
DF_SINGLE_P021::INTERMITTENT_SHORTFALL::THETA_1000::EXTERNALITY_CF_BETA_050::Q0::equal_kw_reduction,6,10,True,RECOVERABLE_ALLOCATION_EXTERNALITY,0.0274650038943,0.0477627307788,27.4650038943,47.7627307788
DF_SINGLE_P021::INTERMITTENT_SHORTFALL::THETA_1000::EXTERNALITY_CF_BETA_050::Q0::equal_kw_reduction,7,10,True,RECOVERABLE_ALLOCATION_EXTERNALITY,0.0312446462372,0.0537062095727,31.2446462372,53.7062095727
DF_SINGLE_P021::INTERMITTENT_SHORTFALL::THETA_1000::EXTERNALITY_CF_BETA_050::Q0::equal_kw_reduction,8,10,True,RECOVERABLE_ALLOCATION_EXTERNALITY,0.0242387340239,0.0475221052888,24.2387340239,47.5221052888
DF_SINGLE_P021::INTERMITTENT_SHORTFALL::THETA_1000::EXTERNALITY_CF_BETA_050::Q0::equal_kw_reduction,9,10,True,RECOVERABLE_ALLOCATION_EXTERNALITY,0.0203716183611,0.0425600851722,20.3716183611,42.5600851722
DF_SINGLE_P021::INTERMITTENT_SHORTFALL::THETA_1000::EXTERNALITY_CF_BETA_050::Q0::equal_kw_reduction,10,10,True,RECOVERABLE_ALLOCATION_EXTERNALITY,0.0238457246763,0.0475750737213,23.8457246763,47.5750737213
DF_SINGLE_P021::INTERMITTENT_SHORTFALL::THETA_1000::EXTERNALITY_CF_BETA_050::Q0::equal_kw_reduction,11,10,True,RECOVERABLE_ALLOCATION_EXTERNALITY,0.0266067181789,0.0475306739568,26.6067181789,47.5306739568
DF_SINGLE_P021::INTERMITTENT_SHORTFALL::THETA_1000::EXTERNALITY_CF_BETA_050::Q0::equal_kw_reduction,12,10,True,RECOVERABLE_ALLOCATION_EXTERNALITY,0.0266868602609,0.0471684367202,26.6868602609,47.1684367202
DF_SINGLE_P021::INTERMITTENT_SHORTFALL::THETA_1000::EXTERNALITY_CF_BETA_050::Q0::equal_kw_reduction,13,10,True,RECOVERABLE_ALLOCATION_EXTERNALITY,0.0305555616209,0.052091270738,30.5555616209,52.091270738
DF_SINGLE_P021::INTERMITTENT_SHORTFALL::THETA_1000::EXTERNALITY_CF_BETA_050::Q0::equal_kw_reduction,14,10,True,RECOVERABLE_ALLOCATION_EXTERNALITY,0.0280626946312,0.0496476260312,28.0626946312,49.6476260312
DF_SINGLE_P021::INTERMITTENT_SHORTFALL::THETA_1000::EXTERNALITY_CF_BETA_050::Q0::equal_kw_reduction,15,10,True,RECOVERABLE_ALLOCATION_EXTERNALITY,0.0204628207437,0.0403605654791,20.4628207437,40.3605654791
DF_SINGLE_P021::INTERMITTENT_SHORTFALL::THETA_1000::EXTERNALITY_CF_BETA_050::Q0::equal_kw_reduction,16,10,True,RECOVERABLE_ALLOCATION_EXTERNALITY,0.0313412124544,0.0542424795466,31.3412124544,54.2424795466
DF_SINGLE_P021::INTERMITTENT_SHORTFALL::THETA_1000::EXTERNALITY_CF_BETA_050::Q0::flat_level,1,10,True,RECOVERABLE_ALLOCATION_EXTERNALITY,0.133424940712,0.133424940712,133.424940712,133.424940712
DF_SINGLE_P021::INTERMITTENT_SHORTFALL::THETA_1000::EXTERNALITY_CF_BETA_050::Q0::flat_level,2,10,True,RECOVERABLE_ALLOCATION_EXTERNALITY,0.088196900814,0.088196900814,88.196900814,88.196900814
DF_SINGLE_P021::INTERMITTENT_SHORTFALL::THETA_1000::EXTERNALITY_CF_BETA_050::Q0::flat_level,3,10,True,RECOVERABLE_ALLOCATION_EXTERNALITY,0.190483468579,0.190483468579,190.483468579,190.483468579
DF_SINGLE_P021::INTERMITTENT_SHORTFALL::THETA_1000::EXTERNALITY_CF_BETA_050::Q0::flat_level,4,10,True,RECOVERABLE_ALLOCATION_EXTERNALITY,0.118006250527,0.118006250527,118.006250527,118.006250527
DF_SINGLE_P021::INTERMITTENT_SHORTFALL::THETA_1000::EXTERNALITY_CF_BETA_050::Q0::flat_level,5,10,True,RECOVERABLE_ALLOCATION_EXTERNALITY,0.0917544639915,0.0917544639915,91.7544639915,91.7544639915
DF_SINGLE_P021::INTERMITTENT_SHORTFALL::THETA_1000::EXTERNALITY_CF_BETA_050::Q0::flat_level,6,10,True,RECOVERABLE_ALLOCATION_EXTERNALITY,0.122646530007,0.122646530007,122.646530007,122.646530007
DF_SINGLE_P021::INTERMITTENT_SHORTFALL::THETA_1000::EXTERNALITY_CF_BETA_050::Q0::flat_level,7,10,True,RECOVERABLE_ALLOCATION_EXTERNALITY,0.162385831833,0.162385831833,162.385831833,162.385831833
DF_SINGLE_P021::INTERMITTENT_SHORTFALL::THETA_1000::EXTERNALITY_CF_BETA_050::Q0::flat_level,8,10,True,RECOVERABLE_ALLOCATION_EXTERNALITY,0.0858469015149,0.0858469015149,85.8469015149,85.8469015149
DF_SINGLE_P021::INTERMITTENT_SHORTFALL::THETA_1000::EXTERNALITY_CF_BETA_050::Q0::flat_level,9,10,True,RECOVERABLE_ALLOCATION_EXTERNALITY,0.128812883204,0.128812883204,128.812883204,128.812883204
DF_SINGLE_P021::INTERMITTENT_SHORTFALL::THETA_1000::EXTERNALITY_CF_BETA_050::Q0::flat_level,10,10,True,RECOVERABLE_ALLOCATION_EXTERNALITY,0.187828540749,0.187828540749,187.828540749,187.828540749
DF_SINGLE_P021::INTERMITTENT_SHORTFALL::THETA_1000::EXTERNALITY_CF_BETA_050::Q0::flat_level,11,10,True,RECOVERABLE_ALLOCATION_EXTERNALITY,0.0848948994361,0.0848948994361,84.8948994361,84.8948994361
DF_SINGLE_P021::INTERMITTENT_SHORTFALL::THETA_1000::EXTERNALITY_CF_BETA_050::Q0::flat_level,12,10,True,RECOVERABLE_ALLOCATION_EXTERNALITY,0.163544778748,0.163544778748,163.544778748,163.544778748
DF_SINGLE_P021::INTERMITTENT_SHORTFALL::THETA_1000::EXTERNALITY_CF_BETA_050::Q0::flat_level,13,10,True,RECOVERABLE_ALLOCATION_EXTERNALITY,0.135470642587,0.135470642587,135.470642587,135.470642587
DF_SINGLE_P021::INTERMITTENT_SHORTFALL::THETA_1000::EXTERNALITY_CF_BETA_050::Q0::flat_level,14,10,True,RECOVERABLE_ALLOCATION_EXTERNALITY,0.117336375526,0.117336375526,117.336375526,117.336375526
DF_SINGLE_P021::INTERMITTENT_SHORTFALL::THETA_1000::EXTERNALITY_CF_BETA_050::Q0::flat_level,15,10,True,RECOVERABLE_ALLOCATION_EXTERNALITY,0.10754957515,0.10754957515,107.54957515,107.54957515
DF_SINGLE_P021::INTERMITTENT_SHORTFALL::THETA_1000::EXTERNALITY_CF_BETA_050::Q0::flat_level,16,10,True,RECOVERABLE_ALLOCATION_EXTERNALITY,0.153477728116,0.153477728116,153.477728116,153.477728116
DF_SINGLE_P021::INTERMITTENT_SHORTFALL::THETA_1000::EXTERNALITY_CF_BETA_050::Q0::max_export_lp,1,10,True,RECOVERABLE_ALLOCATION_EXTERNALITY,0.0366786734756,0.0366786734759,36.6786734756,36.6786734759
DF_SINGLE_P021::INTERMITTENT_SHORTFALL::THETA_1000::EXTERNALITY_CF_BETA_050::Q0::max_export_lp,2,10,True,RECOVERABLE_ALLOCATION_EXTERNALITY,0.055100088949,0.0551000889615,55.100088949,55.1000889615
DF_SINGLE_P021::INTERMITTENT_SHORTFALL::THETA_1000::EXTERNALITY_CF_BETA_050::Q0::max_export_lp,3,10,True,RECOVERABLE_ALLOCATION_EXTERNALITY,0.0243571997817,0.0243571997818,24.3571997817,24.3571997818
DF_SINGLE_P021::INTERMITTENT_SHORTFALL::THETA_1000::EXTERNALITY_CF_BETA_050::Q0::max_export_lp,4,10,True,RECOVERABLE_ALLOCATION_EXTERNALITY,0.0419179144505,0.0419179144505,41.9179144505,41.9179144505
DF_SINGLE_P021::INTERMITTENT_SHORTFALL::THETA_1000::EXTERNALITY_CF_BETA_050::Q0::max_export_lp,5,10,True,RECOVERABLE_ALLOCATION_EXTERNALITY,0.0551108635922,0.0551108635979,55.1108635922,55.1108635979
DF_SINGLE_P021::INTERMITTENT_SHORTFALL::THETA_1000::EXTERNALITY_CF_BETA_050::Q0::max_export_lp,6,10,True,RECOVERABLE_ALLOCATION_EXTERNALITY,0.0486361071372,0.0486361071372,48.6361071372,48.6361071372
DF_SINGLE_P021::INTERMITTENT_SHORTFALL::THETA_1000::EXTERNALITY_CF_BETA_050::Q0::max_export_lp,7,10,True,RECOVERABLE_ALLOCATION_EXTERNALITY,0.0419253480437,0.0419253480437,41.9253480437,41.9253480437
DF_SINGLE_P021::INTERMITTENT_SHORTFALL::THETA_1000::EXTERNALITY_CF_BETA_050::Q0::max_export_lp,8,10,True,RECOVERABLE_ALLOCATION_EXTERNALITY,0.0373585800138,0.0373585800139,37.3585800138,37.3585800139
DF_SINGLE_P021::INTERMITTENT_SHORTFALL::THETA_1000::EXTERNALITY_CF_BETA_050::Q0::max_export_lp,9,10,True,RECOVERABLE_ALLOCATION_EXTERNALITY,0.050038683432,0.0500386834321,50.038683432,50.0386834321
DF_SINGLE_P021::INTERMITTENT_SHORTFALL::THETA_1000::EXTERNALITY_CF_BETA_050::Q0::max_export_lp,10,10,True,RECOVERABLE_ALLOCATION_EXTERNALITY,0.0306600900142,0.0306600900158,30.6600900142,30.6600900158
DF_SINGLE_P021::INTERMITTENT_SHORTFALL::THETA_1000::EXTERNALITY_CF_BETA_050::Q0::max_export_lp,11,10,True,RECOVERABLE_ALLOCATION_EXTERNALITY,0.0485157903518,0.0485157903518,48.5157903518,48.5157903518
DF_SINGLE_P021::INTERMITTENT_SHORTFALL::THETA_1000::EXTERNALITY_CF_BETA_050::Q0::max_export_lp,12,10,True,RECOVERABLE_ALLOCATION_EXTERNALITY,0.0486207007803,0.0486207007809,48.6207007803,48.6207007809
DF_SINGLE_P021::INTERMITTENT_SHORTFALL::THETA_1000::EXTERNALITY_CF_BETA_050::Q0::max_export_lp,13,10,True,RECOVERABLE_ALLOCATION_EXTERNALITY,0.041963477285,0.0419634772872,41.963477285,41.9634772872
DF_SINGLE_P021::INTERMITTENT_SHORTFALL::THETA_1000::EXTERNALITY_CF_BETA_050::Q0::max_export_lp,14,10,True,RECOVERABLE_ALLOCATION_EXTERNALITY,0.0487995188776,0.0487995188804,48.7995188776,48.7995188804
DF_SINGLE_P021::INTERMITTENT_SHORTFALL::THETA_1000::EXTERNALITY_CF_BETA_050::Q0::max_export_lp,15,10,True,RECOVERABLE_ALLOCATION_EXTERNALITY,0.0431619082396,0.0431619082396,43.1619082396,43.1619082396
DF_SINGLE_P021::INTERMITTENT_SHORTFALL::THETA_1000::EXTERNALITY_CF_BETA_050::Q0::max_export_lp,16,10,True,RECOVERABLE_ALLOCATION_EXTERNALITY,0.0479242345986,0.0479242345986,47.9242345986,47.9242345986
DF_SINGLE_P021::INTERMITTENT_SHORTFALL::THETA_1000::EXTERNALITY_CF_BETA_050::Q0::fairness_qp,1,10,True,RECOVERABLE_ALLOCATION_EXTERNALITY,0.0219582043956,0.0452562879626,21.9582043956,45.2562879626
DF_SINGLE_P021::INTERMITTENT_SHORTFALL::THETA_1000::EXTERNALITY_CF_BETA_050::Q0::fairness_qp,2,10,True,RECOVERABLE_ALLOCATION_EXTERNALITY,0.0481362604117,0.0615037553609,48.1362604117,61.5037553609
DF_SINGLE_P021::INTERMITTENT_SHORTFALL::THETA_1000::EXTERNALITY_CF_BETA_050::Q0::fairness_qp,3,10,True,RECOVERABLE_ALLOCATION_EXTERNALITY,0.0274427060831,0.0494381893355,27.4427060831,49.4381893355
DF_SINGLE_P021::INTERMITTENT_SHORTFALL::THETA_1000::EXTERNALITY_CF_BETA_050::Q0::fairness_qp,4,10,True,RECOVERABLE_ALLOCATION_EXTERNALITY,0.0307849929449,0.0499665636869,30.7849929449,49.9665636869
DF_SINGLE_P021::INTERMITTENT_SHORTFALL::THETA_1000::EXTERNALITY_CF_BETA_050::Q0::fairness_qp,5,10,True,RECOVERABLE_ALLOCATION_EXTERNALITY,0.0321448662075,0.0504800885138,32.1448662075,50.4800885138
DF_SINGLE_P021::INTERMITTENT_SHORTFALL::THETA_1000::EXTERNALITY_CF_BETA_050::Q0::fairness_qp,6,10,True,RECOVERABLE_ALLOCATION_EXTERNALITY,0.0413921753711,0.0545049662694,41.3921753711,54.5049662694
DF_SINGLE_P021::INTERMITTENT_SHORTFALL::THETA_1000::EXTERNALITY_CF_BETA_050::Q0::fairness_qp,7,10,True,RECOVERABLE_ALLOCATION_EXTERNALITY,0.03311948733,0.0525274804483,33.11948733,52.5274804483
DF_SINGLE_P021::INTERMITTENT_SHORTFALL::THETA_1000::EXTERNALITY_CF_BETA_050::Q0::fairness_qp,8,10,True,RECOVERABLE_ALLOCATION_EXTERNALITY,0.0250771113956,0.0461649096931,25.0771113956,46.1649096931
DF_SINGLE_P021::INTERMITTENT_SHORTFALL::THETA_1000::EXTERNALITY_CF_BETA_050::Q0::fairness_qp,9,10,True,RECOVERABLE_ALLOCATION_EXTERNALITY,0.0418902707452,0.0549535059817,41.8902707452,54.9535059817
DF_SINGLE_P021::INTERMITTENT_SHORTFALL::THETA_1000::EXTERNALITY_CF_BETA_050::Q0::fairness_qp,10,10,True,RECOVERABLE_ALLOCATION_EXTERNALITY,0.0341017191384,0.0551118629952,34.1017191384,55.1118629952
DF_SINGLE_P021::INTERMITTENT_SHORTFALL::THETA_1000::EXTERNALITY_CF_BETA_050::Q0::fairness_qp,11,10,True,RECOVERABLE_ALLOCATION_EXTERNALITY,0.0304199840226,0.0475529851909,30.4199840226,47.5529851909
DF_SINGLE_P021::INTERMITTENT_SHORTFALL::THETA_1000::EXTERNALITY_CF_BETA_050::Q0::fairness_qp,12,10,True,RECOVERABLE_ALLOCATION_EXTERNALITY,0.037647794707,0.0525989047397,37.647794707,52.5989047397
DF_SINGLE_P021::INTERMITTENT_SHORTFALL::THETA_1000::EXTERNALITY_CF_BETA_050::Q0::fairness_qp,13,10,True,RECOVERABLE_ALLOCATION_EXTERNALITY,0.0356339416405,0.0526100531223,35.6339416405,52.6100531223
DF_SINGLE_P021::INTERMITTENT_SHORTFALL::THETA_1000::EXTERNALITY_CF_BETA_050::Q0::fairness_qp,14,10,True,RECOVERABLE_ALLOCATION_EXTERNALITY,0.0312455942015,0.0494363889394,31.2455942015,49.4363889394
DF_SINGLE_P021::INTERMITTENT_SHORTFALL::THETA_1000::EXTERNALITY_CF_BETA_050::Q0::fairness_qp,15,10,True,RECOVERABLE_ALLOCATION_EXTERNALITY,0.0308845625408,0.0450269241745,30.8845625408,45.0269241745
DF_SINGLE_P021::INTERMITTENT_SHORTFALL::THETA_1000::EXTERNALITY_CF_BETA_050::Q0::fairness_qp,16,10,True,RECOVERABLE_ALLOCATION_EXTERNALITY,0.0353462670637,0.0522948217041,35.3462670637,52.2948217041
DF_SINGLE_P021::INTERMITTENT_SHORTFALL::THETA_1000::EXTERNALITY_CF_BETA_050::Q95::weighted_proportional,1,10,True,RECOVERABLE_ALLOCATION_EXTERNALITY,0.0517495672792,0.0805572410811,51.7495672792,80.5572410811
DF_SINGLE_P021::INTERMITTENT_SHORTFALL::THETA_1000::EXTERNALITY_CF_BETA_050::Q95::weighted_proportional,2,10,True,RECOVERABLE_ALLOCATION_EXTERNALITY,0.0161518855557,0.0627813186066,16.1518855557,62.7813186066
DF_SINGLE_P021::INTERMITTENT_SHORTFALL::THETA_1000::EXTERNALITY_CF_BETA_050::Q95::weighted_proportional,3,10,True,RECOVERABLE_ALLOCATION_EXTERNALITY,0.0653943841105,0.0904532252974,65.3943841105,90.4532252974
DF_SINGLE_P021::INTERMITTENT_SHORTFALL::THETA_1000::EXTERNALITY_CF_BETA_050::Q95::weighted_proportional,4,10,True,RECOVERABLE_ALLOCATION_EXTERNALITY,0.0458088719927,0.0762734349194,45.8088719927,76.2734349194
DF_SINGLE_P021::INTERMITTENT_SHORTFALL::THETA_1000::EXTERNALITY_CF_BETA_050::Q95::weighted_proportional,5,10,True,RECOVERABLE_ALLOCATION_EXTERNALITY,0.0338125584125,0.0711161048532,33.8125584125,71.1161048532
DF_SINGLE_P021::INTERMITTENT_SHORTFALL::THETA_1000::EXTERNALITY_CF_BETA_050::Q95::weighted_proportional,6,10,True,RECOVERABLE_ALLOCATION_EXTERNALITY,0.0418727253625,0.0762157886989,41.8727253625,76.2157886989
DF_SINGLE_P021::INTERMITTENT_SHORTFALL::THETA_1000::EXTERNALITY_CF_BETA_050::Q95::weighted_proportional,7,10,True,RECOVERABLE_ALLOCATION_EXTERNALITY,0.0473488137568,0.0805571943839,47.3488137568,80.5571943839
DF_SINGLE_P021::INTERMITTENT_SHORTFALL::THETA_1000::EXTERNALITY_CF_BETA_050::Q95::weighted_proportional,8,10,True,RECOVERABLE_ALLOCATION_EXTERNALITY,0.0221383012068,0.0614394224852,22.1383012068,61.4394224852
DF_SINGLE_P021::INTERMITTENT_SHORTFALL::THETA_1000::EXTERNALITY_CF_BETA_050::Q95::weighted_proportional,9,10,True,RECOVERABLE_ALLOCATION_EXTERNALITY,0.0322053081746,0.073346871088,32.2053081746,73.346871088
DF_SINGLE_P021::INTERMITTENT_SHORTFALL::THETA_1000::EXTERNALITY_CF_BETA_050::Q95::weighted_proportional,10,10,True,RECOVERABLE_ALLOCATION_EXTERNALITY,0.0563573312599,0.0857679035283,56.3573312599,85.7679035283
DF_SINGLE_P021::INTERMITTENT_SHORTFALL::THETA_1000::EXTERNALITY_CF_BETA_050::Q95::weighted_proportional,11,10,True,RECOVERABLE_ALLOCATION_EXTERNALITY,0.0302414108153,0.0668673078414,30.2414108153,66.8673078414
DF_SINGLE_P021::INTERMITTENT_SHORTFALL::THETA_1000::EXTERNALITY_CF_BETA_050::Q95::weighted_proportional,12,10,True,RECOVERABLE_ALLOCATION_EXTERNALITY,0.0428058202444,0.0782867891574,42.8058202444,78.2867891574
DF_SINGLE_P021::INTERMITTENT_SHORTFALL::THETA_1000::EXTERNALITY_CF_BETA_050::Q95::weighted_proportional,13,10,True,RECOVERABLE_ALLOCATION_EXTERNALITY,0.0489699493015,0.0809028213232,48.9699493015,80.9028213232
DF_SINGLE_P021::INTERMITTENT_SHORTFALL::THETA_1000::EXTERNALITY_CF_BETA_050::Q95::weighted_proportional,14,10,True,RECOVERABLE_ALLOCATION_EXTERNALITY,0.0368357426148,0.07276803951,36.8357426148,72.76803951
DF_SINGLE_P021::INTERMITTENT_SHORTFALL::THETA_1000::EXTERNALITY_CF_BETA_050::Q95::weighted_proportional,15,10,True,RECOVERABLE_ALLOCATION_EXTERNALITY,0.0255816324555,0.0657462040419,25.5816324555,65.7462040419
DF_SINGLE_P021::INTERMITTENT_SHORTFALL::THETA_1000::EXTERNALITY_CF_BETA_050::Q95::weighted_proportional,16,10,True,RECOVERABLE_ALLOCATION_EXTERNALITY,0.0414791513342,0.0779805256294,41.4791513342,77.9805256294
DF_SINGLE_P021::INTERMITTENT_SHORTFALL::THETA_1000::EXTERNALITY_CF_BETA_050::Q95::equal_kw_reduction,1,10,True,RECOVERABLE_ALLOCATION_EXTERNALITY,0.0197772322329,0.0425922475017,19.7772322329,42.5922475017
DF_SINGLE_P021::INTERMITTENT_SHORTFALL::THETA_1000::EXTERNALITY_CF_BETA_050::Q95::equal_kw_reduction,2,10,True,RECOVERABLE_ALLOCATION_EXTERNALITY,0.0306210837974,0.0527223412067,30.6210837974,52.7223412067
DF_SINGLE_P021::INTERMITTENT_SHORTFALL::THETA_1000::EXTERNALITY_CF_BETA_050::Q95::equal_kw_reduction,3,10,True,RECOVERABLE_ALLOCATION_EXTERNALITY,0.0212156335591,0.0450367095107,21.2156335591,45.0367095107
DF_SINGLE_P021::INTERMITTENT_SHORTFALL::THETA_1000::EXTERNALITY_CF_BETA_050::Q95::equal_kw_reduction,4,10,True,RECOVERABLE_ALLOCATION_EXTERNALITY,0.0267071655961,0.047764570426,26.7071655961,47.764570426
DF_SINGLE_P021::INTERMITTENT_SHORTFALL::THETA_1000::EXTERNALITY_CF_BETA_050::Q95::equal_kw_reduction,5,10,True,RECOVERABLE_ALLOCATION_EXTERNALITY,0.0306158190736,0.0523971680593,30.6158190736,52.3971680593
DF_SINGLE_P021::INTERMITTENT_SHORTFALL::THETA_1000::EXTERNALITY_CF_BETA_050::Q95::equal_kw_reduction,6,10,True,RECOVERABLE_ALLOCATION_EXTERNALITY,0.0274650038943,0.0477627307788,27.4650038943,47.7627307788
DF_SINGLE_P021::INTERMITTENT_SHORTFALL::THETA_1000::EXTERNALITY_CF_BETA_050::Q95::equal_kw_reduction,7,10,True,RECOVERABLE_ALLOCATION_EXTERNALITY,0.0312446462372,0.0537062095727,31.2446462372,53.7062095727
DF_SINGLE_P021::INTERMITTENT_SHORTFALL::THETA_1000::EXTERNALITY_CF_BETA_050::Q95::equal_kw_reduction,8,10,True,RECOVERABLE_ALLOCATION_EXTERNALITY,0.0242387340239,0.0475221052888,24.2387340239,47.5221052888
DF_SINGLE_P021::INTERMITTENT_SHORTFALL::THETA_1000::EXTERNALITY_CF_BETA_050::Q95::equal_kw_reduction,9,10,True,RECOVERABLE_ALLOCATION_EXTERNALITY,0.0203716183611,0.0425600851722,20.3716183611,42.5600851722
DF_SINGLE_P021::INTERMITTENT_SHORTFALL::THETA_1000::EXTERNALITY_CF_BETA_050::Q95::equal_kw_reduction,10,10,True,RECOVERABLE_ALLOCATION_EXTERNALITY,0.0238457246763,0.0475750737213,23.8457246763,47.5750737213
DF_SINGLE_P021::INTERMITTENT_SHORTFALL::THETA_1000::EXTERNALITY_CF_BETA_050::Q95::equal_kw_reduction,11,10,True,RECOVERABLE_ALLOCATION_EXTERNALITY,0.0266067181789,0.0475306739568,26.6067181789,47.5306739568
DF_SINGLE_P021::INTERMITTENT_SHORTFALL::THETA_1000::EXTERNALITY_CF_BETA_050::Q95::equal_kw_reduction,12,10,True,RECOVERABLE_ALLOCATION_EXTERNALITY,0.0266868602609,0.0471684367202,26.6868602609,47.1684367202
DF_SINGLE_P021::INTERMITTENT_SHORTFALL::THETA_1000::EXTERNALITY_CF_BETA_050::Q95::equal_kw_reduction,13,10,True,RECOVERABLE_ALLOCATION_EXTERNALITY,0.0305555616209,0.052091270738,30.5555616209,52.091270738
DF_SINGLE_P021::INTERMITTENT_SHORTFALL::THETA_1000::EXTERNALITY_CF_BETA_050::Q95::equal_kw_reduction,14,10,True,RECOVERABLE_ALLOCATION_EXTERNALITY,0.0280626946312,0.0496476260312,28.0626946312,49.6476260312
DF_SINGLE_P021::INTERMITTENT_SHORTFALL::THETA_1000::EXTERNALITY_CF_BETA_050::Q95::equal_kw_reduction,15,10,True,RECOVERABLE_ALLOCATION_EXTERNALITY,0.0204628207437,0.0403605654791,20.4628207437,40.3605654791
DF_SINGLE_P021::INTERMITTENT_SHORTFALL::THETA_1000::EXTERNALITY_CF_BETA_050::Q95::equal_kw_reduction,16,10,True,RECOVERABLE_ALLOCATION_EXTERNALITY,0.0313412124544,0.0542424795466,31.3412124544,54.2424795466
DF_SINGLE_P021::INTERMITTENT_SHORTFALL::THETA_1000::EXTERNALITY_CF_BETA_050::Q95::flat_level,1,10,True,RECOVERABLE_ALLOCATION_EXTERNALITY,0.133424940712,0.133424940712,133.424940712,133.424940712
DF_SINGLE_P021::INTERMITTENT_SHORTFALL::THETA_1000::EXTERNALITY_CF_BETA_050::Q95::flat_level,2,10,True,RECOVERABLE_ALLOCATION_EXTERNALITY,0.088196900814,0.088196900814,88.196900814,88.196900814
DF_SINGLE_P021::INTERMITTENT_SHORTFALL::THETA_1000::EXTERNALITY_CF_BETA_050::Q95::flat_level,3,10,True,RECOVERABLE_ALLOCATION_EXTERNALITY,0.190483468579,0.190483468579,190.483468579,190.483468579
DF_SINGLE_P021::INTERMITTENT_SHORTFALL::THETA_1000::EXTERNALITY_CF_BETA_050::Q95::flat_level,4,10,True,RECOVERABLE_ALLOCATION_EXTERNALITY,0.118006250527,0.118006250527,118.006250527,118.006250527
DF_SINGLE_P021::INTERMITTENT_SHORTFALL::THETA_1000::EXTERNALITY_CF_BETA_050::Q95::flat_level,5,10,True,RECOVERABLE_ALLOCATION_EXTERNALITY,0.0917544639915,0.0917544639915,91.7544639915,91.7544639915
DF_SINGLE_P021::INTERMITTENT_SHORTFALL::THETA_1000::EXTERNALITY_CF_BETA_050::Q95::flat_level,6,10,True,RECOVERABLE_ALLOCATION_EXTERNALITY,0.122646530007,0.122646530007,122.646530007,122.646530007
DF_SINGLE_P021::INTERMITTENT_SHORTFALL::THETA_1000::EXTERNALITY_CF_BETA_050::Q95::flat_level,7,10,True,RECOVERABLE_ALLOCATION_EXTERNALITY,0.162385831833,0.162385831833,162.385831833,162.385831833
DF_SINGLE_P021::INTERMITTENT_SHORTFALL::THETA_1000::EXTERNALITY_CF_BETA_050::Q95::flat_level,8,10,True,RECOVERABLE_ALLOCATION_EXTERNALITY,0.0858469015149,0.0858469015149,85.8469015149,85.8469015149
DF_SINGLE_P021::INTERMITTENT_SHORTFALL::THETA_1000::EXTERNALITY_CF_BETA_050::Q95::flat_level,9,10,True,RECOVERABLE_ALLOCATION_EXTERNALITY,0.128812883204,0.128812883204,128.812883204,128.812883204
DF_SINGLE_P021::INTERMITTENT_SHORTFALL::THETA_1000::EXTERNALITY_CF_BETA_050::Q95::flat_level,10,10,True,RECOVERABLE_ALLOCATION_EXTERNALITY,0.187828540749,0.187828540749,187.828540749,187.828540749
DF_SINGLE_P021::INTERMITTENT_SHORTFALL::THETA_1000::EXTERNALITY_CF_BETA_050::Q95::flat_level,11,10,True,RECOVERABLE_ALLOCATION_EXTERNALITY,0.0848948994361,0.0848948994361,84.8948994361,84.8948994361
DF_SINGLE_P021::INTERMITTENT_SHORTFALL::THETA_1000::EXTERNALITY_CF_BETA_050::Q95::flat_level,12,10,True,RECOVERABLE_ALLOCATION_EXTERNALITY,0.163544778748,0.163544778748,163.544778748,163.544778748
DF_SINGLE_P021::INTERMITTENT_SHORTFALL::THETA_1000::EXTERNALITY_CF_BETA_050::Q95::flat_level,13,10,True,RECOVERABLE_ALLOCATION_EXTERNALITY,0.135470642587,0.135470642587,135.470642587,135.470642587
DF_SINGLE_P021::INTERMITTENT_SHORTFALL::THETA_1000::EXTERNALITY_CF_BETA_050::Q95::flat_level,14,10,True,RECOVERABLE_ALLOCATION_EXTERNALITY,0.117336375526,0.117336375526,117.336375526,117.336375526
DF_SINGLE_P021::INTERMITTENT_SHORTFALL::THETA_1000::EXTERNALITY_CF_BETA_050::Q95::flat_level,15,10,True,RECOVERABLE_ALLOCATION_EXTERNALITY,0.10754957515,0.10754957515,107.54957515,107.54957515
DF_SINGLE_P021::INTERMITTENT_SHORTFALL::THETA_1000::EXTERNALITY_CF_BETA_050::Q95::flat_level,16,10,True,RECOVERABLE_ALLOCATION_EXTERNALITY,0.153477728116,0.153477728116,153.477728116,153.477728116
DF_SINGLE_P021::INTERMITTENT_SHORTFALL::THETA_1000::EXTERNALITY_CF_BETA_050::Q95::max_export_lp,1,10,True,RECOVERABLE_ALLOCATION_EXTERNALITY,0.0366787034433,0.0366787034435,36.6787034433,36.6787034435
DF_SINGLE_P021::INTERMITTENT_SHORTFALL::THETA_1000::EXTERNALITY_CF_BETA_050::Q95::max_export_lp,2,10,True,RECOVERABLE_ALLOCATION_EXTERNALITY,0.0551002463257,0.0551002463258,55.1002463257,55.1002463258
DF_SINGLE_P021::INTERMITTENT_SHORTFALL::THETA_1000::EXTERNALITY_CF_BETA_050::Q95::max_export_lp,3,10,True,RECOVERABLE_ALLOCATION_EXTERNALITY,0.0243573222266,0.0243573222266,24.3573222266,24.3573222266
DF_SINGLE_P021::INTERMITTENT_SHORTFALL::THETA_1000::EXTERNALITY_CF_BETA_050::Q95::max_export_lp,4,10,True,RECOVERABLE_ALLOCATION_EXTERNALITY,0.0419179445904,0.0419179445904,41.9179445904,41.9179445904
DF_SINGLE_P021::INTERMITTENT_SHORTFALL::THETA_1000::EXTERNALITY_CF_BETA_050::Q95::max_export_lp,5,10,True,RECOVERABLE_ALLOCATION_EXTERNALITY,0.055110943109,0.0551109431136,55.110943109,55.1109431136
DF_SINGLE_P021::INTERMITTENT_SHORTFALL::THETA_1000::EXTERNALITY_CF_BETA_050::Q95::max_export_lp,6,10,True,RECOVERABLE_ALLOCATION_EXTERNALITY,0.0486361570623,0.0486361570624,48.6361570623,48.6361570624
DF_SINGLE_P021::INTERMITTENT_SHORTFALL::THETA_1000::EXTERNALITY_CF_BETA_050::Q95::max_export_lp,7,10,True,RECOVERABLE_ALLOCATION_EXTERNALITY,0.0419253538808,0.0419253538835,41.9253538808,41.9253538835
DF_SINGLE_P021::INTERMITTENT_SHORTFALL::THETA_1000::EXTERNALITY_CF_BETA_050::Q95::max_export_lp,8,10,True,RECOVERABLE_ALLOCATION_EXTERNALITY,0.0373585865229,0.0373585865235,37.3585865229,37.3585865235
DF_SINGLE_P021::INTERMITTENT_SHORTFALL::THETA_1000::EXTERNALITY_CF_BETA_050::Q95::max_export_lp,9,10,True,RECOVERABLE_ALLOCATION_EXTERNALITY,0.0500386900179,0.0500386900183,50.0386900179,50.0386900183
DF_SINGLE_P021::INTERMITTENT_SHORTFALL::THETA_1000::EXTERNALITY_CF_BETA_050::Q95::max_export_lp,10,10,True,RECOVERABLE_ALLOCATION_EXTERNALITY,0.030660070365,0.0306600703651,30.660070365,30.6600703651
DF_SINGLE_P021::INTERMITTENT_SHORTFALL::THETA_1000::EXTERNALITY_CF_BETA_050::Q95::max_export_lp,11,10,True,RECOVERABLE_ALLOCATION_EXTERNALITY,0.0485157931048,0.0485157931048,48.5157931048,48.5157931048
DF_SINGLE_P021::INTERMITTENT_SHORTFALL::THETA_1000::EXTERNALITY_CF_BETA_050::Q95::max_export_lp,12,10,True,RECOVERABLE_ALLOCATION_EXTERNALITY,0.0486207044156,0.0486207044156,48.6207044156,48.6207044156
DF_SINGLE_P021::INTERMITTENT_SHORTFALL::THETA_1000::EXTERNALITY_CF_BETA_050::Q95::max_export_lp,13,10,True,RECOVERABLE_ALLOCATION_EXTERNALITY,0.0419634484485,0.0419634484558,41.9634484485,41.9634484558
DF_SINGLE_P021::INTERMITTENT_SHORTFALL::THETA_1000::EXTERNALITY_CF_BETA_050::Q95::max_export_lp,14,10,True,RECOVERABLE_ALLOCATION_EXTERNALITY,0.0487995618381,0.0487995618395,48.7995618381,48.7995618395
DF_SINGLE_P021::INTERMITTENT_SHORTFALL::THETA_1000::EXTERNALITY_CF_BETA_050::Q95::max_export_lp,15,10,True,RECOVERABLE_ALLOCATION_EXTERNALITY,0.043161899569,0.0431618995701,43.161899569,43.1618995701
DF_SINGLE_P021::INTERMITTENT_SHORTFALL::THETA_1000::EXTERNALITY_CF_BETA_050::Q95::max_export_lp,16,10,True,RECOVERABLE_ALLOCATION_EXTERNALITY,0.0479242129384,0.0479242129425,47.9242129384,47.9242129425
DF_SINGLE_P021::INTERMITTENT_SHORTFALL::THETA_1000::EXTERNALITY_CF_BETA_050::Q95::fairness_qp,1,10,True,RECOVERABLE_ALLOCATION_EXTERNALITY,0.0219582073607,0.045256290771,21.9582073607,45.256290771
DF_SINGLE_P021::INTERMITTENT_SHORTFALL::THETA_1000::EXTERNALITY_CF_BETA_050::Q95::fairness_qp,2,10,True,RECOVERABLE_ALLOCATION_EXTERNALITY,0.0481362497293,0.0615037477696,48.1362497293,61.5037477696
DF_SINGLE_P021::INTERMITTENT_SHORTFALL::THETA_1000::EXTERNALITY_CF_BETA_050::Q95::fairness_qp,3,10,True,RECOVERABLE_ALLOCATION_EXTERNALITY,0.0274426922581,0.0494381808672,27.4426922581,49.4381808672
DF_SINGLE_P021::INTERMITTENT_SHORTFALL::THETA_1000::EXTERNALITY_CF_BETA_050::Q95::fairness_qp,4,10,True,RECOVERABLE_ALLOCATION_EXTERNALITY,0.0307849764933,0.049966547484,30.7849764933,49.966547484
DF_SINGLE_P021::INTERMITTENT_SHORTFALL::THETA_1000::EXTERNALITY_CF_BETA_050::Q95::fairness_qp,5,10,True,RECOVERABLE_ALLOCATION_EXTERNALITY,0.0321448534663,0.0504800725458,32.1448534663,50.4800725458
DF_SINGLE_P021::INTERMITTENT_SHORTFALL::THETA_1000::EXTERNALITY_CF_BETA_050::Q95::fairness_qp,6,10,True,RECOVERABLE_ALLOCATION_EXTERNALITY,0.0413921564518,0.054504965703,41.3921564518,54.504965703
DF_SINGLE_P021::INTERMITTENT_SHORTFALL::THETA_1000::EXTERNALITY_CF_BETA_050::Q95::fairness_qp,7,10,True,RECOVERABLE_ALLOCATION_EXTERNALITY,0.0331194846667,0.052527482238,33.1194846667,52.527482238
DF_SINGLE_P021::INTERMITTENT_SHORTFALL::THETA_1000::EXTERNALITY_CF_BETA_050::Q95::fairness_qp,8,10,True,RECOVERABLE_ALLOCATION_EXTERNALITY,0.0250771093954,0.0461649059723,25.0771093954,46.1649059723
DF_SINGLE_P021::INTERMITTENT_SHORTFALL::THETA_1000::EXTERNALITY_CF_BETA_050::Q95::fairness_qp,9,10,True,RECOVERABLE_ALLOCATION_EXTERNALITY,0.0418902619672,0.0549534985985,41.8902619672,54.9534985985
DF_SINGLE_P021::INTERMITTENT_SHORTFALL::THETA_1000::EXTERNALITY_CF_BETA_050::Q95::fairness_qp,10,10,True,RECOVERABLE_ALLOCATION_EXTERNALITY,0.0341017039527,0.0551118427552,34.1017039527,55.1118427552
DF_SINGLE_P021::INTERMITTENT_SHORTFALL::THETA_1000::EXTERNALITY_CF_BETA_050::Q95::fairness_qp,11,10,True,RECOVERABLE_ALLOCATION_EXTERNALITY,0.0304199825269,0.0475529817251,30.4199825269,47.5529817251
DF_SINGLE_P021::INTERMITTENT_SHORTFALL::THETA_1000::EXTERNALITY_CF_BETA_050::Q95::fairness_qp,12,10,True,RECOVERABLE_ALLOCATION_EXTERNALITY,0.037647789452,0.0525989004442,37.647789452,52.5989004442
DF_SINGLE_P021::INTERMITTENT_SHORTFALL::THETA_1000::EXTERNALITY_CF_BETA_050::Q95::fairness_qp,13,10,True,RECOVERABLE_ALLOCATION_EXTERNALITY,0.0356339248755,0.0526100382036,35.6339248755,52.6100382036
DF_SINGLE_P021::INTERMITTENT_SHORTFALL::THETA_1000::EXTERNALITY_CF_BETA_050::Q95::fairness_qp,14,10,True,RECOVERABLE_ALLOCATION_EXTERNALITY,0.0312456001407,0.0494363952438,31.2456001407,49.4363952438
DF_SINGLE_P021::INTERMITTENT_SHORTFALL::THETA_1000::EXTERNALITY_CF_BETA_050::Q95::fairness_qp,15,10,True,RECOVERABLE_ALLOCATION_EXTERNALITY,0.0308845690914,0.0450269267326,30.8845690914,45.0269267326
DF_SINGLE_P021::INTERMITTENT_SHORTFALL::THETA_1000::EXTERNALITY_CF_BETA_050::Q95::fairness_qp,16,10,True,RECOVERABLE_ALLOCATION_EXTERNALITY,0.0353462430529,0.052294842031,35.3462430529,52.294842031
DF_SINGLE_P021::SHOCK_AND_RECOVERY::THETA_0000::EXTERNALITY_CF_BETA_050::Q0::weighted_proportional,1,0,True,RECOVERABLE_ALLOCATION_EXTERNALITY,0.0435948146295,0.0807740186463,43.5948146295,80.7740186463
DF_SINGLE_P021::SHOCK_AND_RECOVERY::THETA_0000::EXTERNALITY_CF_BETA_050::Q0::weighted_proportional,2,0,True,RECOVERABLE_ALLOCATION_EXTERNALITY,0.0287907758697,0.0694045598952,28.7907758697,69.4045598952
DF_SINGLE_P021::SHOCK_AND_RECOVERY::THETA_0000::EXTERNALITY_CF_BETA_050::Q0::weighted_proportional,3,0,True,RECOVERABLE_ALLOCATION_EXTERNALITY,0.0300627890108,0.0490571278469,30.0627890108,49.0571278469
DF_SINGLE_P021::SHOCK_AND_RECOVERY::THETA_0000::EXTERNALITY_CF_BETA_050::Q0::weighted_proportional,4,0,True,RECOVERABLE_ALLOCATION_EXTERNALITY,0.0279357543413,0.0574316795843,27.9357543413,57.4316795843
DF_SINGLE_P021::SHOCK_AND_RECOVERY::THETA_0000::EXTERNALITY_CF_BETA_050::Q0::weighted_proportional,5,0,True,RECOVERABLE_ALLOCATION_EXTERNALITY,0.047608937934,0.0794037288774,47.608937934,79.4037288774
DF_SINGLE_P021::SHOCK_AND_RECOVERY::THETA_0000::EXTERNALITY_CF_BETA_050::Q0::weighted_proportional,6,0,True,RECOVERABLE_ALLOCATION_EXTERNALITY,0.0423265933886,0.0692688498782,42.3265933886,69.2688498782
DF_SINGLE_P021::SHOCK_AND_RECOVERY::THETA_0000::EXTERNALITY_CF_BETA_050::Q0::weighted_proportional,7,0,True,RECOVERABLE_ALLOCATION_EXTERNALITY,0.0331725926974,0.0641411672119,33.1725926974,64.1411672119
DF_SINGLE_P021::SHOCK_AND_RECOVERY::THETA_0000::EXTERNALITY_CF_BETA_050::Q0::weighted_proportional,8,0,True,RECOVERABLE_ALLOCATION_EXTERNALITY,0.0495328342456,0.0759916066172,49.5328342456,75.9916066172
DF_SINGLE_P021::SHOCK_AND_RECOVERY::THETA_0000::EXTERNALITY_CF_BETA_050::Q0::weighted_proportional,9,0,True,RECOVERABLE_ALLOCATION_EXTERNALITY,0.00183129642178,0.0487207170367,1.83129642178,48.7207170367
DF_SINGLE_P021::SHOCK_AND_RECOVERY::THETA_0000::EXTERNALITY_CF_BETA_050::Q0::weighted_proportional,10,0,True,RECOVERABLE_ALLOCATION_EXTERNALITY,0.0300981664226,0.0604192698224,30.0981664226,60.4192698224
DF_SINGLE_P021::SHOCK_AND_RECOVERY::THETA_0000::EXTERNALITY_CF_BETA_050::Q0::weighted_proportional,11,0,True,RECOVERABLE_ALLOCATION_EXTERNALITY,0.017366013658,0.0521662356284,17.366013658,52.1662356284
DF_SINGLE_P021::SHOCK_AND_RECOVERY::THETA_0000::EXTERNALITY_CF_BETA_050::Q0::weighted_proportional,12,0,True,RECOVERABLE_ALLOCATION_EXTERNALITY,0.0449162382529,0.0649170400136,44.9162382529,64.9170400136
DF_SINGLE_P021::SHOCK_AND_RECOVERY::THETA_0000::EXTERNALITY_CF_BETA_050::Q0::weighted_proportional,13,0,True,RECOVERABLE_ALLOCATION_EXTERNALITY,0.0267992272586,0.0566240889243,26.7992272586,56.6240889243
DF_SINGLE_P021::SHOCK_AND_RECOVERY::THETA_0000::EXTERNALITY_CF_BETA_050::Q0::weighted_proportional,14,0,True,RECOVERABLE_ALLOCATION_EXTERNALITY,0.0516959822446,0.0715434160022,51.6959822446,71.5434160022
DF_SINGLE_P021::SHOCK_AND_RECOVERY::THETA_0000::EXTERNALITY_CF_BETA_050::Q0::weighted_proportional,15,0,True,RECOVERABLE_ALLOCATION_EXTERNALITY,0.0531333717633,0.0759185988672,53.1333717633,75.9185988672
DF_SINGLE_P021::SHOCK_AND_RECOVERY::THETA_0000::EXTERNALITY_CF_BETA_050::Q0::weighted_proportional,16,0,True,RECOVERABLE_ALLOCATION_EXTERNALITY,0.0395410634063,0.067752103722,39.5410634063,67.752103722
DF_SINGLE_P021::SHOCK_AND_RECOVERY::THETA_0000::EXTERNALITY_CF_BETA_050::Q0::equal_kw_reduction,1,0,True,RECOVERABLE_ALLOCATION_EXTERNALITY,0.0287698625904,0.0578002425178,28.7698625904,57.8002425178
DF_SINGLE_P021::SHOCK_AND_RECOVERY::THETA_0000::EXTERNALITY_CF_BETA_050::Q0::equal_kw_reduction,2,0,True,RECOVERABLE_ALLOCATION_EXTERNALITY,0.0255126625825,0.0523832445764,25.5126625825,52.3832445764
DF_SINGLE_P021::SHOCK_AND_RECOVERY::THETA_0000::EXTERNALITY_CF_BETA_050::Q0::equal_kw_reduction,3,0,True,RECOVERABLE_ALLOCATION_EXTERNALITY,0.0182500438954,0.038481003,18.2500438954,38.481003
DF_SINGLE_P021::SHOCK_AND_RECOVERY::THETA_0000::EXTERNALITY_CF_BETA_050::Q0::equal_kw_reduction,4,0,True,RECOVERABLE_ALLOCATION_EXTERNALITY,0.0198787941302,0.0386475317264,19.8787941302,38.6475317264
DF_SINGLE_P021::SHOCK_AND_RECOVERY::THETA_0000::EXTERNALITY_CF_BETA_050::Q0::equal_kw_reduction,5,0,True,RECOVERABLE_ALLOCATION_EXTERNALITY,0.0311267921924,0.052468543542,31.1267921924,52.468543542
DF_SINGLE_P021::SHOCK_AND_RECOVERY::THETA_0000::EXTERNALITY_CF_BETA_050::Q0::equal_kw_reduction,6,0,True,RECOVERABLE_ALLOCATION_EXTERNALITY,0.018033559658,0.0361814032239,18.033559658,36.1814032239
DF_SINGLE_P021::SHOCK_AND_RECOVERY::THETA_0000::EXTERNALITY_CF_BETA_050::Q0::equal_kw_reduction,7,0,True,RECOVERABLE_ALLOCATION_EXTERNALITY,0.0228379105124,0.044564761154,22.8379105124,44.564761154
DF_SINGLE_P021::SHOCK_AND_RECOVERY::THETA_0000::EXTERNALITY_CF_BETA_050::Q0::equal_kw_reduction,8,0,True,RECOVERABLE_ALLOCATION_EXTERNALITY,0.0269914224332,0.0441550160635,26.9914224332,44.1550160635
DF_SINGLE_P021::SHOCK_AND_RECOVERY::THETA_0000::EXTERNALITY_CF_BETA_050::Q0::equal_kw_reduction,9,0,True,RECOVERABLE_ALLOCATION_EXTERNALITY,0.026572519346,0.0458744904478,26.572519346,45.8744904478
DF_SINGLE_P021::SHOCK_AND_RECOVERY::THETA_0000::EXTERNALITY_CF_BETA_050::Q0::equal_kw_reduction,10,0,True,RECOVERABLE_ALLOCATION_EXTERNALITY,0.0238010841192,0.0401528482371,23.8010841192,40.1528482371
DF_SINGLE_P021::SHOCK_AND_RECOVERY::THETA_0000::EXTERNALITY_CF_BETA_050::Q0::equal_kw_reduction,11,0,True,RECOVERABLE_ALLOCATION_EXTERNALITY,0.0263425352801,0.0430682513076,26.3425352801,43.0682513076
DF_SINGLE_P021::SHOCK_AND_RECOVERY::THETA_0000::EXTERNALITY_CF_BETA_050::Q0::equal_kw_reduction,12,0,True,RECOVERABLE_ALLOCATION_EXTERNALITY,0.0238253023447,0.0393281643206,23.8253023447,39.3281643206
DF_SINGLE_P021::SHOCK_AND_RECOVERY::THETA_0000::EXTERNALITY_CF_BETA_050::Q0::equal_kw_reduction,13,0,True,RECOVERABLE_ALLOCATION_EXTERNALITY,0.0178926574986,0.0329369798964,17.8926574986,32.9369798964
DF_SINGLE_P021::SHOCK_AND_RECOVERY::THETA_0000::EXTERNALITY_CF_BETA_050::Q0::equal_kw_reduction,14,0,True,RECOVERABLE_ALLOCATION_EXTERNALITY,0.017830960994,0.0391856714852,17.830960994,39.1856714852
DF_SINGLE_P021::SHOCK_AND_RECOVERY::THETA_0000::EXTERNALITY_CF_BETA_050::Q0::equal_kw_reduction,15,0,True,RECOVERABLE_ALLOCATION_EXTERNALITY,0.0171093906823,0.0360094400845,17.1093906823,36.0094400845
DF_SINGLE_P021::SHOCK_AND_RECOVERY::THETA_0000::EXTERNALITY_CF_BETA_050::Q0::equal_kw_reduction,16,0,True,RECOVERABLE_ALLOCATION_EXTERNALITY,0.0244094918292,0.04542746841,24.4094918292,45.42746841
DF_SINGLE_P021::SHOCK_AND_RECOVERY::THETA_0000::EXTERNALITY_CF_BETA_050::Q0::flat_level,1,0,True,RECOVERABLE_ALLOCATION_EXTERNALITY,0.148123068313,0.148123068313,148.123068313,148.123068313
DF_SINGLE_P021::SHOCK_AND_RECOVERY::THETA_0000::EXTERNALITY_CF_BETA_050::Q0::flat_level,2,0,True,RECOVERABLE_ALLOCATION_EXTERNALITY,0.0868697073828,0.0868697073828,86.8697073828,86.8697073828
DF_SINGLE_P021::SHOCK_AND_RECOVERY::THETA_0000::EXTERNALITY_CF_BETA_050::Q0::flat_level,3,0,True,RECOVERABLE_ALLOCATION_EXTERNALITY,0.11072873872,0.11072873872,110.72873872,110.72873872
DF_SINGLE_P021::SHOCK_AND_RECOVERY::THETA_0000::EXTERNALITY_CF_BETA_050::Q0::flat_level,4,0,True,RECOVERABLE_ALLOCATION_EXTERNALITY,0.098324426211,0.098324426211,98.324426211,98.324426211
DF_SINGLE_P021::SHOCK_AND_RECOVERY::THETA_0000::EXTERNALITY_CF_BETA_050::Q0::flat_level,5,0,True,RECOVERABLE_ALLOCATION_EXTERNALITY,0.149283270825,0.149283270825,149.283270825,149.283270825
DF_SINGLE_P021::SHOCK_AND_RECOVERY::THETA_0000::EXTERNALITY_CF_BETA_050::Q0::flat_level,6,0,True,RECOVERABLE_ALLOCATION_EXTERNALITY,0.114073166784,0.114073166784,114.073166784,114.073166784
DF_SINGLE_P021::SHOCK_AND_RECOVERY::THETA_0000::EXTERNALITY_CF_BETA_050::Q0::flat_level,7,0,True,RECOVERABLE_ALLOCATION_EXTERNALITY,0.111624880381,0.111624880381,111.624880381,111.624880381
DF_SINGLE_P021::SHOCK_AND_RECOVERY::THETA_0000::EXTERNALITY_CF_BETA_050::Q0::flat_level,8,0,True,RECOVERABLE_ALLOCATION_EXTERNALITY,0.0889409099892,0.0889409099892,88.9409099892,88.9409099892
DF_SINGLE_P021::SHOCK_AND_RECOVERY::THETA_0000::EXTERNALITY_CF_BETA_050::Q0::flat_level,9,0,True,RECOVERABLE_ALLOCATION_EXTERNALITY,0.0267436456005,0.0267436456005,26.7436456005,26.7436456005
DF_SINGLE_P021::SHOCK_AND_RECOVERY::THETA_0000::EXTERNALITY_CF_BETA_050::Q0::flat_level,10,0,True,RECOVERABLE_ALLOCATION_EXTERNALITY,0.107823757171,0.107823757171,107.823757171,107.823757171
DF_SINGLE_P021::SHOCK_AND_RECOVERY::THETA_0000::EXTERNALITY_CF_BETA_050::Q0::flat_level,11,0,True,RECOVERABLE_ALLOCATION_EXTERNALITY,0.0633944407304,0.0633944407304,63.3944407304,63.3944407304
DF_SINGLE_P021::SHOCK_AND_RECOVERY::THETA_0000::EXTERNALITY_CF_BETA_050::Q0::flat_level,12,0,True,RECOVERABLE_ALLOCATION_EXTERNALITY,0.0934603654831,0.0934603654831,93.4603654831,93.4603654831
DF_SINGLE_P021::SHOCK_AND_RECOVERY::THETA_0000::EXTERNALITY_CF_BETA_050::Q0::flat_level,13,0,True,RECOVERABLE_ALLOCATION_EXTERNALITY,0.0864586913467,0.0864586913467,86.4586913467,86.4586913467
DF_SINGLE_P021::SHOCK_AND_RECOVERY::THETA_0000::EXTERNALITY_CF_BETA_050::Q0::flat_level,14,0,True,RECOVERABLE_ALLOCATION_EXTERNALITY,0.140517607119,0.140517607119,140.517607119,140.517607119
DF_SINGLE_P021::SHOCK_AND_RECOVERY::THETA_0000::EXTERNALITY_CF_BETA_050::Q0::flat_level,15,0,True,RECOVERABLE_ALLOCATION_EXTERNALITY,0.118957095497,0.118957095497,118.957095497,118.957095497
DF_SINGLE_P021::SHOCK_AND_RECOVERY::THETA_0000::EXTERNALITY_CF_BETA_050::Q0::flat_level,16,0,True,RECOVERABLE_ALLOCATION_EXTERNALITY,0.0897753982789,0.0897753982789,89.7753982789,89.7753982789
DF_SINGLE_P021::SHOCK_AND_RECOVERY::THETA_0000::EXTERNALITY_CF_BETA_050::Q0::max_export_lp,1,0,True,RECOVERABLE_ALLOCATION_EXTERNALITY,0.0414751503227,0.0414751503227,41.4751503227,41.4751503227
DF_SINGLE_P021::SHOCK_AND_RECOVERY::THETA_0000::EXTERNALITY_CF_BETA_050::Q0::max_export_lp,2,0,True,RECOVERABLE_ALLOCATION_EXTERNALITY,0.0435901380683,0.0435901380684,43.5901380683,43.5901380684
DF_SINGLE_P021::SHOCK_AND_RECOVERY::THETA_0000::EXTERNALITY_CF_BETA_050::Q0::max_export_lp,3,0,True,RECOVERABLE_ALLOCATION_EXTERNALITY,0.0406650470892,0.0406650470911,40.6650470892,40.6650470911
DF_SINGLE_P021::SHOCK_AND_RECOVERY::THETA_0000::EXTERNALITY_CF_BETA_050::Q0::max_export_lp,4,0,True,RECOVERABLE_ALLOCATION_EXTERNALITY,0.0255065611916,0.0255065611916,25.5065611916,25.5065611916
DF_SINGLE_P021::SHOCK_AND_RECOVERY::THETA_0000::EXTERNALITY_CF_BETA_050::Q0::max_export_lp,5,0,True,RECOVERABLE_ALLOCATION_EXTERNALITY,0.0455958303368,0.0455958303374,45.5958303368,45.5958303374
DF_SINGLE_P021::SHOCK_AND_RECOVERY::THETA_0000::EXTERNALITY_CF_BETA_050::Q0::max_export_lp,6,0,True,RECOVERABLE_ALLOCATION_EXTERNALITY,0.0284982616143,0.0284982616144,28.4982616143,28.4982616144
DF_SINGLE_P021::SHOCK_AND_RECOVERY::THETA_0000::EXTERNALITY_CF_BETA_050::Q0::max_export_lp,7,0,True,RECOVERABLE_ALLOCATION_EXTERNALITY,0.0419168113143,0.0419168113147,41.9168113143,41.9168113147
DF_SINGLE_P021::SHOCK_AND_RECOVERY::THETA_0000::EXTERNALITY_CF_BETA_050::Q0::max_export_lp,8,0,True,RECOVERABLE_ALLOCATION_EXTERNALITY,0.0308633273425,0.0308633273425,30.8633273425,30.8633273425
DF_SINGLE_P021::SHOCK_AND_RECOVERY::THETA_0000::EXTERNALITY_CF_BETA_050::Q0::max_export_lp,9,0,True,RECOVERABLE_ALLOCATION_EXTERNALITY,0.0533915168013,0.053391516802,53.3915168013,53.391516802
DF_SINGLE_P021::SHOCK_AND_RECOVERY::THETA_0000::EXTERNALITY_CF_BETA_050::Q0::max_export_lp,10,0,True,RECOVERABLE_ALLOCATION_EXTERNALITY,0.0357656863838,0.0357656863849,35.7656863838,35.7656863849
DF_SINGLE_P021::SHOCK_AND_RECOVERY::THETA_0000::EXTERNALITY_CF_BETA_050::Q0::max_export_lp,11,0,True,RECOVERABLE_ALLOCATION_EXTERNALITY,0.0383458224655,0.0383458224656,38.3458224655,38.3458224656
DF_SINGLE_P021::SHOCK_AND_RECOVERY::THETA_0000::EXTERNALITY_CF_BETA_050::Q0::max_export_lp,12,0,True,RECOVERABLE_ALLOCATION_EXTERNALITY,0.0376141520114,0.0376141520114,37.6141520114,37.6141520114
DF_SINGLE_P021::SHOCK_AND_RECOVERY::THETA_0000::EXTERNALITY_CF_BETA_050::Q0::max_export_lp,13,0,True,RECOVERABLE_ALLOCATION_EXTERNALITY,0.0228074730752,0.0228074730752,22.8074730752,22.8074730752
DF_SINGLE_P021::SHOCK_AND_RECOVERY::THETA_0000::EXTERNALITY_CF_BETA_050::Q0::max_export_lp,14,0,True,RECOVERABLE_ALLOCATION_EXTERNALITY,0.0263766344336,0.0263766344338,26.3766344336,26.3766344338
DF_SINGLE_P021::SHOCK_AND_RECOVERY::THETA_0000::EXTERNALITY_CF_BETA_050::Q0::max_export_lp,15,0,True,RECOVERABLE_ALLOCATION_EXTERNALITY,0.0263086180091,0.0263086180099,26.3086180091,26.3086180099
DF_SINGLE_P021::SHOCK_AND_RECOVERY::THETA_0000::EXTERNALITY_CF_BETA_050::Q0::max_export_lp,16,0,True,RECOVERABLE_ALLOCATION_EXTERNALITY,0.0457955341413,0.0457955341417,45.7955341413,45.7955341417
DF_SINGLE_P021::SHOCK_AND_RECOVERY::THETA_0000::EXTERNALITY_CF_BETA_050::Q0::fairness_qp,1,0,True,RECOVERABLE_ALLOCATION_EXTERNALITY,0.0124633384411,0.0348565551029,12.4633384411,34.8565551029
DF_SINGLE_P021::SHOCK_AND_RECOVERY::THETA_0000::EXTERNALITY_CF_BETA_050::Q0::fairness_qp,2,0,True,RECOVERABLE_ALLOCATION_EXTERNALITY,0.0120943403468,0.0354522240652,12.0943403468,35.4522240652
DF_SINGLE_P021::SHOCK_AND_RECOVERY::THETA_0000::EXTERNALITY_CF_BETA_050::Q0::fairness_qp,3,0,True,RECOVERABLE_ALLOCATION_EXTERNALITY,0.0150745518887,0.0352840790971,15.0745518887,35.2840790971
DF_SINGLE_P021::SHOCK_AND_RECOVERY::THETA_0000::EXTERNALITY_CF_BETA_050::Q0::fairness_qp,4,0,True,RECOVERABLE_ALLOCATION_EXTERNALITY,0.0115680736619,0.0338231077054,11.5680736619,33.8231077054
DF_SINGLE_P021::SHOCK_AND_RECOVERY::THETA_0000::EXTERNALITY_CF_BETA_050::Q0::fairness_qp,5,0,True,RECOVERABLE_ALLOCATION_EXTERNALITY,0.0322942511256,0.0530730490149,32.2942511256,53.0730490149
DF_SINGLE_P021::SHOCK_AND_RECOVERY::THETA_0000::EXTERNALITY_CF_BETA_050::Q0::fairness_qp,6,0,True,RECOVERABLE_ALLOCATION_EXTERNALITY,0.0274994352877,0.0418510907087,27.4994352877,41.8510907087
DF_SINGLE_P021::SHOCK_AND_RECOVERY::THETA_0000::EXTERNALITY_CF_BETA_050::Q0::fairness_qp,7,0,True,RECOVERABLE_ALLOCATION_EXTERNALITY,0.0325396408348,0.0447098539701,32.5396408348,44.7098539701
DF_SINGLE_P021::SHOCK_AND_RECOVERY::THETA_0000::EXTERNALITY_CF_BETA_050::Q0::fairness_qp,8,0,True,RECOVERABLE_ALLOCATION_EXTERNALITY,0.0441265378364,0.0552347196562,44.1265378364,55.2347196562
DF_SINGLE_P021::SHOCK_AND_RECOVERY::THETA_0000::EXTERNALITY_CF_BETA_050::Q0::fairness_qp,9,0,True,RECOVERABLE_ALLOCATION_EXTERNALITY,0.0526955185933,0.0614151219366,52.6955185933,61.4151219366
DF_SINGLE_P021::SHOCK_AND_RECOVERY::THETA_0000::EXTERNALITY_CF_BETA_050::Q0::fairness_qp,10,0,True,RECOVERABLE_ALLOCATION_EXTERNALITY,0.0383496854241,0.0489133251676,38.3496854241,48.9133251676
DF_SINGLE_P021::SHOCK_AND_RECOVERY::THETA_0000::EXTERNALITY_CF_BETA_050::Q0::fairness_qp,11,0,True,RECOVERABLE_ALLOCATION_EXTERNALITY,0.0419475842668,0.0496899347537,41.9475842668,49.6899347537
DF_SINGLE_P021::SHOCK_AND_RECOVERY::THETA_0000::EXTERNALITY_CF_BETA_050::Q0::fairness_qp,12,0,True,RECOVERABLE_ALLOCATION_EXTERNALITY,0.0256296590119,0.0389821488455,25.6296590119,38.9821488455
DF_SINGLE_P021::SHOCK_AND_RECOVERY::THETA_0000::EXTERNALITY_CF_BETA_050::Q0::fairness_qp,13,0,True,RECOVERABLE_ALLOCATION_EXTERNALITY,0.0322538401022,0.0407112253468,32.2538401022,40.7112253468
DF_SINGLE_P021::SHOCK_AND_RECOVERY::THETA_0000::EXTERNALITY_CF_BETA_050::Q0::fairness_qp,14,0,True,RECOVERABLE_ALLOCATION_EXTERNALITY,0.020258001632,0.0439199223166,20.258001632,43.9199223166
DF_SINGLE_P021::SHOCK_AND_RECOVERY::THETA_0000::EXTERNALITY_CF_BETA_050::Q0::fairness_qp,15,0,True,RECOVERABLE_ALLOCATION_EXTERNALITY,0.0209714570802,0.038538350862,20.9714570802,38.538350862
DF_SINGLE_P021::SHOCK_AND_RECOVERY::THETA_0000::EXTERNALITY_CF_BETA_050::Q0::fairness_qp,16,0,True,RECOVERABLE_ALLOCATION_EXTERNALITY,0.0204925379668,0.039886891044,20.4925379668,39.886891044
DF_SINGLE_P021::SHOCK_AND_RECOVERY::THETA_0000::EXTERNALITY_CF_BETA_050::Q95::weighted_proportional,1,0,True,RECOVERABLE_ALLOCATION_EXTERNALITY,0.0435948146311,0.0807740186479,43.5948146311,80.7740186479
DF_SINGLE_P021::SHOCK_AND_RECOVERY::THETA_0000::EXTERNALITY_CF_BETA_050::Q95::weighted_proportional,2,0,True,RECOVERABLE_ALLOCATION_EXTERNALITY,0.0287907758711,0.0694045598964,28.7907758711,69.4045598964
DF_SINGLE_P021::SHOCK_AND_RECOVERY::THETA_0000::EXTERNALITY_CF_BETA_050::Q95::weighted_proportional,3,0,True,RECOVERABLE_ALLOCATION_EXTERNALITY,0.0300627890122,0.0490571278483,30.0627890122,49.0571278483
DF_SINGLE_P021::SHOCK_AND_RECOVERY::THETA_0000::EXTERNALITY_CF_BETA_050::Q95::weighted_proportional,4,0,True,RECOVERABLE_ALLOCATION_EXTERNALITY,0.0279357543424,0.0574316795853,27.9357543424,57.4316795853
DF_SINGLE_P021::SHOCK_AND_RECOVERY::THETA_0000::EXTERNALITY_CF_BETA_050::Q95::weighted_proportional,5,0,True,RECOVERABLE_ALLOCATION_EXTERNALITY,0.0476089379329,0.0794037288764,47.6089379329,79.4037288764
DF_SINGLE_P021::SHOCK_AND_RECOVERY::THETA_0000::EXTERNALITY_CF_BETA_050::Q95::weighted_proportional,6,0,True,RECOVERABLE_ALLOCATION_EXTERNALITY,0.042326593387,0.0692688498766,42.326593387,69.2688498766
DF_SINGLE_P021::SHOCK_AND_RECOVERY::THETA_0000::EXTERNALITY_CF_BETA_050::Q95::weighted_proportional,7,0,True,RECOVERABLE_ALLOCATION_EXTERNALITY,0.0331725926954,0.0641411672101,33.1725926954,64.1411672101
DF_SINGLE_P021::SHOCK_AND_RECOVERY::THETA_0000::EXTERNALITY_CF_BETA_050::Q95::weighted_proportional,8,0,True,RECOVERABLE_ALLOCATION_EXTERNALITY,0.0495328342446,0.0759916066163,49.5328342446,75.9916066163
DF_SINGLE_P021::SHOCK_AND_RECOVERY::THETA_0000::EXTERNALITY_CF_BETA_050::Q95::weighted_proportional,9,0,True,RECOVERABLE_ALLOCATION_EXTERNALITY,0.00183129642047,0.0487207170355,1.83129642047,48.7207170355
DF_SINGLE_P021::SHOCK_AND_RECOVERY::THETA_0000::EXTERNALITY_CF_BETA_050::Q95::weighted_proportional,10,0,True,RECOVERABLE_ALLOCATION_EXTERNALITY,0.0300981664232,0.0604192698232,30.0981664232,60.4192698232
DF_SINGLE_P021::SHOCK_AND_RECOVERY::THETA_0000::EXTERNALITY_CF_BETA_050::Q95::weighted_proportional,11,0,True,RECOVERABLE_ALLOCATION_EXTERNALITY,0.0173660136477,0.0521662356181,17.3660136477,52.1662356181
DF_SINGLE_P021::SHOCK_AND_RECOVERY::THETA_0000::EXTERNALITY_CF_BETA_050::Q95::weighted_proportional,12,0,True,RECOVERABLE_ALLOCATION_EXTERNALITY,0.0449162382517,0.0649170400126,44.9162382517,64.9170400126
DF_SINGLE_P021::SHOCK_AND_RECOVERY::THETA_0000::EXTERNALITY_CF_BETA_050::Q95::weighted_proportional,13,0,True,RECOVERABLE_ALLOCATION_EXTERNALITY,0.0267992272583,0.0566240889242,26.7992272583,56.6240889242
DF_SINGLE_P021::SHOCK_AND_RECOVERY::THETA_0000::EXTERNALITY_CF_BETA_050::Q95::weighted_proportional,14,0,True,RECOVERABLE_ALLOCATION_EXTERNALITY,0.0516959822434,0.071543416001,51.6959822434,71.543416001
DF_SINGLE_P021::SHOCK_AND_RECOVERY::THETA_0000::EXTERNALITY_CF_BETA_050::Q95::weighted_proportional,15,0,True,RECOVERABLE_ALLOCATION_EXTERNALITY,0.0531333717636,0.0759185988676,53.1333717636,75.9185988676
DF_SINGLE_P021::SHOCK_AND_RECOVERY::THETA_0000::EXTERNALITY_CF_BETA_050::Q95::weighted_proportional,16,0,True,RECOVERABLE_ALLOCATION_EXTERNALITY,0.039541063405,0.0677521037208,39.541063405,67.7521037208
DF_SINGLE_P021::SHOCK_AND_RECOVERY::THETA_0000::EXTERNALITY_CF_BETA_050::Q95::equal_kw_reduction,1,0,True,RECOVERABLE_ALLOCATION_EXTERNALITY,0.0287698625904,0.0578002425178,28.7698625904,57.8002425178
DF_SINGLE_P021::SHOCK_AND_RECOVERY::THETA_0000::EXTERNALITY_CF_BETA_050::Q95::equal_kw_reduction,2,0,True,RECOVERABLE_ALLOCATION_EXTERNALITY,0.0255126625825,0.0523832445764,25.5126625825,52.3832445764
DF_SINGLE_P021::SHOCK_AND_RECOVERY::THETA_0000::EXTERNALITY_CF_BETA_050::Q95::equal_kw_reduction,3,0,True,RECOVERABLE_ALLOCATION_EXTERNALITY,0.0182500438954,0.038481003,18.2500438954,38.481003
DF_SINGLE_P021::SHOCK_AND_RECOVERY::THETA_0000::EXTERNALITY_CF_BETA_050::Q95::equal_kw_reduction,4,0,True,RECOVERABLE_ALLOCATION_EXTERNALITY,0.0198787941302,0.0386475317264,19.8787941302,38.6475317264
DF_SINGLE_P021::SHOCK_AND_RECOVERY::THETA_0000::EXTERNALITY_CF_BETA_050::Q95::equal_kw_reduction,5,0,True,RECOVERABLE_ALLOCATION_EXTERNALITY,0.0311267921924,0.052468543542,31.1267921924,52.468543542
DF_SINGLE_P021::SHOCK_AND_RECOVERY::THETA_0000::EXTERNALITY_CF_BETA_050::Q95::equal_kw_reduction,6,0,True,RECOVERABLE_ALLOCATION_EXTERNALITY,0.018033559658,0.0361814032239,18.033559658,36.1814032239
DF_SINGLE_P021::SHOCK_AND_RECOVERY::THETA_0000::EXTERNALITY_CF_BETA_050::Q95::equal_kw_reduction,7,0,True,RECOVERABLE_ALLOCATION_EXTERNALITY,0.0228379105124,0.044564761154,22.8379105124,44.564761154
DF_SINGLE_P021::SHOCK_AND_RECOVERY::THETA_0000::EXTERNALITY_CF_BETA_050::Q95::equal_kw_reduction,8,0,True,RECOVERABLE_ALLOCATION_EXTERNALITY,0.0269914224332,0.0441550160635,26.9914224332,44.1550160635
DF_SINGLE_P021::SHOCK_AND_RECOVERY::THETA_0000::EXTERNALITY_CF_BETA_050::Q95::equal_kw_reduction,9,0,True,RECOVERABLE_ALLOCATION_EXTERNALITY,0.026572519346,0.0458744904478,26.572519346,45.8744904478
DF_SINGLE_P021::SHOCK_AND_RECOVERY::THETA_0000::EXTERNALITY_CF_BETA_050::Q95::equal_kw_reduction,10,0,True,RECOVERABLE_ALLOCATION_EXTERNALITY,0.0238010841192,0.0401528482371,23.8010841192,40.1528482371
DF_SINGLE_P021::SHOCK_AND_RECOVERY::THETA_0000::EXTERNALITY_CF_BETA_050::Q95::equal_kw_reduction,11,0,True,RECOVERABLE_ALLOCATION_EXTERNALITY,0.0263425352801,0.0430682513076,26.3425352801,43.0682513076
DF_SINGLE_P021::SHOCK_AND_RECOVERY::THETA_0000::EXTERNALITY_CF_BETA_050::Q95::equal_kw_reduction,12,0,True,RECOVERABLE_ALLOCATION_EXTERNALITY,0.0238253023447,0.0393281643206,23.8253023447,39.3281643206
DF_SINGLE_P021::SHOCK_AND_RECOVERY::THETA_0000::EXTERNALITY_CF_BETA_050::Q95::equal_kw_reduction,13,0,True,RECOVERABLE_ALLOCATION_EXTERNALITY,0.0178926574986,0.0329369798964,17.8926574986,32.9369798964
DF_SINGLE_P021::SHOCK_AND_RECOVERY::THETA_0000::EXTERNALITY_CF_BETA_050::Q95::equal_kw_reduction,14,0,True,RECOVERABLE_ALLOCATION_EXTERNALITY,0.017830960994,0.0391856714852,17.830960994,39.1856714852
DF_SINGLE_P021::SHOCK_AND_RECOVERY::THETA_0000::EXTERNALITY_CF_BETA_050::Q95::equal_kw_reduction,15,0,True,RECOVERABLE_ALLOCATION_EXTERNALITY,0.0171093906823,0.0360094400845,17.1093906823,36.0094400845
DF_SINGLE_P021::SHOCK_AND_RECOVERY::THETA_0000::EXTERNALITY_CF_BETA_050::Q95::equal_kw_reduction,16,0,True,RECOVERABLE_ALLOCATION_EXTERNALITY,0.0244094918292,0.04542746841,24.4094918292,45.42746841
DF_SINGLE_P021::SHOCK_AND_RECOVERY::THETA_0000::EXTERNALITY_CF_BETA_050::Q95::flat_level,1,0,True,RECOVERABLE_ALLOCATION_EXTERNALITY,0.148123068313,0.148123068313,148.123068313,148.123068313
DF_SINGLE_P021::SHOCK_AND_RECOVERY::THETA_0000::EXTERNALITY_CF_BETA_050::Q95::flat_level,2,0,True,RECOVERABLE_ALLOCATION_EXTERNALITY,0.0868697073828,0.0868697073828,86.8697073828,86.8697073828
DF_SINGLE_P021::SHOCK_AND_RECOVERY::THETA_0000::EXTERNALITY_CF_BETA_050::Q95::flat_level,3,0,True,RECOVERABLE_ALLOCATION_EXTERNALITY,0.11072873872,0.11072873872,110.72873872,110.72873872
DF_SINGLE_P021::SHOCK_AND_RECOVERY::THETA_0000::EXTERNALITY_CF_BETA_050::Q95::flat_level,4,0,True,RECOVERABLE_ALLOCATION_EXTERNALITY,0.098324426211,0.098324426211,98.324426211,98.324426211
DF_SINGLE_P021::SHOCK_AND_RECOVERY::THETA_0000::EXTERNALITY_CF_BETA_050::Q95::flat_level,5,0,True,RECOVERABLE_ALLOCATION_EXTERNALITY,0.149283270825,0.149283270825,149.283270825,149.283270825
DF_SINGLE_P021::SHOCK_AND_RECOVERY::THETA_0000::EXTERNALITY_CF_BETA_050::Q95::flat_level,6,0,True,RECOVERABLE_ALLOCATION_EXTERNALITY,0.114073166784,0.114073166784,114.073166784,114.073166784
DF_SINGLE_P021::SHOCK_AND_RECOVERY::THETA_0000::EXTERNALITY_CF_BETA_050::Q95::flat_level,7,0,True,RECOVERABLE_ALLOCATION_EXTERNALITY,0.111624880381,0.111624880381,111.624880381,111.624880381
DF_SINGLE_P021::SHOCK_AND_RECOVERY::THETA_0000::EXTERNALITY_CF_BETA_050::Q95::flat_level,8,0,True,RECOVERABLE_ALLOCATION_EXTERNALITY,0.0889409099892,0.0889409099892,88.9409099892,88.9409099892
DF_SINGLE_P021::SHOCK_AND_RECOVERY::THETA_0000::EXTERNALITY_CF_BETA_050::Q95::flat_level,9,0,True,RECOVERABLE_ALLOCATION_EXTERNALITY,0.0267436456005,0.0267436456005,26.7436456005,26.7436456005
DF_SINGLE_P021::SHOCK_AND_RECOVERY::THETA_0000::EXTERNALITY_CF_BETA_050::Q95::flat_level,10,0,True,RECOVERABLE_ALLOCATION_EXTERNALITY,0.107823757171,0.107823757171,107.823757171,107.823757171
DF_SINGLE_P021::SHOCK_AND_RECOVERY::THETA_0000::EXTERNALITY_CF_BETA_050::Q95::flat_level,11,0,True,RECOVERABLE_ALLOCATION_EXTERNALITY,0.0633944407304,0.0633944407304,63.3944407304,63.3944407304
DF_SINGLE_P021::SHOCK_AND_RECOVERY::THETA_0000::EXTERNALITY_CF_BETA_050::Q95::flat_level,12,0,True,RECOVERABLE_ALLOCATION_EXTERNALITY,0.0934603654831,0.0934603654831,93.4603654831,93.4603654831
DF_SINGLE_P021::SHOCK_AND_RECOVERY::THETA_0000::EXTERNALITY_CF_BETA_050::Q95::flat_level,13,0,True,RECOVERABLE_ALLOCATION_EXTERNALITY,0.0864586913467,0.0864586913467,86.4586913467,86.4586913467
DF_SINGLE_P021::SHOCK_AND_RECOVERY::THETA_0000::EXTERNALITY_CF_BETA_050::Q95::flat_level,14,0,True,RECOVERABLE_ALLOCATION_EXTERNALITY,0.140517607119,0.140517607119,140.517607119,140.517607119
DF_SINGLE_P021::SHOCK_AND_RECOVERY::THETA_0000::EXTERNALITY_CF_BETA_050::Q95::flat_level,15,0,True,RECOVERABLE_ALLOCATION_EXTERNALITY,0.118957095497,0.118957095497,118.957095497,118.957095497
DF_SINGLE_P021::SHOCK_AND_RECOVERY::THETA_0000::EXTERNALITY_CF_BETA_050::Q95::flat_level,16,0,True,RECOVERABLE_ALLOCATION_EXTERNALITY,0.0897753982789,0.0897753982789,89.7753982789,89.7753982789
DF_SINGLE_P021::SHOCK_AND_RECOVERY::THETA_0000::EXTERNALITY_CF_BETA_050::Q95::max_export_lp,1,0,True,RECOVERABLE_ALLOCATION_EXTERNALITY,0.0414751427282,0.0414751427283,41.4751427282,41.4751427283
DF_SINGLE_P021::SHOCK_AND_RECOVERY::THETA_0000::EXTERNALITY_CF_BETA_050::Q95::max_export_lp,2,0,True,RECOVERABLE_ALLOCATION_EXTERNALITY,0.0435901353371,0.0435901353373,43.5901353371,43.5901353373
DF_SINGLE_P021::SHOCK_AND_RECOVERY::THETA_0000::EXTERNALITY_CF_BETA_050::Q95::max_export_lp,3,0,True,RECOVERABLE_ALLOCATION_EXTERNALITY,0.0406652342187,0.0406652342191,40.6652342187,40.6652342191
DF_SINGLE_P021::SHOCK_AND_RECOVERY::THETA_0000::EXTERNALITY_CF_BETA_050::Q95::max_export_lp,4,0,True,RECOVERABLE_ALLOCATION_EXTERNALITY,0.0255064970014,0.0255064970018,25.5064970014,25.5064970018
DF_SINGLE_P021::SHOCK_AND_RECOVERY::THETA_0000::EXTERNALITY_CF_BETA_050::Q95::max_export_lp,5,0,True,RECOVERABLE_ALLOCATION_EXTERNALITY,0.0455957398368,0.0455957398368,45.5957398368,45.5957398368
DF_SINGLE_P021::SHOCK_AND_RECOVERY::THETA_0000::EXTERNALITY_CF_BETA_050::Q95::max_export_lp,6,0,True,RECOVERABLE_ALLOCATION_EXTERNALITY,0.0284982115552,0.0284982115553,28.4982115552,28.4982115553
DF_SINGLE_P021::SHOCK_AND_RECOVERY::THETA_0000::EXTERNALITY_CF_BETA_050::Q95::max_export_lp,7,0,True,RECOVERABLE_ALLOCATION_EXTERNALITY,0.0419168053138,0.0419168053138,41.9168053138,41.9168053138
DF_SINGLE_P021::SHOCK_AND_RECOVERY::THETA_0000::EXTERNALITY_CF_BETA_050::Q95::max_export_lp,8,0,True,RECOVERABLE_ALLOCATION_EXTERNALITY,0.0308632438799,0.0308632438799,30.8632438799,30.8632438799
DF_SINGLE_P021::SHOCK_AND_RECOVERY::THETA_0000::EXTERNALITY_CF_BETA_050::Q95::max_export_lp,9,0,True,RECOVERABLE_ALLOCATION_EXTERNALITY,0.053391503056,0.0533915030561,53.391503056,53.3915030561
DF_SINGLE_P021::SHOCK_AND_RECOVERY::THETA_0000::EXTERNALITY_CF_BETA_050::Q95::max_export_lp,10,0,True,RECOVERABLE_ALLOCATION_EXTERNALITY,0.035765706919,0.035765706919,35.765706919,35.765706919
DF_SINGLE_P021::SHOCK_AND_RECOVERY::THETA_0000::EXTERNALITY_CF_BETA_050::Q95::max_export_lp,11,0,True,RECOVERABLE_ALLOCATION_EXTERNALITY,0.0383458229783,0.0383458229783,38.3458229783,38.3458229783
DF_SINGLE_P021::SHOCK_AND_RECOVERY::THETA_0000::EXTERNALITY_CF_BETA_050::Q95::max_export_lp,12,0,True,RECOVERABLE_ALLOCATION_EXTERNALITY,0.0376141497516,0.0376141497516,37.6141497516,37.6141497516
DF_SINGLE_P021::SHOCK_AND_RECOVERY::THETA_0000::EXTERNALITY_CF_BETA_050::Q95::max_export_lp,13,0,True,RECOVERABLE_ALLOCATION_EXTERNALITY,0.0228075036068,0.0228075036071,22.8075036068,22.8075036071
DF_SINGLE_P021::SHOCK_AND_RECOVERY::THETA_0000::EXTERNALITY_CF_BETA_050::Q95::max_export_lp,14,0,True,RECOVERABLE_ALLOCATION_EXTERNALITY,0.0263766160945,0.0263766160948,26.3766160945,26.3766160948
DF_SINGLE_P021::SHOCK_AND_RECOVERY::THETA_0000::EXTERNALITY_CF_BETA_050::Q95::max_export_lp,15,0,True,RECOVERABLE_ALLOCATION_EXTERNALITY,0.0263086217642,0.0263086217646,26.3086217642,26.3086217646
DF_SINGLE_P021::SHOCK_AND_RECOVERY::THETA_0000::EXTERNALITY_CF_BETA_050::Q95::max_export_lp,16,0,True,RECOVERABLE_ALLOCATION_EXTERNALITY,0.0457955617077,0.0457955617113,45.7955617077,45.7955617113
DF_SINGLE_P021::SHOCK_AND_RECOVERY::THETA_0000::EXTERNALITY_CF_BETA_050::Q95::fairness_qp,1,0,True,RECOVERABLE_ALLOCATION_EXTERNALITY,0.0124633489709,0.0348565421508,12.4633489709,34.8565421508
DF_SINGLE_P021::SHOCK_AND_RECOVERY::THETA_0000::EXTERNALITY_CF_BETA_050::Q95::fairness_qp,2,0,True,RECOVERABLE_ALLOCATION_EXTERNALITY,0.0120943381023,0.0354522073201,12.0943381023,35.4522073201
DF_SINGLE_P021::SHOCK_AND_RECOVERY::THETA_0000::EXTERNALITY_CF_BETA_050::Q95::fairness_qp,3,0,True,RECOVERABLE_ALLOCATION_EXTERNALITY,0.0150745277487,0.0352840478795,15.0745277487,35.2840478795
DF_SINGLE_P021::SHOCK_AND_RECOVERY::THETA_0000::EXTERNALITY_CF_BETA_050::Q95::fairness_qp,4,0,True,RECOVERABLE_ALLOCATION_EXTERNALITY,0.0115680848611,0.0338231155019,11.5680848611,33.8231155019
DF_SINGLE_P021::SHOCK_AND_RECOVERY::THETA_0000::EXTERNALITY_CF_BETA_050::Q95::fairness_qp,5,0,True,RECOVERABLE_ALLOCATION_EXTERNALITY,0.0322942584591,0.0530730470359,32.2942584591,53.0730470359
DF_SINGLE_P021::SHOCK_AND_RECOVERY::THETA_0000::EXTERNALITY_CF_BETA_050::Q95::fairness_qp,6,0,True,RECOVERABLE_ALLOCATION_EXTERNALITY,0.0274994487548,0.041851101045,27.4994487548,41.851101045
DF_SINGLE_P021::SHOCK_AND_RECOVERY::THETA_0000::EXTERNALITY_CF_BETA_050::Q95::fairness_qp,7,0,True,RECOVERABLE_ALLOCATION_EXTERNALITY,0.0325396178997,0.0447098284813,32.5396178997,44.7098284813
DF_SINGLE_P021::SHOCK_AND_RECOVERY::THETA_0000::EXTERNALITY_CF_BETA_050::Q95::fairness_qp,8,0,True,RECOVERABLE_ALLOCATION_EXTERNALITY,0.0441265355417,0.0552347162338,44.1265355417,55.2347162338
DF_SINGLE_P021::SHOCK_AND_RECOVERY::THETA_0000::EXTERNALITY_CF_BETA_050::Q95::fairness_qp,9,0,True,RECOVERABLE_ALLOCATION_EXTERNALITY,0.0526954958162,0.0614151054956,52.6954958162,61.4151054956
DF_SINGLE_P021::SHOCK_AND_RECOVERY::THETA_0000::EXTERNALITY_CF_BETA_050::Q95::fairness_qp,10,0,True,RECOVERABLE_ALLOCATION_EXTERNALITY,0.0383496609911,0.048913294159,38.3496609911,48.913294159
DF_SINGLE_P021::SHOCK_AND_RECOVERY::THETA_0000::EXTERNALITY_CF_BETA_050::Q95::fairness_qp,11,0,True,RECOVERABLE_ALLOCATION_EXTERNALITY,0.0419475503262,0.0496899025016,41.9475503262,49.6899025016
DF_SINGLE_P021::SHOCK_AND_RECOVERY::THETA_0000::EXTERNALITY_CF_BETA_050::Q95::fairness_qp,12,0,True,RECOVERABLE_ALLOCATION_EXTERNALITY,0.0256296462689,0.038982154944,25.6296462689,38.982154944
DF_SINGLE_P021::SHOCK_AND_RECOVERY::THETA_0000::EXTERNALITY_CF_BETA_050::Q95::fairness_qp,13,0,True,RECOVERABLE_ALLOCATION_EXTERNALITY,0.0322538584359,0.0407112423903,32.2538584359,40.7112423903
DF_SINGLE_P021::SHOCK_AND_RECOVERY::THETA_0000::EXTERNALITY_CF_BETA_050::Q95::fairness_qp,14,0,True,RECOVERABLE_ALLOCATION_EXTERNALITY,0.0202580189934,0.0439199386394,20.2580189934,43.9199386394
DF_SINGLE_P021::SHOCK_AND_RECOVERY::THETA_0000::EXTERNALITY_CF_BETA_050::Q95::fairness_qp,15,0,True,RECOVERABLE_ALLOCATION_EXTERNALITY,0.0209714640888,0.0385383591718,20.9714640888,38.5383591718
DF_SINGLE_P021::SHOCK_AND_RECOVERY::THETA_0000::EXTERNALITY_CF_BETA_050::Q95::fairness_qp,16,0,True,RECOVERABLE_ALLOCATION_EXTERNALITY,0.0204925491691,0.0398868931177,20.4925491691,39.8868931177
DF_SINGLE_P021::SHOCK_AND_RECOVERY::THETA_0100::EXTERNALITY_CF_BETA_050::Q0::weighted_proportional,1,1,True,RECOVERABLE_ALLOCATION_EXTERNALITY,0.0471275872084,0.0820503650742,47.1275872084,82.0503650742
DF_SINGLE_P021::SHOCK_AND_RECOVERY::THETA_0100::EXTERNALITY_CF_BETA_050::Q0::weighted_proportional,2,1,True,RECOVERABLE_ALLOCATION_EXTERNALITY,0.0317605277992,0.0701029805189,31.7605277992,70.1029805189
DF_SINGLE_P021::SHOCK_AND_RECOVERY::THETA_0100::EXTERNALITY_CF_BETA_050::Q0::weighted_proportional,3,1,True,RECOVERABLE_ALLOCATION_EXTERNALITY,0.0316697271802,0.049631793684,31.6697271802,49.631793684
DF_SINGLE_P021::SHOCK_AND_RECOVERY::THETA_0100::EXTERNALITY_CF_BETA_050::Q0::weighted_proportional,4,1,True,RECOVERABLE_ALLOCATION_EXTERNALITY,0.0301596625823,0.0580675974311,30.1596625823,58.0675974311
DF_SINGLE_P021::SHOCK_AND_RECOVERY::THETA_0100::EXTERNALITY_CF_BETA_050::Q0::weighted_proportional,5,1,True,RECOVERABLE_ALLOCATION_EXTERNALITY,0.0414650245321,0.0732598154755,41.4650245321,73.2598154755
DF_SINGLE_P021::SHOCK_AND_RECOVERY::THETA_0100::EXTERNALITY_CF_BETA_050::Q0::weighted_proportional,6,1,True,RECOVERABLE_ALLOCATION_EXTERNALITY,0.0423265933886,0.0692688498782,42.3265933886,69.2688498782
DF_SINGLE_P021::SHOCK_AND_RECOVERY::THETA_0100::EXTERNALITY_CF_BETA_050::Q0::weighted_proportional,7,1,True,RECOVERABLE_ALLOCATION_EXTERNALITY,0.0331725926974,0.0641411672119,33.1725926974,64.1411672119
DF_SINGLE_P021::SHOCK_AND_RECOVERY::THETA_0100::EXTERNALITY_CF_BETA_050::Q0::weighted_proportional,8,1,True,RECOVERABLE_ALLOCATION_EXTERNALITY,0.0491536754389,0.0756124478104,49.1536754389,75.6124478104
DF_SINGLE_P021::SHOCK_AND_RECOVERY::THETA_0100::EXTERNALITY_CF_BETA_050::Q0::weighted_proportional,9,1,True,RECOVERABLE_ALLOCATION_EXTERNALITY,0.00183129642178,0.0487207170367,1.83129642178,48.7207170367
DF_SINGLE_P021::SHOCK_AND_RECOVERY::THETA_0100::EXTERNALITY_CF_BETA_050::Q0::weighted_proportional,10,1,True,RECOVERABLE_ALLOCATION_EXTERNALITY,0.0300981664226,0.0604192698224,30.0981664226,60.4192698224
DF_SINGLE_P021::SHOCK_AND_RECOVERY::THETA_0100::EXTERNALITY_CF_BETA_050::Q0::weighted_proportional,11,1,True,RECOVERABLE_ALLOCATION_EXTERNALITY,0.017366013658,0.0521662356284,17.366013658,52.1662356284
DF_SINGLE_P021::SHOCK_AND_RECOVERY::THETA_0100::EXTERNALITY_CF_BETA_050::Q0::weighted_proportional,12,1,True,RECOVERABLE_ALLOCATION_EXTERNALITY,0.0449162382529,0.0649170400136,44.9162382529,64.9170400136
DF_SINGLE_P021::SHOCK_AND_RECOVERY::THETA_0100::EXTERNALITY_CF_BETA_050::Q0::weighted_proportional,13,1,True,RECOVERABLE_ALLOCATION_EXTERNALITY,0.0267992272586,0.0566240889243,26.7992272586,56.6240889243
DF_SINGLE_P021::SHOCK_AND_RECOVERY::THETA_0100::EXTERNALITY_CF_BETA_050::Q0::weighted_proportional,14,1,True,RECOVERABLE_ALLOCATION_EXTERNALITY,0.0516959822446,0.0715434160022,51.6959822446,71.5434160022
DF_SINGLE_P021::SHOCK_AND_RECOVERY::THETA_0100::EXTERNALITY_CF_BETA_050::Q0::weighted_proportional,15,1,True,RECOVERABLE_ALLOCATION_EXTERNALITY,0.0516011870335,0.0743864141375,51.6011870335,74.3864141375
DF_SINGLE_P021::SHOCK_AND_RECOVERY::THETA_0100::EXTERNALITY_CF_BETA_050::Q0::weighted_proportional,16,1,True,RECOVERABLE_ALLOCATION_EXTERNALITY,0.0395410634063,0.067752103722,39.5410634063,67.752103722
DF_SINGLE_P021::SHOCK_AND_RECOVERY::THETA_0100::EXTERNALITY_CF_BETA_050::Q0::equal_kw_reduction,1,1,True,RECOVERABLE_ALLOCATION_EXTERNALITY,0.0300702175388,0.0548204946467,30.0702175388,54.8204946467
DF_SINGLE_P021::SHOCK_AND_RECOVERY::THETA_0100::EXTERNALITY_CF_BETA_050::Q0::equal_kw_reduction,2,1,True,RECOVERABLE_ALLOCATION_EXTERNALITY,0.0288712071623,0.053394571614,28.8712071623,53.394571614
DF_SINGLE_P021::SHOCK_AND_RECOVERY::THETA_0100::EXTERNALITY_CF_BETA_050::Q0::equal_kw_reduction,3,1,True,RECOVERABLE_ALLOCATION_EXTERNALITY,0.0184255023745,0.0348515959537,18.4255023745,34.8515959537
DF_SINGLE_P021::SHOCK_AND_RECOVERY::THETA_0100::EXTERNALITY_CF_BETA_050::Q0::equal_kw_reduction,4,1,True,RECOVERABLE_ALLOCATION_EXTERNALITY,0.02047068598,0.0378194075282,20.47068598,37.8194075282
DF_SINGLE_P021::SHOCK_AND_RECOVERY::THETA_0100::EXTERNALITY_CF_BETA_050::Q0::equal_kw_reduction,5,1,True,RECOVERABLE_ALLOCATION_EXTERNALITY,0.0234676112388,0.0448093625884,23.4676112388,44.8093625884
DF_SINGLE_P021::SHOCK_AND_RECOVERY::THETA_0100::EXTERNALITY_CF_BETA_050::Q0::equal_kw_reduction,6,1,True,RECOVERABLE_ALLOCATION_EXTERNALITY,0.0161447776814,0.0342926212473,16.1447776814,34.2926212473
DF_SINGLE_P021::SHOCK_AND_RECOVERY::THETA_0100::EXTERNALITY_CF_BETA_050::Q0::equal_kw_reduction,7,1,True,RECOVERABLE_ALLOCATION_EXTERNALITY,0.0232210178594,0.044947868501,23.2210178594,44.947868501
DF_SINGLE_P021::SHOCK_AND_RECOVERY::THETA_0100::EXTERNALITY_CF_BETA_050::Q0::equal_kw_reduction,8,1,True,RECOVERABLE_ALLOCATION_EXTERNALITY,0.027177325123,0.0443409187533,27.177325123,44.3409187533
DF_SINGLE_P021::SHOCK_AND_RECOVERY::THETA_0100::EXTERNALITY_CF_BETA_050::Q0::equal_kw_reduction,9,1,True,RECOVERABLE_ALLOCATION_EXTERNALITY,0.0266520517012,0.045954022803,26.6520517012,45.954022803
DF_SINGLE_P021::SHOCK_AND_RECOVERY::THETA_0100::EXTERNALITY_CF_BETA_050::Q0::equal_kw_reduction,10,1,True,RECOVERABLE_ALLOCATION_EXTERNALITY,0.0238376528964,0.0401894170143,23.8376528964,40.1894170143
DF_SINGLE_P021::SHOCK_AND_RECOVERY::THETA_0100::EXTERNALITY_CF_BETA_050::Q0::equal_kw_reduction,11,1,True,RECOVERABLE_ALLOCATION_EXTERNALITY,0.0263403898757,0.0430702543552,26.3403898757,43.0702543552
DF_SINGLE_P021::SHOCK_AND_RECOVERY::THETA_0100::EXTERNALITY_CF_BETA_050::Q0::equal_kw_reduction,12,1,True,RECOVERABLE_ALLOCATION_EXTERNALITY,0.0238370200984,0.0393398820744,23.8370200984,39.3398820744
DF_SINGLE_P021::SHOCK_AND_RECOVERY::THETA_0100::EXTERNALITY_CF_BETA_050::Q0::equal_kw_reduction,13,1,True,RECOVERABLE_ALLOCATION_EXTERNALITY,0.017892183723,0.0329375056623,17.892183723,32.9375056623
DF_SINGLE_P021::SHOCK_AND_RECOVERY::THETA_0100::EXTERNALITY_CF_BETA_050::Q0::equal_kw_reduction,14,1,True,RECOVERABLE_ALLOCATION_EXTERNALITY,0.0233544894212,0.0452223994812,23.3544894212,45.2223994812
DF_SINGLE_P021::SHOCK_AND_RECOVERY::THETA_0100::EXTERNALITY_CF_BETA_050::Q0::equal_kw_reduction,15,1,True,RECOVERABLE_ALLOCATION_EXTERNALITY,0.0173251715797,0.0360189503375,17.3251715797,36.0189503375
DF_SINGLE_P021::SHOCK_AND_RECOVERY::THETA_0100::EXTERNALITY_CF_BETA_050::Q0::equal_kw_reduction,16,1,True,RECOVERABLE_ALLOCATION_EXTERNALITY,0.0250052212902,0.0449700607832,25.0052212902,44.9700607832
DF_SINGLE_P021::SHOCK_AND_RECOVERY::THETA_0100::EXTERNALITY_CF_BETA_050::Q0::flat_level,1,1,True,RECOVERABLE_ALLOCATION_EXTERNALITY,0.148123068313,0.148123068313,148.123068313,148.123068313
DF_SINGLE_P021::SHOCK_AND_RECOVERY::THETA_0100::EXTERNALITY_CF_BETA_050::Q0::flat_level,2,1,True,RECOVERABLE_ALLOCATION_EXTERNALITY,0.0868697073828,0.0868697073828,86.8697073828,86.8697073828
DF_SINGLE_P021::SHOCK_AND_RECOVERY::THETA_0100::EXTERNALITY_CF_BETA_050::Q0::flat_level,3,1,True,RECOVERABLE_ALLOCATION_EXTERNALITY,0.11072873872,0.11072873872,110.72873872,110.72873872
DF_SINGLE_P021::SHOCK_AND_RECOVERY::THETA_0100::EXTERNALITY_CF_BETA_050::Q0::flat_level,4,1,True,RECOVERABLE_ALLOCATION_EXTERNALITY,0.098324426211,0.098324426211,98.324426211,98.324426211
DF_SINGLE_P021::SHOCK_AND_RECOVERY::THETA_0100::EXTERNALITY_CF_BETA_050::Q0::flat_level,5,1,True,RECOVERABLE_ALLOCATION_EXTERNALITY,0.149283270825,0.149283270825,149.283270825,149.283270825
DF_SINGLE_P021::SHOCK_AND_RECOVERY::THETA_0100::EXTERNALITY_CF_BETA_050::Q0::flat_level,6,1,True,RECOVERABLE_ALLOCATION_EXTERNALITY,0.114073166784,0.114073166784,114.073166784,114.073166784
DF_SINGLE_P021::SHOCK_AND_RECOVERY::THETA_0100::EXTERNALITY_CF_BETA_050::Q0::flat_level,7,1,True,RECOVERABLE_ALLOCATION_EXTERNALITY,0.111624880381,0.111624880381,111.624880381,111.624880381
DF_SINGLE_P021::SHOCK_AND_RECOVERY::THETA_0100::EXTERNALITY_CF_BETA_050::Q0::flat_level,8,1,True,RECOVERABLE_ALLOCATION_EXTERNALITY,0.0889409099892,0.0889409099892,88.9409099892,88.9409099892
DF_SINGLE_P021::SHOCK_AND_RECOVERY::THETA_0100::EXTERNALITY_CF_BETA_050::Q0::flat_level,9,1,True,RECOVERABLE_ALLOCATION_EXTERNALITY,0.0267436456005,0.0267436456005,26.7436456005,26.7436456005
DF_SINGLE_P021::SHOCK_AND_RECOVERY::THETA_0100::EXTERNALITY_CF_BETA_050::Q0::flat_level,10,1,True,RECOVERABLE_ALLOCATION_EXTERNALITY,0.107823757171,0.107823757171,107.823757171,107.823757171
DF_SINGLE_P021::SHOCK_AND_RECOVERY::THETA_0100::EXTERNALITY_CF_BETA_050::Q0::flat_level,11,1,True,RECOVERABLE_ALLOCATION_EXTERNALITY,0.0633944407304,0.0633944407304,63.3944407304,63.3944407304
DF_SINGLE_P021::SHOCK_AND_RECOVERY::THETA_0100::EXTERNALITY_CF_BETA_050::Q0::flat_level,12,1,True,RECOVERABLE_ALLOCATION_EXTERNALITY,0.0934603654831,0.0934603654831,93.4603654831,93.4603654831
DF_SINGLE_P021::SHOCK_AND_RECOVERY::THETA_0100::EXTERNALITY_CF_BETA_050::Q0::flat_level,13,1,True,RECOVERABLE_ALLOCATION_EXTERNALITY,0.0864586913467,0.0864586913467,86.4586913467,86.4586913467
DF_SINGLE_P021::SHOCK_AND_RECOVERY::THETA_0100::EXTERNALITY_CF_BETA_050::Q0::flat_level,14,1,True,RECOVERABLE_ALLOCATION_EXTERNALITY,0.140517607119,0.140517607119,140.517607119,140.517607119
DF_SINGLE_P021::SHOCK_AND_RECOVERY::THETA_0100::EXTERNALITY_CF_BETA_050::Q0::flat_level,15,1,True,RECOVERABLE_ALLOCATION_EXTERNALITY,0.118957095497,0.118957095497,118.957095497,118.957095497
DF_SINGLE_P021::SHOCK_AND_RECOVERY::THETA_0100::EXTERNALITY_CF_BETA_050::Q0::flat_level,16,1,True,RECOVERABLE_ALLOCATION_EXTERNALITY,0.0897753982789,0.0897753982789,89.7753982789,89.7753982789
DF_SINGLE_P021::SHOCK_AND_RECOVERY::THETA_0100::EXTERNALITY_CF_BETA_050::Q0::max_export_lp,1,1,True,RECOVERABLE_ALLOCATION_EXTERNALITY,0.0478024237071,0.0478024237119,47.8024237071,47.8024237119
DF_SINGLE_P021::SHOCK_AND_RECOVERY::THETA_0100::EXTERNALITY_CF_BETA_050::Q0::max_export_lp,2,1,True,RECOVERABLE_ALLOCATION_EXTERNALITY,0.0535000310132,0.0535000310145,53.5000310132,53.5000310145
DF_SINGLE_P021::SHOCK_AND_RECOVERY::THETA_0100::EXTERNALITY_CF_BETA_050::Q0::max_export_lp,3,1,True,RECOVERABLE_ALLOCATION_EXTERNALITY,0.0396386533076,0.0396386533115,39.6386533076,39.6386533115
DF_SINGLE_P021::SHOCK_AND_RECOVERY::THETA_0100::EXTERNALITY_CF_BETA_050::Q0::max_export_lp,4,1,True,RECOVERABLE_ALLOCATION_EXTERNALITY,0.0245353734364,0.0245353734374,24.5353734364,24.5353734374
DF_SINGLE_P021::SHOCK_AND_RECOVERY::THETA_0100::EXTERNALITY_CF_BETA_050::Q0::max_export_lp,5,1,True,RECOVERABLE_ALLOCATION_EXTERNALITY,0.0376853143442,0.0376853143444,37.6853143442,37.6853143444
DF_SINGLE_P021::SHOCK_AND_RECOVERY::THETA_0100::EXTERNALITY_CF_BETA_050::Q0::max_export_lp,6,1,True,RECOVERABLE_ALLOCATION_EXTERNALITY,0.0238237405846,0.0238237405846,23.8237405846,23.8237405846
DF_SINGLE_P021::SHOCK_AND_RECOVERY::THETA_0100::EXTERNALITY_CF_BETA_050::Q0::max_export_lp,7,1,True,RECOVERABLE_ALLOCATION_EXTERNALITY,0.0395035430828,0.0395035430831,39.5035430828,39.5035430831
DF_SINGLE_P021::SHOCK_AND_RECOVERY::THETA_0100::EXTERNALITY_CF_BETA_050::Q0::max_export_lp,8,1,True,RECOVERABLE_ALLOCATION_EXTERNALITY,0.029544510484,0.0295445104841,29.544510484,29.5445104841
DF_SINGLE_P021::SHOCK_AND_RECOVERY::THETA_0100::EXTERNALITY_CF_BETA_050::Q0::max_export_lp,9,1,True,RECOVERABLE_ALLOCATION_EXTERNALITY,0.0564903539555,0.0564903539561,56.4903539555,56.4903539561
DF_SINGLE_P021::SHOCK_AND_RECOVERY::THETA_0100::EXTERNALITY_CF_BETA_050::Q0::max_export_lp,10,1,True,RECOVERABLE_ALLOCATION_EXTERNALITY,0.0379534414671,0.0379534414682,37.9534414671,37.9534414682
DF_SINGLE_P021::SHOCK_AND_RECOVERY::THETA_0100::EXTERNALITY_CF_BETA_050::Q0::max_export_lp,11,1,True,RECOVERABLE_ALLOCATION_EXTERNALITY,0.0383170395856,0.0383170395857,38.3170395856,38.3170395857
DF_SINGLE_P021::SHOCK_AND_RECOVERY::THETA_0100::EXTERNALITY_CF_BETA_050::Q0::max_export_lp,12,1,True,RECOVERABLE_ALLOCATION_EXTERNALITY,0.0365613261735,0.0365613261735,36.5613261735,36.5613261735
DF_SINGLE_P021::SHOCK_AND_RECOVERY::THETA_0100::EXTERNALITY_CF_BETA_050::Q0::max_export_lp,13,1,True,RECOVERABLE_ALLOCATION_EXTERNALITY,0.0228186370421,0.0228186370421,22.8186370421,22.8186370421
DF_SINGLE_P021::SHOCK_AND_RECOVERY::THETA_0100::EXTERNALITY_CF_BETA_050::Q0::max_export_lp,14,1,True,RECOVERABLE_ALLOCATION_EXTERNALITY,0.0228840486223,0.0228840486224,22.8840486223,22.8840486224
DF_SINGLE_P021::SHOCK_AND_RECOVERY::THETA_0100::EXTERNALITY_CF_BETA_050::Q0::max_export_lp,15,1,True,RECOVERABLE_ALLOCATION_EXTERNALITY,0.0243492144621,0.0243492144629,24.3492144621,24.3492144629
DF_SINGLE_P021::SHOCK_AND_RECOVERY::THETA_0100::EXTERNALITY_CF_BETA_050::Q0::max_export_lp,16,1,True,RECOVERABLE_ALLOCATION_EXTERNALITY,0.0458387796196,0.0458387796217,45.8387796196,45.8387796217
DF_SINGLE_P021::SHOCK_AND_RECOVERY::THETA_0100::EXTERNALITY_CF_BETA_050::Q0::fairness_qp,1,1,True,RECOVERABLE_ALLOCATION_EXTERNALITY,0.0152478357685,0.0344219869796,15.2478357685,34.4219869796
DF_SINGLE_P021::SHOCK_AND_RECOVERY::THETA_0100::EXTERNALITY_CF_BETA_050::Q0::fairness_qp,2,1,True,RECOVERABLE_ALLOCATION_EXTERNALITY,0.0209412893046,0.0435495108836,20.9412893046,43.5495108836
DF_SINGLE_P021::SHOCK_AND_RECOVERY::THETA_0100::EXTERNALITY_CF_BETA_050::Q0::fairness_qp,3,1,True,RECOVERABLE_ALLOCATION_EXTERNALITY,0.0178126538725,0.0356398851189,17.8126538725,35.6398851189
DF_SINGLE_P021::SHOCK_AND_RECOVERY::THETA_0100::EXTERNALITY_CF_BETA_050::Q0::fairness_qp,4,1,True,RECOVERABLE_ALLOCATION_EXTERNALITY,0.0172052703415,0.0352918625577,17.2052703415,35.2918625577
DF_SINGLE_P021::SHOCK_AND_RECOVERY::THETA_0100::EXTERNALITY_CF_BETA_050::Q0::fairness_qp,5,1,True,RECOVERABLE_ALLOCATION_EXTERNALITY,0.025042983554,0.0431751179638,25.042983554,43.1751179638
DF_SINGLE_P021::SHOCK_AND_RECOVERY::THETA_0100::EXTERNALITY_CF_BETA_050::Q0::fairness_qp,6,1,True,RECOVERABLE_ALLOCATION_EXTERNALITY,0.0263359368486,0.0367677630277,26.3359368486,36.7677630277
DF_SINGLE_P021::SHOCK_AND_RECOVERY::THETA_0100::EXTERNALITY_CF_BETA_050::Q0::fairness_qp,7,1,True,RECOVERABLE_ALLOCATION_EXTERNALITY,0.0314244009709,0.043704172938,31.4244009709,43.704172938
DF_SINGLE_P021::SHOCK_AND_RECOVERY::THETA_0100::EXTERNALITY_CF_BETA_050::Q0::fairness_qp,8,1,True,RECOVERABLE_ALLOCATION_EXTERNALITY,0.0403616441902,0.05146982601,40.3616441902,51.46982601
DF_SINGLE_P021::SHOCK_AND_RECOVERY::THETA_0100::EXTERNALITY_CF_BETA_050::Q0::fairness_qp,9,1,True,RECOVERABLE_ALLOCATION_EXTERNALITY,0.0548229201237,0.0635425234669,54.8229201237,63.5425234669
DF_SINGLE_P021::SHOCK_AND_RECOVERY::THETA_0100::EXTERNALITY_CF_BETA_050::Q0::fairness_qp,10,1,True,RECOVERABLE_ALLOCATION_EXTERNALITY,0.0393733452509,0.0499369849945,39.3733452509,49.9369849945
DF_SINGLE_P021::SHOCK_AND_RECOVERY::THETA_0100::EXTERNALITY_CF_BETA_050::Q0::fairness_qp,11,1,True,RECOVERABLE_ALLOCATION_EXTERNALITY,0.0419328869903,0.0497479877794,41.9328869903,49.7479877794
DF_SINGLE_P021::SHOCK_AND_RECOVERY::THETA_0100::EXTERNALITY_CF_BETA_050::Q0::fairness_qp,12,1,True,RECOVERABLE_ALLOCATION_EXTERNALITY,0.025887574321,0.0392400641546,25.887574321,39.2400641546
DF_SINGLE_P021::SHOCK_AND_RECOVERY::THETA_0100::EXTERNALITY_CF_BETA_050::Q0::fairness_qp,13,1,True,RECOVERABLE_ALLOCATION_EXTERNALITY,0.0322363159134,0.040708780281,32.2363159134,40.708780281
DF_SINGLE_P021::SHOCK_AND_RECOVERY::THETA_0100::EXTERNALITY_CF_BETA_050::Q0::fairness_qp,14,1,True,RECOVERABLE_ALLOCATION_EXTERNALITY,0.0202514252038,0.0410681739106,20.2514252038,41.0681739106
DF_SINGLE_P021::SHOCK_AND_RECOVERY::THETA_0100::EXTERNALITY_CF_BETA_050::Q0::fairness_qp,15,1,True,RECOVERABLE_ALLOCATION_EXTERNALITY,0.0187149019,0.0365931988561,18.7149019,36.5931988561
DF_SINGLE_P021::SHOCK_AND_RECOVERY::THETA_0100::EXTERNALITY_CF_BETA_050::Q0::fairness_qp,16,1,True,RECOVERABLE_ALLOCATION_EXTERNALITY,0.0222273184309,0.0401025253509,22.2273184309,40.1025253509
DF_SINGLE_P021::SHOCK_AND_RECOVERY::THETA_0100::EXTERNALITY_CF_BETA_050::Q95::weighted_proportional,1,1,True,RECOVERABLE_ALLOCATION_EXTERNALITY,0.0471275872081,0.082050365074,47.1275872081,82.050365074
DF_SINGLE_P021::SHOCK_AND_RECOVERY::THETA_0100::EXTERNALITY_CF_BETA_050::Q95::weighted_proportional,2,1,True,RECOVERABLE_ALLOCATION_EXTERNALITY,0.0317605278007,0.0701029805202,31.7605278007,70.1029805202
DF_SINGLE_P021::SHOCK_AND_RECOVERY::THETA_0100::EXTERNALITY_CF_BETA_050::Q95::weighted_proportional,3,1,True,RECOVERABLE_ALLOCATION_EXTERNALITY,0.0316697271793,0.049631793683,31.6697271793,49.631793683
DF_SINGLE_P021::SHOCK_AND_RECOVERY::THETA_0100::EXTERNALITY_CF_BETA_050::Q95::weighted_proportional,4,1,True,RECOVERABLE_ALLOCATION_EXTERNALITY,0.0301596625829,0.0580675974318,30.1596625829,58.0675974318
DF_SINGLE_P021::SHOCK_AND_RECOVERY::THETA_0100::EXTERNALITY_CF_BETA_050::Q95::weighted_proportional,5,1,True,RECOVERABLE_ALLOCATION_EXTERNALITY,0.0414650245328,0.0732598154763,41.4650245328,73.2598154763
DF_SINGLE_P021::SHOCK_AND_RECOVERY::THETA_0100::EXTERNALITY_CF_BETA_050::Q95::weighted_proportional,6,1,True,RECOVERABLE_ALLOCATION_EXTERNALITY,0.042326593387,0.0692688498766,42.326593387,69.2688498766
DF_SINGLE_P021::SHOCK_AND_RECOVERY::THETA_0100::EXTERNALITY_CF_BETA_050::Q95::weighted_proportional,7,1,True,RECOVERABLE_ALLOCATION_EXTERNALITY,0.0331725926954,0.0641411672101,33.1725926954,64.1411672101
DF_SINGLE_P021::SHOCK_AND_RECOVERY::THETA_0100::EXTERNALITY_CF_BETA_050::Q95::weighted_proportional,8,1,True,RECOVERABLE_ALLOCATION_EXTERNALITY,0.0491536754377,0.0756124478094,49.1536754377,75.6124478094
DF_SINGLE_P021::SHOCK_AND_RECOVERY::THETA_0100::EXTERNALITY_CF_BETA_050::Q95::weighted_proportional,9,1,True,RECOVERABLE_ALLOCATION_EXTERNALITY,0.00183129642047,0.0487207170355,1.83129642047,48.7207170355
DF_SINGLE_P021::SHOCK_AND_RECOVERY::THETA_0100::EXTERNALITY_CF_BETA_050::Q95::weighted_proportional,10,1,True,RECOVERABLE_ALLOCATION_EXTERNALITY,0.0300981664232,0.0604192698232,30.0981664232,60.4192698232
DF_SINGLE_P021::SHOCK_AND_RECOVERY::THETA_0100::EXTERNALITY_CF_BETA_050::Q95::weighted_proportional,11,1,True,RECOVERABLE_ALLOCATION_EXTERNALITY,0.0173660136477,0.0521662356181,17.3660136477,52.1662356181
DF_SINGLE_P021::SHOCK_AND_RECOVERY::THETA_0100::EXTERNALITY_CF_BETA_050::Q95::weighted_proportional,12,1,True,RECOVERABLE_ALLOCATION_EXTERNALITY,0.0449162382517,0.0649170400126,44.9162382517,64.9170400126
DF_SINGLE_P021::SHOCK_AND_RECOVERY::THETA_0100::EXTERNALITY_CF_BETA_050::Q95::weighted_proportional,13,1,True,RECOVERABLE_ALLOCATION_EXTERNALITY,0.0267992272583,0.0566240889242,26.7992272583,56.6240889242
DF_SINGLE_P021::SHOCK_AND_RECOVERY::THETA_0100::EXTERNALITY_CF_BETA_050::Q95::weighted_proportional,14,1,True,RECOVERABLE_ALLOCATION_EXTERNALITY,0.0516959822434,0.071543416001,51.6959822434,71.543416001
DF_SINGLE_P021::SHOCK_AND_RECOVERY::THETA_0100::EXTERNALITY_CF_BETA_050::Q95::weighted_proportional,15,1,True,RECOVERABLE_ALLOCATION_EXTERNALITY,0.0516011870332,0.0743864141372,51.6011870332,74.3864141372
DF_SINGLE_P021::SHOCK_AND_RECOVERY::THETA_0100::EXTERNALITY_CF_BETA_050::Q95::weighted_proportional,16,1,True,RECOVERABLE_ALLOCATION_EXTERNALITY,0.039541063405,0.0677521037208,39.541063405,67.7521037208
DF_SINGLE_P021::SHOCK_AND_RECOVERY::THETA_0100::EXTERNALITY_CF_BETA_050::Q95::equal_kw_reduction,1,1,True,RECOVERABLE_ALLOCATION_EXTERNALITY,0.0300702175388,0.0548204946467,30.0702175388,54.8204946467
DF_SINGLE_P021::SHOCK_AND_RECOVERY::THETA_0100::EXTERNALITY_CF_BETA_050::Q95::equal_kw_reduction,2,1,True,RECOVERABLE_ALLOCATION_EXTERNALITY,0.0288712071623,0.053394571614,28.8712071623,53.394571614
DF_SINGLE_P021::SHOCK_AND_RECOVERY::THETA_0100::EXTERNALITY_CF_BETA_050::Q95::equal_kw_reduction,3,1,True,RECOVERABLE_ALLOCATION_EXTERNALITY,0.0184255023745,0.0348515959537,18.4255023745,34.8515959537
DF_SINGLE_P021::SHOCK_AND_RECOVERY::THETA_0100::EXTERNALITY_CF_BETA_050::Q95::equal_kw_reduction,4,1,True,RECOVERABLE_ALLOCATION_EXTERNALITY,0.02047068598,0.0378194075282,20.47068598,37.8194075282
DF_SINGLE_P021::SHOCK_AND_RECOVERY::THETA_0100::EXTERNALITY_CF_BETA_050::Q95::equal_kw_reduction,5,1,True,RECOVERABLE_ALLOCATION_EXTERNALITY,0.0234676112388,0.0448093625884,23.4676112388,44.8093625884
DF_SINGLE_P021::SHOCK_AND_RECOVERY::THETA_0100::EXTERNALITY_CF_BETA_050::Q95::equal_kw_reduction,6,1,True,RECOVERABLE_ALLOCATION_EXTERNALITY,0.0161447776814,0.0342926212473,16.1447776814,34.2926212473
DF_SINGLE_P021::SHOCK_AND_RECOVERY::THETA_0100::EXTERNALITY_CF_BETA_050::Q95::equal_kw_reduction,7,1,True,RECOVERABLE_ALLOCATION_EXTERNALITY,0.0232210178594,0.044947868501,23.2210178594,44.947868501
DF_SINGLE_P021::SHOCK_AND_RECOVERY::THETA_0100::EXTERNALITY_CF_BETA_050::Q95::equal_kw_reduction,8,1,True,RECOVERABLE_ALLOCATION_EXTERNALITY,0.027177325123,0.0443409187533,27.177325123,44.3409187533
DF_SINGLE_P021::SHOCK_AND_RECOVERY::THETA_0100::EXTERNALITY_CF_BETA_050::Q95::equal_kw_reduction,9,1,True,RECOVERABLE_ALLOCATION_EXTERNALITY,0.0266520517012,0.045954022803,26.6520517012,45.954022803
DF_SINGLE_P021::SHOCK_AND_RECOVERY::THETA_0100::EXTERNALITY_CF_BETA_050::Q95::equal_kw_reduction,10,1,True,RECOVERABLE_ALLOCATION_EXTERNALITY,0.0238376528964,0.0401894170143,23.8376528964,40.1894170143
DF_SINGLE_P021::SHOCK_AND_RECOVERY::THETA_0100::EXTERNALITY_CF_BETA_050::Q95::equal_kw_reduction,11,1,True,RECOVERABLE_ALLOCATION_EXTERNALITY,0.0263403898757,0.0430702543552,26.3403898757,43.0702543552
DF_SINGLE_P021::SHOCK_AND_RECOVERY::THETA_0100::EXTERNALITY_CF_BETA_050::Q95::equal_kw_reduction,12,1,True,RECOVERABLE_ALLOCATION_EXTERNALITY,0.0238370200984,0.0393398820744,23.8370200984,39.3398820744
DF_SINGLE_P021::SHOCK_AND_RECOVERY::THETA_0100::EXTERNALITY_CF_BETA_050::Q95::equal_kw_reduction,13,1,True,RECOVERABLE_ALLOCATION_EXTERNALITY,0.017892183723,0.0329375056623,17.892183723,32.9375056623
DF_SINGLE_P021::SHOCK_AND_RECOVERY::THETA_0100::EXTERNALITY_CF_BETA_050::Q95::equal_kw_reduction,14,1,True,RECOVERABLE_ALLOCATION_EXTERNALITY,0.0233544894212,0.0452223994812,23.3544894212,45.2223994812
DF_SINGLE_P021::SHOCK_AND_RECOVERY::THETA_0100::EXTERNALITY_CF_BETA_050::Q95::equal_kw_reduction,15,1,True,RECOVERABLE_ALLOCATION_EXTERNALITY,0.0173251715797,0.0360189503375,17.3251715797,36.0189503375
DF_SINGLE_P021::SHOCK_AND_RECOVERY::THETA_0100::EXTERNALITY_CF_BETA_050::Q95::equal_kw_reduction,16,1,True,RECOVERABLE_ALLOCATION_EXTERNALITY,0.0250052212902,0.0449700607832,25.0052212902,44.9700607832
DF_SINGLE_P021::SHOCK_AND_RECOVERY::THETA_0100::EXTERNALITY_CF_BETA_050::Q95::flat_level,1,1,True,RECOVERABLE_ALLOCATION_EXTERNALITY,0.148123068313,0.148123068313,148.123068313,148.123068313
DF_SINGLE_P021::SHOCK_AND_RECOVERY::THETA_0100::EXTERNALITY_CF_BETA_050::Q95::flat_level,2,1,True,RECOVERABLE_ALLOCATION_EXTERNALITY,0.0868697073828,0.0868697073828,86.8697073828,86.8697073828
DF_SINGLE_P021::SHOCK_AND_RECOVERY::THETA_0100::EXTERNALITY_CF_BETA_050::Q95::flat_level,3,1,True,RECOVERABLE_ALLOCATION_EXTERNALITY,0.11072873872,0.11072873872,110.72873872,110.72873872
DF_SINGLE_P021::SHOCK_AND_RECOVERY::THETA_0100::EXTERNALITY_CF_BETA_050::Q95::flat_level,4,1,True,RECOVERABLE_ALLOCATION_EXTERNALITY,0.098324426211,0.098324426211,98.324426211,98.324426211
DF_SINGLE_P021::SHOCK_AND_RECOVERY::THETA_0100::EXTERNALITY_CF_BETA_050::Q95::flat_level,5,1,True,RECOVERABLE_ALLOCATION_EXTERNALITY,0.149283270825,0.149283270825,149.283270825,149.283270825
DF_SINGLE_P021::SHOCK_AND_RECOVERY::THETA_0100::EXTERNALITY_CF_BETA_050::Q95::flat_level,6,1,True,RECOVERABLE_ALLOCATION_EXTERNALITY,0.114073166784,0.114073166784,114.073166784,114.073166784
DF_SINGLE_P021::SHOCK_AND_RECOVERY::THETA_0100::EXTERNALITY_CF_BETA_050::Q95::flat_level,7,1,True,RECOVERABLE_ALLOCATION_EXTERNALITY,0.111624880381,0.111624880381,111.624880381,111.624880381
DF_SINGLE_P021::SHOCK_AND_RECOVERY::THETA_0100::EXTERNALITY_CF_BETA_050::Q95::flat_level,8,1,True,RECOVERABLE_ALLOCATION_EXTERNALITY,0.0889409099892,0.0889409099892,88.9409099892,88.9409099892
DF_SINGLE_P021::SHOCK_AND_RECOVERY::THETA_0100::EXTERNALITY_CF_BETA_050::Q95::flat_level,9,1,True,RECOVERABLE_ALLOCATION_EXTERNALITY,0.0267436456005,0.0267436456005,26.7436456005,26.7436456005
DF_SINGLE_P021::SHOCK_AND_RECOVERY::THETA_0100::EXTERNALITY_CF_BETA_050::Q95::flat_level,10,1,True,RECOVERABLE_ALLOCATION_EXTERNALITY,0.107823757171,0.107823757171,107.823757171,107.823757171
DF_SINGLE_P021::SHOCK_AND_RECOVERY::THETA_0100::EXTERNALITY_CF_BETA_050::Q95::flat_level,11,1,True,RECOVERABLE_ALLOCATION_EXTERNALITY,0.0633944407304,0.0633944407304,63.3944407304,63.3944407304
DF_SINGLE_P021::SHOCK_AND_RECOVERY::THETA_0100::EXTERNALITY_CF_BETA_050::Q95::flat_level,12,1,True,RECOVERABLE_ALLOCATION_EXTERNALITY,0.0934603654831,0.0934603654831,93.4603654831,93.4603654831
DF_SINGLE_P021::SHOCK_AND_RECOVERY::THETA_0100::EXTERNALITY_CF_BETA_050::Q95::flat_level,13,1,True,RECOVERABLE_ALLOCATION_EXTERNALITY,0.0864586913467,0.0864586913467,86.4586913467,86.4586913467
DF_SINGLE_P021::SHOCK_AND_RECOVERY::THETA_0100::EXTERNALITY_CF_BETA_050::Q95::flat_level,14,1,True,RECOVERABLE_ALLOCATION_EXTERNALITY,0.140517607119,0.140517607119,140.517607119,140.517607119
DF_SINGLE_P021::SHOCK_AND_RECOVERY::THETA_0100::EXTERNALITY_CF_BETA_050::Q95::flat_level,15,1,True,RECOVERABLE_ALLOCATION_EXTERNALITY,0.118957095497,0.118957095497,118.957095497,118.957095497
DF_SINGLE_P021::SHOCK_AND_RECOVERY::THETA_0100::EXTERNALITY_CF_BETA_050::Q95::flat_level,16,1,True,RECOVERABLE_ALLOCATION_EXTERNALITY,0.0897753982789,0.0897753982789,89.7753982789,89.7753982789
DF_SINGLE_P021::SHOCK_AND_RECOVERY::THETA_0100::EXTERNALITY_CF_BETA_050::Q95::max_export_lp,1,1,True,RECOVERABLE_ALLOCATION_EXTERNALITY,0.0478024420118,0.0478024420162,47.8024420118,47.8024420162
DF_SINGLE_P021::SHOCK_AND_RECOVERY::THETA_0100::EXTERNALITY_CF_BETA_050::Q95::max_export_lp,2,1,True,RECOVERABLE_ALLOCATION_EXTERNALITY,0.0535000148238,0.0535000148263,53.5000148238,53.5000148263
DF_SINGLE_P021::SHOCK_AND_RECOVERY::THETA_0100::EXTERNALITY_CF_BETA_050::Q95::max_export_lp,3,1,True,RECOVERABLE_ALLOCATION_EXTERNALITY,0.0396387310007,0.0396387310027,39.6387310007,39.6387310027
DF_SINGLE_P021::SHOCK_AND_RECOVERY::THETA_0100::EXTERNALITY_CF_BETA_050::Q95::max_export_lp,4,1,True,RECOVERABLE_ALLOCATION_EXTERNALITY,0.0245349409117,0.024534940917,24.5349409117,24.534940917
DF_SINGLE_P021::SHOCK_AND_RECOVERY::THETA_0100::EXTERNALITY_CF_BETA_050::Q95::max_export_lp,5,1,True,RECOVERABLE_ALLOCATION_EXTERNALITY,0.0376853320035,0.0376853320035,37.6853320035,37.6853320035
DF_SINGLE_P021::SHOCK_AND_RECOVERY::THETA_0100::EXTERNALITY_CF_BETA_050::Q95::max_export_lp,6,1,True,RECOVERABLE_ALLOCATION_EXTERNALITY,0.0238237800501,0.0238237800501,23.8237800501,23.8237800501
DF_SINGLE_P021::SHOCK_AND_RECOVERY::THETA_0100::EXTERNALITY_CF_BETA_050::Q95::max_export_lp,7,1,True,RECOVERABLE_ALLOCATION_EXTERNALITY,0.0395035293645,0.0395035293645,39.5035293645,39.5035293645
DF_SINGLE_P021::SHOCK_AND_RECOVERY::THETA_0100::EXTERNALITY_CF_BETA_050::Q95::max_export_lp,8,1,True,RECOVERABLE_ALLOCATION_EXTERNALITY,0.029544464613,0.0295444646131,29.544464613,29.5444646131
DF_SINGLE_P021::SHOCK_AND_RECOVERY::THETA_0100::EXTERNALITY_CF_BETA_050::Q95::max_export_lp,9,1,True,RECOVERABLE_ALLOCATION_EXTERNALITY,0.0564903534505,0.0564903534506,56.4903534505,56.4903534506
DF_SINGLE_P021::SHOCK_AND_RECOVERY::THETA_0100::EXTERNALITY_CF_BETA_050::Q95::max_export_lp,10,1,True,RECOVERABLE_ALLOCATION_EXTERNALITY,0.0379533749695,0.0379533749695,37.9533749695,37.9533749695
DF_SINGLE_P021::SHOCK_AND_RECOVERY::THETA_0100::EXTERNALITY_CF_BETA_050::Q95::max_export_lp,11,1,True,RECOVERABLE_ALLOCATION_EXTERNALITY,0.038317041692,0.0383170417038,38.317041692,38.3170417038
DF_SINGLE_P021::SHOCK_AND_RECOVERY::THETA_0100::EXTERNALITY_CF_BETA_050::Q95::max_export_lp,12,1,True,RECOVERABLE_ALLOCATION_EXTERNALITY,0.0365611665581,0.0365611665582,36.5611665581,36.5611665582
DF_SINGLE_P021::SHOCK_AND_RECOVERY::THETA_0100::EXTERNALITY_CF_BETA_050::Q95::max_export_lp,13,1,True,RECOVERABLE_ALLOCATION_EXTERNALITY,0.022818465771,0.0228184657713,22.818465771,22.8184657713
DF_SINGLE_P021::SHOCK_AND_RECOVERY::THETA_0100::EXTERNALITY_CF_BETA_050::Q95::max_export_lp,14,1,True,RECOVERABLE_ALLOCATION_EXTERNALITY,0.0228841314337,0.0228841314339,22.8841314337,22.8841314339
DF_SINGLE_P021::SHOCK_AND_RECOVERY::THETA_0100::EXTERNALITY_CF_BETA_050::Q95::max_export_lp,15,1,True,RECOVERABLE_ALLOCATION_EXTERNALITY,0.0243492163381,0.0243492163385,24.3492163381,24.3492163385
DF_SINGLE_P021::SHOCK_AND_RECOVERY::THETA_0100::EXTERNALITY_CF_BETA_050::Q95::max_export_lp,16,1,True,RECOVERABLE_ALLOCATION_EXTERNALITY,0.0458388256891,0.0458388257051,45.8388256891,45.8388257051
DF_SINGLE_P021::SHOCK_AND_RECOVERY::THETA_0100::EXTERNALITY_CF_BETA_050::Q95::fairness_qp,1,1,True,RECOVERABLE_ALLOCATION_EXTERNALITY,0.0152478491605,0.034421997357,15.2478491605,34.421997357
DF_SINGLE_P021::SHOCK_AND_RECOVERY::THETA_0100::EXTERNALITY_CF_BETA_050::Q95::fairness_qp,2,1,True,RECOVERABLE_ALLOCATION_EXTERNALITY,0.020941268947,0.0435495011177,20.941268947,43.5495011177
DF_SINGLE_P021::SHOCK_AND_RECOVERY::THETA_0100::EXTERNALITY_CF_BETA_050::Q95::fairness_qp,3,1,True,RECOVERABLE_ALLOCATION_EXTERNALITY,0.0178126299037,0.0356398675141,17.8126299037,35.6398675141
DF_SINGLE_P021::SHOCK_AND_RECOVERY::THETA_0100::EXTERNALITY_CF_BETA_050::Q95::fairness_qp,4,1,True,RECOVERABLE_ALLOCATION_EXTERNALITY,0.0172052662081,0.035291854616,17.2052662081,35.291854616
DF_SINGLE_P021::SHOCK_AND_RECOVERY::THETA_0100::EXTERNALITY_CF_BETA_050::Q95::fairness_qp,5,1,True,RECOVERABLE_ALLOCATION_EXTERNALITY,0.0250429927215,0.0431751333957,25.0429927215,43.1751333957
DF_SINGLE_P021::SHOCK_AND_RECOVERY::THETA_0100::EXTERNALITY_CF_BETA_050::Q95::fairness_qp,6,1,True,RECOVERABLE_ALLOCATION_EXTERNALITY,0.0263359225608,0.0367677498425,26.3359225608,36.7677498425
DF_SINGLE_P021::SHOCK_AND_RECOVERY::THETA_0100::EXTERNALITY_CF_BETA_050::Q95::fairness_qp,7,1,True,RECOVERABLE_ALLOCATION_EXTERNALITY,0.031424408373,0.0437041767525,31.424408373,43.7041767525
DF_SINGLE_P021::SHOCK_AND_RECOVERY::THETA_0100::EXTERNALITY_CF_BETA_050::Q95::fairness_qp,8,1,True,RECOVERABLE_ALLOCATION_EXTERNALITY,0.0403616404513,0.0514698211435,40.3616404513,51.4698211435
DF_SINGLE_P021::SHOCK_AND_RECOVERY::THETA_0100::EXTERNALITY_CF_BETA_050::Q95::fairness_qp,9,1,True,RECOVERABLE_ALLOCATION_EXTERNALITY,0.0548229007091,0.0635425103885,54.8229007091,63.5425103885
DF_SINGLE_P021::SHOCK_AND_RECOVERY::THETA_0100::EXTERNALITY_CF_BETA_050::Q95::fairness_qp,10,1,True,RECOVERABLE_ALLOCATION_EXTERNALITY,0.039373317531,0.049936950699,39.373317531,49.936950699
DF_SINGLE_P021::SHOCK_AND_RECOVERY::THETA_0100::EXTERNALITY_CF_BETA_050::Q95::fairness_qp,11,1,True,RECOVERABLE_ALLOCATION_EXTERNALITY,0.0419328534702,0.0497479551163,41.9328534702,49.7479551163
DF_SINGLE_P021::SHOCK_AND_RECOVERY::THETA_0100::EXTERNALITY_CF_BETA_050::Q95::fairness_qp,12,1,True,RECOVERABLE_ALLOCATION_EXTERNALITY,0.0258875607264,0.0392400694015,25.8875607264,39.2400694015
DF_SINGLE_P021::SHOCK_AND_RECOVERY::THETA_0100::EXTERNALITY_CF_BETA_050::Q95::fairness_qp,13,1,True,RECOVERABLE_ALLOCATION_EXTERNALITY,0.0322363304515,0.0407087960056,32.2363304515,40.7087960056
DF_SINGLE_P021::SHOCK_AND_RECOVERY::THETA_0100::EXTERNALITY_CF_BETA_050::Q95::fairness_qp,14,1,True,RECOVERABLE_ALLOCATION_EXTERNALITY,0.0202514382893,0.0410681793682,20.2514382893,41.0681793682
DF_SINGLE_P021::SHOCK_AND_RECOVERY::THETA_0100::EXTERNALITY_CF_BETA_050::Q95::fairness_qp,15,1,True,RECOVERABLE_ALLOCATION_EXTERNALITY,0.0187149135213,0.0365932108723,18.7149135213,36.5932108723
DF_SINGLE_P021::SHOCK_AND_RECOVERY::THETA_0100::EXTERNALITY_CF_BETA_050::Q95::fairness_qp,16,1,True,RECOVERABLE_ALLOCATION_EXTERNALITY,0.0222273182965,0.0401025328509,22.2273182965,40.1025328509
DF_SINGLE_P021::SHOCK_AND_RECOVERY::THETA_1000::EXTERNALITY_CF_BETA_050::Q0::weighted_proportional,1,10,True,RECOVERABLE_ALLOCATION_EXTERNALITY,0.0511345806677,0.0830519706208,51.1345806677,83.0519706208
DF_SINGLE_P021::SHOCK_AND_RECOVERY::THETA_1000::EXTERNALITY_CF_BETA_050::Q0::weighted_proportional,2,10,True,RECOVERABLE_ALLOCATION_EXTERNALITY,0.035611520749,0.0709296437261,35.611520749,70.9296437261
DF_SINGLE_P021::SHOCK_AND_RECOVERY::THETA_1000::EXTERNALITY_CF_BETA_050::Q0::weighted_proportional,3,10,True,RECOVERABLE_ALLOCATION_EXTERNALITY,0.0334305264383,0.0500182472117,33.4305264383,50.0182472117
DF_SINGLE_P021::SHOCK_AND_RECOVERY::THETA_1000::EXTERNALITY_CF_BETA_050::Q0::weighted_proportional,4,10,True,RECOVERABLE_ALLOCATION_EXTERNALITY,0.0330463217362,0.0588401151585,33.0463217362,58.8401151585
DF_SINGLE_P021::SHOCK_AND_RECOVERY::THETA_1000::EXTERNALITY_CF_BETA_050::Q0::weighted_proportional,5,10,True,RECOVERABLE_ALLOCATION_EXTERNALITY,0.0430587674283,0.0688242048426,43.0587674283,68.8242048426
DF_SINGLE_P021::SHOCK_AND_RECOVERY::THETA_1000::EXTERNALITY_CF_BETA_050::Q0::weighted_proportional,6,10,True,RECOVERABLE_ALLOCATION_EXTERNALITY,0.0442950687998,0.0653547365362,44.2950687998,65.3547365362
DF_SINGLE_P021::SHOCK_AND_RECOVERY::THETA_1000::EXTERNALITY_CF_BETA_050::Q0::weighted_proportional,7,10,True,RECOVERABLE_ALLOCATION_EXTERNALITY,0.0346693622241,0.0644420879431,34.6693622241,64.4420879431
DF_SINGLE_P021::SHOCK_AND_RECOVERY::THETA_1000::EXTERNALITY_CF_BETA_050::Q0::weighted_proportional,8,10,True,RECOVERABLE_ALLOCATION_EXTERNALITY,0.0407411177495,0.067199890121,40.7411177495,67.199890121
DF_SINGLE_P021::SHOCK_AND_RECOVERY::THETA_1000::EXTERNALITY_CF_BETA_050::Q0::weighted_proportional,9,10,True,RECOVERABLE_ALLOCATION_EXTERNALITY,0.00171451414713,0.048603934762,1.71451414713,48.603934762
DF_SINGLE_P021::SHOCK_AND_RECOVERY::THETA_1000::EXTERNALITY_CF_BETA_050::Q0::weighted_proportional,10,10,True,RECOVERABLE_ALLOCATION_EXTERNALITY,0.0311137854716,0.0614348888714,31.1137854716,61.4348888714
DF_SINGLE_P021::SHOCK_AND_RECOVERY::THETA_1000::EXTERNALITY_CF_BETA_050::Q0::weighted_proportional,11,10,True,RECOVERABLE_ALLOCATION_EXTERNALITY,0.0171685987261,0.0521503931783,17.1685987261,52.1503931783
DF_SINGLE_P021::SHOCK_AND_RECOVERY::THETA_1000::EXTERNALITY_CF_BETA_050::Q0::weighted_proportional,12,10,True,RECOVERABLE_ALLOCATION_EXTERNALITY,0.0431365752445,0.0631373770052,43.1365752445,63.1373770052
DF_SINGLE_P021::SHOCK_AND_RECOVERY::THETA_1000::EXTERNALITY_CF_BETA_050::Q0::weighted_proportional,13,10,True,RECOVERABLE_ALLOCATION_EXTERNALITY,0.0267454138507,0.0566139850026,26.7454138507,56.6139850026
DF_SINGLE_P021::SHOCK_AND_RECOVERY::THETA_1000::EXTERNALITY_CF_BETA_050::Q0::weighted_proportional,14,10,True,RECOVERABLE_ALLOCATION_EXTERNALITY,0.0555028193921,0.0742641434772,55.5028193921,74.2641434772
DF_SINGLE_P021::SHOCK_AND_RECOVERY::THETA_1000::EXTERNALITY_CF_BETA_050::Q0::weighted_proportional,15,10,True,RECOVERABLE_ALLOCATION_EXTERNALITY,0.0515557256533,0.0684583640041,51.5557256533,68.4583640041
DF_SINGLE_P021::SHOCK_AND_RECOVERY::THETA_1000::EXTERNALITY_CF_BETA_050::Q0::weighted_proportional,16,10,True,RECOVERABLE_ALLOCATION_EXTERNALITY,0.0415210151473,0.0682302395133,41.5210151473,68.2302395133
DF_SINGLE_P021::SHOCK_AND_RECOVERY::THETA_1000::EXTERNALITY_CF_BETA_050::Q0::equal_kw_reduction,1,10,True,RECOVERABLE_ALLOCATION_EXTERNALITY,0.0308933631579,0.0544056296582,30.8933631579,54.4056296582
DF_SINGLE_P021::SHOCK_AND_RECOVERY::THETA_1000::EXTERNALITY_CF_BETA_050::Q0::equal_kw_reduction,2,10,True,RECOVERABLE_ALLOCATION_EXTERNALITY,0.029654866441,0.0529543417857,29.654866441,52.9543417857
DF_SINGLE_P021::SHOCK_AND_RECOVERY::THETA_1000::EXTERNALITY_CF_BETA_050::Q0::equal_kw_reduction,3,10,True,RECOVERABLE_ALLOCATION_EXTERNALITY,0.0185919585529,0.0341955953449,18.5919585529,34.1955953449
DF_SINGLE_P021::SHOCK_AND_RECOVERY::THETA_1000::EXTERNALITY_CF_BETA_050::Q0::equal_kw_reduction,4,10,True,RECOVERABLE_ALLOCATION_EXTERNALITY,0.0208484480159,0.037368155676,20.8484480159,37.368155676
DF_SINGLE_P021::SHOCK_AND_RECOVERY::THETA_1000::EXTERNALITY_CF_BETA_050::Q0::equal_kw_reduction,5,10,True,RECOVERABLE_ALLOCATION_EXTERNALITY,0.024498032246,0.0431720646769,24.498032246,43.1720646769
DF_SINGLE_P021::SHOCK_AND_RECOVERY::THETA_1000::EXTERNALITY_CF_BETA_050::Q0::equal_kw_reduction,6,10,True,RECOVERABLE_ALLOCATION_EXTERNALITY,0.0166832876459,0.0318064906175,16.6832876459,31.8064906175
DF_SINGLE_P021::SHOCK_AND_RECOVERY::THETA_1000::EXTERNALITY_CF_BETA_050::Q0::equal_kw_reduction,7,10,True,RECOVERABLE_ALLOCATION_EXTERNALITY,0.0249097654075,0.043920759719,24.9097654075,43.920759719
DF_SINGLE_P021::SHOCK_AND_RECOVERY::THETA_1000::EXTERNALITY_CF_BETA_050::Q0::equal_kw_reduction,8,10,True,RECOVERABLE_ALLOCATION_EXTERNALITY,0.0257217764911,0.0428853701214,25.7217764911,42.8853701214
DF_SINGLE_P021::SHOCK_AND_RECOVERY::THETA_1000::EXTERNALITY_CF_BETA_050::Q0::equal_kw_reduction,9,10,True,RECOVERABLE_ALLOCATION_EXTERNALITY,0.0292003208915,0.0485022919933,29.2003208915,48.5022919933
DF_SINGLE_P021::SHOCK_AND_RECOVERY::THETA_1000::EXTERNALITY_CF_BETA_050::Q0::equal_kw_reduction,10,10,True,RECOVERABLE_ALLOCATION_EXTERNALITY,0.0259892837641,0.0423410478821,25.9892837641,42.3410478821
DF_SINGLE_P021::SHOCK_AND_RECOVERY::THETA_1000::EXTERNALITY_CF_BETA_050::Q0::equal_kw_reduction,11,10,True,RECOVERABLE_ALLOCATION_EXTERNALITY,0.0262182975203,0.0431869368829,26.2182975203,43.1869368829
DF_SINGLE_P021::SHOCK_AND_RECOVERY::THETA_1000::EXTERNALITY_CF_BETA_050::Q0::equal_kw_reduction,12,10,True,RECOVERABLE_ALLOCATION_EXTERNALITY,0.0227143156365,0.0382171776124,22.7143156365,38.2171776124
DF_SINGLE_P021::SHOCK_AND_RECOVERY::THETA_1000::EXTERNALITY_CF_BETA_050::Q0::equal_kw_reduction,13,10,True,RECOVERABLE_ALLOCATION_EXTERNALITY,0.017865576757,0.0329671963714,17.865576757,32.9671963714
DF_SINGLE_P021::SHOCK_AND_RECOVERY::THETA_1000::EXTERNALITY_CF_BETA_050::Q0::equal_kw_reduction,14,10,True,RECOVERABLE_ALLOCATION_EXTERNALITY,0.0244103722164,0.0435447935189,24.4103722164,43.5447935189
DF_SINGLE_P021::SHOCK_AND_RECOVERY::THETA_1000::EXTERNALITY_CF_BETA_050::Q0::equal_kw_reduction,15,10,True,RECOVERABLE_ALLOCATION_EXTERNALITY,0.018981645693,0.0371498594399,18.981645693,37.1498594399
DF_SINGLE_P021::SHOCK_AND_RECOVERY::THETA_1000::EXTERNALITY_CF_BETA_050::Q0::equal_kw_reduction,16,10,True,RECOVERABLE_ALLOCATION_EXTERNALITY,0.0254121963641,0.0444081332179,25.4121963641,44.4081332179
DF_SINGLE_P021::SHOCK_AND_RECOVERY::THETA_1000::EXTERNALITY_CF_BETA_050::Q0::flat_level,1,10,True,RECOVERABLE_ALLOCATION_EXTERNALITY,0.148123068313,0.148123068313,148.123068313,148.123068313
DF_SINGLE_P021::SHOCK_AND_RECOVERY::THETA_1000::EXTERNALITY_CF_BETA_050::Q0::flat_level,2,10,True,RECOVERABLE_ALLOCATION_EXTERNALITY,0.0868697073828,0.0868697073828,86.8697073828,86.8697073828
DF_SINGLE_P021::SHOCK_AND_RECOVERY::THETA_1000::EXTERNALITY_CF_BETA_050::Q0::flat_level,3,10,True,RECOVERABLE_ALLOCATION_EXTERNALITY,0.11072873872,0.11072873872,110.72873872,110.72873872
DF_SINGLE_P021::SHOCK_AND_RECOVERY::THETA_1000::EXTERNALITY_CF_BETA_050::Q0::flat_level,4,10,True,RECOVERABLE_ALLOCATION_EXTERNALITY,0.098324426211,0.098324426211,98.324426211,98.324426211
DF_SINGLE_P021::SHOCK_AND_RECOVERY::THETA_1000::EXTERNALITY_CF_BETA_050::Q0::flat_level,5,10,True,RECOVERABLE_ALLOCATION_EXTERNALITY,0.149283270825,0.149283270825,149.283270825,149.283270825
DF_SINGLE_P021::SHOCK_AND_RECOVERY::THETA_1000::EXTERNALITY_CF_BETA_050::Q0::flat_level,6,10,True,RECOVERABLE_ALLOCATION_EXTERNALITY,0.114073166784,0.114073166784,114.073166784,114.073166784
DF_SINGLE_P021::SHOCK_AND_RECOVERY::THETA_1000::EXTERNALITY_CF_BETA_050::Q0::flat_level,7,10,True,RECOVERABLE_ALLOCATION_EXTERNALITY,0.111624880381,0.111624880381,111.624880381,111.624880381
DF_SINGLE_P021::SHOCK_AND_RECOVERY::THETA_1000::EXTERNALITY_CF_BETA_050::Q0::flat_level,8,10,True,RECOVERABLE_ALLOCATION_EXTERNALITY,0.0889409099892,0.0889409099892,88.9409099892,88.9409099892
DF_SINGLE_P021::SHOCK_AND_RECOVERY::THETA_1000::EXTERNALITY_CF_BETA_050::Q0::flat_level,9,10,True,RECOVERABLE_ALLOCATION_EXTERNALITY,0.0267436456005,0.0267436456005,26.7436456005,26.7436456005
DF_SINGLE_P021::SHOCK_AND_RECOVERY::THETA_1000::EXTERNALITY_CF_BETA_050::Q0::flat_level,10,10,True,RECOVERABLE_ALLOCATION_EXTERNALITY,0.107823757171,0.107823757171,107.823757171,107.823757171
DF_SINGLE_P021::SHOCK_AND_RECOVERY::THETA_1000::EXTERNALITY_CF_BETA_050::Q0::flat_level,11,10,True,RECOVERABLE_ALLOCATION_EXTERNALITY,0.0633944407304,0.0633944407304,63.3944407304,63.3944407304
DF_SINGLE_P021::SHOCK_AND_RECOVERY::THETA_1000::EXTERNALITY_CF_BETA_050::Q0::flat_level,12,10,True,RECOVERABLE_ALLOCATION_EXTERNALITY,0.0934603654831,0.0934603654831,93.4603654831,93.4603654831
DF_SINGLE_P021::SHOCK_AND_RECOVERY::THETA_1000::EXTERNALITY_CF_BETA_050::Q0::flat_level,13,10,True,RECOVERABLE_ALLOCATION_EXTERNALITY,0.0864586913467,0.0864586913467,86.4586913467,86.4586913467
DF_SINGLE_P021::SHOCK_AND_RECOVERY::THETA_1000::EXTERNALITY_CF_BETA_050::Q0::flat_level,14,10,True,RECOVERABLE_ALLOCATION_EXTERNALITY,0.140517607119,0.140517607119,140.517607119,140.517607119
DF_SINGLE_P021::SHOCK_AND_RECOVERY::THETA_1000::EXTERNALITY_CF_BETA_050::Q0::flat_level,15,10,True,RECOVERABLE_ALLOCATION_EXTERNALITY,0.118957095497,0.118957095497,118.957095497,118.957095497
DF_SINGLE_P021::SHOCK_AND_RECOVERY::THETA_1000::EXTERNALITY_CF_BETA_050::Q0::flat_level,16,10,True,RECOVERABLE_ALLOCATION_EXTERNALITY,0.0897753982789,0.0897753982789,89.7753982789,89.7753982789
DF_SINGLE_P021::SHOCK_AND_RECOVERY::THETA_1000::EXTERNALITY_CF_BETA_050::Q0::max_export_lp,1,10,True,RECOVERABLE_ALLOCATION_EXTERNALITY,0.0478024237071,0.0478024237119,47.8024237071,47.8024237119
DF_SINGLE_P021::SHOCK_AND_RECOVERY::THETA_1000::EXTERNALITY_CF_BETA_050::Q0::max_export_lp,2,10,True,RECOVERABLE_ALLOCATION_EXTERNALITY,0.0535000310132,0.0535000310145,53.5000310132,53.5000310145
DF_SINGLE_P021::SHOCK_AND_RECOVERY::THETA_1000::EXTERNALITY_CF_BETA_050::Q0::max_export_lp,3,10,True,RECOVERABLE_ALLOCATION_EXTERNALITY,0.0396386533076,0.0396386533115,39.6386533076,39.6386533115
DF_SINGLE_P021::SHOCK_AND_RECOVERY::THETA_1000::EXTERNALITY_CF_BETA_050::Q0::max_export_lp,4,10,True,RECOVERABLE_ALLOCATION_EXTERNALITY,0.0245353734364,0.0245353734374,24.5353734364,24.5353734374
DF_SINGLE_P021::SHOCK_AND_RECOVERY::THETA_1000::EXTERNALITY_CF_BETA_050::Q0::max_export_lp,5,10,True,RECOVERABLE_ALLOCATION_EXTERNALITY,0.0376853143442,0.0376853143444,37.6853143442,37.6853143444
DF_SINGLE_P021::SHOCK_AND_RECOVERY::THETA_1000::EXTERNALITY_CF_BETA_050::Q0::max_export_lp,6,10,True,RECOVERABLE_ALLOCATION_EXTERNALITY,0.0238237405846,0.0238237405846,23.8237405846,23.8237405846
DF_SINGLE_P021::SHOCK_AND_RECOVERY::THETA_1000::EXTERNALITY_CF_BETA_050::Q0::max_export_lp,7,10,True,RECOVERABLE_ALLOCATION_EXTERNALITY,0.0395035430828,0.0395035430831,39.5035430828,39.5035430831
DF_SINGLE_P021::SHOCK_AND_RECOVERY::THETA_1000::EXTERNALITY_CF_BETA_050::Q0::max_export_lp,8,10,True,RECOVERABLE_ALLOCATION_EXTERNALITY,0.029544510484,0.0295445104841,29.544510484,29.5445104841
DF_SINGLE_P021::SHOCK_AND_RECOVERY::THETA_1000::EXTERNALITY_CF_BETA_050::Q0::max_export_lp,9,10,True,RECOVERABLE_ALLOCATION_EXTERNALITY,0.0564903539555,0.0564903539561,56.4903539555,56.4903539561
DF_SINGLE_P021::SHOCK_AND_RECOVERY::THETA_1000::EXTERNALITY_CF_BETA_050::Q0::max_export_lp,10,10,True,RECOVERABLE_ALLOCATION_EXTERNALITY,0.0379534414671,0.0379534414682,37.9534414671,37.9534414682
DF_SINGLE_P021::SHOCK_AND_RECOVERY::THETA_1000::EXTERNALITY_CF_BETA_050::Q0::max_export_lp,11,10,True,RECOVERABLE_ALLOCATION_EXTERNALITY,0.0383170395856,0.0383170395857,38.3170395856,38.3170395857
DF_SINGLE_P021::SHOCK_AND_RECOVERY::THETA_1000::EXTERNALITY_CF_BETA_050::Q0::max_export_lp,12,10,True,RECOVERABLE_ALLOCATION_EXTERNALITY,0.0365613261735,0.0365613261735,36.5613261735,36.5613261735
DF_SINGLE_P021::SHOCK_AND_RECOVERY::THETA_1000::EXTERNALITY_CF_BETA_050::Q0::max_export_lp,13,10,True,RECOVERABLE_ALLOCATION_EXTERNALITY,0.0228186370421,0.0228186370421,22.8186370421,22.8186370421
DF_SINGLE_P021::SHOCK_AND_RECOVERY::THETA_1000::EXTERNALITY_CF_BETA_050::Q0::max_export_lp,14,10,True,RECOVERABLE_ALLOCATION_EXTERNALITY,0.0228840486223,0.0228840486224,22.8840486223,22.8840486224
DF_SINGLE_P021::SHOCK_AND_RECOVERY::THETA_1000::EXTERNALITY_CF_BETA_050::Q0::max_export_lp,15,10,True,RECOVERABLE_ALLOCATION_EXTERNALITY,0.0243492144621,0.0243492144629,24.3492144621,24.3492144629
DF_SINGLE_P021::SHOCK_AND_RECOVERY::THETA_1000::EXTERNALITY_CF_BETA_050::Q0::max_export_lp,16,10,True,RECOVERABLE_ALLOCATION_EXTERNALITY,0.0458387796196,0.0458387796217,45.8387796196,45.8387796217
DF_SINGLE_P021::SHOCK_AND_RECOVERY::THETA_1000::EXTERNALITY_CF_BETA_050::Q0::fairness_qp,1,10,True,RECOVERABLE_ALLOCATION_EXTERNALITY,0.0254799330713,0.0468598499554,25.4799330713,46.8598499554
DF_SINGLE_P021::SHOCK_AND_RECOVERY::THETA_1000::EXTERNALITY_CF_BETA_050::Q0::fairness_qp,2,10,True,RECOVERABLE_ALLOCATION_EXTERNALITY,0.022667982493,0.043511872005,22.667982493,43.511872005
DF_SINGLE_P021::SHOCK_AND_RECOVERY::THETA_1000::EXTERNALITY_CF_BETA_050::Q0::fairness_qp,3,10,True,RECOVERABLE_ALLOCATION_EXTERNALITY,0.0173345512415,0.033467187769,17.3345512415,33.467187769
DF_SINGLE_P021::SHOCK_AND_RECOVERY::THETA_1000::EXTERNALITY_CF_BETA_050::Q0::fairness_qp,4,10,True,RECOVERABLE_ALLOCATION_EXTERNALITY,0.0192118095163,0.0355641068692,19.2118095163,35.5641068692
DF_SINGLE_P021::SHOCK_AND_RECOVERY::THETA_1000::EXTERNALITY_CF_BETA_050::Q0::fairness_qp,5,10,True,RECOVERABLE_ALLOCATION_EXTERNALITY,0.0283716611618,0.0455375984342,28.3716611618,45.5375984342
DF_SINGLE_P021::SHOCK_AND_RECOVERY::THETA_1000::EXTERNALITY_CF_BETA_050::Q0::fairness_qp,6,10,True,RECOVERABLE_ALLOCATION_EXTERNALITY,0.0288374199038,0.0387054944187,28.8374199038,38.7054944187
DF_SINGLE_P021::SHOCK_AND_RECOVERY::THETA_1000::EXTERNALITY_CF_BETA_050::Q0::fairness_qp,7,10,True,RECOVERABLE_ALLOCATION_EXTERNALITY,0.0343162491159,0.0459539924749,34.3162491159,45.9539924749
DF_SINGLE_P021::SHOCK_AND_RECOVERY::THETA_1000::EXTERNALITY_CF_BETA_050::Q0::fairness_qp,8,10,True,RECOVERABLE_ALLOCATION_EXTERNALITY,0.0370456025009,0.0481537843208,37.0456025009,48.1537843208
DF_SINGLE_P021::SHOCK_AND_RECOVERY::THETA_1000::EXTERNALITY_CF_BETA_050::Q0::fairness_qp,9,10,True,RECOVERABLE_ALLOCATION_EXTERNALITY,0.0525563517632,0.0612759551064,52.5563517632,61.2759551064
DF_SINGLE_P021::SHOCK_AND_RECOVERY::THETA_1000::EXTERNALITY_CF_BETA_050::Q0::fairness_qp,10,10,True,RECOVERABLE_ALLOCATION_EXTERNALITY,0.0393733452509,0.0499369849945,39.3733452509,49.9369849945
DF_SINGLE_P021::SHOCK_AND_RECOVERY::THETA_1000::EXTERNALITY_CF_BETA_050::Q0::fairness_qp,11,10,True,RECOVERABLE_ALLOCATION_EXTERNALITY,0.0419328869903,0.0497479877794,41.9328869903,49.7479877794
DF_SINGLE_P021::SHOCK_AND_RECOVERY::THETA_1000::EXTERNALITY_CF_BETA_050::Q0::fairness_qp,12,10,True,RECOVERABLE_ALLOCATION_EXTERNALITY,0.0242558286951,0.0376083185287,24.2558286951,37.6083185287
DF_SINGLE_P021::SHOCK_AND_RECOVERY::THETA_1000::EXTERNALITY_CF_BETA_050::Q0::fairness_qp,13,10,True,RECOVERABLE_ALLOCATION_EXTERNALITY,0.0322363159134,0.040708780281,32.2363159134,40.708780281
DF_SINGLE_P021::SHOCK_AND_RECOVERY::THETA_1000::EXTERNALITY_CF_BETA_050::Q0::fairness_qp,14,10,True,RECOVERABLE_ALLOCATION_EXTERNALITY,0.0238076584935,0.0436144131677,23.8076584935,43.6144131677
DF_SINGLE_P021::SHOCK_AND_RECOVERY::THETA_1000::EXTERNALITY_CF_BETA_050::Q0::fairness_qp,15,10,True,RECOVERABLE_ALLOCATION_EXTERNALITY,0.0215996453176,0.0386367523577,21.5996453176,38.6367523577
DF_SINGLE_P021::SHOCK_AND_RECOVERY::THETA_1000::EXTERNALITY_CF_BETA_050::Q0::fairness_qp,16,10,True,RECOVERABLE_ALLOCATION_EXTERNALITY,0.0238930731898,0.0402082321152,23.8930731898,40.2082321152
DF_SINGLE_P021::SHOCK_AND_RECOVERY::THETA_1000::EXTERNALITY_CF_BETA_050::Q95::weighted_proportional,1,10,True,RECOVERABLE_ALLOCATION_EXTERNALITY,0.0511345806667,0.0830519706199,51.1345806667,83.0519706199
DF_SINGLE_P021::SHOCK_AND_RECOVERY::THETA_1000::EXTERNALITY_CF_BETA_050::Q95::weighted_proportional,2,10,True,RECOVERABLE_ALLOCATION_EXTERNALITY,0.0356115207315,0.0709296437087,35.6115207315,70.9296437087
DF_SINGLE_P021::SHOCK_AND_RECOVERY::THETA_1000::EXTERNALITY_CF_BETA_050::Q95::weighted_proportional,3,10,True,RECOVERABLE_ALLOCATION_EXTERNALITY,0.0334305264381,0.0500182472114,33.4305264381,50.0182472114
DF_SINGLE_P021::SHOCK_AND_RECOVERY::THETA_1000::EXTERNALITY_CF_BETA_050::Q95::weighted_proportional,4,10,True,RECOVERABLE_ALLOCATION_EXTERNALITY,0.0330463217366,0.0588401151589,33.0463217366,58.8401151589
DF_SINGLE_P021::SHOCK_AND_RECOVERY::THETA_1000::EXTERNALITY_CF_BETA_050::Q95::weighted_proportional,5,10,True,RECOVERABLE_ALLOCATION_EXTERNALITY,0.0430587674284,0.0688242048428,43.0587674284,68.8242048428
DF_SINGLE_P021::SHOCK_AND_RECOVERY::THETA_1000::EXTERNALITY_CF_BETA_050::Q95::weighted_proportional,6,10,True,RECOVERABLE_ALLOCATION_EXTERNALITY,0.0442950687974,0.0653547365338,44.2950687974,65.3547365338
DF_SINGLE_P021::SHOCK_AND_RECOVERY::THETA_1000::EXTERNALITY_CF_BETA_050::Q95::weighted_proportional,7,10,True,RECOVERABLE_ALLOCATION_EXTERNALITY,0.0346693622223,0.0644420879415,34.6693622223,64.4420879415
DF_SINGLE_P021::SHOCK_AND_RECOVERY::THETA_1000::EXTERNALITY_CF_BETA_050::Q95::weighted_proportional,8,10,True,RECOVERABLE_ALLOCATION_EXTERNALITY,0.0407411177482,0.0671998901199,40.7411177482,67.1998901199
DF_SINGLE_P021::SHOCK_AND_RECOVERY::THETA_1000::EXTERNALITY_CF_BETA_050::Q95::weighted_proportional,9,10,True,RECOVERABLE_ALLOCATION_EXTERNALITY,0.00171451414578,0.0486039347608,1.71451414578,48.6039347608
DF_SINGLE_P021::SHOCK_AND_RECOVERY::THETA_1000::EXTERNALITY_CF_BETA_050::Q95::weighted_proportional,10,10,True,RECOVERABLE_ALLOCATION_EXTERNALITY,0.0311137854686,0.0614348888686,31.1137854686,61.4348888686
DF_SINGLE_P021::SHOCK_AND_RECOVERY::THETA_1000::EXTERNALITY_CF_BETA_050::Q95::weighted_proportional,11,10,True,RECOVERABLE_ALLOCATION_EXTERNALITY,0.017168598726,0.0521503931782,17.168598726,52.1503931782
DF_SINGLE_P021::SHOCK_AND_RECOVERY::THETA_1000::EXTERNALITY_CF_BETA_050::Q95::weighted_proportional,12,10,True,RECOVERABLE_ALLOCATION_EXTERNALITY,0.0431365752438,0.0631373770046,43.1365752438,63.1373770046
DF_SINGLE_P021::SHOCK_AND_RECOVERY::THETA_1000::EXTERNALITY_CF_BETA_050::Q95::weighted_proportional,13,10,True,RECOVERABLE_ALLOCATION_EXTERNALITY,0.0267454138499,0.056613985002,26.7454138499,56.613985002
DF_SINGLE_P021::SHOCK_AND_RECOVERY::THETA_1000::EXTERNALITY_CF_BETA_050::Q95::weighted_proportional,14,10,True,RECOVERABLE_ALLOCATION_EXTERNALITY,0.0555028193918,0.0742641434771,55.5028193918,74.2641434771
DF_SINGLE_P021::SHOCK_AND_RECOVERY::THETA_1000::EXTERNALITY_CF_BETA_050::Q95::weighted_proportional,15,10,True,RECOVERABLE_ALLOCATION_EXTERNALITY,0.0515557256523,0.0684583640031,51.5557256523,68.4583640031
DF_SINGLE_P021::SHOCK_AND_RECOVERY::THETA_1000::EXTERNALITY_CF_BETA_050::Q95::weighted_proportional,16,10,True,RECOVERABLE_ALLOCATION_EXTERNALITY,0.0415210151469,0.068230239513,41.5210151469,68.230239513
DF_SINGLE_P021::SHOCK_AND_RECOVERY::THETA_1000::EXTERNALITY_CF_BETA_050::Q95::equal_kw_reduction,1,10,True,RECOVERABLE_ALLOCATION_EXTERNALITY,0.0308933631579,0.0544056296582,30.8933631579,54.4056296582
DF_SINGLE_P021::SHOCK_AND_RECOVERY::THETA_1000::EXTERNALITY_CF_BETA_050::Q95::equal_kw_reduction,2,10,True,RECOVERABLE_ALLOCATION_EXTERNALITY,0.029654866441,0.0529543417857,29.654866441,52.9543417857
DF_SINGLE_P021::SHOCK_AND_RECOVERY::THETA_1000::EXTERNALITY_CF_BETA_050::Q95::equal_kw_reduction,3,10,True,RECOVERABLE_ALLOCATION_EXTERNALITY,0.0185919585529,0.0341955953449,18.5919585529,34.1955953449
DF_SINGLE_P021::SHOCK_AND_RECOVERY::THETA_1000::EXTERNALITY_CF_BETA_050::Q95::equal_kw_reduction,4,10,True,RECOVERABLE_ALLOCATION_EXTERNALITY,0.0208484480159,0.037368155676,20.8484480159,37.368155676
DF_SINGLE_P021::SHOCK_AND_RECOVERY::THETA_1000::EXTERNALITY_CF_BETA_050::Q95::equal_kw_reduction,5,10,True,RECOVERABLE_ALLOCATION_EXTERNALITY,0.024498032246,0.0431720646769,24.498032246,43.1720646769
DF_SINGLE_P021::SHOCK_AND_RECOVERY::THETA_1000::EXTERNALITY_CF_BETA_050::Q95::equal_kw_reduction,6,10,True,RECOVERABLE_ALLOCATION_EXTERNALITY,0.0166832876459,0.0318064906175,16.6832876459,31.8064906175
DF_SINGLE_P021::SHOCK_AND_RECOVERY::THETA_1000::EXTERNALITY_CF_BETA_050::Q95::equal_kw_reduction,7,10,True,RECOVERABLE_ALLOCATION_EXTERNALITY,0.0249097654075,0.043920759719,24.9097654075,43.920759719
DF_SINGLE_P021::SHOCK_AND_RECOVERY::THETA_1000::EXTERNALITY_CF_BETA_050::Q95::equal_kw_reduction,8,10,True,RECOVERABLE_ALLOCATION_EXTERNALITY,0.0257217764911,0.0428853701214,25.7217764911,42.8853701214
DF_SINGLE_P021::SHOCK_AND_RECOVERY::THETA_1000::EXTERNALITY_CF_BETA_050::Q95::equal_kw_reduction,9,10,True,RECOVERABLE_ALLOCATION_EXTERNALITY,0.0292003208915,0.0485022919933,29.2003208915,48.5022919933
DF_SINGLE_P021::SHOCK_AND_RECOVERY::THETA_1000::EXTERNALITY_CF_BETA_050::Q95::equal_kw_reduction,10,10,True,RECOVERABLE_ALLOCATION_EXTERNALITY,0.0259892837641,0.0423410478821,25.9892837641,42.3410478821
DF_SINGLE_P021::SHOCK_AND_RECOVERY::THETA_1000::EXTERNALITY_CF_BETA_050::Q95::equal_kw_reduction,11,10,True,RECOVERABLE_ALLOCATION_EXTERNALITY,0.0262182975203,0.0431869368829,26.2182975203,43.1869368829
DF_SINGLE_P021::SHOCK_AND_RECOVERY::THETA_1000::EXTERNALITY_CF_BETA_050::Q95::equal_kw_reduction,12,10,True,RECOVERABLE_ALLOCATION_EXTERNALITY,0.0227143156365,0.0382171776124,22.7143156365,38.2171776124
DF_SINGLE_P021::SHOCK_AND_RECOVERY::THETA_1000::EXTERNALITY_CF_BETA_050::Q95::equal_kw_reduction,13,10,True,RECOVERABLE_ALLOCATION_EXTERNALITY,0.017865576757,0.0329671963714,17.865576757,32.9671963714
DF_SINGLE_P021::SHOCK_AND_RECOVERY::THETA_1000::EXTERNALITY_CF_BETA_050::Q95::equal_kw_reduction,14,10,True,RECOVERABLE_ALLOCATION_EXTERNALITY,0.0244103722164,0.0435447935189,24.4103722164,43.5447935189
DF_SINGLE_P021::SHOCK_AND_RECOVERY::THETA_1000::EXTERNALITY_CF_BETA_050::Q95::equal_kw_reduction,15,10,True,RECOVERABLE_ALLOCATION_EXTERNALITY,0.018981645693,0.0371498594399,18.981645693,37.1498594399
DF_SINGLE_P021::SHOCK_AND_RECOVERY::THETA_1000::EXTERNALITY_CF_BETA_050::Q95::equal_kw_reduction,16,10,True,RECOVERABLE_ALLOCATION_EXTERNALITY,0.0254121963641,0.0444081332179,25.4121963641,44.4081332179
DF_SINGLE_P021::SHOCK_AND_RECOVERY::THETA_1000::EXTERNALITY_CF_BETA_050::Q95::flat_level,1,10,True,RECOVERABLE_ALLOCATION_EXTERNALITY,0.148123068313,0.148123068313,148.123068313,148.123068313
DF_SINGLE_P021::SHOCK_AND_RECOVERY::THETA_1000::EXTERNALITY_CF_BETA_050::Q95::flat_level,2,10,True,RECOVERABLE_ALLOCATION_EXTERNALITY,0.0868697073828,0.0868697073828,86.8697073828,86.8697073828
DF_SINGLE_P021::SHOCK_AND_RECOVERY::THETA_1000::EXTERNALITY_CF_BETA_050::Q95::flat_level,3,10,True,RECOVERABLE_ALLOCATION_EXTERNALITY,0.11072873872,0.11072873872,110.72873872,110.72873872
DF_SINGLE_P021::SHOCK_AND_RECOVERY::THETA_1000::EXTERNALITY_CF_BETA_050::Q95::flat_level,4,10,True,RECOVERABLE_ALLOCATION_EXTERNALITY,0.098324426211,0.098324426211,98.324426211,98.324426211
DF_SINGLE_P021::SHOCK_AND_RECOVERY::THETA_1000::EXTERNALITY_CF_BETA_050::Q95::flat_level,5,10,True,RECOVERABLE_ALLOCATION_EXTERNALITY,0.149283270825,0.149283270825,149.283270825,149.283270825
DF_SINGLE_P021::SHOCK_AND_RECOVERY::THETA_1000::EXTERNALITY_CF_BETA_050::Q95::flat_level,6,10,True,RECOVERABLE_ALLOCATION_EXTERNALITY,0.114073166784,0.114073166784,114.073166784,114.073166784
DF_SINGLE_P021::SHOCK_AND_RECOVERY::THETA_1000::EXTERNALITY_CF_BETA_050::Q95::flat_level,7,10,True,RECOVERABLE_ALLOCATION_EXTERNALITY,0.111624880381,0.111624880381,111.624880381,111.624880381
DF_SINGLE_P021::SHOCK_AND_RECOVERY::THETA_1000::EXTERNALITY_CF_BETA_050::Q95::flat_level,8,10,True,RECOVERABLE_ALLOCATION_EXTERNALITY,0.0889409099892,0.0889409099892,88.9409099892,88.9409099892
DF_SINGLE_P021::SHOCK_AND_RECOVERY::THETA_1000::EXTERNALITY_CF_BETA_050::Q95::flat_level,9,10,True,RECOVERABLE_ALLOCATION_EXTERNALITY,0.0267436456005,0.0267436456005,26.7436456005,26.7436456005
DF_SINGLE_P021::SHOCK_AND_RECOVERY::THETA_1000::EXTERNALITY_CF_BETA_050::Q95::flat_level,10,10,True,RECOVERABLE_ALLOCATION_EXTERNALITY,0.107823757171,0.107823757171,107.823757171,107.823757171
DF_SINGLE_P021::SHOCK_AND_RECOVERY::THETA_1000::EXTERNALITY_CF_BETA_050::Q95::flat_level,11,10,True,RECOVERABLE_ALLOCATION_EXTERNALITY,0.0633944407304,0.0633944407304,63.3944407304,63.3944407304
DF_SINGLE_P021::SHOCK_AND_RECOVERY::THETA_1000::EXTERNALITY_CF_BETA_050::Q95::flat_level,12,10,True,RECOVERABLE_ALLOCATION_EXTERNALITY,0.0934603654831,0.0934603654831,93.4603654831,93.4603654831
DF_SINGLE_P021::SHOCK_AND_RECOVERY::THETA_1000::EXTERNALITY_CF_BETA_050::Q95::flat_level,13,10,True,RECOVERABLE_ALLOCATION_EXTERNALITY,0.0864586913467,0.0864586913467,86.4586913467,86.4586913467
DF_SINGLE_P021::SHOCK_AND_RECOVERY::THETA_1000::EXTERNALITY_CF_BETA_050::Q95::flat_level,14,10,True,RECOVERABLE_ALLOCATION_EXTERNALITY,0.140517607119,0.140517607119,140.517607119,140.517607119
DF_SINGLE_P021::SHOCK_AND_RECOVERY::THETA_1000::EXTERNALITY_CF_BETA_050::Q95::flat_level,15,10,True,RECOVERABLE_ALLOCATION_EXTERNALITY,0.118957095497,0.118957095497,118.957095497,118.957095497
DF_SINGLE_P021::SHOCK_AND_RECOVERY::THETA_1000::EXTERNALITY_CF_BETA_050::Q95::flat_level,16,10,True,RECOVERABLE_ALLOCATION_EXTERNALITY,0.0897753982789,0.0897753982789,89.7753982789,89.7753982789
DF_SINGLE_P021::SHOCK_AND_RECOVERY::THETA_1000::EXTERNALITY_CF_BETA_050::Q95::max_export_lp,1,10,True,RECOVERABLE_ALLOCATION_EXTERNALITY,0.0478024420118,0.0478024420162,47.8024420118,47.8024420162
DF_SINGLE_P021::SHOCK_AND_RECOVERY::THETA_1000::EXTERNALITY_CF_BETA_050::Q95::max_export_lp,2,10,True,RECOVERABLE_ALLOCATION_EXTERNALITY,0.0535000148238,0.0535000148263,53.5000148238,53.5000148263
DF_SINGLE_P021::SHOCK_AND_RECOVERY::THETA_1000::EXTERNALITY_CF_BETA_050::Q95::max_export_lp,3,10,True,RECOVERABLE_ALLOCATION_EXTERNALITY,0.0396387310007,0.0396387310027,39.6387310007,39.6387310027
DF_SINGLE_P021::SHOCK_AND_RECOVERY::THETA_1000::EXTERNALITY_CF_BETA_050::Q95::max_export_lp,4,10,True,RECOVERABLE_ALLOCATION_EXTERNALITY,0.0245349409117,0.024534940917,24.5349409117,24.534940917
DF_SINGLE_P021::SHOCK_AND_RECOVERY::THETA_1000::EXTERNALITY_CF_BETA_050::Q95::max_export_lp,5,10,True,RECOVERABLE_ALLOCATION_EXTERNALITY,0.0376853320035,0.0376853320035,37.6853320035,37.6853320035
DF_SINGLE_P021::SHOCK_AND_RECOVERY::THETA_1000::EXTERNALITY_CF_BETA_050::Q95::max_export_lp,6,10,True,RECOVERABLE_ALLOCATION_EXTERNALITY,0.0238237800501,0.0238237800501,23.8237800501,23.8237800501
DF_SINGLE_P021::SHOCK_AND_RECOVERY::THETA_1000::EXTERNALITY_CF_BETA_050::Q95::max_export_lp,7,10,True,RECOVERABLE_ALLOCATION_EXTERNALITY,0.0395035293645,0.0395035293645,39.5035293645,39.5035293645
DF_SINGLE_P021::SHOCK_AND_RECOVERY::THETA_1000::EXTERNALITY_CF_BETA_050::Q95::max_export_lp,8,10,True,RECOVERABLE_ALLOCATION_EXTERNALITY,0.029544464613,0.0295444646131,29.544464613,29.5444646131
DF_SINGLE_P021::SHOCK_AND_RECOVERY::THETA_1000::EXTERNALITY_CF_BETA_050::Q95::max_export_lp,9,10,True,RECOVERABLE_ALLOCATION_EXTERNALITY,0.0564903534505,0.0564903534506,56.4903534505,56.4903534506
DF_SINGLE_P021::SHOCK_AND_RECOVERY::THETA_1000::EXTERNALITY_CF_BETA_050::Q95::max_export_lp,10,10,True,RECOVERABLE_ALLOCATION_EXTERNALITY,0.0379533749695,0.0379533749695,37.9533749695,37.9533749695
DF_SINGLE_P021::SHOCK_AND_RECOVERY::THETA_1000::EXTERNALITY_CF_BETA_050::Q95::max_export_lp,11,10,True,RECOVERABLE_ALLOCATION_EXTERNALITY,0.038317041692,0.0383170417038,38.317041692,38.3170417038
DF_SINGLE_P021::SHOCK_AND_RECOVERY::THETA_1000::EXTERNALITY_CF_BETA_050::Q95::max_export_lp,12,10,True,RECOVERABLE_ALLOCATION_EXTERNALITY,0.0365611665581,0.0365611665582,36.5611665581,36.5611665582
DF_SINGLE_P021::SHOCK_AND_RECOVERY::THETA_1000::EXTERNALITY_CF_BETA_050::Q95::max_export_lp,13,10,True,RECOVERABLE_ALLOCATION_EXTERNALITY,0.022818465771,0.0228184657713,22.818465771,22.8184657713
DF_SINGLE_P021::SHOCK_AND_RECOVERY::THETA_1000::EXTERNALITY_CF_BETA_050::Q95::max_export_lp,14,10,True,RECOVERABLE_ALLOCATION_EXTERNALITY,0.0228841314337,0.0228841314339,22.8841314337,22.8841314339
DF_SINGLE_P021::SHOCK_AND_RECOVERY::THETA_1000::EXTERNALITY_CF_BETA_050::Q95::max_export_lp,15,10,True,RECOVERABLE_ALLOCATION_EXTERNALITY,0.0243492163381,0.0243492163385,24.3492163381,24.3492163385
DF_SINGLE_P021::SHOCK_AND_RECOVERY::THETA_1000::EXTERNALITY_CF_BETA_050::Q95::max_export_lp,16,10,True,RECOVERABLE_ALLOCATION_EXTERNALITY,0.0458388256891,0.0458388257051,45.8388256891,45.8388257051
DF_SINGLE_P021::SHOCK_AND_RECOVERY::THETA_1000::EXTERNALITY_CF_BETA_050::Q95::fairness_qp,1,10,True,RECOVERABLE_ALLOCATION_EXTERNALITY,0.0254799387681,0.0468598343321,25.4799387681,46.8598343321
DF_SINGLE_P021::SHOCK_AND_RECOVERY::THETA_1000::EXTERNALITY_CF_BETA_050::Q95::fairness_qp,2,10,True,RECOVERABLE_ALLOCATION_EXTERNALITY,0.0226679676055,0.0435118614883,22.6679676055,43.5118614883
DF_SINGLE_P021::SHOCK_AND_RECOVERY::THETA_1000::EXTERNALITY_CF_BETA_050::Q95::fairness_qp,3,10,True,RECOVERABLE_ALLOCATION_EXTERNALITY,0.0173345384408,0.0334671711215,17.3345384408,33.4671711215
DF_SINGLE_P021::SHOCK_AND_RECOVERY::THETA_1000::EXTERNALITY_CF_BETA_050::Q95::fairness_qp,4,10,True,RECOVERABLE_ALLOCATION_EXTERNALITY,0.0192117982982,0.0355641069935,19.2117982982,35.5641069935
DF_SINGLE_P021::SHOCK_AND_RECOVERY::THETA_1000::EXTERNALITY_CF_BETA_050::Q95::fairness_qp,5,10,True,RECOVERABLE_ALLOCATION_EXTERNALITY,0.0283716521242,0.0455375793138,28.3716521242,45.5375793138
DF_SINGLE_P021::SHOCK_AND_RECOVERY::THETA_1000::EXTERNALITY_CF_BETA_050::Q95::fairness_qp,6,10,True,RECOVERABLE_ALLOCATION_EXTERNALITY,0.0288374143653,0.0387054912485,28.8374143653,38.7054912485
DF_SINGLE_P021::SHOCK_AND_RECOVERY::THETA_1000::EXTERNALITY_CF_BETA_050::Q95::fairness_qp,7,10,True,RECOVERABLE_ALLOCATION_EXTERNALITY,0.0343162345285,0.0459539751651,34.3162345285,45.9539751651
DF_SINGLE_P021::SHOCK_AND_RECOVERY::THETA_1000::EXTERNALITY_CF_BETA_050::Q95::fairness_qp,8,10,True,RECOVERABLE_ALLOCATION_EXTERNALITY,0.0370455979408,0.0481537786329,37.0455979408,48.1537786329
DF_SINGLE_P021::SHOCK_AND_RECOVERY::THETA_1000::EXTERNALITY_CF_BETA_050::Q95::fairness_qp,9,10,True,RECOVERABLE_ALLOCATION_EXTERNALITY,0.0525563286913,0.0612759383707,52.5563286913,61.2759383707
DF_SINGLE_P021::SHOCK_AND_RECOVERY::THETA_1000::EXTERNALITY_CF_BETA_050::Q95::fairness_qp,10,10,True,RECOVERABLE_ALLOCATION_EXTERNALITY,0.039373317531,0.049936950699,39.373317531,49.936950699
DF_SINGLE_P021::SHOCK_AND_RECOVERY::THETA_1000::EXTERNALITY_CF_BETA_050::Q95::fairness_qp,11,10,True,RECOVERABLE_ALLOCATION_EXTERNALITY,0.0419328534702,0.0497479551163,41.9328534702,49.7479551163
DF_SINGLE_P021::SHOCK_AND_RECOVERY::THETA_1000::EXTERNALITY_CF_BETA_050::Q95::fairness_qp,12,10,True,RECOVERABLE_ALLOCATION_EXTERNALITY,0.0242558172175,0.0376083258926,24.2558172175,37.6083258926
DF_SINGLE_P021::SHOCK_AND_RECOVERY::THETA_1000::EXTERNALITY_CF_BETA_050::Q95::fairness_qp,13,10,True,RECOVERABLE_ALLOCATION_EXTERNALITY,0.0322363304515,0.0407087960056,32.2363304515,40.7087960056
DF_SINGLE_P021::SHOCK_AND_RECOVERY::THETA_1000::EXTERNALITY_CF_BETA_050::Q95::fairness_qp,14,10,True,RECOVERABLE_ALLOCATION_EXTERNALITY,0.0238076666039,0.0436144211321,23.8076666039,43.6144211321
DF_SINGLE_P021::SHOCK_AND_RECOVERY::THETA_1000::EXTERNALITY_CF_BETA_050::Q95::fairness_qp,15,10,True,RECOVERABLE_ALLOCATION_EXTERNALITY,0.0215996581666,0.0386367633978,21.5996581666,38.6367633978
DF_SINGLE_P021::SHOCK_AND_RECOVERY::THETA_1000::EXTERNALITY_CF_BETA_050::Q95::fairness_qp,16,10,True,RECOVERABLE_ALLOCATION_EXTERNALITY,0.0238930719035,0.0402082415997,23.8930719035,40.2082415997
MR_K05_LOCAL::CLUSTERED_SHORTFALL::THETA_0000::EXTERNALITY_CF_BETA_050::Q0::weighted_proportional,1,0,True,RECOVERABLE_ALLOCATION_EXTERNALITY,0.0878939048602,0.127871569377,87.8939048602,127.871569377
MR_K05_LOCAL::CLUSTERED_SHORTFALL::THETA_0000::EXTERNALITY_CF_BETA_050::Q0::weighted_proportional,2,0,True,RECOVERABLE_ALLOCATION_EXTERNALITY,0.0338363549144,0.0732134742469,33.8363549144,73.2134742469
MR_K05_LOCAL::CLUSTERED_SHORTFALL::THETA_0000::EXTERNALITY_CF_BETA_050::Q0::weighted_proportional,3,0,True,RECOVERABLE_ALLOCATION_EXTERNALITY,0.0321256337646,0.0530148207572,32.1256337646,53.0148207572
MR_K05_LOCAL::CLUSTERED_SHORTFALL::THETA_0000::EXTERNALITY_CF_BETA_050::Q0::weighted_proportional,4,0,True,RECOVERABLE_ALLOCATION_EXTERNALITY,0.0399589552785,0.0720345374571,39.9589552785,72.0345374571
MR_K05_LOCAL::CLUSTERED_SHORTFALL::THETA_0000::EXTERNALITY_CF_BETA_050::Q0::weighted_proportional,5,0,False,NO_NET_DELIVERY_RECOVERY,-0.0100195520637,0.0510644571229,-10.0195520637,51.0644571229
MR_K05_LOCAL::CLUSTERED_SHORTFALL::THETA_0000::EXTERNALITY_CF_BETA_050::Q0::weighted_proportional,6,0,False,NO_NET_DELIVERY_RECOVERY,-0.0141535409886,0.064946810524,-14.1535409886,64.946810524
MR_K05_LOCAL::CLUSTERED_SHORTFALL::THETA_0000::EXTERNALITY_CF_BETA_050::Q0::weighted_proportional,7,0,False,NO_NET_DELIVERY_RECOVERY,-0.00706470368635,0.0705300188521,-7.06470368635,70.5300188521
MR_K05_LOCAL::CLUSTERED_SHORTFALL::THETA_0000::EXTERNALITY_CF_BETA_050::Q0::weighted_proportional,8,0,True,RECOVERABLE_ALLOCATION_EXTERNALITY,0.00740431667935,0.0820581209119,7.40431667935,82.0581209119
MR_K05_LOCAL::CLUSTERED_SHORTFALL::THETA_0000::EXTERNALITY_CF_BETA_050::Q0::weighted_proportional,9,0,True,RECOVERABLE_ALLOCATION_EXTERNALITY,0.0102098040724,0.0633456738574,10.2098040724,63.3456738574
MR_K05_LOCAL::CLUSTERED_SHORTFALL::THETA_0000::EXTERNALITY_CF_BETA_050::Q0::weighted_proportional,10,0,True,RECOVERABLE_ALLOCATION_EXTERNALITY,0.0498768901509,0.0641170389043,49.8768901509,64.1170389043
MR_K05_LOCAL::CLUSTERED_SHORTFALL::THETA_0000::EXTERNALITY_CF_BETA_050::Q0::weighted_proportional,11,0,True,RECOVERABLE_ALLOCATION_EXTERNALITY,0.0524455440191,0.0722193704339,52.4455440191,72.2193704339
MR_K05_LOCAL::CLUSTERED_SHORTFALL::THETA_0000::EXTERNALITY_CF_BETA_050::Q0::weighted_proportional,12,0,True,RECOVERABLE_ALLOCATION_EXTERNALITY,0.0247989100348,0.0666266372022,24.7989100348,66.6266372022
MR_K05_LOCAL::CLUSTERED_SHORTFALL::THETA_0000::EXTERNALITY_CF_BETA_050::Q0::weighted_proportional,13,0,True,RECOVERABLE_ALLOCATION_EXTERNALITY,0.0395141110476,0.0702907131441,39.5141110476,70.2907131441
MR_K05_LOCAL::CLUSTERED_SHORTFALL::THETA_0000::EXTERNALITY_CF_BETA_050::Q0::weighted_proportional,14,0,True,RECOVERABLE_ALLOCATION_EXTERNALITY,0.00605118511799,0.0554049177895,6.05118511799,55.4049177895
MR_K05_LOCAL::CLUSTERED_SHORTFALL::THETA_0000::EXTERNALITY_CF_BETA_050::Q0::weighted_proportional,15,0,True,RECOVERABLE_ALLOCATION_EXTERNALITY,0.031572604401,0.0512454128682,31.572604401,51.2454128682
MR_K05_LOCAL::CLUSTERED_SHORTFALL::THETA_0000::EXTERNALITY_CF_BETA_050::Q0::weighted_proportional,16,0,True,RECOVERABLE_ALLOCATION_EXTERNALITY,0.0120665181254,0.0608798608524,12.0665181254,60.8798608524
MR_K05_LOCAL::CLUSTERED_SHORTFALL::THETA_0000::EXTERNALITY_CF_BETA_050::Q0::equal_kw_reduction,1,0,True,RECOVERABLE_ALLOCATION_EXTERNALITY,0.0412408329561,0.0730121028284,41.2408329561,73.0121028284
MR_K05_LOCAL::CLUSTERED_SHORTFALL::THETA_0000::EXTERNALITY_CF_BETA_050::Q0::equal_kw_reduction,2,0,True,RECOVERABLE_ALLOCATION_EXTERNALITY,0.017674866419,0.0476827044327,17.674866419,47.6827044327
MR_K05_LOCAL::CLUSTERED_SHORTFALL::THETA_0000::EXTERNALITY_CF_BETA_050::Q0::equal_kw_reduction,3,0,True,RECOVERABLE_ALLOCATION_EXTERNALITY,0.0104422428461,0.039234286046,10.4422428461,39.234286046
MR_K05_LOCAL::CLUSTERED_SHORTFALL::THETA_0000::EXTERNALITY_CF_BETA_050::Q0::equal_kw_reduction,4,0,True,RECOVERABLE_ALLOCATION_EXTERNALITY,0.0121662794494,0.032356414981,12.1662794494,32.356414981
MR_K05_LOCAL::CLUSTERED_SHORTFALL::THETA_0000::EXTERNALITY_CF_BETA_050::Q0::equal_kw_reduction,5,0,True,RECOVERABLE_ALLOCATION_EXTERNALITY,0.0100956061076,0.0389390695327,10.0956061076,38.9390695327
MR_K05_LOCAL::CLUSTERED_SHORTFALL::THETA_0000::EXTERNALITY_CF_BETA_050::Q0::equal_kw_reduction,6,0,True,RECOVERABLE_ALLOCATION_EXTERNALITY,0.0208910791615,0.0437456369504,20.8910791615,43.7456369504
MR_K05_LOCAL::CLUSTERED_SHORTFALL::THETA_0000::EXTERNALITY_CF_BETA_050::Q0::equal_kw_reduction,7,0,True,RECOVERABLE_ALLOCATION_EXTERNALITY,0.00838998892473,0.0402346383284,8.38998892473,40.2346383284
MR_K05_LOCAL::CLUSTERED_SHORTFALL::THETA_0000::EXTERNALITY_CF_BETA_050::Q0::equal_kw_reduction,8,0,True,RECOVERABLE_ALLOCATION_EXTERNALITY,0.0155158789935,0.0384360840062,15.5158789935,38.4360840062
MR_K05_LOCAL::CLUSTERED_SHORTFALL::THETA_0000::EXTERNALITY_CF_BETA_050::Q0::equal_kw_reduction,9,0,True,RECOVERABLE_ALLOCATION_EXTERNALITY,0.00771225225745,0.0290216508456,7.71225225745,29.0216508456
MR_K05_LOCAL::CLUSTERED_SHORTFALL::THETA_0000::EXTERNALITY_CF_BETA_050::Q0::equal_kw_reduction,10,0,True,RECOVERABLE_ALLOCATION_EXTERNALITY,0.0167185715959,0.0357098580331,16.7185715959,35.7098580331
MR_K05_LOCAL::CLUSTERED_SHORTFALL::THETA_0000::EXTERNALITY_CF_BETA_050::Q0::equal_kw_reduction,11,0,True,RECOVERABLE_ALLOCATION_EXTERNALITY,0.00991163344914,0.0352769893159,9.91163344914,35.2769893159
MR_K05_LOCAL::CLUSTERED_SHORTFALL::THETA_0000::EXTERNALITY_CF_BETA_050::Q0::equal_kw_reduction,12,0,True,RECOVERABLE_ALLOCATION_EXTERNALITY,0.0185098105784,0.0421310419056,18.5098105784,42.1310419056
MR_K05_LOCAL::CLUSTERED_SHORTFALL::THETA_0000::EXTERNALITY_CF_BETA_050::Q0::equal_kw_reduction,13,0,True,RECOVERABLE_ALLOCATION_EXTERNALITY,0.0172089657766,0.0473570334901,17.2089657766,47.3570334901
MR_K05_LOCAL::CLUSTERED_SHORTFALL::THETA_0000::EXTERNALITY_CF_BETA_050::Q0::equal_kw_reduction,14,0,True,RECOVERABLE_ALLOCATION_EXTERNALITY,0.0117590130303,0.0368441127892,11.7590130303,36.8441127892
MR_K05_LOCAL::CLUSTERED_SHORTFALL::THETA_0000::EXTERNALITY_CF_BETA_050::Q0::equal_kw_reduction,15,0,True,RECOVERABLE_ALLOCATION_EXTERNALITY,0.0117813912058,0.0410319368556,11.7813912058,41.0319368556
MR_K05_LOCAL::CLUSTERED_SHORTFALL::THETA_0000::EXTERNALITY_CF_BETA_050::Q0::equal_kw_reduction,16,0,True,RECOVERABLE_ALLOCATION_EXTERNALITY,0.0178579085011,0.0428002223844,17.8579085011,42.8002223844
MR_K05_LOCAL::CLUSTERED_SHORTFALL::THETA_0000::EXTERNALITY_CF_BETA_050::Q0::flat_level,1,0,True,RECOVERABLE_ALLOCATION_EXTERNALITY,0.239301574344,0.239301574344,239.301574344,239.301574344
MR_K05_LOCAL::CLUSTERED_SHORTFALL::THETA_0000::EXTERNALITY_CF_BETA_050::Q0::flat_level,2,0,True,RECOVERABLE_ALLOCATION_EXTERNALITY,0.184652212251,0.184652212251,184.652212251,184.652212251
MR_K05_LOCAL::CLUSTERED_SHORTFALL::THETA_0000::EXTERNALITY_CF_BETA_050::Q0::flat_level,3,0,True,RECOVERABLE_ALLOCATION_EXTERNALITY,0.136886152861,0.136886152861,136.886152861,136.886152861
MR_K05_LOCAL::CLUSTERED_SHORTFALL::THETA_0000::EXTERNALITY_CF_BETA_050::Q0::flat_level,4,0,True,RECOVERABLE_ALLOCATION_EXTERNALITY,0.0757826707356,0.0757826707356,75.7826707356,75.7826707356
MR_K05_LOCAL::CLUSTERED_SHORTFALL::THETA_0000::EXTERNALITY_CF_BETA_050::Q0::flat_level,5,0,True,RECOVERABLE_ALLOCATION_EXTERNALITY,0.0616449337461,0.0616449337461,61.6449337461,61.6449337461
MR_K05_LOCAL::CLUSTERED_SHORTFALL::THETA_0000::EXTERNALITY_CF_BETA_050::Q0::flat_level,6,0,True,RECOVERABLE_ALLOCATION_EXTERNALITY,0.0102787791448,0.0102787791448,10.2787791448,10.2787791448
MR_K05_LOCAL::CLUSTERED_SHORTFALL::THETA_0000::EXTERNALITY_CF_BETA_050::Q0::flat_level,7,0,True,RECOVERABLE_ALLOCATION_EXTERNALITY,0.097063569271,0.097063569271,97.063569271,97.063569271
MR_K05_LOCAL::CLUSTERED_SHORTFALL::THETA_0000::EXTERNALITY_CF_BETA_050::Q0::flat_level,8,0,True,RECOVERABLE_ALLOCATION_EXTERNALITY,0.116688574837,0.116688574837,116.688574837,116.688574837
MR_K05_LOCAL::CLUSTERED_SHORTFALL::THETA_0000::EXTERNALITY_CF_BETA_050::Q0::flat_level,9,0,True,RECOVERABLE_ALLOCATION_EXTERNALITY,0.0799723058352,0.0799723058352,79.9723058352,79.9723058352
MR_K05_LOCAL::CLUSTERED_SHORTFALL::THETA_0000::EXTERNALITY_CF_BETA_050::Q0::flat_level,10,0,True,RECOVERABLE_ALLOCATION_EXTERNALITY,0.137518127898,0.137518127898,137.518127898,137.518127898
MR_K05_LOCAL::CLUSTERED_SHORTFALL::THETA_0000::EXTERNALITY_CF_BETA_050::Q0::flat_level,11,0,True,RECOVERABLE_ALLOCATION_EXTERNALITY,0.0937037461629,0.0937037461629,93.7037461629,93.7037461629
MR_K05_LOCAL::CLUSTERED_SHORTFALL::THETA_0000::EXTERNALITY_CF_BETA_050::Q0::flat_level,12,0,True,RECOVERABLE_ALLOCATION_EXTERNALITY,0.122097783963,0.122097783963,122.097783963,122.097783963
MR_K05_LOCAL::CLUSTERED_SHORTFALL::THETA_0000::EXTERNALITY_CF_BETA_050::Q0::flat_level,13,0,True,RECOVERABLE_ALLOCATION_EXTERNALITY,0.0533033863591,0.0533033863591,53.3033863591,53.3033863591
MR_K05_LOCAL::CLUSTERED_SHORTFALL::THETA_0000::EXTERNALITY_CF_BETA_050::Q0::flat_level,14,0,True,RECOVERABLE_ALLOCATION_EXTERNALITY,0.0982675177613,0.0982675177613,98.2675177613,98.2675177613
MR_K05_LOCAL::CLUSTERED_SHORTFALL::THETA_0000::EXTERNALITY_CF_BETA_050::Q0::flat_level,15,0,True,RECOVERABLE_ALLOCATION_EXTERNALITY,0.0608438805488,0.0608438805488,60.8438805488,60.8438805488
MR_K05_LOCAL::CLUSTERED_SHORTFALL::THETA_0000::EXTERNALITY_CF_BETA_050::Q0::flat_level,16,0,True,RECOVERABLE_ALLOCATION_EXTERNALITY,0.106062174592,0.106062174592,106.062174592,106.062174592
MR_K05_LOCAL::CLUSTERED_SHORTFALL::THETA_0000::EXTERNALITY_CF_BETA_050::Q0::max_export_lp,1,0,True,RECOVERABLE_ALLOCATION_EXTERNALITY,0.0573502696747,0.0573502696752,57.3502696747,57.3502696752
MR_K05_LOCAL::CLUSTERED_SHORTFALL::THETA_0000::EXTERNALITY_CF_BETA_050::Q0::max_export_lp,2,0,True,RECOVERABLE_ALLOCATION_EXTERNALITY,0.0358482980018,0.0358482980018,35.8482980018,35.8482980018
MR_K05_LOCAL::CLUSTERED_SHORTFALL::THETA_0000::EXTERNALITY_CF_BETA_050::Q0::max_export_lp,3,0,True,RECOVERABLE_ALLOCATION_EXTERNALITY,0.0190680976901,0.0190680976902,19.0680976901,19.0680976902
MR_K05_LOCAL::CLUSTERED_SHORTFALL::THETA_0000::EXTERNALITY_CF_BETA_050::Q0::max_export_lp,4,0,True,RECOVERABLE_ALLOCATION_EXTERNALITY,0.0346681148232,0.0346681148234,34.6681148232,34.6681148234
MR_K05_LOCAL::CLUSTERED_SHORTFALL::THETA_0000::EXTERNALITY_CF_BETA_050::Q0::max_export_lp,5,0,True,RECOVERABLE_ALLOCATION_EXTERNALITY,0.0446603586959,0.0446603586959,44.6603586959,44.6603586959
MR_K05_LOCAL::CLUSTERED_SHORTFALL::THETA_0000::EXTERNALITY_CF_BETA_050::Q0::max_export_lp,6,0,True,RECOVERABLE_ALLOCATION_EXTERNALITY,0.0572908172312,0.0572908172312,57.2908172312,57.2908172312
MR_K05_LOCAL::CLUSTERED_SHORTFALL::THETA_0000::EXTERNALITY_CF_BETA_050::Q0::max_export_lp,7,0,True,RECOVERABLE_ALLOCATION_EXTERNALITY,0.0317890336423,0.0317890336442,31.7890336423,31.7890336442
MR_K05_LOCAL::CLUSTERED_SHORTFALL::THETA_0000::EXTERNALITY_CF_BETA_050::Q0::max_export_lp,8,0,True,RECOVERABLE_ALLOCATION_EXTERNALITY,0.0166395610643,0.0166395610648,16.6395610643,16.6395610648
MR_K05_LOCAL::CLUSTERED_SHORTFALL::THETA_0000::EXTERNALITY_CF_BETA_050::Q0::max_export_lp,9,0,True,RECOVERABLE_ALLOCATION_EXTERNALITY,0.0203673562592,0.0203673562592,20.3673562592,20.3673562592
MR_K05_LOCAL::CLUSTERED_SHORTFALL::THETA_0000::EXTERNALITY_CF_BETA_050::Q0::max_export_lp,10,0,True,RECOVERABLE_ALLOCATION_EXTERNALITY,0.0182783414906,0.0182783414913,18.2783414906,18.2783414913
MR_K05_LOCAL::CLUSTERED_SHORTFALL::THETA_0000::EXTERNALITY_CF_BETA_050::Q0::max_export_lp,11,0,True,RECOVERABLE_ALLOCATION_EXTERNALITY,0.0258122134138,0.0258122134138,25.8122134138,25.8122134138
MR_K05_LOCAL::CLUSTERED_SHORTFALL::THETA_0000::EXTERNALITY_CF_BETA_050::Q0::max_export_lp,12,0,True,RECOVERABLE_ALLOCATION_EXTERNALITY,0.0254342263132,0.0254342263133,25.4342263132,25.4342263133
MR_K05_LOCAL::CLUSTERED_SHORTFALL::THETA_0000::EXTERNALITY_CF_BETA_050::Q0::max_export_lp,13,0,True,RECOVERABLE_ALLOCATION_EXTERNALITY,0.039761489602,0.0397614896021,39.761489602,39.7614896021
MR_K05_LOCAL::CLUSTERED_SHORTFALL::THETA_0000::EXTERNALITY_CF_BETA_050::Q0::max_export_lp,14,0,True,RECOVERABLE_ALLOCATION_EXTERNALITY,0.0394928794959,0.0394928794969,39.4928794959,39.4928794969
MR_K05_LOCAL::CLUSTERED_SHORTFALL::THETA_0000::EXTERNALITY_CF_BETA_050::Q0::max_export_lp,15,0,True,RECOVERABLE_ALLOCATION_EXTERNALITY,0.0419082385285,0.0419082385287,41.9082385285,41.9082385287
MR_K05_LOCAL::CLUSTERED_SHORTFALL::THETA_0000::EXTERNALITY_CF_BETA_050::Q0::max_export_lp,16,0,True,RECOVERABLE_ALLOCATION_EXTERNALITY,0.0327178542409,0.0327178542409,32.7178542409,32.7178542409
MR_K05_LOCAL::CLUSTERED_SHORTFALL::THETA_0000::EXTERNALITY_CF_BETA_050::Q0::fairness_qp,1,0,True,RECOVERABLE_ALLOCATION_EXTERNALITY,0.0347626714981,0.0582520240713,34.7626714981,58.2520240713
MR_K05_LOCAL::CLUSTERED_SHORTFALL::THETA_0000::EXTERNALITY_CF_BETA_050::Q0::fairness_qp,2,0,True,RECOVERABLE_ALLOCATION_EXTERNALITY,0.0262113031731,0.0450308493359,26.2113031731,45.0308493359
MR_K05_LOCAL::CLUSTERED_SHORTFALL::THETA_0000::EXTERNALITY_CF_BETA_050::Q0::fairness_qp,3,0,True,RECOVERABLE_ALLOCATION_EXTERNALITY,0.0245736434595,0.0427565108576,24.5736434595,42.7565108576
MR_K05_LOCAL::CLUSTERED_SHORTFALL::THETA_0000::EXTERNALITY_CF_BETA_050::Q0::fairness_qp,4,0,True,RECOVERABLE_ALLOCATION_EXTERNALITY,0.0284262329129,0.0324314438264,28.4262329129,32.4314438264
MR_K05_LOCAL::CLUSTERED_SHORTFALL::THETA_0000::EXTERNALITY_CF_BETA_050::Q0::fairness_qp,5,0,True,RECOVERABLE_ALLOCATION_EXTERNALITY,0.0254958254542,0.0421991015599,25.4958254542,42.1991015599
MR_K05_LOCAL::CLUSTERED_SHORTFALL::THETA_0000::EXTERNALITY_CF_BETA_050::Q0::fairness_qp,6,0,True,RECOVERABLE_ALLOCATION_EXTERNALITY,0.0451189987694,0.0573368429008,45.1189987694,57.3368429008
MR_K05_LOCAL::CLUSTERED_SHORTFALL::THETA_0000::EXTERNALITY_CF_BETA_050::Q0::fairness_qp,7,0,True,RECOVERABLE_ALLOCATION_EXTERNALITY,0.0267905613116,0.0353907021855,26.7905613116,35.3907021855
MR_K05_LOCAL::CLUSTERED_SHORTFALL::THETA_0000::EXTERNALITY_CF_BETA_050::Q0::fairness_qp,8,0,True,RECOVERABLE_ALLOCATION_EXTERNALITY,0.0224213607197,0.0410844017996,22.4213607197,41.0844017996
MR_K05_LOCAL::CLUSTERED_SHORTFALL::THETA_0000::EXTERNALITY_CF_BETA_050::Q0::fairness_qp,9,0,True,RECOVERABLE_ALLOCATION_EXTERNALITY,0.0217838961627,0.0416704198778,21.7838961627,41.6704198778
MR_K05_LOCAL::CLUSTERED_SHORTFALL::THETA_0000::EXTERNALITY_CF_BETA_050::Q0::fairness_qp,10,0,True,RECOVERABLE_ALLOCATION_EXTERNALITY,0.0302678461952,0.0407038150859,30.2678461952,40.7038150859
MR_K05_LOCAL::CLUSTERED_SHORTFALL::THETA_0000::EXTERNALITY_CF_BETA_050::Q0::fairness_qp,11,0,True,RECOVERABLE_ALLOCATION_EXTERNALITY,0.0162672038238,0.0307576076004,16.2672038238,30.7576076004
MR_K05_LOCAL::CLUSTERED_SHORTFALL::THETA_0000::EXTERNALITY_CF_BETA_050::Q0::fairness_qp,12,0,True,RECOVERABLE_ALLOCATION_EXTERNALITY,0.0182117768537,0.0397610944991,18.2117768537,39.7610944991
MR_K05_LOCAL::CLUSTERED_SHORTFALL::THETA_0000::EXTERNALITY_CF_BETA_050::Q0::fairness_qp,13,0,True,RECOVERABLE_ALLOCATION_EXTERNALITY,0.0204299115965,0.0388299560822,20.4299115965,38.8299560822
MR_K05_LOCAL::CLUSTERED_SHORTFALL::THETA_0000::EXTERNALITY_CF_BETA_050::Q0::fairness_qp,14,0,True,RECOVERABLE_ALLOCATION_EXTERNALITY,0.0107027359919,0.0310510391954,10.7027359919,31.0510391954
MR_K05_LOCAL::CLUSTERED_SHORTFALL::THETA_0000::EXTERNALITY_CF_BETA_050::Q0::fairness_qp,15,0,True,RECOVERABLE_ALLOCATION_EXTERNALITY,0.0110588504747,0.033305654574,11.0588504747,33.305654574
MR_K05_LOCAL::CLUSTERED_SHORTFALL::THETA_0000::EXTERNALITY_CF_BETA_050::Q0::fairness_qp,16,0,True,RECOVERABLE_ALLOCATION_EXTERNALITY,0.009055052706,0.028600181326,9.055052706,28.600181326
MR_K05_LOCAL::CLUSTERED_SHORTFALL::THETA_0000::EXTERNALITY_CF_BETA_050::Q95::weighted_proportional,1,0,True,RECOVERABLE_ALLOCATION_EXTERNALITY,0.0878939048643,0.127871569381,87.8939048643,127.871569381
MR_K05_LOCAL::CLUSTERED_SHORTFALL::THETA_0000::EXTERNALITY_CF_BETA_050::Q95::weighted_proportional,2,0,True,RECOVERABLE_ALLOCATION_EXTERNALITY,0.0338363549097,0.0732134742424,33.8363549097,73.2134742424
MR_K05_LOCAL::CLUSTERED_SHORTFALL::THETA_0000::EXTERNALITY_CF_BETA_050::Q95::weighted_proportional,3,0,True,RECOVERABLE_ALLOCATION_EXTERNALITY,0.0321256337684,0.0530148207607,32.1256337684,53.0148207607
MR_K05_LOCAL::CLUSTERED_SHORTFALL::THETA_0000::EXTERNALITY_CF_BETA_050::Q95::weighted_proportional,4,0,True,RECOVERABLE_ALLOCATION_EXTERNALITY,0.039958955275,0.0720345374538,39.958955275,72.0345374538
MR_K05_LOCAL::CLUSTERED_SHORTFALL::THETA_0000::EXTERNALITY_CF_BETA_050::Q95::weighted_proportional,5,0,False,NO_NET_DELIVERY_RECOVERY,-0.0100195520656,0.051064457121,-10.0195520656,51.064457121
MR_K05_LOCAL::CLUSTERED_SHORTFALL::THETA_0000::EXTERNALITY_CF_BETA_050::Q95::weighted_proportional,6,0,False,NO_NET_DELIVERY_RECOVERY,-0.0141535409745,0.0649468105323,-14.1535409745,64.9468105323
MR_K05_LOCAL::CLUSTERED_SHORTFALL::THETA_0000::EXTERNALITY_CF_BETA_050::Q95::weighted_proportional,7,0,False,NO_NET_DELIVERY_RECOVERY,-0.00706470368551,0.0705300188536,-7.06470368551,70.5300188536
MR_K05_LOCAL::CLUSTERED_SHORTFALL::THETA_0000::EXTERNALITY_CF_BETA_050::Q95::weighted_proportional,8,0,True,RECOVERABLE_ALLOCATION_EXTERNALITY,0.00740431668222,0.0820581209145,7.40431668222,82.0581209145
MR_K05_LOCAL::CLUSTERED_SHORTFALL::THETA_0000::EXTERNALITY_CF_BETA_050::Q95::weighted_proportional,9,0,True,RECOVERABLE_ALLOCATION_EXTERNALITY,0.0102098040683,0.0633456738532,10.2098040683,63.3456738532
MR_K05_LOCAL::CLUSTERED_SHORTFALL::THETA_0000::EXTERNALITY_CF_BETA_050::Q95::weighted_proportional,10,0,True,RECOVERABLE_ALLOCATION_EXTERNALITY,0.0498768901533,0.0641170389066,49.8768901533,64.1170389066
MR_K05_LOCAL::CLUSTERED_SHORTFALL::THETA_0000::EXTERNALITY_CF_BETA_050::Q95::weighted_proportional,11,0,True,RECOVERABLE_ALLOCATION_EXTERNALITY,0.0524455440204,0.0722193704353,52.4455440204,72.2193704353
MR_K05_LOCAL::CLUSTERED_SHORTFALL::THETA_0000::EXTERNALITY_CF_BETA_050::Q95::weighted_proportional,12,0,True,RECOVERABLE_ALLOCATION_EXTERNALITY,0.0247989100369,0.0666266372043,24.7989100369,66.6266372043
MR_K05_LOCAL::CLUSTERED_SHORTFALL::THETA_0000::EXTERNALITY_CF_BETA_050::Q95::weighted_proportional,13,0,True,RECOVERABLE_ALLOCATION_EXTERNALITY,0.0395141110493,0.0702907131459,39.5141110493,70.2907131459
MR_K05_LOCAL::CLUSTERED_SHORTFALL::THETA_0000::EXTERNALITY_CF_BETA_050::Q95::weighted_proportional,14,0,True,RECOVERABLE_ALLOCATION_EXTERNALITY,0.00605118511839,0.0554049177903,6.05118511839,55.4049177903
MR_K05_LOCAL::CLUSTERED_SHORTFALL::THETA_0000::EXTERNALITY_CF_BETA_050::Q95::weighted_proportional,15,0,True,RECOVERABLE_ALLOCATION_EXTERNALITY,0.0315726044004,0.0512454128675,31.5726044004,51.2454128675
MR_K05_LOCAL::CLUSTERED_SHORTFALL::THETA_0000::EXTERNALITY_CF_BETA_050::Q95::weighted_proportional,16,0,True,RECOVERABLE_ALLOCATION_EXTERNALITY,0.0120665181258,0.0608798608523,12.0665181258,60.8798608523
MR_K05_LOCAL::CLUSTERED_SHORTFALL::THETA_0000::EXTERNALITY_CF_BETA_050::Q95::equal_kw_reduction,1,0,True,RECOVERABLE_ALLOCATION_EXTERNALITY,0.0412408329561,0.0730121028284,41.2408329561,73.0121028284
MR_K05_LOCAL::CLUSTERED_SHORTFALL::THETA_0000::EXTERNALITY_CF_BETA_050::Q95::equal_kw_reduction,2,0,True,RECOVERABLE_ALLOCATION_EXTERNALITY,0.017674866419,0.0476827044327,17.674866419,47.6827044327
MR_K05_LOCAL::CLUSTERED_SHORTFALL::THETA_0000::EXTERNALITY_CF_BETA_050::Q95::equal_kw_reduction,3,0,True,RECOVERABLE_ALLOCATION_EXTERNALITY,0.0104422428461,0.039234286046,10.4422428461,39.234286046
MR_K05_LOCAL::CLUSTERED_SHORTFALL::THETA_0000::EXTERNALITY_CF_BETA_050::Q95::equal_kw_reduction,4,0,True,RECOVERABLE_ALLOCATION_EXTERNALITY,0.0121662794494,0.032356414981,12.1662794494,32.356414981
MR_K05_LOCAL::CLUSTERED_SHORTFALL::THETA_0000::EXTERNALITY_CF_BETA_050::Q95::equal_kw_reduction,5,0,True,RECOVERABLE_ALLOCATION_EXTERNALITY,0.0100956061076,0.0389390695327,10.0956061076,38.9390695327
MR_K05_LOCAL::CLUSTERED_SHORTFALL::THETA_0000::EXTERNALITY_CF_BETA_050::Q95::equal_kw_reduction,6,0,True,RECOVERABLE_ALLOCATION_EXTERNALITY,0.0208910791615,0.0437456369504,20.8910791615,43.7456369504
MR_K05_LOCAL::CLUSTERED_SHORTFALL::THETA_0000::EXTERNALITY_CF_BETA_050::Q95::equal_kw_reduction,7,0,True,RECOVERABLE_ALLOCATION_EXTERNALITY,0.00838998892473,0.0402346383284,8.38998892473,40.2346383284
MR_K05_LOCAL::CLUSTERED_SHORTFALL::THETA_0000::EXTERNALITY_CF_BETA_050::Q95::equal_kw_reduction,8,0,True,RECOVERABLE_ALLOCATION_EXTERNALITY,0.0155158789935,0.0384360840062,15.5158789935,38.4360840062
MR_K05_LOCAL::CLUSTERED_SHORTFALL::THETA_0000::EXTERNALITY_CF_BETA_050::Q95::equal_kw_reduction,9,0,True,RECOVERABLE_ALLOCATION_EXTERNALITY,0.00771225225745,0.0290216508456,7.71225225745,29.0216508456
MR_K05_LOCAL::CLUSTERED_SHORTFALL::THETA_0000::EXTERNALITY_CF_BETA_050::Q95::equal_kw_reduction,10,0,True,RECOVERABLE_ALLOCATION_EXTERNALITY,0.0167185715959,0.0357098580331,16.7185715959,35.7098580331
MR_K05_LOCAL::CLUSTERED_SHORTFALL::THETA_0000::EXTERNALITY_CF_BETA_050::Q95::equal_kw_reduction,11,0,True,RECOVERABLE_ALLOCATION_EXTERNALITY,0.00991163344914,0.0352769893159,9.91163344914,35.2769893159
MR_K05_LOCAL::CLUSTERED_SHORTFALL::THETA_0000::EXTERNALITY_CF_BETA_050::Q95::equal_kw_reduction,12,0,True,RECOVERABLE_ALLOCATION_EXTERNALITY,0.0185098105784,0.0421310419056,18.5098105784,42.1310419056
MR_K05_LOCAL::CLUSTERED_SHORTFALL::THETA_0000::EXTERNALITY_CF_BETA_050::Q95::equal_kw_reduction,13,0,True,RECOVERABLE_ALLOCATION_EXTERNALITY,0.0172089657766,0.0473570334901,17.2089657766,47.3570334901
MR_K05_LOCAL::CLUSTERED_SHORTFALL::THETA_0000::EXTERNALITY_CF_BETA_050::Q95::equal_kw_reduction,14,0,True,RECOVERABLE_ALLOCATION_EXTERNALITY,0.0117590130303,0.0368441127892,11.7590130303,36.8441127892
MR_K05_LOCAL::CLUSTERED_SHORTFALL::THETA_0000::EXTERNALITY_CF_BETA_050::Q95::equal_kw_reduction,15,0,True,RECOVERABLE_ALLOCATION_EXTERNALITY,0.0117813912058,0.0410319368556,11.7813912058,41.0319368556
MR_K05_LOCAL::CLUSTERED_SHORTFALL::THETA_0000::EXTERNALITY_CF_BETA_050::Q95::equal_kw_reduction,16,0,True,RECOVERABLE_ALLOCATION_EXTERNALITY,0.0178579085011,0.0428002223844,17.8579085011,42.8002223844
MR_K05_LOCAL::CLUSTERED_SHORTFALL::THETA_0000::EXTERNALITY_CF_BETA_050::Q95::flat_level,1,0,True,RECOVERABLE_ALLOCATION_EXTERNALITY,0.239301574344,0.239301574344,239.301574344,239.301574344
MR_K05_LOCAL::CLUSTERED_SHORTFALL::THETA_0000::EXTERNALITY_CF_BETA_050::Q95::flat_level,2,0,True,RECOVERABLE_ALLOCATION_EXTERNALITY,0.184652212251,0.184652212251,184.652212251,184.652212251
MR_K05_LOCAL::CLUSTERED_SHORTFALL::THETA_0000::EXTERNALITY_CF_BETA_050::Q95::flat_level,3,0,True,RECOVERABLE_ALLOCATION_EXTERNALITY,0.136886152861,0.136886152861,136.886152861,136.886152861
MR_K05_LOCAL::CLUSTERED_SHORTFALL::THETA_0000::EXTERNALITY_CF_BETA_050::Q95::flat_level,4,0,True,RECOVERABLE_ALLOCATION_EXTERNALITY,0.0757826707356,0.0757826707356,75.7826707356,75.7826707356
MR_K05_LOCAL::CLUSTERED_SHORTFALL::THETA_0000::EXTERNALITY_CF_BETA_050::Q95::flat_level,5,0,True,RECOVERABLE_ALLOCATION_EXTERNALITY,0.0616449337461,0.0616449337461,61.6449337461,61.6449337461
MR_K05_LOCAL::CLUSTERED_SHORTFALL::THETA_0000::EXTERNALITY_CF_BETA_050::Q95::flat_level,6,0,True,RECOVERABLE_ALLOCATION_EXTERNALITY,0.0102787791448,0.0102787791448,10.2787791448,10.2787791448
MR_K05_LOCAL::CLUSTERED_SHORTFALL::THETA_0000::EXTERNALITY_CF_BETA_050::Q95::flat_level,7,0,True,RECOVERABLE_ALLOCATION_EXTERNALITY,0.097063569271,0.097063569271,97.063569271,97.063569271
MR_K05_LOCAL::CLUSTERED_SHORTFALL::THETA_0000::EXTERNALITY_CF_BETA_050::Q95::flat_level,8,0,True,RECOVERABLE_ALLOCATION_EXTERNALITY,0.116688574837,0.116688574837,116.688574837,116.688574837
MR_K05_LOCAL::CLUSTERED_SHORTFALL::THETA_0000::EXTERNALITY_CF_BETA_050::Q95::flat_level,9,0,True,RECOVERABLE_ALLOCATION_EXTERNALITY,0.0799723058352,0.0799723058352,79.9723058352,79.9723058352
MR_K05_LOCAL::CLUSTERED_SHORTFALL::THETA_0000::EXTERNALITY_CF_BETA_050::Q95::flat_level,10,0,True,RECOVERABLE_ALLOCATION_EXTERNALITY,0.137518127898,0.137518127898,137.518127898,137.518127898
MR_K05_LOCAL::CLUSTERED_SHORTFALL::THETA_0000::EXTERNALITY_CF_BETA_050::Q95::flat_level,11,0,True,RECOVERABLE_ALLOCATION_EXTERNALITY,0.0937037461629,0.0937037461629,93.7037461629,93.7037461629
MR_K05_LOCAL::CLUSTERED_SHORTFALL::THETA_0000::EXTERNALITY_CF_BETA_050::Q95::flat_level,12,0,True,RECOVERABLE_ALLOCATION_EXTERNALITY,0.122097783963,0.122097783963,122.097783963,122.097783963
MR_K05_LOCAL::CLUSTERED_SHORTFALL::THETA_0000::EXTERNALITY_CF_BETA_050::Q95::flat_level,13,0,True,RECOVERABLE_ALLOCATION_EXTERNALITY,0.0533033863591,0.0533033863591,53.3033863591,53.3033863591
MR_K05_LOCAL::CLUSTERED_SHORTFALL::THETA_0000::EXTERNALITY_CF_BETA_050::Q95::flat_level,14,0,True,RECOVERABLE_ALLOCATION_EXTERNALITY,0.0982675177613,0.0982675177613,98.2675177613,98.2675177613
MR_K05_LOCAL::CLUSTERED_SHORTFALL::THETA_0000::EXTERNALITY_CF_BETA_050::Q95::flat_level,15,0,True,RECOVERABLE_ALLOCATION_EXTERNALITY,0.0608438805488,0.0608438805488,60.8438805488,60.8438805488
MR_K05_LOCAL::CLUSTERED_SHORTFALL::THETA_0000::EXTERNALITY_CF_BETA_050::Q95::flat_level,16,0,True,RECOVERABLE_ALLOCATION_EXTERNALITY,0.106062174592,0.106062174592,106.062174592,106.062174592
MR_K05_LOCAL::CLUSTERED_SHORTFALL::THETA_0000::EXTERNALITY_CF_BETA_050::Q95::max_export_lp,1,0,True,RECOVERABLE_ALLOCATION_EXTERNALITY,0.0573503627802,0.0573503627802,57.3503627802,57.3503627802
MR_K05_LOCAL::CLUSTERED_SHORTFALL::THETA_0000::EXTERNALITY_CF_BETA_050::Q95::max_export_lp,2,0,True,RECOVERABLE_ALLOCATION_EXTERNALITY,0.0358482522339,0.0358482522352,35.8482522339,35.8482522352
MR_K05_LOCAL::CLUSTERED_SHORTFALL::THETA_0000::EXTERNALITY_CF_BETA_050::Q95::max_export_lp,3,0,True,RECOVERABLE_ALLOCATION_EXTERNALITY,0.0190681285518,0.019068128552,19.0681285518,19.068128552
MR_K05_LOCAL::CLUSTERED_SHORTFALL::THETA_0000::EXTERNALITY_CF_BETA_050::Q95::max_export_lp,4,0,True,RECOVERABLE_ALLOCATION_EXTERNALITY,0.0346684256467,0.0346684256467,34.6684256467,34.6684256467
MR_K05_LOCAL::CLUSTERED_SHORTFALL::THETA_0000::EXTERNALITY_CF_BETA_050::Q95::max_export_lp,5,0,True,RECOVERABLE_ALLOCATION_EXTERNALITY,0.044660345804,0.044660345804,44.660345804,44.660345804
MR_K05_LOCAL::CLUSTERED_SHORTFALL::THETA_0000::EXTERNALITY_CF_BETA_050::Q95::max_export_lp,6,0,True,RECOVERABLE_ALLOCATION_EXTERNALITY,0.0572908167871,0.057290816789,57.2908167871,57.290816789
MR_K05_LOCAL::CLUSTERED_SHORTFALL::THETA_0000::EXTERNALITY_CF_BETA_050::Q95::max_export_lp,7,0,True,RECOVERABLE_ALLOCATION_EXTERNALITY,0.0317890375995,0.0317890375996,31.7890375995,31.7890375996
MR_K05_LOCAL::CLUSTERED_SHORTFALL::THETA_0000::EXTERNALITY_CF_BETA_050::Q95::max_export_lp,8,0,True,RECOVERABLE_ALLOCATION_EXTERNALITY,0.0166395363373,0.0166395363374,16.6395363373,16.6395363374
MR_K05_LOCAL::CLUSTERED_SHORTFALL::THETA_0000::EXTERNALITY_CF_BETA_050::Q95::max_export_lp,9,0,True,RECOVERABLE_ALLOCATION_EXTERNALITY,0.0203673302027,0.0203673302036,20.3673302027,20.3673302036
MR_K05_LOCAL::CLUSTERED_SHORTFALL::THETA_0000::EXTERNALITY_CF_BETA_050::Q95::max_export_lp,10,0,True,RECOVERABLE_ALLOCATION_EXTERNALITY,0.0182783472054,0.0182783472065,18.2783472054,18.2783472065
MR_K05_LOCAL::CLUSTERED_SHORTFALL::THETA_0000::EXTERNALITY_CF_BETA_050::Q95::max_export_lp,11,0,True,RECOVERABLE_ALLOCATION_EXTERNALITY,0.025811983142,0.0258119831425,25.811983142,25.8119831425
MR_K05_LOCAL::CLUSTERED_SHORTFALL::THETA_0000::EXTERNALITY_CF_BETA_050::Q95::max_export_lp,12,0,True,RECOVERABLE_ALLOCATION_EXTERNALITY,0.0254342661032,0.0254342661034,25.4342661032,25.4342661034
MR_K05_LOCAL::CLUSTERED_SHORTFALL::THETA_0000::EXTERNALITY_CF_BETA_050::Q95::max_export_lp,13,0,True,RECOVERABLE_ALLOCATION_EXTERNALITY,0.0397614872646,0.0397614872648,39.7614872646,39.7614872648
MR_K05_LOCAL::CLUSTERED_SHORTFALL::THETA_0000::EXTERNALITY_CF_BETA_050::Q95::max_export_lp,14,0,True,RECOVERABLE_ALLOCATION_EXTERNALITY,0.0394928975336,0.0394928975336,39.4928975336,39.4928975336
MR_K05_LOCAL::CLUSTERED_SHORTFALL::THETA_0000::EXTERNALITY_CF_BETA_050::Q95::max_export_lp,15,0,True,RECOVERABLE_ALLOCATION_EXTERNALITY,0.0419082659345,0.0419082659346,41.9082659345,41.9082659346
MR_K05_LOCAL::CLUSTERED_SHORTFALL::THETA_0000::EXTERNALITY_CF_BETA_050::Q95::max_export_lp,16,0,True,RECOVERABLE_ALLOCATION_EXTERNALITY,0.0327178636965,0.0327178636965,32.7178636965,32.7178636965
MR_K05_LOCAL::CLUSTERED_SHORTFALL::THETA_0000::EXTERNALITY_CF_BETA_050::Q95::fairness_qp,1,0,True,RECOVERABLE_ALLOCATION_EXTERNALITY,0.0347626806897,0.058252030341,34.7626806897,58.252030341
MR_K05_LOCAL::CLUSTERED_SHORTFALL::THETA_0000::EXTERNALITY_CF_BETA_050::Q95::fairness_qp,2,0,True,RECOVERABLE_ALLOCATION_EXTERNALITY,0.026211326056,0.0450308755015,26.211326056,45.0308755015
MR_K05_LOCAL::CLUSTERED_SHORTFALL::THETA_0000::EXTERNALITY_CF_BETA_050::Q95::fairness_qp,3,0,True,RECOVERABLE_ALLOCATION_EXTERNALITY,0.0245736531199,0.0427565238303,24.5736531199,42.7565238303
MR_K05_LOCAL::CLUSTERED_SHORTFALL::THETA_0000::EXTERNALITY_CF_BETA_050::Q95::fairness_qp,4,0,True,RECOVERABLE_ALLOCATION_EXTERNALITY,0.0284262326608,0.03243144322,28.4262326608,32.43144322
MR_K05_LOCAL::CLUSTERED_SHORTFALL::THETA_0000::EXTERNALITY_CF_BETA_050::Q95::fairness_qp,5,0,True,RECOVERABLE_ALLOCATION_EXTERNALITY,0.0254958251453,0.0421991012494,25.4958251453,42.1991012494
MR_K05_LOCAL::CLUSTERED_SHORTFALL::THETA_0000::EXTERNALITY_CF_BETA_050::Q95::fairness_qp,6,0,True,RECOVERABLE_ALLOCATION_EXTERNALITY,0.045119002737,0.0573368464476,45.119002737,57.3368464476
MR_K05_LOCAL::CLUSTERED_SHORTFALL::THETA_0000::EXTERNALITY_CF_BETA_050::Q95::fairness_qp,7,0,True,RECOVERABLE_ALLOCATION_EXTERNALITY,0.0267906109181,0.035390747229,26.7906109181,35.390747229
MR_K05_LOCAL::CLUSTERED_SHORTFALL::THETA_0000::EXTERNALITY_CF_BETA_050::Q95::fairness_qp,8,0,True,RECOVERABLE_ALLOCATION_EXTERNALITY,0.0224213570622,0.0410844005048,22.4213570622,41.0844005048
MR_K05_LOCAL::CLUSTERED_SHORTFALL::THETA_0000::EXTERNALITY_CF_BETA_050::Q95::fairness_qp,9,0,True,RECOVERABLE_ALLOCATION_EXTERNALITY,0.0217838946655,0.0416704174021,21.7838946655,41.6704174021
MR_K05_LOCAL::CLUSTERED_SHORTFALL::THETA_0000::EXTERNALITY_CF_BETA_050::Q95::fairness_qp,10,0,True,RECOVERABLE_ALLOCATION_EXTERNALITY,0.030267809476,0.0407037834316,30.267809476,40.7037834316
MR_K05_LOCAL::CLUSTERED_SHORTFALL::THETA_0000::EXTERNALITY_CF_BETA_050::Q95::fairness_qp,11,0,True,RECOVERABLE_ALLOCATION_EXTERNALITY,0.016267271874,0.0307576664626,16.267271874,30.7576664626
MR_K05_LOCAL::CLUSTERED_SHORTFALL::THETA_0000::EXTERNALITY_CF_BETA_050::Q95::fairness_qp,12,0,True,RECOVERABLE_ALLOCATION_EXTERNALITY,0.0182117739726,0.0397610885819,18.2117739726,39.7610885819
MR_K05_LOCAL::CLUSTERED_SHORTFALL::THETA_0000::EXTERNALITY_CF_BETA_050::Q95::fairness_qp,13,0,True,RECOVERABLE_ALLOCATION_EXTERNALITY,0.0204299155736,0.0388299655657,20.4299155736,38.8299655657
MR_K05_LOCAL::CLUSTERED_SHORTFALL::THETA_0000::EXTERNALITY_CF_BETA_050::Q95::fairness_qp,14,0,True,RECOVERABLE_ALLOCATION_EXTERNALITY,0.0107027327263,0.0310510387364,10.7027327263,31.0510387364
MR_K05_LOCAL::CLUSTERED_SHORTFALL::THETA_0000::EXTERNALITY_CF_BETA_050::Q95::fairness_qp,15,0,True,RECOVERABLE_ALLOCATION_EXTERNALITY,0.0110588800471,0.0333056718964,11.0588800471,33.3056718964
MR_K05_LOCAL::CLUSTERED_SHORTFALL::THETA_0000::EXTERNALITY_CF_BETA_050::Q95::fairness_qp,16,0,True,RECOVERABLE_ALLOCATION_EXTERNALITY,0.00905509169549,0.0286002185964,9.05509169549,28.6002185964
MR_K05_LOCAL::CLUSTERED_SHORTFALL::THETA_0100::EXTERNALITY_CF_BETA_050::Q0::weighted_proportional,1,1,True,RECOVERABLE_ALLOCATION_EXTERNALITY,0.0475155932361,0.0878026274318,47.5155932361,87.8026274318
MR_K05_LOCAL::CLUSTERED_SHORTFALL::THETA_0100::EXTERNALITY_CF_BETA_050::Q0::weighted_proportional,2,1,True,RECOVERABLE_ALLOCATION_EXTERNALITY,0.054645514611,0.0907243767485,54.645514611,90.7243767485
MR_K05_LOCAL::CLUSTERED_SHORTFALL::THETA_0100::EXTERNALITY_CF_BETA_050::Q0::weighted_proportional,3,1,True,RECOVERABLE_ALLOCATION_EXTERNALITY,0.0202417164486,0.0400803746868,20.2417164486,40.0803746868
MR_K05_LOCAL::CLUSTERED_SHORTFALL::THETA_0100::EXTERNALITY_CF_BETA_050::Q0::weighted_proportional,4,1,True,RECOVERABLE_ALLOCATION_EXTERNALITY,0.0520913626326,0.0811193712574,52.0913626326,81.1193712574
MR_K05_LOCAL::CLUSTERED_SHORTFALL::THETA_0100::EXTERNALITY_CF_BETA_050::Q0::weighted_proportional,5,1,True,RECOVERABLE_ALLOCATION_EXTERNALITY,0.00648349529377,0.0605873595165,6.48349529377,60.5873595165
MR_K05_LOCAL::CLUSTERED_SHORTFALL::THETA_0100::EXTERNALITY_CF_BETA_050::Q0::weighted_proportional,6,1,True,RECOVERABLE_ALLOCATION_EXTERNALITY,0.014186756963,0.0596766643691,14.186756963,59.6766643691
MR_K05_LOCAL::CLUSTERED_SHORTFALL::THETA_0100::EXTERNALITY_CF_BETA_050::Q0::weighted_proportional,7,1,True,RECOVERABLE_ALLOCATION_EXTERNALITY,0.00287623012392,0.0572260411455,2.87623012392,57.2260411455
MR_K05_LOCAL::CLUSTERED_SHORTFALL::THETA_0100::EXTERNALITY_CF_BETA_050::Q0::weighted_proportional,8,1,True,RECOVERABLE_ALLOCATION_EXTERNALITY,0.0226480564152,0.0635975438761,22.6480564152,63.5975438761
MR_K05_LOCAL::CLUSTERED_SHORTFALL::THETA_0100::EXTERNALITY_CF_BETA_050::Q0::weighted_proportional,9,1,True,RECOVERABLE_ALLOCATION_EXTERNALITY,0.0132112862209,0.0605177109113,13.2112862209,60.5177109113
MR_K05_LOCAL::CLUSTERED_SHORTFALL::THETA_0100::EXTERNALITY_CF_BETA_050::Q0::weighted_proportional,10,1,True,RECOVERABLE_ALLOCATION_EXTERNALITY,0.0413002517547,0.0775086363807,41.3002517547,77.5086363807
MR_K05_LOCAL::CLUSTERED_SHORTFALL::THETA_0100::EXTERNALITY_CF_BETA_050::Q0::weighted_proportional,11,1,True,RECOVERABLE_ALLOCATION_EXTERNALITY,0.0528305294254,0.0697562593294,52.8305294254,69.7562593294
MR_K05_LOCAL::CLUSTERED_SHORTFALL::THETA_0100::EXTERNALITY_CF_BETA_050::Q0::weighted_proportional,12,1,True,RECOVERABLE_ALLOCATION_EXTERNALITY,0.040744811152,0.0647692947976,40.744811152,64.7692947976
MR_K05_LOCAL::CLUSTERED_SHORTFALL::THETA_0100::EXTERNALITY_CF_BETA_050::Q0::weighted_proportional,13,1,True,RECOVERABLE_ALLOCATION_EXTERNALITY,0.0302629860975,0.0717496913225,30.2629860975,71.7496913225
MR_K05_LOCAL::CLUSTERED_SHORTFALL::THETA_0100::EXTERNALITY_CF_BETA_050::Q0::weighted_proportional,14,1,True,RECOVERABLE_ALLOCATION_EXTERNALITY,0.0340157470464,0.0657962440132,34.0157470464,65.7962440132
MR_K05_LOCAL::CLUSTERED_SHORTFALL::THETA_0100::EXTERNALITY_CF_BETA_050::Q0::weighted_proportional,15,1,True,RECOVERABLE_ALLOCATION_EXTERNALITY,0.0261190172465,0.0702991850812,26.1190172465,70.2991850812
MR_K05_LOCAL::CLUSTERED_SHORTFALL::THETA_0100::EXTERNALITY_CF_BETA_050::Q0::weighted_proportional,16,1,True,RECOVERABLE_ALLOCATION_EXTERNALITY,0.0249904003496,0.0584196778969,24.9904003496,58.4196778969
MR_K05_LOCAL::CLUSTERED_SHORTFALL::THETA_0100::EXTERNALITY_CF_BETA_050::Q0::equal_kw_reduction,1,1,True,RECOVERABLE_ALLOCATION_EXTERNALITY,0.0254621268919,0.0534998352943,25.4621268919,53.4998352943
MR_K05_LOCAL::CLUSTERED_SHORTFALL::THETA_0100::EXTERNALITY_CF_BETA_050::Q0::equal_kw_reduction,2,1,True,RECOVERABLE_ALLOCATION_EXTERNALITY,0.0217349853751,0.0484233682716,21.7349853751,48.4233682716
MR_K05_LOCAL::CLUSTERED_SHORTFALL::THETA_0100::EXTERNALITY_CF_BETA_050::Q0::equal_kw_reduction,3,1,True,RECOVERABLE_ALLOCATION_EXTERNALITY,0.00491598794409,0.0240679746367,4.91598794409,24.0679746367
MR_K05_LOCAL::CLUSTERED_SHORTFALL::THETA_0100::EXTERNALITY_CF_BETA_050::Q0::equal_kw_reduction,4,1,True,RECOVERABLE_ALLOCATION_EXTERNALITY,0.0201763233743,0.037577692724,20.1763233743,37.577692724
MR_K05_LOCAL::CLUSTERED_SHORTFALL::THETA_0100::EXTERNALITY_CF_BETA_050::Q0::equal_kw_reduction,5,1,True,RECOVERABLE_ALLOCATION_EXTERNALITY,0.0106048225211,0.0383928196209,10.6048225211,38.3928196209
MR_K05_LOCAL::CLUSTERED_SHORTFALL::THETA_0100::EXTERNALITY_CF_BETA_050::Q0::equal_kw_reduction,6,1,True,RECOVERABLE_ALLOCATION_EXTERNALITY,0.0137687860087,0.0378750363546,13.7687860087,37.8750363546
MR_K05_LOCAL::CLUSTERED_SHORTFALL::THETA_0100::EXTERNALITY_CF_BETA_050::Q0::equal_kw_reduction,7,1,True,RECOVERABLE_ALLOCATION_EXTERNALITY,0.0046556573121,0.0314304269115,4.6556573121,31.4304269115
MR_K05_LOCAL::CLUSTERED_SHORTFALL::THETA_0100::EXTERNALITY_CF_BETA_050::Q0::equal_kw_reduction,8,1,True,RECOVERABLE_ALLOCATION_EXTERNALITY,0.0142032769098,0.0392847344833,14.2032769098,39.2847344833
MR_K05_LOCAL::CLUSTERED_SHORTFALL::THETA_0100::EXTERNALITY_CF_BETA_050::Q0::equal_kw_reduction,9,1,True,RECOVERABLE_ALLOCATION_EXTERNALITY,0.00824412646933,0.0287668679919,8.24412646933,28.7668679919
MR_K05_LOCAL::CLUSTERED_SHORTFALL::THETA_0100::EXTERNALITY_CF_BETA_050::Q0::equal_kw_reduction,10,1,True,RECOVERABLE_ALLOCATION_EXTERNALITY,0.0199999767003,0.0409531843508,19.9999767003,40.9531843508
MR_K05_LOCAL::CLUSTERED_SHORTFALL::THETA_0100::EXTERNALITY_CF_BETA_050::Q0::equal_kw_reduction,11,1,True,RECOVERABLE_ALLOCATION_EXTERNALITY,0.0112197231109,0.0339508918962,11.2197231109,33.9508918962
MR_K05_LOCAL::CLUSTERED_SHORTFALL::THETA_0100::EXTERNALITY_CF_BETA_050::Q0::equal_kw_reduction,12,1,True,RECOVERABLE_ALLOCATION_EXTERNALITY,0.0220577350873,0.039959831939,22.0577350873,39.959831939
MR_K05_LOCAL::CLUSTERED_SHORTFALL::THETA_0100::EXTERNALITY_CF_BETA_050::Q0::equal_kw_reduction,13,1,True,RECOVERABLE_ALLOCATION_EXTERNALITY,0.016557680015,0.0411398370872,16.557680015,41.1398370872
MR_K05_LOCAL::CLUSTERED_SHORTFALL::THETA_0100::EXTERNALITY_CF_BETA_050::Q0::equal_kw_reduction,14,1,True,RECOVERABLE_ALLOCATION_EXTERNALITY,0.0149553539078,0.0365443179283,14.9553539078,36.5443179283
MR_K05_LOCAL::CLUSTERED_SHORTFALL::THETA_0100::EXTERNALITY_CF_BETA_050::Q0::equal_kw_reduction,15,1,True,RECOVERABLE_ALLOCATION_EXTERNALITY,0.009660924201,0.0401910672875,9.660924201,40.1910672875
MR_K05_LOCAL::CLUSTERED_SHORTFALL::THETA_0100::EXTERNALITY_CF_BETA_050::Q0::equal_kw_reduction,16,1,True,RECOVERABLE_ALLOCATION_EXTERNALITY,0.0151191752744,0.0367736758438,15.1191752744,36.7736758438
MR_K05_LOCAL::CLUSTERED_SHORTFALL::THETA_0100::EXTERNALITY_CF_BETA_050::Q0::flat_level,1,1,True,RECOVERABLE_ALLOCATION_EXTERNALITY,0.139214964596,0.139214964596,139.214964596,139.214964596
MR_K05_LOCAL::CLUSTERED_SHORTFALL::THETA_0100::EXTERNALITY_CF_BETA_050::Q0::flat_level,2,1,True,RECOVERABLE_ALLOCATION_EXTERNALITY,0.141707706106,0.141707706106,141.707706106,141.707706106
MR_K05_LOCAL::CLUSTERED_SHORTFALL::THETA_0100::EXTERNALITY_CF_BETA_050::Q0::flat_level,3,1,True,RECOVERABLE_ALLOCATION_EXTERNALITY,0.128067652788,0.128067652788,128.067652788,128.067652788
MR_K05_LOCAL::CLUSTERED_SHORTFALL::THETA_0100::EXTERNALITY_CF_BETA_050::Q0::flat_level,4,1,True,RECOVERABLE_ALLOCATION_EXTERNALITY,0.0734144575311,0.0734144575311,73.4144575311,73.4144575311
MR_K05_LOCAL::CLUSTERED_SHORTFALL::THETA_0100::EXTERNALITY_CF_BETA_050::Q0::flat_level,5,1,True,RECOVERABLE_ALLOCATION_EXTERNALITY,0.0656082216117,0.0656082216117,65.6082216117,65.6082216117
MR_K05_LOCAL::CLUSTERED_SHORTFALL::THETA_0100::EXTERNALITY_CF_BETA_050::Q0::flat_level,6,1,True,RECOVERABLE_ALLOCATION_EXTERNALITY,0.0114330057828,0.0114330057828,11.4330057828,11.4330057828
MR_K05_LOCAL::CLUSTERED_SHORTFALL::THETA_0100::EXTERNALITY_CF_BETA_050::Q0::flat_level,7,1,True,RECOVERABLE_ALLOCATION_EXTERNALITY,0.0690087963595,0.0690087963595,69.0087963595,69.0087963595
MR_K05_LOCAL::CLUSTERED_SHORTFALL::THETA_0100::EXTERNALITY_CF_BETA_050::Q0::flat_level,8,1,True,RECOVERABLE_ALLOCATION_EXTERNALITY,0.0642470387944,0.0642470387944,64.2470387944,64.2470387944
MR_K05_LOCAL::CLUSTERED_SHORTFALL::THETA_0100::EXTERNALITY_CF_BETA_050::Q0::flat_level,9,1,True,RECOVERABLE_ALLOCATION_EXTERNALITY,0.076964859558,0.076964859558,76.964859558,76.964859558
MR_K05_LOCAL::CLUSTERED_SHORTFALL::THETA_0100::EXTERNALITY_CF_BETA_050::Q0::flat_level,10,1,True,RECOVERABLE_ALLOCATION_EXTERNALITY,0.10092427679,0.10092427679,100.92427679,100.92427679
MR_K05_LOCAL::CLUSTERED_SHORTFALL::THETA_0100::EXTERNALITY_CF_BETA_050::Q0::flat_level,11,1,True,RECOVERABLE_ALLOCATION_EXTERNALITY,0.0969456162393,0.0969456162393,96.9456162393,96.9456162393
MR_K05_LOCAL::CLUSTERED_SHORTFALL::THETA_0100::EXTERNALITY_CF_BETA_050::Q0::flat_level,12,1,True,RECOVERABLE_ALLOCATION_EXTERNALITY,0.123576838243,0.123576838243,123.576838243,123.576838243
MR_K05_LOCAL::CLUSTERED_SHORTFALL::THETA_0100::EXTERNALITY_CF_BETA_050::Q0::flat_level,13,1,True,RECOVERABLE_ALLOCATION_EXTERNALITY,0.0806776372909,0.0806776372909,80.6776372909,80.6776372909
MR_K05_LOCAL::CLUSTERED_SHORTFALL::THETA_0100::EXTERNALITY_CF_BETA_050::Q0::flat_level,14,1,True,RECOVERABLE_ALLOCATION_EXTERNALITY,0.110183089363,0.110183089363,110.183089363,110.183089363
MR_K05_LOCAL::CLUSTERED_SHORTFALL::THETA_0100::EXTERNALITY_CF_BETA_050::Q0::flat_level,15,1,True,RECOVERABLE_ALLOCATION_EXTERNALITY,0.0756350154776,0.0756350154776,75.6350154776,75.6350154776
MR_K05_LOCAL::CLUSTERED_SHORTFALL::THETA_0100::EXTERNALITY_CF_BETA_050::Q0::flat_level,16,1,True,RECOVERABLE_ALLOCATION_EXTERNALITY,0.0927395910917,0.0927395910917,92.7395910917,92.7395910917
MR_K05_LOCAL::CLUSTERED_SHORTFALL::THETA_0100::EXTERNALITY_CF_BETA_050::Q0::max_export_lp,1,1,True,RECOVERABLE_ALLOCATION_EXTERNALITY,0.0434112656752,0.0434112656752,43.4112656752,43.4112656752
MR_K05_LOCAL::CLUSTERED_SHORTFALL::THETA_0100::EXTERNALITY_CF_BETA_050::Q0::max_export_lp,2,1,True,RECOVERABLE_ALLOCATION_EXTERNALITY,0.0418363215743,0.0418363215744,41.8363215743,41.8363215744
MR_K05_LOCAL::CLUSTERED_SHORTFALL::THETA_0100::EXTERNALITY_CF_BETA_050::Q0::max_export_lp,3,1,True,RECOVERABLE_ALLOCATION_EXTERNALITY,0.0195828795035,0.0195828795035,19.5828795035,19.5828795035
MR_K05_LOCAL::CLUSTERED_SHORTFALL::THETA_0100::EXTERNALITY_CF_BETA_050::Q0::max_export_lp,4,1,True,RECOVERABLE_ALLOCATION_EXTERNALITY,0.0350626634214,0.0350626634215,35.0626634214,35.0626634215
MR_K05_LOCAL::CLUSTERED_SHORTFALL::THETA_0100::EXTERNALITY_CF_BETA_050::Q0::max_export_lp,5,1,True,RECOVERABLE_ALLOCATION_EXTERNALITY,0.0388682442728,0.0388682442978,38.8682442728,38.8682442978
MR_K05_LOCAL::CLUSTERED_SHORTFALL::THETA_0100::EXTERNALITY_CF_BETA_050::Q0::max_export_lp,6,1,True,RECOVERABLE_ALLOCATION_EXTERNALITY,0.0417883995066,0.0417883995074,41.7883995066,41.7883995074
MR_K05_LOCAL::CLUSTERED_SHORTFALL::THETA_0100::EXTERNALITY_CF_BETA_050::Q0::max_export_lp,7,1,True,RECOVERABLE_ALLOCATION_EXTERNALITY,0.0323404344319,0.0323404344327,32.3404344319,32.3404344327
MR_K05_LOCAL::CLUSTERED_SHORTFALL::THETA_0100::EXTERNALITY_CF_BETA_050::Q0::max_export_lp,8,1,True,RECOVERABLE_ALLOCATION_EXTERNALITY,0.0166728192401,0.0166728192407,16.6728192401,16.6728192407
MR_K05_LOCAL::CLUSTERED_SHORTFALL::THETA_0100::EXTERNALITY_CF_BETA_050::Q0::max_export_lp,9,1,True,RECOVERABLE_ALLOCATION_EXTERNALITY,0.0203780419576,0.0203780419598,20.3780419576,20.3780419598
MR_K05_LOCAL::CLUSTERED_SHORTFALL::THETA_0100::EXTERNALITY_CF_BETA_050::Q0::max_export_lp,10,1,True,RECOVERABLE_ALLOCATION_EXTERNALITY,0.0183962804314,0.0183962804314,18.3962804314,18.3962804314
MR_K05_LOCAL::CLUSTERED_SHORTFALL::THETA_0100::EXTERNALITY_CF_BETA_050::Q0::max_export_lp,11,1,True,RECOVERABLE_ALLOCATION_EXTERNALITY,0.0267330871023,0.0267330871043,26.7330871023,26.7330871043
MR_K05_LOCAL::CLUSTERED_SHORTFALL::THETA_0100::EXTERNALITY_CF_BETA_050::Q0::max_export_lp,12,1,True,RECOVERABLE_ALLOCATION_EXTERNALITY,0.0292741605489,0.0292741605493,29.2741605489,29.2741605493
MR_K05_LOCAL::CLUSTERED_SHORTFALL::THETA_0100::EXTERNALITY_CF_BETA_050::Q0::max_export_lp,13,1,True,RECOVERABLE_ALLOCATION_EXTERNALITY,0.0388220535134,0.0388220535159,38.8220535134,38.8220535159
MR_K05_LOCAL::CLUSTERED_SHORTFALL::THETA_0100::EXTERNALITY_CF_BETA_050::Q0::max_export_lp,14,1,True,RECOVERABLE_ALLOCATION_EXTERNALITY,0.0385693461499,0.0385693461504,38.5693461499,38.5693461504
MR_K05_LOCAL::CLUSTERED_SHORTFALL::THETA_0100::EXTERNALITY_CF_BETA_050::Q0::max_export_lp,15,1,True,RECOVERABLE_ALLOCATION_EXTERNALITY,0.029527526073,0.0295275260731,29.527526073,29.5275260731
MR_K05_LOCAL::CLUSTERED_SHORTFALL::THETA_0100::EXTERNALITY_CF_BETA_050::Q0::max_export_lp,16,1,True,RECOVERABLE_ALLOCATION_EXTERNALITY,0.0334232834014,0.0334232834014,33.4232834014,33.4232834014
MR_K05_LOCAL::CLUSTERED_SHORTFALL::THETA_0100::EXTERNALITY_CF_BETA_050::Q0::fairness_qp,1,1,True,RECOVERABLE_ALLOCATION_EXTERNALITY,0.0218797820709,0.0454463625597,21.8797820709,45.4463625597
MR_K05_LOCAL::CLUSTERED_SHORTFALL::THETA_0100::EXTERNALITY_CF_BETA_050::Q0::fairness_qp,2,1,True,RECOVERABLE_ALLOCATION_EXTERNALITY,0.0230731737264,0.0402688194862,23.0731737264,40.2688194862
MR_K05_LOCAL::CLUSTERED_SHORTFALL::THETA_0100::EXTERNALITY_CF_BETA_050::Q0::fairness_qp,3,1,True,RECOVERABLE_ALLOCATION_EXTERNALITY,0.0241661491695,0.0366085018694,24.1661491695,36.6085018694
MR_K05_LOCAL::CLUSTERED_SHORTFALL::THETA_0100::EXTERNALITY_CF_BETA_050::Q0::fairness_qp,4,1,True,RECOVERABLE_ALLOCATION_EXTERNALITY,0.0299646804397,0.0446746385989,29.9646804397,44.6746385989
MR_K05_LOCAL::CLUSTERED_SHORTFALL::THETA_0100::EXTERNALITY_CF_BETA_050::Q0::fairness_qp,5,1,True,RECOVERABLE_ALLOCATION_EXTERNALITY,0.0276489151237,0.0422207584996,27.6489151237,42.2207584996
MR_K05_LOCAL::CLUSTERED_SHORTFALL::THETA_0100::EXTERNALITY_CF_BETA_050::Q0::fairness_qp,6,1,True,RECOVERABLE_ALLOCATION_EXTERNALITY,0.0326781372405,0.0434897736571,32.6781372405,43.4897736571
MR_K05_LOCAL::CLUSTERED_SHORTFALL::THETA_0100::EXTERNALITY_CF_BETA_050::Q0::fairness_qp,7,1,True,RECOVERABLE_ALLOCATION_EXTERNALITY,0.0286136606403,0.0371012725528,28.6136606403,37.1012725528
MR_K05_LOCAL::CLUSTERED_SHORTFALL::THETA_0100::EXTERNALITY_CF_BETA_050::Q0::fairness_qp,8,1,True,RECOVERABLE_ALLOCATION_EXTERNALITY,0.0235160264542,0.0376031345189,23.5160264542,37.6031345189
MR_K05_LOCAL::CLUSTERED_SHORTFALL::THETA_0100::EXTERNALITY_CF_BETA_050::Q0::fairness_qp,9,1,True,RECOVERABLE_ALLOCATION_EXTERNALITY,0.0227634580596,0.0425276122465,22.7634580596,42.5276122465
MR_K05_LOCAL::CLUSTERED_SHORTFALL::THETA_0100::EXTERNALITY_CF_BETA_050::Q0::fairness_qp,10,1,True,RECOVERABLE_ALLOCATION_EXTERNALITY,0.0309314394945,0.0407957504114,30.9314394945,40.7957504114
MR_K05_LOCAL::CLUSTERED_SHORTFALL::THETA_0100::EXTERNALITY_CF_BETA_050::Q0::fairness_qp,11,1,True,RECOVERABLE_ALLOCATION_EXTERNALITY,0.0165706547998,0.0300777557558,16.5706547998,30.0777557558
MR_K05_LOCAL::CLUSTERED_SHORTFALL::THETA_0100::EXTERNALITY_CF_BETA_050::Q0::fairness_qp,12,1,True,RECOVERABLE_ALLOCATION_EXTERNALITY,0.0241231684963,0.0436492867561,24.1231684963,43.6492867561
MR_K05_LOCAL::CLUSTERED_SHORTFALL::THETA_0100::EXTERNALITY_CF_BETA_050::Q0::fairness_qp,13,1,True,RECOVERABLE_ALLOCATION_EXTERNALITY,0.0157461193758,0.0369199157487,15.7461193758,36.9199157487
MR_K05_LOCAL::CLUSTERED_SHORTFALL::THETA_0100::EXTERNALITY_CF_BETA_050::Q0::fairness_qp,14,1,True,RECOVERABLE_ALLOCATION_EXTERNALITY,0.0189193495491,0.0362898585212,18.9193495491,36.2898585212
MR_K05_LOCAL::CLUSTERED_SHORTFALL::THETA_0100::EXTERNALITY_CF_BETA_050::Q0::fairness_qp,15,1,True,RECOVERABLE_ALLOCATION_EXTERNALITY,0.00453279277954,0.0257139788539,4.53279277954,25.7139788539
MR_K05_LOCAL::CLUSTERED_SHORTFALL::THETA_0100::EXTERNALITY_CF_BETA_050::Q0::fairness_qp,16,1,True,RECOVERABLE_ALLOCATION_EXTERNALITY,0.0126018389551,0.0363741041273,12.6018389551,36.3741041273
MR_K05_LOCAL::CLUSTERED_SHORTFALL::THETA_0100::EXTERNALITY_CF_BETA_050::Q95::weighted_proportional,1,1,True,RECOVERABLE_ALLOCATION_EXTERNALITY,0.0475155932375,0.087802627433,47.5155932375,87.802627433
MR_K05_LOCAL::CLUSTERED_SHORTFALL::THETA_0100::EXTERNALITY_CF_BETA_050::Q95::weighted_proportional,2,1,True,RECOVERABLE_ALLOCATION_EXTERNALITY,0.0546455146048,0.0907243767421,54.6455146048,90.7243767421
MR_K05_LOCAL::CLUSTERED_SHORTFALL::THETA_0100::EXTERNALITY_CF_BETA_050::Q95::weighted_proportional,3,1,True,RECOVERABLE_ALLOCATION_EXTERNALITY,0.0202417164499,0.0400803746881,20.2417164499,40.0803746881
MR_K05_LOCAL::CLUSTERED_SHORTFALL::THETA_0100::EXTERNALITY_CF_BETA_050::Q95::weighted_proportional,4,1,True,RECOVERABLE_ALLOCATION_EXTERNALITY,0.052091362623,0.0811193712477,52.091362623,81.1193712477
MR_K05_LOCAL::CLUSTERED_SHORTFALL::THETA_0100::EXTERNALITY_CF_BETA_050::Q95::weighted_proportional,5,1,True,RECOVERABLE_ALLOCATION_EXTERNALITY,0.00648349529541,0.0605873595179,6.48349529541,60.5873595179
MR_K05_LOCAL::CLUSTERED_SHORTFALL::THETA_0100::EXTERNALITY_CF_BETA_050::Q95::weighted_proportional,6,1,True,RECOVERABLE_ALLOCATION_EXTERNALITY,0.014186756963,0.059676664369,14.186756963,59.676664369
MR_K05_LOCAL::CLUSTERED_SHORTFALL::THETA_0100::EXTERNALITY_CF_BETA_050::Q95::weighted_proportional,7,1,True,RECOVERABLE_ALLOCATION_EXTERNALITY,0.00287623011477,0.0572260411361,2.87623011477,57.2260411361
MR_K05_LOCAL::CLUSTERED_SHORTFALL::THETA_0100::EXTERNALITY_CF_BETA_050::Q95::weighted_proportional,8,1,True,RECOVERABLE_ALLOCATION_EXTERNALITY,0.0226480564161,0.0635975438768,22.6480564161,63.5975438768
MR_K05_LOCAL::CLUSTERED_SHORTFALL::THETA_0100::EXTERNALITY_CF_BETA_050::Q95::weighted_proportional,9,1,True,RECOVERABLE_ALLOCATION_EXTERNALITY,0.0132112862216,0.0605177109117,13.2112862216,60.5177109117
MR_K05_LOCAL::CLUSTERED_SHORTFALL::THETA_0100::EXTERNALITY_CF_BETA_050::Q95::weighted_proportional,10,1,True,RECOVERABLE_ALLOCATION_EXTERNALITY,0.0413002517538,0.0775086363799,41.3002517538,77.5086363799
MR_K05_LOCAL::CLUSTERED_SHORTFALL::THETA_0100::EXTERNALITY_CF_BETA_050::Q95::weighted_proportional,11,1,True,RECOVERABLE_ALLOCATION_EXTERNALITY,0.052830529427,0.0697562593309,52.830529427,69.7562593309
MR_K05_LOCAL::CLUSTERED_SHORTFALL::THETA_0100::EXTERNALITY_CF_BETA_050::Q95::weighted_proportional,12,1,True,RECOVERABLE_ALLOCATION_EXTERNALITY,0.0407448111518,0.0647692947973,40.7448111518,64.7692947973
MR_K05_LOCAL::CLUSTERED_SHORTFALL::THETA_0100::EXTERNALITY_CF_BETA_050::Q95::weighted_proportional,13,1,True,RECOVERABLE_ALLOCATION_EXTERNALITY,0.0302629860987,0.0717496913235,30.2629860987,71.7496913235
MR_K05_LOCAL::CLUSTERED_SHORTFALL::THETA_0100::EXTERNALITY_CF_BETA_050::Q95::weighted_proportional,14,1,True,RECOVERABLE_ALLOCATION_EXTERNALITY,0.0340157470464,0.0657962440131,34.0157470464,65.7962440131
MR_K05_LOCAL::CLUSTERED_SHORTFALL::THETA_0100::EXTERNALITY_CF_BETA_050::Q95::weighted_proportional,15,1,True,RECOVERABLE_ALLOCATION_EXTERNALITY,0.0261190172475,0.070299185082,26.1190172475,70.299185082
MR_K05_LOCAL::CLUSTERED_SHORTFALL::THETA_0100::EXTERNALITY_CF_BETA_050::Q95::weighted_proportional,16,1,True,RECOVERABLE_ALLOCATION_EXTERNALITY,0.0249904003455,0.0584196778928,24.9904003455,58.4196778928
MR_K05_LOCAL::CLUSTERED_SHORTFALL::THETA_0100::EXTERNALITY_CF_BETA_050::Q95::equal_kw_reduction,1,1,True,RECOVERABLE_ALLOCATION_EXTERNALITY,0.0254621268919,0.0534998352943,25.4621268919,53.4998352943
MR_K05_LOCAL::CLUSTERED_SHORTFALL::THETA_0100::EXTERNALITY_CF_BETA_050::Q95::equal_kw_reduction,2,1,True,RECOVERABLE_ALLOCATION_EXTERNALITY,0.0217349853751,0.0484233682716,21.7349853751,48.4233682716
MR_K05_LOCAL::CLUSTERED_SHORTFALL::THETA_0100::EXTERNALITY_CF_BETA_050::Q95::equal_kw_reduction,3,1,True,RECOVERABLE_ALLOCATION_EXTERNALITY,0.00491598794409,0.0240679746367,4.91598794409,24.0679746367
MR_K05_LOCAL::CLUSTERED_SHORTFALL::THETA_0100::EXTERNALITY_CF_BETA_050::Q95::equal_kw_reduction,4,1,True,RECOVERABLE_ALLOCATION_EXTERNALITY,0.0201763233743,0.037577692724,20.1763233743,37.577692724
MR_K05_LOCAL::CLUSTERED_SHORTFALL::THETA_0100::EXTERNALITY_CF_BETA_050::Q95::equal_kw_reduction,5,1,True,RECOVERABLE_ALLOCATION_EXTERNALITY,0.0106048225211,0.0383928196209,10.6048225211,38.3928196209
MR_K05_LOCAL::CLUSTERED_SHORTFALL::THETA_0100::EXTERNALITY_CF_BETA_050::Q95::equal_kw_reduction,6,1,True,RECOVERABLE_ALLOCATION_EXTERNALITY,0.0137687860087,0.0378750363546,13.7687860087,37.8750363546
MR_K05_LOCAL::CLUSTERED_SHORTFALL::THETA_0100::EXTERNALITY_CF_BETA_050::Q95::equal_kw_reduction,7,1,True,RECOVERABLE_ALLOCATION_EXTERNALITY,0.0046556573121,0.0314304269115,4.6556573121,31.4304269115
MR_K05_LOCAL::CLUSTERED_SHORTFALL::THETA_0100::EXTERNALITY_CF_BETA_050::Q95::equal_kw_reduction,8,1,True,RECOVERABLE_ALLOCATION_EXTERNALITY,0.0142032769098,0.0392847344833,14.2032769098,39.2847344833
MR_K05_LOCAL::CLUSTERED_SHORTFALL::THETA_0100::EXTERNALITY_CF_BETA_050::Q95::equal_kw_reduction,9,1,True,RECOVERABLE_ALLOCATION_EXTERNALITY,0.00824412646933,0.0287668679919,8.24412646933,28.7668679919
MR_K05_LOCAL::CLUSTERED_SHORTFALL::THETA_0100::EXTERNALITY_CF_BETA_050::Q95::equal_kw_reduction,10,1,True,RECOVERABLE_ALLOCATION_EXTERNALITY,0.0199999767003,0.0409531843508,19.9999767003,40.9531843508
MR_K05_LOCAL::CLUSTERED_SHORTFALL::THETA_0100::EXTERNALITY_CF_BETA_050::Q95::equal_kw_reduction,11,1,True,RECOVERABLE_ALLOCATION_EXTERNALITY,0.0112197231109,0.0339508918962,11.2197231109,33.9508918962
MR_K05_LOCAL::CLUSTERED_SHORTFALL::THETA_0100::EXTERNALITY_CF_BETA_050::Q95::equal_kw_reduction,12,1,True,RECOVERABLE_ALLOCATION_EXTERNALITY,0.0220577350873,0.039959831939,22.0577350873,39.959831939
MR_K05_LOCAL::CLUSTERED_SHORTFALL::THETA_0100::EXTERNALITY_CF_BETA_050::Q95::equal_kw_reduction,13,1,True,RECOVERABLE_ALLOCATION_EXTERNALITY,0.016557680015,0.0411398370872,16.557680015,41.1398370872
MR_K05_LOCAL::CLUSTERED_SHORTFALL::THETA_0100::EXTERNALITY_CF_BETA_050::Q95::equal_kw_reduction,14,1,True,RECOVERABLE_ALLOCATION_EXTERNALITY,0.0149553539078,0.0365443179283,14.9553539078,36.5443179283
MR_K05_LOCAL::CLUSTERED_SHORTFALL::THETA_0100::EXTERNALITY_CF_BETA_050::Q95::equal_kw_reduction,15,1,True,RECOVERABLE_ALLOCATION_EXTERNALITY,0.009660924201,0.0401910672875,9.660924201,40.1910672875
MR_K05_LOCAL::CLUSTERED_SHORTFALL::THETA_0100::EXTERNALITY_CF_BETA_050::Q95::equal_kw_reduction,16,1,True,RECOVERABLE_ALLOCATION_EXTERNALITY,0.0151191752744,0.0367736758438,15.1191752744,36.7736758438
MR_K05_LOCAL::CLUSTERED_SHORTFALL::THETA_0100::EXTERNALITY_CF_BETA_050::Q95::flat_level,1,1,True,RECOVERABLE_ALLOCATION_EXTERNALITY,0.139214964596,0.139214964596,139.214964596,139.214964596
MR_K05_LOCAL::CLUSTERED_SHORTFALL::THETA_0100::EXTERNALITY_CF_BETA_050::Q95::flat_level,2,1,True,RECOVERABLE_ALLOCATION_EXTERNALITY,0.141707706106,0.141707706106,141.707706106,141.707706106
MR_K05_LOCAL::CLUSTERED_SHORTFALL::THETA_0100::EXTERNALITY_CF_BETA_050::Q95::flat_level,3,1,True,RECOVERABLE_ALLOCATION_EXTERNALITY,0.128067652788,0.128067652788,128.067652788,128.067652788
MR_K05_LOCAL::CLUSTERED_SHORTFALL::THETA_0100::EXTERNALITY_CF_BETA_050::Q95::flat_level,4,1,True,RECOVERABLE_ALLOCATION_EXTERNALITY,0.0734144575311,0.0734144575311,73.4144575311,73.4144575311
MR_K05_LOCAL::CLUSTERED_SHORTFALL::THETA_0100::EXTERNALITY_CF_BETA_050::Q95::flat_level,5,1,True,RECOVERABLE_ALLOCATION_EXTERNALITY,0.0656082216117,0.0656082216117,65.6082216117,65.6082216117
MR_K05_LOCAL::CLUSTERED_SHORTFALL::THETA_0100::EXTERNALITY_CF_BETA_050::Q95::flat_level,6,1,True,RECOVERABLE_ALLOCATION_EXTERNALITY,0.0114330057828,0.0114330057828,11.4330057828,11.4330057828
MR_K05_LOCAL::CLUSTERED_SHORTFALL::THETA_0100::EXTERNALITY_CF_BETA_050::Q95::flat_level,7,1,True,RECOVERABLE_ALLOCATION_EXTERNALITY,0.0690087963595,0.0690087963595,69.0087963595,69.0087963595
MR_K05_LOCAL::CLUSTERED_SHORTFALL::THETA_0100::EXTERNALITY_CF_BETA_050::Q95::flat_level,8,1,True,RECOVERABLE_ALLOCATION_EXTERNALITY,0.0642470387944,0.0642470387944,64.2470387944,64.2470387944
MR_K05_LOCAL::CLUSTERED_SHORTFALL::THETA_0100::EXTERNALITY_CF_BETA_050::Q95::flat_level,9,1,True,RECOVERABLE_ALLOCATION_EXTERNALITY,0.076964859558,0.076964859558,76.964859558,76.964859558
MR_K05_LOCAL::CLUSTERED_SHORTFALL::THETA_0100::EXTERNALITY_CF_BETA_050::Q95::flat_level,10,1,True,RECOVERABLE_ALLOCATION_EXTERNALITY,0.10092427679,0.10092427679,100.92427679,100.92427679
MR_K05_LOCAL::CLUSTERED_SHORTFALL::THETA_0100::EXTERNALITY_CF_BETA_050::Q95::flat_level,11,1,True,RECOVERABLE_ALLOCATION_EXTERNALITY,0.0969456162393,0.0969456162393,96.9456162393,96.9456162393
MR_K05_LOCAL::CLUSTERED_SHORTFALL::THETA_0100::EXTERNALITY_CF_BETA_050::Q95::flat_level,12,1,True,RECOVERABLE_ALLOCATION_EXTERNALITY,0.123576838243,0.123576838243,123.576838243,123.576838243
MR_K05_LOCAL::CLUSTERED_SHORTFALL::THETA_0100::EXTERNALITY_CF_BETA_050::Q95::flat_level,13,1,True,RECOVERABLE_ALLOCATION_EXTERNALITY,0.0806776372909,0.0806776372909,80.6776372909,80.6776372909
MR_K05_LOCAL::CLUSTERED_SHORTFALL::THETA_0100::EXTERNALITY_CF_BETA_050::Q95::flat_level,14,1,True,RECOVERABLE_ALLOCATION_EXTERNALITY,0.110183089363,0.110183089363,110.183089363,110.183089363
MR_K05_LOCAL::CLUSTERED_SHORTFALL::THETA_0100::EXTERNALITY_CF_BETA_050::Q95::flat_level,15,1,True,RECOVERABLE_ALLOCATION_EXTERNALITY,0.0756350154776,0.0756350154776,75.6350154776,75.6350154776
MR_K05_LOCAL::CLUSTERED_SHORTFALL::THETA_0100::EXTERNALITY_CF_BETA_050::Q95::flat_level,16,1,True,RECOVERABLE_ALLOCATION_EXTERNALITY,0.0927395910917,0.0927395910917,92.7395910917,92.7395910917
MR_K05_LOCAL::CLUSTERED_SHORTFALL::THETA_0100::EXTERNALITY_CF_BETA_050::Q95::max_export_lp,1,1,True,RECOVERABLE_ALLOCATION_EXTERNALITY,0.0434111677952,0.0434111677952,43.4111677952,43.4111677952
MR_K05_LOCAL::CLUSTERED_SHORTFALL::THETA_0100::EXTERNALITY_CF_BETA_050::Q95::max_export_lp,2,1,True,RECOVERABLE_ALLOCATION_EXTERNALITY,0.0418363153568,0.0418363153715,41.8363153568,41.8363153715
MR_K05_LOCAL::CLUSTERED_SHORTFALL::THETA_0100::EXTERNALITY_CF_BETA_050::Q95::max_export_lp,3,1,True,RECOVERABLE_ALLOCATION_EXTERNALITY,0.0195828889576,0.0195828889582,19.5828889576,19.5828889582
MR_K05_LOCAL::CLUSTERED_SHORTFALL::THETA_0100::EXTERNALITY_CF_BETA_050::Q95::max_export_lp,4,1,True,RECOVERABLE_ALLOCATION_EXTERNALITY,0.0350626854804,0.0350626854806,35.0626854804,35.0626854806
MR_K05_LOCAL::CLUSTERED_SHORTFALL::THETA_0100::EXTERNALITY_CF_BETA_050::Q95::max_export_lp,5,1,True,RECOVERABLE_ALLOCATION_EXTERNALITY,0.0388682460018,0.0388682460018,38.8682460018,38.8682460018
MR_K05_LOCAL::CLUSTERED_SHORTFALL::THETA_0100::EXTERNALITY_CF_BETA_050::Q95::max_export_lp,6,1,True,RECOVERABLE_ALLOCATION_EXTERNALITY,0.041788398826,0.0417883988268,41.788398826,41.7883988268
MR_K05_LOCAL::CLUSTERED_SHORTFALL::THETA_0100::EXTERNALITY_CF_BETA_050::Q95::max_export_lp,7,1,True,RECOVERABLE_ALLOCATION_EXTERNALITY,0.0323403876369,0.032340387637,32.3403876369,32.340387637
MR_K05_LOCAL::CLUSTERED_SHORTFALL::THETA_0100::EXTERNALITY_CF_BETA_050::Q95::max_export_lp,8,1,True,RECOVERABLE_ALLOCATION_EXTERNALITY,0.0166727857496,0.0166727857498,16.6727857496,16.6727857498
MR_K05_LOCAL::CLUSTERED_SHORTFALL::THETA_0100::EXTERNALITY_CF_BETA_050::Q95::max_export_lp,9,1,True,RECOVERABLE_ALLOCATION_EXTERNALITY,0.0203779932953,0.0203779932961,20.3779932953,20.3779932961
MR_K05_LOCAL::CLUSTERED_SHORTFALL::THETA_0100::EXTERNALITY_CF_BETA_050::Q95::max_export_lp,10,1,True,RECOVERABLE_ALLOCATION_EXTERNALITY,0.0183962993249,0.0183962993249,18.3962993249,18.3962993249
MR_K05_LOCAL::CLUSTERED_SHORTFALL::THETA_0100::EXTERNALITY_CF_BETA_050::Q95::max_export_lp,11,1,True,RECOVERABLE_ALLOCATION_EXTERNALITY,0.0267331171494,0.0267331171495,26.7331171494,26.7331171495
MR_K05_LOCAL::CLUSTERED_SHORTFALL::THETA_0100::EXTERNALITY_CF_BETA_050::Q95::max_export_lp,12,1,True,RECOVERABLE_ALLOCATION_EXTERNALITY,0.0292741587331,0.029274158734,29.2741587331,29.274158734
MR_K05_LOCAL::CLUSTERED_SHORTFALL::THETA_0100::EXTERNALITY_CF_BETA_050::Q95::max_export_lp,13,1,True,RECOVERABLE_ALLOCATION_EXTERNALITY,0.0388220876757,0.0388220876764,38.8220876757,38.8220876764
MR_K05_LOCAL::CLUSTERED_SHORTFALL::THETA_0100::EXTERNALITY_CF_BETA_050::Q95::max_export_lp,14,1,True,RECOVERABLE_ALLOCATION_EXTERNALITY,0.0385691667635,0.0385691667636,38.5691667635,38.5691667636
MR_K05_LOCAL::CLUSTERED_SHORTFALL::THETA_0100::EXTERNALITY_CF_BETA_050::Q95::max_export_lp,15,1,True,RECOVERABLE_ALLOCATION_EXTERNALITY,0.0295275316961,0.0295275316986,29.5275316961,29.5275316986
MR_K05_LOCAL::CLUSTERED_SHORTFALL::THETA_0100::EXTERNALITY_CF_BETA_050::Q95::max_export_lp,16,1,True,RECOVERABLE_ALLOCATION_EXTERNALITY,0.0334232951899,0.03342329519,33.4232951899,33.42329519
MR_K05_LOCAL::CLUSTERED_SHORTFALL::THETA_0100::EXTERNALITY_CF_BETA_050::Q95::fairness_qp,1,1,True,RECOVERABLE_ALLOCATION_EXTERNALITY,0.0218799026027,0.0454464490574,21.8799026027,45.4464490574
MR_K05_LOCAL::CLUSTERED_SHORTFALL::THETA_0100::EXTERNALITY_CF_BETA_050::Q95::fairness_qp,2,1,True,RECOVERABLE_ALLOCATION_EXTERNALITY,0.0230731841843,0.0402688288814,23.0731841843,40.2688288814
MR_K05_LOCAL::CLUSTERED_SHORTFALL::THETA_0100::EXTERNALITY_CF_BETA_050::Q95::fairness_qp,3,1,True,RECOVERABLE_ALLOCATION_EXTERNALITY,0.0241661916214,0.036608545695,24.1661916214,36.608545695
MR_K05_LOCAL::CLUSTERED_SHORTFALL::THETA_0100::EXTERNALITY_CF_BETA_050::Q95::fairness_qp,4,1,True,RECOVERABLE_ALLOCATION_EXTERNALITY,0.0299647129644,0.0446746697963,29.9647129644,44.6746697963
MR_K05_LOCAL::CLUSTERED_SHORTFALL::THETA_0100::EXTERNALITY_CF_BETA_050::Q95::fairness_qp,5,1,True,RECOVERABLE_ALLOCATION_EXTERNALITY,0.027648880524,0.0422207184902,27.648880524,42.2207184902
MR_K05_LOCAL::CLUSTERED_SHORTFALL::THETA_0100::EXTERNALITY_CF_BETA_050::Q95::fairness_qp,6,1,True,RECOVERABLE_ALLOCATION_EXTERNALITY,0.0326781483932,0.0434897824077,32.6781483932,43.4897824077
MR_K05_LOCAL::CLUSTERED_SHORTFALL::THETA_0100::EXTERNALITY_CF_BETA_050::Q95::fairness_qp,7,1,True,RECOVERABLE_ALLOCATION_EXTERNALITY,0.0286137089891,0.0371013137575,28.6137089891,37.1013137575
MR_K05_LOCAL::CLUSTERED_SHORTFALL::THETA_0100::EXTERNALITY_CF_BETA_050::Q95::fairness_qp,8,1,True,RECOVERABLE_ALLOCATION_EXTERNALITY,0.023516014104,0.037603128691,23.516014104,37.603128691
MR_K05_LOCAL::CLUSTERED_SHORTFALL::THETA_0100::EXTERNALITY_CF_BETA_050::Q95::fairness_qp,9,1,True,RECOVERABLE_ALLOCATION_EXTERNALITY,0.022763468041,0.0425276124809,22.763468041,42.5276124809
MR_K05_LOCAL::CLUSTERED_SHORTFALL::THETA_0100::EXTERNALITY_CF_BETA_050::Q95::fairness_qp,10,1,True,RECOVERABLE_ALLOCATION_EXTERNALITY,0.0309314249026,0.0407957382179,30.9314249026,40.7957382179
MR_K05_LOCAL::CLUSTERED_SHORTFALL::THETA_0100::EXTERNALITY_CF_BETA_050::Q95::fairness_qp,11,1,True,RECOVERABLE_ALLOCATION_EXTERNALITY,0.016570668309,0.0300777747719,16.570668309,30.0777747719
MR_K05_LOCAL::CLUSTERED_SHORTFALL::THETA_0100::EXTERNALITY_CF_BETA_050::Q95::fairness_qp,12,1,True,RECOVERABLE_ALLOCATION_EXTERNALITY,0.0241231821131,0.0436492870222,24.1231821131,43.6492870222
MR_K05_LOCAL::CLUSTERED_SHORTFALL::THETA_0100::EXTERNALITY_CF_BETA_050::Q95::fairness_qp,13,1,True,RECOVERABLE_ALLOCATION_EXTERNALITY,0.0157460940028,0.0369198965013,15.7460940028,36.9198965013
MR_K05_LOCAL::CLUSTERED_SHORTFALL::THETA_0100::EXTERNALITY_CF_BETA_050::Q95::fairness_qp,14,1,True,RECOVERABLE_ALLOCATION_EXTERNALITY,0.0189193695539,0.0362898601527,18.9193695539,36.2898601527
MR_K05_LOCAL::CLUSTERED_SHORTFALL::THETA_0100::EXTERNALITY_CF_BETA_050::Q95::fairness_qp,15,1,True,RECOVERABLE_ALLOCATION_EXTERNALITY,0.00453279582562,0.0257139779983,4.53279582562,25.7139779983
MR_K05_LOCAL::CLUSTERED_SHORTFALL::THETA_0100::EXTERNALITY_CF_BETA_050::Q95::fairness_qp,16,1,True,RECOVERABLE_ALLOCATION_EXTERNALITY,0.0126018272623,0.0363741059843,12.6018272623,36.3741059843
MR_K05_LOCAL::CLUSTERED_SHORTFALL::THETA_1000::EXTERNALITY_CF_BETA_050::Q0::weighted_proportional,1,10,True,RECOVERABLE_ALLOCATION_EXTERNALITY,0.0454683665244,0.0776801967578,45.4683665244,77.6801967578
MR_K05_LOCAL::CLUSTERED_SHORTFALL::THETA_1000::EXTERNALITY_CF_BETA_050::Q0::weighted_proportional,2,10,True,RECOVERABLE_ALLOCATION_EXTERNALITY,0.0438728091068,0.074552768946,43.8728091068,74.552768946
MR_K05_LOCAL::CLUSTERED_SHORTFALL::THETA_1000::EXTERNALITY_CF_BETA_050::Q0::weighted_proportional,3,10,True,RECOVERABLE_ALLOCATION_EXTERNALITY,0.0313321030083,0.0571915170113,31.3321030083,57.1915170113
MR_K05_LOCAL::CLUSTERED_SHORTFALL::THETA_1000::EXTERNALITY_CF_BETA_050::Q0::weighted_proportional,4,10,True,RECOVERABLE_ALLOCATION_EXTERNALITY,0.0414106789139,0.0586993519569,41.4106789139,58.6993519569
MR_K05_LOCAL::CLUSTERED_SHORTFALL::THETA_1000::EXTERNALITY_CF_BETA_050::Q0::weighted_proportional,5,10,True,RECOVERABLE_ALLOCATION_EXTERNALITY,0.0196316871588,0.0585002789822,19.6316871588,58.5002789822
MR_K05_LOCAL::CLUSTERED_SHORTFALL::THETA_1000::EXTERNALITY_CF_BETA_050::Q0::weighted_proportional,6,10,True,RECOVERABLE_ALLOCATION_EXTERNALITY,0.0164497187025,0.0528767762253,16.4497187025,52.8767762253
MR_K05_LOCAL::CLUSTERED_SHORTFALL::THETA_1000::EXTERNALITY_CF_BETA_050::Q0::weighted_proportional,7,10,True,RECOVERABLE_ALLOCATION_EXTERNALITY,0.0170655544277,0.0550862957171,17.0655544277,55.0862957171
MR_K05_LOCAL::CLUSTERED_SHORTFALL::THETA_1000::EXTERNALITY_CF_BETA_050::Q0::weighted_proportional,8,10,True,RECOVERABLE_ALLOCATION_EXTERNALITY,0.0167606174188,0.0498166754524,16.7606174188,49.8166754524
MR_K05_LOCAL::CLUSTERED_SHORTFALL::THETA_1000::EXTERNALITY_CF_BETA_050::Q0::weighted_proportional,9,10,True,RECOVERABLE_ALLOCATION_EXTERNALITY,0.0188220880042,0.0543105944709,18.8220880042,54.3105944709
MR_K05_LOCAL::CLUSTERED_SHORTFALL::THETA_1000::EXTERNALITY_CF_BETA_050::Q0::weighted_proportional,10,10,True,RECOVERABLE_ALLOCATION_EXTERNALITY,0.0324465704665,0.0639550789984,32.4465704665,63.9550789984
MR_K05_LOCAL::CLUSTERED_SHORTFALL::THETA_1000::EXTERNALITY_CF_BETA_050::Q0::weighted_proportional,11,10,True,RECOVERABLE_ALLOCATION_EXTERNALITY,0.0510926567836,0.065985521347,51.0926567836,65.985521347
MR_K05_LOCAL::CLUSTERED_SHORTFALL::THETA_1000::EXTERNALITY_CF_BETA_050::Q0::weighted_proportional,12,10,True,RECOVERABLE_ALLOCATION_EXTERNALITY,0.0469782879017,0.0666713319526,46.9782879017,66.6713319526
MR_K05_LOCAL::CLUSTERED_SHORTFALL::THETA_1000::EXTERNALITY_CF_BETA_050::Q0::weighted_proportional,13,10,True,RECOVERABLE_ALLOCATION_EXTERNALITY,0.0451420269697,0.0682202493089,45.1420269697,68.2202493089
MR_K05_LOCAL::CLUSTERED_SHORTFALL::THETA_1000::EXTERNALITY_CF_BETA_050::Q0::weighted_proportional,14,10,True,RECOVERABLE_ALLOCATION_EXTERNALITY,0.0427339640777,0.0673222279057,42.7339640777,67.3222279057
MR_K05_LOCAL::CLUSTERED_SHORTFALL::THETA_1000::EXTERNALITY_CF_BETA_050::Q0::weighted_proportional,15,10,True,RECOVERABLE_ALLOCATION_EXTERNALITY,0.0289069106272,0.0545009304266,28.9069106272,54.5009304266
MR_K05_LOCAL::CLUSTERED_SHORTFALL::THETA_1000::EXTERNALITY_CF_BETA_050::Q0::weighted_proportional,16,10,True,RECOVERABLE_ALLOCATION_EXTERNALITY,0.0329141664874,0.0601962658424,32.9141664874,60.1962658424
MR_K05_LOCAL::CLUSTERED_SHORTFALL::THETA_1000::EXTERNALITY_CF_BETA_050::Q0::equal_kw_reduction,1,10,True,RECOVERABLE_ALLOCATION_EXTERNALITY,0.017783138098,0.0438025115448,17.783138098,43.8025115448
MR_K05_LOCAL::CLUSTERED_SHORTFALL::THETA_1000::EXTERNALITY_CF_BETA_050::Q0::equal_kw_reduction,2,10,True,RECOVERABLE_ALLOCATION_EXTERNALITY,0.0224456714738,0.0471275986825,22.4456714738,47.1275986825
MR_K05_LOCAL::CLUSTERED_SHORTFALL::THETA_1000::EXTERNALITY_CF_BETA_050::Q0::equal_kw_reduction,3,10,True,RECOVERABLE_ALLOCATION_EXTERNALITY,0.0114108043339,0.0334639614956,11.4108043339,33.4639614956
MR_K05_LOCAL::CLUSTERED_SHORTFALL::THETA_1000::EXTERNALITY_CF_BETA_050::Q0::equal_kw_reduction,4,10,True,RECOVERABLE_ALLOCATION_EXTERNALITY,0.0158418943866,0.0288984952548,15.8418943866,28.8984952548
MR_K05_LOCAL::CLUSTERED_SHORTFALL::THETA_1000::EXTERNALITY_CF_BETA_050::Q0::equal_kw_reduction,5,10,True,RECOVERABLE_ALLOCATION_EXTERNALITY,0.0133283527972,0.0361687011765,13.3283527972,36.1687011765
MR_K05_LOCAL::CLUSTERED_SHORTFALL::THETA_1000::EXTERNALITY_CF_BETA_050::Q0::equal_kw_reduction,6,10,True,RECOVERABLE_ALLOCATION_EXTERNALITY,0.0158810315713,0.0375522501766,15.8810315713,37.5522501766
MR_K05_LOCAL::CLUSTERED_SHORTFALL::THETA_1000::EXTERNALITY_CF_BETA_050::Q0::equal_kw_reduction,7,10,True,RECOVERABLE_ALLOCATION_EXTERNALITY,0.0112979318532,0.0334693963139,11.2979318532,33.4693963139
MR_K05_LOCAL::CLUSTERED_SHORTFALL::THETA_1000::EXTERNALITY_CF_BETA_050::Q0::equal_kw_reduction,8,10,True,RECOVERABLE_ALLOCATION_EXTERNALITY,0.00831290212824,0.0265517987105,8.31290212824,26.5517987105
MR_K05_LOCAL::CLUSTERED_SHORTFALL::THETA_1000::EXTERNALITY_CF_BETA_050::Q0::equal_kw_reduction,9,10,True,RECOVERABLE_ALLOCATION_EXTERNALITY,0.00961982357977,0.0289149023113,9.61982357977,28.9149023113
MR_K05_LOCAL::CLUSTERED_SHORTFALL::THETA_1000::EXTERNALITY_CF_BETA_050::Q0::equal_kw_reduction,10,10,True,RECOVERABLE_ALLOCATION_EXTERNALITY,0.0133682555827,0.0301615987947,13.3682555827,30.1615987947
MR_K05_LOCAL::CLUSTERED_SHORTFALL::THETA_1000::EXTERNALITY_CF_BETA_050::Q0::equal_kw_reduction,11,10,True,RECOVERABLE_ALLOCATION_EXTERNALITY,0.0122001992665,0.0332580004308,12.2001992665,33.2580004308
MR_K05_LOCAL::CLUSTERED_SHORTFALL::THETA_1000::EXTERNALITY_CF_BETA_050::Q0::equal_kw_reduction,12,10,True,RECOVERABLE_ALLOCATION_EXTERNALITY,0.0181478321788,0.0340411716322,18.1478321788,34.0411716322
MR_K05_LOCAL::CLUSTERED_SHORTFALL::THETA_1000::EXTERNALITY_CF_BETA_050::Q0::equal_kw_reduction,13,10,True,RECOVERABLE_ALLOCATION_EXTERNALITY,0.0181404368033,0.0399718420856,18.1404368033,39.9718420856
MR_K05_LOCAL::CLUSTERED_SHORTFALL::THETA_1000::EXTERNALITY_CF_BETA_050::Q0::equal_kw_reduction,14,10,True,RECOVERABLE_ALLOCATION_EXTERNALITY,0.0166138918683,0.0371101525985,16.6138918683,37.1101525985
MR_K05_LOCAL::CLUSTERED_SHORTFALL::THETA_1000::EXTERNALITY_CF_BETA_050::Q0::equal_kw_reduction,15,10,True,RECOVERABLE_ALLOCATION_EXTERNALITY,0.0106004833335,0.0339978516694,10.6004833335,33.9978516694
MR_K05_LOCAL::CLUSTERED_SHORTFALL::THETA_1000::EXTERNALITY_CF_BETA_050::Q0::equal_kw_reduction,16,10,True,RECOVERABLE_ALLOCATION_EXTERNALITY,0.015484804465,0.0324887046502,15.484804465,32.4887046502
MR_K05_LOCAL::CLUSTERED_SHORTFALL::THETA_1000::EXTERNALITY_CF_BETA_050::Q0::flat_level,1,10,True,RECOVERABLE_ALLOCATION_EXTERNALITY,0.139214964596,0.139214964596,139.214964596,139.214964596
MR_K05_LOCAL::CLUSTERED_SHORTFALL::THETA_1000::EXTERNALITY_CF_BETA_050::Q0::flat_level,2,10,True,RECOVERABLE_ALLOCATION_EXTERNALITY,0.141707706106,0.141707706106,141.707706106,141.707706106
MR_K05_LOCAL::CLUSTERED_SHORTFALL::THETA_1000::EXTERNALITY_CF_BETA_050::Q0::flat_level,3,10,True,RECOVERABLE_ALLOCATION_EXTERNALITY,0.128067652788,0.128067652788,128.067652788,128.067652788
MR_K05_LOCAL::CLUSTERED_SHORTFALL::THETA_1000::EXTERNALITY_CF_BETA_050::Q0::flat_level,4,10,True,RECOVERABLE_ALLOCATION_EXTERNALITY,0.0734144575311,0.0734144575311,73.4144575311,73.4144575311
MR_K05_LOCAL::CLUSTERED_SHORTFALL::THETA_1000::EXTERNALITY_CF_BETA_050::Q0::flat_level,5,10,True,RECOVERABLE_ALLOCATION_EXTERNALITY,0.0656082216117,0.0656082216117,65.6082216117,65.6082216117
MR_K05_LOCAL::CLUSTERED_SHORTFALL::THETA_1000::EXTERNALITY_CF_BETA_050::Q0::flat_level,6,10,True,RECOVERABLE_ALLOCATION_EXTERNALITY,0.0114330057828,0.0114330057828,11.4330057828,11.4330057828
MR_K05_LOCAL::CLUSTERED_SHORTFALL::THETA_1000::EXTERNALITY_CF_BETA_050::Q0::flat_level,7,10,True,RECOVERABLE_ALLOCATION_EXTERNALITY,0.0690087963595,0.0690087963595,69.0087963595,69.0087963595
MR_K05_LOCAL::CLUSTERED_SHORTFALL::THETA_1000::EXTERNALITY_CF_BETA_050::Q0::flat_level,8,10,True,RECOVERABLE_ALLOCATION_EXTERNALITY,0.0642470387944,0.0642470387944,64.2470387944,64.2470387944
MR_K05_LOCAL::CLUSTERED_SHORTFALL::THETA_1000::EXTERNALITY_CF_BETA_050::Q0::flat_level,9,10,True,RECOVERABLE_ALLOCATION_EXTERNALITY,0.076964859558,0.076964859558,76.964859558,76.964859558
MR_K05_LOCAL::CLUSTERED_SHORTFALL::THETA_1000::EXTERNALITY_CF_BETA_050::Q0::flat_level,10,10,True,RECOVERABLE_ALLOCATION_EXTERNALITY,0.10092427679,0.10092427679,100.92427679,100.92427679
MR_K05_LOCAL::CLUSTERED_SHORTFALL::THETA_1000::EXTERNALITY_CF_BETA_050::Q0::flat_level,11,10,True,RECOVERABLE_ALLOCATION_EXTERNALITY,0.0969456162393,0.0969456162393,96.9456162393,96.9456162393
MR_K05_LOCAL::CLUSTERED_SHORTFALL::THETA_1000::EXTERNALITY_CF_BETA_050::Q0::flat_level,12,10,True,RECOVERABLE_ALLOCATION_EXTERNALITY,0.123576838243,0.123576838243,123.576838243,123.576838243
MR_K05_LOCAL::CLUSTERED_SHORTFALL::THETA_1000::EXTERNALITY_CF_BETA_050::Q0::flat_level,13,10,True,RECOVERABLE_ALLOCATION_EXTERNALITY,0.0806776372909,0.0806776372909,80.6776372909,80.6776372909
MR_K05_LOCAL::CLUSTERED_SHORTFALL::THETA_1000::EXTERNALITY_CF_BETA_050::Q0::flat_level,14,10,True,RECOVERABLE_ALLOCATION_EXTERNALITY,0.110183089363,0.110183089363,110.183089363,110.183089363
MR_K05_LOCAL::CLUSTERED_SHORTFALL::THETA_1000::EXTERNALITY_CF_BETA_050::Q0::flat_level,15,10,True,RECOVERABLE_ALLOCATION_EXTERNALITY,0.0756350154776,0.0756350154776,75.6350154776,75.6350154776
MR_K05_LOCAL::CLUSTERED_SHORTFALL::THETA_1000::EXTERNALITY_CF_BETA_050::Q0::flat_level,16,10,True,RECOVERABLE_ALLOCATION_EXTERNALITY,0.0927395910917,0.0927395910917,92.7395910917,92.7395910917
MR_K05_LOCAL::CLUSTERED_SHORTFALL::THETA_1000::EXTERNALITY_CF_BETA_050::Q0::max_export_lp,1,10,True,RECOVERABLE_ALLOCATION_EXTERNALITY,0.0434112656752,0.0434112656752,43.4112656752,43.4112656752
MR_K05_LOCAL::CLUSTERED_SHORTFALL::THETA_1000::EXTERNALITY_CF_BETA_050::Q0::max_export_lp,2,10,True,RECOVERABLE_ALLOCATION_EXTERNALITY,0.0418363215743,0.0418363215744,41.8363215743,41.8363215744
MR_K05_LOCAL::CLUSTERED_SHORTFALL::THETA_1000::EXTERNALITY_CF_BETA_050::Q0::max_export_lp,3,10,True,RECOVERABLE_ALLOCATION_EXTERNALITY,0.0195828795035,0.0195828795035,19.5828795035,19.5828795035
MR_K05_LOCAL::CLUSTERED_SHORTFALL::THETA_1000::EXTERNALITY_CF_BETA_050::Q0::max_export_lp,4,10,True,RECOVERABLE_ALLOCATION_EXTERNALITY,0.0350626634214,0.0350626634215,35.0626634214,35.0626634215
MR_K05_LOCAL::CLUSTERED_SHORTFALL::THETA_1000::EXTERNALITY_CF_BETA_050::Q0::max_export_lp,5,10,True,RECOVERABLE_ALLOCATION_EXTERNALITY,0.0388682442728,0.0388682442978,38.8682442728,38.8682442978
MR_K05_LOCAL::CLUSTERED_SHORTFALL::THETA_1000::EXTERNALITY_CF_BETA_050::Q0::max_export_lp,6,10,True,RECOVERABLE_ALLOCATION_EXTERNALITY,0.0417883995066,0.0417883995074,41.7883995066,41.7883995074
MR_K05_LOCAL::CLUSTERED_SHORTFALL::THETA_1000::EXTERNALITY_CF_BETA_050::Q0::max_export_lp,7,10,True,RECOVERABLE_ALLOCATION_EXTERNALITY,0.0323404344319,0.0323404344327,32.3404344319,32.3404344327
MR_K05_LOCAL::CLUSTERED_SHORTFALL::THETA_1000::EXTERNALITY_CF_BETA_050::Q0::max_export_lp,8,10,True,RECOVERABLE_ALLOCATION_EXTERNALITY,0.0166728192401,0.0166728192407,16.6728192401,16.6728192407
MR_K05_LOCAL::CLUSTERED_SHORTFALL::THETA_1000::EXTERNALITY_CF_BETA_050::Q0::max_export_lp,9,10,True,RECOVERABLE_ALLOCATION_EXTERNALITY,0.0203780419576,0.0203780419598,20.3780419576,20.3780419598
MR_K05_LOCAL::CLUSTERED_SHORTFALL::THETA_1000::EXTERNALITY_CF_BETA_050::Q0::max_export_lp,10,10,True,RECOVERABLE_ALLOCATION_EXTERNALITY,0.0183962804314,0.0183962804314,18.3962804314,18.3962804314
MR_K05_LOCAL::CLUSTERED_SHORTFALL::THETA_1000::EXTERNALITY_CF_BETA_050::Q0::max_export_lp,11,10,True,RECOVERABLE_ALLOCATION_EXTERNALITY,0.0267330871023,0.0267330871043,26.7330871023,26.7330871043
MR_K05_LOCAL::CLUSTERED_SHORTFALL::THETA_1000::EXTERNALITY_CF_BETA_050::Q0::max_export_lp,12,10,True,RECOVERABLE_ALLOCATION_EXTERNALITY,0.0292741605489,0.0292741605493,29.2741605489,29.2741605493
MR_K05_LOCAL::CLUSTERED_SHORTFALL::THETA_1000::EXTERNALITY_CF_BETA_050::Q0::max_export_lp,13,10,True,RECOVERABLE_ALLOCATION_EXTERNALITY,0.0388220535134,0.0388220535159,38.8220535134,38.8220535159
MR_K05_LOCAL::CLUSTERED_SHORTFALL::THETA_1000::EXTERNALITY_CF_BETA_050::Q0::max_export_lp,14,10,True,RECOVERABLE_ALLOCATION_EXTERNALITY,0.0385693461499,0.0385693461504,38.5693461499,38.5693461504
MR_K05_LOCAL::CLUSTERED_SHORTFALL::THETA_1000::EXTERNALITY_CF_BETA_050::Q0::max_export_lp,15,10,True,RECOVERABLE_ALLOCATION_EXTERNALITY,0.029527526073,0.0295275260731,29.527526073,29.5275260731
MR_K05_LOCAL::CLUSTERED_SHORTFALL::THETA_1000::EXTERNALITY_CF_BETA_050::Q0::max_export_lp,16,10,True,RECOVERABLE_ALLOCATION_EXTERNALITY,0.0334232834014,0.0334232834014,33.4232834014,33.4232834014
MR_K05_LOCAL::CLUSTERED_SHORTFALL::THETA_1000::EXTERNALITY_CF_BETA_050::Q0::fairness_qp,1,10,True,RECOVERABLE_ALLOCATION_EXTERNALITY,0.0246935072181,0.047234678531,24.6935072181,47.234678531
MR_K05_LOCAL::CLUSTERED_SHORTFALL::THETA_1000::EXTERNALITY_CF_BETA_050::Q0::fairness_qp,2,10,True,RECOVERABLE_ALLOCATION_EXTERNALITY,0.0279669831465,0.0483704768439,27.9669831465,48.3704768439
MR_K05_LOCAL::CLUSTERED_SHORTFALL::THETA_1000::EXTERNALITY_CF_BETA_050::Q0::fairness_qp,3,10,True,RECOVERABLE_ALLOCATION_EXTERNALITY,0.0233719293569,0.0341942825714,23.3719293569,34.1942825714
MR_K05_LOCAL::CLUSTERED_SHORTFALL::THETA_1000::EXTERNALITY_CF_BETA_050::Q0::fairness_qp,4,10,True,RECOVERABLE_ALLOCATION_EXTERNALITY,0.0325373802942,0.0456569908269,32.5373802942,45.6569908269
MR_K05_LOCAL::CLUSTERED_SHORTFALL::THETA_1000::EXTERNALITY_CF_BETA_050::Q0::fairness_qp,5,10,True,RECOVERABLE_ALLOCATION_EXTERNALITY,0.0279948789962,0.0397316864529,27.9948789962,39.7316864529
MR_K05_LOCAL::CLUSTERED_SHORTFALL::THETA_1000::EXTERNALITY_CF_BETA_050::Q0::fairness_qp,6,10,True,RECOVERABLE_ALLOCATION_EXTERNALITY,0.0378733523083,0.0476815109684,37.8733523083,47.6815109684
MR_K05_LOCAL::CLUSTERED_SHORTFALL::THETA_1000::EXTERNALITY_CF_BETA_050::Q0::fairness_qp,7,10,True,RECOVERABLE_ALLOCATION_EXTERNALITY,0.0311341424561,0.0411314744884,31.1341424561,41.1314744884
MR_K05_LOCAL::CLUSTERED_SHORTFALL::THETA_1000::EXTERNALITY_CF_BETA_050::Q0::fairness_qp,8,10,True,RECOVERABLE_ALLOCATION_EXTERNALITY,0.0224914801596,0.0333054931488,22.4914801596,33.3054931488
MR_K05_LOCAL::CLUSTERED_SHORTFALL::THETA_1000::EXTERNALITY_CF_BETA_050::Q0::fairness_qp,9,10,True,RECOVERABLE_ALLOCATION_EXTERNALITY,0.0284139116727,0.0368128287254,28.4139116727,36.8128287254
MR_K05_LOCAL::CLUSTERED_SHORTFALL::THETA_1000::EXTERNALITY_CF_BETA_050::Q0::fairness_qp,10,10,True,RECOVERABLE_ALLOCATION_EXTERNALITY,0.0255475168669,0.0387533415485,25.5475168669,38.7533415485
MR_K05_LOCAL::CLUSTERED_SHORTFALL::THETA_1000::EXTERNALITY_CF_BETA_050::Q0::fairness_qp,11,10,True,RECOVERABLE_ALLOCATION_EXTERNALITY,0.0177999355982,0.0318610561535,17.7999355982,31.8610561535
MR_K05_LOCAL::CLUSTERED_SHORTFALL::THETA_1000::EXTERNALITY_CF_BETA_050::Q0::fairness_qp,12,10,True,RECOVERABLE_ALLOCATION_EXTERNALITY,0.0158363651315,0.0264559912786,15.8363651315,26.4559912786
MR_K05_LOCAL::CLUSTERED_SHORTFALL::THETA_1000::EXTERNALITY_CF_BETA_050::Q0::fairness_qp,13,10,True,RECOVERABLE_ALLOCATION_EXTERNALITY,0.019051662589,0.0374505251472,19.051662589,37.4505251472
MR_K05_LOCAL::CLUSTERED_SHORTFALL::THETA_1000::EXTERNALITY_CF_BETA_050::Q0::fairness_qp,14,10,True,RECOVERABLE_ALLOCATION_EXTERNALITY,0.0192046473375,0.0350534279066,19.2046473375,35.0534279066
MR_K05_LOCAL::CLUSTERED_SHORTFALL::THETA_1000::EXTERNALITY_CF_BETA_050::Q0::fairness_qp,15,10,True,RECOVERABLE_ALLOCATION_EXTERNALITY,0.00670989332619,0.0262402182305,6.70989332619,26.2402182305
MR_K05_LOCAL::CLUSTERED_SHORTFALL::THETA_1000::EXTERNALITY_CF_BETA_050::Q0::fairness_qp,16,10,True,RECOVERABLE_ALLOCATION_EXTERNALITY,0.0174675407973,0.0359192552854,17.4675407973,35.9192552854
MR_K05_LOCAL::CLUSTERED_SHORTFALL::THETA_1000::EXTERNALITY_CF_BETA_050::Q95::weighted_proportional,1,10,True,RECOVERABLE_ALLOCATION_EXTERNALITY,0.0454683665233,0.0776801967568,45.4683665233,77.6801967568
MR_K05_LOCAL::CLUSTERED_SHORTFALL::THETA_1000::EXTERNALITY_CF_BETA_050::Q95::weighted_proportional,2,10,True,RECOVERABLE_ALLOCATION_EXTERNALITY,0.0438728090888,0.074552768928,43.8728090888,74.552768928
MR_K05_LOCAL::CLUSTERED_SHORTFALL::THETA_1000::EXTERNALITY_CF_BETA_050::Q95::weighted_proportional,3,10,True,RECOVERABLE_ALLOCATION_EXTERNALITY,0.0313321030089,0.057191517012,31.3321030089,57.191517012
MR_K05_LOCAL::CLUSTERED_SHORTFALL::THETA_1000::EXTERNALITY_CF_BETA_050::Q95::weighted_proportional,4,10,True,RECOVERABLE_ALLOCATION_EXTERNALITY,0.0414106789131,0.0586993519562,41.4106789131,58.6993519562
MR_K05_LOCAL::CLUSTERED_SHORTFALL::THETA_1000::EXTERNALITY_CF_BETA_050::Q95::weighted_proportional,5,10,True,RECOVERABLE_ALLOCATION_EXTERNALITY,0.0196316871596,0.058500278983,19.6316871596,58.500278983
MR_K05_LOCAL::CLUSTERED_SHORTFALL::THETA_1000::EXTERNALITY_CF_BETA_050::Q95::weighted_proportional,6,10,True,RECOVERABLE_ALLOCATION_EXTERNALITY,0.0164497187031,0.0528767762261,16.4497187031,52.8767762261
MR_K05_LOCAL::CLUSTERED_SHORTFALL::THETA_1000::EXTERNALITY_CF_BETA_050::Q95::weighted_proportional,7,10,True,RECOVERABLE_ALLOCATION_EXTERNALITY,0.0170655544268,0.0550862957164,17.0655544268,55.0862957164
MR_K05_LOCAL::CLUSTERED_SHORTFALL::THETA_1000::EXTERNALITY_CF_BETA_050::Q95::weighted_proportional,8,10,True,RECOVERABLE_ALLOCATION_EXTERNALITY,0.0167606174173,0.0498166754509,16.7606174173,49.8166754509
MR_K05_LOCAL::CLUSTERED_SHORTFALL::THETA_1000::EXTERNALITY_CF_BETA_050::Q95::weighted_proportional,9,10,True,RECOVERABLE_ALLOCATION_EXTERNALITY,0.0188220880051,0.0543105944718,18.8220880051,54.3105944718
MR_K05_LOCAL::CLUSTERED_SHORTFALL::THETA_1000::EXTERNALITY_CF_BETA_050::Q95::weighted_proportional,10,10,True,RECOVERABLE_ALLOCATION_EXTERNALITY,0.0324465704661,0.0639550789982,32.4465704661,63.9550789982
MR_K05_LOCAL::CLUSTERED_SHORTFALL::THETA_1000::EXTERNALITY_CF_BETA_050::Q95::weighted_proportional,11,10,True,RECOVERABLE_ALLOCATION_EXTERNALITY,0.0510926567813,0.0659855213448,51.0926567813,65.9855213448
MR_K05_LOCAL::CLUSTERED_SHORTFALL::THETA_1000::EXTERNALITY_CF_BETA_050::Q95::weighted_proportional,12,10,True,RECOVERABLE_ALLOCATION_EXTERNALITY,0.0469782879014,0.0666713319523,46.9782879014,66.6713319523
MR_K05_LOCAL::CLUSTERED_SHORTFALL::THETA_1000::EXTERNALITY_CF_BETA_050::Q95::weighted_proportional,13,10,True,RECOVERABLE_ALLOCATION_EXTERNALITY,0.0451420269691,0.0682202493083,45.1420269691,68.2202493083
MR_K05_LOCAL::CLUSTERED_SHORTFALL::THETA_1000::EXTERNALITY_CF_BETA_050::Q95::weighted_proportional,14,10,True,RECOVERABLE_ALLOCATION_EXTERNALITY,0.0427339640767,0.0673222279048,42.7339640767,67.3222279048
MR_K05_LOCAL::CLUSTERED_SHORTFALL::THETA_1000::EXTERNALITY_CF_BETA_050::Q95::weighted_proportional,15,10,True,RECOVERABLE_ALLOCATION_EXTERNALITY,0.0289069106273,0.0545009304268,28.9069106273,54.5009304268
MR_K05_LOCAL::CLUSTERED_SHORTFALL::THETA_1000::EXTERNALITY_CF_BETA_050::Q95::weighted_proportional,16,10,True,RECOVERABLE_ALLOCATION_EXTERNALITY,0.0329141664854,0.0601962658405,32.9141664854,60.1962658405
MR_K05_LOCAL::CLUSTERED_SHORTFALL::THETA_1000::EXTERNALITY_CF_BETA_050::Q95::equal_kw_reduction,1,10,True,RECOVERABLE_ALLOCATION_EXTERNALITY,0.017783138098,0.0438025115448,17.783138098,43.8025115448
MR_K05_LOCAL::CLUSTERED_SHORTFALL::THETA_1000::EXTERNALITY_CF_BETA_050::Q95::equal_kw_reduction,2,10,True,RECOVERABLE_ALLOCATION_EXTERNALITY,0.0224456714738,0.0471275986825,22.4456714738,47.1275986825
MR_K05_LOCAL::CLUSTERED_SHORTFALL::THETA_1000::EXTERNALITY_CF_BETA_050::Q95::equal_kw_reduction,3,10,True,RECOVERABLE_ALLOCATION_EXTERNALITY,0.0114108043339,0.0334639614956,11.4108043339,33.4639614956
MR_K05_LOCAL::CLUSTERED_SHORTFALL::THETA_1000::EXTERNALITY_CF_BETA_050::Q95::equal_kw_reduction,4,10,True,RECOVERABLE_ALLOCATION_EXTERNALITY,0.0158418943866,0.0288984952548,15.8418943866,28.8984952548
MR_K05_LOCAL::CLUSTERED_SHORTFALL::THETA_1000::EXTERNALITY_CF_BETA_050::Q95::equal_kw_reduction,5,10,True,RECOVERABLE_ALLOCATION_EXTERNALITY,0.0133283527972,0.0361687011765,13.3283527972,36.1687011765
MR_K05_LOCAL::CLUSTERED_SHORTFALL::THETA_1000::EXTERNALITY_CF_BETA_050::Q95::equal_kw_reduction,6,10,True,RECOVERABLE_ALLOCATION_EXTERNALITY,0.0158810315713,0.0375522501766,15.8810315713,37.5522501766
MR_K05_LOCAL::CLUSTERED_SHORTFALL::THETA_1000::EXTERNALITY_CF_BETA_050::Q95::equal_kw_reduction,7,10,True,RECOVERABLE_ALLOCATION_EXTERNALITY,0.0112979318532,0.0334693963139,11.2979318532,33.4693963139
MR_K05_LOCAL::CLUSTERED_SHORTFALL::THETA_1000::EXTERNALITY_CF_BETA_050::Q95::equal_kw_reduction,8,10,True,RECOVERABLE_ALLOCATION_EXTERNALITY,0.00831290212824,0.0265517987105,8.31290212824,26.5517987105
MR_K05_LOCAL::CLUSTERED_SHORTFALL::THETA_1000::EXTERNALITY_CF_BETA_050::Q95::equal_kw_reduction,9,10,True,RECOVERABLE_ALLOCATION_EXTERNALITY,0.00961982357977,0.0289149023113,9.61982357977,28.9149023113
MR_K05_LOCAL::CLUSTERED_SHORTFALL::THETA_1000::EXTERNALITY_CF_BETA_050::Q95::equal_kw_reduction,10,10,True,RECOVERABLE_ALLOCATION_EXTERNALITY,0.0133682555827,0.0301615987947,13.3682555827,30.1615987947
MR_K05_LOCAL::CLUSTERED_SHORTFALL::THETA_1000::EXTERNALITY_CF_BETA_050::Q95::equal_kw_reduction,11,10,True,RECOVERABLE_ALLOCATION_EXTERNALITY,0.0122001992665,0.0332580004308,12.2001992665,33.2580004308
MR_K05_LOCAL::CLUSTERED_SHORTFALL::THETA_1000::EXTERNALITY_CF_BETA_050::Q95::equal_kw_reduction,12,10,True,RECOVERABLE_ALLOCATION_EXTERNALITY,0.0181478321788,0.0340411716322,18.1478321788,34.0411716322
MR_K05_LOCAL::CLUSTERED_SHORTFALL::THETA_1000::EXTERNALITY_CF_BETA_050::Q95::equal_kw_reduction,13,10,True,RECOVERABLE_ALLOCATION_EXTERNALITY,0.0181404368033,0.0399718420856,18.1404368033,39.9718420856
MR_K05_LOCAL::CLUSTERED_SHORTFALL::THETA_1000::EXTERNALITY_CF_BETA_050::Q95::equal_kw_reduction,14,10,True,RECOVERABLE_ALLOCATION_EXTERNALITY,0.0166138918683,0.0371101525985,16.6138918683,37.1101525985
MR_K05_LOCAL::CLUSTERED_SHORTFALL::THETA_1000::EXTERNALITY_CF_BETA_050::Q95::equal_kw_reduction,15,10,True,RECOVERABLE_ALLOCATION_EXTERNALITY,0.0106004833335,0.0339978516694,10.6004833335,33.9978516694
MR_K05_LOCAL::CLUSTERED_SHORTFALL::THETA_1000::EXTERNALITY_CF_BETA_050::Q95::equal_kw_reduction,16,10,True,RECOVERABLE_ALLOCATION_EXTERNALITY,0.015484804465,0.0324887046502,15.484804465,32.4887046502
MR_K05_LOCAL::CLUSTERED_SHORTFALL::THETA_1000::EXTERNALITY_CF_BETA_050::Q95::flat_level,1,10,True,RECOVERABLE_ALLOCATION_EXTERNALITY,0.139214964596,0.139214964596,139.214964596,139.214964596
MR_K05_LOCAL::CLUSTERED_SHORTFALL::THETA_1000::EXTERNALITY_CF_BETA_050::Q95::flat_level,2,10,True,RECOVERABLE_ALLOCATION_EXTERNALITY,0.141707706106,0.141707706106,141.707706106,141.707706106
MR_K05_LOCAL::CLUSTERED_SHORTFALL::THETA_1000::EXTERNALITY_CF_BETA_050::Q95::flat_level,3,10,True,RECOVERABLE_ALLOCATION_EXTERNALITY,0.128067652788,0.128067652788,128.067652788,128.067652788
MR_K05_LOCAL::CLUSTERED_SHORTFALL::THETA_1000::EXTERNALITY_CF_BETA_050::Q95::flat_level,4,10,True,RECOVERABLE_ALLOCATION_EXTERNALITY,0.0734144575311,0.0734144575311,73.4144575311,73.4144575311
MR_K05_LOCAL::CLUSTERED_SHORTFALL::THETA_1000::EXTERNALITY_CF_BETA_050::Q95::flat_level,5,10,True,RECOVERABLE_ALLOCATION_EXTERNALITY,0.0656082216117,0.0656082216117,65.6082216117,65.6082216117
MR_K05_LOCAL::CLUSTERED_SHORTFALL::THETA_1000::EXTERNALITY_CF_BETA_050::Q95::flat_level,6,10,True,RECOVERABLE_ALLOCATION_EXTERNALITY,0.0114330057828,0.0114330057828,11.4330057828,11.4330057828
MR_K05_LOCAL::CLUSTERED_SHORTFALL::THETA_1000::EXTERNALITY_CF_BETA_050::Q95::flat_level,7,10,True,RECOVERABLE_ALLOCATION_EXTERNALITY,0.0690087963595,0.0690087963595,69.0087963595,69.0087963595
MR_K05_LOCAL::CLUSTERED_SHORTFALL::THETA_1000::EXTERNALITY_CF_BETA_050::Q95::flat_level,8,10,True,RECOVERABLE_ALLOCATION_EXTERNALITY,0.0642470387944,0.0642470387944,64.2470387944,64.2470387944
MR_K05_LOCAL::CLUSTERED_SHORTFALL::THETA_1000::EXTERNALITY_CF_BETA_050::Q95::flat_level,9,10,True,RECOVERABLE_ALLOCATION_EXTERNALITY,0.076964859558,0.076964859558,76.964859558,76.964859558
MR_K05_LOCAL::CLUSTERED_SHORTFALL::THETA_1000::EXTERNALITY_CF_BETA_050::Q95::flat_level,10,10,True,RECOVERABLE_ALLOCATION_EXTERNALITY,0.10092427679,0.10092427679,100.92427679,100.92427679
MR_K05_LOCAL::CLUSTERED_SHORTFALL::THETA_1000::EXTERNALITY_CF_BETA_050::Q95::flat_level,11,10,True,RECOVERABLE_ALLOCATION_EXTERNALITY,0.0969456162393,0.0969456162393,96.9456162393,96.9456162393
MR_K05_LOCAL::CLUSTERED_SHORTFALL::THETA_1000::EXTERNALITY_CF_BETA_050::Q95::flat_level,12,10,True,RECOVERABLE_ALLOCATION_EXTERNALITY,0.123576838243,0.123576838243,123.576838243,123.576838243
MR_K05_LOCAL::CLUSTERED_SHORTFALL::THETA_1000::EXTERNALITY_CF_BETA_050::Q95::flat_level,13,10,True,RECOVERABLE_ALLOCATION_EXTERNALITY,0.0806776372909,0.0806776372909,80.6776372909,80.6776372909
MR_K05_LOCAL::CLUSTERED_SHORTFALL::THETA_1000::EXTERNALITY_CF_BETA_050::Q95::flat_level,14,10,True,RECOVERABLE_ALLOCATION_EXTERNALITY,0.110183089363,0.110183089363,110.183089363,110.183089363
MR_K05_LOCAL::CLUSTERED_SHORTFALL::THETA_1000::EXTERNALITY_CF_BETA_050::Q95::flat_level,15,10,True,RECOVERABLE_ALLOCATION_EXTERNALITY,0.0756350154776,0.0756350154776,75.6350154776,75.6350154776
MR_K05_LOCAL::CLUSTERED_SHORTFALL::THETA_1000::EXTERNALITY_CF_BETA_050::Q95::flat_level,16,10,True,RECOVERABLE_ALLOCATION_EXTERNALITY,0.0927395910917,0.0927395910917,92.7395910917,92.7395910917
MR_K05_LOCAL::CLUSTERED_SHORTFALL::THETA_1000::EXTERNALITY_CF_BETA_050::Q95::max_export_lp,1,10,True,RECOVERABLE_ALLOCATION_EXTERNALITY,0.0434111677952,0.0434111677952,43.4111677952,43.4111677952
MR_K05_LOCAL::CLUSTERED_SHORTFALL::THETA_1000::EXTERNALITY_CF_BETA_050::Q95::max_export_lp,2,10,True,RECOVERABLE_ALLOCATION_EXTERNALITY,0.0418363153568,0.0418363153715,41.8363153568,41.8363153715
MR_K05_LOCAL::CLUSTERED_SHORTFALL::THETA_1000::EXTERNALITY_CF_BETA_050::Q95::max_export_lp,3,10,True,RECOVERABLE_ALLOCATION_EXTERNALITY,0.0195828889576,0.0195828889582,19.5828889576,19.5828889582
MR_K05_LOCAL::CLUSTERED_SHORTFALL::THETA_1000::EXTERNALITY_CF_BETA_050::Q95::max_export_lp,4,10,True,RECOVERABLE_ALLOCATION_EXTERNALITY,0.0350626854804,0.0350626854806,35.0626854804,35.0626854806
MR_K05_LOCAL::CLUSTERED_SHORTFALL::THETA_1000::EXTERNALITY_CF_BETA_050::Q95::max_export_lp,5,10,True,RECOVERABLE_ALLOCATION_EXTERNALITY,0.0388682460018,0.0388682460018,38.8682460018,38.8682460018
MR_K05_LOCAL::CLUSTERED_SHORTFALL::THETA_1000::EXTERNALITY_CF_BETA_050::Q95::max_export_lp,6,10,True,RECOVERABLE_ALLOCATION_EXTERNALITY,0.041788398826,0.0417883988268,41.788398826,41.7883988268
MR_K05_LOCAL::CLUSTERED_SHORTFALL::THETA_1000::EXTERNALITY_CF_BETA_050::Q95::max_export_lp,7,10,True,RECOVERABLE_ALLOCATION_EXTERNALITY,0.0323403876369,0.032340387637,32.3403876369,32.340387637
MR_K05_LOCAL::CLUSTERED_SHORTFALL::THETA_1000::EXTERNALITY_CF_BETA_050::Q95::max_export_lp,8,10,True,RECOVERABLE_ALLOCATION_EXTERNALITY,0.0166727857496,0.0166727857498,16.6727857496,16.6727857498
MR_K05_LOCAL::CLUSTERED_SHORTFALL::THETA_1000::EXTERNALITY_CF_BETA_050::Q95::max_export_lp,9,10,True,RECOVERABLE_ALLOCATION_EXTERNALITY,0.0203779932953,0.0203779932961,20.3779932953,20.3779932961
MR_K05_LOCAL::CLUSTERED_SHORTFALL::THETA_1000::EXTERNALITY_CF_BETA_050::Q95::max_export_lp,10,10,True,RECOVERABLE_ALLOCATION_EXTERNALITY,0.0183962993249,0.0183962993249,18.3962993249,18.3962993249
MR_K05_LOCAL::CLUSTERED_SHORTFALL::THETA_1000::EXTERNALITY_CF_BETA_050::Q95::max_export_lp,11,10,True,RECOVERABLE_ALLOCATION_EXTERNALITY,0.0267331171494,0.0267331171495,26.7331171494,26.7331171495
MR_K05_LOCAL::CLUSTERED_SHORTFALL::THETA_1000::EXTERNALITY_CF_BETA_050::Q95::max_export_lp,12,10,True,RECOVERABLE_ALLOCATION_EXTERNALITY,0.0292741587331,0.029274158734,29.2741587331,29.274158734
MR_K05_LOCAL::CLUSTERED_SHORTFALL::THETA_1000::EXTERNALITY_CF_BETA_050::Q95::max_export_lp,13,10,True,RECOVERABLE_ALLOCATION_EXTERNALITY,0.0388220876757,0.0388220876764,38.8220876757,38.8220876764
MR_K05_LOCAL::CLUSTERED_SHORTFALL::THETA_1000::EXTERNALITY_CF_BETA_050::Q95::max_export_lp,14,10,True,RECOVERABLE_ALLOCATION_EXTERNALITY,0.0385691667635,0.0385691667636,38.5691667635,38.5691667636
MR_K05_LOCAL::CLUSTERED_SHORTFALL::THETA_1000::EXTERNALITY_CF_BETA_050::Q95::max_export_lp,15,10,True,RECOVERABLE_ALLOCATION_EXTERNALITY,0.0295275316961,0.0295275316986,29.5275316961,29.5275316986
MR_K05_LOCAL::CLUSTERED_SHORTFALL::THETA_1000::EXTERNALITY_CF_BETA_050::Q95::max_export_lp,16,10,True,RECOVERABLE_ALLOCATION_EXTERNALITY,0.0334232951899,0.03342329519,33.4232951899,33.42329519
MR_K05_LOCAL::CLUSTERED_SHORTFALL::THETA_1000::EXTERNALITY_CF_BETA_050::Q95::fairness_qp,1,10,True,RECOVERABLE_ALLOCATION_EXTERNALITY,0.0246934970687,0.0472346641168,24.6934970687,47.2346641168
MR_K05_LOCAL::CLUSTERED_SHORTFALL::THETA_1000::EXTERNALITY_CF_BETA_050::Q95::fairness_qp,2,10,True,RECOVERABLE_ALLOCATION_EXTERNALITY,0.0279669699161,0.048370467409,27.9669699161,48.370467409
MR_K05_LOCAL::CLUSTERED_SHORTFALL::THETA_1000::EXTERNALITY_CF_BETA_050::Q95::fairness_qp,3,10,True,RECOVERABLE_ALLOCATION_EXTERNALITY,0.0233719115705,0.0341942626583,23.3719115705,34.1942626583
MR_K05_LOCAL::CLUSTERED_SHORTFALL::THETA_1000::EXTERNALITY_CF_BETA_050::Q95::fairness_qp,4,10,True,RECOVERABLE_ALLOCATION_EXTERNALITY,0.0325373474849,0.0456569602592,32.5373474849,45.6569602592
MR_K05_LOCAL::CLUSTERED_SHORTFALL::THETA_1000::EXTERNALITY_CF_BETA_050::Q95::fairness_qp,5,10,True,RECOVERABLE_ALLOCATION_EXTERNALITY,0.0279948785705,0.039731679564,27.9948785705,39.731679564
MR_K05_LOCAL::CLUSTERED_SHORTFALL::THETA_1000::EXTERNALITY_CF_BETA_050::Q95::fairness_qp,6,10,True,RECOVERABLE_ALLOCATION_EXTERNALITY,0.0378733507724,0.0476815164793,37.8733507724,47.6815164793
MR_K05_LOCAL::CLUSTERED_SHORTFALL::THETA_1000::EXTERNALITY_CF_BETA_050::Q95::fairness_qp,7,10,True,RECOVERABLE_ALLOCATION_EXTERNALITY,0.0311341518425,0.0411314964741,31.1341518425,41.1314964741
MR_K05_LOCAL::CLUSTERED_SHORTFALL::THETA_1000::EXTERNALITY_CF_BETA_050::Q95::fairness_qp,8,10,True,RECOVERABLE_ALLOCATION_EXTERNALITY,0.0224914596899,0.0333054708506,22.4914596899,33.3054708506
MR_K05_LOCAL::CLUSTERED_SHORTFALL::THETA_1000::EXTERNALITY_CF_BETA_050::Q95::fairness_qp,9,10,True,RECOVERABLE_ALLOCATION_EXTERNALITY,0.0284139125651,0.0368128327146,28.4139125651,36.8128327146
MR_K05_LOCAL::CLUSTERED_SHORTFALL::THETA_1000::EXTERNALITY_CF_BETA_050::Q95::fairness_qp,10,10,True,RECOVERABLE_ALLOCATION_EXTERNALITY,0.0255475201806,0.0387533518821,25.5475201806,38.7533518821
MR_K05_LOCAL::CLUSTERED_SHORTFALL::THETA_1000::EXTERNALITY_CF_BETA_050::Q95::fairness_qp,11,10,True,RECOVERABLE_ALLOCATION_EXTERNALITY,0.0177999451351,0.031861066137,17.7999451351,31.861066137
MR_K05_LOCAL::CLUSTERED_SHORTFALL::THETA_1000::EXTERNALITY_CF_BETA_050::Q95::fairness_qp,12,10,True,RECOVERABLE_ALLOCATION_EXTERNALITY,0.0158364025268,0.0264560182684,15.8364025268,26.4560182684
MR_K05_LOCAL::CLUSTERED_SHORTFALL::THETA_1000::EXTERNALITY_CF_BETA_050::Q95::fairness_qp,13,10,True,RECOVERABLE_ALLOCATION_EXTERNALITY,0.0190516644593,0.03745052495,19.0516644593,37.45052495
MR_K05_LOCAL::CLUSTERED_SHORTFALL::THETA_1000::EXTERNALITY_CF_BETA_050::Q95::fairness_qp,14,10,True,RECOVERABLE_ALLOCATION_EXTERNALITY,0.0192046561327,0.0350534287227,19.2046561327,35.0534287227
MR_K05_LOCAL::CLUSTERED_SHORTFALL::THETA_1000::EXTERNALITY_CF_BETA_050::Q95::fairness_qp,15,10,True,RECOVERABLE_ALLOCATION_EXTERNALITY,0.00670991864462,0.0262402222529,6.70991864462,26.2402222529
MR_K05_LOCAL::CLUSTERED_SHORTFALL::THETA_1000::EXTERNALITY_CF_BETA_050::Q95::fairness_qp,16,10,True,RECOVERABLE_ALLOCATION_EXTERNALITY,0.0174675377391,0.035919251823,17.4675377391,35.919251823
MR_K05_LOCAL::INTERMITTENT_SHORTFALL::THETA_0000::EXTERNALITY_CF_BETA_050::Q0::weighted_proportional,1,0,True,RECOVERABLE_ALLOCATION_EXTERNALITY,0.0814270529941,0.11924123792,81.4270529941,119.24123792
MR_K05_LOCAL::INTERMITTENT_SHORTFALL::THETA_0000::EXTERNALITY_CF_BETA_050::Q0::weighted_proportional,2,0,True,RECOVERABLE_ALLOCATION_EXTERNALITY,0.0318346486747,0.0831389775089,31.8346486747,83.1389775089
MR_K05_LOCAL::INTERMITTENT_SHORTFALL::THETA_0000::EXTERNALITY_CF_BETA_050::Q0::weighted_proportional,3,0,True,RECOVERABLE_ALLOCATION_EXTERNALITY,0.0668465005036,0.097581744046,66.8465005036,97.581744046
MR_K05_LOCAL::INTERMITTENT_SHORTFALL::THETA_0000::EXTERNALITY_CF_BETA_050::Q0::weighted_proportional,4,0,True,RECOVERABLE_ALLOCATION_EXTERNALITY,0.0477386502929,0.0838320062095,47.7386502929,83.8320062095
MR_K05_LOCAL::INTERMITTENT_SHORTFALL::THETA_0000::EXTERNALITY_CF_BETA_050::Q0::weighted_proportional,5,0,True,RECOVERABLE_ALLOCATION_EXTERNALITY,0.0338341595034,0.0792802818659,33.8341595034,79.2802818659
MR_K05_LOCAL::INTERMITTENT_SHORTFALL::THETA_0000::EXTERNALITY_CF_BETA_050::Q0::weighted_proportional,6,0,True,RECOVERABLE_ALLOCATION_EXTERNALITY,0.0505469606124,0.0914382804473,50.5469606124,91.4382804473
MR_K05_LOCAL::INTERMITTENT_SHORTFALL::THETA_0000::EXTERNALITY_CF_BETA_050::Q0::weighted_proportional,7,0,True,RECOVERABLE_ALLOCATION_EXTERNALITY,0.0460416818494,0.0869294242134,46.0416818494,86.9294242134
MR_K05_LOCAL::INTERMITTENT_SHORTFALL::THETA_0000::EXTERNALITY_CF_BETA_050::Q0::weighted_proportional,8,0,True,RECOVERABLE_ALLOCATION_EXTERNALITY,0.036902877553,0.0813321449448,36.902877553,81.3321449448
MR_K05_LOCAL::INTERMITTENT_SHORTFALL::THETA_0000::EXTERNALITY_CF_BETA_050::Q0::weighted_proportional,9,0,True,RECOVERABLE_ALLOCATION_EXTERNALITY,0.0276409563991,0.0779793949148,27.6409563991,77.9793949148
MR_K05_LOCAL::INTERMITTENT_SHORTFALL::THETA_0000::EXTERNALITY_CF_BETA_050::Q0::weighted_proportional,10,0,True,RECOVERABLE_ALLOCATION_EXTERNALITY,0.071424885669,0.105686512668,71.424885669,105.686512668
MR_K05_LOCAL::INTERMITTENT_SHORTFALL::THETA_0000::EXTERNALITY_CF_BETA_050::Q0::weighted_proportional,11,0,True,RECOVERABLE_ALLOCATION_EXTERNALITY,0.0462393686355,0.0858820102271,46.2393686355,85.8820102271
MR_K05_LOCAL::INTERMITTENT_SHORTFALL::THETA_0000::EXTERNALITY_CF_BETA_050::Q0::weighted_proportional,12,0,True,RECOVERABLE_ALLOCATION_EXTERNALITY,0.04312264041,0.0848968732434,43.12264041,84.8968732434
MR_K05_LOCAL::INTERMITTENT_SHORTFALL::THETA_0000::EXTERNALITY_CF_BETA_050::Q0::weighted_proportional,13,0,True,RECOVERABLE_ALLOCATION_EXTERNALITY,0.0540367165041,0.0919297209465,54.0367165041,91.9297209465
MR_K05_LOCAL::INTERMITTENT_SHORTFALL::THETA_0000::EXTERNALITY_CF_BETA_050::Q0::weighted_proportional,14,0,True,RECOVERABLE_ALLOCATION_EXTERNALITY,0.0373419827132,0.0810163613512,37.3419827132,81.0163613512
MR_K05_LOCAL::INTERMITTENT_SHORTFALL::THETA_0000::EXTERNALITY_CF_BETA_050::Q0::weighted_proportional,15,0,True,RECOVERABLE_ALLOCATION_EXTERNALITY,0.034785555914,0.0812661867018,34.785555914,81.2661867018
MR_K05_LOCAL::INTERMITTENT_SHORTFALL::THETA_0000::EXTERNALITY_CF_BETA_050::Q0::weighted_proportional,16,0,True,RECOVERABLE_ALLOCATION_EXTERNALITY,0.0394419387114,0.0840917870691,39.4419387114,84.0917870691
MR_K05_LOCAL::INTERMITTENT_SHORTFALL::THETA_0000::EXTERNALITY_CF_BETA_050::Q0::equal_kw_reduction,1,0,True,RECOVERABLE_ALLOCATION_EXTERNALITY,0.032193271275,0.0665495587705,32.193271275,66.5495587705
MR_K05_LOCAL::INTERMITTENT_SHORTFALL::THETA_0000::EXTERNALITY_CF_BETA_050::Q0::equal_kw_reduction,2,0,True,RECOVERABLE_ALLOCATION_EXTERNALITY,0.0451093951016,0.069796870823,45.1093951016,69.796870823
MR_K05_LOCAL::INTERMITTENT_SHORTFALL::THETA_0000::EXTERNALITY_CF_BETA_050::Q0::equal_kw_reduction,3,0,True,RECOVERABLE_ALLOCATION_EXTERNALITY,0.0122045562813,0.0422741116906,12.2045562813,42.2741116906
MR_K05_LOCAL::INTERMITTENT_SHORTFALL::THETA_0000::EXTERNALITY_CF_BETA_050::Q0::equal_kw_reduction,4,0,True,RECOVERABLE_ALLOCATION_EXTERNALITY,0.0406238508917,0.0702336083569,40.6238508917,70.2336083569
MR_K05_LOCAL::INTERMITTENT_SHORTFALL::THETA_0000::EXTERNALITY_CF_BETA_050::Q0::equal_kw_reduction,5,0,True,RECOVERABLE_ALLOCATION_EXTERNALITY,0.0336013867211,0.0588304911563,33.6013867211,58.8304911563
MR_K05_LOCAL::INTERMITTENT_SHORTFALL::THETA_0000::EXTERNALITY_CF_BETA_050::Q0::equal_kw_reduction,6,0,True,RECOVERABLE_ALLOCATION_EXTERNALITY,0.0286109367985,0.0539947460007,28.6109367985,53.9947460007
MR_K05_LOCAL::INTERMITTENT_SHORTFALL::THETA_0000::EXTERNALITY_CF_BETA_050::Q0::equal_kw_reduction,7,0,True,RECOVERABLE_ALLOCATION_EXTERNALITY,0.0300001683115,0.0596115703108,30.0001683115,59.6115703108
MR_K05_LOCAL::INTERMITTENT_SHORTFALL::THETA_0000::EXTERNALITY_CF_BETA_050::Q0::equal_kw_reduction,8,0,True,RECOVERABLE_ALLOCATION_EXTERNALITY,0.0372954682307,0.0640798212355,37.2954682307,64.0798212355
MR_K05_LOCAL::INTERMITTENT_SHORTFALL::THETA_0000::EXTERNALITY_CF_BETA_050::Q0::equal_kw_reduction,9,0,True,RECOVERABLE_ALLOCATION_EXTERNALITY,0.02458623716,0.0500643270854,24.58623716,50.0643270854
MR_K05_LOCAL::INTERMITTENT_SHORTFALL::THETA_0000::EXTERNALITY_CF_BETA_050::Q0::equal_kw_reduction,10,0,True,RECOVERABLE_ALLOCATION_EXTERNALITY,0.0250952167752,0.0542471577866,25.0952167752,54.2471577866
MR_K05_LOCAL::INTERMITTENT_SHORTFALL::THETA_0000::EXTERNALITY_CF_BETA_050::Q0::equal_kw_reduction,11,0,True,RECOVERABLE_ALLOCATION_EXTERNALITY,0.0403128768905,0.0666902284361,40.3128768905,66.6902284361
MR_K05_LOCAL::INTERMITTENT_SHORTFALL::THETA_0000::EXTERNALITY_CF_BETA_050::Q0::equal_kw_reduction,12,0,True,RECOVERABLE_ALLOCATION_EXTERNALITY,0.0309209558425,0.0551138904364,30.9209558425,55.1138904364
MR_K05_LOCAL::INTERMITTENT_SHORTFALL::THETA_0000::EXTERNALITY_CF_BETA_050::Q0::equal_kw_reduction,13,0,True,RECOVERABLE_ALLOCATION_EXTERNALITY,0.0319538074318,0.0607010398033,31.9538074318,60.7010398033
MR_K05_LOCAL::INTERMITTENT_SHORTFALL::THETA_0000::EXTERNALITY_CF_BETA_050::Q0::equal_kw_reduction,14,0,True,RECOVERABLE_ALLOCATION_EXTERNALITY,0.0308809120467,0.0592362434854,30.8809120467,59.2362434854
MR_K05_LOCAL::INTERMITTENT_SHORTFALL::THETA_0000::EXTERNALITY_CF_BETA_050::Q0::equal_kw_reduction,15,0,True,RECOVERABLE_ALLOCATION_EXTERNALITY,0.0359966113186,0.0608824809932,35.9966113186,60.8824809932
MR_K05_LOCAL::INTERMITTENT_SHORTFALL::THETA_0000::EXTERNALITY_CF_BETA_050::Q0::equal_kw_reduction,16,0,True,RECOVERABLE_ALLOCATION_EXTERNALITY,0.0218364120825,0.0500110431017,21.8364120825,50.0110431017
MR_K05_LOCAL::INTERMITTENT_SHORTFALL::THETA_0000::EXTERNALITY_CF_BETA_050::Q0::flat_level,1,0,True,RECOVERABLE_ALLOCATION_EXTERNALITY,0.240410652318,0.240410652318,240.410652318,240.410652318
MR_K05_LOCAL::INTERMITTENT_SHORTFALL::THETA_0000::EXTERNALITY_CF_BETA_050::Q0::flat_level,2,0,True,RECOVERABLE_ALLOCATION_EXTERNALITY,0.0993125826618,0.0993125826618,99.3125826618,99.3125826618
MR_K05_LOCAL::INTERMITTENT_SHORTFALL::THETA_0000::EXTERNALITY_CF_BETA_050::Q0::flat_level,3,0,True,RECOVERABLE_ALLOCATION_EXTERNALITY,0.231081082896,0.231081082896,231.081082896,231.081082896
MR_K05_LOCAL::INTERMITTENT_SHORTFALL::THETA_0000::EXTERNALITY_CF_BETA_050::Q0::flat_level,4,0,True,RECOVERABLE_ALLOCATION_EXTERNALITY,0.152917265379,0.152917265379,152.917265379,152.917265379
MR_K05_LOCAL::INTERMITTENT_SHORTFALL::THETA_0000::EXTERNALITY_CF_BETA_050::Q0::flat_level,5,0,True,RECOVERABLE_ALLOCATION_EXTERNALITY,0.0937943392112,0.0937943392112,93.7943392112,93.7943392112
MR_K05_LOCAL::INTERMITTENT_SHORTFALL::THETA_0000::EXTERNALITY_CF_BETA_050::Q0::flat_level,6,0,True,RECOVERABLE_ALLOCATION_EXTERNALITY,0.170007181011,0.170007181011,170.007181011,170.007181011
MR_K05_LOCAL::INTERMITTENT_SHORTFALL::THETA_0000::EXTERNALITY_CF_BETA_050::Q0::flat_level,7,0,True,RECOVERABLE_ALLOCATION_EXTERNALITY,0.186294606412,0.186294606412,186.294606412,186.294606412
MR_K05_LOCAL::INTERMITTENT_SHORTFALL::THETA_0000::EXTERNALITY_CF_BETA_050::Q0::flat_level,8,0,True,RECOVERABLE_ALLOCATION_EXTERNALITY,0.133020373234,0.133020373234,133.020373234,133.020373234
MR_K05_LOCAL::INTERMITTENT_SHORTFALL::THETA_0000::EXTERNALITY_CF_BETA_050::Q0::flat_level,9,0,True,RECOVERABLE_ALLOCATION_EXTERNALITY,0.12945982247,0.12945982247,129.45982247,129.45982247
MR_K05_LOCAL::INTERMITTENT_SHORTFALL::THETA_0000::EXTERNALITY_CF_BETA_050::Q0::flat_level,10,0,True,RECOVERABLE_ALLOCATION_EXTERNALITY,0.232284807283,0.232284807283,232.284807283,232.284807283
MR_K05_LOCAL::INTERMITTENT_SHORTFALL::THETA_0000::EXTERNALITY_CF_BETA_050::Q0::flat_level,11,0,True,RECOVERABLE_ALLOCATION_EXTERNALITY,0.115702294069,0.115702294069,115.702294069,115.702294069
MR_K05_LOCAL::INTERMITTENT_SHORTFALL::THETA_0000::EXTERNALITY_CF_BETA_050::Q0::flat_level,12,0,True,RECOVERABLE_ALLOCATION_EXTERNALITY,0.166693713098,0.166693713098,166.693713098,166.693713098
MR_K05_LOCAL::INTERMITTENT_SHORTFALL::THETA_0000::EXTERNALITY_CF_BETA_050::Q0::flat_level,13,0,True,RECOVERABLE_ALLOCATION_EXTERNALITY,0.18820852057,0.18820852057,188.20852057,188.20852057
MR_K05_LOCAL::INTERMITTENT_SHORTFALL::THETA_0000::EXTERNALITY_CF_BETA_050::Q0::flat_level,14,0,True,RECOVERABLE_ALLOCATION_EXTERNALITY,0.140317743751,0.140317743751,140.317743751,140.317743751
MR_K05_LOCAL::INTERMITTENT_SHORTFALL::THETA_0000::EXTERNALITY_CF_BETA_050::Q0::flat_level,15,0,True,RECOVERABLE_ALLOCATION_EXTERNALITY,0.125423924766,0.125423924766,125.423924766,125.423924766
MR_K05_LOCAL::INTERMITTENT_SHORTFALL::THETA_0000::EXTERNALITY_CF_BETA_050::Q0::flat_level,16,0,True,RECOVERABLE_ALLOCATION_EXTERNALITY,0.181595267846,0.181595267846,181.595267846,181.595267846
MR_K05_LOCAL::INTERMITTENT_SHORTFALL::THETA_0000::EXTERNALITY_CF_BETA_050::Q0::max_export_lp,1,0,True,RECOVERABLE_ALLOCATION_EXTERNALITY,0.0466912983749,0.0466912983749,46.6912983749,46.6912983749
MR_K05_LOCAL::INTERMITTENT_SHORTFALL::THETA_0000::EXTERNALITY_CF_BETA_050::Q0::max_export_lp,2,0,True,RECOVERABLE_ALLOCATION_EXTERNALITY,0.0739802422203,0.0739802422209,73.9802422203,73.9802422209
MR_K05_LOCAL::INTERMITTENT_SHORTFALL::THETA_0000::EXTERNALITY_CF_BETA_050::Q0::max_export_lp,3,0,True,RECOVERABLE_ALLOCATION_EXTERNALITY,0.0261844916345,0.0261844916346,26.1844916345,26.1844916346
MR_K05_LOCAL::INTERMITTENT_SHORTFALL::THETA_0000::EXTERNALITY_CF_BETA_050::Q0::max_export_lp,4,0,True,RECOVERABLE_ALLOCATION_EXTERNALITY,0.0423492973176,0.0423492973177,42.3492973176,42.3492973177
MR_K05_LOCAL::INTERMITTENT_SHORTFALL::THETA_0000::EXTERNALITY_CF_BETA_050::Q0::max_export_lp,5,0,True,RECOVERABLE_ALLOCATION_EXTERNALITY,0.0509428993492,0.0509428993493,50.9428993492,50.9428993493
MR_K05_LOCAL::INTERMITTENT_SHORTFALL::THETA_0000::EXTERNALITY_CF_BETA_050::Q0::max_export_lp,6,0,True,RECOVERABLE_ALLOCATION_EXTERNALITY,0.0552468350354,0.0552468350354,55.2468350354,55.2468350354
MR_K05_LOCAL::INTERMITTENT_SHORTFALL::THETA_0000::EXTERNALITY_CF_BETA_050::Q0::max_export_lp,7,0,True,RECOVERABLE_ALLOCATION_EXTERNALITY,0.0409800198439,0.0409800198441,40.9800198439,40.9800198441
MR_K05_LOCAL::INTERMITTENT_SHORTFALL::THETA_0000::EXTERNALITY_CF_BETA_050::Q0::max_export_lp,8,0,True,RECOVERABLE_ALLOCATION_EXTERNALITY,0.0432684418148,0.0432684418149,43.2684418148,43.2684418149
MR_K05_LOCAL::INTERMITTENT_SHORTFALL::THETA_0000::EXTERNALITY_CF_BETA_050::Q0::max_export_lp,9,0,True,RECOVERABLE_ALLOCATION_EXTERNALITY,0.0566886150892,0.0566886150892,56.6886150892,56.6886150892
MR_K05_LOCAL::INTERMITTENT_SHORTFALL::THETA_0000::EXTERNALITY_CF_BETA_050::Q0::max_export_lp,10,0,True,RECOVERABLE_ALLOCATION_EXTERNALITY,0.0307329571114,0.0307329571117,30.7329571114,30.7329571117
MR_K05_LOCAL::INTERMITTENT_SHORTFALL::THETA_0000::EXTERNALITY_CF_BETA_050::Q0::max_export_lp,11,0,True,RECOVERABLE_ALLOCATION_EXTERNALITY,0.0502864118763,0.0502864118764,50.2864118763,50.2864118764
MR_K05_LOCAL::INTERMITTENT_SHORTFALL::THETA_0000::EXTERNALITY_CF_BETA_050::Q0::max_export_lp,12,0,True,RECOVERABLE_ALLOCATION_EXTERNALITY,0.0552104290227,0.0552104290228,55.2104290227,55.2104290228
MR_K05_LOCAL::INTERMITTENT_SHORTFALL::THETA_0000::EXTERNALITY_CF_BETA_050::Q0::max_export_lp,13,0,True,RECOVERABLE_ALLOCATION_EXTERNALITY,0.0468107330537,0.0468107330605,46.8107330537,46.8107330605
MR_K05_LOCAL::INTERMITTENT_SHORTFALL::THETA_0000::EXTERNALITY_CF_BETA_050::Q0::max_export_lp,14,0,True,RECOVERABLE_ALLOCATION_EXTERNALITY,0.0385396596777,0.0385396596779,38.5396596777,38.5396596779
MR_K05_LOCAL::INTERMITTENT_SHORTFALL::THETA_0000::EXTERNALITY_CF_BETA_050::Q0::max_export_lp,15,0,True,RECOVERABLE_ALLOCATION_EXTERNALITY,0.0608372336062,0.0608372336065,60.8372336062,60.8372336065
MR_K05_LOCAL::INTERMITTENT_SHORTFALL::THETA_0000::EXTERNALITY_CF_BETA_050::Q0::max_export_lp,16,0,True,RECOVERABLE_ALLOCATION_EXTERNALITY,0.049085348322,0.049085348322,49.085348322,49.085348322
MR_K05_LOCAL::INTERMITTENT_SHORTFALL::THETA_0000::EXTERNALITY_CF_BETA_050::Q0::fairness_qp,1,0,True,RECOVERABLE_ALLOCATION_EXTERNALITY,0.031597610668,0.0610358498336,31.597610668,61.0358498336
MR_K05_LOCAL::INTERMITTENT_SHORTFALL::THETA_0000::EXTERNALITY_CF_BETA_050::Q0::fairness_qp,2,0,True,RECOVERABLE_ALLOCATION_EXTERNALITY,0.0674774301036,0.0803209099838,67.4774301036,80.3209099838
MR_K05_LOCAL::INTERMITTENT_SHORTFALL::THETA_0000::EXTERNALITY_CF_BETA_050::Q0::fairness_qp,3,0,True,RECOVERABLE_ALLOCATION_EXTERNALITY,0.0247647439177,0.0411647863053,24.7647439177,41.1647863053
MR_K05_LOCAL::INTERMITTENT_SHORTFALL::THETA_0000::EXTERNALITY_CF_BETA_050::Q0::fairness_qp,4,0,True,RECOVERABLE_ALLOCATION_EXTERNALITY,0.0379360493492,0.0563962077515,37.9360493492,56.3962077515
MR_K05_LOCAL::INTERMITTENT_SHORTFALL::THETA_0000::EXTERNALITY_CF_BETA_050::Q0::fairness_qp,5,0,True,RECOVERABLE_ALLOCATION_EXTERNALITY,0.032446750813,0.0492293074581,32.446750813,49.2293074581
MR_K05_LOCAL::INTERMITTENT_SHORTFALL::THETA_0000::EXTERNALITY_CF_BETA_050::Q0::fairness_qp,6,0,True,RECOVERABLE_ALLOCATION_EXTERNALITY,0.0507556055111,0.0614423150402,50.7556055111,61.4423150402
MR_K05_LOCAL::INTERMITTENT_SHORTFALL::THETA_0000::EXTERNALITY_CF_BETA_050::Q0::fairness_qp,7,0,True,RECOVERABLE_ALLOCATION_EXTERNALITY,0.0289447169367,0.0489263428715,28.9447169367,48.9263428715
MR_K05_LOCAL::INTERMITTENT_SHORTFALL::THETA_0000::EXTERNALITY_CF_BETA_050::Q0::fairness_qp,8,0,True,RECOVERABLE_ALLOCATION_EXTERNALITY,0.0307499153615,0.0503893574036,30.7499153615,50.3893574036
MR_K05_LOCAL::INTERMITTENT_SHORTFALL::THETA_0000::EXTERNALITY_CF_BETA_050::Q0::fairness_qp,9,0,True,RECOVERABLE_ALLOCATION_EXTERNALITY,0.0456860324274,0.0592512818588,45.6860324274,59.2512818588
MR_K05_LOCAL::INTERMITTENT_SHORTFALL::THETA_0000::EXTERNALITY_CF_BETA_050::Q0::fairness_qp,10,0,True,RECOVERABLE_ALLOCATION_EXTERNALITY,0.0358549669079,0.0522090535716,35.8549669079,52.2090535716
MR_K05_LOCAL::INTERMITTENT_SHORTFALL::THETA_0000::EXTERNALITY_CF_BETA_050::Q0::fairness_qp,11,0,True,RECOVERABLE_ALLOCATION_EXTERNALITY,0.042369719105,0.0593934363674,42.369719105,59.3934363674
MR_K05_LOCAL::INTERMITTENT_SHORTFALL::THETA_0000::EXTERNALITY_CF_BETA_050::Q0::fairness_qp,12,0,True,RECOVERABLE_ALLOCATION_EXTERNALITY,0.0411110201404,0.055141692126,41.1110201404,55.141692126
MR_K05_LOCAL::INTERMITTENT_SHORTFALL::THETA_0000::EXTERNALITY_CF_BETA_050::Q0::fairness_qp,13,0,True,RECOVERABLE_ALLOCATION_EXTERNALITY,0.0350753151955,0.0521810228881,35.0753151955,52.1810228881
MR_K05_LOCAL::INTERMITTENT_SHORTFALL::THETA_0000::EXTERNALITY_CF_BETA_050::Q0::fairness_qp,14,0,True,RECOVERABLE_ALLOCATION_EXTERNALITY,0.0295130721032,0.0492565106016,29.5130721032,49.2565106016
MR_K05_LOCAL::INTERMITTENT_SHORTFALL::THETA_0000::EXTERNALITY_CF_BETA_050::Q0::fairness_qp,15,0,True,RECOVERABLE_ALLOCATION_EXTERNALITY,0.0466348555388,0.0593687203825,46.6348555388,59.3687203825
MR_K05_LOCAL::INTERMITTENT_SHORTFALL::THETA_0000::EXTERNALITY_CF_BETA_050::Q0::fairness_qp,16,0,True,RECOVERABLE_ALLOCATION_EXTERNALITY,0.0315529707809,0.0466700059413,31.5529707809,46.6700059413
MR_K05_LOCAL::INTERMITTENT_SHORTFALL::THETA_0000::EXTERNALITY_CF_BETA_050::Q95::weighted_proportional,1,0,True,RECOVERABLE_ALLOCATION_EXTERNALITY,0.0814270529991,0.119241237924,81.4270529991,119.241237924
MR_K05_LOCAL::INTERMITTENT_SHORTFALL::THETA_0000::EXTERNALITY_CF_BETA_050::Q95::weighted_proportional,2,0,True,RECOVERABLE_ALLOCATION_EXTERNALITY,0.0318346486745,0.0831389775086,31.8346486745,83.1389775086
MR_K05_LOCAL::INTERMITTENT_SHORTFALL::THETA_0000::EXTERNALITY_CF_BETA_050::Q95::weighted_proportional,3,0,True,RECOVERABLE_ALLOCATION_EXTERNALITY,0.0668465004987,0.097581744041,66.8465004987,97.581744041
MR_K05_LOCAL::INTERMITTENT_SHORTFALL::THETA_0000::EXTERNALITY_CF_BETA_050::Q95::weighted_proportional,4,0,True,RECOVERABLE_ALLOCATION_EXTERNALITY,0.047738650293,0.0838320062094,47.738650293,83.8320062094
MR_K05_LOCAL::INTERMITTENT_SHORTFALL::THETA_0000::EXTERNALITY_CF_BETA_050::Q95::weighted_proportional,5,0,True,RECOVERABLE_ALLOCATION_EXTERNALITY,0.0338341595015,0.0792802818638,33.8341595015,79.2802818638
MR_K05_LOCAL::INTERMITTENT_SHORTFALL::THETA_0000::EXTERNALITY_CF_BETA_050::Q95::weighted_proportional,6,0,True,RECOVERABLE_ALLOCATION_EXTERNALITY,0.0505469606123,0.091438280447,50.5469606123,91.438280447
MR_K05_LOCAL::INTERMITTENT_SHORTFALL::THETA_0000::EXTERNALITY_CF_BETA_050::Q95::weighted_proportional,7,0,True,RECOVERABLE_ALLOCATION_EXTERNALITY,0.0460416818446,0.0869294242084,46.0416818446,86.9294242084
MR_K05_LOCAL::INTERMITTENT_SHORTFALL::THETA_0000::EXTERNALITY_CF_BETA_050::Q95::weighted_proportional,8,0,True,RECOVERABLE_ALLOCATION_EXTERNALITY,0.0369028775517,0.0813321449436,36.9028775517,81.3321449436
MR_K05_LOCAL::INTERMITTENT_SHORTFALL::THETA_0000::EXTERNALITY_CF_BETA_050::Q95::weighted_proportional,9,0,True,RECOVERABLE_ALLOCATION_EXTERNALITY,0.0276409563961,0.0779793949115,27.6409563961,77.9793949115
MR_K05_LOCAL::INTERMITTENT_SHORTFALL::THETA_0000::EXTERNALITY_CF_BETA_050::Q95::weighted_proportional,10,0,True,RECOVERABLE_ALLOCATION_EXTERNALITY,0.0714248856672,0.105686512666,71.4248856672,105.686512666
MR_K05_LOCAL::INTERMITTENT_SHORTFALL::THETA_0000::EXTERNALITY_CF_BETA_050::Q95::weighted_proportional,11,0,True,RECOVERABLE_ALLOCATION_EXTERNALITY,0.0462393686304,0.0858820102218,46.2393686304,85.8820102218
MR_K05_LOCAL::INTERMITTENT_SHORTFALL::THETA_0000::EXTERNALITY_CF_BETA_050::Q95::weighted_proportional,12,0,True,RECOVERABLE_ALLOCATION_EXTERNALITY,0.0431226403991,0.0848968732325,43.1226403991,84.8968732325
MR_K05_LOCAL::INTERMITTENT_SHORTFALL::THETA_0000::EXTERNALITY_CF_BETA_050::Q95::weighted_proportional,13,0,True,RECOVERABLE_ALLOCATION_EXTERNALITY,0.0540367165024,0.0919297209448,54.0367165024,91.9297209448
MR_K05_LOCAL::INTERMITTENT_SHORTFALL::THETA_0000::EXTERNALITY_CF_BETA_050::Q95::weighted_proportional,14,0,True,RECOVERABLE_ALLOCATION_EXTERNALITY,0.0373419827094,0.0810163613473,37.3419827094,81.0163613473
MR_K05_LOCAL::INTERMITTENT_SHORTFALL::THETA_0000::EXTERNALITY_CF_BETA_050::Q95::weighted_proportional,15,0,True,RECOVERABLE_ALLOCATION_EXTERNALITY,0.0347855559137,0.0812661867013,34.7855559137,81.2661867013
MR_K05_LOCAL::INTERMITTENT_SHORTFALL::THETA_0000::EXTERNALITY_CF_BETA_050::Q95::weighted_proportional,16,0,True,RECOVERABLE_ALLOCATION_EXTERNALITY,0.039441938708,0.0840917870654,39.441938708,84.0917870654
MR_K05_LOCAL::INTERMITTENT_SHORTFALL::THETA_0000::EXTERNALITY_CF_BETA_050::Q95::equal_kw_reduction,1,0,True,RECOVERABLE_ALLOCATION_EXTERNALITY,0.032193271275,0.0665495587705,32.193271275,66.5495587705
MR_K05_LOCAL::INTERMITTENT_SHORTFALL::THETA_0000::EXTERNALITY_CF_BETA_050::Q95::equal_kw_reduction,2,0,True,RECOVERABLE_ALLOCATION_EXTERNALITY,0.0451093951016,0.069796870823,45.1093951016,69.796870823
MR_K05_LOCAL::INTERMITTENT_SHORTFALL::THETA_0000::EXTERNALITY_CF_BETA_050::Q95::equal_kw_reduction,3,0,True,RECOVERABLE_ALLOCATION_EXTERNALITY,0.0122045562813,0.0422741116906,12.2045562813,42.2741116906
MR_K05_LOCAL::INTERMITTENT_SHORTFALL::THETA_0000::EXTERNALITY_CF_BETA_050::Q95::equal_kw_reduction,4,0,True,RECOVERABLE_ALLOCATION_EXTERNALITY,0.0406238508917,0.0702336083569,40.6238508917,70.2336083569
MR_K05_LOCAL::INTERMITTENT_SHORTFALL::THETA_0000::EXTERNALITY_CF_BETA_050::Q95::equal_kw_reduction,5,0,True,RECOVERABLE_ALLOCATION_EXTERNALITY,0.0336013867211,0.0588304911563,33.6013867211,58.8304911563
MR_K05_LOCAL::INTERMITTENT_SHORTFALL::THETA_0000::EXTERNALITY_CF_BETA_050::Q95::equal_kw_reduction,6,0,True,RECOVERABLE_ALLOCATION_EXTERNALITY,0.0286109367985,0.0539947460007,28.6109367985,53.9947460007
MR_K05_LOCAL::INTERMITTENT_SHORTFALL::THETA_0000::EXTERNALITY_CF_BETA_050::Q95::equal_kw_reduction,7,0,True,RECOVERABLE_ALLOCATION_EXTERNALITY,0.0300001683115,0.0596115703108,30.0001683115,59.6115703108
MR_K05_LOCAL::INTERMITTENT_SHORTFALL::THETA_0000::EXTERNALITY_CF_BETA_050::Q95::equal_kw_reduction,8,0,True,RECOVERABLE_ALLOCATION_EXTERNALITY,0.0372954682307,0.0640798212355,37.2954682307,64.0798212355
MR_K05_LOCAL::INTERMITTENT_SHORTFALL::THETA_0000::EXTERNALITY_CF_BETA_050::Q95::equal_kw_reduction,9,0,True,RECOVERABLE_ALLOCATION_EXTERNALITY,0.02458623716,0.0500643270854,24.58623716,50.0643270854
MR_K05_LOCAL::INTERMITTENT_SHORTFALL::THETA_0000::EXTERNALITY_CF_BETA_050::Q95::equal_kw_reduction,10,0,True,RECOVERABLE_ALLOCATION_EXTERNALITY,0.0250952167752,0.0542471577866,25.0952167752,54.2471577866
MR_K05_LOCAL::INTERMITTENT_SHORTFALL::THETA_0000::EXTERNALITY_CF_BETA_050::Q95::equal_kw_reduction,11,0,True,RECOVERABLE_ALLOCATION_EXTERNALITY,0.0403128768905,0.0666902284361,40.3128768905,66.6902284361
MR_K05_LOCAL::INTERMITTENT_SHORTFALL::THETA_0000::EXTERNALITY_CF_BETA_050::Q95::equal_kw_reduction,12,0,True,RECOVERABLE_ALLOCATION_EXTERNALITY,0.0309209558425,0.0551138904364,30.9209558425,55.1138904364
MR_K05_LOCAL::INTERMITTENT_SHORTFALL::THETA_0000::EXTERNALITY_CF_BETA_050::Q95::equal_kw_reduction,13,0,True,RECOVERABLE_ALLOCATION_EXTERNALITY,0.0319538074318,0.0607010398033,31.9538074318,60.7010398033
MR_K05_LOCAL::INTERMITTENT_SHORTFALL::THETA_0000::EXTERNALITY_CF_BETA_050::Q95::equal_kw_reduction,14,0,True,RECOVERABLE_ALLOCATION_EXTERNALITY,0.0308809120467,0.0592362434854,30.8809120467,59.2362434854
MR_K05_LOCAL::INTERMITTENT_SHORTFALL::THETA_0000::EXTERNALITY_CF_BETA_050::Q95::equal_kw_reduction,15,0,True,RECOVERABLE_ALLOCATION_EXTERNALITY,0.0359966113186,0.0608824809932,35.9966113186,60.8824809932
MR_K05_LOCAL::INTERMITTENT_SHORTFALL::THETA_0000::EXTERNALITY_CF_BETA_050::Q95::equal_kw_reduction,16,0,True,RECOVERABLE_ALLOCATION_EXTERNALITY,0.0218364120825,0.0500110431017,21.8364120825,50.0110431017
MR_K05_LOCAL::INTERMITTENT_SHORTFALL::THETA_0000::EXTERNALITY_CF_BETA_050::Q95::flat_level,1,0,True,RECOVERABLE_ALLOCATION_EXTERNALITY,0.240410652318,0.240410652318,240.410652318,240.410652318
MR_K05_LOCAL::INTERMITTENT_SHORTFALL::THETA_0000::EXTERNALITY_CF_BETA_050::Q95::flat_level,2,0,True,RECOVERABLE_ALLOCATION_EXTERNALITY,0.0993125826618,0.0993125826618,99.3125826618,99.3125826618
MR_K05_LOCAL::INTERMITTENT_SHORTFALL::THETA_0000::EXTERNALITY_CF_BETA_050::Q95::flat_level,3,0,True,RECOVERABLE_ALLOCATION_EXTERNALITY,0.231081082896,0.231081082896,231.081082896,231.081082896
MR_K05_LOCAL::INTERMITTENT_SHORTFALL::THETA_0000::EXTERNALITY_CF_BETA_050::Q95::flat_level,4,0,True,RECOVERABLE_ALLOCATION_EXTERNALITY,0.152917265379,0.152917265379,152.917265379,152.917265379
MR_K05_LOCAL::INTERMITTENT_SHORTFALL::THETA_0000::EXTERNALITY_CF_BETA_050::Q95::flat_level,5,0,True,RECOVERABLE_ALLOCATION_EXTERNALITY,0.0937943392112,0.0937943392112,93.7943392112,93.7943392112
MR_K05_LOCAL::INTERMITTENT_SHORTFALL::THETA_0000::EXTERNALITY_CF_BETA_050::Q95::flat_level,6,0,True,RECOVERABLE_ALLOCATION_EXTERNALITY,0.170007181011,0.170007181011,170.007181011,170.007181011
MR_K05_LOCAL::INTERMITTENT_SHORTFALL::THETA_0000::EXTERNALITY_CF_BETA_050::Q95::flat_level,7,0,True,RECOVERABLE_ALLOCATION_EXTERNALITY,0.186294606412,0.186294606412,186.294606412,186.294606412
MR_K05_LOCAL::INTERMITTENT_SHORTFALL::THETA_0000::EXTERNALITY_CF_BETA_050::Q95::flat_level,8,0,True,RECOVERABLE_ALLOCATION_EXTERNALITY,0.133020373234,0.133020373234,133.020373234,133.020373234
MR_K05_LOCAL::INTERMITTENT_SHORTFALL::THETA_0000::EXTERNALITY_CF_BETA_050::Q95::flat_level,9,0,True,RECOVERABLE_ALLOCATION_EXTERNALITY,0.12945982247,0.12945982247,129.45982247,129.45982247
MR_K05_LOCAL::INTERMITTENT_SHORTFALL::THETA_0000::EXTERNALITY_CF_BETA_050::Q95::flat_level,10,0,True,RECOVERABLE_ALLOCATION_EXTERNALITY,0.232284807283,0.232284807283,232.284807283,232.284807283
MR_K05_LOCAL::INTERMITTENT_SHORTFALL::THETA_0000::EXTERNALITY_CF_BETA_050::Q95::flat_level,11,0,True,RECOVERABLE_ALLOCATION_EXTERNALITY,0.115702294069,0.115702294069,115.702294069,115.702294069
MR_K05_LOCAL::INTERMITTENT_SHORTFALL::THETA_0000::EXTERNALITY_CF_BETA_050::Q95::flat_level,12,0,True,RECOVERABLE_ALLOCATION_EXTERNALITY,0.166693713098,0.166693713098,166.693713098,166.693713098
MR_K05_LOCAL::INTERMITTENT_SHORTFALL::THETA_0000::EXTERNALITY_CF_BETA_050::Q95::flat_level,13,0,True,RECOVERABLE_ALLOCATION_EXTERNALITY,0.18820852057,0.18820852057,188.20852057,188.20852057
MR_K05_LOCAL::INTERMITTENT_SHORTFALL::THETA_0000::EXTERNALITY_CF_BETA_050::Q95::flat_level,14,0,True,RECOVERABLE_ALLOCATION_EXTERNALITY,0.140317743751,0.140317743751,140.317743751,140.317743751
MR_K05_LOCAL::INTERMITTENT_SHORTFALL::THETA_0000::EXTERNALITY_CF_BETA_050::Q95::flat_level,15,0,True,RECOVERABLE_ALLOCATION_EXTERNALITY,0.125423924766,0.125423924766,125.423924766,125.423924766
MR_K05_LOCAL::INTERMITTENT_SHORTFALL::THETA_0000::EXTERNALITY_CF_BETA_050::Q95::flat_level,16,0,True,RECOVERABLE_ALLOCATION_EXTERNALITY,0.181595267846,0.181595267846,181.595267846,181.595267846
MR_K05_LOCAL::INTERMITTENT_SHORTFALL::THETA_0000::EXTERNALITY_CF_BETA_050::Q95::max_export_lp,1,0,True,RECOVERABLE_ALLOCATION_EXTERNALITY,0.0466912622329,0.046691262233,46.6912622329,46.691262233
MR_K05_LOCAL::INTERMITTENT_SHORTFALL::THETA_0000::EXTERNALITY_CF_BETA_050::Q95::max_export_lp,2,0,True,RECOVERABLE_ALLOCATION_EXTERNALITY,0.073980211876,0.073980211876,73.980211876,73.980211876
MR_K05_LOCAL::INTERMITTENT_SHORTFALL::THETA_0000::EXTERNALITY_CF_BETA_050::Q95::max_export_lp,3,0,True,RECOVERABLE_ALLOCATION_EXTERNALITY,0.0261845272141,0.0261845272146,26.1845272141,26.1845272146
MR_K05_LOCAL::INTERMITTENT_SHORTFALL::THETA_0000::EXTERNALITY_CF_BETA_050::Q95::max_export_lp,4,0,True,RECOVERABLE_ALLOCATION_EXTERNALITY,0.0423492841816,0.0423492841817,42.3492841816,42.3492841817
MR_K05_LOCAL::INTERMITTENT_SHORTFALL::THETA_0000::EXTERNALITY_CF_BETA_050::Q95::max_export_lp,5,0,True,RECOVERABLE_ALLOCATION_EXTERNALITY,0.0509428930362,0.0509428930362,50.9428930362,50.9428930362
MR_K05_LOCAL::INTERMITTENT_SHORTFALL::THETA_0000::EXTERNALITY_CF_BETA_050::Q95::max_export_lp,6,0,True,RECOVERABLE_ALLOCATION_EXTERNALITY,0.0552468183998,0.0552468183998,55.2468183998,55.2468183998
MR_K05_LOCAL::INTERMITTENT_SHORTFALL::THETA_0000::EXTERNALITY_CF_BETA_050::Q95::max_export_lp,7,0,True,RECOVERABLE_ALLOCATION_EXTERNALITY,0.0409800490678,0.0409800490678,40.9800490678,40.9800490678
MR_K05_LOCAL::INTERMITTENT_SHORTFALL::THETA_0000::EXTERNALITY_CF_BETA_050::Q95::max_export_lp,8,0,True,RECOVERABLE_ALLOCATION_EXTERNALITY,0.0432684419249,0.043268441925,43.2684419249,43.268441925
MR_K05_LOCAL::INTERMITTENT_SHORTFALL::THETA_0000::EXTERNALITY_CF_BETA_050::Q95::max_export_lp,9,0,True,RECOVERABLE_ALLOCATION_EXTERNALITY,0.0566885979764,0.0566885979764,56.6885979764,56.6885979764
MR_K05_LOCAL::INTERMITTENT_SHORTFALL::THETA_0000::EXTERNALITY_CF_BETA_050::Q95::max_export_lp,10,0,True,RECOVERABLE_ALLOCATION_EXTERNALITY,0.0307329761102,0.0307329761104,30.7329761102,30.7329761104
MR_K05_LOCAL::INTERMITTENT_SHORTFALL::THETA_0000::EXTERNALITY_CF_BETA_050::Q95::max_export_lp,11,0,True,RECOVERABLE_ALLOCATION_EXTERNALITY,0.0502864102506,0.0502864102506,50.2864102506,50.2864102506
MR_K05_LOCAL::INTERMITTENT_SHORTFALL::THETA_0000::EXTERNALITY_CF_BETA_050::Q95::max_export_lp,12,0,True,RECOVERABLE_ALLOCATION_EXTERNALITY,0.0552104416808,0.0552104416809,55.2104416808,55.2104416809
MR_K05_LOCAL::INTERMITTENT_SHORTFALL::THETA_0000::EXTERNALITY_CF_BETA_050::Q95::max_export_lp,13,0,True,RECOVERABLE_ALLOCATION_EXTERNALITY,0.0468107716403,0.0468107716404,46.8107716403,46.8107716404
MR_K05_LOCAL::INTERMITTENT_SHORTFALL::THETA_0000::EXTERNALITY_CF_BETA_050::Q95::max_export_lp,14,0,True,RECOVERABLE_ALLOCATION_EXTERNALITY,0.0385396618554,0.0385396618557,38.5396618554,38.5396618557
MR_K05_LOCAL::INTERMITTENT_SHORTFALL::THETA_0000::EXTERNALITY_CF_BETA_050::Q95::max_export_lp,15,0,True,RECOVERABLE_ALLOCATION_EXTERNALITY,0.0608372327974,0.0608372327977,60.8372327974,60.8372327977
MR_K05_LOCAL::INTERMITTENT_SHORTFALL::THETA_0000::EXTERNALITY_CF_BETA_050::Q95::max_export_lp,16,0,True,RECOVERABLE_ALLOCATION_EXTERNALITY,0.0490853352296,0.0490853352308,49.0853352296,49.0853352308
MR_K05_LOCAL::INTERMITTENT_SHORTFALL::THETA_0000::EXTERNALITY_CF_BETA_050::Q95::fairness_qp,1,0,True,RECOVERABLE_ALLOCATION_EXTERNALITY,0.031597635622,0.061035867658,31.597635622,61.035867658
MR_K05_LOCAL::INTERMITTENT_SHORTFALL::THETA_0000::EXTERNALITY_CF_BETA_050::Q95::fairness_qp,2,0,True,RECOVERABLE_ALLOCATION_EXTERNALITY,0.0674774177937,0.0803209164655,67.4774177937,80.3209164655
MR_K05_LOCAL::INTERMITTENT_SHORTFALL::THETA_0000::EXTERNALITY_CF_BETA_050::Q95::fairness_qp,3,0,True,RECOVERABLE_ALLOCATION_EXTERNALITY,0.0247647768205,0.0411648027989,24.7647768205,41.1648027989
MR_K05_LOCAL::INTERMITTENT_SHORTFALL::THETA_0000::EXTERNALITY_CF_BETA_050::Q95::fairness_qp,4,0,True,RECOVERABLE_ALLOCATION_EXTERNALITY,0.0379360394847,0.0563962007022,37.9360394847,56.3962007022
MR_K05_LOCAL::INTERMITTENT_SHORTFALL::THETA_0000::EXTERNALITY_CF_BETA_050::Q95::fairness_qp,5,0,True,RECOVERABLE_ALLOCATION_EXTERNALITY,0.0324467413916,0.0492293222153,32.4467413916,49.2293222153
MR_K05_LOCAL::INTERMITTENT_SHORTFALL::THETA_0000::EXTERNALITY_CF_BETA_050::Q95::fairness_qp,6,0,True,RECOVERABLE_ALLOCATION_EXTERNALITY,0.0507556037902,0.0614423129328,50.7556037902,61.4423129328
MR_K05_LOCAL::INTERMITTENT_SHORTFALL::THETA_0000::EXTERNALITY_CF_BETA_050::Q95::fairness_qp,7,0,True,RECOVERABLE_ALLOCATION_EXTERNALITY,0.0289447274092,0.0489263406646,28.9447274092,48.9263406646
MR_K05_LOCAL::INTERMITTENT_SHORTFALL::THETA_0000::EXTERNALITY_CF_BETA_050::Q95::fairness_qp,8,0,True,RECOVERABLE_ALLOCATION_EXTERNALITY,0.0307499703514,0.0503893927574,30.7499703514,50.3893927574
MR_K05_LOCAL::INTERMITTENT_SHORTFALL::THETA_0000::EXTERNALITY_CF_BETA_050::Q95::fairness_qp,9,0,True,RECOVERABLE_ALLOCATION_EXTERNALITY,0.0456860494003,0.0592513168626,45.6860494003,59.2513168626
MR_K05_LOCAL::INTERMITTENT_SHORTFALL::THETA_0000::EXTERNALITY_CF_BETA_050::Q95::fairness_qp,10,0,True,RECOVERABLE_ALLOCATION_EXTERNALITY,0.0358549765803,0.0522090620879,35.8549765803,52.2090620879
MR_K05_LOCAL::INTERMITTENT_SHORTFALL::THETA_0000::EXTERNALITY_CF_BETA_050::Q95::fairness_qp,11,0,True,RECOVERABLE_ALLOCATION_EXTERNALITY,0.0423697279879,0.0593934294898,42.3697279879,59.3934294898
MR_K05_LOCAL::INTERMITTENT_SHORTFALL::THETA_0000::EXTERNALITY_CF_BETA_050::Q95::fairness_qp,12,0,True,RECOVERABLE_ALLOCATION_EXTERNALITY,0.0411109960891,0.0551416822243,41.1109960891,55.1416822243
MR_K05_LOCAL::INTERMITTENT_SHORTFALL::THETA_0000::EXTERNALITY_CF_BETA_050::Q95::fairness_qp,13,0,True,RECOVERABLE_ALLOCATION_EXTERNALITY,0.0350753143979,0.052181023931,35.0753143979,52.181023931
MR_K05_LOCAL::INTERMITTENT_SHORTFALL::THETA_0000::EXTERNALITY_CF_BETA_050::Q95::fairness_qp,14,0,True,RECOVERABLE_ALLOCATION_EXTERNALITY,0.0295130848683,0.0492565102087,29.5130848683,49.2565102087
MR_K05_LOCAL::INTERMITTENT_SHORTFALL::THETA_0000::EXTERNALITY_CF_BETA_050::Q95::fairness_qp,15,0,True,RECOVERABLE_ALLOCATION_EXTERNALITY,0.0466348326035,0.0593686937435,46.6348326035,59.3686937435
MR_K05_LOCAL::INTERMITTENT_SHORTFALL::THETA_0000::EXTERNALITY_CF_BETA_050::Q95::fairness_qp,16,0,True,RECOVERABLE_ALLOCATION_EXTERNALITY,0.0315529779812,0.046670014638,31.5529779812,46.670014638
MR_K05_LOCAL::INTERMITTENT_SHORTFALL::THETA_0100::EXTERNALITY_CF_BETA_050::Q0::weighted_proportional,1,1,True,RECOVERABLE_ALLOCATION_EXTERNALITY,0.0572849446147,0.0933144322639,57.2849446147,93.3144322639
MR_K05_LOCAL::INTERMITTENT_SHORTFALL::THETA_0100::EXTERNALITY_CF_BETA_050::Q0::weighted_proportional,2,1,True,RECOVERABLE_ALLOCATION_EXTERNALITY,0.0215205226763,0.0735520423894,21.5205226763,73.5520423894
MR_K05_LOCAL::INTERMITTENT_SHORTFALL::THETA_0100::EXTERNALITY_CF_BETA_050::Q0::weighted_proportional,3,1,True,RECOVERABLE_ALLOCATION_EXTERNALITY,0.0645974437293,0.0953326872716,64.5974437293,95.3326872716
MR_K05_LOCAL::INTERMITTENT_SHORTFALL::THETA_0100::EXTERNALITY_CF_BETA_050::Q0::weighted_proportional,4,1,True,RECOVERABLE_ALLOCATION_EXTERNALITY,0.0425448644744,0.0791504486928,42.5448644744,79.1504486928
MR_K05_LOCAL::INTERMITTENT_SHORTFALL::THETA_0100::EXTERNALITY_CF_BETA_050::Q0::weighted_proportional,5,1,True,RECOVERABLE_ALLOCATION_EXTERNALITY,0.0318549411905,0.0764776505,31.8549411905,76.4776505
MR_K05_LOCAL::INTERMITTENT_SHORTFALL::THETA_0100::EXTERNALITY_CF_BETA_050::Q0::weighted_proportional,6,1,True,RECOVERABLE_ALLOCATION_EXTERNALITY,0.0446924087851,0.08558372862,44.6924087851,85.58372862
MR_K05_LOCAL::INTERMITTENT_SHORTFALL::THETA_0100::EXTERNALITY_CF_BETA_050::Q0::weighted_proportional,7,1,True,RECOVERABLE_ALLOCATION_EXTERNALITY,0.0452772370184,0.0852112228096,45.2772370184,85.2112228096
MR_K05_LOCAL::INTERMITTENT_SHORTFALL::THETA_0100::EXTERNALITY_CF_BETA_050::Q0::weighted_proportional,8,1,True,RECOVERABLE_ALLOCATION_EXTERNALITY,0.0304578324867,0.0749281261638,30.4578324867,74.9281261638
MR_K05_LOCAL::INTERMITTENT_SHORTFALL::THETA_0100::EXTERNALITY_CF_BETA_050::Q0::weighted_proportional,9,1,True,RECOVERABLE_ALLOCATION_EXTERNALITY,0.0280485354929,0.0771706334153,28.0485354929,77.1706334153
MR_K05_LOCAL::INTERMITTENT_SHORTFALL::THETA_0100::EXTERNALITY_CF_BETA_050::Q0::weighted_proportional,10,1,True,RECOVERABLE_ALLOCATION_EXTERNALITY,0.0649619983098,0.0992236253086,64.9619983098,99.2236253086
MR_K05_LOCAL::INTERMITTENT_SHORTFALL::THETA_0100::EXTERNALITY_CF_BETA_050::Q0::weighted_proportional,11,1,True,RECOVERABLE_ALLOCATION_EXTERNALITY,0.0423343336253,0.081981151852,42.3343336253,81.981151852
MR_K05_LOCAL::INTERMITTENT_SHORTFALL::THETA_0100::EXTERNALITY_CF_BETA_050::Q0::weighted_proportional,12,1,True,RECOVERABLE_ALLOCATION_EXTERNALITY,0.0409820798269,0.0827592015329,40.9820798269,82.7592015329
MR_K05_LOCAL::INTERMITTENT_SHORTFALL::THETA_0100::EXTERNALITY_CF_BETA_050::Q0::weighted_proportional,13,1,True,RECOVERABLE_ALLOCATION_EXTERNALITY,0.0503113772296,0.0882043816719,50.3113772296,88.2043816719
MR_K05_LOCAL::INTERMITTENT_SHORTFALL::THETA_0100::EXTERNALITY_CF_BETA_050::Q0::weighted_proportional,14,1,True,RECOVERABLE_ALLOCATION_EXTERNALITY,0.0364166506418,0.0791005960148,36.4166506418,79.1005960148
MR_K05_LOCAL::INTERMITTENT_SHORTFALL::THETA_0100::EXTERNALITY_CF_BETA_050::Q0::weighted_proportional,15,1,True,RECOVERABLE_ALLOCATION_EXTERNALITY,0.028897526471,0.0753785117926,28.897526471,75.3785117926
MR_K05_LOCAL::INTERMITTENT_SHORTFALL::THETA_0100::EXTERNALITY_CF_BETA_050::Q0::weighted_proportional,16,1,True,RECOVERABLE_ALLOCATION_EXTERNALITY,0.0388651428542,0.0824334748919,38.8651428542,82.4334748919
MR_K05_LOCAL::INTERMITTENT_SHORTFALL::THETA_0100::EXTERNALITY_CF_BETA_050::Q0::equal_kw_reduction,1,1,True,RECOVERABLE_ALLOCATION_EXTERNALITY,0.0296413928045,0.0568888999757,29.6413928045,56.8888999757
MR_K05_LOCAL::INTERMITTENT_SHORTFALL::THETA_0100::EXTERNALITY_CF_BETA_050::Q0::equal_kw_reduction,2,1,True,RECOVERABLE_ALLOCATION_EXTERNALITY,0.027667219628,0.0523546953494,27.667219628,52.3546953494
MR_K05_LOCAL::INTERMITTENT_SHORTFALL::THETA_0100::EXTERNALITY_CF_BETA_050::Q0::equal_kw_reduction,3,1,True,RECOVERABLE_ALLOCATION_EXTERNALITY,0.0121872286779,0.0422594723357,12.1872286779,42.2594723357
MR_K05_LOCAL::INTERMITTENT_SHORTFALL::THETA_0100::EXTERNALITY_CF_BETA_050::Q0::equal_kw_reduction,4,1,True,RECOVERABLE_ALLOCATION_EXTERNALITY,0.0362417057101,0.0616088066665,36.2417057101,61.6088066665
MR_K05_LOCAL::INTERMITTENT_SHORTFALL::THETA_0100::EXTERNALITY_CF_BETA_050::Q0::equal_kw_reduction,5,1,True,RECOVERABLE_ALLOCATION_EXTERNALITY,0.0276934580744,0.0519668905738,27.6934580744,51.9668905738
MR_K05_LOCAL::INTERMITTENT_SHORTFALL::THETA_0100::EXTERNALITY_CF_BETA_050::Q0::equal_kw_reduction,6,1,True,RECOVERABLE_ALLOCATION_EXTERNALITY,0.0200038485137,0.0454253211749,20.0038485137,45.4253211749
MR_K05_LOCAL::INTERMITTENT_SHORTFALL::THETA_0100::EXTERNALITY_CF_BETA_050::Q0::equal_kw_reduction,7,1,True,RECOVERABLE_ALLOCATION_EXTERNALITY,0.028722135313,0.0570067923389,28.722135313,57.0067923389
MR_K05_LOCAL::INTERMITTENT_SHORTFALL::THETA_0100::EXTERNALITY_CF_BETA_050::Q0::equal_kw_reduction,8,1,True,RECOVERABLE_ALLOCATION_EXTERNALITY,0.0278597140832,0.0533372631529,27.8597140832,53.3372631529
MR_K05_LOCAL::INTERMITTENT_SHORTFALL::THETA_0100::EXTERNALITY_CF_BETA_050::Q0::equal_kw_reduction,9,1,True,RECOVERABLE_ALLOCATION_EXTERNALITY,0.0154052000149,0.0408880261175,15.4052000149,40.8880261175
MR_K05_LOCAL::INTERMITTENT_SHORTFALL::THETA_0100::EXTERNALITY_CF_BETA_050::Q0::equal_kw_reduction,10,1,True,RECOVERABLE_ALLOCATION_EXTERNALITY,0.0233062038273,0.0513688453117,23.3062038273,51.3688453117
MR_K05_LOCAL::INTERMITTENT_SHORTFALL::THETA_0100::EXTERNALITY_CF_BETA_050::Q0::equal_kw_reduction,11,1,True,RECOVERABLE_ALLOCATION_EXTERNALITY,0.0330951437635,0.0575553242382,33.0951437635,57.5553242382
MR_K05_LOCAL::INTERMITTENT_SHORTFALL::THETA_0100::EXTERNALITY_CF_BETA_050::Q0::equal_kw_reduction,12,1,True,RECOVERABLE_ALLOCATION_EXTERNALITY,0.0205860939795,0.0447775703303,20.5860939795,44.7775703303
MR_K05_LOCAL::INTERMITTENT_SHORTFALL::THETA_0100::EXTERNALITY_CF_BETA_050::Q0::equal_kw_reduction,13,1,True,RECOVERABLE_ALLOCATION_EXTERNALITY,0.0275858722937,0.0560279498998,27.5858722937,56.0279498998
MR_K05_LOCAL::INTERMITTENT_SHORTFALL::THETA_0100::EXTERNALITY_CF_BETA_050::Q0::equal_kw_reduction,14,1,True,RECOVERABLE_ALLOCATION_EXTERNALITY,0.0299743507622,0.0561006644692,29.9743507622,56.1006644692
MR_K05_LOCAL::INTERMITTENT_SHORTFALL::THETA_0100::EXTERNALITY_CF_BETA_050::Q0::equal_kw_reduction,15,1,True,RECOVERABLE_ALLOCATION_EXTERNALITY,0.0205881472559,0.0454737618275,20.5881472559,45.4737618275
MR_K05_LOCAL::INTERMITTENT_SHORTFALL::THETA_0100::EXTERNALITY_CF_BETA_050::Q0::equal_kw_reduction,16,1,True,RECOVERABLE_ALLOCATION_EXTERNALITY,0.0229617315994,0.0508116557541,22.9617315994,50.8116557541
MR_K05_LOCAL::INTERMITTENT_SHORTFALL::THETA_0100::EXTERNALITY_CF_BETA_050::Q0::flat_level,1,1,True,RECOVERABLE_ALLOCATION_EXTERNALITY,0.133424940712,0.133424940712,133.424940712,133.424940712
MR_K05_LOCAL::INTERMITTENT_SHORTFALL::THETA_0100::EXTERNALITY_CF_BETA_050::Q0::flat_level,2,1,True,RECOVERABLE_ALLOCATION_EXTERNALITY,0.088196900814,0.088196900814,88.196900814,88.196900814
MR_K05_LOCAL::INTERMITTENT_SHORTFALL::THETA_0100::EXTERNALITY_CF_BETA_050::Q0::flat_level,3,1,True,RECOVERABLE_ALLOCATION_EXTERNALITY,0.190483468579,0.190483468579,190.483468579,190.483468579
MR_K05_LOCAL::INTERMITTENT_SHORTFALL::THETA_0100::EXTERNALITY_CF_BETA_050::Q0::flat_level,4,1,True,RECOVERABLE_ALLOCATION_EXTERNALITY,0.118006250527,0.118006250527,118.006250527,118.006250527
MR_K05_LOCAL::INTERMITTENT_SHORTFALL::THETA_0100::EXTERNALITY_CF_BETA_050::Q0::flat_level,5,1,True,RECOVERABLE_ALLOCATION_EXTERNALITY,0.0917544639915,0.0917544639915,91.7544639915,91.7544639915
MR_K05_LOCAL::INTERMITTENT_SHORTFALL::THETA_0100::EXTERNALITY_CF_BETA_050::Q0::flat_level,6,1,True,RECOVERABLE_ALLOCATION_EXTERNALITY,0.122646530007,0.122646530007,122.646530007,122.646530007
MR_K05_LOCAL::INTERMITTENT_SHORTFALL::THETA_0100::EXTERNALITY_CF_BETA_050::Q0::flat_level,7,1,True,RECOVERABLE_ALLOCATION_EXTERNALITY,0.162385831833,0.162385831833,162.385831833,162.385831833
MR_K05_LOCAL::INTERMITTENT_SHORTFALL::THETA_0100::EXTERNALITY_CF_BETA_050::Q0::flat_level,8,1,True,RECOVERABLE_ALLOCATION_EXTERNALITY,0.0858469015149,0.0858469015149,85.8469015149,85.8469015149
MR_K05_LOCAL::INTERMITTENT_SHORTFALL::THETA_0100::EXTERNALITY_CF_BETA_050::Q0::flat_level,9,1,True,RECOVERABLE_ALLOCATION_EXTERNALITY,0.128812883204,0.128812883204,128.812883204,128.812883204
MR_K05_LOCAL::INTERMITTENT_SHORTFALL::THETA_0100::EXTERNALITY_CF_BETA_050::Q0::flat_level,10,1,True,RECOVERABLE_ALLOCATION_EXTERNALITY,0.187828540749,0.187828540749,187.828540749,187.828540749
MR_K05_LOCAL::INTERMITTENT_SHORTFALL::THETA_0100::EXTERNALITY_CF_BETA_050::Q0::flat_level,11,1,True,RECOVERABLE_ALLOCATION_EXTERNALITY,0.0848948994361,0.0848948994361,84.8948994361,84.8948994361
MR_K05_LOCAL::INTERMITTENT_SHORTFALL::THETA_0100::EXTERNALITY_CF_BETA_050::Q0::flat_level,12,1,True,RECOVERABLE_ALLOCATION_EXTERNALITY,0.163544778748,0.163544778748,163.544778748,163.544778748
MR_K05_LOCAL::INTERMITTENT_SHORTFALL::THETA_0100::EXTERNALITY_CF_BETA_050::Q0::flat_level,13,1,True,RECOVERABLE_ALLOCATION_EXTERNALITY,0.135470642587,0.135470642587,135.470642587,135.470642587
MR_K05_LOCAL::INTERMITTENT_SHORTFALL::THETA_0100::EXTERNALITY_CF_BETA_050::Q0::flat_level,14,1,True,RECOVERABLE_ALLOCATION_EXTERNALITY,0.117336375526,0.117336375526,117.336375526,117.336375526
MR_K05_LOCAL::INTERMITTENT_SHORTFALL::THETA_0100::EXTERNALITY_CF_BETA_050::Q0::flat_level,15,1,True,RECOVERABLE_ALLOCATION_EXTERNALITY,0.10754957515,0.10754957515,107.54957515,107.54957515
MR_K05_LOCAL::INTERMITTENT_SHORTFALL::THETA_0100::EXTERNALITY_CF_BETA_050::Q0::flat_level,16,1,True,RECOVERABLE_ALLOCATION_EXTERNALITY,0.153477728116,0.153477728116,153.477728116,153.477728116
MR_K05_LOCAL::INTERMITTENT_SHORTFALL::THETA_0100::EXTERNALITY_CF_BETA_050::Q0::max_export_lp,1,1,True,RECOVERABLE_ALLOCATION_EXTERNALITY,0.0366787672117,0.0366787672121,36.6787672117,36.6787672121
MR_K05_LOCAL::INTERMITTENT_SHORTFALL::THETA_0100::EXTERNALITY_CF_BETA_050::Q0::max_export_lp,2,1,True,RECOVERABLE_ALLOCATION_EXTERNALITY,0.0551002577062,0.0551002577063,55.1002577062,55.1002577063
MR_K05_LOCAL::INTERMITTENT_SHORTFALL::THETA_0100::EXTERNALITY_CF_BETA_050::Q0::max_export_lp,3,1,True,RECOVERABLE_ALLOCATION_EXTERNALITY,0.0243570065414,0.0243570065415,24.3570065414,24.3570065415
MR_K05_LOCAL::INTERMITTENT_SHORTFALL::THETA_0100::EXTERNALITY_CF_BETA_050::Q0::max_export_lp,4,1,True,RECOVERABLE_ALLOCATION_EXTERNALITY,0.0419179368963,0.0419179368965,41.9179368963,41.9179368965
MR_K05_LOCAL::INTERMITTENT_SHORTFALL::THETA_0100::EXTERNALITY_CF_BETA_050::Q0::max_export_lp,5,1,True,RECOVERABLE_ALLOCATION_EXTERNALITY,0.0543876222279,0.0543876222349,54.3876222279,54.3876222349
MR_K05_LOCAL::INTERMITTENT_SHORTFALL::THETA_0100::EXTERNALITY_CF_BETA_050::Q0::max_export_lp,6,1,True,RECOVERABLE_ALLOCATION_EXTERNALITY,0.0486360619432,0.0486360619437,48.6360619432,48.6360619437
MR_K05_LOCAL::INTERMITTENT_SHORTFALL::THETA_0100::EXTERNALITY_CF_BETA_050::Q0::max_export_lp,7,1,True,RECOVERABLE_ALLOCATION_EXTERNALITY,0.0419253710024,0.0419253710024,41.9253710024,41.9253710024
MR_K05_LOCAL::INTERMITTENT_SHORTFALL::THETA_0100::EXTERNALITY_CF_BETA_050::Q0::max_export_lp,8,1,True,RECOVERABLE_ALLOCATION_EXTERNALITY,0.0373585663565,0.0373585663567,37.3585663565,37.3585663567
MR_K05_LOCAL::INTERMITTENT_SHORTFALL::THETA_0100::EXTERNALITY_CF_BETA_050::Q0::max_export_lp,9,1,True,RECOVERABLE_ALLOCATION_EXTERNALITY,0.0500386961574,0.0500386961574,50.0386961574,50.0386961574
MR_K05_LOCAL::INTERMITTENT_SHORTFALL::THETA_0100::EXTERNALITY_CF_BETA_050::Q0::max_export_lp,10,1,True,RECOVERABLE_ALLOCATION_EXTERNALITY,0.0306600797196,0.0306600797197,30.6600797196,30.6600797197
MR_K05_LOCAL::INTERMITTENT_SHORTFALL::THETA_0100::EXTERNALITY_CF_BETA_050::Q0::max_export_lp,11,1,True,RECOVERABLE_ALLOCATION_EXTERNALITY,0.0485157912332,0.0485157912333,48.5157912332,48.5157912333
MR_K05_LOCAL::INTERMITTENT_SHORTFALL::THETA_0100::EXTERNALITY_CF_BETA_050::Q0::max_export_lp,12,1,True,RECOVERABLE_ALLOCATION_EXTERNALITY,0.0486207217118,0.0486207217119,48.6207217118,48.6207217119
MR_K05_LOCAL::INTERMITTENT_SHORTFALL::THETA_0100::EXTERNALITY_CF_BETA_050::Q0::max_export_lp,13,1,True,RECOVERABLE_ALLOCATION_EXTERNALITY,0.0419634247017,0.0419634247018,41.9634247017,41.9634247018
MR_K05_LOCAL::INTERMITTENT_SHORTFALL::THETA_0100::EXTERNALITY_CF_BETA_050::Q0::max_export_lp,14,1,True,RECOVERABLE_ALLOCATION_EXTERNALITY,0.0478276988893,0.0478276988917,47.8276988893,47.8276988917
MR_K05_LOCAL::INTERMITTENT_SHORTFALL::THETA_0100::EXTERNALITY_CF_BETA_050::Q0::max_export_lp,15,1,True,RECOVERABLE_ALLOCATION_EXTERNALITY,0.0431619679536,0.0431619679539,43.1619679536,43.1619679539
MR_K05_LOCAL::INTERMITTENT_SHORTFALL::THETA_0100::EXTERNALITY_CF_BETA_050::Q0::max_export_lp,16,1,True,RECOVERABLE_ALLOCATION_EXTERNALITY,0.0482243227278,0.048224322728,48.2243227278,48.224322728
MR_K05_LOCAL::INTERMITTENT_SHORTFALL::THETA_0100::EXTERNALITY_CF_BETA_050::Q0::fairness_qp,1,1,True,RECOVERABLE_ALLOCATION_EXTERNALITY,0.0275911197452,0.051331547878,27.5911197452,51.331547878
MR_K05_LOCAL::INTERMITTENT_SHORTFALL::THETA_0100::EXTERNALITY_CF_BETA_050::Q0::fairness_qp,2,1,True,RECOVERABLE_ALLOCATION_EXTERNALITY,0.0459400384234,0.0587835183034,45.9400384234,58.7835183034
MR_K05_LOCAL::INTERMITTENT_SHORTFALL::THETA_0100::EXTERNALITY_CF_BETA_050::Q0::fairness_qp,3,1,True,RECOVERABLE_ALLOCATION_EXTERNALITY,0.0233076628145,0.0397077052018,23.3076628145,39.7077052018
MR_K05_LOCAL::INTERMITTENT_SHORTFALL::THETA_0100::EXTERNALITY_CF_BETA_050::Q0::fairness_qp,4,1,True,RECOVERABLE_ALLOCATION_EXTERNALITY,0.0380163809569,0.0555702908229,38.0163809569,55.5702908229
MR_K05_LOCAL::INTERMITTENT_SHORTFALL::THETA_0100::EXTERNALITY_CF_BETA_050::Q0::fairness_qp,5,1,True,RECOVERABLE_ALLOCATION_EXTERNALITY,0.0272497704926,0.0439391078729,27.2497704926,43.9391078729
MR_K05_LOCAL::INTERMITTENT_SHORTFALL::THETA_0100::EXTERNALITY_CF_BETA_050::Q0::fairness_qp,6,1,True,RECOVERABLE_ALLOCATION_EXTERNALITY,0.0424515849294,0.0531382944596,42.4515849294,53.1382944596
MR_K05_LOCAL::INTERMITTENT_SHORTFALL::THETA_0100::EXTERNALITY_CF_BETA_050::Q0::fairness_qp,7,1,True,RECOVERABLE_ALLOCATION_EXTERNALITY,0.0291861959672,0.0489416739378,29.1861959672,48.9416739378
MR_K05_LOCAL::INTERMITTENT_SHORTFALL::THETA_0100::EXTERNALITY_CF_BETA_050::Q0::fairness_qp,8,1,True,RECOVERABLE_ALLOCATION_EXTERNALITY,0.0267325472589,0.0451182103901,26.7325472589,45.1182103901
MR_K05_LOCAL::INTERMITTENT_SHORTFALL::THETA_0100::EXTERNALITY_CF_BETA_050::Q0::fairness_qp,9,1,True,RECOVERABLE_ALLOCATION_EXTERNALITY,0.0354723234234,0.0490375728537,35.4723234234,49.0375728537
MR_K05_LOCAL::INTERMITTENT_SHORTFALL::THETA_0100::EXTERNALITY_CF_BETA_050::Q0::fairness_qp,10,1,True,RECOVERABLE_ALLOCATION_EXTERNALITY,0.0357936794806,0.0515445251395,35.7936794806,51.5445251395
MR_K05_LOCAL::INTERMITTENT_SHORTFALL::THETA_0100::EXTERNALITY_CF_BETA_050::Q0::fairness_qp,11,1,True,RECOVERABLE_ALLOCATION_EXTERNALITY,0.0374414251902,0.0544015665352,37.4414251902,54.4015665352
MR_K05_LOCAL::INTERMITTENT_SHORTFALL::THETA_0100::EXTERNALITY_CF_BETA_050::Q0::fairness_qp,12,1,True,RECOVERABLE_ALLOCATION_EXTERNALITY,0.0327535676068,0.0467842395925,32.7535676068,46.7842395925
MR_K05_LOCAL::INTERMITTENT_SHORTFALL::THETA_0100::EXTERNALITY_CF_BETA_050::Q0::fairness_qp,13,1,True,RECOVERABLE_ALLOCATION_EXTERNALITY,0.0370322521848,0.0504830289915,37.0322521848,50.4830289915
MR_K05_LOCAL::INTERMITTENT_SHORTFALL::THETA_0100::EXTERNALITY_CF_BETA_050::Q0::fairness_qp,14,1,True,RECOVERABLE_ALLOCATION_EXTERNALITY,0.0312828446208,0.0491446290172,31.2828446208,49.1446290172
MR_K05_LOCAL::INTERMITTENT_SHORTFALL::THETA_0100::EXTERNALITY_CF_BETA_050::Q0::fairness_qp,15,1,True,RECOVERABLE_ALLOCATION_EXTERNALITY,0.0299485613459,0.0426824261948,29.9485613459,42.6824261948
MR_K05_LOCAL::INTERMITTENT_SHORTFALL::THETA_0100::EXTERNALITY_CF_BETA_050::Q0::fairness_qp,16,1,True,RECOVERABLE_ALLOCATION_EXTERNALITY,0.0303721457414,0.0458800685345,30.3721457414,45.8800685345
MR_K05_LOCAL::INTERMITTENT_SHORTFALL::THETA_0100::EXTERNALITY_CF_BETA_050::Q95::weighted_proportional,1,1,True,RECOVERABLE_ALLOCATION_EXTERNALITY,0.0572849446155,0.0933144322647,57.2849446155,93.3144322647
MR_K05_LOCAL::INTERMITTENT_SHORTFALL::THETA_0100::EXTERNALITY_CF_BETA_050::Q95::weighted_proportional,2,1,True,RECOVERABLE_ALLOCATION_EXTERNALITY,0.0215205226715,0.0735520423844,21.5205226715,73.5520423844
MR_K05_LOCAL::INTERMITTENT_SHORTFALL::THETA_0100::EXTERNALITY_CF_BETA_050::Q95::weighted_proportional,3,1,True,RECOVERABLE_ALLOCATION_EXTERNALITY,0.064597443722,0.0953326872643,64.597443722,95.3326872643
MR_K05_LOCAL::INTERMITTENT_SHORTFALL::THETA_0100::EXTERNALITY_CF_BETA_050::Q95::weighted_proportional,4,1,True,RECOVERABLE_ALLOCATION_EXTERNALITY,0.0425448644737,0.0791504486919,42.5448644737,79.1504486919
MR_K05_LOCAL::INTERMITTENT_SHORTFALL::THETA_0100::EXTERNALITY_CF_BETA_050::Q95::weighted_proportional,5,1,True,RECOVERABLE_ALLOCATION_EXTERNALITY,0.0318549411842,0.0764776504935,31.8549411842,76.4776504935
MR_K05_LOCAL::INTERMITTENT_SHORTFALL::THETA_0100::EXTERNALITY_CF_BETA_050::Q95::weighted_proportional,6,1,True,RECOVERABLE_ALLOCATION_EXTERNALITY,0.0446924087825,0.0855837286172,44.6924087825,85.5837286172
MR_K05_LOCAL::INTERMITTENT_SHORTFALL::THETA_0100::EXTERNALITY_CF_BETA_050::Q95::weighted_proportional,7,1,True,RECOVERABLE_ALLOCATION_EXTERNALITY,0.0452772370044,0.0852112227955,45.2772370044,85.2112227955
MR_K05_LOCAL::INTERMITTENT_SHORTFALL::THETA_0100::EXTERNALITY_CF_BETA_050::Q95::weighted_proportional,8,1,True,RECOVERABLE_ALLOCATION_EXTERNALITY,0.0304578324821,0.0749281261592,30.4578324821,74.9281261592
MR_K05_LOCAL::INTERMITTENT_SHORTFALL::THETA_0100::EXTERNALITY_CF_BETA_050::Q95::weighted_proportional,9,1,True,RECOVERABLE_ALLOCATION_EXTERNALITY,0.0280485354852,0.0771706334075,28.0485354852,77.1706334075
MR_K05_LOCAL::INTERMITTENT_SHORTFALL::THETA_0100::EXTERNALITY_CF_BETA_050::Q95::weighted_proportional,10,1,True,RECOVERABLE_ALLOCATION_EXTERNALITY,0.0649619983035,0.0992236253023,64.9619983035,99.2236253023
MR_K05_LOCAL::INTERMITTENT_SHORTFALL::THETA_0100::EXTERNALITY_CF_BETA_050::Q95::weighted_proportional,11,1,True,RECOVERABLE_ALLOCATION_EXTERNALITY,0.0423343336126,0.0819811518391,42.3343336126,81.9811518391
MR_K05_LOCAL::INTERMITTENT_SHORTFALL::THETA_0100::EXTERNALITY_CF_BETA_050::Q95::weighted_proportional,12,1,True,RECOVERABLE_ALLOCATION_EXTERNALITY,0.040982079829,0.082759201535,40.982079829,82.759201535
MR_K05_LOCAL::INTERMITTENT_SHORTFALL::THETA_0100::EXTERNALITY_CF_BETA_050::Q95::weighted_proportional,13,1,True,RECOVERABLE_ALLOCATION_EXTERNALITY,0.0503113772254,0.0882043816678,50.3113772254,88.2043816678
MR_K05_LOCAL::INTERMITTENT_SHORTFALL::THETA_0100::EXTERNALITY_CF_BETA_050::Q95::weighted_proportional,14,1,True,RECOVERABLE_ALLOCATION_EXTERNALITY,0.0364166506308,0.0791005960036,36.4166506308,79.1005960036
MR_K05_LOCAL::INTERMITTENT_SHORTFALL::THETA_0100::EXTERNALITY_CF_BETA_050::Q95::weighted_proportional,15,1,True,RECOVERABLE_ALLOCATION_EXTERNALITY,0.0288975264681,0.0753785117896,28.8975264681,75.3785117896
MR_K05_LOCAL::INTERMITTENT_SHORTFALL::THETA_0100::EXTERNALITY_CF_BETA_050::Q95::weighted_proportional,16,1,True,RECOVERABLE_ALLOCATION_EXTERNALITY,0.0388651428442,0.0824334748817,38.8651428442,82.4334748817
MR_K05_LOCAL::INTERMITTENT_SHORTFALL::THETA_0100::EXTERNALITY_CF_BETA_050::Q95::equal_kw_reduction,1,1,True,RECOVERABLE_ALLOCATION_EXTERNALITY,0.0296413928045,0.0568888999757,29.6413928045,56.8888999757
MR_K05_LOCAL::INTERMITTENT_SHORTFALL::THETA_0100::EXTERNALITY_CF_BETA_050::Q95::equal_kw_reduction,2,1,True,RECOVERABLE_ALLOCATION_EXTERNALITY,0.027667219628,0.0523546953494,27.667219628,52.3546953494
MR_K05_LOCAL::INTERMITTENT_SHORTFALL::THETA_0100::EXTERNALITY_CF_BETA_050::Q95::equal_kw_reduction,3,1,True,RECOVERABLE_ALLOCATION_EXTERNALITY,0.0121872286779,0.0422594723357,12.1872286779,42.2594723357
MR_K05_LOCAL::INTERMITTENT_SHORTFALL::THETA_0100::EXTERNALITY_CF_BETA_050::Q95::equal_kw_reduction,4,1,True,RECOVERABLE_ALLOCATION_EXTERNALITY,0.0362417057101,0.0616088066665,36.2417057101,61.6088066665
MR_K05_LOCAL::INTERMITTENT_SHORTFALL::THETA_0100::EXTERNALITY_CF_BETA_050::Q95::equal_kw_reduction,5,1,True,RECOVERABLE_ALLOCATION_EXTERNALITY,0.0276934580744,0.0519668905738,27.6934580744,51.9668905738
MR_K05_LOCAL::INTERMITTENT_SHORTFALL::THETA_0100::EXTERNALITY_CF_BETA_050::Q95::equal_kw_reduction,6,1,True,RECOVERABLE_ALLOCATION_EXTERNALITY,0.0200038485137,0.0454253211749,20.0038485137,45.4253211749
MR_K05_LOCAL::INTERMITTENT_SHORTFALL::THETA_0100::EXTERNALITY_CF_BETA_050::Q95::equal_kw_reduction,7,1,True,RECOVERABLE_ALLOCATION_EXTERNALITY,0.028722135313,0.0570067923389,28.722135313,57.0067923389
MR_K05_LOCAL::INTERMITTENT_SHORTFALL::THETA_0100::EXTERNALITY_CF_BETA_050::Q95::equal_kw_reduction,8,1,True,RECOVERABLE_ALLOCATION_EXTERNALITY,0.0278597140832,0.0533372631529,27.8597140832,53.3372631529
MR_K05_LOCAL::INTERMITTENT_SHORTFALL::THETA_0100::EXTERNALITY_CF_BETA_050::Q95::equal_kw_reduction,9,1,True,RECOVERABLE_ALLOCATION_EXTERNALITY,0.0154052000149,0.0408880261175,15.4052000149,40.8880261175
MR_K05_LOCAL::INTERMITTENT_SHORTFALL::THETA_0100::EXTERNALITY_CF_BETA_050::Q95::equal_kw_reduction,10,1,True,RECOVERABLE_ALLOCATION_EXTERNALITY,0.0233062038273,0.0513688453117,23.3062038273,51.3688453117
MR_K05_LOCAL::INTERMITTENT_SHORTFALL::THETA_0100::EXTERNALITY_CF_BETA_050::Q95::equal_kw_reduction,11,1,True,RECOVERABLE_ALLOCATION_EXTERNALITY,0.0330951437635,0.0575553242382,33.0951437635,57.5553242382
MR_K05_LOCAL::INTERMITTENT_SHORTFALL::THETA_0100::EXTERNALITY_CF_BETA_050::Q95::equal_kw_reduction,12,1,True,RECOVERABLE_ALLOCATION_EXTERNALITY,0.0205860939795,0.0447775703303,20.5860939795,44.7775703303
MR_K05_LOCAL::INTERMITTENT_SHORTFALL::THETA_0100::EXTERNALITY_CF_BETA_050::Q95::equal_kw_reduction,13,1,True,RECOVERABLE_ALLOCATION_EXTERNALITY,0.0275858722937,0.0560279498998,27.5858722937,56.0279498998
MR_K05_LOCAL::INTERMITTENT_SHORTFALL::THETA_0100::EXTERNALITY_CF_BETA_050::Q95::equal_kw_reduction,14,1,True,RECOVERABLE_ALLOCATION_EXTERNALITY,0.0299743507622,0.0561006644692,29.9743507622,56.1006644692
MR_K05_LOCAL::INTERMITTENT_SHORTFALL::THETA_0100::EXTERNALITY_CF_BETA_050::Q95::equal_kw_reduction,15,1,True,RECOVERABLE_ALLOCATION_EXTERNALITY,0.0205881472559,0.0454737618275,20.5881472559,45.4737618275
MR_K05_LOCAL::INTERMITTENT_SHORTFALL::THETA_0100::EXTERNALITY_CF_BETA_050::Q95::equal_kw_reduction,16,1,True,RECOVERABLE_ALLOCATION_EXTERNALITY,0.0229617315994,0.0508116557541,22.9617315994,50.8116557541
MR_K05_LOCAL::INTERMITTENT_SHORTFALL::THETA_0100::EXTERNALITY_CF_BETA_050::Q95::flat_level,1,1,True,RECOVERABLE_ALLOCATION_EXTERNALITY,0.133424940712,0.133424940712,133.424940712,133.424940712
MR_K05_LOCAL::INTERMITTENT_SHORTFALL::THETA_0100::EXTERNALITY_CF_BETA_050::Q95::flat_level,2,1,True,RECOVERABLE_ALLOCATION_EXTERNALITY,0.088196900814,0.088196900814,88.196900814,88.196900814
MR_K05_LOCAL::INTERMITTENT_SHORTFALL::THETA_0100::EXTERNALITY_CF_BETA_050::Q95::flat_level,3,1,True,RECOVERABLE_ALLOCATION_EXTERNALITY,0.190483468579,0.190483468579,190.483468579,190.483468579
MR_K05_LOCAL::INTERMITTENT_SHORTFALL::THETA_0100::EXTERNALITY_CF_BETA_050::Q95::flat_level,4,1,True,RECOVERABLE_ALLOCATION_EXTERNALITY,0.118006250527,0.118006250527,118.006250527,118.006250527
MR_K05_LOCAL::INTERMITTENT_SHORTFALL::THETA_0100::EXTERNALITY_CF_BETA_050::Q95::flat_level,5,1,True,RECOVERABLE_ALLOCATION_EXTERNALITY,0.0917544639915,0.0917544639915,91.7544639915,91.7544639915
MR_K05_LOCAL::INTERMITTENT_SHORTFALL::THETA_0100::EXTERNALITY_CF_BETA_050::Q95::flat_level,6,1,True,RECOVERABLE_ALLOCATION_EXTERNALITY,0.122646530007,0.122646530007,122.646530007,122.646530007
MR_K05_LOCAL::INTERMITTENT_SHORTFALL::THETA_0100::EXTERNALITY_CF_BETA_050::Q95::flat_level,7,1,True,RECOVERABLE_ALLOCATION_EXTERNALITY,0.162385831833,0.162385831833,162.385831833,162.385831833
MR_K05_LOCAL::INTERMITTENT_SHORTFALL::THETA_0100::EXTERNALITY_CF_BETA_050::Q95::flat_level,8,1,True,RECOVERABLE_ALLOCATION_EXTERNALITY,0.0858469015149,0.0858469015149,85.8469015149,85.8469015149
MR_K05_LOCAL::INTERMITTENT_SHORTFALL::THETA_0100::EXTERNALITY_CF_BETA_050::Q95::flat_level,9,1,True,RECOVERABLE_ALLOCATION_EXTERNALITY,0.128812883204,0.128812883204,128.812883204,128.812883204
MR_K05_LOCAL::INTERMITTENT_SHORTFALL::THETA_0100::EXTERNALITY_CF_BETA_050::Q95::flat_level,10,1,True,RECOVERABLE_ALLOCATION_EXTERNALITY,0.187828540749,0.187828540749,187.828540749,187.828540749
MR_K05_LOCAL::INTERMITTENT_SHORTFALL::THETA_0100::EXTERNALITY_CF_BETA_050::Q95::flat_level,11,1,True,RECOVERABLE_ALLOCATION_EXTERNALITY,0.0848948994361,0.0848948994361,84.8948994361,84.8948994361
MR_K05_LOCAL::INTERMITTENT_SHORTFALL::THETA_0100::EXTERNALITY_CF_BETA_050::Q95::flat_level,12,1,True,RECOVERABLE_ALLOCATION_EXTERNALITY,0.163544778748,0.163544778748,163.544778748,163.544778748
MR_K05_LOCAL::INTERMITTENT_SHORTFALL::THETA_0100::EXTERNALITY_CF_BETA_050::Q95::flat_level,13,1,True,RECOVERABLE_ALLOCATION_EXTERNALITY,0.135470642587,0.135470642587,135.470642587,135.470642587
MR_K05_LOCAL::INTERMITTENT_SHORTFALL::THETA_0100::EXTERNALITY_CF_BETA_050::Q95::flat_level,14,1,True,RECOVERABLE_ALLOCATION_EXTERNALITY,0.117336375526,0.117336375526,117.336375526,117.336375526
MR_K05_LOCAL::INTERMITTENT_SHORTFALL::THETA_0100::EXTERNALITY_CF_BETA_050::Q95::flat_level,15,1,True,RECOVERABLE_ALLOCATION_EXTERNALITY,0.10754957515,0.10754957515,107.54957515,107.54957515
MR_K05_LOCAL::INTERMITTENT_SHORTFALL::THETA_0100::EXTERNALITY_CF_BETA_050::Q95::flat_level,16,1,True,RECOVERABLE_ALLOCATION_EXTERNALITY,0.153477728116,0.153477728116,153.477728116,153.477728116
MR_K05_LOCAL::INTERMITTENT_SHORTFALL::THETA_0100::EXTERNALITY_CF_BETA_050::Q95::max_export_lp,1,1,True,RECOVERABLE_ALLOCATION_EXTERNALITY,0.0366786863355,0.0366786863355,36.6786863355,36.6786863355
MR_K05_LOCAL::INTERMITTENT_SHORTFALL::THETA_0100::EXTERNALITY_CF_BETA_050::Q95::max_export_lp,2,1,True,RECOVERABLE_ALLOCATION_EXTERNALITY,0.0551002566348,0.0551002566354,55.1002566348,55.1002566354
MR_K05_LOCAL::INTERMITTENT_SHORTFALL::THETA_0100::EXTERNALITY_CF_BETA_050::Q95::max_export_lp,3,1,True,RECOVERABLE_ALLOCATION_EXTERNALITY,0.024357034944,0.0243570349444,24.357034944,24.3570349444
MR_K05_LOCAL::INTERMITTENT_SHORTFALL::THETA_0100::EXTERNALITY_CF_BETA_050::Q95::max_export_lp,4,1,True,RECOVERABLE_ALLOCATION_EXTERNALITY,0.0419180163417,0.0419180163418,41.9180163417,41.9180163418
MR_K05_LOCAL::INTERMITTENT_SHORTFALL::THETA_0100::EXTERNALITY_CF_BETA_050::Q95::max_export_lp,5,1,True,RECOVERABLE_ALLOCATION_EXTERNALITY,0.0543875694354,0.0543875694366,54.3875694354,54.3875694366
MR_K05_LOCAL::INTERMITTENT_SHORTFALL::THETA_0100::EXTERNALITY_CF_BETA_050::Q95::max_export_lp,6,1,True,RECOVERABLE_ALLOCATION_EXTERNALITY,0.0486360808746,0.048636080875,48.6360808746,48.636080875
MR_K05_LOCAL::INTERMITTENT_SHORTFALL::THETA_0100::EXTERNALITY_CF_BETA_050::Q95::max_export_lp,7,1,True,RECOVERABLE_ALLOCATION_EXTERNALITY,0.0419253826428,0.0419253826472,41.9253826428,41.9253826472
MR_K05_LOCAL::INTERMITTENT_SHORTFALL::THETA_0100::EXTERNALITY_CF_BETA_050::Q95::max_export_lp,8,1,True,RECOVERABLE_ALLOCATION_EXTERNALITY,0.0373585829237,0.0373585829238,37.3585829237,37.3585829238
MR_K05_LOCAL::INTERMITTENT_SHORTFALL::THETA_0100::EXTERNALITY_CF_BETA_050::Q95::max_export_lp,9,1,True,RECOVERABLE_ALLOCATION_EXTERNALITY,0.0500386917316,0.0500386917317,50.0386917316,50.0386917317
MR_K05_LOCAL::INTERMITTENT_SHORTFALL::THETA_0100::EXTERNALITY_CF_BETA_050::Q95::max_export_lp,10,1,True,RECOVERABLE_ALLOCATION_EXTERNALITY,0.0306600791907,0.0306600791907,30.6600791907,30.6600791907
MR_K05_LOCAL::INTERMITTENT_SHORTFALL::THETA_0100::EXTERNALITY_CF_BETA_050::Q95::max_export_lp,11,1,True,RECOVERABLE_ALLOCATION_EXTERNALITY,0.0485157943005,0.0485157943005,48.5157943005,48.5157943005
MR_K05_LOCAL::INTERMITTENT_SHORTFALL::THETA_0100::EXTERNALITY_CF_BETA_050::Q95::max_export_lp,12,1,True,RECOVERABLE_ALLOCATION_EXTERNALITY,0.048620639059,0.048620639059,48.620639059,48.620639059
MR_K05_LOCAL::INTERMITTENT_SHORTFALL::THETA_0100::EXTERNALITY_CF_BETA_050::Q95::max_export_lp,13,1,True,RECOVERABLE_ALLOCATION_EXTERNALITY,0.0419634133686,0.0419634133689,41.9634133686,41.9634133689
MR_K05_LOCAL::INTERMITTENT_SHORTFALL::THETA_0100::EXTERNALITY_CF_BETA_050::Q95::max_export_lp,14,1,True,RECOVERABLE_ALLOCATION_EXTERNALITY,0.0478277008265,0.0478277008265,47.8277008265,47.8277008265
MR_K05_LOCAL::INTERMITTENT_SHORTFALL::THETA_0100::EXTERNALITY_CF_BETA_050::Q95::max_export_lp,15,1,True,RECOVERABLE_ALLOCATION_EXTERNALITY,0.0431619495724,0.0431619495736,43.1619495724,43.1619495736
MR_K05_LOCAL::INTERMITTENT_SHORTFALL::THETA_0100::EXTERNALITY_CF_BETA_050::Q95::max_export_lp,16,1,True,RECOVERABLE_ALLOCATION_EXTERNALITY,0.0482242468711,0.0482242468714,48.2242468711,48.2242468714
MR_K05_LOCAL::INTERMITTENT_SHORTFALL::THETA_0100::EXTERNALITY_CF_BETA_050::Q95::fairness_qp,1,1,True,RECOVERABLE_ALLOCATION_EXTERNALITY,0.0275911582847,0.0513315453472,27.5911582847,51.3315453472
MR_K05_LOCAL::INTERMITTENT_SHORTFALL::THETA_0100::EXTERNALITY_CF_BETA_050::Q95::fairness_qp,2,1,True,RECOVERABLE_ALLOCATION_EXTERNALITY,0.0459400279785,0.05878352665,45.9400279785,58.78352665
MR_K05_LOCAL::INTERMITTENT_SHORTFALL::THETA_0100::EXTERNALITY_CF_BETA_050::Q95::fairness_qp,3,1,True,RECOVERABLE_ALLOCATION_EXTERNALITY,0.0233076955041,0.0397077214824,23.3076955041,39.7077214824
MR_K05_LOCAL::INTERMITTENT_SHORTFALL::THETA_0100::EXTERNALITY_CF_BETA_050::Q95::fairness_qp,4,1,True,RECOVERABLE_ALLOCATION_EXTERNALITY,0.0380163651166,0.0555702782427,38.0163651166,55.5702782427
MR_K05_LOCAL::INTERMITTENT_SHORTFALL::THETA_0100::EXTERNALITY_CF_BETA_050::Q95::fairness_qp,5,1,True,RECOVERABLE_ALLOCATION_EXTERNALITY,0.027249760134,0.0439391168518,27.249760134,43.9391168518
MR_K05_LOCAL::INTERMITTENT_SHORTFALL::THETA_0100::EXTERNALITY_CF_BETA_050::Q95::fairness_qp,6,1,True,RECOVERABLE_ALLOCATION_EXTERNALITY,0.0424515812548,0.0531382903976,42.4515812548,53.1382903976
MR_K05_LOCAL::INTERMITTENT_SHORTFALL::THETA_0100::EXTERNALITY_CF_BETA_050::Q95::fairness_qp,7,1,True,RECOVERABLE_ALLOCATION_EXTERNALITY,0.0291862107986,0.0489416804152,29.1862107986,48.9416804152
MR_K05_LOCAL::INTERMITTENT_SHORTFALL::THETA_0100::EXTERNALITY_CF_BETA_050::Q95::fairness_qp,8,1,True,RECOVERABLE_ALLOCATION_EXTERNALITY,0.0267325553568,0.0451182161201,26.7325553568,45.1182161201
MR_K05_LOCAL::INTERMITTENT_SHORTFALL::THETA_0100::EXTERNALITY_CF_BETA_050::Q95::fairness_qp,9,1,True,RECOVERABLE_ALLOCATION_EXTERNALITY,0.0354723420956,0.0490376095571,35.4723420956,49.0376095571
MR_K05_LOCAL::INTERMITTENT_SHORTFALL::THETA_0100::EXTERNALITY_CF_BETA_050::Q95::fairness_qp,10,1,True,RECOVERABLE_ALLOCATION_EXTERNALITY,0.0357936843613,0.0515445294434,35.7936843613,51.5445294434
MR_K05_LOCAL::INTERMITTENT_SHORTFALL::THETA_0100::EXTERNALITY_CF_BETA_050::Q95::fairness_qp,11,1,True,RECOVERABLE_ALLOCATION_EXTERNALITY,0.0374414275958,0.0544015754141,37.4414275958,54.4015754141
MR_K05_LOCAL::INTERMITTENT_SHORTFALL::THETA_0100::EXTERNALITY_CF_BETA_050::Q95::fairness_qp,12,1,True,RECOVERABLE_ALLOCATION_EXTERNALITY,0.0327535341241,0.0467842202598,32.7535341241,46.7842202598
MR_K05_LOCAL::INTERMITTENT_SHORTFALL::THETA_0100::EXTERNALITY_CF_BETA_050::Q95::fairness_qp,13,1,True,RECOVERABLE_ALLOCATION_EXTERNALITY,0.0370322501058,0.0504830291364,37.0322501058,50.4830291364
MR_K05_LOCAL::INTERMITTENT_SHORTFALL::THETA_0100::EXTERNALITY_CF_BETA_050::Q95::fairness_qp,14,1,True,RECOVERABLE_ALLOCATION_EXTERNALITY,0.0312828430673,0.0491446273592,31.2828430673,49.1446273592
MR_K05_LOCAL::INTERMITTENT_SHORTFALL::THETA_0100::EXTERNALITY_CF_BETA_050::Q95::fairness_qp,15,1,True,RECOVERABLE_ALLOCATION_EXTERNALITY,0.0299485423855,0.0426824035255,29.9485423855,42.6824035255
MR_K05_LOCAL::INTERMITTENT_SHORTFALL::THETA_0100::EXTERNALITY_CF_BETA_050::Q95::fairness_qp,16,1,True,RECOVERABLE_ALLOCATION_EXTERNALITY,0.0303721496129,0.0458800831261,30.3721496129,45.8800831261
MR_K05_LOCAL::INTERMITTENT_SHORTFALL::THETA_1000::EXTERNALITY_CF_BETA_050::Q0::weighted_proportional,1,10,True,RECOVERABLE_ALLOCATION_EXTERNALITY,0.0517495672802,0.0805572410821,51.7495672802,80.5572410821
MR_K05_LOCAL::INTERMITTENT_SHORTFALL::THETA_1000::EXTERNALITY_CF_BETA_050::Q0::weighted_proportional,2,10,True,RECOVERABLE_ALLOCATION_EXTERNALITY,0.0161518855702,0.062781318621,16.1518855702,62.781318621
MR_K05_LOCAL::INTERMITTENT_SHORTFALL::THETA_1000::EXTERNALITY_CF_BETA_050::Q0::weighted_proportional,3,10,True,RECOVERABLE_ALLOCATION_EXTERNALITY,0.0653943841263,0.0904532253132,65.3943841263,90.4532253132
MR_K05_LOCAL::INTERMITTENT_SHORTFALL::THETA_1000::EXTERNALITY_CF_BETA_050::Q0::weighted_proportional,4,10,True,RECOVERABLE_ALLOCATION_EXTERNALITY,0.0458088720106,0.0762734349371,45.8088720106,76.2734349371
MR_K05_LOCAL::INTERMITTENT_SHORTFALL::THETA_1000::EXTERNALITY_CF_BETA_050::Q0::weighted_proportional,5,10,True,RECOVERABLE_ALLOCATION_EXTERNALITY,0.0338125584227,0.0711161048634,33.8125584227,71.1161048634
MR_K05_LOCAL::INTERMITTENT_SHORTFALL::THETA_1000::EXTERNALITY_CF_BETA_050::Q0::weighted_proportional,6,10,True,RECOVERABLE_ALLOCATION_EXTERNALITY,0.0418727253621,0.0762157886983,41.8727253621,76.2157886983
MR_K05_LOCAL::INTERMITTENT_SHORTFALL::THETA_1000::EXTERNALITY_CF_BETA_050::Q0::weighted_proportional,7,10,True,RECOVERABLE_ALLOCATION_EXTERNALITY,0.0473488137569,0.0805571943838,47.3488137569,80.5571943838
MR_K05_LOCAL::INTERMITTENT_SHORTFALL::THETA_1000::EXTERNALITY_CF_BETA_050::Q0::weighted_proportional,8,10,True,RECOVERABLE_ALLOCATION_EXTERNALITY,0.0221383012052,0.0614394224838,22.1383012052,61.4394224838
MR_K05_LOCAL::INTERMITTENT_SHORTFALL::THETA_1000::EXTERNALITY_CF_BETA_050::Q0::weighted_proportional,9,10,True,RECOVERABLE_ALLOCATION_EXTERNALITY,0.0322053081783,0.0733468710916,32.2053081783,73.3468710916
MR_K05_LOCAL::INTERMITTENT_SHORTFALL::THETA_1000::EXTERNALITY_CF_BETA_050::Q0::weighted_proportional,10,10,True,RECOVERABLE_ALLOCATION_EXTERNALITY,0.0563573312595,0.0857679035278,56.3573312595,85.7679035278
MR_K05_LOCAL::INTERMITTENT_SHORTFALL::THETA_1000::EXTERNALITY_CF_BETA_050::Q0::weighted_proportional,11,10,True,RECOVERABLE_ALLOCATION_EXTERNALITY,0.0302414108144,0.0668673078405,30.2414108144,66.8673078405
MR_K05_LOCAL::INTERMITTENT_SHORTFALL::THETA_1000::EXTERNALITY_CF_BETA_050::Q0::weighted_proportional,12,10,True,RECOVERABLE_ALLOCATION_EXTERNALITY,0.0428058202442,0.078286789157,42.8058202442,78.286789157
MR_K05_LOCAL::INTERMITTENT_SHORTFALL::THETA_1000::EXTERNALITY_CF_BETA_050::Q0::weighted_proportional,13,10,True,RECOVERABLE_ALLOCATION_EXTERNALITY,0.0489699493015,0.080902821323,48.9699493015,80.902821323
MR_K05_LOCAL::INTERMITTENT_SHORTFALL::THETA_1000::EXTERNALITY_CF_BETA_050::Q0::weighted_proportional,14,10,True,RECOVERABLE_ALLOCATION_EXTERNALITY,0.0368357426145,0.0727680395096,36.8357426145,72.7680395096
MR_K05_LOCAL::INTERMITTENT_SHORTFALL::THETA_1000::EXTERNALITY_CF_BETA_050::Q0::weighted_proportional,15,10,True,RECOVERABLE_ALLOCATION_EXTERNALITY,0.025581632455,0.0657462040413,25.581632455,65.7462040413
MR_K05_LOCAL::INTERMITTENT_SHORTFALL::THETA_1000::EXTERNALITY_CF_BETA_050::Q0::weighted_proportional,16,10,True,RECOVERABLE_ALLOCATION_EXTERNALITY,0.0414791513435,0.0779805256385,41.4791513435,77.9805256385
MR_K05_LOCAL::INTERMITTENT_SHORTFALL::THETA_1000::EXTERNALITY_CF_BETA_050::Q0::equal_kw_reduction,1,10,True,RECOVERABLE_ALLOCATION_EXTERNALITY,0.0152811873968,0.0395995727905,15.2811873968,39.5995727905
MR_K05_LOCAL::INTERMITTENT_SHORTFALL::THETA_1000::EXTERNALITY_CF_BETA_050::Q0::equal_kw_reduction,2,10,True,RECOVERABLE_ALLOCATION_EXTERNALITY,0.0247206030562,0.0487958818428,24.7206030562,48.7958818428
MR_K05_LOCAL::INTERMITTENT_SHORTFALL::THETA_1000::EXTERNALITY_CF_BETA_050::Q0::equal_kw_reduction,3,10,True,RECOVERABLE_ALLOCATION_EXTERNALITY,0.0158460833442,0.0415735023683,15.8460833442,41.5735023683
MR_K05_LOCAL::INTERMITTENT_SHORTFALL::THETA_1000::EXTERNALITY_CF_BETA_050::Q0::equal_kw_reduction,4,10,True,RECOVERABLE_ALLOCATION_EXTERNALITY,0.0215580171985,0.0442329313829,21.5580171985,44.2329313829
MR_K05_LOCAL::INTERMITTENT_SHORTFALL::THETA_1000::EXTERNALITY_CF_BETA_050::Q0::equal_kw_reduction,5,10,True,RECOVERABLE_ALLOCATION_EXTERNALITY,0.024671605155,0.0484496070102,24.671605155,48.4496070102
MR_K05_LOCAL::INTERMITTENT_SHORTFALL::THETA_1000::EXTERNALITY_CF_BETA_050::Q0::equal_kw_reduction,6,10,True,RECOVERABLE_ALLOCATION_EXTERNALITY,0.0222453148272,0.0441993172592,22.2453148272,44.1993172592
MR_K05_LOCAL::INTERMITTENT_SHORTFALL::THETA_1000::EXTERNALITY_CF_BETA_050::Q0::equal_kw_reduction,7,10,True,RECOVERABLE_ALLOCATION_EXTERNALITY,0.0247064070372,0.0495866374285,24.7064070372,49.5866374285
MR_K05_LOCAL::INTERMITTENT_SHORTFALL::THETA_1000::EXTERNALITY_CF_BETA_050::Q0::equal_kw_reduction,8,10,True,RECOVERABLE_ALLOCATION_EXTERNALITY,0.0185844002768,0.0437955760307,18.5844002768,43.7955760307
MR_K05_LOCAL::INTERMITTENT_SHORTFALL::THETA_1000::EXTERNALITY_CF_BETA_050::Q0::equal_kw_reduction,9,10,True,RECOVERABLE_ALLOCATION_EXTERNALITY,0.0158156955299,0.0395311334951,15.8156955299,39.5311334951
MR_K05_LOCAL::INTERMITTENT_SHORTFALL::THETA_1000::EXTERNALITY_CF_BETA_050::Q0::equal_kw_reduction,10,10,True,RECOVERABLE_ALLOCATION_EXTERNALITY,0.0179396249163,0.0435620581902,17.9396249163,43.5620581902
MR_K05_LOCAL::INTERMITTENT_SHORTFALL::THETA_1000::EXTERNALITY_CF_BETA_050::Q0::equal_kw_reduction,11,10,True,RECOVERABLE_ALLOCATION_EXTERNALITY,0.0214328276258,0.0439859258491,21.4328276258,43.9859258491
MR_K05_LOCAL::INTERMITTENT_SHORTFALL::THETA_1000::EXTERNALITY_CF_BETA_050::Q0::equal_kw_reduction,12,10,True,RECOVERABLE_ALLOCATION_EXTERNALITY,0.0214469156156,0.0435902250123,21.4469156156,43.5902250123
MR_K05_LOCAL::INTERMITTENT_SHORTFALL::THETA_1000::EXTERNALITY_CF_BETA_050::Q0::equal_kw_reduction,13,10,True,RECOVERABLE_ALLOCATION_EXTERNALITY,0.024546591618,0.0481068460129,24.546591618,48.1068460129
MR_K05_LOCAL::INTERMITTENT_SHORTFALL::THETA_1000::EXTERNALITY_CF_BETA_050::Q0::equal_kw_reduction,14,10,True,RECOVERABLE_ALLOCATION_EXTERNALITY,0.0223071525252,0.045917926497,22.3071525252,45.917926497
MR_K05_LOCAL::INTERMITTENT_SHORTFALL::THETA_1000::EXTERNALITY_CF_BETA_050::Q0::equal_kw_reduction,15,10,True,RECOVERABLE_ALLOCATION_EXTERNALITY,0.0161460461337,0.0372895100971,16.1460461337,37.2895100971
MR_K05_LOCAL::INTERMITTENT_SHORTFALL::THETA_1000::EXTERNALITY_CF_BETA_050::Q0::equal_kw_reduction,16,10,True,RECOVERABLE_ALLOCATION_EXTERNALITY,0.0248772696471,0.0501587730639,24.8772696471,50.1587730639
MR_K05_LOCAL::INTERMITTENT_SHORTFALL::THETA_1000::EXTERNALITY_CF_BETA_050::Q0::flat_level,1,10,True,RECOVERABLE_ALLOCATION_EXTERNALITY,0.133424940712,0.133424940712,133.424940712,133.424940712
MR_K05_LOCAL::INTERMITTENT_SHORTFALL::THETA_1000::EXTERNALITY_CF_BETA_050::Q0::flat_level,2,10,True,RECOVERABLE_ALLOCATION_EXTERNALITY,0.088196900814,0.088196900814,88.196900814,88.196900814
MR_K05_LOCAL::INTERMITTENT_SHORTFALL::THETA_1000::EXTERNALITY_CF_BETA_050::Q0::flat_level,3,10,True,RECOVERABLE_ALLOCATION_EXTERNALITY,0.190483468579,0.190483468579,190.483468579,190.483468579
MR_K05_LOCAL::INTERMITTENT_SHORTFALL::THETA_1000::EXTERNALITY_CF_BETA_050::Q0::flat_level,4,10,True,RECOVERABLE_ALLOCATION_EXTERNALITY,0.118006250527,0.118006250527,118.006250527,118.006250527
MR_K05_LOCAL::INTERMITTENT_SHORTFALL::THETA_1000::EXTERNALITY_CF_BETA_050::Q0::flat_level,5,10,True,RECOVERABLE_ALLOCATION_EXTERNALITY,0.0917544639915,0.0917544639915,91.7544639915,91.7544639915
MR_K05_LOCAL::INTERMITTENT_SHORTFALL::THETA_1000::EXTERNALITY_CF_BETA_050::Q0::flat_level,6,10,True,RECOVERABLE_ALLOCATION_EXTERNALITY,0.122646530007,0.122646530007,122.646530007,122.646530007
MR_K05_LOCAL::INTERMITTENT_SHORTFALL::THETA_1000::EXTERNALITY_CF_BETA_050::Q0::flat_level,7,10,True,RECOVERABLE_ALLOCATION_EXTERNALITY,0.162385831833,0.162385831833,162.385831833,162.385831833
MR_K05_LOCAL::INTERMITTENT_SHORTFALL::THETA_1000::EXTERNALITY_CF_BETA_050::Q0::flat_level,8,10,True,RECOVERABLE_ALLOCATION_EXTERNALITY,0.0858469015149,0.0858469015149,85.8469015149,85.8469015149
MR_K05_LOCAL::INTERMITTENT_SHORTFALL::THETA_1000::EXTERNALITY_CF_BETA_050::Q0::flat_level,9,10,True,RECOVERABLE_ALLOCATION_EXTERNALITY,0.128812883204,0.128812883204,128.812883204,128.812883204
MR_K05_LOCAL::INTERMITTENT_SHORTFALL::THETA_1000::EXTERNALITY_CF_BETA_050::Q0::flat_level,10,10,True,RECOVERABLE_ALLOCATION_EXTERNALITY,0.187828540749,0.187828540749,187.828540749,187.828540749
MR_K05_LOCAL::INTERMITTENT_SHORTFALL::THETA_1000::EXTERNALITY_CF_BETA_050::Q0::flat_level,11,10,True,RECOVERABLE_ALLOCATION_EXTERNALITY,0.0848948994361,0.0848948994361,84.8948994361,84.8948994361
MR_K05_LOCAL::INTERMITTENT_SHORTFALL::THETA_1000::EXTERNALITY_CF_BETA_050::Q0::flat_level,12,10,True,RECOVERABLE_ALLOCATION_EXTERNALITY,0.163544778748,0.163544778748,163.544778748,163.544778748
MR_K05_LOCAL::INTERMITTENT_SHORTFALL::THETA_1000::EXTERNALITY_CF_BETA_050::Q0::flat_level,13,10,True,RECOVERABLE_ALLOCATION_EXTERNALITY,0.135470642587,0.135470642587,135.470642587,135.470642587
MR_K05_LOCAL::INTERMITTENT_SHORTFALL::THETA_1000::EXTERNALITY_CF_BETA_050::Q0::flat_level,14,10,True,RECOVERABLE_ALLOCATION_EXTERNALITY,0.117336375526,0.117336375526,117.336375526,117.336375526
MR_K05_LOCAL::INTERMITTENT_SHORTFALL::THETA_1000::EXTERNALITY_CF_BETA_050::Q0::flat_level,15,10,True,RECOVERABLE_ALLOCATION_EXTERNALITY,0.10754957515,0.10754957515,107.54957515,107.54957515
MR_K05_LOCAL::INTERMITTENT_SHORTFALL::THETA_1000::EXTERNALITY_CF_BETA_050::Q0::flat_level,16,10,True,RECOVERABLE_ALLOCATION_EXTERNALITY,0.153477728116,0.153477728116,153.477728116,153.477728116
MR_K05_LOCAL::INTERMITTENT_SHORTFALL::THETA_1000::EXTERNALITY_CF_BETA_050::Q0::max_export_lp,1,10,True,RECOVERABLE_ALLOCATION_EXTERNALITY,0.0366787672117,0.0366787672121,36.6787672117,36.6787672121
MR_K05_LOCAL::INTERMITTENT_SHORTFALL::THETA_1000::EXTERNALITY_CF_BETA_050::Q0::max_export_lp,2,10,True,RECOVERABLE_ALLOCATION_EXTERNALITY,0.0551002577062,0.0551002577063,55.1002577062,55.1002577063
MR_K05_LOCAL::INTERMITTENT_SHORTFALL::THETA_1000::EXTERNALITY_CF_BETA_050::Q0::max_export_lp,3,10,True,RECOVERABLE_ALLOCATION_EXTERNALITY,0.0243570065414,0.0243570065415,24.3570065414,24.3570065415
MR_K05_LOCAL::INTERMITTENT_SHORTFALL::THETA_1000::EXTERNALITY_CF_BETA_050::Q0::max_export_lp,4,10,True,RECOVERABLE_ALLOCATION_EXTERNALITY,0.0419179368963,0.0419179368965,41.9179368963,41.9179368965
MR_K05_LOCAL::INTERMITTENT_SHORTFALL::THETA_1000::EXTERNALITY_CF_BETA_050::Q0::max_export_lp,5,10,True,RECOVERABLE_ALLOCATION_EXTERNALITY,0.0543876222279,0.0543876222349,54.3876222279,54.3876222349
MR_K05_LOCAL::INTERMITTENT_SHORTFALL::THETA_1000::EXTERNALITY_CF_BETA_050::Q0::max_export_lp,6,10,True,RECOVERABLE_ALLOCATION_EXTERNALITY,0.0486360619432,0.0486360619437,48.6360619432,48.6360619437
MR_K05_LOCAL::INTERMITTENT_SHORTFALL::THETA_1000::EXTERNALITY_CF_BETA_050::Q0::max_export_lp,7,10,True,RECOVERABLE_ALLOCATION_EXTERNALITY,0.0419253710024,0.0419253710024,41.9253710024,41.9253710024
MR_K05_LOCAL::INTERMITTENT_SHORTFALL::THETA_1000::EXTERNALITY_CF_BETA_050::Q0::max_export_lp,8,10,True,RECOVERABLE_ALLOCATION_EXTERNALITY,0.0373585663565,0.0373585663567,37.3585663565,37.3585663567
MR_K05_LOCAL::INTERMITTENT_SHORTFALL::THETA_1000::EXTERNALITY_CF_BETA_050::Q0::max_export_lp,9,10,True,RECOVERABLE_ALLOCATION_EXTERNALITY,0.0500386961574,0.0500386961574,50.0386961574,50.0386961574
MR_K05_LOCAL::INTERMITTENT_SHORTFALL::THETA_1000::EXTERNALITY_CF_BETA_050::Q0::max_export_lp,10,10,True,RECOVERABLE_ALLOCATION_EXTERNALITY,0.0306600797196,0.0306600797197,30.6600797196,30.6600797197
MR_K05_LOCAL::INTERMITTENT_SHORTFALL::THETA_1000::EXTERNALITY_CF_BETA_050::Q0::max_export_lp,11,10,True,RECOVERABLE_ALLOCATION_EXTERNALITY,0.0485157912332,0.0485157912333,48.5157912332,48.5157912333
MR_K05_LOCAL::INTERMITTENT_SHORTFALL::THETA_1000::EXTERNALITY_CF_BETA_050::Q0::max_export_lp,12,10,True,RECOVERABLE_ALLOCATION_EXTERNALITY,0.0486207217118,0.0486207217119,48.6207217118,48.6207217119
MR_K05_LOCAL::INTERMITTENT_SHORTFALL::THETA_1000::EXTERNALITY_CF_BETA_050::Q0::max_export_lp,13,10,True,RECOVERABLE_ALLOCATION_EXTERNALITY,0.0419634247017,0.0419634247018,41.9634247017,41.9634247018
MR_K05_LOCAL::INTERMITTENT_SHORTFALL::THETA_1000::EXTERNALITY_CF_BETA_050::Q0::max_export_lp,14,10,True,RECOVERABLE_ALLOCATION_EXTERNALITY,0.0478276988893,0.0478276988917,47.8276988893,47.8276988917
MR_K05_LOCAL::INTERMITTENT_SHORTFALL::THETA_1000::EXTERNALITY_CF_BETA_050::Q0::max_export_lp,15,10,True,RECOVERABLE_ALLOCATION_EXTERNALITY,0.0431619679536,0.0431619679539,43.1619679536,43.1619679539
MR_K05_LOCAL::INTERMITTENT_SHORTFALL::THETA_1000::EXTERNALITY_CF_BETA_050::Q0::max_export_lp,16,10,True,RECOVERABLE_ALLOCATION_EXTERNALITY,0.0482243227278,0.048224322728,48.2243227278,48.224322728
MR_K05_LOCAL::INTERMITTENT_SHORTFALL::THETA_1000::EXTERNALITY_CF_BETA_050::Q0::fairness_qp,1,10,True,RECOVERABLE_ALLOCATION_EXTERNALITY,0.0209065280153,0.0447928280059,20.9065280153,44.7928280059
MR_K05_LOCAL::INTERMITTENT_SHORTFALL::THETA_1000::EXTERNALITY_CF_BETA_050::Q0::fairness_qp,2,10,True,RECOVERABLE_ALLOCATION_EXTERNALITY,0.0474404092094,0.0612230043628,47.4404092094,61.2230043628
MR_K05_LOCAL::INTERMITTENT_SHORTFALL::THETA_1000::EXTERNALITY_CF_BETA_050::Q0::fairness_qp,3,10,True,RECOVERABLE_ALLOCATION_EXTERNALITY,0.0259878086432,0.0485961662765,25.9878086432,48.5961662765
MR_K05_LOCAL::INTERMITTENT_SHORTFALL::THETA_1000::EXTERNALITY_CF_BETA_050::Q0::fairness_qp,4,10,True,RECOVERABLE_ALLOCATION_EXTERNALITY,0.0299854782496,0.0495905259375,29.9854782496,49.5905259375
MR_K05_LOCAL::INTERMITTENT_SHORTFALL::THETA_1000::EXTERNALITY_CF_BETA_050::Q0::fairness_qp,5,10,True,RECOVERABLE_ALLOCATION_EXTERNALITY,0.0312414715565,0.0501742184799,31.2414715565,50.1742184799
MR_K05_LOCAL::INTERMITTENT_SHORTFALL::THETA_1000::EXTERNALITY_CF_BETA_050::Q0::fairness_qp,6,10,True,RECOVERABLE_ALLOCATION_EXTERNALITY,0.0403365840368,0.0538883715805,40.3365840368,53.8883715805
MR_K05_LOCAL::INTERMITTENT_SHORTFALL::THETA_1000::EXTERNALITY_CF_BETA_050::Q0::fairness_qp,7,10,True,RECOVERABLE_ALLOCATION_EXTERNALITY,0.0322003832768,0.0522126542877,32.2003832768,52.2126542877
MR_K05_LOCAL::INTERMITTENT_SHORTFALL::THETA_1000::EXTERNALITY_CF_BETA_050::Q0::fairness_qp,8,10,True,RECOVERABLE_ALLOCATION_EXTERNALITY,0.0240688905751,0.045714570794,24.0688905751,45.714570794
MR_K05_LOCAL::INTERMITTENT_SHORTFALL::THETA_1000::EXTERNALITY_CF_BETA_050::Q0::fairness_qp,9,10,True,RECOVERABLE_ALLOCATION_EXTERNALITY,0.0409890082166,0.0545203644835,40.9890082166,54.5203644835
MR_K05_LOCAL::INTERMITTENT_SHORTFALL::THETA_1000::EXTERNALITY_CF_BETA_050::Q0::fairness_qp,10,10,True,RECOVERABLE_ALLOCATION_EXTERNALITY,0.0358921601736,0.0569023040304,35.8921601736,56.9023040304
MR_K05_LOCAL::INTERMITTENT_SHORTFALL::THETA_1000::EXTERNALITY_CF_BETA_050::Q0::fairness_qp,11,10,True,RECOVERABLE_ALLOCATION_EXTERNALITY,0.0304199840226,0.0475529851909,30.4199840226,47.5529851909
MR_K05_LOCAL::INTERMITTENT_SHORTFALL::THETA_1000::EXTERNALITY_CF_BETA_050::Q0::fairness_qp,12,10,True,RECOVERABLE_ALLOCATION_EXTERNALITY,0.0370064380409,0.0522640744222,37.0064380409,52.2640744222
MR_K05_LOCAL::INTERMITTENT_SHORTFALL::THETA_1000::EXTERNALITY_CF_BETA_050::Q0::fairness_qp,13,10,True,RECOVERABLE_ALLOCATION_EXTERNALITY,0.0343550224131,0.0518299226418,34.3550224131,51.8299226418
MR_K05_LOCAL::INTERMITTENT_SHORTFALL::THETA_1000::EXTERNALITY_CF_BETA_050::Q0::fairness_qp,14,10,True,RECOVERABLE_ALLOCATION_EXTERNALITY,0.0303987178352,0.0491586324358,30.3987178352,49.1586324358
MR_K05_LOCAL::INTERMITTENT_SHORTFALL::THETA_1000::EXTERNALITY_CF_BETA_050::Q0::fairness_qp,15,10,True,RECOVERABLE_ALLOCATION_EXTERNALITY,0.0302998148455,0.0447394076408,30.2998148455,44.7394076408
MR_K05_LOCAL::INTERMITTENT_SHORTFALL::THETA_1000::EXTERNALITY_CF_BETA_050::Q0::fairness_qp,16,10,True,RECOVERABLE_ALLOCATION_EXTERNALITY,0.0339940863235,0.0514492708081,33.9940863235,51.4492708081
MR_K05_LOCAL::INTERMITTENT_SHORTFALL::THETA_1000::EXTERNALITY_CF_BETA_050::Q95::weighted_proportional,1,10,True,RECOVERABLE_ALLOCATION_EXTERNALITY,0.0517495672792,0.0805572410811,51.7495672792,80.5572410811
MR_K05_LOCAL::INTERMITTENT_SHORTFALL::THETA_1000::EXTERNALITY_CF_BETA_050::Q95::weighted_proportional,2,10,True,RECOVERABLE_ALLOCATION_EXTERNALITY,0.0161518855557,0.0627813186066,16.1518855557,62.7813186066
MR_K05_LOCAL::INTERMITTENT_SHORTFALL::THETA_1000::EXTERNALITY_CF_BETA_050::Q95::weighted_proportional,3,10,True,RECOVERABLE_ALLOCATION_EXTERNALITY,0.0653943841105,0.0904532252974,65.3943841105,90.4532252974
MR_K05_LOCAL::INTERMITTENT_SHORTFALL::THETA_1000::EXTERNALITY_CF_BETA_050::Q95::weighted_proportional,4,10,True,RECOVERABLE_ALLOCATION_EXTERNALITY,0.0458088719927,0.0762734349194,45.8088719927,76.2734349194
MR_K05_LOCAL::INTERMITTENT_SHORTFALL::THETA_1000::EXTERNALITY_CF_BETA_050::Q95::weighted_proportional,5,10,True,RECOVERABLE_ALLOCATION_EXTERNALITY,0.0338125584125,0.0711161048532,33.8125584125,71.1161048532
MR_K05_LOCAL::INTERMITTENT_SHORTFALL::THETA_1000::EXTERNALITY_CF_BETA_050::Q95::weighted_proportional,6,10,True,RECOVERABLE_ALLOCATION_EXTERNALITY,0.0418727253625,0.0762157886989,41.8727253625,76.2157886989
MR_K05_LOCAL::INTERMITTENT_SHORTFALL::THETA_1000::EXTERNALITY_CF_BETA_050::Q95::weighted_proportional,7,10,True,RECOVERABLE_ALLOCATION_EXTERNALITY,0.0473488137568,0.0805571943839,47.3488137568,80.5571943839
MR_K05_LOCAL::INTERMITTENT_SHORTFALL::THETA_1000::EXTERNALITY_CF_BETA_050::Q95::weighted_proportional,8,10,True,RECOVERABLE_ALLOCATION_EXTERNALITY,0.0221383012068,0.0614394224852,22.1383012068,61.4394224852
MR_K05_LOCAL::INTERMITTENT_SHORTFALL::THETA_1000::EXTERNALITY_CF_BETA_050::Q95::weighted_proportional,9,10,True,RECOVERABLE_ALLOCATION_EXTERNALITY,0.0322053081746,0.073346871088,32.2053081746,73.346871088
MR_K05_LOCAL::INTERMITTENT_SHORTFALL::THETA_1000::EXTERNALITY_CF_BETA_050::Q95::weighted_proportional,10,10,True,RECOVERABLE_ALLOCATION_EXTERNALITY,0.0563573312599,0.0857679035283,56.3573312599,85.7679035283
MR_K05_LOCAL::INTERMITTENT_SHORTFALL::THETA_1000::EXTERNALITY_CF_BETA_050::Q95::weighted_proportional,11,10,True,RECOVERABLE_ALLOCATION_EXTERNALITY,0.0302414108153,0.0668673078414,30.2414108153,66.8673078414
MR_K05_LOCAL::INTERMITTENT_SHORTFALL::THETA_1000::EXTERNALITY_CF_BETA_050::Q95::weighted_proportional,12,10,True,RECOVERABLE_ALLOCATION_EXTERNALITY,0.0428058202444,0.0782867891574,42.8058202444,78.2867891574
MR_K05_LOCAL::INTERMITTENT_SHORTFALL::THETA_1000::EXTERNALITY_CF_BETA_050::Q95::weighted_proportional,13,10,True,RECOVERABLE_ALLOCATION_EXTERNALITY,0.0489699493015,0.0809028213232,48.9699493015,80.9028213232
MR_K05_LOCAL::INTERMITTENT_SHORTFALL::THETA_1000::EXTERNALITY_CF_BETA_050::Q95::weighted_proportional,14,10,True,RECOVERABLE_ALLOCATION_EXTERNALITY,0.0368357426148,0.07276803951,36.8357426148,72.76803951
MR_K05_LOCAL::INTERMITTENT_SHORTFALL::THETA_1000::EXTERNALITY_CF_BETA_050::Q95::weighted_proportional,15,10,True,RECOVERABLE_ALLOCATION_EXTERNALITY,0.0255816324555,0.0657462040419,25.5816324555,65.7462040419
MR_K05_LOCAL::INTERMITTENT_SHORTFALL::THETA_1000::EXTERNALITY_CF_BETA_050::Q95::weighted_proportional,16,10,True,RECOVERABLE_ALLOCATION_EXTERNALITY,0.0414791513342,0.0779805256294,41.4791513342,77.9805256294
MR_K05_LOCAL::INTERMITTENT_SHORTFALL::THETA_1000::EXTERNALITY_CF_BETA_050::Q95::equal_kw_reduction,1,10,True,RECOVERABLE_ALLOCATION_EXTERNALITY,0.0152811873968,0.0395995727905,15.2811873968,39.5995727905
MR_K05_LOCAL::INTERMITTENT_SHORTFALL::THETA_1000::EXTERNALITY_CF_BETA_050::Q95::equal_kw_reduction,2,10,True,RECOVERABLE_ALLOCATION_EXTERNALITY,0.0247206030562,0.0487958818428,24.7206030562,48.7958818428
MR_K05_LOCAL::INTERMITTENT_SHORTFALL::THETA_1000::EXTERNALITY_CF_BETA_050::Q95::equal_kw_reduction,3,10,True,RECOVERABLE_ALLOCATION_EXTERNALITY,0.0158460833442,0.0415735023683,15.8460833442,41.5735023683
MR_K05_LOCAL::INTERMITTENT_SHORTFALL::THETA_1000::EXTERNALITY_CF_BETA_050::Q95::equal_kw_reduction,4,10,True,RECOVERABLE_ALLOCATION_EXTERNALITY,0.0215580171985,0.0442329313829,21.5580171985,44.2329313829
MR_K05_LOCAL::INTERMITTENT_SHORTFALL::THETA_1000::EXTERNALITY_CF_BETA_050::Q95::equal_kw_reduction,5,10,True,RECOVERABLE_ALLOCATION_EXTERNALITY,0.024671605155,0.0484496070102,24.671605155,48.4496070102
MR_K05_LOCAL::INTERMITTENT_SHORTFALL::THETA_1000::EXTERNALITY_CF_BETA_050::Q95::equal_kw_reduction,6,10,True,RECOVERABLE_ALLOCATION_EXTERNALITY,0.0222453148272,0.0441993172592,22.2453148272,44.1993172592
MR_K05_LOCAL::INTERMITTENT_SHORTFALL::THETA_1000::EXTERNALITY_CF_BETA_050::Q95::equal_kw_reduction,7,10,True,RECOVERABLE_ALLOCATION_EXTERNALITY,0.0247064070372,0.0495866374285,24.7064070372,49.5866374285
MR_K05_LOCAL::INTERMITTENT_SHORTFALL::THETA_1000::EXTERNALITY_CF_BETA_050::Q95::equal_kw_reduction,8,10,True,RECOVERABLE_ALLOCATION_EXTERNALITY,0.0185844002768,0.0437955760307,18.5844002768,43.7955760307
MR_K05_LOCAL::INTERMITTENT_SHORTFALL::THETA_1000::EXTERNALITY_CF_BETA_050::Q95::equal_kw_reduction,9,10,True,RECOVERABLE_ALLOCATION_EXTERNALITY,0.0158156955299,0.0395311334951,15.8156955299,39.5311334951
MR_K05_LOCAL::INTERMITTENT_SHORTFALL::THETA_1000::EXTERNALITY_CF_BETA_050::Q95::equal_kw_reduction,10,10,True,RECOVERABLE_ALLOCATION_EXTERNALITY,0.0179396249163,0.0435620581902,17.9396249163,43.5620581902
MR_K05_LOCAL::INTERMITTENT_SHORTFALL::THETA_1000::EXTERNALITY_CF_BETA_050::Q95::equal_kw_reduction,11,10,True,RECOVERABLE_ALLOCATION_EXTERNALITY,0.0214328276258,0.0439859258491,21.4328276258,43.9859258491
MR_K05_LOCAL::INTERMITTENT_SHORTFALL::THETA_1000::EXTERNALITY_CF_BETA_050::Q95::equal_kw_reduction,12,10,True,RECOVERABLE_ALLOCATION_EXTERNALITY,0.0214469156156,0.0435902250123,21.4469156156,43.5902250123
MR_K05_LOCAL::INTERMITTENT_SHORTFALL::THETA_1000::EXTERNALITY_CF_BETA_050::Q95::equal_kw_reduction,13,10,True,RECOVERABLE_ALLOCATION_EXTERNALITY,0.024546591618,0.0481068460129,24.546591618,48.1068460129
MR_K05_LOCAL::INTERMITTENT_SHORTFALL::THETA_1000::EXTERNALITY_CF_BETA_050::Q95::equal_kw_reduction,14,10,True,RECOVERABLE_ALLOCATION_EXTERNALITY,0.0223071525252,0.045917926497,22.3071525252,45.917926497
MR_K05_LOCAL::INTERMITTENT_SHORTFALL::THETA_1000::EXTERNALITY_CF_BETA_050::Q95::equal_kw_reduction,15,10,True,RECOVERABLE_ALLOCATION_EXTERNALITY,0.0161460461337,0.0372895100971,16.1460461337,37.2895100971
MR_K05_LOCAL::INTERMITTENT_SHORTFALL::THETA_1000::EXTERNALITY_CF_BETA_050::Q95::equal_kw_reduction,16,10,True,RECOVERABLE_ALLOCATION_EXTERNALITY,0.0248772696471,0.0501587730639,24.8772696471,50.1587730639
MR_K05_LOCAL::INTERMITTENT_SHORTFALL::THETA_1000::EXTERNALITY_CF_BETA_050::Q95::flat_level,1,10,True,RECOVERABLE_ALLOCATION_EXTERNALITY,0.133424940712,0.133424940712,133.424940712,133.424940712
MR_K05_LOCAL::INTERMITTENT_SHORTFALL::THETA_1000::EXTERNALITY_CF_BETA_050::Q95::flat_level,2,10,True,RECOVERABLE_ALLOCATION_EXTERNALITY,0.088196900814,0.088196900814,88.196900814,88.196900814
MR_K05_LOCAL::INTERMITTENT_SHORTFALL::THETA_1000::EXTERNALITY_CF_BETA_050::Q95::flat_level,3,10,True,RECOVERABLE_ALLOCATION_EXTERNALITY,0.190483468579,0.190483468579,190.483468579,190.483468579
MR_K05_LOCAL::INTERMITTENT_SHORTFALL::THETA_1000::EXTERNALITY_CF_BETA_050::Q95::flat_level,4,10,True,RECOVERABLE_ALLOCATION_EXTERNALITY,0.118006250527,0.118006250527,118.006250527,118.006250527
MR_K05_LOCAL::INTERMITTENT_SHORTFALL::THETA_1000::EXTERNALITY_CF_BETA_050::Q95::flat_level,5,10,True,RECOVERABLE_ALLOCATION_EXTERNALITY,0.0917544639915,0.0917544639915,91.7544639915,91.7544639915
MR_K05_LOCAL::INTERMITTENT_SHORTFALL::THETA_1000::EXTERNALITY_CF_BETA_050::Q95::flat_level,6,10,True,RECOVERABLE_ALLOCATION_EXTERNALITY,0.122646530007,0.122646530007,122.646530007,122.646530007
MR_K05_LOCAL::INTERMITTENT_SHORTFALL::THETA_1000::EXTERNALITY_CF_BETA_050::Q95::flat_level,7,10,True,RECOVERABLE_ALLOCATION_EXTERNALITY,0.162385831833,0.162385831833,162.385831833,162.385831833
MR_K05_LOCAL::INTERMITTENT_SHORTFALL::THETA_1000::EXTERNALITY_CF_BETA_050::Q95::flat_level,8,10,True,RECOVERABLE_ALLOCATION_EXTERNALITY,0.0858469015149,0.0858469015149,85.8469015149,85.8469015149
MR_K05_LOCAL::INTERMITTENT_SHORTFALL::THETA_1000::EXTERNALITY_CF_BETA_050::Q95::flat_level,9,10,True,RECOVERABLE_ALLOCATION_EXTERNALITY,0.128812883204,0.128812883204,128.812883204,128.812883204
MR_K05_LOCAL::INTERMITTENT_SHORTFALL::THETA_1000::EXTERNALITY_CF_BETA_050::Q95::flat_level,10,10,True,RECOVERABLE_ALLOCATION_EXTERNALITY,0.187828540749,0.187828540749,187.828540749,187.828540749
MR_K05_LOCAL::INTERMITTENT_SHORTFALL::THETA_1000::EXTERNALITY_CF_BETA_050::Q95::flat_level,11,10,True,RECOVERABLE_ALLOCATION_EXTERNALITY,0.0848948994361,0.0848948994361,84.8948994361,84.8948994361
MR_K05_LOCAL::INTERMITTENT_SHORTFALL::THETA_1000::EXTERNALITY_CF_BETA_050::Q95::flat_level,12,10,True,RECOVERABLE_ALLOCATION_EXTERNALITY,0.163544778748,0.163544778748,163.544778748,163.544778748
MR_K05_LOCAL::INTERMITTENT_SHORTFALL::THETA_1000::EXTERNALITY_CF_BETA_050::Q95::flat_level,13,10,True,RECOVERABLE_ALLOCATION_EXTERNALITY,0.135470642587,0.135470642587,135.470642587,135.470642587
MR_K05_LOCAL::INTERMITTENT_SHORTFALL::THETA_1000::EXTERNALITY_CF_BETA_050::Q95::flat_level,14,10,True,RECOVERABLE_ALLOCATION_EXTERNALITY,0.117336375526,0.117336375526,117.336375526,117.336375526
MR_K05_LOCAL::INTERMITTENT_SHORTFALL::THETA_1000::EXTERNALITY_CF_BETA_050::Q95::flat_level,15,10,True,RECOVERABLE_ALLOCATION_EXTERNALITY,0.10754957515,0.10754957515,107.54957515,107.54957515
MR_K05_LOCAL::INTERMITTENT_SHORTFALL::THETA_1000::EXTERNALITY_CF_BETA_050::Q95::flat_level,16,10,True,RECOVERABLE_ALLOCATION_EXTERNALITY,0.153477728116,0.153477728116,153.477728116,153.477728116
MR_K05_LOCAL::INTERMITTENT_SHORTFALL::THETA_1000::EXTERNALITY_CF_BETA_050::Q95::max_export_lp,1,10,True,RECOVERABLE_ALLOCATION_EXTERNALITY,0.0366786863355,0.0366786863355,36.6786863355,36.6786863355
MR_K05_LOCAL::INTERMITTENT_SHORTFALL::THETA_1000::EXTERNALITY_CF_BETA_050::Q95::max_export_lp,2,10,True,RECOVERABLE_ALLOCATION_EXTERNALITY,0.0551002566348,0.0551002566354,55.1002566348,55.1002566354
MR_K05_LOCAL::INTERMITTENT_SHORTFALL::THETA_1000::EXTERNALITY_CF_BETA_050::Q95::max_export_lp,3,10,True,RECOVERABLE_ALLOCATION_EXTERNALITY,0.024357034944,0.0243570349444,24.357034944,24.3570349444
MR_K05_LOCAL::INTERMITTENT_SHORTFALL::THETA_1000::EXTERNALITY_CF_BETA_050::Q95::max_export_lp,4,10,True,RECOVERABLE_ALLOCATION_EXTERNALITY,0.0419180163417,0.0419180163418,41.9180163417,41.9180163418
MR_K05_LOCAL::INTERMITTENT_SHORTFALL::THETA_1000::EXTERNALITY_CF_BETA_050::Q95::max_export_lp,5,10,True,RECOVERABLE_ALLOCATION_EXTERNALITY,0.0543875694354,0.0543875694366,54.3875694354,54.3875694366
MR_K05_LOCAL::INTERMITTENT_SHORTFALL::THETA_1000::EXTERNALITY_CF_BETA_050::Q95::max_export_lp,6,10,True,RECOVERABLE_ALLOCATION_EXTERNALITY,0.0486360808746,0.048636080875,48.6360808746,48.636080875
MR_K05_LOCAL::INTERMITTENT_SHORTFALL::THETA_1000::EXTERNALITY_CF_BETA_050::Q95::max_export_lp,7,10,True,RECOVERABLE_ALLOCATION_EXTERNALITY,0.0419253826428,0.0419253826472,41.9253826428,41.9253826472
MR_K05_LOCAL::INTERMITTENT_SHORTFALL::THETA_1000::EXTERNALITY_CF_BETA_050::Q95::max_export_lp,8,10,True,RECOVERABLE_ALLOCATION_EXTERNALITY,0.0373585829237,0.0373585829238,37.3585829237,37.3585829238
MR_K05_LOCAL::INTERMITTENT_SHORTFALL::THETA_1000::EXTERNALITY_CF_BETA_050::Q95::max_export_lp,9,10,True,RECOVERABLE_ALLOCATION_EXTERNALITY,0.0500386917316,0.0500386917317,50.0386917316,50.0386917317
MR_K05_LOCAL::INTERMITTENT_SHORTFALL::THETA_1000::EXTERNALITY_CF_BETA_050::Q95::max_export_lp,10,10,True,RECOVERABLE_ALLOCATION_EXTERNALITY,0.0306600791907,0.0306600791907,30.6600791907,30.6600791907
MR_K05_LOCAL::INTERMITTENT_SHORTFALL::THETA_1000::EXTERNALITY_CF_BETA_050::Q95::max_export_lp,11,10,True,RECOVERABLE_ALLOCATION_EXTERNALITY,0.0485157943005,0.0485157943005,48.5157943005,48.5157943005
MR_K05_LOCAL::INTERMITTENT_SHORTFALL::THETA_1000::EXTERNALITY_CF_BETA_050::Q95::max_export_lp,12,10,True,RECOVERABLE_ALLOCATION_EXTERNALITY,0.048620639059,0.048620639059,48.620639059,48.620639059
MR_K05_LOCAL::INTERMITTENT_SHORTFALL::THETA_1000::EXTERNALITY_CF_BETA_050::Q95::max_export_lp,13,10,True,RECOVERABLE_ALLOCATION_EXTERNALITY,0.0419634133686,0.0419634133689,41.9634133686,41.9634133689
MR_K05_LOCAL::INTERMITTENT_SHORTFALL::THETA_1000::EXTERNALITY_CF_BETA_050::Q95::max_export_lp,14,10,True,RECOVERABLE_ALLOCATION_EXTERNALITY,0.0478277008265,0.0478277008265,47.8277008265,47.8277008265
MR_K05_LOCAL::INTERMITTENT_SHORTFALL::THETA_1000::EXTERNALITY_CF_BETA_050::Q95::max_export_lp,15,10,True,RECOVERABLE_ALLOCATION_EXTERNALITY,0.0431619495724,0.0431619495736,43.1619495724,43.1619495736
MR_K05_LOCAL::INTERMITTENT_SHORTFALL::THETA_1000::EXTERNALITY_CF_BETA_050::Q95::max_export_lp,16,10,True,RECOVERABLE_ALLOCATION_EXTERNALITY,0.0482242468711,0.0482242468714,48.2242468711,48.2242468714
MR_K05_LOCAL::INTERMITTENT_SHORTFALL::THETA_1000::EXTERNALITY_CF_BETA_050::Q95::fairness_qp,1,10,True,RECOVERABLE_ALLOCATION_EXTERNALITY,0.0209065293038,0.0447928288953,20.9065293038,44.7928288953
MR_K05_LOCAL::INTERMITTENT_SHORTFALL::THETA_1000::EXTERNALITY_CF_BETA_050::Q95::fairness_qp,2,10,True,RECOVERABLE_ALLOCATION_EXTERNALITY,0.0474403933289,0.0612229878205,47.4403933289,61.2229878205
MR_K05_LOCAL::INTERMITTENT_SHORTFALL::THETA_1000::EXTERNALITY_CF_BETA_050::Q95::fairness_qp,3,10,True,RECOVERABLE_ALLOCATION_EXTERNALITY,0.0259877905616,0.0485961402595,25.9877905616,48.5961402595
MR_K05_LOCAL::INTERMITTENT_SHORTFALL::THETA_1000::EXTERNALITY_CF_BETA_050::Q95::fairness_qp,4,10,True,RECOVERABLE_ALLOCATION_EXTERNALITY,0.0299854842858,0.0495905273134,29.9854842858,49.5905273134
MR_K05_LOCAL::INTERMITTENT_SHORTFALL::THETA_1000::EXTERNALITY_CF_BETA_050::Q95::fairness_qp,5,10,True,RECOVERABLE_ALLOCATION_EXTERNALITY,0.0312414799098,0.0501742114105,31.2414799098,50.1742114105
MR_K05_LOCAL::INTERMITTENT_SHORTFALL::THETA_1000::EXTERNALITY_CF_BETA_050::Q95::fairness_qp,6,10,True,RECOVERABLE_ALLOCATION_EXTERNALITY,0.0403365811822,0.0538883749537,40.3365811822,53.8883749537
MR_K05_LOCAL::INTERMITTENT_SHORTFALL::THETA_1000::EXTERNALITY_CF_BETA_050::Q95::fairness_qp,7,10,True,RECOVERABLE_ALLOCATION_EXTERNALITY,0.032200397672,0.0522126553179,32.200397672,52.2126553179
MR_K05_LOCAL::INTERMITTENT_SHORTFALL::THETA_1000::EXTERNALITY_CF_BETA_050::Q95::fairness_qp,8,10,True,RECOVERABLE_ALLOCATION_EXTERNALITY,0.0240689120344,0.0457145811856,24.0689120344,45.7145811856
MR_K05_LOCAL::INTERMITTENT_SHORTFALL::THETA_1000::EXTERNALITY_CF_BETA_050::Q95::fairness_qp,9,10,True,RECOVERABLE_ALLOCATION_EXTERNALITY,0.0409890079102,0.0545203556315,40.9890079102,54.5203556315
MR_K05_LOCAL::INTERMITTENT_SHORTFALL::THETA_1000::EXTERNALITY_CF_BETA_050::Q95::fairness_qp,10,10,True,RECOVERABLE_ALLOCATION_EXTERNALITY,0.0358921534857,0.0569022922881,35.8921534857,56.9022922881
MR_K05_LOCAL::INTERMITTENT_SHORTFALL::THETA_1000::EXTERNALITY_CF_BETA_050::Q95::fairness_qp,11,10,True,RECOVERABLE_ALLOCATION_EXTERNALITY,0.0304199825269,0.0475529817251,30.4199825269,47.5529817251
MR_K05_LOCAL::INTERMITTENT_SHORTFALL::THETA_1000::EXTERNALITY_CF_BETA_050::Q95::fairness_qp,12,10,True,RECOVERABLE_ALLOCATION_EXTERNALITY,0.0370064342512,0.0522640745922,37.0064342512,52.2640745922
MR_K05_LOCAL::INTERMITTENT_SHORTFALL::THETA_1000::EXTERNALITY_CF_BETA_050::Q95::fairness_qp,13,10,True,RECOVERABLE_ALLOCATION_EXTERNALITY,0.0343549998593,0.0518299074914,34.3549998593,51.8299074914
MR_K05_LOCAL::INTERMITTENT_SHORTFALL::THETA_1000::EXTERNALITY_CF_BETA_050::Q95::fairness_qp,14,10,True,RECOVERABLE_ALLOCATION_EXTERNALITY,0.0303987178856,0.0491586331485,30.3987178856,49.1586331485
MR_K05_LOCAL::INTERMITTENT_SHORTFALL::THETA_1000::EXTERNALITY_CF_BETA_050::Q95::fairness_qp,15,10,True,RECOVERABLE_ALLOCATION_EXTERNALITY,0.0302998401469,0.0447394259213,30.2998401469,44.7394259213
MR_K05_LOCAL::INTERMITTENT_SHORTFALL::THETA_1000::EXTERNALITY_CF_BETA_050::Q95::fairness_qp,16,10,True,RECOVERABLE_ALLOCATION_EXTERNALITY,0.0339940613759,0.0514492733827,33.9940613759,51.4492733827
MR_K05_LOCAL::SHOCK_AND_RECOVERY::THETA_0000::EXTERNALITY_CF_BETA_050::Q0::weighted_proportional,1,0,True,RECOVERABLE_ALLOCATION_EXTERNALITY,0.0700385322326,0.119871549498,70.0385322326,119.871549498
MR_K05_LOCAL::SHOCK_AND_RECOVERY::THETA_0000::EXTERNALITY_CF_BETA_050::Q0::weighted_proportional,2,0,True,RECOVERABLE_ALLOCATION_EXTERNALITY,0.0210008609863,0.06127583733,21.0008609863,61.27583733
MR_K05_LOCAL::SHOCK_AND_RECOVERY::THETA_0000::EXTERNALITY_CF_BETA_050::Q0::weighted_proportional,3,0,True,RECOVERABLE_ALLOCATION_EXTERNALITY,0.0455658428419,0.0781995918776,45.5658428419,78.1995918776
MR_K05_LOCAL::SHOCK_AND_RECOVERY::THETA_0000::EXTERNALITY_CF_BETA_050::Q0::weighted_proportional,4,0,True,RECOVERABLE_ALLOCATION_EXTERNALITY,0.0269633649819,0.0600140589719,26.9633649819,60.0140589719
MR_K05_LOCAL::SHOCK_AND_RECOVERY::THETA_0000::EXTERNALITY_CF_BETA_050::Q0::weighted_proportional,5,0,True,RECOVERABLE_ALLOCATION_EXTERNALITY,0.0274335522437,0.0632804214002,27.4335522437,63.2804214002
MR_K05_LOCAL::SHOCK_AND_RECOVERY::THETA_0000::EXTERNALITY_CF_BETA_050::Q0::weighted_proportional,6,0,True,RECOVERABLE_ALLOCATION_EXTERNALITY,0.0260503156044,0.0683742886907,26.0503156044,68.3742886907
MR_K05_LOCAL::SHOCK_AND_RECOVERY::THETA_0000::EXTERNALITY_CF_BETA_050::Q0::weighted_proportional,7,0,True,RECOVERABLE_ALLOCATION_EXTERNALITY,0.0127666113295,0.0542360856394,12.7666113295,54.2360856394
MR_K05_LOCAL::SHOCK_AND_RECOVERY::THETA_0000::EXTERNALITY_CF_BETA_050::Q0::weighted_proportional,8,0,True,RECOVERABLE_ALLOCATION_EXTERNALITY,0.0275708641833,0.0759540830051,27.5708641833,75.9540830051
MR_K05_LOCAL::SHOCK_AND_RECOVERY::THETA_0000::EXTERNALITY_CF_BETA_050::Q0::weighted_proportional,9,0,False,NO_NET_DELIVERY_RECOVERY,-0.0154395552044,0.0504438388397,-15.4395552044,50.4438388397
MR_K05_LOCAL::SHOCK_AND_RECOVERY::THETA_0000::EXTERNALITY_CF_BETA_050::Q0::weighted_proportional,10,0,True,RECOVERABLE_ALLOCATION_EXTERNALITY,0.0262128905182,0.0861175558833,26.2128905182,86.1175558833
MR_K05_LOCAL::SHOCK_AND_RECOVERY::THETA_0000::EXTERNALITY_CF_BETA_050::Q0::weighted_proportional,11,0,True,RECOVERABLE_ALLOCATION_EXTERNALITY,0.0122196076649,0.0621499377783,12.2196076649,62.1499377783
MR_K05_LOCAL::SHOCK_AND_RECOVERY::THETA_0000::EXTERNALITY_CF_BETA_050::Q0::weighted_proportional,12,0,True,RECOVERABLE_ALLOCATION_EXTERNALITY,0.0459343389667,0.0706883254196,45.9343389667,70.6883254196
MR_K05_LOCAL::SHOCK_AND_RECOVERY::THETA_0000::EXTERNALITY_CF_BETA_050::Q0::weighted_proportional,13,0,True,RECOVERABLE_ALLOCATION_EXTERNALITY,0.0220217393075,0.0599605022293,22.0217393075,59.9605022293
MR_K05_LOCAL::SHOCK_AND_RECOVERY::THETA_0000::EXTERNALITY_CF_BETA_050::Q0::weighted_proportional,14,0,True,RECOVERABLE_ALLOCATION_EXTERNALITY,0.0448647305464,0.0691248846478,44.8647305464,69.1248846478
MR_K05_LOCAL::SHOCK_AND_RECOVERY::THETA_0000::EXTERNALITY_CF_BETA_050::Q0::weighted_proportional,15,0,True,RECOVERABLE_ALLOCATION_EXTERNALITY,0.0475250840281,0.0751169638512,47.5250840281,75.1169638512
MR_K05_LOCAL::SHOCK_AND_RECOVERY::THETA_0000::EXTERNALITY_CF_BETA_050::Q0::weighted_proportional,16,0,True,RECOVERABLE_ALLOCATION_EXTERNALITY,0.0163313823735,0.0632247706636,16.3313823735,63.2247706636
MR_K05_LOCAL::SHOCK_AND_RECOVERY::THETA_0000::EXTERNALITY_CF_BETA_050::Q0::equal_kw_reduction,1,0,True,RECOVERABLE_ALLOCATION_EXTERNALITY,0.0275377079825,0.0654600034859,27.5377079825,65.4600034859
MR_K05_LOCAL::SHOCK_AND_RECOVERY::THETA_0000::EXTERNALITY_CF_BETA_050::Q0::equal_kw_reduction,2,0,True,RECOVERABLE_ALLOCATION_EXTERNALITY,0.01850118312,0.0519572242753,18.50118312,51.9572242753
MR_K05_LOCAL::SHOCK_AND_RECOVERY::THETA_0000::EXTERNALITY_CF_BETA_050::Q0::equal_kw_reduction,3,0,True,RECOVERABLE_ALLOCATION_EXTERNALITY,0.0181337188327,0.043300311459,18.1337188327,43.300311459
MR_K05_LOCAL::SHOCK_AND_RECOVERY::THETA_0000::EXTERNALITY_CF_BETA_050::Q0::equal_kw_reduction,4,0,True,RECOVERABLE_ALLOCATION_EXTERNALITY,0.0144673119187,0.0416598147916,14.4673119187,41.6598147916
MR_K05_LOCAL::SHOCK_AND_RECOVERY::THETA_0000::EXTERNALITY_CF_BETA_050::Q0::equal_kw_reduction,5,0,True,RECOVERABLE_ALLOCATION_EXTERNALITY,0.0147795242452,0.0404781154715,14.7795242452,40.4781154715
MR_K05_LOCAL::SHOCK_AND_RECOVERY::THETA_0000::EXTERNALITY_CF_BETA_050::Q0::equal_kw_reduction,6,0,True,RECOVERABLE_ALLOCATION_EXTERNALITY,0.0172566304314,0.0368459401638,17.2566304314,36.8459401638
MR_K05_LOCAL::SHOCK_AND_RECOVERY::THETA_0000::EXTERNALITY_CF_BETA_050::Q0::equal_kw_reduction,7,0,True,RECOVERABLE_ALLOCATION_EXTERNALITY,0.0156495418321,0.0406927147336,15.6495418321,40.6927147336
MR_K05_LOCAL::SHOCK_AND_RECOVERY::THETA_0000::EXTERNALITY_CF_BETA_050::Q0::equal_kw_reduction,8,0,True,RECOVERABLE_ALLOCATION_EXTERNALITY,0.0197631662972,0.0469673792786,19.7631662972,46.9673792786
MR_K05_LOCAL::SHOCK_AND_RECOVERY::THETA_0000::EXTERNALITY_CF_BETA_050::Q0::equal_kw_reduction,9,0,True,RECOVERABLE_ALLOCATION_EXTERNALITY,0.0186874774782,0.0440356967137,18.6874774782,44.0356967137
MR_K05_LOCAL::SHOCK_AND_RECOVERY::THETA_0000::EXTERNALITY_CF_BETA_050::Q0::equal_kw_reduction,10,0,True,RECOVERABLE_ALLOCATION_EXTERNALITY,0.0156802948859,0.0382509753887,15.6802948859,38.2509753887
MR_K05_LOCAL::SHOCK_AND_RECOVERY::THETA_0000::EXTERNALITY_CF_BETA_050::Q0::equal_kw_reduction,11,0,True,RECOVERABLE_ALLOCATION_EXTERNALITY,0.02169076837,0.0467898609602,21.69076837,46.7898609602
MR_K05_LOCAL::SHOCK_AND_RECOVERY::THETA_0000::EXTERNALITY_CF_BETA_050::Q0::equal_kw_reduction,12,0,True,RECOVERABLE_ALLOCATION_EXTERNALITY,0.0146364625505,0.0349311499236,14.6364625505,34.9311499236
MR_K05_LOCAL::SHOCK_AND_RECOVERY::THETA_0000::EXTERNALITY_CF_BETA_050::Q0::equal_kw_reduction,13,0,True,RECOVERABLE_ALLOCATION_EXTERNALITY,0.0203231461296,0.0399443692456,20.3231461296,39.9443692456
MR_K05_LOCAL::SHOCK_AND_RECOVERY::THETA_0000::EXTERNALITY_CF_BETA_050::Q0::equal_kw_reduction,14,0,True,RECOVERABLE_ALLOCATION_EXTERNALITY,0.0111182512447,0.0363082901055,11.1182512447,36.3082901055
MR_K05_LOCAL::SHOCK_AND_RECOVERY::THETA_0000::EXTERNALITY_CF_BETA_050::Q0::equal_kw_reduction,15,0,True,RECOVERABLE_ALLOCATION_EXTERNALITY,0.0216086005478,0.0514338882189,21.6086005478,51.4338882189
MR_K05_LOCAL::SHOCK_AND_RECOVERY::THETA_0000::EXTERNALITY_CF_BETA_050::Q0::equal_kw_reduction,16,0,True,RECOVERABLE_ALLOCATION_EXTERNALITY,0.0148708594922,0.045825976867,14.8708594922,45.825976867
MR_K05_LOCAL::SHOCK_AND_RECOVERY::THETA_0000::EXTERNALITY_CF_BETA_050::Q0::flat_level,1,0,True,RECOVERABLE_ALLOCATION_EXTERNALITY,0.245129007885,0.245129007885,245.129007885,245.129007885
MR_K05_LOCAL::SHOCK_AND_RECOVERY::THETA_0000::EXTERNALITY_CF_BETA_050::Q0::flat_level,2,0,True,RECOVERABLE_ALLOCATION_EXTERNALITY,0.10383065161,0.10383065161,103.83065161,103.83065161
MR_K05_LOCAL::SHOCK_AND_RECOVERY::THETA_0000::EXTERNALITY_CF_BETA_050::Q0::flat_level,3,0,True,RECOVERABLE_ALLOCATION_EXTERNALITY,0.125191603212,0.125191603212,125.191603212,125.191603212
MR_K05_LOCAL::SHOCK_AND_RECOVERY::THETA_0000::EXTERNALITY_CF_BETA_050::Q0::flat_level,4,0,True,RECOVERABLE_ALLOCATION_EXTERNALITY,0.114175019053,0.114175019053,114.175019053,114.175019053
MR_K05_LOCAL::SHOCK_AND_RECOVERY::THETA_0000::EXTERNALITY_CF_BETA_050::Q0::flat_level,5,0,True,RECOVERABLE_ALLOCATION_EXTERNALITY,0.143098144037,0.143098144037,143.098144037,143.098144037
MR_K05_LOCAL::SHOCK_AND_RECOVERY::THETA_0000::EXTERNALITY_CF_BETA_050::Q0::flat_level,6,0,True,RECOVERABLE_ALLOCATION_EXTERNALITY,0.112682787816,0.112682787816,112.682787816,112.682787816
MR_K05_LOCAL::SHOCK_AND_RECOVERY::THETA_0000::EXTERNALITY_CF_BETA_050::Q0::flat_level,7,0,True,RECOVERABLE_ALLOCATION_EXTERNALITY,0.120628924015,0.120628924015,120.628924015,120.628924015
MR_K05_LOCAL::SHOCK_AND_RECOVERY::THETA_0000::EXTERNALITY_CF_BETA_050::Q0::flat_level,8,0,True,RECOVERABLE_ALLOCATION_EXTERNALITY,0.138404563588,0.138404563588,138.404563588,138.404563588
MR_K05_LOCAL::SHOCK_AND_RECOVERY::THETA_0000::EXTERNALITY_CF_BETA_050::Q0::flat_level,9,0,True,RECOVERABLE_ALLOCATION_EXTERNALITY,0.0434755564552,0.0434755564552,43.4755564552,43.4755564552
MR_K05_LOCAL::SHOCK_AND_RECOVERY::THETA_0000::EXTERNALITY_CF_BETA_050::Q0::flat_level,10,0,True,RECOVERABLE_ALLOCATION_EXTERNALITY,0.16413506227,0.16413506227,164.13506227,164.13506227
MR_K05_LOCAL::SHOCK_AND_RECOVERY::THETA_0000::EXTERNALITY_CF_BETA_050::Q0::flat_level,11,0,True,RECOVERABLE_ALLOCATION_EXTERNALITY,0.0939032642079,0.0939032642079,93.9032642079,93.9032642079
MR_K05_LOCAL::SHOCK_AND_RECOVERY::THETA_0000::EXTERNALITY_CF_BETA_050::Q0::flat_level,12,0,True,RECOVERABLE_ALLOCATION_EXTERNALITY,0.0935256602354,0.0935256602354,93.5256602354,93.5256602354
MR_K05_LOCAL::SHOCK_AND_RECOVERY::THETA_0000::EXTERNALITY_CF_BETA_050::Q0::flat_level,13,0,True,RECOVERABLE_ALLOCATION_EXTERNALITY,0.0839757967912,0.0839757967912,83.9757967912,83.9757967912
MR_K05_LOCAL::SHOCK_AND_RECOVERY::THETA_0000::EXTERNALITY_CF_BETA_050::Q0::flat_level,14,0,True,RECOVERABLE_ALLOCATION_EXTERNALITY,0.140548294117,0.140548294117,140.548294117,140.548294117
MR_K05_LOCAL::SHOCK_AND_RECOVERY::THETA_0000::EXTERNALITY_CF_BETA_050::Q0::flat_level,15,0,True,RECOVERABLE_ALLOCATION_EXTERNALITY,0.122282257353,0.122282257353,122.282257353,122.282257353
MR_K05_LOCAL::SHOCK_AND_RECOVERY::THETA_0000::EXTERNALITY_CF_BETA_050::Q0::flat_level,16,0,True,RECOVERABLE_ALLOCATION_EXTERNALITY,0.0900827939669,0.0900827939669,90.0827939669,90.0827939669
MR_K05_LOCAL::SHOCK_AND_RECOVERY::THETA_0000::EXTERNALITY_CF_BETA_050::Q0::max_export_lp,1,0,True,RECOVERABLE_ALLOCATION_EXTERNALITY,0.0587235285704,0.0587235285705,58.7235285704,58.7235285705
MR_K05_LOCAL::SHOCK_AND_RECOVERY::THETA_0000::EXTERNALITY_CF_BETA_050::Q0::max_export_lp,2,0,True,RECOVERABLE_ALLOCATION_EXTERNALITY,0.0520593503071,0.0520593503072,52.0593503071,52.0593503072
MR_K05_LOCAL::SHOCK_AND_RECOVERY::THETA_0000::EXTERNALITY_CF_BETA_050::Q0::max_export_lp,3,0,True,RECOVERABLE_ALLOCATION_EXTERNALITY,0.039548681774,0.0395486817747,39.548681774,39.5486817747
MR_K05_LOCAL::SHOCK_AND_RECOVERY::THETA_0000::EXTERNALITY_CF_BETA_050::Q0::max_export_lp,4,0,True,RECOVERABLE_ALLOCATION_EXTERNALITY,0.0251478414323,0.0251478414324,25.1478414323,25.1478414324
MR_K05_LOCAL::SHOCK_AND_RECOVERY::THETA_0000::EXTERNALITY_CF_BETA_050::Q0::max_export_lp,5,0,True,RECOVERABLE_ALLOCATION_EXTERNALITY,0.0366413182105,0.0366413182146,36.6413182105,36.6413182146
MR_K05_LOCAL::SHOCK_AND_RECOVERY::THETA_0000::EXTERNALITY_CF_BETA_050::Q0::max_export_lp,6,0,True,RECOVERABLE_ALLOCATION_EXTERNALITY,0.0353932199794,0.0353932199811,35.3932199794,35.3932199811
MR_K05_LOCAL::SHOCK_AND_RECOVERY::THETA_0000::EXTERNALITY_CF_BETA_050::Q0::max_export_lp,7,0,True,RECOVERABLE_ALLOCATION_EXTERNALITY,0.0444484065636,0.0444484065642,44.4484065636,44.4484065642
MR_K05_LOCAL::SHOCK_AND_RECOVERY::THETA_0000::EXTERNALITY_CF_BETA_050::Q0::max_export_lp,8,0,True,RECOVERABLE_ALLOCATION_EXTERNALITY,0.0373605495704,0.0373605495705,37.3605495704,37.3605495705
MR_K05_LOCAL::SHOCK_AND_RECOVERY::THETA_0000::EXTERNALITY_CF_BETA_050::Q0::max_export_lp,9,0,True,RECOVERABLE_ALLOCATION_EXTERNALITY,0.0604326679646,0.0604326679649,60.4326679646,60.4326679649
MR_K05_LOCAL::SHOCK_AND_RECOVERY::THETA_0000::EXTERNALITY_CF_BETA_050::Q0::max_export_lp,10,0,True,RECOVERABLE_ALLOCATION_EXTERNALITY,0.0327252403363,0.0327252403397,32.7252403363,32.7252403397
MR_K05_LOCAL::SHOCK_AND_RECOVERY::THETA_0000::EXTERNALITY_CF_BETA_050::Q0::max_export_lp,11,0,True,RECOVERABLE_ALLOCATION_EXTERNALITY,0.0355391160715,0.0355391160716,35.5391160715,35.5391160716
MR_K05_LOCAL::SHOCK_AND_RECOVERY::THETA_0000::EXTERNALITY_CF_BETA_050::Q0::max_export_lp,12,0,True,RECOVERABLE_ALLOCATION_EXTERNALITY,0.0384136142822,0.0384136142827,38.4136142822,38.4136142827
MR_K05_LOCAL::SHOCK_AND_RECOVERY::THETA_0000::EXTERNALITY_CF_BETA_050::Q0::max_export_lp,13,0,True,RECOVERABLE_ALLOCATION_EXTERNALITY,0.0257388319229,0.025738831923,25.7388319229,25.738831923
MR_K05_LOCAL::SHOCK_AND_RECOVERY::THETA_0000::EXTERNALITY_CF_BETA_050::Q0::max_export_lp,14,0,True,RECOVERABLE_ALLOCATION_EXTERNALITY,0.0200023165199,0.0200023165202,20.0023165199,20.0023165202
MR_K05_LOCAL::SHOCK_AND_RECOVERY::THETA_0000::EXTERNALITY_CF_BETA_050::Q0::max_export_lp,15,0,True,RECOVERABLE_ALLOCATION_EXTERNALITY,0.0321252670328,0.0321252670328,32.1252670328,32.1252670328
MR_K05_LOCAL::SHOCK_AND_RECOVERY::THETA_0000::EXTERNALITY_CF_BETA_050::Q0::max_export_lp,16,0,True,RECOVERABLE_ALLOCATION_EXTERNALITY,0.0531556979403,0.0531556979404,53.1556979403,53.1556979404
MR_K05_LOCAL::SHOCK_AND_RECOVERY::THETA_0000::EXTERNALITY_CF_BETA_050::Q0::fairness_qp,1,0,True,RECOVERABLE_ALLOCATION_EXTERNALITY,0.020167893471,0.052840367096,20.167893471,52.840367096
MR_K05_LOCAL::SHOCK_AND_RECOVERY::THETA_0000::EXTERNALITY_CF_BETA_050::Q0::fairness_qp,2,0,True,RECOVERABLE_ALLOCATION_EXTERNALITY,0.014592269813,0.0383386724453,14.592269813,38.3386724453
MR_K05_LOCAL::SHOCK_AND_RECOVERY::THETA_0000::EXTERNALITY_CF_BETA_050::Q0::fairness_qp,3,0,True,RECOVERABLE_ALLOCATION_EXTERNALITY,0.00890774558957,0.030866344457,8.90774558957,30.866344457
MR_K05_LOCAL::SHOCK_AND_RECOVERY::THETA_0000::EXTERNALITY_CF_BETA_050::Q0::fairness_qp,4,0,True,RECOVERABLE_ALLOCATION_EXTERNALITY,0.0139555056842,0.0354928344969,13.9555056842,35.4928344969
MR_K05_LOCAL::SHOCK_AND_RECOVERY::THETA_0000::EXTERNALITY_CF_BETA_050::Q0::fairness_qp,5,0,True,RECOVERABLE_ALLOCATION_EXTERNALITY,0.0214935483749,0.0368735617852,21.4935483749,36.8735617852
MR_K05_LOCAL::SHOCK_AND_RECOVERY::THETA_0000::EXTERNALITY_CF_BETA_050::Q0::fairness_qp,6,0,True,RECOVERABLE_ALLOCATION_EXTERNALITY,0.0390446952,0.0477420310833,39.0446952,47.7420310833
MR_K05_LOCAL::SHOCK_AND_RECOVERY::THETA_0000::EXTERNALITY_CF_BETA_050::Q0::fairness_qp,7,0,True,RECOVERABLE_ALLOCATION_EXTERNALITY,0.0371217798612,0.0477409363892,37.1217798612,47.7409363892
MR_K05_LOCAL::SHOCK_AND_RECOVERY::THETA_0000::EXTERNALITY_CF_BETA_050::Q0::fairness_qp,8,0,True,RECOVERABLE_ALLOCATION_EXTERNALITY,0.0277046427281,0.0453753865814,27.7046427281,45.3753865814
MR_K05_LOCAL::SHOCK_AND_RECOVERY::THETA_0000::EXTERNALITY_CF_BETA_050::Q0::fairness_qp,9,0,True,RECOVERABLE_ALLOCATION_EXTERNALITY,0.0450324659471,0.058659047894,45.0324659471,58.659047894
MR_K05_LOCAL::SHOCK_AND_RECOVERY::THETA_0000::EXTERNALITY_CF_BETA_050::Q0::fairness_qp,10,0,True,RECOVERABLE_ALLOCATION_EXTERNALITY,0.0269268982293,0.0398904967199,26.9268982293,39.8904967199
MR_K05_LOCAL::SHOCK_AND_RECOVERY::THETA_0000::EXTERNALITY_CF_BETA_050::Q0::fairness_qp,11,0,True,RECOVERABLE_ALLOCATION_EXTERNALITY,0.0407437393281,0.0473931661097,40.7437393281,47.3931661097
MR_K05_LOCAL::SHOCK_AND_RECOVERY::THETA_0000::EXTERNALITY_CF_BETA_050::Q0::fairness_qp,12,0,True,RECOVERABLE_ALLOCATION_EXTERNALITY,0.0207942603643,0.0401751486575,20.7942603643,40.1751486575
MR_K05_LOCAL::SHOCK_AND_RECOVERY::THETA_0000::EXTERNALITY_CF_BETA_050::Q0::fairness_qp,13,0,True,RECOVERABLE_ALLOCATION_EXTERNALITY,0.0371278726727,0.045321645381,37.1278726727,45.321645381
MR_K05_LOCAL::SHOCK_AND_RECOVERY::THETA_0000::EXTERNALITY_CF_BETA_050::Q0::fairness_qp,14,0,True,RECOVERABLE_ALLOCATION_EXTERNALITY,0.0108211286135,0.0222712968484,10.8211286135,22.2712968484
MR_K05_LOCAL::SHOCK_AND_RECOVERY::THETA_0000::EXTERNALITY_CF_BETA_050::Q0::fairness_qp,15,0,True,RECOVERABLE_ALLOCATION_EXTERNALITY,0.0260498882985,0.045958946949,26.0498882985,45.958946949
MR_K05_LOCAL::SHOCK_AND_RECOVERY::THETA_0000::EXTERNALITY_CF_BETA_050::Q0::fairness_qp,16,0,True,RECOVERABLE_ALLOCATION_EXTERNALITY,0.0104650983806,0.0337092755656,10.4650983806,33.7092755656
MR_K05_LOCAL::SHOCK_AND_RECOVERY::THETA_0000::EXTERNALITY_CF_BETA_050::Q95::weighted_proportional,1,0,True,RECOVERABLE_ALLOCATION_EXTERNALITY,0.0700385322358,0.119871549501,70.0385322358,119.871549501
MR_K05_LOCAL::SHOCK_AND_RECOVERY::THETA_0000::EXTERNALITY_CF_BETA_050::Q95::weighted_proportional,2,0,True,RECOVERABLE_ALLOCATION_EXTERNALITY,0.021000860986,0.0612758373297,21.000860986,61.2758373297
MR_K05_LOCAL::SHOCK_AND_RECOVERY::THETA_0000::EXTERNALITY_CF_BETA_050::Q95::weighted_proportional,3,0,True,RECOVERABLE_ALLOCATION_EXTERNALITY,0.045565842827,0.0781995918628,45.565842827,78.1995918628
MR_K05_LOCAL::SHOCK_AND_RECOVERY::THETA_0000::EXTERNALITY_CF_BETA_050::Q95::weighted_proportional,4,0,True,RECOVERABLE_ALLOCATION_EXTERNALITY,0.0269633649849,0.0600140589747,26.9633649849,60.0140589747
MR_K05_LOCAL::SHOCK_AND_RECOVERY::THETA_0000::EXTERNALITY_CF_BETA_050::Q95::weighted_proportional,5,0,True,RECOVERABLE_ALLOCATION_EXTERNALITY,0.0274335522439,0.0632804214008,27.4335522439,63.2804214008
MR_K05_LOCAL::SHOCK_AND_RECOVERY::THETA_0000::EXTERNALITY_CF_BETA_050::Q95::weighted_proportional,6,0,True,RECOVERABLE_ALLOCATION_EXTERNALITY,0.0260503156057,0.068374288692,26.0503156057,68.374288692
MR_K05_LOCAL::SHOCK_AND_RECOVERY::THETA_0000::EXTERNALITY_CF_BETA_050::Q95::weighted_proportional,7,0,True,RECOVERABLE_ALLOCATION_EXTERNALITY,0.0127666113301,0.05423608564,12.7666113301,54.23608564
MR_K05_LOCAL::SHOCK_AND_RECOVERY::THETA_0000::EXTERNALITY_CF_BETA_050::Q95::weighted_proportional,8,0,True,RECOVERABLE_ALLOCATION_EXTERNALITY,0.0275708641856,0.0759540830074,27.5708641856,75.9540830074
MR_K05_LOCAL::SHOCK_AND_RECOVERY::THETA_0000::EXTERNALITY_CF_BETA_050::Q95::weighted_proportional,9,0,False,NO_NET_DELIVERY_RECOVERY,-0.0154395552036,0.0504438388402,-15.4395552036,50.4438388402
MR_K05_LOCAL::SHOCK_AND_RECOVERY::THETA_0000::EXTERNALITY_CF_BETA_050::Q95::weighted_proportional,10,0,True,RECOVERABLE_ALLOCATION_EXTERNALITY,0.0262128905206,0.0861175558854,26.2128905206,86.1175558854
MR_K05_LOCAL::SHOCK_AND_RECOVERY::THETA_0000::EXTERNALITY_CF_BETA_050::Q95::weighted_proportional,11,0,True,RECOVERABLE_ALLOCATION_EXTERNALITY,0.0122196076669,0.0621499377803,12.2196076669,62.1499377803
MR_K05_LOCAL::SHOCK_AND_RECOVERY::THETA_0000::EXTERNALITY_CF_BETA_050::Q95::weighted_proportional,12,0,True,RECOVERABLE_ALLOCATION_EXTERNALITY,0.0459343389697,0.0706883254223,45.9343389697,70.6883254223
MR_K05_LOCAL::SHOCK_AND_RECOVERY::THETA_0000::EXTERNALITY_CF_BETA_050::Q95::weighted_proportional,13,0,True,RECOVERABLE_ALLOCATION_EXTERNALITY,0.0220217393072,0.0599605022291,22.0217393072,59.9605022291
MR_K05_LOCAL::SHOCK_AND_RECOVERY::THETA_0000::EXTERNALITY_CF_BETA_050::Q95::weighted_proportional,14,0,True,RECOVERABLE_ALLOCATION_EXTERNALITY,0.0448647305476,0.0691248846489,44.8647305476,69.1248846489
MR_K05_LOCAL::SHOCK_AND_RECOVERY::THETA_0000::EXTERNALITY_CF_BETA_050::Q95::weighted_proportional,15,0,True,RECOVERABLE_ALLOCATION_EXTERNALITY,0.047525084028,0.0751169638509,47.525084028,75.1169638509
MR_K05_LOCAL::SHOCK_AND_RECOVERY::THETA_0000::EXTERNALITY_CF_BETA_050::Q95::weighted_proportional,16,0,True,RECOVERABLE_ALLOCATION_EXTERNALITY,0.016331382375,0.063224770665,16.331382375,63.224770665
MR_K05_LOCAL::SHOCK_AND_RECOVERY::THETA_0000::EXTERNALITY_CF_BETA_050::Q95::equal_kw_reduction,1,0,True,RECOVERABLE_ALLOCATION_EXTERNALITY,0.0275377079825,0.0654600034859,27.5377079825,65.4600034859
MR_K05_LOCAL::SHOCK_AND_RECOVERY::THETA_0000::EXTERNALITY_CF_BETA_050::Q95::equal_kw_reduction,2,0,True,RECOVERABLE_ALLOCATION_EXTERNALITY,0.01850118312,0.0519572242753,18.50118312,51.9572242753
MR_K05_LOCAL::SHOCK_AND_RECOVERY::THETA_0000::EXTERNALITY_CF_BETA_050::Q95::equal_kw_reduction,3,0,True,RECOVERABLE_ALLOCATION_EXTERNALITY,0.0181337188327,0.043300311459,18.1337188327,43.300311459
MR_K05_LOCAL::SHOCK_AND_RECOVERY::THETA_0000::EXTERNALITY_CF_BETA_050::Q95::equal_kw_reduction,4,0,True,RECOVERABLE_ALLOCATION_EXTERNALITY,0.0144673119187,0.0416598147916,14.4673119187,41.6598147916
MR_K05_LOCAL::SHOCK_AND_RECOVERY::THETA_0000::EXTERNALITY_CF_BETA_050::Q95::equal_kw_reduction,5,0,True,RECOVERABLE_ALLOCATION_EXTERNALITY,0.0147795242452,0.0404781154715,14.7795242452,40.4781154715
MR_K05_LOCAL::SHOCK_AND_RECOVERY::THETA_0000::EXTERNALITY_CF_BETA_050::Q95::equal_kw_reduction,6,0,True,RECOVERABLE_ALLOCATION_EXTERNALITY,0.0172566304314,0.0368459401638,17.2566304314,36.8459401638
MR_K05_LOCAL::SHOCK_AND_RECOVERY::THETA_0000::EXTERNALITY_CF_BETA_050::Q95::equal_kw_reduction,7,0,True,RECOVERABLE_ALLOCATION_EXTERNALITY,0.0156495418321,0.0406927147336,15.6495418321,40.6927147336
MR_K05_LOCAL::SHOCK_AND_RECOVERY::THETA_0000::EXTERNALITY_CF_BETA_050::Q95::equal_kw_reduction,8,0,True,RECOVERABLE_ALLOCATION_EXTERNALITY,0.0197631662972,0.0469673792786,19.7631662972,46.9673792786
MR_K05_LOCAL::SHOCK_AND_RECOVERY::THETA_0000::EXTERNALITY_CF_BETA_050::Q95::equal_kw_reduction,9,0,True,RECOVERABLE_ALLOCATION_EXTERNALITY,0.0186874774782,0.0440356967137,18.6874774782,44.0356967137
MR_K05_LOCAL::SHOCK_AND_RECOVERY::THETA_0000::EXTERNALITY_CF_BETA_050::Q95::equal_kw_reduction,10,0,True,RECOVERABLE_ALLOCATION_EXTERNALITY,0.0156802948859,0.0382509753887,15.6802948859,38.2509753887
MR_K05_LOCAL::SHOCK_AND_RECOVERY::THETA_0000::EXTERNALITY_CF_BETA_050::Q95::equal_kw_reduction,11,0,True,RECOVERABLE_ALLOCATION_EXTERNALITY,0.02169076837,0.0467898609602,21.69076837,46.7898609602
MR_K05_LOCAL::SHOCK_AND_RECOVERY::THETA_0000::EXTERNALITY_CF_BETA_050::Q95::equal_kw_reduction,12,0,True,RECOVERABLE_ALLOCATION_EXTERNALITY,0.0146364625505,0.0349311499236,14.6364625505,34.9311499236
MR_K05_LOCAL::SHOCK_AND_RECOVERY::THETA_0000::EXTERNALITY_CF_BETA_050::Q95::equal_kw_reduction,13,0,True,RECOVERABLE_ALLOCATION_EXTERNALITY,0.0203231461296,0.0399443692456,20.3231461296,39.9443692456
MR_K05_LOCAL::SHOCK_AND_RECOVERY::THETA_0000::EXTERNALITY_CF_BETA_050::Q95::equal_kw_reduction,14,0,True,RECOVERABLE_ALLOCATION_EXTERNALITY,0.0111182512447,0.0363082901055,11.1182512447,36.3082901055
MR_K05_LOCAL::SHOCK_AND_RECOVERY::THETA_0000::EXTERNALITY_CF_BETA_050::Q95::equal_kw_reduction,15,0,True,RECOVERABLE_ALLOCATION_EXTERNALITY,0.0216086005478,0.0514338882189,21.6086005478,51.4338882189
MR_K05_LOCAL::SHOCK_AND_RECOVERY::THETA_0000::EXTERNALITY_CF_BETA_050::Q95::equal_kw_reduction,16,0,True,RECOVERABLE_ALLOCATION_EXTERNALITY,0.0148708594922,0.045825976867,14.8708594922,45.825976867
MR_K05_LOCAL::SHOCK_AND_RECOVERY::THETA_0000::EXTERNALITY_CF_BETA_050::Q95::flat_level,1,0,True,RECOVERABLE_ALLOCATION_EXTERNALITY,0.245129007885,0.245129007885,245.129007885,245.129007885
MR_K05_LOCAL::SHOCK_AND_RECOVERY::THETA_0000::EXTERNALITY_CF_BETA_050::Q95::flat_level,2,0,True,RECOVERABLE_ALLOCATION_EXTERNALITY,0.10383065161,0.10383065161,103.83065161,103.83065161
MR_K05_LOCAL::SHOCK_AND_RECOVERY::THETA_0000::EXTERNALITY_CF_BETA_050::Q95::flat_level,3,0,True,RECOVERABLE_ALLOCATION_EXTERNALITY,0.125191603212,0.125191603212,125.191603212,125.191603212
MR_K05_LOCAL::SHOCK_AND_RECOVERY::THETA_0000::EXTERNALITY_CF_BETA_050::Q95::flat_level,4,0,True,RECOVERABLE_ALLOCATION_EXTERNALITY,0.114175019053,0.114175019053,114.175019053,114.175019053
MR_K05_LOCAL::SHOCK_AND_RECOVERY::THETA_0000::EXTERNALITY_CF_BETA_050::Q95::flat_level,5,0,True,RECOVERABLE_ALLOCATION_EXTERNALITY,0.143098144037,0.143098144037,143.098144037,143.098144037
MR_K05_LOCAL::SHOCK_AND_RECOVERY::THETA_0000::EXTERNALITY_CF_BETA_050::Q95::flat_level,6,0,True,RECOVERABLE_ALLOCATION_EXTERNALITY,0.112682787816,0.112682787816,112.682787816,112.682787816
MR_K05_LOCAL::SHOCK_AND_RECOVERY::THETA_0000::EXTERNALITY_CF_BETA_050::Q95::flat_level,7,0,True,RECOVERABLE_ALLOCATION_EXTERNALITY,0.120628924015,0.120628924015,120.628924015,120.628924015
MR_K05_LOCAL::SHOCK_AND_RECOVERY::THETA_0000::EXTERNALITY_CF_BETA_050::Q95::flat_level,8,0,True,RECOVERABLE_ALLOCATION_EXTERNALITY,0.138404563588,0.138404563588,138.404563588,138.404563588
MR_K05_LOCAL::SHOCK_AND_RECOVERY::THETA_0000::EXTERNALITY_CF_BETA_050::Q95::flat_level,9,0,True,RECOVERABLE_ALLOCATION_EXTERNALITY,0.0434755564552,0.0434755564552,43.4755564552,43.4755564552
MR_K05_LOCAL::SHOCK_AND_RECOVERY::THETA_0000::EXTERNALITY_CF_BETA_050::Q95::flat_level,10,0,True,RECOVERABLE_ALLOCATION_EXTERNALITY,0.16413506227,0.16413506227,164.13506227,164.13506227
MR_K05_LOCAL::SHOCK_AND_RECOVERY::THETA_0000::EXTERNALITY_CF_BETA_050::Q95::flat_level,11,0,True,RECOVERABLE_ALLOCATION_EXTERNALITY,0.0939032642079,0.0939032642079,93.9032642079,93.9032642079
MR_K05_LOCAL::SHOCK_AND_RECOVERY::THETA_0000::EXTERNALITY_CF_BETA_050::Q95::flat_level,12,0,True,RECOVERABLE_ALLOCATION_EXTERNALITY,0.0935256602354,0.0935256602354,93.5256602354,93.5256602354
MR_K05_LOCAL::SHOCK_AND_RECOVERY::THETA_0000::EXTERNALITY_CF_BETA_050::Q95::flat_level,13,0,True,RECOVERABLE_ALLOCATION_EXTERNALITY,0.0839757967912,0.0839757967912,83.9757967912,83.9757967912
MR_K05_LOCAL::SHOCK_AND_RECOVERY::THETA_0000::EXTERNALITY_CF_BETA_050::Q95::flat_level,14,0,True,RECOVERABLE_ALLOCATION_EXTERNALITY,0.140548294117,0.140548294117,140.548294117,140.548294117
MR_K05_LOCAL::SHOCK_AND_RECOVERY::THETA_0000::EXTERNALITY_CF_BETA_050::Q95::flat_level,15,0,True,RECOVERABLE_ALLOCATION_EXTERNALITY,0.122282257353,0.122282257353,122.282257353,122.282257353
MR_K05_LOCAL::SHOCK_AND_RECOVERY::THETA_0000::EXTERNALITY_CF_BETA_050::Q95::flat_level,16,0,True,RECOVERABLE_ALLOCATION_EXTERNALITY,0.0900827939669,0.0900827939669,90.0827939669,90.0827939669
MR_K05_LOCAL::SHOCK_AND_RECOVERY::THETA_0000::EXTERNALITY_CF_BETA_050::Q95::max_export_lp,1,0,True,RECOVERABLE_ALLOCATION_EXTERNALITY,0.058723519414,0.0587235194144,58.723519414,58.7235194144
MR_K05_LOCAL::SHOCK_AND_RECOVERY::THETA_0000::EXTERNALITY_CF_BETA_050::Q95::max_export_lp,2,0,True,RECOVERABLE_ALLOCATION_EXTERNALITY,0.052059309374,0.0520593093742,52.059309374,52.0593093742
MR_K05_LOCAL::SHOCK_AND_RECOVERY::THETA_0000::EXTERNALITY_CF_BETA_050::Q95::max_export_lp,3,0,True,RECOVERABLE_ALLOCATION_EXTERNALITY,0.0395486462246,0.0395486462248,39.5486462246,39.5486462248
MR_K05_LOCAL::SHOCK_AND_RECOVERY::THETA_0000::EXTERNALITY_CF_BETA_050::Q95::max_export_lp,4,0,True,RECOVERABLE_ALLOCATION_EXTERNALITY,0.0251478245372,0.0251478245372,25.1478245372,25.1478245372
MR_K05_LOCAL::SHOCK_AND_RECOVERY::THETA_0000::EXTERNALITY_CF_BETA_050::Q95::max_export_lp,5,0,True,RECOVERABLE_ALLOCATION_EXTERNALITY,0.0366413199943,0.0366413199943,36.6413199943,36.6413199943
MR_K05_LOCAL::SHOCK_AND_RECOVERY::THETA_0000::EXTERNALITY_CF_BETA_050::Q95::max_export_lp,6,0,True,RECOVERABLE_ALLOCATION_EXTERNALITY,0.0353931998477,0.0353931998477,35.3931998477,35.3931998477
MR_K05_LOCAL::SHOCK_AND_RECOVERY::THETA_0000::EXTERNALITY_CF_BETA_050::Q95::max_export_lp,7,0,True,RECOVERABLE_ALLOCATION_EXTERNALITY,0.0444483937441,0.0444483937449,44.4483937441,44.4483937449
MR_K05_LOCAL::SHOCK_AND_RECOVERY::THETA_0000::EXTERNALITY_CF_BETA_050::Q95::max_export_lp,8,0,True,RECOVERABLE_ALLOCATION_EXTERNALITY,0.0373604995157,0.037360499516,37.3604995157,37.360499516
MR_K05_LOCAL::SHOCK_AND_RECOVERY::THETA_0000::EXTERNALITY_CF_BETA_050::Q95::max_export_lp,9,0,True,RECOVERABLE_ALLOCATION_EXTERNALITY,0.0604326779363,0.0604326779363,60.4326779363,60.4326779363
MR_K05_LOCAL::SHOCK_AND_RECOVERY::THETA_0000::EXTERNALITY_CF_BETA_050::Q95::max_export_lp,10,0,True,RECOVERABLE_ALLOCATION_EXTERNALITY,0.0327251851131,0.0327251851131,32.7251851131,32.7251851131
MR_K05_LOCAL::SHOCK_AND_RECOVERY::THETA_0000::EXTERNALITY_CF_BETA_050::Q95::max_export_lp,11,0,True,RECOVERABLE_ALLOCATION_EXTERNALITY,0.0355391076653,0.0355391076653,35.5391076653,35.5391076653
MR_K05_LOCAL::SHOCK_AND_RECOVERY::THETA_0000::EXTERNALITY_CF_BETA_050::Q95::max_export_lp,12,0,True,RECOVERABLE_ALLOCATION_EXTERNALITY,0.0384135899718,0.0384135899725,38.4135899718,38.4135899725
MR_K05_LOCAL::SHOCK_AND_RECOVERY::THETA_0000::EXTERNALITY_CF_BETA_050::Q95::max_export_lp,13,0,True,RECOVERABLE_ALLOCATION_EXTERNALITY,0.0257388278089,0.025738827809,25.7388278089,25.738827809
MR_K05_LOCAL::SHOCK_AND_RECOVERY::THETA_0000::EXTERNALITY_CF_BETA_050::Q95::max_export_lp,14,0,True,RECOVERABLE_ALLOCATION_EXTERNALITY,0.0200021500835,0.0200021500835,20.0021500835,20.0021500835
MR_K05_LOCAL::SHOCK_AND_RECOVERY::THETA_0000::EXTERNALITY_CF_BETA_050::Q95::max_export_lp,15,0,True,RECOVERABLE_ALLOCATION_EXTERNALITY,0.0321252137139,0.0321252137139,32.1252137139,32.1252137139
MR_K05_LOCAL::SHOCK_AND_RECOVERY::THETA_0000::EXTERNALITY_CF_BETA_050::Q95::max_export_lp,16,0,True,RECOVERABLE_ALLOCATION_EXTERNALITY,0.0531556890981,0.0531556890983,53.1556890981,53.1556890983
MR_K05_LOCAL::SHOCK_AND_RECOVERY::THETA_0000::EXTERNALITY_CF_BETA_050::Q95::fairness_qp,1,0,True,RECOVERABLE_ALLOCATION_EXTERNALITY,0.020167909536,0.0528403800616,20.167909536,52.8403800616
MR_K05_LOCAL::SHOCK_AND_RECOVERY::THETA_0000::EXTERNALITY_CF_BETA_050::Q95::fairness_qp,2,0,True,RECOVERABLE_ALLOCATION_EXTERNALITY,0.0145922654825,0.0383386653171,14.5922654825,38.3386653171
MR_K05_LOCAL::SHOCK_AND_RECOVERY::THETA_0000::EXTERNALITY_CF_BETA_050::Q95::fairness_qp,3,0,True,RECOVERABLE_ALLOCATION_EXTERNALITY,0.00890772557152,0.030866328238,8.90772557152,30.866328238
MR_K05_LOCAL::SHOCK_AND_RECOVERY::THETA_0000::EXTERNALITY_CF_BETA_050::Q95::fairness_qp,4,0,True,RECOVERABLE_ALLOCATION_EXTERNALITY,0.013955525564,0.0354928557324,13.955525564,35.4928557324
MR_K05_LOCAL::SHOCK_AND_RECOVERY::THETA_0000::EXTERNALITY_CF_BETA_050::Q95::fairness_qp,5,0,True,RECOVERABLE_ALLOCATION_EXTERNALITY,0.0214935568974,0.0368735726355,21.4935568974,36.8735726355
MR_K05_LOCAL::SHOCK_AND_RECOVERY::THETA_0000::EXTERNALITY_CF_BETA_050::Q95::fairness_qp,6,0,True,RECOVERABLE_ALLOCATION_EXTERNALITY,0.0390447118976,0.0477420487751,39.0447118976,47.7420487751
MR_K05_LOCAL::SHOCK_AND_RECOVERY::THETA_0000::EXTERNALITY_CF_BETA_050::Q95::fairness_qp,7,0,True,RECOVERABLE_ALLOCATION_EXTERNALITY,0.037121853787,0.0477410038069,37.121853787,47.7410038069
MR_K05_LOCAL::SHOCK_AND_RECOVERY::THETA_0000::EXTERNALITY_CF_BETA_050::Q95::fairness_qp,8,0,True,RECOVERABLE_ALLOCATION_EXTERNALITY,0.0277045333674,0.0453753100836,27.7045333674,45.3753100836
MR_K05_LOCAL::SHOCK_AND_RECOVERY::THETA_0000::EXTERNALITY_CF_BETA_050::Q95::fairness_qp,9,0,True,RECOVERABLE_ALLOCATION_EXTERNALITY,0.0450324549697,0.0586590433107,45.0324549697,58.6590433107
MR_K05_LOCAL::SHOCK_AND_RECOVERY::THETA_0000::EXTERNALITY_CF_BETA_050::Q95::fairness_qp,10,0,True,RECOVERABLE_ALLOCATION_EXTERNALITY,0.0269268999399,0.0398904973253,26.9268999399,39.8904973253
MR_K05_LOCAL::SHOCK_AND_RECOVERY::THETA_0000::EXTERNALITY_CF_BETA_050::Q95::fairness_qp,11,0,True,RECOVERABLE_ALLOCATION_EXTERNALITY,0.0407436749424,0.0473931060099,40.7436749424,47.3931060099
MR_K05_LOCAL::SHOCK_AND_RECOVERY::THETA_0000::EXTERNALITY_CF_BETA_050::Q95::fairness_qp,12,0,True,RECOVERABLE_ALLOCATION_EXTERNALITY,0.020794250373,0.0401751368605,20.794250373,40.1751368605
MR_K05_LOCAL::SHOCK_AND_RECOVERY::THETA_0000::EXTERNALITY_CF_BETA_050::Q95::fairness_qp,13,0,True,RECOVERABLE_ALLOCATION_EXTERNALITY,0.0371279025724,0.0453216788631,37.1279025724,45.3216788631
MR_K05_LOCAL::SHOCK_AND_RECOVERY::THETA_0000::EXTERNALITY_CF_BETA_050::Q95::fairness_qp,14,0,True,RECOVERABLE_ALLOCATION_EXTERNALITY,0.0108211111362,0.0222712798657,10.8211111362,22.2712798657
MR_K05_LOCAL::SHOCK_AND_RECOVERY::THETA_0000::EXTERNALITY_CF_BETA_050::Q95::fairness_qp,15,0,True,RECOVERABLE_ALLOCATION_EXTERNALITY,0.0260498767776,0.0459589185311,26.0498767776,45.9589185311
MR_K05_LOCAL::SHOCK_AND_RECOVERY::THETA_0000::EXTERNALITY_CF_BETA_050::Q95::fairness_qp,16,0,True,RECOVERABLE_ALLOCATION_EXTERNALITY,0.0104651281946,0.0337092910407,10.4651281946,33.7092910407
MR_K05_LOCAL::SHOCK_AND_RECOVERY::THETA_0100::EXTERNALITY_CF_BETA_050::Q0::weighted_proportional,1,1,True,RECOVERABLE_ALLOCATION_EXTERNALITY,0.0342947134589,0.0777983477364,34.2947134589,77.7983477364
MR_K05_LOCAL::SHOCK_AND_RECOVERY::THETA_0100::EXTERNALITY_CF_BETA_050::Q0::weighted_proportional,2,1,True,RECOVERABLE_ALLOCATION_EXTERNALITY,0.026312858217,0.0713723383547,26.312858217,71.3723383547
MR_K05_LOCAL::SHOCK_AND_RECOVERY::THETA_0100::EXTERNALITY_CF_BETA_050::Q0::weighted_proportional,3,1,True,RECOVERABLE_ALLOCATION_EXTERNALITY,0.0454676811891,0.0690883867902,45.4676811891,69.0883867902
MR_K05_LOCAL::SHOCK_AND_RECOVERY::THETA_0100::EXTERNALITY_CF_BETA_050::Q0::weighted_proportional,4,1,True,RECOVERABLE_ALLOCATION_EXTERNALITY,0.0330837952693,0.0640214366778,33.0837952693,64.0214366778
MR_K05_LOCAL::SHOCK_AND_RECOVERY::THETA_0100::EXTERNALITY_CF_BETA_050::Q0::weighted_proportional,5,1,True,RECOVERABLE_ALLOCATION_EXTERNALITY,0.0324666718108,0.065177793215,32.4666718108,65.177793215
MR_K05_LOCAL::SHOCK_AND_RECOVERY::THETA_0100::EXTERNALITY_CF_BETA_050::Q0::weighted_proportional,6,1,True,RECOVERABLE_ALLOCATION_EXTERNALITY,0.0256790677633,0.0646648747272,25.6790677633,64.6648747272
MR_K05_LOCAL::SHOCK_AND_RECOVERY::THETA_0100::EXTERNALITY_CF_BETA_050::Q0::weighted_proportional,7,1,True,RECOVERABLE_ALLOCATION_EXTERNALITY,0.0164575586521,0.0543188561015,16.4575586521,54.3188561015
MR_K05_LOCAL::SHOCK_AND_RECOVERY::THETA_0100::EXTERNALITY_CF_BETA_050::Q0::weighted_proportional,8,1,True,RECOVERABLE_ALLOCATION_EXTERNALITY,0.0239279844025,0.0696646693891,23.9279844025,69.6646693891
MR_K05_LOCAL::SHOCK_AND_RECOVERY::THETA_0100::EXTERNALITY_CF_BETA_050::Q0::weighted_proportional,9,1,False,NO_NET_DELIVERY_RECOVERY,-0.0118962051301,0.0502265354965,-11.8962051301,50.2265354965
MR_K05_LOCAL::SHOCK_AND_RECOVERY::THETA_0100::EXTERNALITY_CF_BETA_050::Q0::weighted_proportional,10,1,True,RECOVERABLE_ALLOCATION_EXTERNALITY,0.00249453464493,0.0661364730093,2.49453464493,66.1364730093
MR_K05_LOCAL::SHOCK_AND_RECOVERY::THETA_0100::EXTERNALITY_CF_BETA_050::Q0::weighted_proportional,11,1,True,RECOVERABLE_ALLOCATION_EXTERNALITY,0.0250647945932,0.0706069404257,25.0647945932,70.6069404257
MR_K05_LOCAL::SHOCK_AND_RECOVERY::THETA_0100::EXTERNALITY_CF_BETA_050::Q0::weighted_proportional,12,1,True,RECOVERABLE_ALLOCATION_EXTERNALITY,0.0378502863165,0.0623586404755,37.8502863165,62.3586404755
MR_K05_LOCAL::SHOCK_AND_RECOVERY::THETA_0100::EXTERNALITY_CF_BETA_050::Q0::weighted_proportional,13,1,True,RECOVERABLE_ALLOCATION_EXTERNALITY,0.0295928390422,0.0653843736368,29.5928390422,65.3843736368
MR_K05_LOCAL::SHOCK_AND_RECOVERY::THETA_0100::EXTERNALITY_CF_BETA_050::Q0::weighted_proportional,14,1,True,RECOVERABLE_ALLOCATION_EXTERNALITY,0.0505633846008,0.0729575375838,50.5633846008,72.9575375838
MR_K05_LOCAL::SHOCK_AND_RECOVERY::THETA_0100::EXTERNALITY_CF_BETA_050::Q0::weighted_proportional,15,1,True,RECOVERABLE_ALLOCATION_EXTERNALITY,0.0437540342325,0.0700852916159,43.7540342325,70.0852916159
MR_K05_LOCAL::SHOCK_AND_RECOVERY::THETA_0100::EXTERNALITY_CF_BETA_050::Q0::weighted_proportional,16,1,True,RECOVERABLE_ALLOCATION_EXTERNALITY,0.0175465068609,0.0621939228044,17.5465068609,62.1939228044
MR_K05_LOCAL::SHOCK_AND_RECOVERY::THETA_0100::EXTERNALITY_CF_BETA_050::Q0::equal_kw_reduction,1,1,True,RECOVERABLE_ALLOCATION_EXTERNALITY,0.0188810661912,0.0532207638377,18.8810661912,53.2207638377
MR_K05_LOCAL::SHOCK_AND_RECOVERY::THETA_0100::EXTERNALITY_CF_BETA_050::Q0::equal_kw_reduction,2,1,True,RECOVERABLE_ALLOCATION_EXTERNALITY,0.0226588507615,0.0536073890801,22.6588507615,53.6073890801
MR_K05_LOCAL::SHOCK_AND_RECOVERY::THETA_0100::EXTERNALITY_CF_BETA_050::Q0::equal_kw_reduction,3,1,True,RECOVERABLE_ALLOCATION_EXTERNALITY,0.0132398069842,0.0325096092222,13.2398069842,32.5096092222
MR_K05_LOCAL::SHOCK_AND_RECOVERY::THETA_0100::EXTERNALITY_CF_BETA_050::Q0::equal_kw_reduction,4,1,True,RECOVERABLE_ALLOCATION_EXTERNALITY,0.0209868074194,0.0404961763299,20.9868074194,40.4961763299
MR_K05_LOCAL::SHOCK_AND_RECOVERY::THETA_0100::EXTERNALITY_CF_BETA_050::Q0::equal_kw_reduction,5,1,True,RECOVERABLE_ALLOCATION_EXTERNALITY,0.0181216311969,0.0402087474672,18.1216311969,40.2087474672
MR_K05_LOCAL::SHOCK_AND_RECOVERY::THETA_0100::EXTERNALITY_CF_BETA_050::Q0::equal_kw_reduction,6,1,True,RECOVERABLE_ALLOCATION_EXTERNALITY,0.0128763443759,0.030440192844,12.8763443759,30.440192844
MR_K05_LOCAL::SHOCK_AND_RECOVERY::THETA_0100::EXTERNALITY_CF_BETA_050::Q0::equal_kw_reduction,7,1,True,RECOVERABLE_ALLOCATION_EXTERNALITY,0.0160211295956,0.0364086491469,16.0211295956,36.4086491469
MR_K05_LOCAL::SHOCK_AND_RECOVERY::THETA_0100::EXTERNALITY_CF_BETA_050::Q0::equal_kw_reduction,8,1,True,RECOVERABLE_ALLOCATION_EXTERNALITY,0.0134449395665,0.0363585732295,13.4449395665,36.3585732295
MR_K05_LOCAL::SHOCK_AND_RECOVERY::THETA_0100::EXTERNALITY_CF_BETA_050::Q0::equal_kw_reduction,9,1,True,RECOVERABLE_ALLOCATION_EXTERNALITY,0.0176033723661,0.0428011701545,17.6033723661,42.8011701545
MR_K05_LOCAL::SHOCK_AND_RECOVERY::THETA_0100::EXTERNALITY_CF_BETA_050::Q0::equal_kw_reduction,10,1,True,RECOVERABLE_ALLOCATION_EXTERNALITY,0.0132548352103,0.0332601041345,13.2548352103,33.2601041345
MR_K05_LOCAL::SHOCK_AND_RECOVERY::THETA_0100::EXTERNALITY_CF_BETA_050::Q0::equal_kw_reduction,11,1,True,RECOVERABLE_ALLOCATION_EXTERNALITY,0.0277575284598,0.0509410021718,27.7575284598,50.9410021718
MR_K05_LOCAL::SHOCK_AND_RECOVERY::THETA_0100::EXTERNALITY_CF_BETA_050::Q0::equal_kw_reduction,12,1,True,RECOVERABLE_ALLOCATION_EXTERNALITY,0.0191003992446,0.0378014425908,19.1003992446,37.8014425908
MR_K05_LOCAL::SHOCK_AND_RECOVERY::THETA_0100::EXTERNALITY_CF_BETA_050::Q0::equal_kw_reduction,13,1,True,RECOVERABLE_ALLOCATION_EXTERNALITY,0.0128368132505,0.0311173146247,12.8368132505,31.1173146247
MR_K05_LOCAL::SHOCK_AND_RECOVERY::THETA_0100::EXTERNALITY_CF_BETA_050::Q0::equal_kw_reduction,14,1,True,RECOVERABLE_ALLOCATION_EXTERNALITY,0.0124068583017,0.0345116093007,12.4068583017,34.5116093007
MR_K05_LOCAL::SHOCK_AND_RECOVERY::THETA_0100::EXTERNALITY_CF_BETA_050::Q0::equal_kw_reduction,15,1,True,RECOVERABLE_ALLOCATION_EXTERNALITY,0.0130272796541,0.0379619624778,13.0272796541,37.9619624778
MR_K05_LOCAL::SHOCK_AND_RECOVERY::THETA_0100::EXTERNALITY_CF_BETA_050::Q0::equal_kw_reduction,16,1,True,RECOVERABLE_ALLOCATION_EXTERNALITY,0.0172681862519,0.0430929194949,17.2681862519,43.0929194949
MR_K05_LOCAL::SHOCK_AND_RECOVERY::THETA_0100::EXTERNALITY_CF_BETA_050::Q0::flat_level,1,1,True,RECOVERABLE_ALLOCATION_EXTERNALITY,0.148123068313,0.148123068313,148.123068313,148.123068313
MR_K05_LOCAL::SHOCK_AND_RECOVERY::THETA_0100::EXTERNALITY_CF_BETA_050::Q0::flat_level,2,1,True,RECOVERABLE_ALLOCATION_EXTERNALITY,0.0868697073828,0.0868697073828,86.8697073828,86.8697073828
MR_K05_LOCAL::SHOCK_AND_RECOVERY::THETA_0100::EXTERNALITY_CF_BETA_050::Q0::flat_level,3,1,True,RECOVERABLE_ALLOCATION_EXTERNALITY,0.11072873872,0.11072873872,110.72873872,110.72873872
MR_K05_LOCAL::SHOCK_AND_RECOVERY::THETA_0100::EXTERNALITY_CF_BETA_050::Q0::flat_level,4,1,True,RECOVERABLE_ALLOCATION_EXTERNALITY,0.098324426211,0.098324426211,98.324426211,98.324426211
MR_K05_LOCAL::SHOCK_AND_RECOVERY::THETA_0100::EXTERNALITY_CF_BETA_050::Q0::flat_level,5,1,True,RECOVERABLE_ALLOCATION_EXTERNALITY,0.149283270825,0.149283270825,149.283270825,149.283270825
MR_K05_LOCAL::SHOCK_AND_RECOVERY::THETA_0100::EXTERNALITY_CF_BETA_050::Q0::flat_level,6,1,True,RECOVERABLE_ALLOCATION_EXTERNALITY,0.114073166784,0.114073166784,114.073166784,114.073166784
MR_K05_LOCAL::SHOCK_AND_RECOVERY::THETA_0100::EXTERNALITY_CF_BETA_050::Q0::flat_level,7,1,True,RECOVERABLE_ALLOCATION_EXTERNALITY,0.111624880381,0.111624880381,111.624880381,111.624880381
MR_K05_LOCAL::SHOCK_AND_RECOVERY::THETA_0100::EXTERNALITY_CF_BETA_050::Q0::flat_level,8,1,True,RECOVERABLE_ALLOCATION_EXTERNALITY,0.0889409099892,0.0889409099892,88.9409099892,88.9409099892
MR_K05_LOCAL::SHOCK_AND_RECOVERY::THETA_0100::EXTERNALITY_CF_BETA_050::Q0::flat_level,9,1,True,RECOVERABLE_ALLOCATION_EXTERNALITY,0.0267436456005,0.0267436456005,26.7436456005,26.7436456005
MR_K05_LOCAL::SHOCK_AND_RECOVERY::THETA_0100::EXTERNALITY_CF_BETA_050::Q0::flat_level,10,1,True,RECOVERABLE_ALLOCATION_EXTERNALITY,0.107823757171,0.107823757171,107.823757171,107.823757171
MR_K05_LOCAL::SHOCK_AND_RECOVERY::THETA_0100::EXTERNALITY_CF_BETA_050::Q0::flat_level,11,1,True,RECOVERABLE_ALLOCATION_EXTERNALITY,0.0633944407304,0.0633944407304,63.3944407304,63.3944407304
MR_K05_LOCAL::SHOCK_AND_RECOVERY::THETA_0100::EXTERNALITY_CF_BETA_050::Q0::flat_level,12,1,True,RECOVERABLE_ALLOCATION_EXTERNALITY,0.0934603654831,0.0934603654831,93.4603654831,93.4603654831
MR_K05_LOCAL::SHOCK_AND_RECOVERY::THETA_0100::EXTERNALITY_CF_BETA_050::Q0::flat_level,13,1,True,RECOVERABLE_ALLOCATION_EXTERNALITY,0.0864586913467,0.0864586913467,86.4586913467,86.4586913467
MR_K05_LOCAL::SHOCK_AND_RECOVERY::THETA_0100::EXTERNALITY_CF_BETA_050::Q0::flat_level,14,1,True,RECOVERABLE_ALLOCATION_EXTERNALITY,0.140517607119,0.140517607119,140.517607119,140.517607119
MR_K05_LOCAL::SHOCK_AND_RECOVERY::THETA_0100::EXTERNALITY_CF_BETA_050::Q0::flat_level,15,1,True,RECOVERABLE_ALLOCATION_EXTERNALITY,0.118957095497,0.118957095497,118.957095497,118.957095497
MR_K05_LOCAL::SHOCK_AND_RECOVERY::THETA_0100::EXTERNALITY_CF_BETA_050::Q0::flat_level,16,1,True,RECOVERABLE_ALLOCATION_EXTERNALITY,0.0897753982789,0.0897753982789,89.7753982789,89.7753982789
MR_K05_LOCAL::SHOCK_AND_RECOVERY::THETA_0100::EXTERNALITY_CF_BETA_050::Q0::max_export_lp,1,1,True,RECOVERABLE_ALLOCATION_EXTERNALITY,0.0449313078611,0.0449313078611,44.9313078611,44.9313078611
MR_K05_LOCAL::SHOCK_AND_RECOVERY::THETA_0100::EXTERNALITY_CF_BETA_050::Q0::max_export_lp,2,1,True,RECOVERABLE_ALLOCATION_EXTERNALITY,0.0506289364317,0.0506289364326,50.6289364317,50.6289364326
MR_K05_LOCAL::SHOCK_AND_RECOVERY::THETA_0100::EXTERNALITY_CF_BETA_050::Q0::max_export_lp,3,1,True,RECOVERABLE_ALLOCATION_EXTERNALITY,0.0351477767296,0.0351477767296,35.1477767296,35.1477767296
MR_K05_LOCAL::SHOCK_AND_RECOVERY::THETA_0100::EXTERNALITY_CF_BETA_050::Q0::max_export_lp,4,1,True,RECOVERABLE_ALLOCATION_EXTERNALITY,0.0245354308844,0.0245354308845,24.5354308844,24.5354308845
MR_K05_LOCAL::SHOCK_AND_RECOVERY::THETA_0100::EXTERNALITY_CF_BETA_050::Q0::max_export_lp,5,1,True,RECOVERABLE_ALLOCATION_EXTERNALITY,0.0376853536201,0.037685353623,37.6853536201,37.685353623
MR_K05_LOCAL::SHOCK_AND_RECOVERY::THETA_0100::EXTERNALITY_CF_BETA_050::Q0::max_export_lp,6,1,True,RECOVERABLE_ALLOCATION_EXTERNALITY,0.0238237975467,0.0238237975467,23.8237975467,23.8237975467
MR_K05_LOCAL::SHOCK_AND_RECOVERY::THETA_0100::EXTERNALITY_CF_BETA_050::Q0::max_export_lp,7,1,True,RECOVERABLE_ALLOCATION_EXTERNALITY,0.039503552009,0.0395035520097,39.503552009,39.5035520097
MR_K05_LOCAL::SHOCK_AND_RECOVERY::THETA_0100::EXTERNALITY_CF_BETA_050::Q0::max_export_lp,8,1,True,RECOVERABLE_ALLOCATION_EXTERNALITY,0.0295445576324,0.0295445576325,29.5445576324,29.5445576325
MR_K05_LOCAL::SHOCK_AND_RECOVERY::THETA_0100::EXTERNALITY_CF_BETA_050::Q0::max_export_lp,9,1,True,RECOVERABLE_ALLOCATION_EXTERNALITY,0.0564903544289,0.0564903544292,56.4903544289,56.4903544292
MR_K05_LOCAL::SHOCK_AND_RECOVERY::THETA_0100::EXTERNALITY_CF_BETA_050::Q0::max_export_lp,10,1,True,RECOVERABLE_ALLOCATION_EXTERNALITY,0.0348630717121,0.0348630717122,34.8630717121,34.8630717122
MR_K05_LOCAL::SHOCK_AND_RECOVERY::THETA_0100::EXTERNALITY_CF_BETA_050::Q0::max_export_lp,11,1,True,RECOVERABLE_ALLOCATION_EXTERNALITY,0.0372660509645,0.0372660509645,37.2660509645,37.2660509645
MR_K05_LOCAL::SHOCK_AND_RECOVERY::THETA_0100::EXTERNALITY_CF_BETA_050::Q0::max_export_lp,12,1,True,RECOVERABLE_ALLOCATION_EXTERNALITY,0.0365654223226,0.0365654223228,36.5654223226,36.5654223228
MR_K05_LOCAL::SHOCK_AND_RECOVERY::THETA_0100::EXTERNALITY_CF_BETA_050::Q0::max_export_lp,13,1,True,RECOVERABLE_ALLOCATION_EXTERNALITY,0.0228184386393,0.0228184386397,22.8184386393,22.8184386397
MR_K05_LOCAL::SHOCK_AND_RECOVERY::THETA_0100::EXTERNALITY_CF_BETA_050::Q0::max_export_lp,14,1,True,RECOVERABLE_ALLOCATION_EXTERNALITY,0.022884160242,0.0228841602422,22.884160242,22.8841602422
MR_K05_LOCAL::SHOCK_AND_RECOVERY::THETA_0100::EXTERNALITY_CF_BETA_050::Q0::max_export_lp,15,1,True,RECOVERABLE_ALLOCATION_EXTERNALITY,0.0243492099042,0.0243492099048,24.3492099042,24.3492099048
MR_K05_LOCAL::SHOCK_AND_RECOVERY::THETA_0100::EXTERNALITY_CF_BETA_050::Q0::max_export_lp,16,1,True,RECOVERABLE_ALLOCATION_EXTERNALITY,0.0458468362891,0.0458468362891,45.8468362891,45.8468362891
MR_K05_LOCAL::SHOCK_AND_RECOVERY::THETA_0100::EXTERNALITY_CF_BETA_050::Q0::fairness_qp,1,1,True,RECOVERABLE_ALLOCATION_EXTERNALITY,0.0164725725672,0.0404315335277,16.4725725672,40.4315335277
MR_K05_LOCAL::SHOCK_AND_RECOVERY::THETA_0100::EXTERNALITY_CF_BETA_050::Q0::fairness_qp,2,1,True,RECOVERABLE_ALLOCATION_EXTERNALITY,0.0116406874463,0.0358699034794,11.6406874463,35.8699034794
MR_K05_LOCAL::SHOCK_AND_RECOVERY::THETA_0100::EXTERNALITY_CF_BETA_050::Q0::fairness_qp,3,1,True,RECOVERABLE_ALLOCATION_EXTERNALITY,0.0147354614816,0.0360076820427,14.7354614816,36.0076820427
MR_K05_LOCAL::SHOCK_AND_RECOVERY::THETA_0100::EXTERNALITY_CF_BETA_050::Q0::fairness_qp,4,1,True,RECOVERABLE_ALLOCATION_EXTERNALITY,0.0157889743673,0.0348957572736,15.7889743673,34.8957572736
MR_K05_LOCAL::SHOCK_AND_RECOVERY::THETA_0100::EXTERNALITY_CF_BETA_050::Q0::fairness_qp,5,1,True,RECOVERABLE_ALLOCATION_EXTERNALITY,0.0272212114804,0.0468387706364,27.2212114804,46.8387706364
MR_K05_LOCAL::SHOCK_AND_RECOVERY::THETA_0100::EXTERNALITY_CF_BETA_050::Q0::fairness_qp,6,1,True,RECOVERABLE_ALLOCATION_EXTERNALITY,0.0266653755545,0.0386543796805,26.6653755545,38.6543796805
MR_K05_LOCAL::SHOCK_AND_RECOVERY::THETA_0100::EXTERNALITY_CF_BETA_050::Q0::fairness_qp,7,1,True,RECOVERABLE_ALLOCATION_EXTERNALITY,0.0308762292245,0.0445493984074,30.8762292245,44.5493984074
MR_K05_LOCAL::SHOCK_AND_RECOVERY::THETA_0100::EXTERNALITY_CF_BETA_050::Q0::fairness_qp,8,1,True,RECOVERABLE_ALLOCATION_EXTERNALITY,0.028936831103,0.0446871724562,28.936831103,44.6871724562
MR_K05_LOCAL::SHOCK_AND_RECOVERY::THETA_0100::EXTERNALITY_CF_BETA_050::Q0::fairness_qp,9,1,True,RECOVERABLE_ALLOCATION_EXTERNALITY,0.0432663673705,0.0530352824108,43.2663673705,53.0352824108
MR_K05_LOCAL::SHOCK_AND_RECOVERY::THETA_0100::EXTERNALITY_CF_BETA_050::Q0::fairness_qp,10,1,True,RECOVERABLE_ALLOCATION_EXTERNALITY,0.0305007269419,0.0433655113814,30.5007269419,43.3655113814
MR_K05_LOCAL::SHOCK_AND_RECOVERY::THETA_0100::EXTERNALITY_CF_BETA_050::Q0::fairness_qp,11,1,True,RECOVERABLE_ALLOCATION_EXTERNALITY,0.0485193455792,0.060677497878,48.5193455792,60.677497878
MR_K05_LOCAL::SHOCK_AND_RECOVERY::THETA_0100::EXTERNALITY_CF_BETA_050::Q0::fairness_qp,12,1,True,RECOVERABLE_ALLOCATION_EXTERNALITY,0.0197378439448,0.0375781111619,19.7378439448,37.5781111619
MR_K05_LOCAL::SHOCK_AND_RECOVERY::THETA_0100::EXTERNALITY_CF_BETA_050::Q0::fairness_qp,13,1,True,RECOVERABLE_ALLOCATION_EXTERNALITY,0.0396341241107,0.0497971973059,39.6341241107,49.7971973059
MR_K05_LOCAL::SHOCK_AND_RECOVERY::THETA_0100::EXTERNALITY_CF_BETA_050::Q0::fairness_qp,14,1,True,RECOVERABLE_ALLOCATION_EXTERNALITY,0.0192982819401,0.0419378040234,19.2982819401,41.9378040234
MR_K05_LOCAL::SHOCK_AND_RECOVERY::THETA_0100::EXTERNALITY_CF_BETA_050::Q0::fairness_qp,15,1,True,RECOVERABLE_ALLOCATION_EXTERNALITY,0.0238887916634,0.045423554039,23.8887916634,45.423554039
MR_K05_LOCAL::SHOCK_AND_RECOVERY::THETA_0100::EXTERNALITY_CF_BETA_050::Q0::fairness_qp,16,1,True,RECOVERABLE_ALLOCATION_EXTERNALITY,0.0178301234616,0.0377451670751,17.8301234616,37.7451670751
MR_K05_LOCAL::SHOCK_AND_RECOVERY::THETA_0100::EXTERNALITY_CF_BETA_050::Q95::weighted_proportional,1,1,True,RECOVERABLE_ALLOCATION_EXTERNALITY,0.0342947134586,0.0777983477362,34.2947134586,77.7983477362
MR_K05_LOCAL::SHOCK_AND_RECOVERY::THETA_0100::EXTERNALITY_CF_BETA_050::Q95::weighted_proportional,2,1,True,RECOVERABLE_ALLOCATION_EXTERNALITY,0.0263128582153,0.071372338353,26.3128582153,71.372338353
MR_K05_LOCAL::SHOCK_AND_RECOVERY::THETA_0100::EXTERNALITY_CF_BETA_050::Q95::weighted_proportional,3,1,True,RECOVERABLE_ALLOCATION_EXTERNALITY,0.0454676811897,0.0690883867908,45.4676811897,69.0883867908
MR_K05_LOCAL::SHOCK_AND_RECOVERY::THETA_0100::EXTERNALITY_CF_BETA_050::Q95::weighted_proportional,4,1,True,RECOVERABLE_ALLOCATION_EXTERNALITY,0.0330837952676,0.0640214366764,33.0837952676,64.0214366764
MR_K05_LOCAL::SHOCK_AND_RECOVERY::THETA_0100::EXTERNALITY_CF_BETA_050::Q95::weighted_proportional,5,1,True,RECOVERABLE_ALLOCATION_EXTERNALITY,0.0324666718123,0.0651777932164,32.4666718123,65.1777932164
MR_K05_LOCAL::SHOCK_AND_RECOVERY::THETA_0100::EXTERNALITY_CF_BETA_050::Q95::weighted_proportional,6,1,True,RECOVERABLE_ALLOCATION_EXTERNALITY,0.0256790677638,0.0646648747275,25.6790677638,64.6648747275
MR_K05_LOCAL::SHOCK_AND_RECOVERY::THETA_0100::EXTERNALITY_CF_BETA_050::Q95::weighted_proportional,7,1,True,RECOVERABLE_ALLOCATION_EXTERNALITY,0.0164575586525,0.0543188561018,16.4575586525,54.3188561018
MR_K05_LOCAL::SHOCK_AND_RECOVERY::THETA_0100::EXTERNALITY_CF_BETA_050::Q95::weighted_proportional,8,1,True,RECOVERABLE_ALLOCATION_EXTERNALITY,0.0239279844024,0.069664669389,23.9279844024,69.664669389
MR_K05_LOCAL::SHOCK_AND_RECOVERY::THETA_0100::EXTERNALITY_CF_BETA_050::Q95::weighted_proportional,9,1,False,NO_NET_DELIVERY_RECOVERY,-0.01189620513,0.0502265354963,-11.89620513,50.2265354963
MR_K05_LOCAL::SHOCK_AND_RECOVERY::THETA_0100::EXTERNALITY_CF_BETA_050::Q95::weighted_proportional,10,1,True,RECOVERABLE_ALLOCATION_EXTERNALITY,0.00249453464486,0.0661364730092,2.49453464486,66.1364730092
MR_K05_LOCAL::SHOCK_AND_RECOVERY::THETA_0100::EXTERNALITY_CF_BETA_050::Q95::weighted_proportional,11,1,True,RECOVERABLE_ALLOCATION_EXTERNALITY,0.0250647945956,0.0706069404279,25.0647945956,70.6069404279
MR_K05_LOCAL::SHOCK_AND_RECOVERY::THETA_0100::EXTERNALITY_CF_BETA_050::Q95::weighted_proportional,12,1,True,RECOVERABLE_ALLOCATION_EXTERNALITY,0.0378502863172,0.062358640476,37.8502863172,62.358640476
MR_K05_LOCAL::SHOCK_AND_RECOVERY::THETA_0100::EXTERNALITY_CF_BETA_050::Q95::weighted_proportional,13,1,True,RECOVERABLE_ALLOCATION_EXTERNALITY,0.0295928390439,0.0653843736384,29.5928390439,65.3843736384
MR_K05_LOCAL::SHOCK_AND_RECOVERY::THETA_0100::EXTERNALITY_CF_BETA_050::Q95::weighted_proportional,14,1,True,RECOVERABLE_ALLOCATION_EXTERNALITY,0.0505633846011,0.072957537584,50.5633846011,72.957537584
MR_K05_LOCAL::SHOCK_AND_RECOVERY::THETA_0100::EXTERNALITY_CF_BETA_050::Q95::weighted_proportional,15,1,True,RECOVERABLE_ALLOCATION_EXTERNALITY,0.0437540342258,0.0700852916092,43.7540342258,70.0852916092
MR_K05_LOCAL::SHOCK_AND_RECOVERY::THETA_0100::EXTERNALITY_CF_BETA_050::Q95::weighted_proportional,16,1,True,RECOVERABLE_ALLOCATION_EXTERNALITY,0.0175465068603,0.0621939228038,17.5465068603,62.1939228038
MR_K05_LOCAL::SHOCK_AND_RECOVERY::THETA_0100::EXTERNALITY_CF_BETA_050::Q95::equal_kw_reduction,1,1,True,RECOVERABLE_ALLOCATION_EXTERNALITY,0.0188810661912,0.0532207638377,18.8810661912,53.2207638377
MR_K05_LOCAL::SHOCK_AND_RECOVERY::THETA_0100::EXTERNALITY_CF_BETA_050::Q95::equal_kw_reduction,2,1,True,RECOVERABLE_ALLOCATION_EXTERNALITY,0.0226588507615,0.0536073890801,22.6588507615,53.6073890801
MR_K05_LOCAL::SHOCK_AND_RECOVERY::THETA_0100::EXTERNALITY_CF_BETA_050::Q95::equal_kw_reduction,3,1,True,RECOVERABLE_ALLOCATION_EXTERNALITY,0.0132398069842,0.0325096092222,13.2398069842,32.5096092222
MR_K05_LOCAL::SHOCK_AND_RECOVERY::THETA_0100::EXTERNALITY_CF_BETA_050::Q95::equal_kw_reduction,4,1,True,RECOVERABLE_ALLOCATION_EXTERNALITY,0.0209868074194,0.0404961763299,20.9868074194,40.4961763299
MR_K05_LOCAL::SHOCK_AND_RECOVERY::THETA_0100::EXTERNALITY_CF_BETA_050::Q95::equal_kw_reduction,5,1,True,RECOVERABLE_ALLOCATION_EXTERNALITY,0.0181216311969,0.0402087474672,18.1216311969,40.2087474672
MR_K05_LOCAL::SHOCK_AND_RECOVERY::THETA_0100::EXTERNALITY_CF_BETA_050::Q95::equal_kw_reduction,6,1,True,RECOVERABLE_ALLOCATION_EXTERNALITY,0.0128763443759,0.030440192844,12.8763443759,30.440192844
MR_K05_LOCAL::SHOCK_AND_RECOVERY::THETA_0100::EXTERNALITY_CF_BETA_050::Q95::equal_kw_reduction,7,1,True,RECOVERABLE_ALLOCATION_EXTERNALITY,0.0160211295956,0.0364086491469,16.0211295956,36.4086491469
MR_K05_LOCAL::SHOCK_AND_RECOVERY::THETA_0100::EXTERNALITY_CF_BETA_050::Q95::equal_kw_reduction,8,1,True,RECOVERABLE_ALLOCATION_EXTERNALITY,0.0134449395665,0.0363585732295,13.4449395665,36.3585732295
MR_K05_LOCAL::SHOCK_AND_RECOVERY::THETA_0100::EXTERNALITY_CF_BETA_050::Q95::equal_kw_reduction,9,1,True,RECOVERABLE_ALLOCATION_EXTERNALITY,0.0176033723661,0.0428011701545,17.6033723661,42.8011701545
MR_K05_LOCAL::SHOCK_AND_RECOVERY::THETA_0100::EXTERNALITY_CF_BETA_050::Q95::equal_kw_reduction,10,1,True,RECOVERABLE_ALLOCATION_EXTERNALITY,0.0132548352103,0.0332601041345,13.2548352103,33.2601041345
MR_K05_LOCAL::SHOCK_AND_RECOVERY::THETA_0100::EXTERNALITY_CF_BETA_050::Q95::equal_kw_reduction,11,1,True,RECOVERABLE_ALLOCATION_EXTERNALITY,0.0277575284598,0.0509410021718,27.7575284598,50.9410021718
MR_K05_LOCAL::SHOCK_AND_RECOVERY::THETA_0100::EXTERNALITY_CF_BETA_050::Q95::equal_kw_reduction,12,1,True,RECOVERABLE_ALLOCATION_EXTERNALITY,0.0191003992446,0.0378014425908,19.1003992446,37.8014425908
MR_K05_LOCAL::SHOCK_AND_RECOVERY::THETA_0100::EXTERNALITY_CF_BETA_050::Q95::equal_kw_reduction,13,1,True,RECOVERABLE_ALLOCATION_EXTERNALITY,0.0128368132505,0.0311173146247,12.8368132505,31.1173146247
MR_K05_LOCAL::SHOCK_AND_RECOVERY::THETA_0100::EXTERNALITY_CF_BETA_050::Q95::equal_kw_reduction,14,1,True,RECOVERABLE_ALLOCATION_EXTERNALITY,0.0124068583017,0.0345116093007,12.4068583017,34.5116093007
MR_K05_LOCAL::SHOCK_AND_RECOVERY::THETA_0100::EXTERNALITY_CF_BETA_050::Q95::equal_kw_reduction,15,1,True,RECOVERABLE_ALLOCATION_EXTERNALITY,0.0130272796541,0.0379619624778,13.0272796541,37.9619624778
MR_K05_LOCAL::SHOCK_AND_RECOVERY::THETA_0100::EXTERNALITY_CF_BETA_050::Q95::equal_kw_reduction,16,1,True,RECOVERABLE_ALLOCATION_EXTERNALITY,0.0172681862519,0.0430929194949,17.2681862519,43.0929194949
MR_K05_LOCAL::SHOCK_AND_RECOVERY::THETA_0100::EXTERNALITY_CF_BETA_050::Q95::flat_level,1,1,True,RECOVERABLE_ALLOCATION_EXTERNALITY,0.148123068313,0.148123068313,148.123068313,148.123068313
MR_K05_LOCAL::SHOCK_AND_RECOVERY::THETA_0100::EXTERNALITY_CF_BETA_050::Q95::flat_level,2,1,True,RECOVERABLE_ALLOCATION_EXTERNALITY,0.0868697073828,0.0868697073828,86.8697073828,86.8697073828
MR_K05_LOCAL::SHOCK_AND_RECOVERY::THETA_0100::EXTERNALITY_CF_BETA_050::Q95::flat_level,3,1,True,RECOVERABLE_ALLOCATION_EXTERNALITY,0.11072873872,0.11072873872,110.72873872,110.72873872
MR_K05_LOCAL::SHOCK_AND_RECOVERY::THETA_0100::EXTERNALITY_CF_BETA_050::Q95::flat_level,4,1,True,RECOVERABLE_ALLOCATION_EXTERNALITY,0.098324426211,0.098324426211,98.324426211,98.324426211
MR_K05_LOCAL::SHOCK_AND_RECOVERY::THETA_0100::EXTERNALITY_CF_BETA_050::Q95::flat_level,5,1,True,RECOVERABLE_ALLOCATION_EXTERNALITY,0.149283270825,0.149283270825,149.283270825,149.283270825
MR_K05_LOCAL::SHOCK_AND_RECOVERY::THETA_0100::EXTERNALITY_CF_BETA_050::Q95::flat_level,6,1,True,RECOVERABLE_ALLOCATION_EXTERNALITY,0.114073166784,0.114073166784,114.073166784,114.073166784
MR_K05_LOCAL::SHOCK_AND_RECOVERY::THETA_0100::EXTERNALITY_CF_BETA_050::Q95::flat_level,7,1,True,RECOVERABLE_ALLOCATION_EXTERNALITY,0.111624880381,0.111624880381,111.624880381,111.624880381
MR_K05_LOCAL::SHOCK_AND_RECOVERY::THETA_0100::EXTERNALITY_CF_BETA_050::Q95::flat_level,8,1,True,RECOVERABLE_ALLOCATION_EXTERNALITY,0.0889409099892,0.0889409099892,88.9409099892,88.9409099892
MR_K05_LOCAL::SHOCK_AND_RECOVERY::THETA_0100::EXTERNALITY_CF_BETA_050::Q95::flat_level,9,1,True,RECOVERABLE_ALLOCATION_EXTERNALITY,0.0267436456005,0.0267436456005,26.7436456005,26.7436456005
MR_K05_LOCAL::SHOCK_AND_RECOVERY::THETA_0100::EXTERNALITY_CF_BETA_050::Q95::flat_level,10,1,True,RECOVERABLE_ALLOCATION_EXTERNALITY,0.107823757171,0.107823757171,107.823757171,107.823757171
MR_K05_LOCAL::SHOCK_AND_RECOVERY::THETA_0100::EXTERNALITY_CF_BETA_050::Q95::flat_level,11,1,True,RECOVERABLE_ALLOCATION_EXTERNALITY,0.0633944407304,0.0633944407304,63.3944407304,63.3944407304
MR_K05_LOCAL::SHOCK_AND_RECOVERY::THETA_0100::EXTERNALITY_CF_BETA_050::Q95::flat_level,12,1,True,RECOVERABLE_ALLOCATION_EXTERNALITY,0.0934603654831,0.0934603654831,93.4603654831,93.4603654831
MR_K05_LOCAL::SHOCK_AND_RECOVERY::THETA_0100::EXTERNALITY_CF_BETA_050::Q95::flat_level,13,1,True,RECOVERABLE_ALLOCATION_EXTERNALITY,0.0864586913467,0.0864586913467,86.4586913467,86.4586913467
MR_K05_LOCAL::SHOCK_AND_RECOVERY::THETA_0100::EXTERNALITY_CF_BETA_050::Q95::flat_level,14,1,True,RECOVERABLE_ALLOCATION_EXTERNALITY,0.140517607119,0.140517607119,140.517607119,140.517607119
MR_K05_LOCAL::SHOCK_AND_RECOVERY::THETA_0100::EXTERNALITY_CF_BETA_050::Q95::flat_level,15,1,True,RECOVERABLE_ALLOCATION_EXTERNALITY,0.118957095497,0.118957095497,118.957095497,118.957095497
MR_K05_LOCAL::SHOCK_AND_RECOVERY::THETA_0100::EXTERNALITY_CF_BETA_050::Q95::flat_level,16,1,True,RECOVERABLE_ALLOCATION_EXTERNALITY,0.0897753982789,0.0897753982789,89.7753982789,89.7753982789
MR_K05_LOCAL::SHOCK_AND_RECOVERY::THETA_0100::EXTERNALITY_CF_BETA_050::Q95::max_export_lp,1,1,True,RECOVERABLE_ALLOCATION_EXTERNALITY,0.0449311814936,0.0449311814937,44.9311814936,44.9311814937
MR_K05_LOCAL::SHOCK_AND_RECOVERY::THETA_0100::EXTERNALITY_CF_BETA_050::Q95::max_export_lp,2,1,True,RECOVERABLE_ALLOCATION_EXTERNALITY,0.0506289504562,0.0506289504564,50.6289504562,50.6289504564
MR_K05_LOCAL::SHOCK_AND_RECOVERY::THETA_0100::EXTERNALITY_CF_BETA_050::Q95::max_export_lp,3,1,True,RECOVERABLE_ALLOCATION_EXTERNALITY,0.0351478886802,0.0351478886804,35.1478886802,35.1478886804
MR_K05_LOCAL::SHOCK_AND_RECOVERY::THETA_0100::EXTERNALITY_CF_BETA_050::Q95::max_export_lp,4,1,True,RECOVERABLE_ALLOCATION_EXTERNALITY,0.0245352900745,0.0245352900746,24.5352900745,24.5352900746
MR_K05_LOCAL::SHOCK_AND_RECOVERY::THETA_0100::EXTERNALITY_CF_BETA_050::Q95::max_export_lp,5,1,True,RECOVERABLE_ALLOCATION_EXTERNALITY,0.0376853850641,0.0376853850641,37.6853850641,37.6853850641
MR_K05_LOCAL::SHOCK_AND_RECOVERY::THETA_0100::EXTERNALITY_CF_BETA_050::Q95::max_export_lp,6,1,True,RECOVERABLE_ALLOCATION_EXTERNALITY,0.0238237804266,0.0238237804268,23.8237804266,23.8237804268
MR_K05_LOCAL::SHOCK_AND_RECOVERY::THETA_0100::EXTERNALITY_CF_BETA_050::Q95::max_export_lp,7,1,True,RECOVERABLE_ALLOCATION_EXTERNALITY,0.0395035456732,0.0395035456736,39.5035456732,39.5035456736
MR_K05_LOCAL::SHOCK_AND_RECOVERY::THETA_0100::EXTERNALITY_CF_BETA_050::Q95::max_export_lp,8,1,True,RECOVERABLE_ALLOCATION_EXTERNALITY,0.029544383851,0.0295443838514,29.544383851,29.5443838514
MR_K05_LOCAL::SHOCK_AND_RECOVERY::THETA_0100::EXTERNALITY_CF_BETA_050::Q95::max_export_lp,9,1,True,RECOVERABLE_ALLOCATION_EXTERNALITY,0.0564903574357,0.0564903574358,56.4903574357,56.4903574358
MR_K05_LOCAL::SHOCK_AND_RECOVERY::THETA_0100::EXTERNALITY_CF_BETA_050::Q95::max_export_lp,10,1,True,RECOVERABLE_ALLOCATION_EXTERNALITY,0.0348631863313,0.0348631863339,34.8631863313,34.8631863339
MR_K05_LOCAL::SHOCK_AND_RECOVERY::THETA_0100::EXTERNALITY_CF_BETA_050::Q95::max_export_lp,11,1,True,RECOVERABLE_ALLOCATION_EXTERNALITY,0.0372659890762,0.0372659890762,37.2659890762,37.2659890762
MR_K05_LOCAL::SHOCK_AND_RECOVERY::THETA_0100::EXTERNALITY_CF_BETA_050::Q95::max_export_lp,12,1,True,RECOVERABLE_ALLOCATION_EXTERNALITY,0.0365654661014,0.0365654661016,36.5654661014,36.5654661016
MR_K05_LOCAL::SHOCK_AND_RECOVERY::THETA_0100::EXTERNALITY_CF_BETA_050::Q95::max_export_lp,13,1,True,RECOVERABLE_ALLOCATION_EXTERNALITY,0.0228183366537,0.022818336654,22.8183366537,22.818336654
MR_K05_LOCAL::SHOCK_AND_RECOVERY::THETA_0100::EXTERNALITY_CF_BETA_050::Q95::max_export_lp,14,1,True,RECOVERABLE_ALLOCATION_EXTERNALITY,0.0228839331911,0.0228839331911,22.8839331911,22.8839331911
MR_K05_LOCAL::SHOCK_AND_RECOVERY::THETA_0100::EXTERNALITY_CF_BETA_050::Q95::max_export_lp,15,1,True,RECOVERABLE_ALLOCATION_EXTERNALITY,0.024349206643,0.024349206643,24.349206643,24.349206643
MR_K05_LOCAL::SHOCK_AND_RECOVERY::THETA_0100::EXTERNALITY_CF_BETA_050::Q95::max_export_lp,16,1,True,RECOVERABLE_ALLOCATION_EXTERNALITY,0.0458468431997,0.0458468432005,45.8468431997,45.8468432005
MR_K05_LOCAL::SHOCK_AND_RECOVERY::THETA_0100::EXTERNALITY_CF_BETA_050::Q95::fairness_qp,1,1,True,RECOVERABLE_ALLOCATION_EXTERNALITY,0.0164725614032,0.040431521758,16.4725614032,40.431521758
MR_K05_LOCAL::SHOCK_AND_RECOVERY::THETA_0100::EXTERNALITY_CF_BETA_050::Q95::fairness_qp,2,1,True,RECOVERABLE_ALLOCATION_EXTERNALITY,0.0116406711448,0.0358698952149,11.6406711448,35.8698952149
MR_K05_LOCAL::SHOCK_AND_RECOVERY::THETA_0100::EXTERNALITY_CF_BETA_050::Q95::fairness_qp,3,1,True,RECOVERABLE_ALLOCATION_EXTERNALITY,0.0147354446644,0.0360076668792,14.7354446644,36.0076668792
MR_K05_LOCAL::SHOCK_AND_RECOVERY::THETA_0100::EXTERNALITY_CF_BETA_050::Q95::fairness_qp,4,1,True,RECOVERABLE_ALLOCATION_EXTERNALITY,0.0157890172211,0.0348957942354,15.7890172211,34.8957942354
MR_K05_LOCAL::SHOCK_AND_RECOVERY::THETA_0100::EXTERNALITY_CF_BETA_050::Q95::fairness_qp,5,1,True,RECOVERABLE_ALLOCATION_EXTERNALITY,0.0272213066045,0.0468388674242,27.2213066045,46.8388674242
MR_K05_LOCAL::SHOCK_AND_RECOVERY::THETA_0100::EXTERNALITY_CF_BETA_050::Q95::fairness_qp,6,1,True,RECOVERABLE_ALLOCATION_EXTERNALITY,0.0266654106102,0.0386544153435,26.6654106102,38.6544153435
MR_K05_LOCAL::SHOCK_AND_RECOVERY::THETA_0100::EXTERNALITY_CF_BETA_050::Q95::fairness_qp,7,1,True,RECOVERABLE_ALLOCATION_EXTERNALITY,0.0308762779357,0.0445494468956,30.8762779357,44.5494468956
MR_K05_LOCAL::SHOCK_AND_RECOVERY::THETA_0100::EXTERNALITY_CF_BETA_050::Q95::fairness_qp,8,1,True,RECOVERABLE_ALLOCATION_EXTERNALITY,0.0289367726969,0.0446871429723,28.9367726969,44.6871429723
MR_K05_LOCAL::SHOCK_AND_RECOVERY::THETA_0100::EXTERNALITY_CF_BETA_050::Q95::fairness_qp,9,1,True,RECOVERABLE_ALLOCATION_EXTERNALITY,0.0432663672167,0.053035285838,43.2663672167,53.035285838
MR_K05_LOCAL::SHOCK_AND_RECOVERY::THETA_0100::EXTERNALITY_CF_BETA_050::Q95::fairness_qp,10,1,True,RECOVERABLE_ALLOCATION_EXTERNALITY,0.0305007297584,0.0433655100763,30.5007297584,43.3655100763
MR_K05_LOCAL::SHOCK_AND_RECOVERY::THETA_0100::EXTERNALITY_CF_BETA_050::Q95::fairness_qp,11,1,True,RECOVERABLE_ALLOCATION_EXTERNALITY,0.0485192724885,0.0606774262336,48.5192724885,60.6774262336
MR_K05_LOCAL::SHOCK_AND_RECOVERY::THETA_0100::EXTERNALITY_CF_BETA_050::Q95::fairness_qp,12,1,True,RECOVERABLE_ALLOCATION_EXTERNALITY,0.0197378437161,0.0375781195219,19.7378437161,37.5781195219
MR_K05_LOCAL::SHOCK_AND_RECOVERY::THETA_0100::EXTERNALITY_CF_BETA_050::Q95::fairness_qp,13,1,True,RECOVERABLE_ALLOCATION_EXTERNALITY,0.0396341164635,0.0497971920644,39.6341164635,49.7971920644
MR_K05_LOCAL::SHOCK_AND_RECOVERY::THETA_0100::EXTERNALITY_CF_BETA_050::Q95::fairness_qp,14,1,True,RECOVERABLE_ALLOCATION_EXTERNALITY,0.0192982877606,0.0419378268168,19.2982877606,41.9378268168
MR_K05_LOCAL::SHOCK_AND_RECOVERY::THETA_0100::EXTERNALITY_CF_BETA_050::Q95::fairness_qp,15,1,True,RECOVERABLE_ALLOCATION_EXTERNALITY,0.0238887913569,0.0454235475818,23.8887913569,45.4235475818
MR_K05_LOCAL::SHOCK_AND_RECOVERY::THETA_0100::EXTERNALITY_CF_BETA_050::Q95::fairness_qp,16,1,True,RECOVERABLE_ALLOCATION_EXTERNALITY,0.0178301130414,0.037745172318,17.8301130414,37.745172318
MR_K05_LOCAL::SHOCK_AND_RECOVERY::THETA_1000::EXTERNALITY_CF_BETA_050::Q0::weighted_proportional,1,10,True,RECOVERABLE_ALLOCATION_EXTERNALITY,0.0511345806677,0.0830519706208,51.1345806677,83.0519706208
MR_K05_LOCAL::SHOCK_AND_RECOVERY::THETA_1000::EXTERNALITY_CF_BETA_050::Q0::weighted_proportional,2,10,True,RECOVERABLE_ALLOCATION_EXTERNALITY,0.035611520749,0.0709296437261,35.611520749,70.9296437261
MR_K05_LOCAL::SHOCK_AND_RECOVERY::THETA_1000::EXTERNALITY_CF_BETA_050::Q0::weighted_proportional,3,10,True,RECOVERABLE_ALLOCATION_EXTERNALITY,0.0334305264383,0.0500182472117,33.4305264383,50.0182472117
MR_K05_LOCAL::SHOCK_AND_RECOVERY::THETA_1000::EXTERNALITY_CF_BETA_050::Q0::weighted_proportional,4,10,True,RECOVERABLE_ALLOCATION_EXTERNALITY,0.0330463217362,0.0588401151585,33.0463217362,58.8401151585
MR_K05_LOCAL::SHOCK_AND_RECOVERY::THETA_1000::EXTERNALITY_CF_BETA_050::Q0::weighted_proportional,5,10,True,RECOVERABLE_ALLOCATION_EXTERNALITY,0.0430587674283,0.0688242048426,43.0587674283,68.8242048426
MR_K05_LOCAL::SHOCK_AND_RECOVERY::THETA_1000::EXTERNALITY_CF_BETA_050::Q0::weighted_proportional,6,10,True,RECOVERABLE_ALLOCATION_EXTERNALITY,0.0442950687998,0.0653547365362,44.2950687998,65.3547365362
MR_K05_LOCAL::SHOCK_AND_RECOVERY::THETA_1000::EXTERNALITY_CF_BETA_050::Q0::weighted_proportional,7,10,True,RECOVERABLE_ALLOCATION_EXTERNALITY,0.0346693622241,0.0644420879431,34.6693622241,64.4420879431
MR_K05_LOCAL::SHOCK_AND_RECOVERY::THETA_1000::EXTERNALITY_CF_BETA_050::Q0::weighted_proportional,8,10,True,RECOVERABLE_ALLOCATION_EXTERNALITY,0.0407411177495,0.067199890121,40.7411177495,67.199890121
MR_K05_LOCAL::SHOCK_AND_RECOVERY::THETA_1000::EXTERNALITY_CF_BETA_050::Q0::weighted_proportional,9,10,True,RECOVERABLE_ALLOCATION_EXTERNALITY,0.00171451414713,0.048603934762,1.71451414713,48.603934762
MR_K05_LOCAL::SHOCK_AND_RECOVERY::THETA_1000::EXTERNALITY_CF_BETA_050::Q0::weighted_proportional,10,10,True,RECOVERABLE_ALLOCATION_EXTERNALITY,0.0311137854716,0.0614348888714,31.1137854716,61.4348888714
MR_K05_LOCAL::SHOCK_AND_RECOVERY::THETA_1000::EXTERNALITY_CF_BETA_050::Q0::weighted_proportional,11,10,True,RECOVERABLE_ALLOCATION_EXTERNALITY,0.0171685987261,0.0521503931783,17.1685987261,52.1503931783
MR_K05_LOCAL::SHOCK_AND_RECOVERY::THETA_1000::EXTERNALITY_CF_BETA_050::Q0::weighted_proportional,12,10,True,RECOVERABLE_ALLOCATION_EXTERNALITY,0.0431365752445,0.0631373770052,43.1365752445,63.1373770052
MR_K05_LOCAL::SHOCK_AND_RECOVERY::THETA_1000::EXTERNALITY_CF_BETA_050::Q0::weighted_proportional,13,10,True,RECOVERABLE_ALLOCATION_EXTERNALITY,0.0267454138507,0.0566139850026,26.7454138507,56.6139850026
MR_K05_LOCAL::SHOCK_AND_RECOVERY::THETA_1000::EXTERNALITY_CF_BETA_050::Q0::weighted_proportional,14,10,True,RECOVERABLE_ALLOCATION_EXTERNALITY,0.0555028193921,0.0742641434772,55.5028193921,74.2641434772
MR_K05_LOCAL::SHOCK_AND_RECOVERY::THETA_1000::EXTERNALITY_CF_BETA_050::Q0::weighted_proportional,15,10,True,RECOVERABLE_ALLOCATION_EXTERNALITY,0.0515557256533,0.0684583640041,51.5557256533,68.4583640041
MR_K05_LOCAL::SHOCK_AND_RECOVERY::THETA_1000::EXTERNALITY_CF_BETA_050::Q0::weighted_proportional,16,10,True,RECOVERABLE_ALLOCATION_EXTERNALITY,0.0415210151473,0.0682302395133,41.5210151473,68.2302395133
MR_K05_LOCAL::SHOCK_AND_RECOVERY::THETA_1000::EXTERNALITY_CF_BETA_050::Q0::equal_kw_reduction,1,10,True,RECOVERABLE_ALLOCATION_EXTERNALITY,0.0245052671392,0.0503601184115,24.5052671392,50.3601184115
MR_K05_LOCAL::SHOCK_AND_RECOVERY::THETA_1000::EXTERNALITY_CF_BETA_050::Q0::equal_kw_reduction,2,10,True,RECOVERABLE_ALLOCATION_EXTERNALITY,0.0233531084015,0.0489881270402,23.3531084015,48.9881270402
MR_K05_LOCAL::SHOCK_AND_RECOVERY::THETA_1000::EXTERNALITY_CF_BETA_050::Q0::equal_kw_reduction,3,10,True,RECOVERABLE_ALLOCATION_EXTERNALITY,0.0148964942192,0.0320627788029,14.8964942192,32.0627788029
MR_K05_LOCAL::SHOCK_AND_RECOVERY::THETA_1000::EXTERNALITY_CF_BETA_050::Q0::equal_kw_reduction,4,10,True,RECOVERABLE_ALLOCATION_EXTERNALITY,0.0164787911113,0.0344950536525,16.4787911113,34.4950536525
MR_K05_LOCAL::SHOCK_AND_RECOVERY::THETA_1000::EXTERNALITY_CF_BETA_050::Q0::equal_kw_reduction,5,10,True,RECOVERABLE_ALLOCATION_EXTERNALITY,0.0192836402398,0.0397561093251,19.2836402398,39.7561093251
MR_K05_LOCAL::SHOCK_AND_RECOVERY::THETA_1000::EXTERNALITY_CF_BETA_050::Q0::equal_kw_reduction,6,10,True,RECOVERABLE_ALLOCATION_EXTERNALITY,0.013122616989,0.029413652732,13.122616989,29.413652732
MR_K05_LOCAL::SHOCK_AND_RECOVERY::THETA_1000::EXTERNALITY_CF_BETA_050::Q0::equal_kw_reduction,7,10,True,RECOVERABLE_ALLOCATION_EXTERNALITY,0.0196464323611,0.0404301911061,19.6464323611,40.4301911061
MR_K05_LOCAL::SHOCK_AND_RECOVERY::THETA_1000::EXTERNALITY_CF_BETA_050::Q0::equal_kw_reduction,8,10,True,RECOVERABLE_ALLOCATION_EXTERNALITY,0.0202689680804,0.0393987695578,20.2689680804,39.3987695578
MR_K05_LOCAL::SHOCK_AND_RECOVERY::THETA_1000::EXTERNALITY_CF_BETA_050::Q0::equal_kw_reduction,9,10,True,RECOVERABLE_ALLOCATION_EXTERNALITY,0.0233792208524,0.0448385395033,23.3792208524,44.8385395033
MR_K05_LOCAL::SHOCK_AND_RECOVERY::THETA_1000::EXTERNALITY_CF_BETA_050::Q0::equal_kw_reduction,10,10,True,RECOVERABLE_ALLOCATION_EXTERNALITY,0.021021848556,0.0392990497704,21.021848556,39.2990497704
MR_K05_LOCAL::SHOCK_AND_RECOVERY::THETA_1000::EXTERNALITY_CF_BETA_050::Q0::equal_kw_reduction,11,10,True,RECOVERABLE_ALLOCATION_EXTERNALITY,0.0211252810922,0.039978878916,21.1252810922,39.978878916
MR_K05_LOCAL::SHOCK_AND_RECOVERY::THETA_1000::EXTERNALITY_CF_BETA_050::Q0::equal_kw_reduction,12,10,True,RECOVERABLE_ALLOCATION_EXTERNALITY,0.0182262964169,0.0352977640904,18.2262964169,35.2977640904
MR_K05_LOCAL::SHOCK_AND_RECOVERY::THETA_1000::EXTERNALITY_CF_BETA_050::Q0::equal_kw_reduction,13,10,True,RECOVERABLE_ALLOCATION_EXTERNALITY,0.0140591842317,0.0303285082378,14.0591842317,30.3285082378
MR_K05_LOCAL::SHOCK_AND_RECOVERY::THETA_1000::EXTERNALITY_CF_BETA_050::Q0::equal_kw_reduction,14,10,True,RECOVERABLE_ALLOCATION_EXTERNALITY,0.0188699328266,0.0398426430443,18.8699328266,39.8426430443
MR_K05_LOCAL::SHOCK_AND_RECOVERY::THETA_1000::EXTERNALITY_CF_BETA_050::Q0::equal_kw_reduction,15,10,True,RECOVERABLE_ALLOCATION_EXTERNALITY,0.0142322936215,0.0338061018994,14.2322936215,33.8061018994
MR_K05_LOCAL::SHOCK_AND_RECOVERY::THETA_1000::EXTERNALITY_CF_BETA_050::Q0::equal_kw_reduction,16,10,True,RECOVERABLE_ALLOCATION_EXTERNALITY,0.0201195009135,0.0408878321738,20.1195009135,40.8878321738
MR_K05_LOCAL::SHOCK_AND_RECOVERY::THETA_1000::EXTERNALITY_CF_BETA_050::Q0::flat_level,1,10,True,RECOVERABLE_ALLOCATION_EXTERNALITY,0.148123068313,0.148123068313,148.123068313,148.123068313
MR_K05_LOCAL::SHOCK_AND_RECOVERY::THETA_1000::EXTERNALITY_CF_BETA_050::Q0::flat_level,2,10,True,RECOVERABLE_ALLOCATION_EXTERNALITY,0.0868697073828,0.0868697073828,86.8697073828,86.8697073828
MR_K05_LOCAL::SHOCK_AND_RECOVERY::THETA_1000::EXTERNALITY_CF_BETA_050::Q0::flat_level,3,10,True,RECOVERABLE_ALLOCATION_EXTERNALITY,0.11072873872,0.11072873872,110.72873872,110.72873872
MR_K05_LOCAL::SHOCK_AND_RECOVERY::THETA_1000::EXTERNALITY_CF_BETA_050::Q0::flat_level,4,10,True,RECOVERABLE_ALLOCATION_EXTERNALITY,0.098324426211,0.098324426211,98.324426211,98.324426211
MR_K05_LOCAL::SHOCK_AND_RECOVERY::THETA_1000::EXTERNALITY_CF_BETA_050::Q0::flat_level,5,10,True,RECOVERABLE_ALLOCATION_EXTERNALITY,0.149283270825,0.149283270825,149.283270825,149.283270825
MR_K05_LOCAL::SHOCK_AND_RECOVERY::THETA_1000::EXTERNALITY_CF_BETA_050::Q0::flat_level,6,10,True,RECOVERABLE_ALLOCATION_EXTERNALITY,0.114073166784,0.114073166784,114.073166784,114.073166784
MR_K05_LOCAL::SHOCK_AND_RECOVERY::THETA_1000::EXTERNALITY_CF_BETA_050::Q0::flat_level,7,10,True,RECOVERABLE_ALLOCATION_EXTERNALITY,0.111624880381,0.111624880381,111.624880381,111.624880381
MR_K05_LOCAL::SHOCK_AND_RECOVERY::THETA_1000::EXTERNALITY_CF_BETA_050::Q0::flat_level,8,10,True,RECOVERABLE_ALLOCATION_EXTERNALITY,0.0889409099892,0.0889409099892,88.9409099892,88.9409099892
MR_K05_LOCAL::SHOCK_AND_RECOVERY::THETA_1000::EXTERNALITY_CF_BETA_050::Q0::flat_level,9,10,True,RECOVERABLE_ALLOCATION_EXTERNALITY,0.0267436456005,0.0267436456005,26.7436456005,26.7436456005
MR_K05_LOCAL::SHOCK_AND_RECOVERY::THETA_1000::EXTERNALITY_CF_BETA_050::Q0::flat_level,10,10,True,RECOVERABLE_ALLOCATION_EXTERNALITY,0.107823757171,0.107823757171,107.823757171,107.823757171
MR_K05_LOCAL::SHOCK_AND_RECOVERY::THETA_1000::EXTERNALITY_CF_BETA_050::Q0::flat_level,11,10,True,RECOVERABLE_ALLOCATION_EXTERNALITY,0.0633944407304,0.0633944407304,63.3944407304,63.3944407304
MR_K05_LOCAL::SHOCK_AND_RECOVERY::THETA_1000::EXTERNALITY_CF_BETA_050::Q0::flat_level,12,10,True,RECOVERABLE_ALLOCATION_EXTERNALITY,0.0934603654831,0.0934603654831,93.4603654831,93.4603654831
MR_K05_LOCAL::SHOCK_AND_RECOVERY::THETA_1000::EXTERNALITY_CF_BETA_050::Q0::flat_level,13,10,True,RECOVERABLE_ALLOCATION_EXTERNALITY,0.0864586913467,0.0864586913467,86.4586913467,86.4586913467
MR_K05_LOCAL::SHOCK_AND_RECOVERY::THETA_1000::EXTERNALITY_CF_BETA_050::Q0::flat_level,14,10,True,RECOVERABLE_ALLOCATION_EXTERNALITY,0.140517607119,0.140517607119,140.517607119,140.517607119
MR_K05_LOCAL::SHOCK_AND_RECOVERY::THETA_1000::EXTERNALITY_CF_BETA_050::Q0::flat_level,15,10,True,RECOVERABLE_ALLOCATION_EXTERNALITY,0.118957095497,0.118957095497,118.957095497,118.957095497
MR_K05_LOCAL::SHOCK_AND_RECOVERY::THETA_1000::EXTERNALITY_CF_BETA_050::Q0::flat_level,16,10,True,RECOVERABLE_ALLOCATION_EXTERNALITY,0.0897753982789,0.0897753982789,89.7753982789,89.7753982789
MR_K05_LOCAL::SHOCK_AND_RECOVERY::THETA_1000::EXTERNALITY_CF_BETA_050::Q0::max_export_lp,1,10,True,RECOVERABLE_ALLOCATION_EXTERNALITY,0.0449313078611,0.0449313078611,44.9313078611,44.9313078611
MR_K05_LOCAL::SHOCK_AND_RECOVERY::THETA_1000::EXTERNALITY_CF_BETA_050::Q0::max_export_lp,2,10,True,RECOVERABLE_ALLOCATION_EXTERNALITY,0.0506289364317,0.0506289364326,50.6289364317,50.6289364326
MR_K05_LOCAL::SHOCK_AND_RECOVERY::THETA_1000::EXTERNALITY_CF_BETA_050::Q0::max_export_lp,3,10,True,RECOVERABLE_ALLOCATION_EXTERNALITY,0.0351477767296,0.0351477767296,35.1477767296,35.1477767296
MR_K05_LOCAL::SHOCK_AND_RECOVERY::THETA_1000::EXTERNALITY_CF_BETA_050::Q0::max_export_lp,4,10,True,RECOVERABLE_ALLOCATION_EXTERNALITY,0.0245354308844,0.0245354308845,24.5354308844,24.5354308845
MR_K05_LOCAL::SHOCK_AND_RECOVERY::THETA_1000::EXTERNALITY_CF_BETA_050::Q0::max_export_lp,5,10,True,RECOVERABLE_ALLOCATION_EXTERNALITY,0.0376853536201,0.037685353623,37.6853536201,37.685353623
MR_K05_LOCAL::SHOCK_AND_RECOVERY::THETA_1000::EXTERNALITY_CF_BETA_050::Q0::max_export_lp,6,10,True,RECOVERABLE_ALLOCATION_EXTERNALITY,0.0238237975467,0.0238237975467,23.8237975467,23.8237975467
MR_K05_LOCAL::SHOCK_AND_RECOVERY::THETA_1000::EXTERNALITY_CF_BETA_050::Q0::max_export_lp,7,10,True,RECOVERABLE_ALLOCATION_EXTERNALITY,0.039503552009,0.0395035520097,39.503552009,39.5035520097
MR_K05_LOCAL::SHOCK_AND_RECOVERY::THETA_1000::EXTERNALITY_CF_BETA_050::Q0::max_export_lp,8,10,True,RECOVERABLE_ALLOCATION_EXTERNALITY,0.0295445576324,0.0295445576325,29.5445576324,29.5445576325
MR_K05_LOCAL::SHOCK_AND_RECOVERY::THETA_1000::EXTERNALITY_CF_BETA_050::Q0::max_export_lp,9,10,True,RECOVERABLE_ALLOCATION_EXTERNALITY,0.0564903544289,0.0564903544292,56.4903544289,56.4903544292
MR_K05_LOCAL::SHOCK_AND_RECOVERY::THETA_1000::EXTERNALITY_CF_BETA_050::Q0::max_export_lp,10,10,True,RECOVERABLE_ALLOCATION_EXTERNALITY,0.0348630717121,0.0348630717122,34.8630717121,34.8630717122
MR_K05_LOCAL::SHOCK_AND_RECOVERY::THETA_1000::EXTERNALITY_CF_BETA_050::Q0::max_export_lp,11,10,True,RECOVERABLE_ALLOCATION_EXTERNALITY,0.0372660509645,0.0372660509645,37.2660509645,37.2660509645
MR_K05_LOCAL::SHOCK_AND_RECOVERY::THETA_1000::EXTERNALITY_CF_BETA_050::Q0::max_export_lp,12,10,True,RECOVERABLE_ALLOCATION_EXTERNALITY,0.0365654223226,0.0365654223228,36.5654223226,36.5654223228
MR_K05_LOCAL::SHOCK_AND_RECOVERY::THETA_1000::EXTERNALITY_CF_BETA_050::Q0::max_export_lp,13,10,True,RECOVERABLE_ALLOCATION_EXTERNALITY,0.0228184386393,0.0228184386397,22.8184386393,22.8184386397
MR_K05_LOCAL::SHOCK_AND_RECOVERY::THETA_1000::EXTERNALITY_CF_BETA_050::Q0::max_export_lp,14,10,True,RECOVERABLE_ALLOCATION_EXTERNALITY,0.022884160242,0.0228841602422,22.884160242,22.8841602422
MR_K05_LOCAL::SHOCK_AND_RECOVERY::THETA_1000::EXTERNALITY_CF_BETA_050::Q0::max_export_lp,15,10,True,RECOVERABLE_ALLOCATION_EXTERNALITY,0.0243492099042,0.0243492099048,24.3492099042,24.3492099048
MR_K05_LOCAL::SHOCK_AND_RECOVERY::THETA_1000::EXTERNALITY_CF_BETA_050::Q0::max_export_lp,16,10,True,RECOVERABLE_ALLOCATION_EXTERNALITY,0.0458468362891,0.0458468362891,45.8468362891,45.8468362891
MR_K05_LOCAL::SHOCK_AND_RECOVERY::THETA_1000::EXTERNALITY_CF_BETA_050::Q0::fairness_qp,1,10,True,RECOVERABLE_ALLOCATION_EXTERNALITY,0.0240287490122,0.0460195088562,24.0287490122,46.0195088562
MR_K05_LOCAL::SHOCK_AND_RECOVERY::THETA_1000::EXTERNALITY_CF_BETA_050::Q0::fairness_qp,2,10,True,RECOVERABLE_ALLOCATION_EXTERNALITY,0.0215511557156,0.0430961631064,21.5511557156,43.0961631064
MR_K05_LOCAL::SHOCK_AND_RECOVERY::THETA_1000::EXTERNALITY_CF_BETA_050::Q0::fairness_qp,3,10,True,RECOVERABLE_ALLOCATION_EXTERNALITY,0.0167725494887,0.033313410439,16.7725494887,33.313410439
MR_K05_LOCAL::SHOCK_AND_RECOVERY::THETA_1000::EXTERNALITY_CF_BETA_050::Q0::fairness_qp,4,10,True,RECOVERABLE_ALLOCATION_EXTERNALITY,0.0183085710294,0.0351846834066,18.3085710294,35.1846834066
MR_K05_LOCAL::SHOCK_AND_RECOVERY::THETA_1000::EXTERNALITY_CF_BETA_050::Q0::fairness_qp,5,10,True,RECOVERABLE_ALLOCATION_EXTERNALITY,0.0277735911616,0.0452817902041,27.7735911616,45.2817902041
MR_K05_LOCAL::SHOCK_AND_RECOVERY::THETA_1000::EXTERNALITY_CF_BETA_050::Q0::fairness_qp,6,10,True,RECOVERABLE_ALLOCATION_EXTERNALITY,0.0283401901703,0.0384080991949,28.3401901703,38.4080991949
MR_K05_LOCAL::SHOCK_AND_RECOVERY::THETA_1000::EXTERNALITY_CF_BETA_050::Q0::fairness_qp,7,10,True,RECOVERABLE_ALLOCATION_EXTERNALITY,0.0337890333325,0.0457000363732,33.7890333325,45.7000363732
MR_K05_LOCAL::SHOCK_AND_RECOVERY::THETA_1000::EXTERNALITY_CF_BETA_050::Q0::fairness_qp,8,10,True,RECOVERABLE_ALLOCATION_EXTERNALITY,0.0362310832644,0.0478219763528,36.2310832644,47.8219763528
MR_K05_LOCAL::SHOCK_AND_RECOVERY::THETA_1000::EXTERNALITY_CF_BETA_050::Q0::fairness_qp,9,10,True,RECOVERABLE_ALLOCATION_EXTERNALITY,0.0519957072206,0.0610754003924,51.9957072206,61.0754003924
MR_K05_LOCAL::SHOCK_AND_RECOVERY::THETA_1000::EXTERNALITY_CF_BETA_050::Q0::fairness_qp,10,10,True,RECOVERABLE_ALLOCATION_EXTERNALITY,0.0388360577996,0.0496836069792,38.8360577996,49.6836069792
MR_K05_LOCAL::SHOCK_AND_RECOVERY::THETA_1000::EXTERNALITY_CF_BETA_050::Q0::fairness_qp,11,10,True,RECOVERABLE_ALLOCATION_EXTERNALITY,0.0415547365684,0.0496121825097,41.5547365684,49.6121825097
MR_K05_LOCAL::SHOCK_AND_RECOVERY::THETA_1000::EXTERNALITY_CF_BETA_050::Q0::fairness_qp,12,10,True,RECOVERABLE_ALLOCATION_EXTERNALITY,0.0235581836494,0.0373745879281,23.5581836494,37.3745879281
MR_K05_LOCAL::SHOCK_AND_RECOVERY::THETA_1000::EXTERNALITY_CF_BETA_050::Q0::fairness_qp,13,10,True,RECOVERABLE_ALLOCATION_EXTERNALITY,0.0389368053139,0.0477246258163,38.9368053139,47.7246258163
MR_K05_LOCAL::SHOCK_AND_RECOVERY::THETA_1000::EXTERNALITY_CF_BETA_050::Q0::fairness_qp,14,10,True,RECOVERABLE_ALLOCATION_EXTERNALITY,0.0230581013476,0.0431376400033,23.0581013476,43.1376400033
MR_K05_LOCAL::SHOCK_AND_RECOVERY::THETA_1000::EXTERNALITY_CF_BETA_050::Q0::fairness_qp,15,10,True,RECOVERABLE_ALLOCATION_EXTERNALITY,0.0235859033571,0.0406230103972,23.5859033571,40.6230103972
MR_K05_LOCAL::SHOCK_AND_RECOVERY::THETA_1000::EXTERNALITY_CF_BETA_050::Q0::fairness_qp,16,10,True,RECOVERABLE_ALLOCATION_EXTERNALITY,0.0245926691429,0.040494291164,24.5926691429,40.494291164
MR_K05_LOCAL::SHOCK_AND_RECOVERY::THETA_1000::EXTERNALITY_CF_BETA_050::Q95::weighted_proportional,1,10,True,RECOVERABLE_ALLOCATION_EXTERNALITY,0.0511345806667,0.0830519706199,51.1345806667,83.0519706199
MR_K05_LOCAL::SHOCK_AND_RECOVERY::THETA_1000::EXTERNALITY_CF_BETA_050::Q95::weighted_proportional,2,10,True,RECOVERABLE_ALLOCATION_EXTERNALITY,0.0356115207315,0.0709296437087,35.6115207315,70.9296437087
MR_K05_LOCAL::SHOCK_AND_RECOVERY::THETA_1000::EXTERNALITY_CF_BETA_050::Q95::weighted_proportional,3,10,True,RECOVERABLE_ALLOCATION_EXTERNALITY,0.0334305264381,0.0500182472114,33.4305264381,50.0182472114
MR_K05_LOCAL::SHOCK_AND_RECOVERY::THETA_1000::EXTERNALITY_CF_BETA_050::Q95::weighted_proportional,4,10,True,RECOVERABLE_ALLOCATION_EXTERNALITY,0.0330463217366,0.0588401151589,33.0463217366,58.8401151589
MR_K05_LOCAL::SHOCK_AND_RECOVERY::THETA_1000::EXTERNALITY_CF_BETA_050::Q95::weighted_proportional,5,10,True,RECOVERABLE_ALLOCATION_EXTERNALITY,0.0430587674284,0.0688242048428,43.0587674284,68.8242048428
MR_K05_LOCAL::SHOCK_AND_RECOVERY::THETA_1000::EXTERNALITY_CF_BETA_050::Q95::weighted_proportional,6,10,True,RECOVERABLE_ALLOCATION_EXTERNALITY,0.0442950687974,0.0653547365338,44.2950687974,65.3547365338
MR_K05_LOCAL::SHOCK_AND_RECOVERY::THETA_1000::EXTERNALITY_CF_BETA_050::Q95::weighted_proportional,7,10,True,RECOVERABLE_ALLOCATION_EXTERNALITY,0.0346693622223,0.0644420879415,34.6693622223,64.4420879415
MR_K05_LOCAL::SHOCK_AND_RECOVERY::THETA_1000::EXTERNALITY_CF_BETA_050::Q95::weighted_proportional,8,10,True,RECOVERABLE_ALLOCATION_EXTERNALITY,0.0407411177482,0.0671998901199,40.7411177482,67.1998901199
MR_K05_LOCAL::SHOCK_AND_RECOVERY::THETA_1000::EXTERNALITY_CF_BETA_050::Q95::weighted_proportional,9,10,True,RECOVERABLE_ALLOCATION_EXTERNALITY,0.00171451414578,0.0486039347608,1.71451414578,48.6039347608
MR_K05_LOCAL::SHOCK_AND_RECOVERY::THETA_1000::EXTERNALITY_CF_BETA_050::Q95::weighted_proportional,10,10,True,RECOVERABLE_ALLOCATION_EXTERNALITY,0.0311137854686,0.0614348888686,31.1137854686,61.4348888686
MR_K05_LOCAL::SHOCK_AND_RECOVERY::THETA_1000::EXTERNALITY_CF_BETA_050::Q95::weighted_proportional,11,10,True,RECOVERABLE_ALLOCATION_EXTERNALITY,0.017168598726,0.0521503931782,17.168598726,52.1503931782
MR_K05_LOCAL::SHOCK_AND_RECOVERY::THETA_1000::EXTERNALITY_CF_BETA_050::Q95::weighted_proportional,12,10,True,RECOVERABLE_ALLOCATION_EXTERNALITY,0.0431365752438,0.0631373770046,43.1365752438,63.1373770046
MR_K05_LOCAL::SHOCK_AND_RECOVERY::THETA_1000::EXTERNALITY_CF_BETA_050::Q95::weighted_proportional,13,10,True,RECOVERABLE_ALLOCATION_EXTERNALITY,0.0267454138499,0.056613985002,26.7454138499,56.613985002
MR_K05_LOCAL::SHOCK_AND_RECOVERY::THETA_1000::EXTERNALITY_CF_BETA_050::Q95::weighted_proportional,14,10,True,RECOVERABLE_ALLOCATION_EXTERNALITY,0.0555028193918,0.0742641434771,55.5028193918,74.2641434771
MR_K05_LOCAL::SHOCK_AND_RECOVERY::THETA_1000::EXTERNALITY_CF_BETA_050::Q95::weighted_proportional,15,10,True,RECOVERABLE_ALLOCATION_EXTERNALITY,0.0515557256523,0.0684583640031,51.5557256523,68.4583640031
MR_K05_LOCAL::SHOCK_AND_RECOVERY::THETA_1000::EXTERNALITY_CF_BETA_050::Q95::weighted_proportional,16,10,True,RECOVERABLE_ALLOCATION_EXTERNALITY,0.0415210151469,0.068230239513,41.5210151469,68.230239513
MR_K05_LOCAL::SHOCK_AND_RECOVERY::THETA_1000::EXTERNALITY_CF_BETA_050::Q95::equal_kw_reduction,1,10,True,RECOVERABLE_ALLOCATION_EXTERNALITY,0.0245052671392,0.0503601184115,24.5052671392,50.3601184115
MR_K05_LOCAL::SHOCK_AND_RECOVERY::THETA_1000::EXTERNALITY_CF_BETA_050::Q95::equal_kw_reduction,2,10,True,RECOVERABLE_ALLOCATION_EXTERNALITY,0.0233531084015,0.0489881270402,23.3531084015,48.9881270402
MR_K05_LOCAL::SHOCK_AND_RECOVERY::THETA_1000::EXTERNALITY_CF_BETA_050::Q95::equal_kw_reduction,3,10,True,RECOVERABLE_ALLOCATION_EXTERNALITY,0.0148964942192,0.0320627788029,14.8964942192,32.0627788029
MR_K05_LOCAL::SHOCK_AND_RECOVERY::THETA_1000::EXTERNALITY_CF_BETA_050::Q95::equal_kw_reduction,4,10,True,RECOVERABLE_ALLOCATION_EXTERNALITY,0.0164787911113,0.0344950536525,16.4787911113,34.4950536525
MR_K05_LOCAL::SHOCK_AND_RECOVERY::THETA_1000::EXTERNALITY_CF_BETA_050::Q95::equal_kw_reduction,5,10,True,RECOVERABLE_ALLOCATION_EXTERNALITY,0.0192836402398,0.0397561093251,19.2836402398,39.7561093251
MR_K05_LOCAL::SHOCK_AND_RECOVERY::THETA_1000::EXTERNALITY_CF_BETA_050::Q95::equal_kw_reduction,6,10,True,RECOVERABLE_ALLOCATION_EXTERNALITY,0.013122616989,0.029413652732,13.122616989,29.413652732
MR_K05_LOCAL::SHOCK_AND_RECOVERY::THETA_1000::EXTERNALITY_CF_BETA_050::Q95::equal_kw_reduction,7,10,True,RECOVERABLE_ALLOCATION_EXTERNALITY,0.0196464323611,0.0404301911061,19.6464323611,40.4301911061
MR_K05_LOCAL::SHOCK_AND_RECOVERY::THETA_1000::EXTERNALITY_CF_BETA_050::Q95::equal_kw_reduction,8,10,True,RECOVERABLE_ALLOCATION_EXTERNALITY,0.0202689680804,0.0393987695578,20.2689680804,39.3987695578
MR_K05_LOCAL::SHOCK_AND_RECOVERY::THETA_1000::EXTERNALITY_CF_BETA_050::Q95::equal_kw_reduction,9,10,True,RECOVERABLE_ALLOCATION_EXTERNALITY,0.0233792208524,0.0448385395033,23.3792208524,44.8385395033
MR_K05_LOCAL::SHOCK_AND_RECOVERY::THETA_1000::EXTERNALITY_CF_BETA_050::Q95::equal_kw_reduction,10,10,True,RECOVERABLE_ALLOCATION_EXTERNALITY,0.021021848556,0.0392990497704,21.021848556,39.2990497704
MR_K05_LOCAL::SHOCK_AND_RECOVERY::THETA_1000::EXTERNALITY_CF_BETA_050::Q95::equal_kw_reduction,11,10,True,RECOVERABLE_ALLOCATION_EXTERNALITY,0.0211252810922,0.039978878916,21.1252810922,39.978878916
MR_K05_LOCAL::SHOCK_AND_RECOVERY::THETA_1000::EXTERNALITY_CF_BETA_050::Q95::equal_kw_reduction,12,10,True,RECOVERABLE_ALLOCATION_EXTERNALITY,0.0182262964169,0.0352977640904,18.2262964169,35.2977640904
MR_K05_LOCAL::SHOCK_AND_RECOVERY::THETA_1000::EXTERNALITY_CF_BETA_050::Q95::equal_kw_reduction,13,10,True,RECOVERABLE_ALLOCATION_EXTERNALITY,0.0140591842317,0.0303285082378,14.0591842317,30.3285082378
MR_K05_LOCAL::SHOCK_AND_RECOVERY::THETA_1000::EXTERNALITY_CF_BETA_050::Q95::equal_kw_reduction,14,10,True,RECOVERABLE_ALLOCATION_EXTERNALITY,0.0188699328266,0.0398426430443,18.8699328266,39.8426430443
MR_K05_LOCAL::SHOCK_AND_RECOVERY::THETA_1000::EXTERNALITY_CF_BETA_050::Q95::equal_kw_reduction,15,10,True,RECOVERABLE_ALLOCATION_EXTERNALITY,0.0142322936215,0.0338061018994,14.2322936215,33.8061018994
MR_K05_LOCAL::SHOCK_AND_RECOVERY::THETA_1000::EXTERNALITY_CF_BETA_050::Q95::equal_kw_reduction,16,10,True,RECOVERABLE_ALLOCATION_EXTERNALITY,0.0201195009135,0.0408878321738,20.1195009135,40.8878321738
MR_K05_LOCAL::SHOCK_AND_RECOVERY::THETA_1000::EXTERNALITY_CF_BETA_050::Q95::flat_level,1,10,True,RECOVERABLE_ALLOCATION_EXTERNALITY,0.148123068313,0.148123068313,148.123068313,148.123068313
MR_K05_LOCAL::SHOCK_AND_RECOVERY::THETA_1000::EXTERNALITY_CF_BETA_050::Q95::flat_level,2,10,True,RECOVERABLE_ALLOCATION_EXTERNALITY,0.0868697073828,0.0868697073828,86.8697073828,86.8697073828
MR_K05_LOCAL::SHOCK_AND_RECOVERY::THETA_1000::EXTERNALITY_CF_BETA_050::Q95::flat_level,3,10,True,RECOVERABLE_ALLOCATION_EXTERNALITY,0.11072873872,0.11072873872,110.72873872,110.72873872
MR_K05_LOCAL::SHOCK_AND_RECOVERY::THETA_1000::EXTERNALITY_CF_BETA_050::Q95::flat_level,4,10,True,RECOVERABLE_ALLOCATION_EXTERNALITY,0.098324426211,0.098324426211,98.324426211,98.324426211
MR_K05_LOCAL::SHOCK_AND_RECOVERY::THETA_1000::EXTERNALITY_CF_BETA_050::Q95::flat_level,5,10,True,RECOVERABLE_ALLOCATION_EXTERNALITY,0.149283270825,0.149283270825,149.283270825,149.283270825
MR_K05_LOCAL::SHOCK_AND_RECOVERY::THETA_1000::EXTERNALITY_CF_BETA_050::Q95::flat_level,6,10,True,RECOVERABLE_ALLOCATION_EXTERNALITY,0.114073166784,0.114073166784,114.073166784,114.073166784
MR_K05_LOCAL::SHOCK_AND_RECOVERY::THETA_1000::EXTERNALITY_CF_BETA_050::Q95::flat_level,7,10,True,RECOVERABLE_ALLOCATION_EXTERNALITY,0.111624880381,0.111624880381,111.624880381,111.624880381
MR_K05_LOCAL::SHOCK_AND_RECOVERY::THETA_1000::EXTERNALITY_CF_BETA_050::Q95::flat_level,8,10,True,RECOVERABLE_ALLOCATION_EXTERNALITY,0.0889409099892,0.0889409099892,88.9409099892,88.9409099892
MR_K05_LOCAL::SHOCK_AND_RECOVERY::THETA_1000::EXTERNALITY_CF_BETA_050::Q95::flat_level,9,10,True,RECOVERABLE_ALLOCATION_EXTERNALITY,0.0267436456005,0.0267436456005,26.7436456005,26.7436456005
MR_K05_LOCAL::SHOCK_AND_RECOVERY::THETA_1000::EXTERNALITY_CF_BETA_050::Q95::flat_level,10,10,True,RECOVERABLE_ALLOCATION_EXTERNALITY,0.107823757171,0.107823757171,107.823757171,107.823757171
MR_K05_LOCAL::SHOCK_AND_RECOVERY::THETA_1000::EXTERNALITY_CF_BETA_050::Q95::flat_level,11,10,True,RECOVERABLE_ALLOCATION_EXTERNALITY,0.0633944407304,0.0633944407304,63.3944407304,63.3944407304
MR_K05_LOCAL::SHOCK_AND_RECOVERY::THETA_1000::EXTERNALITY_CF_BETA_050::Q95::flat_level,12,10,True,RECOVERABLE_ALLOCATION_EXTERNALITY,0.0934603654831,0.0934603654831,93.4603654831,93.4603654831
MR_K05_LOCAL::SHOCK_AND_RECOVERY::THETA_1000::EXTERNALITY_CF_BETA_050::Q95::flat_level,13,10,True,RECOVERABLE_ALLOCATION_EXTERNALITY,0.0864586913467,0.0864586913467,86.4586913467,86.4586913467
MR_K05_LOCAL::SHOCK_AND_RECOVERY::THETA_1000::EXTERNALITY_CF_BETA_050::Q95::flat_level,14,10,True,RECOVERABLE_ALLOCATION_EXTERNALITY,0.140517607119,0.140517607119,140.517607119,140.517607119
MR_K05_LOCAL::SHOCK_AND_RECOVERY::THETA_1000::EXTERNALITY_CF_BETA_050::Q95::flat_level,15,10,True,RECOVERABLE_ALLOCATION_EXTERNALITY,0.118957095497,0.118957095497,118.957095497,118.957095497
MR_K05_LOCAL::SHOCK_AND_RECOVERY::THETA_1000::EXTERNALITY_CF_BETA_050::Q95::flat_level,16,10,True,RECOVERABLE_ALLOCATION_EXTERNALITY,0.0897753982789,0.0897753982789,89.7753982789,89.7753982789
MR_K05_LOCAL::SHOCK_AND_RECOVERY::THETA_1000::EXTERNALITY_CF_BETA_050::Q95::max_export_lp,1,10,True,RECOVERABLE_ALLOCATION_EXTERNALITY,0.0449311814936,0.0449311814937,44.9311814936,44.9311814937
MR_K05_LOCAL::SHOCK_AND_RECOVERY::THETA_1000::EXTERNALITY_CF_BETA_050::Q95::max_export_lp,2,10,True,RECOVERABLE_ALLOCATION_EXTERNALITY,0.0506289504562,0.0506289504564,50.6289504562,50.6289504564
MR_K05_LOCAL::SHOCK_AND_RECOVERY::THETA_1000::EXTERNALITY_CF_BETA_050::Q95::max_export_lp,3,10,True,RECOVERABLE_ALLOCATION_EXTERNALITY,0.0351478886802,0.0351478886804,35.1478886802,35.1478886804
MR_K05_LOCAL::SHOCK_AND_RECOVERY::THETA_1000::EXTERNALITY_CF_BETA_050::Q95::max_export_lp,4,10,True,RECOVERABLE_ALLOCATION_EXTERNALITY,0.0245352900745,0.0245352900746,24.5352900745,24.5352900746
MR_K05_LOCAL::SHOCK_AND_RECOVERY::THETA_1000::EXTERNALITY_CF_BETA_050::Q95::max_export_lp,5,10,True,RECOVERABLE_ALLOCATION_EXTERNALITY,0.0376853850641,0.0376853850641,37.6853850641,37.6853850641
MR_K05_LOCAL::SHOCK_AND_RECOVERY::THETA_1000::EXTERNALITY_CF_BETA_050::Q95::max_export_lp,6,10,True,RECOVERABLE_ALLOCATION_EXTERNALITY,0.0238237804266,0.0238237804268,23.8237804266,23.8237804268
MR_K05_LOCAL::SHOCK_AND_RECOVERY::THETA_1000::EXTERNALITY_CF_BETA_050::Q95::max_export_lp,7,10,True,RECOVERABLE_ALLOCATION_EXTERNALITY,0.0395035456732,0.0395035456736,39.5035456732,39.5035456736
MR_K05_LOCAL::SHOCK_AND_RECOVERY::THETA_1000::EXTERNALITY_CF_BETA_050::Q95::max_export_lp,8,10,True,RECOVERABLE_ALLOCATION_EXTERNALITY,0.029544383851,0.0295443838514,29.544383851,29.5443838514
MR_K05_LOCAL::SHOCK_AND_RECOVERY::THETA_1000::EXTERNALITY_CF_BETA_050::Q95::max_export_lp,9,10,True,RECOVERABLE_ALLOCATION_EXTERNALITY,0.0564903574357,0.0564903574358,56.4903574357,56.4903574358
MR_K05_LOCAL::SHOCK_AND_RECOVERY::THETA_1000::EXTERNALITY_CF_BETA_050::Q95::max_export_lp,10,10,True,RECOVERABLE_ALLOCATION_EXTERNALITY,0.0348631863313,0.0348631863339,34.8631863313,34.8631863339
MR_K05_LOCAL::SHOCK_AND_RECOVERY::THETA_1000::EXTERNALITY_CF_BETA_050::Q95::max_export_lp,11,10,True,RECOVERABLE_ALLOCATION_EXTERNALITY,0.0372659890762,0.0372659890762,37.2659890762,37.2659890762
MR_K05_LOCAL::SHOCK_AND_RECOVERY::THETA_1000::EXTERNALITY_CF_BETA_050::Q95::max_export_lp,12,10,True,RECOVERABLE_ALLOCATION_EXTERNALITY,0.0365654661014,0.0365654661016,36.5654661014,36.5654661016
MR_K05_LOCAL::SHOCK_AND_RECOVERY::THETA_1000::EXTERNALITY_CF_BETA_050::Q95::max_export_lp,13,10,True,RECOVERABLE_ALLOCATION_EXTERNALITY,0.0228183366537,0.022818336654,22.8183366537,22.818336654
MR_K05_LOCAL::SHOCK_AND_RECOVERY::THETA_1000::EXTERNALITY_CF_BETA_050::Q95::max_export_lp,14,10,True,RECOVERABLE_ALLOCATION_EXTERNALITY,0.0228839331911,0.0228839331911,22.8839331911,22.8839331911
MR_K05_LOCAL::SHOCK_AND_RECOVERY::THETA_1000::EXTERNALITY_CF_BETA_050::Q95::max_export_lp,15,10,True,RECOVERABLE_ALLOCATION_EXTERNALITY,0.024349206643,0.024349206643,24.349206643,24.349206643
MR_K05_LOCAL::SHOCK_AND_RECOVERY::THETA_1000::EXTERNALITY_CF_BETA_050::Q95::max_export_lp,16,10,True,RECOVERABLE_ALLOCATION_EXTERNALITY,0.0458468431997,0.0458468432005,45.8468431997,45.8468432005
MR_K05_LOCAL::SHOCK_AND_RECOVERY::THETA_1000::EXTERNALITY_CF_BETA_050::Q95::fairness_qp,1,10,True,RECOVERABLE_ALLOCATION_EXTERNALITY,0.0240287522127,0.0460195140473,24.0287522127,46.0195140473
MR_K05_LOCAL::SHOCK_AND_RECOVERY::THETA_1000::EXTERNALITY_CF_BETA_050::Q95::fairness_qp,2,10,True,RECOVERABLE_ALLOCATION_EXTERNALITY,0.0215511419622,0.0430961542907,21.5511419622,43.0961542907
MR_K05_LOCAL::SHOCK_AND_RECOVERY::THETA_1000::EXTERNALITY_CF_BETA_050::Q95::fairness_qp,3,10,True,RECOVERABLE_ALLOCATION_EXTERNALITY,0.0167725406394,0.0333134057827,16.7725406394,33.3134057827
MR_K05_LOCAL::SHOCK_AND_RECOVERY::THETA_1000::EXTERNALITY_CF_BETA_050::Q95::fairness_qp,4,10,True,RECOVERABLE_ALLOCATION_EXTERNALITY,0.0183085817303,0.0351846893137,18.3085817303,35.1846893137
MR_K05_LOCAL::SHOCK_AND_RECOVERY::THETA_1000::EXTERNALITY_CF_BETA_050::Q95::fairness_qp,5,10,True,RECOVERABLE_ALLOCATION_EXTERNALITY,0.0277735828982,0.0452817851765,27.7735828982,45.2817851765
MR_K05_LOCAL::SHOCK_AND_RECOVERY::THETA_1000::EXTERNALITY_CF_BETA_050::Q95::fairness_qp,6,10,True,RECOVERABLE_ALLOCATION_EXTERNALITY,0.0283401906123,0.0384080997767,28.3401906123,38.4080997767
MR_K05_LOCAL::SHOCK_AND_RECOVERY::THETA_1000::EXTERNALITY_CF_BETA_050::Q95::fairness_qp,7,10,True,RECOVERABLE_ALLOCATION_EXTERNALITY,0.033789012209,0.0457000152154,33.789012209,45.7000152154
MR_K05_LOCAL::SHOCK_AND_RECOVERY::THETA_1000::EXTERNALITY_CF_BETA_050::Q95::fairness_qp,8,10,True,RECOVERABLE_ALLOCATION_EXTERNALITY,0.0362310675967,0.0478219638103,36.2310675967,47.8219638103
MR_K05_LOCAL::SHOCK_AND_RECOVERY::THETA_1000::EXTERNALITY_CF_BETA_050::Q95::fairness_qp,9,10,True,RECOVERABLE_ALLOCATION_EXTERNALITY,0.0519956927942,0.0610753923183,51.9956927942,61.0753923183
MR_K05_LOCAL::SHOCK_AND_RECOVERY::THETA_1000::EXTERNALITY_CF_BETA_050::Q95::fairness_qp,10,10,True,RECOVERABLE_ALLOCATION_EXTERNALITY,0.038836021117,0.0496835790839,38.836021117,49.6835790839
MR_K05_LOCAL::SHOCK_AND_RECOVERY::THETA_1000::EXTERNALITY_CF_BETA_050::Q95::fairness_qp,11,10,True,RECOVERABLE_ALLOCATION_EXTERNALITY,0.0415547088826,0.0496121547791,41.5547088826,49.6121547791
MR_K05_LOCAL::SHOCK_AND_RECOVERY::THETA_1000::EXTERNALITY_CF_BETA_050::Q95::fairness_qp,12,10,True,RECOVERABLE_ALLOCATION_EXTERNALITY,0.0235581171287,0.0373745409234,23.5581171287,37.3745409234
MR_K05_LOCAL::SHOCK_AND_RECOVERY::THETA_1000::EXTERNALITY_CF_BETA_050::Q95::fairness_qp,13,10,True,RECOVERABLE_ALLOCATION_EXTERNALITY,0.0389368005967,0.0477246220556,38.9368005967,47.7246220556
MR_K05_LOCAL::SHOCK_AND_RECOVERY::THETA_1000::EXTERNALITY_CF_BETA_050::Q95::fairness_qp,14,10,True,RECOVERABLE_ALLOCATION_EXTERNALITY,0.0229054407185,0.0429811279835,22.9054407185,42.9811279835
MR_K05_LOCAL::SHOCK_AND_RECOVERY::THETA_1000::EXTERNALITY_CF_BETA_050::Q95::fairness_qp,15,10,True,RECOVERABLE_ALLOCATION_EXTERNALITY,0.0235859259327,0.0406230311639,23.5859259327,40.6230311639
MR_K05_LOCAL::SHOCK_AND_RECOVERY::THETA_1000::EXTERNALITY_CF_BETA_050::Q95::fairness_qp,16,10,True,RECOVERABLE_ALLOCATION_EXTERNALITY,0.0245926730376,0.0404942985524,24.5926730376,40.4942985524
MR_K05_DISPERSED::CLUSTERED_SHORTFALL::THETA_0000::EXTERNALITY_CF_BETA_050::Q0::weighted_proportional,1,0,True,RECOVERABLE_ALLOCATION_EXTERNALITY,0.0505885529845,0.104640270011,50.5885529845,104.640270011
MR_K05_DISPERSED::CLUSTERED_SHORTFALL::THETA_0000::EXTERNALITY_CF_BETA_050::Q0::weighted_proportional,2,0,True,RECOVERABLE_ALLOCATION_EXTERNALITY,0.0148574876356,0.0572772306998,14.8574876356,57.2772306998
MR_K05_DISPERSED::CLUSTERED_SHORTFALL::THETA_0000::EXTERNALITY_CF_BETA_050::Q0::weighted_proportional,3,0,True,RECOVERABLE_ALLOCATION_EXTERNALITY,0.0319649283003,0.05088770127,31.9649283003,50.88770127
MR_K05_DISPERSED::CLUSTERED_SHORTFALL::THETA_0000::EXTERNALITY_CF_BETA_050::Q0::weighted_proportional,4,0,True,RECOVERABLE_ALLOCATION_EXTERNALITY,0.011985369938,0.0663654729898,11.985369938,66.3654729898
MR_K05_DISPERSED::CLUSTERED_SHORTFALL::THETA_0000::EXTERNALITY_CF_BETA_050::Q0::weighted_proportional,5,0,True,RECOVERABLE_ALLOCATION_EXTERNALITY,0.0329052454634,0.0723801114658,32.9052454634,72.3801114658
MR_K05_DISPERSED::CLUSTERED_SHORTFALL::THETA_0000::EXTERNALITY_CF_BETA_050::Q0::weighted_proportional,6,0,True,RECOVERABLE_ALLOCATION_EXTERNALITY,0.00221404949397,0.0606138083394,2.21404949397,60.6138083394
MR_K05_DISPERSED::CLUSTERED_SHORTFALL::THETA_0000::EXTERNALITY_CF_BETA_050::Q0::weighted_proportional,7,0,True,RECOVERABLE_ALLOCATION_EXTERNALITY,0.0109887380565,0.0584602266553,10.9887380565,58.4602266553
MR_K05_DISPERSED::CLUSTERED_SHORTFALL::THETA_0000::EXTERNALITY_CF_BETA_050::Q0::weighted_proportional,8,0,True,RECOVERABLE_ALLOCATION_EXTERNALITY,0.0254435797012,0.0482022574968,25.4435797012,48.2022574968
MR_K05_DISPERSED::CLUSTERED_SHORTFALL::THETA_0000::EXTERNALITY_CF_BETA_050::Q0::weighted_proportional,9,0,True,RECOVERABLE_ALLOCATION_EXTERNALITY,0.00298198124479,0.0525576823097,2.98198124479,52.5576823097
MR_K05_DISPERSED::CLUSTERED_SHORTFALL::THETA_0000::EXTERNALITY_CF_BETA_050::Q0::weighted_proportional,10,0,True,RECOVERABLE_ALLOCATION_EXTERNALITY,0.0333011280296,0.0599098752551,33.3011280296,59.9098752551
MR_K05_DISPERSED::CLUSTERED_SHORTFALL::THETA_0000::EXTERNALITY_CF_BETA_050::Q0::weighted_proportional,11,0,True,RECOVERABLE_ALLOCATION_EXTERNALITY,0.0529459598299,0.0671754259953,52.9459598299,67.1754259953
MR_K05_DISPERSED::CLUSTERED_SHORTFALL::THETA_0000::EXTERNALITY_CF_BETA_050::Q0::weighted_proportional,12,0,True,RECOVERABLE_ALLOCATION_EXTERNALITY,0.0264621743197,0.0683843890247,26.4621743197,68.3843890247
MR_K05_DISPERSED::CLUSTERED_SHORTFALL::THETA_0000::EXTERNALITY_CF_BETA_050::Q0::weighted_proportional,13,0,True,RECOVERABLE_ALLOCATION_EXTERNALITY,0.0525447195407,0.0782472353791,52.5447195407,78.2472353791
MR_K05_DISPERSED::CLUSTERED_SHORTFALL::THETA_0000::EXTERNALITY_CF_BETA_050::Q0::weighted_proportional,14,0,True,RECOVERABLE_ALLOCATION_EXTERNALITY,0.0364118202224,0.0787813341684,36.4118202224,78.7813341684
MR_K05_DISPERSED::CLUSTERED_SHORTFALL::THETA_0000::EXTERNALITY_CF_BETA_050::Q0::weighted_proportional,15,0,True,RECOVERABLE_ALLOCATION_EXTERNALITY,0.0313595660117,0.0627617527326,31.3595660117,62.7617527326
MR_K05_DISPERSED::CLUSTERED_SHORTFALL::THETA_0000::EXTERNALITY_CF_BETA_050::Q0::weighted_proportional,16,0,True,RECOVERABLE_ALLOCATION_EXTERNALITY,0.0291299080941,0.0630846184668,29.1299080941,63.0846184668
MR_K05_DISPERSED::CLUSTERED_SHORTFALL::THETA_0000::EXTERNALITY_CF_BETA_050::Q0::equal_kw_reduction,1,0,True,RECOVERABLE_ALLOCATION_EXTERNALITY,0.035568557291,0.0766707301142,35.568557291,76.6707301142
MR_K05_DISPERSED::CLUSTERED_SHORTFALL::THETA_0000::EXTERNALITY_CF_BETA_050::Q0::equal_kw_reduction,2,0,True,RECOVERABLE_ALLOCATION_EXTERNALITY,0.0175035259577,0.0512868056879,17.5035259577,51.2868056879
MR_K05_DISPERSED::CLUSTERED_SHORTFALL::THETA_0000::EXTERNALITY_CF_BETA_050::Q0::equal_kw_reduction,3,0,True,RECOVERABLE_ALLOCATION_EXTERNALITY,0.00389318011158,0.0385018676166,3.89318011158,38.5018676166
MR_K05_DISPERSED::CLUSTERED_SHORTFALL::THETA_0000::EXTERNALITY_CF_BETA_050::Q0::equal_kw_reduction,4,0,True,RECOVERABLE_ALLOCATION_EXTERNALITY,0.0301172239232,0.058219125098,30.1172239232,58.219125098
MR_K05_DISPERSED::CLUSTERED_SHORTFALL::THETA_0000::EXTERNALITY_CF_BETA_050::Q0::equal_kw_reduction,5,0,True,RECOVERABLE_ALLOCATION_EXTERNALITY,0.0275502944459,0.0525978819557,27.5502944459,52.5978819557
MR_K05_DISPERSED::CLUSTERED_SHORTFALL::THETA_0000::EXTERNALITY_CF_BETA_050::Q0::equal_kw_reduction,6,0,True,RECOVERABLE_ALLOCATION_EXTERNALITY,0.0179583355455,0.0449634937994,17.9583355455,44.9634937994
MR_K05_DISPERSED::CLUSTERED_SHORTFALL::THETA_0000::EXTERNALITY_CF_BETA_050::Q0::equal_kw_reduction,7,0,True,RECOVERABLE_ALLOCATION_EXTERNALITY,0.0214500152986,0.0459696558423,21.4500152986,45.9696558423
MR_K05_DISPERSED::CLUSTERED_SHORTFALL::THETA_0000::EXTERNALITY_CF_BETA_050::Q0::equal_kw_reduction,8,0,True,RECOVERABLE_ALLOCATION_EXTERNALITY,0.0117512915402,0.0319061588322,11.7512915402,31.9061588322
MR_K05_DISPERSED::CLUSTERED_SHORTFALL::THETA_0000::EXTERNALITY_CF_BETA_050::Q0::equal_kw_reduction,9,0,True,RECOVERABLE_ALLOCATION_EXTERNALITY,0.00976244845859,0.0330037152057,9.76244845859,33.0037152057
MR_K05_DISPERSED::CLUSTERED_SHORTFALL::THETA_0000::EXTERNALITY_CF_BETA_050::Q0::equal_kw_reduction,10,0,True,RECOVERABLE_ALLOCATION_EXTERNALITY,0.016399690636,0.0374492604191,16.399690636,37.4492604191
MR_K05_DISPERSED::CLUSTERED_SHORTFALL::THETA_0000::EXTERNALITY_CF_BETA_050::Q0::equal_kw_reduction,11,0,True,RECOVERABLE_ALLOCATION_EXTERNALITY,0.0234234649416,0.0410432625215,23.4234649416,41.0432625215
MR_K05_DISPERSED::CLUSTERED_SHORTFALL::THETA_0000::EXTERNALITY_CF_BETA_050::Q0::equal_kw_reduction,12,0,True,RECOVERABLE_ALLOCATION_EXTERNALITY,0.0173835443124,0.0427399923251,17.3835443124,42.7399923251
MR_K05_DISPERSED::CLUSTERED_SHORTFALL::THETA_0000::EXTERNALITY_CF_BETA_050::Q0::equal_kw_reduction,13,0,True,RECOVERABLE_ALLOCATION_EXTERNALITY,0.0329164899101,0.0606612252435,32.9164899101,60.6612252435
MR_K05_DISPERSED::CLUSTERED_SHORTFALL::THETA_0000::EXTERNALITY_CF_BETA_050::Q0::equal_kw_reduction,14,0,True,RECOVERABLE_ALLOCATION_EXTERNALITY,0.02190301938,0.0448738945487,21.90301938,44.8738945487
MR_K05_DISPERSED::CLUSTERED_SHORTFALL::THETA_0000::EXTERNALITY_CF_BETA_050::Q0::equal_kw_reduction,15,0,True,RECOVERABLE_ALLOCATION_EXTERNALITY,0.0147508361502,0.041095081171,14.7508361502,41.095081171
MR_K05_DISPERSED::CLUSTERED_SHORTFALL::THETA_0000::EXTERNALITY_CF_BETA_050::Q0::equal_kw_reduction,16,0,True,RECOVERABLE_ALLOCATION_EXTERNALITY,0.0212516838941,0.0393534494616,21.2516838941,39.3534494616
MR_K05_DISPERSED::CLUSTERED_SHORTFALL::THETA_0000::EXTERNALITY_CF_BETA_050::Q0::flat_level,1,0,True,RECOVERABLE_ALLOCATION_EXTERNALITY,0.168106834377,0.168106834377,168.106834377,168.106834377
MR_K05_DISPERSED::CLUSTERED_SHORTFALL::THETA_0000::EXTERNALITY_CF_BETA_050::Q0::flat_level,2,0,True,RECOVERABLE_ALLOCATION_EXTERNALITY,0.14322866892,0.14322866892,143.22866892,143.22866892
MR_K05_DISPERSED::CLUSTERED_SHORTFALL::THETA_0000::EXTERNALITY_CF_BETA_050::Q0::flat_level,3,0,True,RECOVERABLE_ALLOCATION_EXTERNALITY,0.135754605204,0.135754605204,135.754605204,135.754605204
MR_K05_DISPERSED::CLUSTERED_SHORTFALL::THETA_0000::EXTERNALITY_CF_BETA_050::Q0::flat_level,4,0,True,RECOVERABLE_ALLOCATION_EXTERNALITY,0.0733730098475,0.0733730098475,73.3730098475,73.3730098475
MR_K05_DISPERSED::CLUSTERED_SHORTFALL::THETA_0000::EXTERNALITY_CF_BETA_050::Q0::flat_level,5,0,True,RECOVERABLE_ALLOCATION_EXTERNALITY,0.0630153600946,0.0630153600946,63.0153600946,63.0153600946
MR_K05_DISPERSED::CLUSTERED_SHORTFALL::THETA_0000::EXTERNALITY_CF_BETA_050::Q0::flat_level,6,0,True,RECOVERABLE_ALLOCATION_EXTERNALITY,0.00971624593886,0.00971624593886,9.71624593886,9.71624593886
MR_K05_DISPERSED::CLUSTERED_SHORTFALL::THETA_0000::EXTERNALITY_CF_BETA_050::Q0::flat_level,7,0,True,RECOVERABLE_ALLOCATION_EXTERNALITY,0.10531876407,0.10531876407,105.31876407,105.31876407
MR_K05_DISPERSED::CLUSTERED_SHORTFALL::THETA_0000::EXTERNALITY_CF_BETA_050::Q0::flat_level,8,0,True,RECOVERABLE_ALLOCATION_EXTERNALITY,0.0607088585063,0.0607088585063,60.7088585063,60.7088585063
MR_K05_DISPERSED::CLUSTERED_SHORTFALL::THETA_0000::EXTERNALITY_CF_BETA_050::Q0::flat_level,9,0,True,RECOVERABLE_ALLOCATION_EXTERNALITY,0.0754133994015,0.0754133994015,75.4133994015,75.4133994015
MR_K05_DISPERSED::CLUSTERED_SHORTFALL::THETA_0000::EXTERNALITY_CF_BETA_050::Q0::flat_level,10,0,True,RECOVERABLE_ALLOCATION_EXTERNALITY,0.10014654549,0.10014654549,100.14654549,100.14654549
MR_K05_DISPERSED::CLUSTERED_SHORTFALL::THETA_0000::EXTERNALITY_CF_BETA_050::Q0::flat_level,11,0,True,RECOVERABLE_ALLOCATION_EXTERNALITY,0.0966033643775,0.0966033643775,96.6033643775,96.6033643775
MR_K05_DISPERSED::CLUSTERED_SHORTFALL::THETA_0000::EXTERNALITY_CF_BETA_050::Q0::flat_level,12,0,True,RECOVERABLE_ALLOCATION_EXTERNALITY,0.123622268979,0.123622268979,123.622268979,123.622268979
MR_K05_DISPERSED::CLUSTERED_SHORTFALL::THETA_0000::EXTERNALITY_CF_BETA_050::Q0::flat_level,13,0,True,RECOVERABLE_ALLOCATION_EXTERNALITY,0.0605967597299,0.0605967597299,60.5967597299,60.5967597299
MR_K05_DISPERSED::CLUSTERED_SHORTFALL::THETA_0000::EXTERNALITY_CF_BETA_050::Q0::flat_level,14,0,True,RECOVERABLE_ALLOCATION_EXTERNALITY,0.111122629703,0.111122629703,111.122629703,111.122629703
MR_K05_DISPERSED::CLUSTERED_SHORTFALL::THETA_0000::EXTERNALITY_CF_BETA_050::Q0::flat_level,15,0,True,RECOVERABLE_ALLOCATION_EXTERNALITY,0.0773524434233,0.0773524434233,77.3524434233,77.3524434233
MR_K05_DISPERSED::CLUSTERED_SHORTFALL::THETA_0000::EXTERNALITY_CF_BETA_050::Q0::flat_level,16,0,True,RECOVERABLE_ALLOCATION_EXTERNALITY,0.0925097580376,0.0925097580376,92.5097580376,92.5097580376
MR_K05_DISPERSED::CLUSTERED_SHORTFALL::THETA_0000::EXTERNALITY_CF_BETA_050::Q0::max_export_lp,1,0,True,RECOVERABLE_ALLOCATION_EXTERNALITY,0.0753956825705,0.0753956825707,75.3956825705,75.3956825707
MR_K05_DISPERSED::CLUSTERED_SHORTFALL::THETA_0000::EXTERNALITY_CF_BETA_050::Q0::max_export_lp,2,0,True,RECOVERABLE_ALLOCATION_EXTERNALITY,0.0489043730335,0.0489043730336,48.9043730335,48.9043730336
MR_K05_DISPERSED::CLUSTERED_SHORTFALL::THETA_0000::EXTERNALITY_CF_BETA_050::Q0::max_export_lp,3,0,True,RECOVERABLE_ALLOCATION_EXTERNALITY,0.0211662025275,0.0211662025275,21.1662025275,21.1662025275
MR_K05_DISPERSED::CLUSTERED_SHORTFALL::THETA_0000::EXTERNALITY_CF_BETA_050::Q0::max_export_lp,4,0,True,RECOVERABLE_ALLOCATION_EXTERNALITY,0.0363137551127,0.0363137551128,36.3137551127,36.3137551128
MR_K05_DISPERSED::CLUSTERED_SHORTFALL::THETA_0000::EXTERNALITY_CF_BETA_050::Q0::max_export_lp,5,0,True,RECOVERABLE_ALLOCATION_EXTERNALITY,0.0525514332851,0.0525514332851,52.5514332851,52.5514332851
MR_K05_DISPERSED::CLUSTERED_SHORTFALL::THETA_0000::EXTERNALITY_CF_BETA_050::Q0::max_export_lp,6,0,True,RECOVERABLE_ALLOCATION_EXTERNALITY,0.0431327112548,0.043132711255,43.1327112548,43.132711255
MR_K05_DISPERSED::CLUSTERED_SHORTFALL::THETA_0000::EXTERNALITY_CF_BETA_050::Q0::max_export_lp,7,0,True,RECOVERABLE_ALLOCATION_EXTERNALITY,0.0344944319223,0.034494431923,34.4944319223,34.494431923
MR_K05_DISPERSED::CLUSTERED_SHORTFALL::THETA_0000::EXTERNALITY_CF_BETA_050::Q0::max_export_lp,8,0,True,RECOVERABLE_ALLOCATION_EXTERNALITY,0.0165663412008,0.0165663412015,16.5663412008,16.5663412015
MR_K05_DISPERSED::CLUSTERED_SHORTFALL::THETA_0000::EXTERNALITY_CF_BETA_050::Q0::max_export_lp,9,0,True,RECOVERABLE_ALLOCATION_EXTERNALITY,0.0228494362222,0.0228494362223,22.8494362222,22.8494362223
MR_K05_DISPERSED::CLUSTERED_SHORTFALL::THETA_0000::EXTERNALITY_CF_BETA_050::Q0::max_export_lp,10,0,True,RECOVERABLE_ALLOCATION_EXTERNALITY,0.0217543583987,0.0217543583988,21.7543583987,21.7543583988
MR_K05_DISPERSED::CLUSTERED_SHORTFALL::THETA_0000::EXTERNALITY_CF_BETA_050::Q0::max_export_lp,11,0,True,RECOVERABLE_ALLOCATION_EXTERNALITY,0.0344923310877,0.0344923310886,34.4923310877,34.4923310886
MR_K05_DISPERSED::CLUSTERED_SHORTFALL::THETA_0000::EXTERNALITY_CF_BETA_050::Q0::max_export_lp,12,0,True,RECOVERABLE_ALLOCATION_EXTERNALITY,0.028548870457,0.0285488704573,28.548870457,28.5488704573
MR_K05_DISPERSED::CLUSTERED_SHORTFALL::THETA_0000::EXTERNALITY_CF_BETA_050::Q0::max_export_lp,13,0,True,RECOVERABLE_ALLOCATION_EXTERNALITY,0.0488993651708,0.048899365171,48.8993651708,48.899365171
MR_K05_DISPERSED::CLUSTERED_SHORTFALL::THETA_0000::EXTERNALITY_CF_BETA_050::Q0::max_export_lp,14,0,True,RECOVERABLE_ALLOCATION_EXTERNALITY,0.0339407217087,0.0339407217087,33.9407217087,33.9407217087
MR_K05_DISPERSED::CLUSTERED_SHORTFALL::THETA_0000::EXTERNALITY_CF_BETA_050::Q0::max_export_lp,15,0,True,RECOVERABLE_ALLOCATION_EXTERNALITY,0.0262128088504,0.0262128088537,26.2128088504,26.2128088537
MR_K05_DISPERSED::CLUSTERED_SHORTFALL::THETA_0000::EXTERNALITY_CF_BETA_050::Q0::max_export_lp,16,0,True,RECOVERABLE_ALLOCATION_EXTERNALITY,0.0285572580122,0.0285572580132,28.5572580122,28.5572580132
MR_K05_DISPERSED::CLUSTERED_SHORTFALL::THETA_0000::EXTERNALITY_CF_BETA_050::Q0::fairness_qp,1,0,True,RECOVERABLE_ALLOCATION_EXTERNALITY,0.0174378615721,0.0488260010942,17.4378615721,48.8260010942
MR_K05_DISPERSED::CLUSTERED_SHORTFALL::THETA_0000::EXTERNALITY_CF_BETA_050::Q0::fairness_qp,2,0,True,RECOVERABLE_ALLOCATION_EXTERNALITY,0.0149625423673,0.0346977564815,14.9625423673,34.6977564815
MR_K05_DISPERSED::CLUSTERED_SHORTFALL::THETA_0000::EXTERNALITY_CF_BETA_050::Q0::fairness_qp,3,0,True,RECOVERABLE_ALLOCATION_EXTERNALITY,0.0143472717603,0.0367125234784,14.3472717603,36.7125234784
MR_K05_DISPERSED::CLUSTERED_SHORTFALL::THETA_0000::EXTERNALITY_CF_BETA_050::Q0::fairness_qp,4,0,True,RECOVERABLE_ALLOCATION_EXTERNALITY,0.0392275480358,0.0452563275794,39.2275480358,45.2563275794
MR_K05_DISPERSED::CLUSTERED_SHORTFALL::THETA_0000::EXTERNALITY_CF_BETA_050::Q0::fairness_qp,5,0,True,RECOVERABLE_ALLOCATION_EXTERNALITY,0.0301427344782,0.0520111438558,30.1427344782,52.0111438558
MR_K05_DISPERSED::CLUSTERED_SHORTFALL::THETA_0000::EXTERNALITY_CF_BETA_050::Q0::fairness_qp,6,0,True,RECOVERABLE_ALLOCATION_EXTERNALITY,0.0328135746076,0.0438914815522,32.8135746076,43.8914815522
MR_K05_DISPERSED::CLUSTERED_SHORTFALL::THETA_0000::EXTERNALITY_CF_BETA_050::Q0::fairness_qp,7,0,True,RECOVERABLE_ALLOCATION_EXTERNALITY,0.0442493358189,0.0556182664092,44.2493358189,55.6182664092
MR_K05_DISPERSED::CLUSTERED_SHORTFALL::THETA_0000::EXTERNALITY_CF_BETA_050::Q0::fairness_qp,8,0,True,RECOVERABLE_ALLOCATION_EXTERNALITY,0.0215871496275,0.0357073595439,21.5871496275,35.7073595439
MR_K05_DISPERSED::CLUSTERED_SHORTFALL::THETA_0000::EXTERNALITY_CF_BETA_050::Q0::fairness_qp,9,0,True,RECOVERABLE_ALLOCATION_EXTERNALITY,0.0261713066514,0.04437485533,26.1713066514,44.37485533
MR_K05_DISPERSED::CLUSTERED_SHORTFALL::THETA_0000::EXTERNALITY_CF_BETA_050::Q0::fairness_qp,10,0,True,RECOVERABLE_ALLOCATION_EXTERNALITY,0.0151166399895,0.0243645576112,15.1166399895,24.3645576112
MR_K05_DISPERSED::CLUSTERED_SHORTFALL::THETA_0000::EXTERNALITY_CF_BETA_050::Q0::fairness_qp,11,0,True,RECOVERABLE_ALLOCATION_EXTERNALITY,0.0309914589259,0.0472776859743,30.9914589259,47.2776859743
MR_K05_DISPERSED::CLUSTERED_SHORTFALL::THETA_0000::EXTERNALITY_CF_BETA_050::Q0::fairness_qp,12,0,True,RECOVERABLE_ALLOCATION_EXTERNALITY,0.00840075856121,0.033660252305,8.40075856121,33.660252305
MR_K05_DISPERSED::CLUSTERED_SHORTFALL::THETA_0000::EXTERNALITY_CF_BETA_050::Q0::fairness_qp,13,0,True,RECOVERABLE_ALLOCATION_EXTERNALITY,0.0209988762462,0.0414697950671,20.9988762462,41.4697950671
MR_K05_DISPERSED::CLUSTERED_SHORTFALL::THETA_0000::EXTERNALITY_CF_BETA_050::Q0::fairness_qp,14,0,True,RECOVERABLE_ALLOCATION_EXTERNALITY,0.0106198322387,0.0325720022939,10.6198322387,32.5720022939
MR_K05_DISPERSED::CLUSTERED_SHORTFALL::THETA_0000::EXTERNALITY_CF_BETA_050::Q0::fairness_qp,15,0,False,NO_NET_DELIVERY_RECOVERY,-0.0001388602398,0.0233193143372,-0.1388602398,23.3193143372
MR_K05_DISPERSED::CLUSTERED_SHORTFALL::THETA_0000::EXTERNALITY_CF_BETA_050::Q0::fairness_qp,16,0,True,RECOVERABLE_ALLOCATION_EXTERNALITY,0.00541288941292,0.0376196142708,5.41288941292,37.6196142708
MR_K05_DISPERSED::CLUSTERED_SHORTFALL::THETA_0000::EXTERNALITY_CF_BETA_050::Q95::weighted_proportional,1,0,True,RECOVERABLE_ALLOCATION_EXTERNALITY,0.0505885529876,0.104640270014,50.5885529876,104.640270014
MR_K05_DISPERSED::CLUSTERED_SHORTFALL::THETA_0000::EXTERNALITY_CF_BETA_050::Q95::weighted_proportional,2,0,True,RECOVERABLE_ALLOCATION_EXTERNALITY,0.0148574876392,0.057277230703,14.8574876392,57.277230703
MR_K05_DISPERSED::CLUSTERED_SHORTFALL::THETA_0000::EXTERNALITY_CF_BETA_050::Q95::weighted_proportional,3,0,True,RECOVERABLE_ALLOCATION_EXTERNALITY,0.0319649283026,0.0508877012723,31.9649283026,50.8877012723
MR_K05_DISPERSED::CLUSTERED_SHORTFALL::THETA_0000::EXTERNALITY_CF_BETA_050::Q95::weighted_proportional,4,0,True,RECOVERABLE_ALLOCATION_EXTERNALITY,0.0119853699413,0.066365472993,11.9853699413,66.365472993
MR_K05_DISPERSED::CLUSTERED_SHORTFALL::THETA_0000::EXTERNALITY_CF_BETA_050::Q95::weighted_proportional,5,0,True,RECOVERABLE_ALLOCATION_EXTERNALITY,0.032905245463,0.0723801114654,32.905245463,72.3801114654
MR_K05_DISPERSED::CLUSTERED_SHORTFALL::THETA_0000::EXTERNALITY_CF_BETA_050::Q95::weighted_proportional,6,0,True,RECOVERABLE_ALLOCATION_EXTERNALITY,0.00221404949595,0.0606138083413,2.21404949595,60.6138083413
MR_K05_DISPERSED::CLUSTERED_SHORTFALL::THETA_0000::EXTERNALITY_CF_BETA_050::Q95::weighted_proportional,7,0,True,RECOVERABLE_ALLOCATION_EXTERNALITY,0.0109887380557,0.0584602266544,10.9887380557,58.4602266544
MR_K05_DISPERSED::CLUSTERED_SHORTFALL::THETA_0000::EXTERNALITY_CF_BETA_050::Q95::weighted_proportional,8,0,True,RECOVERABLE_ALLOCATION_EXTERNALITY,0.0254435797038,0.048202257499,25.4435797038,48.202257499
MR_K05_DISPERSED::CLUSTERED_SHORTFALL::THETA_0000::EXTERNALITY_CF_BETA_050::Q95::weighted_proportional,9,0,True,RECOVERABLE_ALLOCATION_EXTERNALITY,0.00298198124843,0.0525576823126,2.98198124843,52.5576823126
MR_K05_DISPERSED::CLUSTERED_SHORTFALL::THETA_0000::EXTERNALITY_CF_BETA_050::Q95::weighted_proportional,10,0,True,RECOVERABLE_ALLOCATION_EXTERNALITY,0.0333011280155,0.0599098752412,33.3011280155,59.9098752412
MR_K05_DISPERSED::CLUSTERED_SHORTFALL::THETA_0000::EXTERNALITY_CF_BETA_050::Q95::weighted_proportional,11,0,True,RECOVERABLE_ALLOCATION_EXTERNALITY,0.0529459598168,0.0671754259823,52.9459598168,67.1754259823
MR_K05_DISPERSED::CLUSTERED_SHORTFALL::THETA_0000::EXTERNALITY_CF_BETA_050::Q95::weighted_proportional,12,0,True,RECOVERABLE_ALLOCATION_EXTERNALITY,0.0264621743132,0.0683843890185,26.4621743132,68.3843890185
MR_K05_DISPERSED::CLUSTERED_SHORTFALL::THETA_0000::EXTERNALITY_CF_BETA_050::Q95::weighted_proportional,13,0,True,RECOVERABLE_ALLOCATION_EXTERNALITY,0.052544719543,0.0782472353813,52.544719543,78.2472353813
MR_K05_DISPERSED::CLUSTERED_SHORTFALL::THETA_0000::EXTERNALITY_CF_BETA_050::Q95::weighted_proportional,14,0,True,RECOVERABLE_ALLOCATION_EXTERNALITY,0.0364118202228,0.0787813341688,36.4118202228,78.7813341688
MR_K05_DISPERSED::CLUSTERED_SHORTFALL::THETA_0000::EXTERNALITY_CF_BETA_050::Q95::weighted_proportional,15,0,True,RECOVERABLE_ALLOCATION_EXTERNALITY,0.0313595660126,0.0627617527334,31.3595660126,62.7617527334
MR_K05_DISPERSED::CLUSTERED_SHORTFALL::THETA_0000::EXTERNALITY_CF_BETA_050::Q95::weighted_proportional,16,0,True,RECOVERABLE_ALLOCATION_EXTERNALITY,0.0291299080935,0.0630846184665,29.1299080935,63.0846184665
MR_K05_DISPERSED::CLUSTERED_SHORTFALL::THETA_0000::EXTERNALITY_CF_BETA_050::Q95::equal_kw_reduction,1,0,True,RECOVERABLE_ALLOCATION_EXTERNALITY,0.035568557291,0.0766707301142,35.568557291,76.6707301142
MR_K05_DISPERSED::CLUSTERED_SHORTFALL::THETA_0000::EXTERNALITY_CF_BETA_050::Q95::equal_kw_reduction,2,0,True,RECOVERABLE_ALLOCATION_EXTERNALITY,0.0175035259577,0.0512868056879,17.5035259577,51.2868056879
MR_K05_DISPERSED::CLUSTERED_SHORTFALL::THETA_0000::EXTERNALITY_CF_BETA_050::Q95::equal_kw_reduction,3,0,True,RECOVERABLE_ALLOCATION_EXTERNALITY,0.00389318011158,0.0385018676166,3.89318011158,38.5018676166
MR_K05_DISPERSED::CLUSTERED_SHORTFALL::THETA_0000::EXTERNALITY_CF_BETA_050::Q95::equal_kw_reduction,4,0,True,RECOVERABLE_ALLOCATION_EXTERNALITY,0.0301172239232,0.058219125098,30.1172239232,58.219125098
MR_K05_DISPERSED::CLUSTERED_SHORTFALL::THETA_0000::EXTERNALITY_CF_BETA_050::Q95::equal_kw_reduction,5,0,True,RECOVERABLE_ALLOCATION_EXTERNALITY,0.0275502944459,0.0525978819557,27.5502944459,52.5978819557
MR_K05_DISPERSED::CLUSTERED_SHORTFALL::THETA_0000::EXTERNALITY_CF_BETA_050::Q95::equal_kw_reduction,6,0,True,RECOVERABLE_ALLOCATION_EXTERNALITY,0.0179583355455,0.0449634937994,17.9583355455,44.9634937994
MR_K05_DISPERSED::CLUSTERED_SHORTFALL::THETA_0000::EXTERNALITY_CF_BETA_050::Q95::equal_kw_reduction,7,0,True,RECOVERABLE_ALLOCATION_EXTERNALITY,0.0214500152986,0.0459696558423,21.4500152986,45.9696558423
MR_K05_DISPERSED::CLUSTERED_SHORTFALL::THETA_0000::EXTERNALITY_CF_BETA_050::Q95::equal_kw_reduction,8,0,True,RECOVERABLE_ALLOCATION_EXTERNALITY,0.0117512915402,0.0319061588322,11.7512915402,31.9061588322
MR_K05_DISPERSED::CLUSTERED_SHORTFALL::THETA_0000::EXTERNALITY_CF_BETA_050::Q95::equal_kw_reduction,9,0,True,RECOVERABLE_ALLOCATION_EXTERNALITY,0.00976244845859,0.0330037152057,9.76244845859,33.0037152057
MR_K05_DISPERSED::CLUSTERED_SHORTFALL::THETA_0000::EXTERNALITY_CF_BETA_050::Q95::equal_kw_reduction,10,0,True,RECOVERABLE_ALLOCATION_EXTERNALITY,0.016399690636,0.0374492604191,16.399690636,37.4492604191
MR_K05_DISPERSED::CLUSTERED_SHORTFALL::THETA_0000::EXTERNALITY_CF_BETA_050::Q95::equal_kw_reduction,11,0,True,RECOVERABLE_ALLOCATION_EXTERNALITY,0.0234234649416,0.0410432625215,23.4234649416,41.0432625215
MR_K05_DISPERSED::CLUSTERED_SHORTFALL::THETA_0000::EXTERNALITY_CF_BETA_050::Q95::equal_kw_reduction,12,0,True,RECOVERABLE_ALLOCATION_EXTERNALITY,0.0173835443124,0.0427399923251,17.3835443124,42.7399923251
MR_K05_DISPERSED::CLUSTERED_SHORTFALL::THETA_0000::EXTERNALITY_CF_BETA_050::Q95::equal_kw_reduction,13,0,True,RECOVERABLE_ALLOCATION_EXTERNALITY,0.0329164899101,0.0606612252435,32.9164899101,60.6612252435
MR_K05_DISPERSED::CLUSTERED_SHORTFALL::THETA_0000::EXTERNALITY_CF_BETA_050::Q95::equal_kw_reduction,14,0,True,RECOVERABLE_ALLOCATION_EXTERNALITY,0.02190301938,0.0448738945487,21.90301938,44.8738945487
MR_K05_DISPERSED::CLUSTERED_SHORTFALL::THETA_0000::EXTERNALITY_CF_BETA_050::Q95::equal_kw_reduction,15,0,True,RECOVERABLE_ALLOCATION_EXTERNALITY,0.0147508361502,0.041095081171,14.7508361502,41.095081171
MR_K05_DISPERSED::CLUSTERED_SHORTFALL::THETA_0000::EXTERNALITY_CF_BETA_050::Q95::equal_kw_reduction,16,0,True,RECOVERABLE_ALLOCATION_EXTERNALITY,0.0212516838941,0.0393534494616,21.2516838941,39.3534494616
MR_K05_DISPERSED::CLUSTERED_SHORTFALL::THETA_0000::EXTERNALITY_CF_BETA_050::Q95::flat_level,1,0,True,RECOVERABLE_ALLOCATION_EXTERNALITY,0.168106834377,0.168106834377,168.106834377,168.106834377
MR_K05_DISPERSED::CLUSTERED_SHORTFALL::THETA_0000::EXTERNALITY_CF_BETA_050::Q95::flat_level,2,0,True,RECOVERABLE_ALLOCATION_EXTERNALITY,0.14322866892,0.14322866892,143.22866892,143.22866892
MR_K05_DISPERSED::CLUSTERED_SHORTFALL::THETA_0000::EXTERNALITY_CF_BETA_050::Q95::flat_level,3,0,True,RECOVERABLE_ALLOCATION_EXTERNALITY,0.135754605204,0.135754605204,135.754605204,135.754605204
MR_K05_DISPERSED::CLUSTERED_SHORTFALL::THETA_0000::EXTERNALITY_CF_BETA_050::Q95::flat_level,4,0,True,RECOVERABLE_ALLOCATION_EXTERNALITY,0.0733730098475,0.0733730098475,73.3730098475,73.3730098475
MR_K05_DISPERSED::CLUSTERED_SHORTFALL::THETA_0000::EXTERNALITY_CF_BETA_050::Q95::flat_level,5,0,True,RECOVERABLE_ALLOCATION_EXTERNALITY,0.0630153600946,0.0630153600946,63.0153600946,63.0153600946
MR_K05_DISPERSED::CLUSTERED_SHORTFALL::THETA_0000::EXTERNALITY_CF_BETA_050::Q95::flat_level,6,0,True,RECOVERABLE_ALLOCATION_EXTERNALITY,0.00971624593886,0.00971624593886,9.71624593886,9.71624593886
MR_K05_DISPERSED::CLUSTERED_SHORTFALL::THETA_0000::EXTERNALITY_CF_BETA_050::Q95::flat_level,7,0,True,RECOVERABLE_ALLOCATION_EXTERNALITY,0.10531876407,0.10531876407,105.31876407,105.31876407
MR_K05_DISPERSED::CLUSTERED_SHORTFALL::THETA_0000::EXTERNALITY_CF_BETA_050::Q95::flat_level,8,0,True,RECOVERABLE_ALLOCATION_EXTERNALITY,0.0607088585063,0.0607088585063,60.7088585063,60.7088585063
MR_K05_DISPERSED::CLUSTERED_SHORTFALL::THETA_0000::EXTERNALITY_CF_BETA_050::Q95::flat_level,9,0,True,RECOVERABLE_ALLOCATION_EXTERNALITY,0.0754133994015,0.0754133994015,75.4133994015,75.4133994015
MR_K05_DISPERSED::CLUSTERED_SHORTFALL::THETA_0000::EXTERNALITY_CF_BETA_050::Q95::flat_level,10,0,True,RECOVERABLE_ALLOCATION_EXTERNALITY,0.10014654549,0.10014654549,100.14654549,100.14654549
MR_K05_DISPERSED::CLUSTERED_SHORTFALL::THETA_0000::EXTERNALITY_CF_BETA_050::Q95::flat_level,11,0,True,RECOVERABLE_ALLOCATION_EXTERNALITY,0.0966033643775,0.0966033643775,96.6033643775,96.6033643775
MR_K05_DISPERSED::CLUSTERED_SHORTFALL::THETA_0000::EXTERNALITY_CF_BETA_050::Q95::flat_level,12,0,True,RECOVERABLE_ALLOCATION_EXTERNALITY,0.123622268979,0.123622268979,123.622268979,123.622268979
MR_K05_DISPERSED::CLUSTERED_SHORTFALL::THETA_0000::EXTERNALITY_CF_BETA_050::Q95::flat_level,13,0,True,RECOVERABLE_ALLOCATION_EXTERNALITY,0.0605967597299,0.0605967597299,60.5967597299,60.5967597299
MR_K05_DISPERSED::CLUSTERED_SHORTFALL::THETA_0000::EXTERNALITY_CF_BETA_050::Q95::flat_level,14,0,True,RECOVERABLE_ALLOCATION_EXTERNALITY,0.111122629703,0.111122629703,111.122629703,111.122629703
MR_K05_DISPERSED::CLUSTERED_SHORTFALL::THETA_0000::EXTERNALITY_CF_BETA_050::Q95::flat_level,15,0,True,RECOVERABLE_ALLOCATION_EXTERNALITY,0.0773524434233,0.0773524434233,77.3524434233,77.3524434233
MR_K05_DISPERSED::CLUSTERED_SHORTFALL::THETA_0000::EXTERNALITY_CF_BETA_050::Q95::flat_level,16,0,True,RECOVERABLE_ALLOCATION_EXTERNALITY,0.0925097580376,0.0925097580376,92.5097580376,92.5097580376
MR_K05_DISPERSED::CLUSTERED_SHORTFALL::THETA_0000::EXTERNALITY_CF_BETA_050::Q95::max_export_lp,1,0,True,RECOVERABLE_ALLOCATION_EXTERNALITY,0.0753954764156,0.0753954764157,75.3954764156,75.3954764157
MR_K05_DISPERSED::CLUSTERED_SHORTFALL::THETA_0000::EXTERNALITY_CF_BETA_050::Q95::max_export_lp,2,0,True,RECOVERABLE_ALLOCATION_EXTERNALITY,0.048904622718,0.048904622718,48.904622718,48.904622718
MR_K05_DISPERSED::CLUSTERED_SHORTFALL::THETA_0000::EXTERNALITY_CF_BETA_050::Q95::max_export_lp,3,0,True,RECOVERABLE_ALLOCATION_EXTERNALITY,0.0211659766849,0.0211659766849,21.1659766849,21.1659766849
MR_K05_DISPERSED::CLUSTERED_SHORTFALL::THETA_0000::EXTERNALITY_CF_BETA_050::Q95::max_export_lp,4,0,True,RECOVERABLE_ALLOCATION_EXTERNALITY,0.0363137643527,0.0363137643531,36.3137643527,36.3137643531
MR_K05_DISPERSED::CLUSTERED_SHORTFALL::THETA_0000::EXTERNALITY_CF_BETA_050::Q95::max_export_lp,5,0,True,RECOVERABLE_ALLOCATION_EXTERNALITY,0.0525514146363,0.0525514146374,52.5514146363,52.5514146374
MR_K05_DISPERSED::CLUSTERED_SHORTFALL::THETA_0000::EXTERNALITY_CF_BETA_050::Q95::max_export_lp,6,0,True,RECOVERABLE_ALLOCATION_EXTERNALITY,0.0431327008925,0.043132700893,43.1327008925,43.132700893
MR_K05_DISPERSED::CLUSTERED_SHORTFALL::THETA_0000::EXTERNALITY_CF_BETA_050::Q95::max_export_lp,7,0,True,RECOVERABLE_ALLOCATION_EXTERNALITY,0.0344944036041,0.0344944036042,34.4944036041,34.4944036042
MR_K05_DISPERSED::CLUSTERED_SHORTFALL::THETA_0000::EXTERNALITY_CF_BETA_050::Q95::max_export_lp,8,0,True,RECOVERABLE_ALLOCATION_EXTERNALITY,0.0165662577435,0.0165662577435,16.5662577435,16.5662577435
MR_K05_DISPERSED::CLUSTERED_SHORTFALL::THETA_0000::EXTERNALITY_CF_BETA_050::Q95::max_export_lp,9,0,True,RECOVERABLE_ALLOCATION_EXTERNALITY,0.0228494187855,0.0228494187855,22.8494187855,22.8494187855
MR_K05_DISPERSED::CLUSTERED_SHORTFALL::THETA_0000::EXTERNALITY_CF_BETA_050::Q95::max_export_lp,10,0,True,RECOVERABLE_ALLOCATION_EXTERNALITY,0.0217542854669,0.0217542854669,21.7542854669,21.7542854669
MR_K05_DISPERSED::CLUSTERED_SHORTFALL::THETA_0000::EXTERNALITY_CF_BETA_050::Q95::max_export_lp,11,0,True,RECOVERABLE_ALLOCATION_EXTERNALITY,0.0344922796368,0.0344922796369,34.4922796368,34.4922796369
MR_K05_DISPERSED::CLUSTERED_SHORTFALL::THETA_0000::EXTERNALITY_CF_BETA_050::Q95::max_export_lp,12,0,True,RECOVERABLE_ALLOCATION_EXTERNALITY,0.0285488656507,0.0285488656507,28.5488656507,28.5488656507
MR_K05_DISPERSED::CLUSTERED_SHORTFALL::THETA_0000::EXTERNALITY_CF_BETA_050::Q95::max_export_lp,13,0,True,RECOVERABLE_ALLOCATION_EXTERNALITY,0.0488993865089,0.0488993865097,48.8993865089,48.8993865097
MR_K05_DISPERSED::CLUSTERED_SHORTFALL::THETA_0000::EXTERNALITY_CF_BETA_050::Q95::max_export_lp,14,0,True,RECOVERABLE_ALLOCATION_EXTERNALITY,0.0339407449447,0.0339407449447,33.9407449447,33.9407449447
MR_K05_DISPERSED::CLUSTERED_SHORTFALL::THETA_0000::EXTERNALITY_CF_BETA_050::Q95::max_export_lp,15,0,True,RECOVERABLE_ALLOCATION_EXTERNALITY,0.0262127559172,0.0262127559172,26.2127559172,26.2127559172
MR_K05_DISPERSED::CLUSTERED_SHORTFALL::THETA_0000::EXTERNALITY_CF_BETA_050::Q95::max_export_lp,16,0,True,RECOVERABLE_ALLOCATION_EXTERNALITY,0.0285572469367,0.0285572469367,28.5572469367,28.5572469367
MR_K05_DISPERSED::CLUSTERED_SHORTFALL::THETA_0000::EXTERNALITY_CF_BETA_050::Q95::fairness_qp,1,0,True,RECOVERABLE_ALLOCATION_EXTERNALITY,0.0174379259473,0.0488260615996,17.4379259473,48.8260615996
MR_K05_DISPERSED::CLUSTERED_SHORTFALL::THETA_0000::EXTERNALITY_CF_BETA_050::Q95::fairness_qp,2,0,True,RECOVERABLE_ALLOCATION_EXTERNALITY,0.014962571453,0.0346977836954,14.962571453,34.6977836954
MR_K05_DISPERSED::CLUSTERED_SHORTFALL::THETA_0000::EXTERNALITY_CF_BETA_050::Q95::fairness_qp,3,0,True,RECOVERABLE_ALLOCATION_EXTERNALITY,0.0143472880033,0.0367125447619,14.3472880033,36.7125447619
MR_K05_DISPERSED::CLUSTERED_SHORTFALL::THETA_0000::EXTERNALITY_CF_BETA_050::Q95::fairness_qp,4,0,True,RECOVERABLE_ALLOCATION_EXTERNALITY,0.0392275407277,0.0452563185685,39.2275407277,45.2563185685
MR_K05_DISPERSED::CLUSTERED_SHORTFALL::THETA_0000::EXTERNALITY_CF_BETA_050::Q95::fairness_qp,5,0,True,RECOVERABLE_ALLOCATION_EXTERNALITY,0.0301427355487,0.0520111336555,30.1427355487,52.0111336555
MR_K05_DISPERSED::CLUSTERED_SHORTFALL::THETA_0000::EXTERNALITY_CF_BETA_050::Q95::fairness_qp,6,0,True,RECOVERABLE_ALLOCATION_EXTERNALITY,0.0328135588967,0.043891465105,32.8135588967,43.891465105
MR_K05_DISPERSED::CLUSTERED_SHORTFALL::THETA_0000::EXTERNALITY_CF_BETA_050::Q95::fairness_qp,7,0,True,RECOVERABLE_ALLOCATION_EXTERNALITY,0.0442493414513,0.055618267126,44.2493414513,55.618267126
MR_K05_DISPERSED::CLUSTERED_SHORTFALL::THETA_0000::EXTERNALITY_CF_BETA_050::Q95::fairness_qp,8,0,True,RECOVERABLE_ALLOCATION_EXTERNALITY,0.0215871345147,0.0357073463272,21.5871345147,35.7073463272
MR_K05_DISPERSED::CLUSTERED_SHORTFALL::THETA_0000::EXTERNALITY_CF_BETA_050::Q95::fairness_qp,9,0,True,RECOVERABLE_ALLOCATION_EXTERNALITY,0.0261712960201,0.0443748627402,26.1712960201,44.3748627402
MR_K05_DISPERSED::CLUSTERED_SHORTFALL::THETA_0000::EXTERNALITY_CF_BETA_050::Q95::fairness_qp,10,0,True,RECOVERABLE_ALLOCATION_EXTERNALITY,0.0151166243467,0.024364546636,15.1166243467,24.364546636
MR_K05_DISPERSED::CLUSTERED_SHORTFALL::THETA_0000::EXTERNALITY_CF_BETA_050::Q95::fairness_qp,11,0,True,RECOVERABLE_ALLOCATION_EXTERNALITY,0.0309914700436,0.0472776971515,30.9914700436,47.2776971515
MR_K05_DISPERSED::CLUSTERED_SHORTFALL::THETA_0000::EXTERNALITY_CF_BETA_050::Q95::fairness_qp,12,0,True,RECOVERABLE_ALLOCATION_EXTERNALITY,0.00840075439223,0.0336602465427,8.40075439223,33.6602465427
MR_K05_DISPERSED::CLUSTERED_SHORTFALL::THETA_0000::EXTERNALITY_CF_BETA_050::Q95::fairness_qp,13,0,True,RECOVERABLE_ALLOCATION_EXTERNALITY,0.0209989071026,0.041469820627,20.9989071026,41.469820627
MR_K05_DISPERSED::CLUSTERED_SHORTFALL::THETA_0000::EXTERNALITY_CF_BETA_050::Q95::fairness_qp,14,0,True,RECOVERABLE_ALLOCATION_EXTERNALITY,0.0106198375468,0.032572011633,10.6198375468,32.572011633
MR_K05_DISPERSED::CLUSTERED_SHORTFALL::THETA_0000::EXTERNALITY_CF_BETA_050::Q95::fairness_qp,15,0,False,NO_NET_DELIVERY_RECOVERY,-0.000138844920303,0.023319300192,-0.138844920303,23.319300192
MR_K05_DISPERSED::CLUSTERED_SHORTFALL::THETA_0000::EXTERNALITY_CF_BETA_050::Q95::fairness_qp,16,0,True,RECOVERABLE_ALLOCATION_EXTERNALITY,0.00541285679802,0.0376195662892,5.41285679802,37.6195662892
MR_K05_DISPERSED::CLUSTERED_SHORTFALL::THETA_0100::EXTERNALITY_CF_BETA_050::Q0::weighted_proportional,1,1,True,RECOVERABLE_ALLOCATION_EXTERNALITY,0.0321548227801,0.0750056603441,32.1548227801,75.0056603441
MR_K05_DISPERSED::CLUSTERED_SHORTFALL::THETA_0100::EXTERNALITY_CF_BETA_050::Q0::weighted_proportional,2,1,True,RECOVERABLE_ALLOCATION_EXTERNALITY,0.0248864976009,0.066452325743,24.8864976009,66.452325743
MR_K05_DISPERSED::CLUSTERED_SHORTFALL::THETA_0100::EXTERNALITY_CF_BETA_050::Q0::weighted_proportional,3,1,True,RECOVERABLE_ALLOCATION_EXTERNALITY,0.0157722592232,0.053627876948,15.7722592232,53.627876948
MR_K05_DISPERSED::CLUSTERED_SHORTFALL::THETA_0100::EXTERNALITY_CF_BETA_050::Q0::weighted_proportional,4,1,True,RECOVERABLE_ALLOCATION_EXTERNALITY,0.0443160346484,0.0740758119317,44.3160346484,74.0758119317
MR_K05_DISPERSED::CLUSTERED_SHORTFALL::THETA_0100::EXTERNALITY_CF_BETA_050::Q0::weighted_proportional,5,1,True,RECOVERABLE_ALLOCATION_EXTERNALITY,0.0152608497114,0.069861913418,15.2608497114,69.861913418
MR_K05_DISPERSED::CLUSTERED_SHORTFALL::THETA_0100::EXTERNALITY_CF_BETA_050::Q0::weighted_proportional,6,1,True,RECOVERABLE_ALLOCATION_EXTERNALITY,0.0101829703186,0.0541624136686,10.1829703186,54.1624136686
MR_K05_DISPERSED::CLUSTERED_SHORTFALL::THETA_0100::EXTERNALITY_CF_BETA_050::Q0::weighted_proportional,7,1,True,RECOVERABLE_ALLOCATION_EXTERNALITY,0.0204844571802,0.0685268438954,20.4844571802,68.5268438954
MR_K05_DISPERSED::CLUSTERED_SHORTFALL::THETA_0100::EXTERNALITY_CF_BETA_050::Q0::weighted_proportional,8,1,True,RECOVERABLE_ALLOCATION_EXTERNALITY,0.016994891237,0.0542467436798,16.994891237,54.2467436798
MR_K05_DISPERSED::CLUSTERED_SHORTFALL::THETA_0100::EXTERNALITY_CF_BETA_050::Q0::weighted_proportional,9,1,True,RECOVERABLE_ALLOCATION_EXTERNALITY,0.0118468727524,0.0536259474076,11.8468727524,53.6259474076
MR_K05_DISPERSED::CLUSTERED_SHORTFALL::THETA_0100::EXTERNALITY_CF_BETA_050::Q0::weighted_proportional,10,1,True,RECOVERABLE_ALLOCATION_EXTERNALITY,0.0277469008523,0.0664684228576,27.7469008523,66.4684228576
MR_K05_DISPERSED::CLUSTERED_SHORTFALL::THETA_0100::EXTERNALITY_CF_BETA_050::Q0::weighted_proportional,11,1,True,RECOVERABLE_ALLOCATION_EXTERNALITY,0.0551023854375,0.0796688138945,55.1023854375,79.6688138945
MR_K05_DISPERSED::CLUSTERED_SHORTFALL::THETA_0100::EXTERNALITY_CF_BETA_050::Q0::weighted_proportional,12,1,True,RECOVERABLE_ALLOCATION_EXTERNALITY,0.0415446738352,0.0709072822636,41.5446738352,70.9072822636
MR_K05_DISPERSED::CLUSTERED_SHORTFALL::THETA_0100::EXTERNALITY_CF_BETA_050::Q0::weighted_proportional,13,1,True,RECOVERABLE_ALLOCATION_EXTERNALITY,0.0469807944767,0.0794640294795,46.9807944767,79.4640294795
MR_K05_DISPERSED::CLUSTERED_SHORTFALL::THETA_0100::EXTERNALITY_CF_BETA_050::Q0::weighted_proportional,14,1,True,RECOVERABLE_ALLOCATION_EXTERNALITY,0.0450534802853,0.0799329097427,45.0534802853,79.9329097427
MR_K05_DISPERSED::CLUSTERED_SHORTFALL::THETA_0100::EXTERNALITY_CF_BETA_050::Q0::weighted_proportional,15,1,True,RECOVERABLE_ALLOCATION_EXTERNALITY,0.0236626349811,0.0535831848619,23.6626349811,53.5831848619
MR_K05_DISPERSED::CLUSTERED_SHORTFALL::THETA_0100::EXTERNALITY_CF_BETA_050::Q0::weighted_proportional,16,1,True,RECOVERABLE_ALLOCATION_EXTERNALITY,0.0345807885816,0.070319267037,34.5807885816,70.319267037
MR_K05_DISPERSED::CLUSTERED_SHORTFALL::THETA_0100::EXTERNALITY_CF_BETA_050::Q0::equal_kw_reduction,1,1,True,RECOVERABLE_ALLOCATION_EXTERNALITY,0.0232124472066,0.056273354622,23.2124472066,56.273354622
MR_K05_DISPERSED::CLUSTERED_SHORTFALL::THETA_0100::EXTERNALITY_CF_BETA_050::Q0::equal_kw_reduction,2,1,True,RECOVERABLE_ALLOCATION_EXTERNALITY,0.0189576871387,0.0481299068472,18.9576871387,48.1299068472
MR_K05_DISPERSED::CLUSTERED_SHORTFALL::THETA_0100::EXTERNALITY_CF_BETA_050::Q0::equal_kw_reduction,3,1,True,RECOVERABLE_ALLOCATION_EXTERNALITY,0.00440654923831,0.0353579710908,4.40654923831,35.3579710908
MR_K05_DISPERSED::CLUSTERED_SHORTFALL::THETA_0100::EXTERNALITY_CF_BETA_050::Q0::equal_kw_reduction,4,1,True,RECOVERABLE_ALLOCATION_EXTERNALITY,0.022020984051,0.0429213054276,22.020984051,42.9213054276
MR_K05_DISPERSED::CLUSTERED_SHORTFALL::THETA_0100::EXTERNALITY_CF_BETA_050::Q0::equal_kw_reduction,5,1,True,RECOVERABLE_ALLOCATION_EXTERNALITY,0.0192466791656,0.0433130427014,19.2466791656,43.3130427014
MR_K05_DISPERSED::CLUSTERED_SHORTFALL::THETA_0100::EXTERNALITY_CF_BETA_050::Q0::equal_kw_reduction,6,1,True,RECOVERABLE_ALLOCATION_EXTERNALITY,0.0140985673191,0.0396588511065,14.0985673191,39.6588511065
MR_K05_DISPERSED::CLUSTERED_SHORTFALL::THETA_0100::EXTERNALITY_CF_BETA_050::Q0::equal_kw_reduction,7,1,True,RECOVERABLE_ALLOCATION_EXTERNALITY,0.0207875493605,0.0445540841681,20.7875493605,44.5540841681
MR_K05_DISPERSED::CLUSTERED_SHORTFALL::THETA_0100::EXTERNALITY_CF_BETA_050::Q0::equal_kw_reduction,8,1,True,RECOVERABLE_ALLOCATION_EXTERNALITY,0.0138622637431,0.0324669408666,13.8622637431,32.4669408666
MR_K05_DISPERSED::CLUSTERED_SHORTFALL::THETA_0100::EXTERNALITY_CF_BETA_050::Q0::equal_kw_reduction,9,1,True,RECOVERABLE_ALLOCATION_EXTERNALITY,0.0160267130616,0.0356169458207,16.0267130616,35.6169458207
MR_K05_DISPERSED::CLUSTERED_SHORTFALL::THETA_0100::EXTERNALITY_CF_BETA_050::Q0::equal_kw_reduction,10,1,True,RECOVERABLE_ALLOCATION_EXTERNALITY,0.01676678713,0.0349906447526,16.76678713,34.9906447526
MR_K05_DISPERSED::CLUSTERED_SHORTFALL::THETA_0100::EXTERNALITY_CF_BETA_050::Q0::equal_kw_reduction,11,1,True,RECOVERABLE_ALLOCATION_EXTERNALITY,0.0144641801923,0.0422480893294,14.4641801923,42.2480893294
MR_K05_DISPERSED::CLUSTERED_SHORTFALL::THETA_0100::EXTERNALITY_CF_BETA_050::Q0::equal_kw_reduction,12,1,True,RECOVERABLE_ALLOCATION_EXTERNALITY,0.0198387111658,0.0386123635724,19.8387111658,38.6123635724
MR_K05_DISPERSED::CLUSTERED_SHORTFALL::THETA_0100::EXTERNALITY_CF_BETA_050::Q0::equal_kw_reduction,13,1,True,RECOVERABLE_ALLOCATION_EXTERNALITY,0.0234886401774,0.048236128464,23.4886401774,48.236128464
MR_K05_DISPERSED::CLUSTERED_SHORTFALL::THETA_0100::EXTERNALITY_CF_BETA_050::Q0::equal_kw_reduction,14,1,True,RECOVERABLE_ALLOCATION_EXTERNALITY,0.0202738135776,0.0451256636945,20.2738135776,45.1256636945
MR_K05_DISPERSED::CLUSTERED_SHORTFALL::THETA_0100::EXTERNALITY_CF_BETA_050::Q0::equal_kw_reduction,15,1,True,RECOVERABLE_ALLOCATION_EXTERNALITY,0.0152735850581,0.043605506284,15.2735850581,43.605506284
MR_K05_DISPERSED::CLUSTERED_SHORTFALL::THETA_0100::EXTERNALITY_CF_BETA_050::Q0::equal_kw_reduction,16,1,True,RECOVERABLE_ALLOCATION_EXTERNALITY,0.020441013056,0.0398239383515,20.441013056,39.8239383515
MR_K05_DISPERSED::CLUSTERED_SHORTFALL::THETA_0100::EXTERNALITY_CF_BETA_050::Q0::flat_level,1,1,True,RECOVERABLE_ALLOCATION_EXTERNALITY,0.139214964596,0.139214964596,139.214964596,139.214964596
MR_K05_DISPERSED::CLUSTERED_SHORTFALL::THETA_0100::EXTERNALITY_CF_BETA_050::Q0::flat_level,2,1,True,RECOVERABLE_ALLOCATION_EXTERNALITY,0.141707706106,0.141707706106,141.707706106,141.707706106
MR_K05_DISPERSED::CLUSTERED_SHORTFALL::THETA_0100::EXTERNALITY_CF_BETA_050::Q0::flat_level,3,1,True,RECOVERABLE_ALLOCATION_EXTERNALITY,0.128067652788,0.128067652788,128.067652788,128.067652788
MR_K05_DISPERSED::CLUSTERED_SHORTFALL::THETA_0100::EXTERNALITY_CF_BETA_050::Q0::flat_level,4,1,True,RECOVERABLE_ALLOCATION_EXTERNALITY,0.0734144575311,0.0734144575311,73.4144575311,73.4144575311
MR_K05_DISPERSED::CLUSTERED_SHORTFALL::THETA_0100::EXTERNALITY_CF_BETA_050::Q0::flat_level,5,1,True,RECOVERABLE_ALLOCATION_EXTERNALITY,0.0656082216117,0.0656082216117,65.6082216117,65.6082216117
MR_K05_DISPERSED::CLUSTERED_SHORTFALL::THETA_0100::EXTERNALITY_CF_BETA_050::Q0::flat_level,6,1,True,RECOVERABLE_ALLOCATION_EXTERNALITY,0.0114330057828,0.0114330057828,11.4330057828,11.4330057828
MR_K05_DISPERSED::CLUSTERED_SHORTFALL::THETA_0100::EXTERNALITY_CF_BETA_050::Q0::flat_level,7,1,True,RECOVERABLE_ALLOCATION_EXTERNALITY,0.0690087963595,0.0690087963595,69.0087963595,69.0087963595
MR_K05_DISPERSED::CLUSTERED_SHORTFALL::THETA_0100::EXTERNALITY_CF_BETA_050::Q0::flat_level,8,1,True,RECOVERABLE_ALLOCATION_EXTERNALITY,0.0642470387944,0.0642470387944,64.2470387944,64.2470387944
MR_K05_DISPERSED::CLUSTERED_SHORTFALL::THETA_0100::EXTERNALITY_CF_BETA_050::Q0::flat_level,9,1,True,RECOVERABLE_ALLOCATION_EXTERNALITY,0.076964859558,0.076964859558,76.964859558,76.964859558
MR_K05_DISPERSED::CLUSTERED_SHORTFALL::THETA_0100::EXTERNALITY_CF_BETA_050::Q0::flat_level,10,1,True,RECOVERABLE_ALLOCATION_EXTERNALITY,0.10092427679,0.10092427679,100.92427679,100.92427679
MR_K05_DISPERSED::CLUSTERED_SHORTFALL::THETA_0100::EXTERNALITY_CF_BETA_050::Q0::flat_level,11,1,True,RECOVERABLE_ALLOCATION_EXTERNALITY,0.0969456162393,0.0969456162393,96.9456162393,96.9456162393
MR_K05_DISPERSED::CLUSTERED_SHORTFALL::THETA_0100::EXTERNALITY_CF_BETA_050::Q0::flat_level,12,1,True,RECOVERABLE_ALLOCATION_EXTERNALITY,0.123576838243,0.123576838243,123.576838243,123.576838243
MR_K05_DISPERSED::CLUSTERED_SHORTFALL::THETA_0100::EXTERNALITY_CF_BETA_050::Q0::flat_level,13,1,True,RECOVERABLE_ALLOCATION_EXTERNALITY,0.0806776372909,0.0806776372909,80.6776372909,80.6776372909
MR_K05_DISPERSED::CLUSTERED_SHORTFALL::THETA_0100::EXTERNALITY_CF_BETA_050::Q0::flat_level,14,1,True,RECOVERABLE_ALLOCATION_EXTERNALITY,0.110183089363,0.110183089363,110.183089363,110.183089363
MR_K05_DISPERSED::CLUSTERED_SHORTFALL::THETA_0100::EXTERNALITY_CF_BETA_050::Q0::flat_level,15,1,True,RECOVERABLE_ALLOCATION_EXTERNALITY,0.0756350154776,0.0756350154776,75.6350154776,75.6350154776
MR_K05_DISPERSED::CLUSTERED_SHORTFALL::THETA_0100::EXTERNALITY_CF_BETA_050::Q0::flat_level,16,1,True,RECOVERABLE_ALLOCATION_EXTERNALITY,0.0927395910917,0.0927395910917,92.7395910917,92.7395910917
MR_K05_DISPERSED::CLUSTERED_SHORTFALL::THETA_0100::EXTERNALITY_CF_BETA_050::Q0::max_export_lp,1,1,True,RECOVERABLE_ALLOCATION_EXTERNALITY,0.0434112102491,0.0434112102492,43.4112102491,43.4112102492
MR_K05_DISPERSED::CLUSTERED_SHORTFALL::THETA_0100::EXTERNALITY_CF_BETA_050::Q0::max_export_lp,2,1,True,RECOVERABLE_ALLOCATION_EXTERNALITY,0.0418368875111,0.0418368875112,41.8368875111,41.8368875112
MR_K05_DISPERSED::CLUSTERED_SHORTFALL::THETA_0100::EXTERNALITY_CF_BETA_050::Q0::max_export_lp,3,1,True,RECOVERABLE_ALLOCATION_EXTERNALITY,0.0195827899649,0.0195827899649,19.5827899649,19.5827899649
MR_K05_DISPERSED::CLUSTERED_SHORTFALL::THETA_0100::EXTERNALITY_CF_BETA_050::Q0::max_export_lp,4,1,True,RECOVERABLE_ALLOCATION_EXTERNALITY,0.0350626802813,0.0350626802814,35.0626802813,35.0626802814
MR_K05_DISPERSED::CLUSTERED_SHORTFALL::THETA_0100::EXTERNALITY_CF_BETA_050::Q0::max_export_lp,5,1,True,RECOVERABLE_ALLOCATION_EXTERNALITY,0.0389736201814,0.0389736201818,38.9736201814,38.9736201818
MR_K05_DISPERSED::CLUSTERED_SHORTFALL::THETA_0100::EXTERNALITY_CF_BETA_050::Q0::max_export_lp,6,1,True,RECOVERABLE_ALLOCATION_EXTERNALITY,0.0419690601246,0.0419690601247,41.9690601246,41.9690601247
MR_K05_DISPERSED::CLUSTERED_SHORTFALL::THETA_0100::EXTERNALITY_CF_BETA_050::Q0::max_export_lp,7,1,True,RECOVERABLE_ALLOCATION_EXTERNALITY,0.033713518171,0.0337135181719,33.713518171,33.7135181719
MR_K05_DISPERSED::CLUSTERED_SHORTFALL::THETA_0100::EXTERNALITY_CF_BETA_050::Q0::max_export_lp,8,1,True,RECOVERABLE_ALLOCATION_EXTERNALITY,0.0166728653121,0.0166728653133,16.6728653121,16.6728653133
MR_K05_DISPERSED::CLUSTERED_SHORTFALL::THETA_0100::EXTERNALITY_CF_BETA_050::Q0::max_export_lp,9,1,True,RECOVERABLE_ALLOCATION_EXTERNALITY,0.0209788078059,0.0209788078177,20.9788078059,20.9788078177
MR_K05_DISPERSED::CLUSTERED_SHORTFALL::THETA_0100::EXTERNALITY_CF_BETA_050::Q0::max_export_lp,10,1,True,RECOVERABLE_ALLOCATION_EXTERNALITY,0.0183963464867,0.0183963464868,18.3963464867,18.3963464868
MR_K05_DISPERSED::CLUSTERED_SHORTFALL::THETA_0100::EXTERNALITY_CF_BETA_050::Q0::max_export_lp,11,1,True,RECOVERABLE_ALLOCATION_EXTERNALITY,0.0267495439865,0.0267495439893,26.7495439865,26.7495439893
MR_K05_DISPERSED::CLUSTERED_SHORTFALL::THETA_0100::EXTERNALITY_CF_BETA_050::Q0::max_export_lp,12,1,True,RECOVERABLE_ALLOCATION_EXTERNALITY,0.0292741740681,0.0292741740682,29.2741740681,29.2741740682
MR_K05_DISPERSED::CLUSTERED_SHORTFALL::THETA_0100::EXTERNALITY_CF_BETA_050::Q0::max_export_lp,13,1,True,RECOVERABLE_ALLOCATION_EXTERNALITY,0.038735004761,0.0387350047613,38.735004761,38.7350047613
MR_K05_DISPERSED::CLUSTERED_SHORTFALL::THETA_0100::EXTERNALITY_CF_BETA_050::Q0::max_export_lp,14,1,True,RECOVERABLE_ALLOCATION_EXTERNALITY,0.0331283177994,0.0331283177995,33.1283177994,33.1283177995
MR_K05_DISPERSED::CLUSTERED_SHORTFALL::THETA_0100::EXTERNALITY_CF_BETA_050::Q0::max_export_lp,15,1,True,RECOVERABLE_ALLOCATION_EXTERNALITY,0.0261314851799,0.02613148518,26.1314851799,26.13148518
MR_K05_DISPERSED::CLUSTERED_SHORTFALL::THETA_0100::EXTERNALITY_CF_BETA_050::Q0::max_export_lp,16,1,True,RECOVERABLE_ALLOCATION_EXTERNALITY,0.0256049331256,0.0256049331276,25.6049331256,25.6049331276
MR_K05_DISPERSED::CLUSTERED_SHORTFALL::THETA_0100::EXTERNALITY_CF_BETA_050::Q0::fairness_qp,1,1,True,RECOVERABLE_ALLOCATION_EXTERNALITY,0.0137899087713,0.0397106882775,13.7899087713,39.7106882775
MR_K05_DISPERSED::CLUSTERED_SHORTFALL::THETA_0100::EXTERNALITY_CF_BETA_050::Q0::fairness_qp,2,1,True,RECOVERABLE_ALLOCATION_EXTERNALITY,0.0206601488233,0.0395936882653,20.6601488233,39.5936882653
MR_K05_DISPERSED::CLUSTERED_SHORTFALL::THETA_0100::EXTERNALITY_CF_BETA_050::Q0::fairness_qp,3,1,True,RECOVERABLE_ALLOCATION_EXTERNALITY,0.0192124702436,0.028878792798,19.2124702436,28.878792798
MR_K05_DISPERSED::CLUSTERED_SHORTFALL::THETA_0100::EXTERNALITY_CF_BETA_050::Q0::fairness_qp,4,1,True,RECOVERABLE_ALLOCATION_EXTERNALITY,0.0301540862468,0.0390462358239,30.1540862468,39.0462358239
MR_K05_DISPERSED::CLUSTERED_SHORTFALL::THETA_0100::EXTERNALITY_CF_BETA_050::Q0::fairness_qp,5,1,True,RECOVERABLE_ALLOCATION_EXTERNALITY,0.0256212118153,0.0372473005586,25.6212118153,37.2473005586
MR_K05_DISPERSED::CLUSTERED_SHORTFALL::THETA_0100::EXTERNALITY_CF_BETA_050::Q0::fairness_qp,6,1,True,RECOVERABLE_ALLOCATION_EXTERNALITY,0.0333211490407,0.0441325304728,33.3211490407,44.1325304728
MR_K05_DISPERSED::CLUSTERED_SHORTFALL::THETA_0100::EXTERNALITY_CF_BETA_050::Q0::fairness_qp,7,1,True,RECOVERABLE_ALLOCATION_EXTERNALITY,0.0407312085207,0.0479095559994,40.7312085207,47.9095559994
MR_K05_DISPERSED::CLUSTERED_SHORTFALL::THETA_0100::EXTERNALITY_CF_BETA_050::Q0::fairness_qp,8,1,True,RECOVERABLE_ALLOCATION_EXTERNALITY,0.0227705082432,0.0352420820029,22.7705082432,35.2420820029
MR_K05_DISPERSED::CLUSTERED_SHORTFALL::THETA_0100::EXTERNALITY_CF_BETA_050::Q0::fairness_qp,9,1,True,RECOVERABLE_ALLOCATION_EXTERNALITY,0.0303596143232,0.0450312781931,30.3596143232,45.0312781931
MR_K05_DISPERSED::CLUSTERED_SHORTFALL::THETA_0100::EXTERNALITY_CF_BETA_050::Q0::fairness_qp,10,1,True,RECOVERABLE_ALLOCATION_EXTERNALITY,0.0186418965775,0.0358440488276,18.6418965775,35.8440488276
MR_K05_DISPERSED::CLUSTERED_SHORTFALL::THETA_0100::EXTERNALITY_CF_BETA_050::Q0::fairness_qp,11,1,True,RECOVERABLE_ALLOCATION_EXTERNALITY,0.0186347175277,0.0247876432153,18.6347175277,24.7876432153
MR_K05_DISPERSED::CLUSTERED_SHORTFALL::THETA_0100::EXTERNALITY_CF_BETA_050::Q0::fairness_qp,12,1,True,RECOVERABLE_ALLOCATION_EXTERNALITY,0.0117723568676,0.0295694185416,11.7723568676,29.5694185416
MR_K05_DISPERSED::CLUSTERED_SHORTFALL::THETA_0100::EXTERNALITY_CF_BETA_050::Q0::fairness_qp,13,1,True,RECOVERABLE_ALLOCATION_EXTERNALITY,0.0140110398237,0.0306318336393,14.0110398237,30.6318336393
MR_K05_DISPERSED::CLUSTERED_SHORTFALL::THETA_0100::EXTERNALITY_CF_BETA_050::Q0::fairness_qp,14,1,True,RECOVERABLE_ALLOCATION_EXTERNALITY,0.0121457994799,0.0297294429213,12.1457994799,29.7294429213
MR_K05_DISPERSED::CLUSTERED_SHORTFALL::THETA_0100::EXTERNALITY_CF_BETA_050::Q0::fairness_qp,15,1,True,RECOVERABLE_ALLOCATION_EXTERNALITY,0.0016852707891,0.0283413424793,1.6852707891,28.3413424793
MR_K05_DISPERSED::CLUSTERED_SHORTFALL::THETA_0100::EXTERNALITY_CF_BETA_050::Q0::fairness_qp,16,1,True,RECOVERABLE_ALLOCATION_EXTERNALITY,0.0145900475085,0.0380770893192,14.5900475085,38.0770893192
MR_K05_DISPERSED::CLUSTERED_SHORTFALL::THETA_0100::EXTERNALITY_CF_BETA_050::Q95::weighted_proportional,1,1,True,RECOVERABLE_ALLOCATION_EXTERNALITY,0.0321548227798,0.0750056603442,32.1548227798,75.0056603442
MR_K05_DISPERSED::CLUSTERED_SHORTFALL::THETA_0100::EXTERNALITY_CF_BETA_050::Q95::weighted_proportional,2,1,True,RECOVERABLE_ALLOCATION_EXTERNALITY,0.0248864976004,0.0664523257423,24.8864976004,66.4523257423
MR_K05_DISPERSED::CLUSTERED_SHORTFALL::THETA_0100::EXTERNALITY_CF_BETA_050::Q95::weighted_proportional,3,1,True,RECOVERABLE_ALLOCATION_EXTERNALITY,0.015772259224,0.0536278769489,15.772259224,53.6278769489
MR_K05_DISPERSED::CLUSTERED_SHORTFALL::THETA_0100::EXTERNALITY_CF_BETA_050::Q95::weighted_proportional,4,1,True,RECOVERABLE_ALLOCATION_EXTERNALITY,0.0443160346408,0.0740758119242,44.3160346408,74.0758119242
MR_K05_DISPERSED::CLUSTERED_SHORTFALL::THETA_0100::EXTERNALITY_CF_BETA_050::Q95::weighted_proportional,5,1,True,RECOVERABLE_ALLOCATION_EXTERNALITY,0.0152608497128,0.0698619134193,15.2608497128,69.8619134193
MR_K05_DISPERSED::CLUSTERED_SHORTFALL::THETA_0100::EXTERNALITY_CF_BETA_050::Q95::weighted_proportional,6,1,True,RECOVERABLE_ALLOCATION_EXTERNALITY,0.0101829703204,0.0541624136703,10.1829703204,54.1624136703
MR_K05_DISPERSED::CLUSTERED_SHORTFALL::THETA_0100::EXTERNALITY_CF_BETA_050::Q95::weighted_proportional,7,1,True,RECOVERABLE_ALLOCATION_EXTERNALITY,0.0204844571809,0.0685268438962,20.4844571809,68.5268438962
MR_K05_DISPERSED::CLUSTERED_SHORTFALL::THETA_0100::EXTERNALITY_CF_BETA_050::Q95::weighted_proportional,8,1,True,RECOVERABLE_ALLOCATION_EXTERNALITY,0.0169948912388,0.0542467436815,16.9948912388,54.2467436815
MR_K05_DISPERSED::CLUSTERED_SHORTFALL::THETA_0100::EXTERNALITY_CF_BETA_050::Q95::weighted_proportional,9,1,True,RECOVERABLE_ALLOCATION_EXTERNALITY,0.0118468727547,0.0536259474097,11.8468727547,53.6259474097
MR_K05_DISPERSED::CLUSTERED_SHORTFALL::THETA_0100::EXTERNALITY_CF_BETA_050::Q95::weighted_proportional,10,1,True,RECOVERABLE_ALLOCATION_EXTERNALITY,0.0277469008529,0.0664684228582,27.7469008529,66.4684228582
MR_K05_DISPERSED::CLUSTERED_SHORTFALL::THETA_0100::EXTERNALITY_CF_BETA_050::Q95::weighted_proportional,11,1,True,RECOVERABLE_ALLOCATION_EXTERNALITY,0.0551023854388,0.0796688138957,55.1023854388,79.6688138957
MR_K05_DISPERSED::CLUSTERED_SHORTFALL::THETA_0100::EXTERNALITY_CF_BETA_050::Q95::weighted_proportional,12,1,True,RECOVERABLE_ALLOCATION_EXTERNALITY,0.041544673829,0.0709072822574,41.544673829,70.9072822574
MR_K05_DISPERSED::CLUSTERED_SHORTFALL::THETA_0100::EXTERNALITY_CF_BETA_050::Q95::weighted_proportional,13,1,True,RECOVERABLE_ALLOCATION_EXTERNALITY,0.0469807944764,0.0794640294793,46.9807944764,79.4640294793
MR_K05_DISPERSED::CLUSTERED_SHORTFALL::THETA_0100::EXTERNALITY_CF_BETA_050::Q95::weighted_proportional,14,1,True,RECOVERABLE_ALLOCATION_EXTERNALITY,0.0450534802859,0.0799329097434,45.0534802859,79.9329097434
MR_K05_DISPERSED::CLUSTERED_SHORTFALL::THETA_0100::EXTERNALITY_CF_BETA_050::Q95::weighted_proportional,15,1,True,RECOVERABLE_ALLOCATION_EXTERNALITY,0.023662634984,0.0535831848631,23.662634984,53.5831848631
MR_K05_DISPERSED::CLUSTERED_SHORTFALL::THETA_0100::EXTERNALITY_CF_BETA_050::Q95::weighted_proportional,16,1,True,RECOVERABLE_ALLOCATION_EXTERNALITY,0.0345807885813,0.0703192670366,34.5807885813,70.3192670366
MR_K05_DISPERSED::CLUSTERED_SHORTFALL::THETA_0100::EXTERNALITY_CF_BETA_050::Q95::equal_kw_reduction,1,1,True,RECOVERABLE_ALLOCATION_EXTERNALITY,0.0232124472066,0.056273354622,23.2124472066,56.273354622
MR_K05_DISPERSED::CLUSTERED_SHORTFALL::THETA_0100::EXTERNALITY_CF_BETA_050::Q95::equal_kw_reduction,2,1,True,RECOVERABLE_ALLOCATION_EXTERNALITY,0.0189576871387,0.0481299068472,18.9576871387,48.1299068472
MR_K05_DISPERSED::CLUSTERED_SHORTFALL::THETA_0100::EXTERNALITY_CF_BETA_050::Q95::equal_kw_reduction,3,1,True,RECOVERABLE_ALLOCATION_EXTERNALITY,0.00440654923831,0.0353579710908,4.40654923831,35.3579710908
MR_K05_DISPERSED::CLUSTERED_SHORTFALL::THETA_0100::EXTERNALITY_CF_BETA_050::Q95::equal_kw_reduction,4,1,True,RECOVERABLE_ALLOCATION_EXTERNALITY,0.022020984051,0.0429213054276,22.020984051,42.9213054276
MR_K05_DISPERSED::CLUSTERED_SHORTFALL::THETA_0100::EXTERNALITY_CF_BETA_050::Q95::equal_kw_reduction,5,1,True,RECOVERABLE_ALLOCATION_EXTERNALITY,0.0192466791656,0.0433130427014,19.2466791656,43.3130427014
MR_K05_DISPERSED::CLUSTERED_SHORTFALL::THETA_0100::EXTERNALITY_CF_BETA_050::Q95::equal_kw_reduction,6,1,True,RECOVERABLE_ALLOCATION_EXTERNALITY,0.0140985673191,0.0396588511065,14.0985673191,39.6588511065
MR_K05_DISPERSED::CLUSTERED_SHORTFALL::THETA_0100::EXTERNALITY_CF_BETA_050::Q95::equal_kw_reduction,7,1,True,RECOVERABLE_ALLOCATION_EXTERNALITY,0.0207875493605,0.0445540841681,20.7875493605,44.5540841681
MR_K05_DISPERSED::CLUSTERED_SHORTFALL::THETA_0100::EXTERNALITY_CF_BETA_050::Q95::equal_kw_reduction,8,1,True,RECOVERABLE_ALLOCATION_EXTERNALITY,0.0138622637431,0.0324669408666,13.8622637431,32.4669408666
MR_K05_DISPERSED::CLUSTERED_SHORTFALL::THETA_0100::EXTERNALITY_CF_BETA_050::Q95::equal_kw_reduction,9,1,True,RECOVERABLE_ALLOCATION_EXTERNALITY,0.0160267130616,0.0356169458207,16.0267130616,35.6169458207
MR_K05_DISPERSED::CLUSTERED_SHORTFALL::THETA_0100::EXTERNALITY_CF_BETA_050::Q95::equal_kw_reduction,10,1,True,RECOVERABLE_ALLOCATION_EXTERNALITY,0.01676678713,0.0349906447526,16.76678713,34.9906447526
MR_K05_DISPERSED::CLUSTERED_SHORTFALL::THETA_0100::EXTERNALITY_CF_BETA_050::Q95::equal_kw_reduction,11,1,True,RECOVERABLE_ALLOCATION_EXTERNALITY,0.0144641801923,0.0422480893294,14.4641801923,42.2480893294
MR_K05_DISPERSED::CLUSTERED_SHORTFALL::THETA_0100::EXTERNALITY_CF_BETA_050::Q95::equal_kw_reduction,12,1,True,RECOVERABLE_ALLOCATION_EXTERNALITY,0.0198387111658,0.0386123635724,19.8387111658,38.6123635724
MR_K05_DISPERSED::CLUSTERED_SHORTFALL::THETA_0100::EXTERNALITY_CF_BETA_050::Q95::equal_kw_reduction,13,1,True,RECOVERABLE_ALLOCATION_EXTERNALITY,0.0234886401774,0.048236128464,23.4886401774,48.236128464
MR_K05_DISPERSED::CLUSTERED_SHORTFALL::THETA_0100::EXTERNALITY_CF_BETA_050::Q95::equal_kw_reduction,14,1,True,RECOVERABLE_ALLOCATION_EXTERNALITY,0.0202738135776,0.0451256636945,20.2738135776,45.1256636945
MR_K05_DISPERSED::CLUSTERED_SHORTFALL::THETA_0100::EXTERNALITY_CF_BETA_050::Q95::equal_kw_reduction,15,1,True,RECOVERABLE_ALLOCATION_EXTERNALITY,0.0152735850581,0.043605506284,15.2735850581,43.605506284
MR_K05_DISPERSED::CLUSTERED_SHORTFALL::THETA_0100::EXTERNALITY_CF_BETA_050::Q95::equal_kw_reduction,16,1,True,RECOVERABLE_ALLOCATION_EXTERNALITY,0.020441013056,0.0398239383515,20.441013056,39.8239383515
MR_K05_DISPERSED::CLUSTERED_SHORTFALL::THETA_0100::EXTERNALITY_CF_BETA_050::Q95::flat_level,1,1,True,RECOVERABLE_ALLOCATION_EXTERNALITY,0.139214964596,0.139214964596,139.214964596,139.214964596
MR_K05_DISPERSED::CLUSTERED_SHORTFALL::THETA_0100::EXTERNALITY_CF_BETA_050::Q95::flat_level,2,1,True,RECOVERABLE_ALLOCATION_EXTERNALITY,0.141707706106,0.141707706106,141.707706106,141.707706106
MR_K05_DISPERSED::CLUSTERED_SHORTFALL::THETA_0100::EXTERNALITY_CF_BETA_050::Q95::flat_level,3,1,True,RECOVERABLE_ALLOCATION_EXTERNALITY,0.128067652788,0.128067652788,128.067652788,128.067652788
MR_K05_DISPERSED::CLUSTERED_SHORTFALL::THETA_0100::EXTERNALITY_CF_BETA_050::Q95::flat_level,4,1,True,RECOVERABLE_ALLOCATION_EXTERNALITY,0.0734144575311,0.0734144575311,73.4144575311,73.4144575311
MR_K05_DISPERSED::CLUSTERED_SHORTFALL::THETA_0100::EXTERNALITY_CF_BETA_050::Q95::flat_level,5,1,True,RECOVERABLE_ALLOCATION_EXTERNALITY,0.0656082216117,0.0656082216117,65.6082216117,65.6082216117
MR_K05_DISPERSED::CLUSTERED_SHORTFALL::THETA_0100::EXTERNALITY_CF_BETA_050::Q95::flat_level,6,1,True,RECOVERABLE_ALLOCATION_EXTERNALITY,0.0114330057828,0.0114330057828,11.4330057828,11.4330057828
MR_K05_DISPERSED::CLUSTERED_SHORTFALL::THETA_0100::EXTERNALITY_CF_BETA_050::Q95::flat_level,7,1,True,RECOVERABLE_ALLOCATION_EXTERNALITY,0.0690087963595,0.0690087963595,69.0087963595,69.0087963595
MR_K05_DISPERSED::CLUSTERED_SHORTFALL::THETA_0100::EXTERNALITY_CF_BETA_050::Q95::flat_level,8,1,True,RECOVERABLE_ALLOCATION_EXTERNALITY,0.0642470387944,0.0642470387944,64.2470387944,64.2470387944
MR_K05_DISPERSED::CLUSTERED_SHORTFALL::THETA_0100::EXTERNALITY_CF_BETA_050::Q95::flat_level,9,1,True,RECOVERABLE_ALLOCATION_EXTERNALITY,0.076964859558,0.076964859558,76.964859558,76.964859558
MR_K05_DISPERSED::CLUSTERED_SHORTFALL::THETA_0100::EXTERNALITY_CF_BETA_050::Q95::flat_level,10,1,True,RECOVERABLE_ALLOCATION_EXTERNALITY,0.10092427679,0.10092427679,100.92427679,100.92427679
MR_K05_DISPERSED::CLUSTERED_SHORTFALL::THETA_0100::EXTERNALITY_CF_BETA_050::Q95::flat_level,11,1,True,RECOVERABLE_ALLOCATION_EXTERNALITY,0.0969456162393,0.0969456162393,96.9456162393,96.9456162393
MR_K05_DISPERSED::CLUSTERED_SHORTFALL::THETA_0100::EXTERNALITY_CF_BETA_050::Q95::flat_level,12,1,True,RECOVERABLE_ALLOCATION_EXTERNALITY,0.123576838243,0.123576838243,123.576838243,123.576838243
MR_K05_DISPERSED::CLUSTERED_SHORTFALL::THETA_0100::EXTERNALITY_CF_BETA_050::Q95::flat_level,13,1,True,RECOVERABLE_ALLOCATION_EXTERNALITY,0.0806776372909,0.0806776372909,80.6776372909,80.6776372909
MR_K05_DISPERSED::CLUSTERED_SHORTFALL::THETA_0100::EXTERNALITY_CF_BETA_050::Q95::flat_level,14,1,True,RECOVERABLE_ALLOCATION_EXTERNALITY,0.110183089363,0.110183089363,110.183089363,110.183089363
MR_K05_DISPERSED::CLUSTERED_SHORTFALL::THETA_0100::EXTERNALITY_CF_BETA_050::Q95::flat_level,15,1,True,RECOVERABLE_ALLOCATION_EXTERNALITY,0.0756350154776,0.0756350154776,75.6350154776,75.6350154776
MR_K05_DISPERSED::CLUSTERED_SHORTFALL::THETA_0100::EXTERNALITY_CF_BETA_050::Q95::flat_level,16,1,True,RECOVERABLE_ALLOCATION_EXTERNALITY,0.0927395910917,0.0927395910917,92.7395910917,92.7395910917
MR_K05_DISPERSED::CLUSTERED_SHORTFALL::THETA_0100::EXTERNALITY_CF_BETA_050::Q95::max_export_lp,1,1,True,RECOVERABLE_ALLOCATION_EXTERNALITY,0.043411185939,0.0434111859391,43.411185939,43.4111859391
MR_K05_DISPERSED::CLUSTERED_SHORTFALL::THETA_0100::EXTERNALITY_CF_BETA_050::Q95::max_export_lp,2,1,True,RECOVERABLE_ALLOCATION_EXTERNALITY,0.0418368177307,0.0418368177309,41.8368177307,41.8368177309
MR_K05_DISPERSED::CLUSTERED_SHORTFALL::THETA_0100::EXTERNALITY_CF_BETA_050::Q95::max_export_lp,3,1,True,RECOVERABLE_ALLOCATION_EXTERNALITY,0.0195828004817,0.0195828004818,19.5828004817,19.5828004818
MR_K05_DISPERSED::CLUSTERED_SHORTFALL::THETA_0100::EXTERNALITY_CF_BETA_050::Q95::max_export_lp,4,1,True,RECOVERABLE_ALLOCATION_EXTERNALITY,0.0350625883295,0.0350625883296,35.0625883295,35.0625883296
MR_K05_DISPERSED::CLUSTERED_SHORTFALL::THETA_0100::EXTERNALITY_CF_BETA_050::Q95::max_export_lp,5,1,True,RECOVERABLE_ALLOCATION_EXTERNALITY,0.038973619956,0.0389736199562,38.973619956,38.9736199562
MR_K05_DISPERSED::CLUSTERED_SHORTFALL::THETA_0100::EXTERNALITY_CF_BETA_050::Q95::max_export_lp,6,1,True,RECOVERABLE_ALLOCATION_EXTERNALITY,0.0419690614745,0.0419690614788,41.9690614745,41.9690614788
MR_K05_DISPERSED::CLUSTERED_SHORTFALL::THETA_0100::EXTERNALITY_CF_BETA_050::Q95::max_export_lp,7,1,True,RECOVERABLE_ALLOCATION_EXTERNALITY,0.0337135076199,0.0337135076243,33.7135076199,33.7135076243
MR_K05_DISPERSED::CLUSTERED_SHORTFALL::THETA_0100::EXTERNALITY_CF_BETA_050::Q95::max_export_lp,8,1,True,RECOVERABLE_ALLOCATION_EXTERNALITY,0.0166728308979,0.016672830898,16.6728308979,16.672830898
MR_K05_DISPERSED::CLUSTERED_SHORTFALL::THETA_0100::EXTERNALITY_CF_BETA_050::Q95::max_export_lp,9,1,True,RECOVERABLE_ALLOCATION_EXTERNALITY,0.0209788073243,0.0209788073267,20.9788073243,20.9788073267
MR_K05_DISPERSED::CLUSTERED_SHORTFALL::THETA_0100::EXTERNALITY_CF_BETA_050::Q95::max_export_lp,10,1,True,RECOVERABLE_ALLOCATION_EXTERNALITY,0.0183963765557,0.0183963765558,18.3963765557,18.3963765558
MR_K05_DISPERSED::CLUSTERED_SHORTFALL::THETA_0100::EXTERNALITY_CF_BETA_050::Q95::max_export_lp,11,1,True,RECOVERABLE_ALLOCATION_EXTERNALITY,0.0267494295721,0.0267494295721,26.7494295721,26.7494295721
MR_K05_DISPERSED::CLUSTERED_SHORTFALL::THETA_0100::EXTERNALITY_CF_BETA_050::Q95::max_export_lp,12,1,True,RECOVERABLE_ALLOCATION_EXTERNALITY,0.0292741746455,0.0292741746456,29.2741746455,29.2741746456
MR_K05_DISPERSED::CLUSTERED_SHORTFALL::THETA_0100::EXTERNALITY_CF_BETA_050::Q95::max_export_lp,13,1,True,RECOVERABLE_ALLOCATION_EXTERNALITY,0.0387351249948,0.0387351250042,38.7351249948,38.7351250042
MR_K05_DISPERSED::CLUSTERED_SHORTFALL::THETA_0100::EXTERNALITY_CF_BETA_050::Q95::max_export_lp,14,1,True,RECOVERABLE_ALLOCATION_EXTERNALITY,0.033128258605,0.0331282586092,33.128258605,33.1282586092
MR_K05_DISPERSED::CLUSTERED_SHORTFALL::THETA_0100::EXTERNALITY_CF_BETA_050::Q95::max_export_lp,15,1,True,RECOVERABLE_ALLOCATION_EXTERNALITY,0.0261314780862,0.0261314780902,26.1314780862,26.1314780902
MR_K05_DISPERSED::CLUSTERED_SHORTFALL::THETA_0100::EXTERNALITY_CF_BETA_050::Q95::max_export_lp,16,1,True,RECOVERABLE_ALLOCATION_EXTERNALITY,0.0256049456072,0.0256049456083,25.6049456072,25.6049456083
MR_K05_DISPERSED::CLUSTERED_SHORTFALL::THETA_0100::EXTERNALITY_CF_BETA_050::Q95::fairness_qp,1,1,True,RECOVERABLE_ALLOCATION_EXTERNALITY,0.0137899051771,0.0397106788031,13.7899051771,39.7106788031
MR_K05_DISPERSED::CLUSTERED_SHORTFALL::THETA_0100::EXTERNALITY_CF_BETA_050::Q95::fairness_qp,2,1,True,RECOVERABLE_ALLOCATION_EXTERNALITY,0.0206601320803,0.0395936702456,20.6601320803,39.5936702456
MR_K05_DISPERSED::CLUSTERED_SHORTFALL::THETA_0100::EXTERNALITY_CF_BETA_050::Q95::fairness_qp,3,1,True,RECOVERABLE_ALLOCATION_EXTERNALITY,0.0192125175595,0.0288788397967,19.2125175595,28.8788397967
MR_K05_DISPERSED::CLUSTERED_SHORTFALL::THETA_0100::EXTERNALITY_CF_BETA_050::Q95::fairness_qp,4,1,True,RECOVERABLE_ALLOCATION_EXTERNALITY,0.0301540944685,0.0390462453324,30.1540944685,39.0462453324
MR_K05_DISPERSED::CLUSTERED_SHORTFALL::THETA_0100::EXTERNALITY_CF_BETA_050::Q95::fairness_qp,5,1,True,RECOVERABLE_ALLOCATION_EXTERNALITY,0.0256212069091,0.037247296957,25.6212069091,37.247296957
MR_K05_DISPERSED::CLUSTERED_SHORTFALL::THETA_0100::EXTERNALITY_CF_BETA_050::Q95::fairness_qp,6,1,True,RECOVERABLE_ALLOCATION_EXTERNALITY,0.033321135707,0.0441325166744,33.321135707,44.1325166744
MR_K05_DISPERSED::CLUSTERED_SHORTFALL::THETA_0100::EXTERNALITY_CF_BETA_050::Q95::fairness_qp,7,1,True,RECOVERABLE_ALLOCATION_EXTERNALITY,0.0407312000078,0.0479095446669,40.7312000078,47.9095446669
MR_K05_DISPERSED::CLUSTERED_SHORTFALL::THETA_0100::EXTERNALITY_CF_BETA_050::Q95::fairness_qp,8,1,True,RECOVERABLE_ALLOCATION_EXTERNALITY,0.0227705058959,0.0352420829062,22.7705058959,35.2420829062
MR_K05_DISPERSED::CLUSTERED_SHORTFALL::THETA_0100::EXTERNALITY_CF_BETA_050::Q95::fairness_qp,9,1,True,RECOVERABLE_ALLOCATION_EXTERNALITY,0.0303596094569,0.0450312776751,30.3596094569,45.0312776751
MR_K05_DISPERSED::CLUSTERED_SHORTFALL::THETA_0100::EXTERNALITY_CF_BETA_050::Q95::fairness_qp,10,1,True,RECOVERABLE_ALLOCATION_EXTERNALITY,0.018641884406,0.0358440220649,18.641884406,35.8440220649
MR_K05_DISPERSED::CLUSTERED_SHORTFALL::THETA_0100::EXTERNALITY_CF_BETA_050::Q95::fairness_qp,11,1,True,RECOVERABLE_ALLOCATION_EXTERNALITY,0.0186347255308,0.0247876559266,18.6347255308,24.7876559266
MR_K05_DISPERSED::CLUSTERED_SHORTFALL::THETA_0100::EXTERNALITY_CF_BETA_050::Q95::fairness_qp,12,1,True,RECOVERABLE_ALLOCATION_EXTERNALITY,0.0117723590488,0.0295694146663,11.7723590488,29.5694146663
MR_K05_DISPERSED::CLUSTERED_SHORTFALL::THETA_0100::EXTERNALITY_CF_BETA_050::Q95::fairness_qp,13,1,True,RECOVERABLE_ALLOCATION_EXTERNALITY,0.0140110531008,0.0306318426332,14.0110531008,30.6318426332
MR_K05_DISPERSED::CLUSTERED_SHORTFALL::THETA_0100::EXTERNALITY_CF_BETA_050::Q95::fairness_qp,14,1,True,RECOVERABLE_ALLOCATION_EXTERNALITY,0.0121458132689,0.0297294467801,12.1458132689,29.7294467801
MR_K05_DISPERSED::CLUSTERED_SHORTFALL::THETA_0100::EXTERNALITY_CF_BETA_050::Q95::fairness_qp,15,1,True,RECOVERABLE_ALLOCATION_EXTERNALITY,0.00168532188771,0.0283413656337,1.68532188771,28.3413656337
MR_K05_DISPERSED::CLUSTERED_SHORTFALL::THETA_0100::EXTERNALITY_CF_BETA_050::Q95::fairness_qp,16,1,True,RECOVERABLE_ALLOCATION_EXTERNALITY,0.0145900192193,0.0380770628569,14.5900192193,38.0770628569
MR_K05_DISPERSED::CLUSTERED_SHORTFALL::THETA_1000::EXTERNALITY_CF_BETA_050::Q0::weighted_proportional,1,10,True,RECOVERABLE_ALLOCATION_EXTERNALITY,0.0454683665244,0.0776801967578,45.4683665244,77.6801967578
MR_K05_DISPERSED::CLUSTERED_SHORTFALL::THETA_1000::EXTERNALITY_CF_BETA_050::Q0::weighted_proportional,2,10,True,RECOVERABLE_ALLOCATION_EXTERNALITY,0.0438728091068,0.074552768946,43.8728091068,74.552768946
MR_K05_DISPERSED::CLUSTERED_SHORTFALL::THETA_1000::EXTERNALITY_CF_BETA_050::Q0::weighted_proportional,3,10,True,RECOVERABLE_ALLOCATION_EXTERNALITY,0.0313321030083,0.0571915170113,31.3321030083,57.1915170113
MR_K05_DISPERSED::CLUSTERED_SHORTFALL::THETA_1000::EXTERNALITY_CF_BETA_050::Q0::weighted_proportional,4,10,True,RECOVERABLE_ALLOCATION_EXTERNALITY,0.0414106789139,0.0586993519569,41.4106789139,58.6993519569
MR_K05_DISPERSED::CLUSTERED_SHORTFALL::THETA_1000::EXTERNALITY_CF_BETA_050::Q0::weighted_proportional,5,10,True,RECOVERABLE_ALLOCATION_EXTERNALITY,0.0196316871588,0.0585002789822,19.6316871588,58.5002789822
MR_K05_DISPERSED::CLUSTERED_SHORTFALL::THETA_1000::EXTERNALITY_CF_BETA_050::Q0::weighted_proportional,6,10,True,RECOVERABLE_ALLOCATION_EXTERNALITY,0.0164497187025,0.0528767762253,16.4497187025,52.8767762253
MR_K05_DISPERSED::CLUSTERED_SHORTFALL::THETA_1000::EXTERNALITY_CF_BETA_050::Q0::weighted_proportional,7,10,True,RECOVERABLE_ALLOCATION_EXTERNALITY,0.0170655544277,0.0550862957171,17.0655544277,55.0862957171
MR_K05_DISPERSED::CLUSTERED_SHORTFALL::THETA_1000::EXTERNALITY_CF_BETA_050::Q0::weighted_proportional,8,10,True,RECOVERABLE_ALLOCATION_EXTERNALITY,0.0167606174188,0.0498166754524,16.7606174188,49.8166754524
MR_K05_DISPERSED::CLUSTERED_SHORTFALL::THETA_1000::EXTERNALITY_CF_BETA_050::Q0::weighted_proportional,9,10,True,RECOVERABLE_ALLOCATION_EXTERNALITY,0.0188220880042,0.0543105944709,18.8220880042,54.3105944709
MR_K05_DISPERSED::CLUSTERED_SHORTFALL::THETA_1000::EXTERNALITY_CF_BETA_050::Q0::weighted_proportional,10,10,True,RECOVERABLE_ALLOCATION_EXTERNALITY,0.0324465704665,0.0639550789984,32.4465704665,63.9550789984
MR_K05_DISPERSED::CLUSTERED_SHORTFALL::THETA_1000::EXTERNALITY_CF_BETA_050::Q0::weighted_proportional,11,10,True,RECOVERABLE_ALLOCATION_EXTERNALITY,0.0510926567836,0.065985521347,51.0926567836,65.985521347
MR_K05_DISPERSED::CLUSTERED_SHORTFALL::THETA_1000::EXTERNALITY_CF_BETA_050::Q0::weighted_proportional,12,10,True,RECOVERABLE_ALLOCATION_EXTERNALITY,0.0469782879017,0.0666713319526,46.9782879017,66.6713319526
MR_K05_DISPERSED::CLUSTERED_SHORTFALL::THETA_1000::EXTERNALITY_CF_BETA_050::Q0::weighted_proportional,13,10,True,RECOVERABLE_ALLOCATION_EXTERNALITY,0.0451420269697,0.0682202493089,45.1420269697,68.2202493089
MR_K05_DISPERSED::CLUSTERED_SHORTFALL::THETA_1000::EXTERNALITY_CF_BETA_050::Q0::weighted_proportional,14,10,True,RECOVERABLE_ALLOCATION_EXTERNALITY,0.0427339640777,0.0673222279057,42.7339640777,67.3222279057
MR_K05_DISPERSED::CLUSTERED_SHORTFALL::THETA_1000::EXTERNALITY_CF_BETA_050::Q0::weighted_proportional,15,10,True,RECOVERABLE_ALLOCATION_EXTERNALITY,0.0289069106272,0.0545009304266,28.9069106272,54.5009304266
MR_K05_DISPERSED::CLUSTERED_SHORTFALL::THETA_1000::EXTERNALITY_CF_BETA_050::Q0::weighted_proportional,16,10,True,RECOVERABLE_ALLOCATION_EXTERNALITY,0.0329141664874,0.0601962658424,32.9141664874,60.1962658424
MR_K05_DISPERSED::CLUSTERED_SHORTFALL::THETA_1000::EXTERNALITY_CF_BETA_050::Q0::equal_kw_reduction,1,10,True,RECOVERABLE_ALLOCATION_EXTERNALITY,0.0230383537859,0.0472027773116,23.0383537859,47.2027773116
MR_K05_DISPERSED::CLUSTERED_SHORTFALL::THETA_1000::EXTERNALITY_CF_BETA_050::Q0::equal_kw_reduction,2,10,True,RECOVERABLE_ALLOCATION_EXTERNALITY,0.0282811397204,0.0510063822169,28.2811397204,51.0063822169
MR_K05_DISPERSED::CLUSTERED_SHORTFALL::THETA_1000::EXTERNALITY_CF_BETA_050::Q0::equal_kw_reduction,3,10,True,RECOVERABLE_ALLOCATION_EXTERNALITY,0.0162494827405,0.0365370602526,16.2494827405,36.5370602526
MR_K05_DISPERSED::CLUSTERED_SHORTFALL::THETA_1000::EXTERNALITY_CF_BETA_050::Q0::equal_kw_reduction,4,10,True,RECOVERABLE_ALLOCATION_EXTERNALITY,0.0188296839245,0.0309708496383,18.8296839245,30.9708496383
MR_K05_DISPERSED::CLUSTERED_SHORTFALL::THETA_1000::EXTERNALITY_CF_BETA_050::Q0::equal_kw_reduction,5,10,True,RECOVERABLE_ALLOCATION_EXTERNALITY,0.0180390155781,0.0392833192286,18.0390155781,39.2833192286
MR_K05_DISPERSED::CLUSTERED_SHORTFALL::THETA_1000::EXTERNALITY_CF_BETA_050::Q0::equal_kw_reduction,6,10,True,RECOVERABLE_ALLOCATION_EXTERNALITY,0.020758684285,0.0402972028217,20.758684285,40.2972028217
MR_K05_DISPERSED::CLUSTERED_SHORTFALL::THETA_1000::EXTERNALITY_CF_BETA_050::Q0::equal_kw_reduction,7,10,True,RECOVERABLE_ALLOCATION_EXTERNALITY,0.0159569120647,0.0359931699112,15.9569120647,35.9931699112
MR_K05_DISPERSED::CLUSTERED_SHORTFALL::THETA_1000::EXTERNALITY_CF_BETA_050::Q0::equal_kw_reduction,8,10,True,RECOVERABLE_ALLOCATION_EXTERNALITY,0.0113634551191,0.0281131069415,11.3634551191,28.1131069415
MR_K05_DISPERSED::CLUSTERED_SHORTFALL::THETA_1000::EXTERNALITY_CF_BETA_050::Q0::equal_kw_reduction,9,10,True,RECOVERABLE_ALLOCATION_EXTERNALITY,0.013455775661,0.0313074049949,13.455775661,31.3074049949
MR_K05_DISPERSED::CLUSTERED_SHORTFALL::THETA_1000::EXTERNALITY_CF_BETA_050::Q0::equal_kw_reduction,10,10,True,RECOVERABLE_ALLOCATION_EXTERNALITY,0.0173975741091,0.0330650471972,17.3975741091,33.0650471972
MR_K05_DISPERSED::CLUSTERED_SHORTFALL::THETA_1000::EXTERNALITY_CF_BETA_050::Q0::equal_kw_reduction,11,10,True,RECOVERABLE_ALLOCATION_EXTERNALITY,0.0164163511191,0.0361954630541,16.4163511191,36.1954630541
MR_K05_DISPERSED::CLUSTERED_SHORTFALL::THETA_1000::EXTERNALITY_CF_BETA_050::Q0::equal_kw_reduction,12,10,True,RECOVERABLE_ALLOCATION_EXTERNALITY,0.022197274254,0.0368900277534,22.197274254,36.8900277534
MR_K05_DISPERSED::CLUSTERED_SHORTFALL::THETA_1000::EXTERNALITY_CF_BETA_050::Q0::equal_kw_reduction,13,10,True,RECOVERABLE_ALLOCATION_EXTERNALITY,0.0231832203289,0.0433345253642,23.1832203289,43.3345253642
MR_K05_DISPERSED::CLUSTERED_SHORTFALL::THETA_1000::EXTERNALITY_CF_BETA_050::Q0::equal_kw_reduction,14,10,True,RECOVERABLE_ALLOCATION_EXTERNALITY,0.0210473279323,0.0397520189298,21.0473279323,39.7520189298
MR_K05_DISPERSED::CLUSTERED_SHORTFALL::THETA_1000::EXTERNALITY_CF_BETA_050::Q0::equal_kw_reduction,15,10,True,RECOVERABLE_ALLOCATION_EXTERNALITY,0.0154610321635,0.0368202691489,15.4610321635,36.8202691489
MR_K05_DISPERSED::CLUSTERED_SHORTFALL::THETA_1000::EXTERNALITY_CF_BETA_050::Q0::equal_kw_reduction,16,10,True,RECOVERABLE_ALLOCATION_EXTERNALITY,0.0190572577002,0.034483704598,19.0572577002,34.483704598
MR_K05_DISPERSED::CLUSTERED_SHORTFALL::THETA_1000::EXTERNALITY_CF_BETA_050::Q0::flat_level,1,10,True,RECOVERABLE_ALLOCATION_EXTERNALITY,0.139214964596,0.139214964596,139.214964596,139.214964596
MR_K05_DISPERSED::CLUSTERED_SHORTFALL::THETA_1000::EXTERNALITY_CF_BETA_050::Q0::flat_level,2,10,True,RECOVERABLE_ALLOCATION_EXTERNALITY,0.141707706106,0.141707706106,141.707706106,141.707706106
MR_K05_DISPERSED::CLUSTERED_SHORTFALL::THETA_1000::EXTERNALITY_CF_BETA_050::Q0::flat_level,3,10,True,RECOVERABLE_ALLOCATION_EXTERNALITY,0.128067652788,0.128067652788,128.067652788,128.067652788
MR_K05_DISPERSED::CLUSTERED_SHORTFALL::THETA_1000::EXTERNALITY_CF_BETA_050::Q0::flat_level,4,10,True,RECOVERABLE_ALLOCATION_EXTERNALITY,0.0734144575311,0.0734144575311,73.4144575311,73.4144575311
MR_K05_DISPERSED::CLUSTERED_SHORTFALL::THETA_1000::EXTERNALITY_CF_BETA_050::Q0::flat_level,5,10,True,RECOVERABLE_ALLOCATION_EXTERNALITY,0.0656082216117,0.0656082216117,65.6082216117,65.6082216117
MR_K05_DISPERSED::CLUSTERED_SHORTFALL::THETA_1000::EXTERNALITY_CF_BETA_050::Q0::flat_level,6,10,True,RECOVERABLE_ALLOCATION_EXTERNALITY,0.0114330057828,0.0114330057828,11.4330057828,11.4330057828
MR_K05_DISPERSED::CLUSTERED_SHORTFALL::THETA_1000::EXTERNALITY_CF_BETA_050::Q0::flat_level,7,10,True,RECOVERABLE_ALLOCATION_EXTERNALITY,0.0690087963595,0.0690087963595,69.0087963595,69.0087963595
MR_K05_DISPERSED::CLUSTERED_SHORTFALL::THETA_1000::EXTERNALITY_CF_BETA_050::Q0::flat_level,8,10,True,RECOVERABLE_ALLOCATION_EXTERNALITY,0.0642470387944,0.0642470387944,64.2470387944,64.2470387944
MR_K05_DISPERSED::CLUSTERED_SHORTFALL::THETA_1000::EXTERNALITY_CF_BETA_050::Q0::flat_level,9,10,True,RECOVERABLE_ALLOCATION_EXTERNALITY,0.076964859558,0.076964859558,76.964859558,76.964859558
MR_K05_DISPERSED::CLUSTERED_SHORTFALL::THETA_1000::EXTERNALITY_CF_BETA_050::Q0::flat_level,10,10,True,RECOVERABLE_ALLOCATION_EXTERNALITY,0.10092427679,0.10092427679,100.92427679,100.92427679
MR_K05_DISPERSED::CLUSTERED_SHORTFALL::THETA_1000::EXTERNALITY_CF_BETA_050::Q0::flat_level,11,10,True,RECOVERABLE_ALLOCATION_EXTERNALITY,0.0969456162393,0.0969456162393,96.9456162393,96.9456162393
MR_K05_DISPERSED::CLUSTERED_SHORTFALL::THETA_1000::EXTERNALITY_CF_BETA_050::Q0::flat_level,12,10,True,RECOVERABLE_ALLOCATION_EXTERNALITY,0.123576838243,0.123576838243,123.576838243,123.576838243
MR_K05_DISPERSED::CLUSTERED_SHORTFALL::THETA_1000::EXTERNALITY_CF_BETA_050::Q0::flat_level,13,10,True,RECOVERABLE_ALLOCATION_EXTERNALITY,0.0806776372909,0.0806776372909,80.6776372909,80.6776372909
MR_K05_DISPERSED::CLUSTERED_SHORTFALL::THETA_1000::EXTERNALITY_CF_BETA_050::Q0::flat_level,14,10,True,RECOVERABLE_ALLOCATION_EXTERNALITY,0.110183089363,0.110183089363,110.183089363,110.183089363
MR_K05_DISPERSED::CLUSTERED_SHORTFALL::THETA_1000::EXTERNALITY_CF_BETA_050::Q0::flat_level,15,10,True,RECOVERABLE_ALLOCATION_EXTERNALITY,0.0756350154776,0.0756350154776,75.6350154776,75.6350154776
MR_K05_DISPERSED::CLUSTERED_SHORTFALL::THETA_1000::EXTERNALITY_CF_BETA_050::Q0::flat_level,16,10,True,RECOVERABLE_ALLOCATION_EXTERNALITY,0.0927395910917,0.0927395910917,92.7395910917,92.7395910917
MR_K05_DISPERSED::CLUSTERED_SHORTFALL::THETA_1000::EXTERNALITY_CF_BETA_050::Q0::max_export_lp,1,10,True,RECOVERABLE_ALLOCATION_EXTERNALITY,0.0434112102491,0.0434112102492,43.4112102491,43.4112102492
MR_K05_DISPERSED::CLUSTERED_SHORTFALL::THETA_1000::EXTERNALITY_CF_BETA_050::Q0::max_export_lp,2,10,True,RECOVERABLE_ALLOCATION_EXTERNALITY,0.0418368875111,0.0418368875112,41.8368875111,41.8368875112
MR_K05_DISPERSED::CLUSTERED_SHORTFALL::THETA_1000::EXTERNALITY_CF_BETA_050::Q0::max_export_lp,3,10,True,RECOVERABLE_ALLOCATION_EXTERNALITY,0.0195827899649,0.0195827899649,19.5827899649,19.5827899649
MR_K05_DISPERSED::CLUSTERED_SHORTFALL::THETA_1000::EXTERNALITY_CF_BETA_050::Q0::max_export_lp,4,10,True,RECOVERABLE_ALLOCATION_EXTERNALITY,0.0350626802813,0.0350626802814,35.0626802813,35.0626802814
MR_K05_DISPERSED::CLUSTERED_SHORTFALL::THETA_1000::EXTERNALITY_CF_BETA_050::Q0::max_export_lp,5,10,True,RECOVERABLE_ALLOCATION_EXTERNALITY,0.0389736201814,0.0389736201818,38.9736201814,38.9736201818
MR_K05_DISPERSED::CLUSTERED_SHORTFALL::THETA_1000::EXTERNALITY_CF_BETA_050::Q0::max_export_lp,6,10,True,RECOVERABLE_ALLOCATION_EXTERNALITY,0.0419690601246,0.0419690601247,41.9690601246,41.9690601247
MR_K05_DISPERSED::CLUSTERED_SHORTFALL::THETA_1000::EXTERNALITY_CF_BETA_050::Q0::max_export_lp,7,10,True,RECOVERABLE_ALLOCATION_EXTERNALITY,0.033713518171,0.0337135181719,33.713518171,33.7135181719
MR_K05_DISPERSED::CLUSTERED_SHORTFALL::THETA_1000::EXTERNALITY_CF_BETA_050::Q0::max_export_lp,8,10,True,RECOVERABLE_ALLOCATION_EXTERNALITY,0.0166728653121,0.0166728653133,16.6728653121,16.6728653133
MR_K05_DISPERSED::CLUSTERED_SHORTFALL::THETA_1000::EXTERNALITY_CF_BETA_050::Q0::max_export_lp,9,10,True,RECOVERABLE_ALLOCATION_EXTERNALITY,0.0209788078059,0.0209788078177,20.9788078059,20.9788078177
MR_K05_DISPERSED::CLUSTERED_SHORTFALL::THETA_1000::EXTERNALITY_CF_BETA_050::Q0::max_export_lp,10,10,True,RECOVERABLE_ALLOCATION_EXTERNALITY,0.0183963464867,0.0183963464868,18.3963464867,18.3963464868
MR_K05_DISPERSED::CLUSTERED_SHORTFALL::THETA_1000::EXTERNALITY_CF_BETA_050::Q0::max_export_lp,11,10,True,RECOVERABLE_ALLOCATION_EXTERNALITY,0.0267495439865,0.0267495439893,26.7495439865,26.7495439893
MR_K05_DISPERSED::CLUSTERED_SHORTFALL::THETA_1000::EXTERNALITY_CF_BETA_050::Q0::max_export_lp,12,10,True,RECOVERABLE_ALLOCATION_EXTERNALITY,0.0292741740681,0.0292741740682,29.2741740681,29.2741740682
MR_K05_DISPERSED::CLUSTERED_SHORTFALL::THETA_1000::EXTERNALITY_CF_BETA_050::Q0::max_export_lp,13,10,True,RECOVERABLE_ALLOCATION_EXTERNALITY,0.038735004761,0.0387350047613,38.735004761,38.7350047613
MR_K05_DISPERSED::CLUSTERED_SHORTFALL::THETA_1000::EXTERNALITY_CF_BETA_050::Q0::max_export_lp,14,10,True,RECOVERABLE_ALLOCATION_EXTERNALITY,0.0331283177994,0.0331283177995,33.1283177994,33.1283177995
MR_K05_DISPERSED::CLUSTERED_SHORTFALL::THETA_1000::EXTERNALITY_CF_BETA_050::Q0::max_export_lp,15,10,True,RECOVERABLE_ALLOCATION_EXTERNALITY,0.0261314851799,0.02613148518,26.1314851799,26.13148518
MR_K05_DISPERSED::CLUSTERED_SHORTFALL::THETA_1000::EXTERNALITY_CF_BETA_050::Q0::max_export_lp,16,10,True,RECOVERABLE_ALLOCATION_EXTERNALITY,0.0256049331256,0.0256049331276,25.6049331256,25.6049331276
MR_K05_DISPERSED::CLUSTERED_SHORTFALL::THETA_1000::EXTERNALITY_CF_BETA_050::Q0::fairness_qp,1,10,True,RECOVERABLE_ALLOCATION_EXTERNALITY,0.0259894937887,0.0477923775006,25.9894937887,47.7923775006
MR_K05_DISPERSED::CLUSTERED_SHORTFALL::THETA_1000::EXTERNALITY_CF_BETA_050::Q0::fairness_qp,2,10,True,RECOVERABLE_ALLOCATION_EXTERNALITY,0.0287199195612,0.0487224111122,28.7199195612,48.7224111122
MR_K05_DISPERSED::CLUSTERED_SHORTFALL::THETA_1000::EXTERNALITY_CF_BETA_050::Q0::fairness_qp,3,10,True,RECOVERABLE_ALLOCATION_EXTERNALITY,0.0236969019424,0.0343364129977,23.6969019424,34.3364129977
MR_K05_DISPERSED::CLUSTERED_SHORTFALL::THETA_1000::EXTERNALITY_CF_BETA_050::Q0::fairness_qp,4,10,True,RECOVERABLE_ALLOCATION_EXTERNALITY,0.0329983596974,0.0458839950444,32.9983596974,45.8839950444
MR_K05_DISPERSED::CLUSTERED_SHORTFALL::THETA_1000::EXTERNALITY_CF_BETA_050::Q0::fairness_qp,5,10,True,RECOVERABLE_ALLOCATION_EXTERNALITY,0.0284808556834,0.0399351558046,28.4808556834,39.9351558046
MR_K05_DISPERSED::CLUSTERED_SHORTFALL::THETA_1000::EXTERNALITY_CF_BETA_050::Q0::fairness_qp,6,10,True,RECOVERABLE_ALLOCATION_EXTERNALITY,0.0383777237772,0.0477730951385,38.3777237772,47.7730951385
MR_K05_DISPERSED::CLUSTERED_SHORTFALL::THETA_1000::EXTERNALITY_CF_BETA_050::Q0::fairness_qp,7,10,True,RECOVERABLE_ALLOCATION_EXTERNALITY,0.0315076118377,0.0411629940165,31.5076118377,41.1629940165
MR_K05_DISPERSED::CLUSTERED_SHORTFALL::THETA_1000::EXTERNALITY_CF_BETA_050::Q0::fairness_qp,8,10,True,RECOVERABLE_ALLOCATION_EXTERNALITY,0.0227021668099,0.0332607775314,22.7021668099,33.2607775314
MR_K05_DISPERSED::CLUSTERED_SHORTFALL::THETA_1000::EXTERNALITY_CF_BETA_050::Q0::fairness_qp,9,10,True,RECOVERABLE_ALLOCATION_EXTERNALITY,0.0289350025861,0.0370223359497,28.9350025861,37.0223359497
MR_K05_DISPERSED::CLUSTERED_SHORTFALL::THETA_1000::EXTERNALITY_CF_BETA_050::Q0::fairness_qp,10,10,True,RECOVERABLE_ALLOCATION_EXTERNALITY,0.0233970638065,0.0366028884881,23.3970638065,36.6028884881
MR_K05_DISPERSED::CLUSTERED_SHORTFALL::THETA_1000::EXTERNALITY_CF_BETA_050::Q0::fairness_qp,11,10,True,RECOVERABLE_ALLOCATION_EXTERNALITY,0.0177999355982,0.0318610561535,17.7999355982,31.8610561535
MR_K05_DISPERSED::CLUSTERED_SHORTFALL::THETA_1000::EXTERNALITY_CF_BETA_050::Q0::fairness_qp,12,10,True,RECOVERABLE_ALLOCATION_EXTERNALITY,0.0162798299232,0.026727020066,16.2798299232,26.727020066
MR_K05_DISPERSED::CLUSTERED_SHORTFALL::THETA_1000::EXTERNALITY_CF_BETA_050::Q0::fairness_qp,13,10,True,RECOVERABLE_ALLOCATION_EXTERNALITY,0.0199368025878,0.0378810956291,19.9368025878,37.8810956291
MR_K05_DISPERSED::CLUSTERED_SHORTFALL::THETA_1000::EXTERNALITY_CF_BETA_050::Q0::fairness_qp,14,10,True,RECOVERABLE_ALLOCATION_EXTERNALITY,0.0200972419904,0.0354231185438,20.0972419904,35.4231185438
MR_K05_DISPERSED::CLUSTERED_SHORTFALL::THETA_1000::EXTERNALITY_CF_BETA_050::Q0::fairness_qp,15,10,True,RECOVERABLE_ALLOCATION_EXTERNALITY,0.00729994986355,0.0262646863882,7.29994986355,26.2646863882
MR_K05_DISPERSED::CLUSTERED_SHORTFALL::THETA_1000::EXTERNALITY_CF_BETA_050::Q0::fairness_qp,16,10,True,RECOVERABLE_ALLOCATION_EXTERNALITY,0.0199607110632,0.0373628560774,19.9607110632,37.3628560774
MR_K05_DISPERSED::CLUSTERED_SHORTFALL::THETA_1000::EXTERNALITY_CF_BETA_050::Q95::weighted_proportional,1,10,True,RECOVERABLE_ALLOCATION_EXTERNALITY,0.0454683665233,0.0776801967568,45.4683665233,77.6801967568
MR_K05_DISPERSED::CLUSTERED_SHORTFALL::THETA_1000::EXTERNALITY_CF_BETA_050::Q95::weighted_proportional,2,10,True,RECOVERABLE_ALLOCATION_EXTERNALITY,0.0438728090888,0.074552768928,43.8728090888,74.552768928
MR_K05_DISPERSED::CLUSTERED_SHORTFALL::THETA_1000::EXTERNALITY_CF_BETA_050::Q95::weighted_proportional,3,10,True,RECOVERABLE_ALLOCATION_EXTERNALITY,0.0313321030089,0.057191517012,31.3321030089,57.191517012
MR_K05_DISPERSED::CLUSTERED_SHORTFALL::THETA_1000::EXTERNALITY_CF_BETA_050::Q95::weighted_proportional,4,10,True,RECOVERABLE_ALLOCATION_EXTERNALITY,0.0414106789131,0.0586993519562,41.4106789131,58.6993519562
MR_K05_DISPERSED::CLUSTERED_SHORTFALL::THETA_1000::EXTERNALITY_CF_BETA_050::Q95::weighted_proportional,5,10,True,RECOVERABLE_ALLOCATION_EXTERNALITY,0.0196316871596,0.058500278983,19.6316871596,58.500278983
MR_K05_DISPERSED::CLUSTERED_SHORTFALL::THETA_1000::EXTERNALITY_CF_BETA_050::Q95::weighted_proportional,6,10,True,RECOVERABLE_ALLOCATION_EXTERNALITY,0.0164497187031,0.0528767762261,16.4497187031,52.8767762261
MR_K05_DISPERSED::CLUSTERED_SHORTFALL::THETA_1000::EXTERNALITY_CF_BETA_050::Q95::weighted_proportional,7,10,True,RECOVERABLE_ALLOCATION_EXTERNALITY,0.0170655544268,0.0550862957164,17.0655544268,55.0862957164
MR_K05_DISPERSED::CLUSTERED_SHORTFALL::THETA_1000::EXTERNALITY_CF_BETA_050::Q95::weighted_proportional,8,10,True,RECOVERABLE_ALLOCATION_EXTERNALITY,0.0167606174173,0.0498166754509,16.7606174173,49.8166754509
MR_K05_DISPERSED::CLUSTERED_SHORTFALL::THETA_1000::EXTERNALITY_CF_BETA_050::Q95::weighted_proportional,9,10,True,RECOVERABLE_ALLOCATION_EXTERNALITY,0.0188220880051,0.0543105944718,18.8220880051,54.3105944718
MR_K05_DISPERSED::CLUSTERED_SHORTFALL::THETA_1000::EXTERNALITY_CF_BETA_050::Q95::weighted_proportional,10,10,True,RECOVERABLE_ALLOCATION_EXTERNALITY,0.0324465704661,0.0639550789982,32.4465704661,63.9550789982
MR_K05_DISPERSED::CLUSTERED_SHORTFALL::THETA_1000::EXTERNALITY_CF_BETA_050::Q95::weighted_proportional,11,10,True,RECOVERABLE_ALLOCATION_EXTERNALITY,0.0510926567813,0.0659855213448,51.0926567813,65.9855213448
MR_K05_DISPERSED::CLUSTERED_SHORTFALL::THETA_1000::EXTERNALITY_CF_BETA_050::Q95::weighted_proportional,12,10,True,RECOVERABLE_ALLOCATION_EXTERNALITY,0.0469782879014,0.0666713319523,46.9782879014,66.6713319523
MR_K05_DISPERSED::CLUSTERED_SHORTFALL::THETA_1000::EXTERNALITY_CF_BETA_050::Q95::weighted_proportional,13,10,True,RECOVERABLE_ALLOCATION_EXTERNALITY,0.0451420269691,0.0682202493083,45.1420269691,68.2202493083
MR_K05_DISPERSED::CLUSTERED_SHORTFALL::THETA_1000::EXTERNALITY_CF_BETA_050::Q95::weighted_proportional,14,10,True,RECOVERABLE_ALLOCATION_EXTERNALITY,0.0427339640767,0.0673222279048,42.7339640767,67.3222279048
MR_K05_DISPERSED::CLUSTERED_SHORTFALL::THETA_1000::EXTERNALITY_CF_BETA_050::Q95::weighted_proportional,15,10,True,RECOVERABLE_ALLOCATION_EXTERNALITY,0.0289069106273,0.0545009304268,28.9069106273,54.5009304268
MR_K05_DISPERSED::CLUSTERED_SHORTFALL::THETA_1000::EXTERNALITY_CF_BETA_050::Q95::weighted_proportional,16,10,True,RECOVERABLE_ALLOCATION_EXTERNALITY,0.0329141664854,0.0601962658405,32.9141664854,60.1962658405
MR_K05_DISPERSED::CLUSTERED_SHORTFALL::THETA_1000::EXTERNALITY_CF_BETA_050::Q95::equal_kw_reduction,1,10,True,RECOVERABLE_ALLOCATION_EXTERNALITY,0.0230383537859,0.0472027773116,23.0383537859,47.2027773116
MR_K05_DISPERSED::CLUSTERED_SHORTFALL::THETA_1000::EXTERNALITY_CF_BETA_050::Q95::equal_kw_reduction,2,10,True,RECOVERABLE_ALLOCATION_EXTERNALITY,0.0282811397204,0.0510063822169,28.2811397204,51.0063822169
MR_K05_DISPERSED::CLUSTERED_SHORTFALL::THETA_1000::EXTERNALITY_CF_BETA_050::Q95::equal_kw_reduction,3,10,True,RECOVERABLE_ALLOCATION_EXTERNALITY,0.0162494827405,0.0365370602526,16.2494827405,36.5370602526
MR_K05_DISPERSED::CLUSTERED_SHORTFALL::THETA_1000::EXTERNALITY_CF_BETA_050::Q95::equal_kw_reduction,4,10,True,RECOVERABLE_ALLOCATION_EXTERNALITY,0.0188296839245,0.0309708496383,18.8296839245,30.9708496383
MR_K05_DISPERSED::CLUSTERED_SHORTFALL::THETA_1000::EXTERNALITY_CF_BETA_050::Q95::equal_kw_reduction,5,10,True,RECOVERABLE_ALLOCATION_EXTERNALITY,0.0180390155781,0.0392833192286,18.0390155781,39.2833192286
MR_K05_DISPERSED::CLUSTERED_SHORTFALL::THETA_1000::EXTERNALITY_CF_BETA_050::Q95::equal_kw_reduction,6,10,True,RECOVERABLE_ALLOCATION_EXTERNALITY,0.020758684285,0.0402972028217,20.758684285,40.2972028217
MR_K05_DISPERSED::CLUSTERED_SHORTFALL::THETA_1000::EXTERNALITY_CF_BETA_050::Q95::equal_kw_reduction,7,10,True,RECOVERABLE_ALLOCATION_EXTERNALITY,0.0159569120647,0.0359931699112,15.9569120647,35.9931699112
MR_K05_DISPERSED::CLUSTERED_SHORTFALL::THETA_1000::EXTERNALITY_CF_BETA_050::Q95::equal_kw_reduction,8,10,True,RECOVERABLE_ALLOCATION_EXTERNALITY,0.0113634551191,0.0281131069415,11.3634551191,28.1131069415
MR_K05_DISPERSED::CLUSTERED_SHORTFALL::THETA_1000::EXTERNALITY_CF_BETA_050::Q95::equal_kw_reduction,9,10,True,RECOVERABLE_ALLOCATION_EXTERNALITY,0.013455775661,0.0313074049949,13.455775661,31.3074049949
MR_K05_DISPERSED::CLUSTERED_SHORTFALL::THETA_1000::EXTERNALITY_CF_BETA_050::Q95::equal_kw_reduction,10,10,True,RECOVERABLE_ALLOCATION_EXTERNALITY,0.0173975741091,0.0330650471972,17.3975741091,33.0650471972
MR_K05_DISPERSED::CLUSTERED_SHORTFALL::THETA_1000::EXTERNALITY_CF_BETA_050::Q95::equal_kw_reduction,11,10,True,RECOVERABLE_ALLOCATION_EXTERNALITY,0.0164163511191,0.0361954630541,16.4163511191,36.1954630541
MR_K05_DISPERSED::CLUSTERED_SHORTFALL::THETA_1000::EXTERNALITY_CF_BETA_050::Q95::equal_kw_reduction,12,10,True,RECOVERABLE_ALLOCATION_EXTERNALITY,0.022197274254,0.0368900277534,22.197274254,36.8900277534
MR_K05_DISPERSED::CLUSTERED_SHORTFALL::THETA_1000::EXTERNALITY_CF_BETA_050::Q95::equal_kw_reduction,13,10,True,RECOVERABLE_ALLOCATION_EXTERNALITY,0.0231832203289,0.0433345253642,23.1832203289,43.3345253642
MR_K05_DISPERSED::CLUSTERED_SHORTFALL::THETA_1000::EXTERNALITY_CF_BETA_050::Q95::equal_kw_reduction,14,10,True,RECOVERABLE_ALLOCATION_EXTERNALITY,0.0210473279323,0.0397520189298,21.0473279323,39.7520189298
MR_K05_DISPERSED::CLUSTERED_SHORTFALL::THETA_1000::EXTERNALITY_CF_BETA_050::Q95::equal_kw_reduction,15,10,True,RECOVERABLE_ALLOCATION_EXTERNALITY,0.0154610321635,0.0368202691489,15.4610321635,36.8202691489
MR_K05_DISPERSED::CLUSTERED_SHORTFALL::THETA_1000::EXTERNALITY_CF_BETA_050::Q95::equal_kw_reduction,16,10,True,RECOVERABLE_ALLOCATION_EXTERNALITY,0.0190572577002,0.034483704598,19.0572577002,34.483704598
MR_K05_DISPERSED::CLUSTERED_SHORTFALL::THETA_1000::EXTERNALITY_CF_BETA_050::Q95::flat_level,1,10,True,RECOVERABLE_ALLOCATION_EXTERNALITY,0.139214964596,0.139214964596,139.214964596,139.214964596
MR_K05_DISPERSED::CLUSTERED_SHORTFALL::THETA_1000::EXTERNALITY_CF_BETA_050::Q95::flat_level,2,10,True,RECOVERABLE_ALLOCATION_EXTERNALITY,0.141707706106,0.141707706106,141.707706106,141.707706106
MR_K05_DISPERSED::CLUSTERED_SHORTFALL::THETA_1000::EXTERNALITY_CF_BETA_050::Q95::flat_level,3,10,True,RECOVERABLE_ALLOCATION_EXTERNALITY,0.128067652788,0.128067652788,128.067652788,128.067652788
MR_K05_DISPERSED::CLUSTERED_SHORTFALL::THETA_1000::EXTERNALITY_CF_BETA_050::Q95::flat_level,4,10,True,RECOVERABLE_ALLOCATION_EXTERNALITY,0.0734144575311,0.0734144575311,73.4144575311,73.4144575311
MR_K05_DISPERSED::CLUSTERED_SHORTFALL::THETA_1000::EXTERNALITY_CF_BETA_050::Q95::flat_level,5,10,True,RECOVERABLE_ALLOCATION_EXTERNALITY,0.0656082216117,0.0656082216117,65.6082216117,65.6082216117
MR_K05_DISPERSED::CLUSTERED_SHORTFALL::THETA_1000::EXTERNALITY_CF_BETA_050::Q95::flat_level,6,10,True,RECOVERABLE_ALLOCATION_EXTERNALITY,0.0114330057828,0.0114330057828,11.4330057828,11.4330057828
MR_K05_DISPERSED::CLUSTERED_SHORTFALL::THETA_1000::EXTERNALITY_CF_BETA_050::Q95::flat_level,7,10,True,RECOVERABLE_ALLOCATION_EXTERNALITY,0.0690087963595,0.0690087963595,69.0087963595,69.0087963595
MR_K05_DISPERSED::CLUSTERED_SHORTFALL::THETA_1000::EXTERNALITY_CF_BETA_050::Q95::flat_level,8,10,True,RECOVERABLE_ALLOCATION_EXTERNALITY,0.0642470387944,0.0642470387944,64.2470387944,64.2470387944
MR_K05_DISPERSED::CLUSTERED_SHORTFALL::THETA_1000::EXTERNALITY_CF_BETA_050::Q95::flat_level,9,10,True,RECOVERABLE_ALLOCATION_EXTERNALITY,0.076964859558,0.076964859558,76.964859558,76.964859558
MR_K05_DISPERSED::CLUSTERED_SHORTFALL::THETA_1000::EXTERNALITY_CF_BETA_050::Q95::flat_level,10,10,True,RECOVERABLE_ALLOCATION_EXTERNALITY,0.10092427679,0.10092427679,100.92427679,100.92427679
MR_K05_DISPERSED::CLUSTERED_SHORTFALL::THETA_1000::EXTERNALITY_CF_BETA_050::Q95::flat_level,11,10,True,RECOVERABLE_ALLOCATION_EXTERNALITY,0.0969456162393,0.0969456162393,96.9456162393,96.9456162393
MR_K05_DISPERSED::CLUSTERED_SHORTFALL::THETA_1000::EXTERNALITY_CF_BETA_050::Q95::flat_level,12,10,True,RECOVERABLE_ALLOCATION_EXTERNALITY,0.123576838243,0.123576838243,123.576838243,123.576838243
MR_K05_DISPERSED::CLUSTERED_SHORTFALL::THETA_1000::EXTERNALITY_CF_BETA_050::Q95::flat_level,13,10,True,RECOVERABLE_ALLOCATION_EXTERNALITY,0.0806776372909,0.0806776372909,80.6776372909,80.6776372909
MR_K05_DISPERSED::CLUSTERED_SHORTFALL::THETA_1000::EXTERNALITY_CF_BETA_050::Q95::flat_level,14,10,True,RECOVERABLE_ALLOCATION_EXTERNALITY,0.110183089363,0.110183089363,110.183089363,110.183089363
MR_K05_DISPERSED::CLUSTERED_SHORTFALL::THETA_1000::EXTERNALITY_CF_BETA_050::Q95::flat_level,15,10,True,RECOVERABLE_ALLOCATION_EXTERNALITY,0.0756350154776,0.0756350154776,75.6350154776,75.6350154776
MR_K05_DISPERSED::CLUSTERED_SHORTFALL::THETA_1000::EXTERNALITY_CF_BETA_050::Q95::flat_level,16,10,True,RECOVERABLE_ALLOCATION_EXTERNALITY,0.0927395910917,0.0927395910917,92.7395910917,92.7395910917
MR_K05_DISPERSED::CLUSTERED_SHORTFALL::THETA_1000::EXTERNALITY_CF_BETA_050::Q95::max_export_lp,1,10,True,RECOVERABLE_ALLOCATION_EXTERNALITY,0.043411185939,0.0434111859391,43.411185939,43.4111859391
MR_K05_DISPERSED::CLUSTERED_SHORTFALL::THETA_1000::EXTERNALITY_CF_BETA_050::Q95::max_export_lp,2,10,True,RECOVERABLE_ALLOCATION_EXTERNALITY,0.0418368177307,0.0418368177309,41.8368177307,41.8368177309
MR_K05_DISPERSED::CLUSTERED_SHORTFALL::THETA_1000::EXTERNALITY_CF_BETA_050::Q95::max_export_lp,3,10,True,RECOVERABLE_ALLOCATION_EXTERNALITY,0.0195828004817,0.0195828004818,19.5828004817,19.5828004818
MR_K05_DISPERSED::CLUSTERED_SHORTFALL::THETA_1000::EXTERNALITY_CF_BETA_050::Q95::max_export_lp,4,10,True,RECOVERABLE_ALLOCATION_EXTERNALITY,0.0350625883295,0.0350625883296,35.0625883295,35.0625883296
MR_K05_DISPERSED::CLUSTERED_SHORTFALL::THETA_1000::EXTERNALITY_CF_BETA_050::Q95::max_export_lp,5,10,True,RECOVERABLE_ALLOCATION_EXTERNALITY,0.038973619956,0.0389736199562,38.973619956,38.9736199562
MR_K05_DISPERSED::CLUSTERED_SHORTFALL::THETA_1000::EXTERNALITY_CF_BETA_050::Q95::max_export_lp,6,10,True,RECOVERABLE_ALLOCATION_EXTERNALITY,0.0419690614745,0.0419690614788,41.9690614745,41.9690614788
MR_K05_DISPERSED::CLUSTERED_SHORTFALL::THETA_1000::EXTERNALITY_CF_BETA_050::Q95::max_export_lp,7,10,True,RECOVERABLE_ALLOCATION_EXTERNALITY,0.0337135076199,0.0337135076243,33.7135076199,33.7135076243
MR_K05_DISPERSED::CLUSTERED_SHORTFALL::THETA_1000::EXTERNALITY_CF_BETA_050::Q95::max_export_lp,8,10,True,RECOVERABLE_ALLOCATION_EXTERNALITY,0.0166728308979,0.016672830898,16.6728308979,16.672830898
MR_K05_DISPERSED::CLUSTERED_SHORTFALL::THETA_1000::EXTERNALITY_CF_BETA_050::Q95::max_export_lp,9,10,True,RECOVERABLE_ALLOCATION_EXTERNALITY,0.0209788073243,0.0209788073267,20.9788073243,20.9788073267
MR_K05_DISPERSED::CLUSTERED_SHORTFALL::THETA_1000::EXTERNALITY_CF_BETA_050::Q95::max_export_lp,10,10,True,RECOVERABLE_ALLOCATION_EXTERNALITY,0.0183963765557,0.0183963765558,18.3963765557,18.3963765558
MR_K05_DISPERSED::CLUSTERED_SHORTFALL::THETA_1000::EXTERNALITY_CF_BETA_050::Q95::max_export_lp,11,10,True,RECOVERABLE_ALLOCATION_EXTERNALITY,0.0267494295721,0.0267494295721,26.7494295721,26.7494295721
MR_K05_DISPERSED::CLUSTERED_SHORTFALL::THETA_1000::EXTERNALITY_CF_BETA_050::Q95::max_export_lp,12,10,True,RECOVERABLE_ALLOCATION_EXTERNALITY,0.0292741746455,0.0292741746456,29.2741746455,29.2741746456
MR_K05_DISPERSED::CLUSTERED_SHORTFALL::THETA_1000::EXTERNALITY_CF_BETA_050::Q95::max_export_lp,13,10,True,RECOVERABLE_ALLOCATION_EXTERNALITY,0.0387351249948,0.0387351250042,38.7351249948,38.7351250042
MR_K05_DISPERSED::CLUSTERED_SHORTFALL::THETA_1000::EXTERNALITY_CF_BETA_050::Q95::max_export_lp,14,10,True,RECOVERABLE_ALLOCATION_EXTERNALITY,0.033128258605,0.0331282586092,33.128258605,33.1282586092
MR_K05_DISPERSED::CLUSTERED_SHORTFALL::THETA_1000::EXTERNALITY_CF_BETA_050::Q95::max_export_lp,15,10,True,RECOVERABLE_ALLOCATION_EXTERNALITY,0.0261314780862,0.0261314780902,26.1314780862,26.1314780902
MR_K05_DISPERSED::CLUSTERED_SHORTFALL::THETA_1000::EXTERNALITY_CF_BETA_050::Q95::max_export_lp,16,10,True,RECOVERABLE_ALLOCATION_EXTERNALITY,0.0256049456072,0.0256049456083,25.6049456072,25.6049456083
MR_K05_DISPERSED::CLUSTERED_SHORTFALL::THETA_1000::EXTERNALITY_CF_BETA_050::Q95::fairness_qp,1,10,True,RECOVERABLE_ALLOCATION_EXTERNALITY,0.0259894918655,0.0477923594624,25.9894918655,47.7923594624
MR_K05_DISPERSED::CLUSTERED_SHORTFALL::THETA_1000::EXTERNALITY_CF_BETA_050::Q95::fairness_qp,2,10,True,RECOVERABLE_ALLOCATION_EXTERNALITY,0.0287199064174,0.0487224004201,28.7199064174,48.7224004201
MR_K05_DISPERSED::CLUSTERED_SHORTFALL::THETA_1000::EXTERNALITY_CF_BETA_050::Q95::fairness_qp,3,10,True,RECOVERABLE_ALLOCATION_EXTERNALITY,0.0236968737789,0.0343363838047,23.6968737789,34.3363838047
MR_K05_DISPERSED::CLUSTERED_SHORTFALL::THETA_1000::EXTERNALITY_CF_BETA_050::Q95::fairness_qp,4,10,True,RECOVERABLE_ALLOCATION_EXTERNALITY,0.0329983561272,0.045883992035,32.9983561272,45.883992035
MR_K05_DISPERSED::CLUSTERED_SHORTFALL::THETA_1000::EXTERNALITY_CF_BETA_050::Q95::fairness_qp,5,10,True,RECOVERABLE_ALLOCATION_EXTERNALITY,0.0284808460534,0.0399351472024,28.4808460534,39.9351472024
MR_K05_DISPERSED::CLUSTERED_SHORTFALL::THETA_1000::EXTERNALITY_CF_BETA_050::Q95::fairness_qp,6,10,True,RECOVERABLE_ALLOCATION_EXTERNALITY,0.0383777243789,0.047773101623,38.3777243789,47.773101623
MR_K05_DISPERSED::CLUSTERED_SHORTFALL::THETA_1000::EXTERNALITY_CF_BETA_050::Q95::fairness_qp,7,10,True,RECOVERABLE_ALLOCATION_EXTERNALITY,0.0315076058991,0.0411629962786,31.5076058991,41.1629962786
MR_K05_DISPERSED::CLUSTERED_SHORTFALL::THETA_1000::EXTERNALITY_CF_BETA_050::Q95::fairness_qp,8,10,True,RECOVERABLE_ALLOCATION_EXTERNALITY,0.0227021466058,0.0332607570679,22.7021466058,33.2607570679
MR_K05_DISPERSED::CLUSTERED_SHORTFALL::THETA_1000::EXTERNALITY_CF_BETA_050::Q95::fairness_qp,9,10,True,RECOVERABLE_ALLOCATION_EXTERNALITY,0.0289349934595,0.0370223291887,28.9349934595,37.0223291887
MR_K05_DISPERSED::CLUSTERED_SHORTFALL::THETA_1000::EXTERNALITY_CF_BETA_050::Q95::fairness_qp,10,10,True,RECOVERABLE_ALLOCATION_EXTERNALITY,0.0233970684835,0.036602900185,23.3970684835,36.602900185
MR_K05_DISPERSED::CLUSTERED_SHORTFALL::THETA_1000::EXTERNALITY_CF_BETA_050::Q95::fairness_qp,11,10,True,RECOVERABLE_ALLOCATION_EXTERNALITY,0.0177999451351,0.031861066137,17.7999451351,31.861066137
MR_K05_DISPERSED::CLUSTERED_SHORTFALL::THETA_1000::EXTERNALITY_CF_BETA_050::Q95::fairness_qp,12,10,True,RECOVERABLE_ALLOCATION_EXTERNALITY,0.0162798823166,0.0267270651087,16.2798823166,26.7270651087
MR_K05_DISPERSED::CLUSTERED_SHORTFALL::THETA_1000::EXTERNALITY_CF_BETA_050::Q95::fairness_qp,13,10,True,RECOVERABLE_ALLOCATION_EXTERNALITY,0.0199368006383,0.0378810898525,19.9368006383,37.8810898525
MR_K05_DISPERSED::CLUSTERED_SHORTFALL::THETA_1000::EXTERNALITY_CF_BETA_050::Q95::fairness_qp,14,10,True,RECOVERABLE_ALLOCATION_EXTERNALITY,0.020097239837,0.0354231164615,20.097239837,35.4231164615
MR_K05_DISPERSED::CLUSTERED_SHORTFALL::THETA_1000::EXTERNALITY_CF_BETA_050::Q95::fairness_qp,15,10,True,RECOVERABLE_ALLOCATION_EXTERNALITY,0.00729998470118,0.0262647203031,7.29998470118,26.2647203031
MR_K05_DISPERSED::CLUSTERED_SHORTFALL::THETA_1000::EXTERNALITY_CF_BETA_050::Q95::fairness_qp,16,10,True,RECOVERABLE_ALLOCATION_EXTERNALITY,0.0199607245004,0.0373628577313,19.9607245004,37.3628577313
MR_K05_DISPERSED::INTERMITTENT_SHORTFALL::THETA_0000::EXTERNALITY_CF_BETA_050::Q0::weighted_proportional,1,0,True,RECOVERABLE_ALLOCATION_EXTERNALITY,0.082444600482,0.127847536888,82.444600482,127.847536888
MR_K05_DISPERSED::INTERMITTENT_SHORTFALL::THETA_0000::EXTERNALITY_CF_BETA_050::Q0::weighted_proportional,2,0,False,NO_NET_DELIVERY_RECOVERY,-0.00146257589882,0.057598981375,-1.46257589882,57.598981375
MR_K05_DISPERSED::INTERMITTENT_SHORTFALL::THETA_0000::EXTERNALITY_CF_BETA_050::Q0::weighted_proportional,3,0,True,RECOVERABLE_ALLOCATION_EXTERNALITY,0.0683742934399,0.10191059685,68.3742934399,101.91059685
MR_K05_DISPERSED::INTERMITTENT_SHORTFALL::THETA_0000::EXTERNALITY_CF_BETA_050::Q0::weighted_proportional,4,0,True,RECOVERABLE_ALLOCATION_EXTERNALITY,0.0619688300716,0.0967286503838,61.9688300716,96.7286503838
MR_K05_DISPERSED::INTERMITTENT_SHORTFALL::THETA_0000::EXTERNALITY_CF_BETA_050::Q0::weighted_proportional,5,0,True,RECOVERABLE_ALLOCATION_EXTERNALITY,0.0349676391831,0.0782817466766,34.9676391831,78.2817466766
MR_K05_DISPERSED::INTERMITTENT_SHORTFALL::THETA_0000::EXTERNALITY_CF_BETA_050::Q0::weighted_proportional,6,0,True,RECOVERABLE_ALLOCATION_EXTERNALITY,0.0383157883618,0.082339871838,38.3157883618,82.339871838
MR_K05_DISPERSED::INTERMITTENT_SHORTFALL::THETA_0000::EXTERNALITY_CF_BETA_050::Q0::weighted_proportional,7,0,True,RECOVERABLE_ALLOCATION_EXTERNALITY,0.0728997666623,0.109294740672,72.8997666623,109.294740672
MR_K05_DISPERSED::INTERMITTENT_SHORTFALL::THETA_0000::EXTERNALITY_CF_BETA_050::Q0::weighted_proportional,8,0,True,RECOVERABLE_ALLOCATION_EXTERNALITY,0.0273274744863,0.0699549821522,27.3274744863,69.9549821522
MR_K05_DISPERSED::INTERMITTENT_SHORTFALL::THETA_0000::EXTERNALITY_CF_BETA_050::Q0::weighted_proportional,9,0,True,RECOVERABLE_ALLOCATION_EXTERNALITY,0.0243550969346,0.0754118937353,24.3550969346,75.4118937353
MR_K05_DISPERSED::INTERMITTENT_SHORTFALL::THETA_0000::EXTERNALITY_CF_BETA_050::Q0::weighted_proportional,10,0,True,RECOVERABLE_ALLOCATION_EXTERNALITY,0.0664656960833,0.102622152192,66.4656960833,102.622152192
MR_K05_DISPERSED::INTERMITTENT_SHORTFALL::THETA_0000::EXTERNALITY_CF_BETA_050::Q0::weighted_proportional,11,0,True,RECOVERABLE_ALLOCATION_EXTERNALITY,0.0427321111581,0.0826918403519,42.7321111581,82.6918403519
MR_K05_DISPERSED::INTERMITTENT_SHORTFALL::THETA_0000::EXTERNALITY_CF_BETA_050::Q0::weighted_proportional,12,0,True,RECOVERABLE_ALLOCATION_EXTERNALITY,0.0286738148587,0.0751968120628,28.6738148587,75.1968120628
MR_K05_DISPERSED::INTERMITTENT_SHORTFALL::THETA_0000::EXTERNALITY_CF_BETA_050::Q0::weighted_proportional,13,0,True,RECOVERABLE_ALLOCATION_EXTERNALITY,0.0725080928208,0.109433040429,72.5080928208,109.433040429
MR_K05_DISPERSED::INTERMITTENT_SHORTFALL::THETA_0000::EXTERNALITY_CF_BETA_050::Q0::weighted_proportional,14,0,True,RECOVERABLE_ALLOCATION_EXTERNALITY,0.0543677849904,0.0911402881777,54.3677849904,91.1402881777
MR_K05_DISPERSED::INTERMITTENT_SHORTFALL::THETA_0000::EXTERNALITY_CF_BETA_050::Q0::weighted_proportional,15,0,True,RECOVERABLE_ALLOCATION_EXTERNALITY,0.0145240274142,0.0635766129427,14.5240274142,63.5766129427
MR_K05_DISPERSED::INTERMITTENT_SHORTFALL::THETA_0000::EXTERNALITY_CF_BETA_050::Q0::weighted_proportional,16,0,True,RECOVERABLE_ALLOCATION_EXTERNALITY,0.0605221622563,0.103209555836,60.5221622563,103.209555836
MR_K05_DISPERSED::INTERMITTENT_SHORTFALL::THETA_0000::EXTERNALITY_CF_BETA_050::Q0::equal_kw_reduction,1,0,True,RECOVERABLE_ALLOCATION_EXTERNALITY,0.0619552289938,0.0917697911676,61.9552289938,91.7697911676
MR_K05_DISPERSED::INTERMITTENT_SHORTFALL::THETA_0000::EXTERNALITY_CF_BETA_050::Q0::equal_kw_reduction,2,0,True,RECOVERABLE_ALLOCATION_EXTERNALITY,0.0242882102094,0.0550461094981,24.2882102094,55.0461094981
MR_K05_DISPERSED::INTERMITTENT_SHORTFALL::THETA_0000::EXTERNALITY_CF_BETA_050::Q0::equal_kw_reduction,3,0,True,RECOVERABLE_ALLOCATION_EXTERNALITY,0.0382775321196,0.0689029486294,38.2775321196,68.9029486294
MR_K05_DISPERSED::INTERMITTENT_SHORTFALL::THETA_0000::EXTERNALITY_CF_BETA_050::Q0::equal_kw_reduction,4,0,True,RECOVERABLE_ALLOCATION_EXTERNALITY,0.0450018832265,0.0675079475153,45.0018832265,67.5079475153
MR_K05_DISPERSED::INTERMITTENT_SHORTFALL::THETA_0000::EXTERNALITY_CF_BETA_050::Q0::equal_kw_reduction,5,0,True,RECOVERABLE_ALLOCATION_EXTERNALITY,0.037604442394,0.0641187536373,37.604442394,64.1187536373
MR_K05_DISPERSED::INTERMITTENT_SHORTFALL::THETA_0000::EXTERNALITY_CF_BETA_050::Q0::equal_kw_reduction,6,0,True,RECOVERABLE_ALLOCATION_EXTERNALITY,0.0361417739337,0.0599649267998,36.1417739337,59.9649267998
MR_K05_DISPERSED::INTERMITTENT_SHORTFALL::THETA_0000::EXTERNALITY_CF_BETA_050::Q0::equal_kw_reduction,7,0,True,RECOVERABLE_ALLOCATION_EXTERNALITY,0.0545143998572,0.0788180513715,54.5143998572,78.8180513715
MR_K05_DISPERSED::INTERMITTENT_SHORTFALL::THETA_0000::EXTERNALITY_CF_BETA_050::Q0::equal_kw_reduction,8,0,True,RECOVERABLE_ALLOCATION_EXTERNALITY,0.0313035066673,0.0567654415144,31.3035066673,56.7654415144
MR_K05_DISPERSED::INTERMITTENT_SHORTFALL::THETA_0000::EXTERNALITY_CF_BETA_050::Q0::equal_kw_reduction,9,0,True,RECOVERABLE_ALLOCATION_EXTERNALITY,0.0301578531766,0.059037974915,30.1578531766,59.037974915
MR_K05_DISPERSED::INTERMITTENT_SHORTFALL::THETA_0000::EXTERNALITY_CF_BETA_050::Q0::equal_kw_reduction,10,0,True,RECOVERABLE_ALLOCATION_EXTERNALITY,0.0390840268921,0.0662253524435,39.0840268921,66.2253524435
MR_K05_DISPERSED::INTERMITTENT_SHORTFALL::THETA_0000::EXTERNALITY_CF_BETA_050::Q0::equal_kw_reduction,11,0,True,RECOVERABLE_ALLOCATION_EXTERNALITY,0.0454725729025,0.0698091800259,45.4725729025,69.8091800259
MR_K05_DISPERSED::INTERMITTENT_SHORTFALL::THETA_0000::EXTERNALITY_CF_BETA_050::Q0::equal_kw_reduction,12,0,True,RECOVERABLE_ALLOCATION_EXTERNALITY,0.0243856531057,0.049250541798,24.3856531057,49.250541798
MR_K05_DISPERSED::INTERMITTENT_SHORTFALL::THETA_0000::EXTERNALITY_CF_BETA_050::Q0::equal_kw_reduction,13,0,True,RECOVERABLE_ALLOCATION_EXTERNALITY,0.0555003424188,0.0804589069867,55.5003424188,80.4589069867
MR_K05_DISPERSED::INTERMITTENT_SHORTFALL::THETA_0000::EXTERNALITY_CF_BETA_050::Q0::equal_kw_reduction,14,0,True,RECOVERABLE_ALLOCATION_EXTERNALITY,0.0460735786293,0.0678282331765,46.0735786293,67.8282331765
MR_K05_DISPERSED::INTERMITTENT_SHORTFALL::THETA_0000::EXTERNALITY_CF_BETA_050::Q0::equal_kw_reduction,15,0,True,RECOVERABLE_ALLOCATION_EXTERNALITY,0.0180568087647,0.0425982330279,18.0568087647,42.5982330279
MR_K05_DISPERSED::INTERMITTENT_SHORTFALL::THETA_0000::EXTERNALITY_CF_BETA_050::Q0::equal_kw_reduction,16,0,True,RECOVERABLE_ALLOCATION_EXTERNALITY,0.0548918356923,0.082386870015,54.8918356923,82.386870015
MR_K05_DISPERSED::INTERMITTENT_SHORTFALL::THETA_0000::EXTERNALITY_CF_BETA_050::Q0::flat_level,1,0,True,RECOVERABLE_ALLOCATION_EXTERNALITY,0.164130573782,0.164130573782,164.130573782,164.130573782
MR_K05_DISPERSED::INTERMITTENT_SHORTFALL::THETA_0000::EXTERNALITY_CF_BETA_050::Q0::flat_level,2,0,True,RECOVERABLE_ALLOCATION_EXTERNALITY,0.0910729577008,0.0910729577008,91.0729577008,91.0729577008
MR_K05_DISPERSED::INTERMITTENT_SHORTFALL::THETA_0000::EXTERNALITY_CF_BETA_050::Q0::flat_level,3,0,True,RECOVERABLE_ALLOCATION_EXTERNALITY,0.226449566426,0.226449566426,226.449566426,226.449566426
MR_K05_DISPERSED::INTERMITTENT_SHORTFALL::THETA_0000::EXTERNALITY_CF_BETA_050::Q0::flat_level,4,0,True,RECOVERABLE_ALLOCATION_EXTERNALITY,0.120703052773,0.120703052773,120.703052773,120.703052773
MR_K05_DISPERSED::INTERMITTENT_SHORTFALL::THETA_0000::EXTERNALITY_CF_BETA_050::Q0::flat_level,5,0,True,RECOVERABLE_ALLOCATION_EXTERNALITY,0.0929954137556,0.0929954137556,92.9954137556,92.9954137556
MR_K05_DISPERSED::INTERMITTENT_SHORTFALL::THETA_0000::EXTERNALITY_CF_BETA_050::Q0::flat_level,6,0,True,RECOVERABLE_ALLOCATION_EXTERNALITY,0.122726559768,0.122726559768,122.726559768,122.726559768
MR_K05_DISPERSED::INTERMITTENT_SHORTFALL::THETA_0000::EXTERNALITY_CF_BETA_050::Q0::flat_level,7,0,True,RECOVERABLE_ALLOCATION_EXTERNALITY,0.184193770746,0.184193770746,184.193770746,184.193770746
MR_K05_DISPERSED::INTERMITTENT_SHORTFALL::THETA_0000::EXTERNALITY_CF_BETA_050::Q0::flat_level,8,0,True,RECOVERABLE_ALLOCATION_EXTERNALITY,0.0843388675351,0.0843388675351,84.3388675351,84.3388675351
MR_K05_DISPERSED::INTERMITTENT_SHORTFALL::THETA_0000::EXTERNALITY_CF_BETA_050::Q0::flat_level,9,0,True,RECOVERABLE_ALLOCATION_EXTERNALITY,0.129162865717,0.129162865717,129.162865717,129.162865717
MR_K05_DISPERSED::INTERMITTENT_SHORTFALL::THETA_0000::EXTERNALITY_CF_BETA_050::Q0::flat_level,10,0,True,RECOVERABLE_ALLOCATION_EXTERNALITY,0.21681553199,0.21681553199,216.81553199,216.81553199
MR_K05_DISPERSED::INTERMITTENT_SHORTFALL::THETA_0000::EXTERNALITY_CF_BETA_050::Q0::flat_level,11,0,True,RECOVERABLE_ALLOCATION_EXTERNALITY,0.0861172699852,0.0861172699852,86.1172699852,86.1172699852
MR_K05_DISPERSED::INTERMITTENT_SHORTFALL::THETA_0000::EXTERNALITY_CF_BETA_050::Q0::flat_level,12,0,True,RECOVERABLE_ALLOCATION_EXTERNALITY,0.163605406035,0.163605406035,163.605406035,163.605406035
MR_K05_DISPERSED::INTERMITTENT_SHORTFALL::THETA_0000::EXTERNALITY_CF_BETA_050::Q0::flat_level,13,0,True,RECOVERABLE_ALLOCATION_EXTERNALITY,0.157016589834,0.157016589834,157.016589834,157.016589834
MR_K05_DISPERSED::INTERMITTENT_SHORTFALL::THETA_0000::EXTERNALITY_CF_BETA_050::Q0::flat_level,14,0,True,RECOVERABLE_ALLOCATION_EXTERNALITY,0.116944294853,0.116944294853,116.944294853,116.944294853
MR_K05_DISPERSED::INTERMITTENT_SHORTFALL::THETA_0000::EXTERNALITY_CF_BETA_050::Q0::flat_level,15,0,True,RECOVERABLE_ALLOCATION_EXTERNALITY,0.106190664248,0.106190664248,106.190664248,106.190664248
MR_K05_DISPERSED::INTERMITTENT_SHORTFALL::THETA_0000::EXTERNALITY_CF_BETA_050::Q0::flat_level,16,0,True,RECOVERABLE_ALLOCATION_EXTERNALITY,0.18902632752,0.18902632752,189.02632752,189.02632752
MR_K05_DISPERSED::INTERMITTENT_SHORTFALL::THETA_0000::EXTERNALITY_CF_BETA_050::Q0::max_export_lp,1,0,True,RECOVERABLE_ALLOCATION_EXTERNALITY,0.0902490641777,0.0902490641779,90.2490641777,90.2490641779
MR_K05_DISPERSED::INTERMITTENT_SHORTFALL::THETA_0000::EXTERNALITY_CF_BETA_050::Q0::max_export_lp,2,0,True,RECOVERABLE_ALLOCATION_EXTERNALITY,0.0633947400188,0.0633947400195,63.3947400188,63.3947400195
MR_K05_DISPERSED::INTERMITTENT_SHORTFALL::THETA_0000::EXTERNALITY_CF_BETA_050::Q0::max_export_lp,3,0,True,RECOVERABLE_ALLOCATION_EXTERNALITY,0.0281252489857,0.0281252489858,28.1252489857,28.1252489858
MR_K05_DISPERSED::INTERMITTENT_SHORTFALL::THETA_0000::EXTERNALITY_CF_BETA_050::Q0::max_export_lp,4,0,True,RECOVERABLE_ALLOCATION_EXTERNALITY,0.048823296446,0.0488232964466,48.823296446,48.8232964466
MR_K05_DISPERSED::INTERMITTENT_SHORTFALL::THETA_0000::EXTERNALITY_CF_BETA_050::Q0::max_export_lp,5,0,True,RECOVERABLE_ALLOCATION_EXTERNALITY,0.0598793653062,0.0598793653071,59.8793653062,59.8793653071
MR_K05_DISPERSED::INTERMITTENT_SHORTFALL::THETA_0000::EXTERNALITY_CF_BETA_050::Q0::max_export_lp,6,0,True,RECOVERABLE_ALLOCATION_EXTERNALITY,0.0485384209655,0.0485384209656,48.5384209655,48.5384209656
MR_K05_DISPERSED::INTERMITTENT_SHORTFALL::THETA_0000::EXTERNALITY_CF_BETA_050::Q0::max_export_lp,7,0,True,RECOVERABLE_ALLOCATION_EXTERNALITY,0.0445831748606,0.0445831748607,44.5831748606,44.5831748607
MR_K05_DISPERSED::INTERMITTENT_SHORTFALL::THETA_0000::EXTERNALITY_CF_BETA_050::Q0::max_export_lp,8,0,True,RECOVERABLE_ALLOCATION_EXTERNALITY,0.0445071805752,0.0445071805753,44.5071805752,44.5071805753
MR_K05_DISPERSED::INTERMITTENT_SHORTFALL::THETA_0000::EXTERNALITY_CF_BETA_050::Q0::max_export_lp,9,0,True,RECOVERABLE_ALLOCATION_EXTERNALITY,0.0581815156439,0.058181515644,58.1815156439,58.181515644
MR_K05_DISPERSED::INTERMITTENT_SHORTFALL::THETA_0000::EXTERNALITY_CF_BETA_050::Q0::max_export_lp,10,0,True,RECOVERABLE_ALLOCATION_EXTERNALITY,0.0219402363149,0.0219402363149,21.9402363149,21.9402363149
MR_K05_DISPERSED::INTERMITTENT_SHORTFALL::THETA_0000::EXTERNALITY_CF_BETA_050::Q0::max_export_lp,11,0,True,RECOVERABLE_ALLOCATION_EXTERNALITY,0.05819331217,0.0581933121702,58.19331217,58.1933121702
MR_K05_DISPERSED::INTERMITTENT_SHORTFALL::THETA_0000::EXTERNALITY_CF_BETA_050::Q0::max_export_lp,12,0,True,RECOVERABLE_ALLOCATION_EXTERNALITY,0.0485151931442,0.0485151931446,48.5151931442,48.5151931446
MR_K05_DISPERSED::INTERMITTENT_SHORTFALL::THETA_0000::EXTERNALITY_CF_BETA_050::Q0::max_export_lp,13,0,True,RECOVERABLE_ALLOCATION_EXTERNALITY,0.0500241722211,0.0500241722215,50.0241722211,50.0241722215
MR_K05_DISPERSED::INTERMITTENT_SHORTFALL::THETA_0000::EXTERNALITY_CF_BETA_050::Q0::max_export_lp,14,0,True,RECOVERABLE_ALLOCATION_EXTERNALITY,0.0574533406064,0.0574533406064,57.4533406064,57.4533406064
MR_K05_DISPERSED::INTERMITTENT_SHORTFALL::THETA_0000::EXTERNALITY_CF_BETA_050::Q0::max_export_lp,15,0,True,RECOVERABLE_ALLOCATION_EXTERNALITY,0.0447647975406,0.0447647975407,44.7647975406,44.7647975407
MR_K05_DISPERSED::INTERMITTENT_SHORTFALL::THETA_0000::EXTERNALITY_CF_BETA_050::Q0::max_export_lp,16,0,True,RECOVERABLE_ALLOCATION_EXTERNALITY,0.0484758232778,0.0484758232781,48.4758232778,48.4758232781
MR_K05_DISPERSED::INTERMITTENT_SHORTFALL::THETA_0000::EXTERNALITY_CF_BETA_050::Q0::fairness_qp,1,0,True,RECOVERABLE_ALLOCATION_EXTERNALITY,0.0321526126985,0.0626666150211,32.1526126985,62.6666150211
MR_K05_DISPERSED::INTERMITTENT_SHORTFALL::THETA_0000::EXTERNALITY_CF_BETA_050::Q0::fairness_qp,2,0,True,RECOVERABLE_ALLOCATION_EXTERNALITY,0.0368891711444,0.057071276164,36.8891711444,57.071276164
MR_K05_DISPERSED::INTERMITTENT_SHORTFALL::THETA_0000::EXTERNALITY_CF_BETA_050::Q0::fairness_qp,3,0,True,RECOVERABLE_ALLOCATION_EXTERNALITY,0.0265037408326,0.0487370870422,26.5037408326,48.7370870422
MR_K05_DISPERSED::INTERMITTENT_SHORTFALL::THETA_0000::EXTERNALITY_CF_BETA_050::Q0::fairness_qp,4,0,True,RECOVERABLE_ALLOCATION_EXTERNALITY,0.04039643342,0.0531987211895,40.39643342,53.1987211895
MR_K05_DISPERSED::INTERMITTENT_SHORTFALL::THETA_0000::EXTERNALITY_CF_BETA_050::Q0::fairness_qp,5,0,True,RECOVERABLE_ALLOCATION_EXTERNALITY,0.0295927149522,0.0482232831841,29.5927149522,48.2232831841
MR_K05_DISPERSED::INTERMITTENT_SHORTFALL::THETA_0000::EXTERNALITY_CF_BETA_050::Q0::fairness_qp,6,0,True,RECOVERABLE_ALLOCATION_EXTERNALITY,0.0426601063854,0.0545193052547,42.6601063854,54.5193052547
MR_K05_DISPERSED::INTERMITTENT_SHORTFALL::THETA_0000::EXTERNALITY_CF_BETA_050::Q0::fairness_qp,7,0,True,RECOVERABLE_ALLOCATION_EXTERNALITY,0.0463413605505,0.0626304849975,46.3413605505,62.6304849975
MR_K05_DISPERSED::INTERMITTENT_SHORTFALL::THETA_0000::EXTERNALITY_CF_BETA_050::Q0::fairness_qp,8,0,True,RECOVERABLE_ALLOCATION_EXTERNALITY,0.0243285337768,0.0438674555598,24.3285337768,43.8674555598
MR_K05_DISPERSED::INTERMITTENT_SHORTFALL::THETA_0000::EXTERNALITY_CF_BETA_050::Q0::fairness_qp,9,0,True,RECOVERABLE_ALLOCATION_EXTERNALITY,0.0400474934014,0.0589880423321,40.0474934014,58.9880423321
MR_K05_DISPERSED::INTERMITTENT_SHORTFALL::THETA_0000::EXTERNALITY_CF_BETA_050::Q0::fairness_qp,10,0,True,RECOVERABLE_ALLOCATION_EXTERNALITY,0.039233515295,0.0557947041828,39.233515295,55.7947041828
MR_K05_DISPERSED::INTERMITTENT_SHORTFALL::THETA_0000::EXTERNALITY_CF_BETA_050::Q0::fairness_qp,11,0,True,RECOVERABLE_ALLOCATION_EXTERNALITY,0.0374690272137,0.0578308297273,37.4690272137,57.8308297273
MR_K05_DISPERSED::INTERMITTENT_SHORTFALL::THETA_0000::EXTERNALITY_CF_BETA_050::Q0::fairness_qp,12,0,True,RECOVERABLE_ALLOCATION_EXTERNALITY,0.0321207067247,0.0472389919895,32.1207067247,47.2389919895
MR_K05_DISPERSED::INTERMITTENT_SHORTFALL::THETA_0000::EXTERNALITY_CF_BETA_050::Q0::fairness_qp,13,0,True,RECOVERABLE_ALLOCATION_EXTERNALITY,0.046786481311,0.0609512382573,46.786481311,60.9512382573
MR_K05_DISPERSED::INTERMITTENT_SHORTFALL::THETA_0000::EXTERNALITY_CF_BETA_050::Q0::fairness_qp,14,0,True,RECOVERABLE_ALLOCATION_EXTERNALITY,0.0406904186507,0.055852765137,40.6904186507,55.852765137
MR_K05_DISPERSED::INTERMITTENT_SHORTFALL::THETA_0000::EXTERNALITY_CF_BETA_050::Q0::fairness_qp,15,0,True,RECOVERABLE_ALLOCATION_EXTERNALITY,0.0256331266679,0.0399867451093,25.6331266679,39.9867451093
MR_K05_DISPERSED::INTERMITTENT_SHORTFALL::THETA_0000::EXTERNALITY_CF_BETA_050::Q0::fairness_qp,16,0,True,RECOVERABLE_ALLOCATION_EXTERNALITY,0.0451727826223,0.0638614169403,45.1727826223,63.8614169403
MR_K05_DISPERSED::INTERMITTENT_SHORTFALL::THETA_0000::EXTERNALITY_CF_BETA_050::Q95::weighted_proportional,1,0,True,RECOVERABLE_ALLOCATION_EXTERNALITY,0.0824446004848,0.127847536891,82.4446004848,127.847536891
MR_K05_DISPERSED::INTERMITTENT_SHORTFALL::THETA_0000::EXTERNALITY_CF_BETA_050::Q95::weighted_proportional,2,0,False,NO_NET_DELIVERY_RECOVERY,-0.0014625759064,0.0575989813673,-1.4625759064,57.5989813673
MR_K05_DISPERSED::INTERMITTENT_SHORTFALL::THETA_0000::EXTERNALITY_CF_BETA_050::Q95::weighted_proportional,3,0,True,RECOVERABLE_ALLOCATION_EXTERNALITY,0.068374293442,0.101910596852,68.374293442,101.910596852
MR_K05_DISPERSED::INTERMITTENT_SHORTFALL::THETA_0000::EXTERNALITY_CF_BETA_050::Q95::weighted_proportional,4,0,True,RECOVERABLE_ALLOCATION_EXTERNALITY,0.0619688300721,0.0967286503841,61.9688300721,96.7286503841
MR_K05_DISPERSED::INTERMITTENT_SHORTFALL::THETA_0000::EXTERNALITY_CF_BETA_050::Q95::weighted_proportional,5,0,True,RECOVERABLE_ALLOCATION_EXTERNALITY,0.0349676391783,0.0782817466716,34.9676391783,78.2817466716
MR_K05_DISPERSED::INTERMITTENT_SHORTFALL::THETA_0000::EXTERNALITY_CF_BETA_050::Q95::weighted_proportional,6,0,True,RECOVERABLE_ALLOCATION_EXTERNALITY,0.0383157883602,0.0823398718363,38.3157883602,82.3398718363
MR_K05_DISPERSED::INTERMITTENT_SHORTFALL::THETA_0000::EXTERNALITY_CF_BETA_050::Q95::weighted_proportional,7,0,True,RECOVERABLE_ALLOCATION_EXTERNALITY,0.0728997666622,0.109294740672,72.8997666622,109.294740672
MR_K05_DISPERSED::INTERMITTENT_SHORTFALL::THETA_0000::EXTERNALITY_CF_BETA_050::Q95::weighted_proportional,8,0,True,RECOVERABLE_ALLOCATION_EXTERNALITY,0.0273274744882,0.0699549821539,27.3274744882,69.9549821539
MR_K05_DISPERSED::INTERMITTENT_SHORTFALL::THETA_0000::EXTERNALITY_CF_BETA_050::Q95::weighted_proportional,9,0,True,RECOVERABLE_ALLOCATION_EXTERNALITY,0.0243550969327,0.0754118937333,24.3550969327,75.4118937333
MR_K05_DISPERSED::INTERMITTENT_SHORTFALL::THETA_0000::EXTERNALITY_CF_BETA_050::Q95::weighted_proportional,10,0,True,RECOVERABLE_ALLOCATION_EXTERNALITY,0.0664656960839,0.102622152192,66.4656960839,102.622152192
MR_K05_DISPERSED::INTERMITTENT_SHORTFALL::THETA_0000::EXTERNALITY_CF_BETA_050::Q95::weighted_proportional,11,0,True,RECOVERABLE_ALLOCATION_EXTERNALITY,0.0427321111553,0.082691840349,42.7321111553,82.691840349
MR_K05_DISPERSED::INTERMITTENT_SHORTFALL::THETA_0000::EXTERNALITY_CF_BETA_050::Q95::weighted_proportional,12,0,True,RECOVERABLE_ALLOCATION_EXTERNALITY,0.0286738148497,0.0751968120537,28.6738148497,75.1968120537
MR_K05_DISPERSED::INTERMITTENT_SHORTFALL::THETA_0000::EXTERNALITY_CF_BETA_050::Q95::weighted_proportional,13,0,True,RECOVERABLE_ALLOCATION_EXTERNALITY,0.0725080928216,0.10943304043,72.5080928216,109.43304043
MR_K05_DISPERSED::INTERMITTENT_SHORTFALL::THETA_0000::EXTERNALITY_CF_BETA_050::Q95::weighted_proportional,14,0,True,RECOVERABLE_ALLOCATION_EXTERNALITY,0.0543677849915,0.0911402881789,54.3677849915,91.1402881789
MR_K05_DISPERSED::INTERMITTENT_SHORTFALL::THETA_0000::EXTERNALITY_CF_BETA_050::Q95::weighted_proportional,15,0,True,RECOVERABLE_ALLOCATION_EXTERNALITY,0.0145240274155,0.0635766129441,14.5240274155,63.5766129441
MR_K05_DISPERSED::INTERMITTENT_SHORTFALL::THETA_0000::EXTERNALITY_CF_BETA_050::Q95::weighted_proportional,16,0,True,RECOVERABLE_ALLOCATION_EXTERNALITY,0.0605221622577,0.103209555837,60.5221622577,103.209555837
MR_K05_DISPERSED::INTERMITTENT_SHORTFALL::THETA_0000::EXTERNALITY_CF_BETA_050::Q95::equal_kw_reduction,1,0,True,RECOVERABLE_ALLOCATION_EXTERNALITY,0.0619552289938,0.0917697911676,61.9552289938,91.7697911676
MR_K05_DISPERSED::INTERMITTENT_SHORTFALL::THETA_0000::EXTERNALITY_CF_BETA_050::Q95::equal_kw_reduction,2,0,True,RECOVERABLE_ALLOCATION_EXTERNALITY,0.0242882102094,0.0550461094981,24.2882102094,55.0461094981
MR_K05_DISPERSED::INTERMITTENT_SHORTFALL::THETA_0000::EXTERNALITY_CF_BETA_050::Q95::equal_kw_reduction,3,0,True,RECOVERABLE_ALLOCATION_EXTERNALITY,0.0382775321196,0.0689029486294,38.2775321196,68.9029486294
MR_K05_DISPERSED::INTERMITTENT_SHORTFALL::THETA_0000::EXTERNALITY_CF_BETA_050::Q95::equal_kw_reduction,4,0,True,RECOVERABLE_ALLOCATION_EXTERNALITY,0.0450018832265,0.0675079475153,45.0018832265,67.5079475153
MR_K05_DISPERSED::INTERMITTENT_SHORTFALL::THETA_0000::EXTERNALITY_CF_BETA_050::Q95::equal_kw_reduction,5,0,True,RECOVERABLE_ALLOCATION_EXTERNALITY,0.037604442394,0.0641187536373,37.604442394,64.1187536373
MR_K05_DISPERSED::INTERMITTENT_SHORTFALL::THETA_0000::EXTERNALITY_CF_BETA_050::Q95::equal_kw_reduction,6,0,True,RECOVERABLE_ALLOCATION_EXTERNALITY,0.0361417739337,0.0599649267998,36.1417739337,59.9649267998
MR_K05_DISPERSED::INTERMITTENT_SHORTFALL::THETA_0000::EXTERNALITY_CF_BETA_050::Q95::equal_kw_reduction,7,0,True,RECOVERABLE_ALLOCATION_EXTERNALITY,0.0545143998572,0.0788180513715,54.5143998572,78.8180513715
MR_K05_DISPERSED::INTERMITTENT_SHORTFALL::THETA_0000::EXTERNALITY_CF_BETA_050::Q95::equal_kw_reduction,8,0,True,RECOVERABLE_ALLOCATION_EXTERNALITY,0.0313035066673,0.0567654415144,31.3035066673,56.7654415144
MR_K05_DISPERSED::INTERMITTENT_SHORTFALL::THETA_0000::EXTERNALITY_CF_BETA_050::Q95::equal_kw_reduction,9,0,True,RECOVERABLE_ALLOCATION_EXTERNALITY,0.0301578531766,0.059037974915,30.1578531766,59.037974915
MR_K05_DISPERSED::INTERMITTENT_SHORTFALL::THETA_0000::EXTERNALITY_CF_BETA_050::Q95::equal_kw_reduction,10,0,True,RECOVERABLE_ALLOCATION_EXTERNALITY,0.0390840268921,0.0662253524435,39.0840268921,66.2253524435
MR_K05_DISPERSED::INTERMITTENT_SHORTFALL::THETA_0000::EXTERNALITY_CF_BETA_050::Q95::equal_kw_reduction,11,0,True,RECOVERABLE_ALLOCATION_EXTERNALITY,0.0454725729025,0.0698091800259,45.4725729025,69.8091800259
MR_K05_DISPERSED::INTERMITTENT_SHORTFALL::THETA_0000::EXTERNALITY_CF_BETA_050::Q95::equal_kw_reduction,12,0,True,RECOVERABLE_ALLOCATION_EXTERNALITY,0.0243856531057,0.049250541798,24.3856531057,49.250541798
MR_K05_DISPERSED::INTERMITTENT_SHORTFALL::THETA_0000::EXTERNALITY_CF_BETA_050::Q95::equal_kw_reduction,13,0,True,RECOVERABLE_ALLOCATION_EXTERNALITY,0.0555003424188,0.0804589069867,55.5003424188,80.4589069867
MR_K05_DISPERSED::INTERMITTENT_SHORTFALL::THETA_0000::EXTERNALITY_CF_BETA_050::Q95::equal_kw_reduction,14,0,True,RECOVERABLE_ALLOCATION_EXTERNALITY,0.0460735786293,0.0678282331765,46.0735786293,67.8282331765
MR_K05_DISPERSED::INTERMITTENT_SHORTFALL::THETA_0000::EXTERNALITY_CF_BETA_050::Q95::equal_kw_reduction,15,0,True,RECOVERABLE_ALLOCATION_EXTERNALITY,0.0180568087647,0.0425982330279,18.0568087647,42.5982330279
MR_K05_DISPERSED::INTERMITTENT_SHORTFALL::THETA_0000::EXTERNALITY_CF_BETA_050::Q95::equal_kw_reduction,16,0,True,RECOVERABLE_ALLOCATION_EXTERNALITY,0.0548918356923,0.082386870015,54.8918356923,82.386870015
MR_K05_DISPERSED::INTERMITTENT_SHORTFALL::THETA_0000::EXTERNALITY_CF_BETA_050::Q95::flat_level,1,0,True,RECOVERABLE_ALLOCATION_EXTERNALITY,0.164130573782,0.164130573782,164.130573782,164.130573782
MR_K05_DISPERSED::INTERMITTENT_SHORTFALL::THETA_0000::EXTERNALITY_CF_BETA_050::Q95::flat_level,2,0,True,RECOVERABLE_ALLOCATION_EXTERNALITY,0.0910729577008,0.0910729577008,91.0729577008,91.0729577008
MR_K05_DISPERSED::INTERMITTENT_SHORTFALL::THETA_0000::EXTERNALITY_CF_BETA_050::Q95::flat_level,3,0,True,RECOVERABLE_ALLOCATION_EXTERNALITY,0.226449566426,0.226449566426,226.449566426,226.449566426
MR_K05_DISPERSED::INTERMITTENT_SHORTFALL::THETA_0000::EXTERNALITY_CF_BETA_050::Q95::flat_level,4,0,True,RECOVERABLE_ALLOCATION_EXTERNALITY,0.120703052773,0.120703052773,120.703052773,120.703052773
MR_K05_DISPERSED::INTERMITTENT_SHORTFALL::THETA_0000::EXTERNALITY_CF_BETA_050::Q95::flat_level,5,0,True,RECOVERABLE_ALLOCATION_EXTERNALITY,0.0929954137556,0.0929954137556,92.9954137556,92.9954137556
MR_K05_DISPERSED::INTERMITTENT_SHORTFALL::THETA_0000::EXTERNALITY_CF_BETA_050::Q95::flat_level,6,0,True,RECOVERABLE_ALLOCATION_EXTERNALITY,0.122726559768,0.122726559768,122.726559768,122.726559768
MR_K05_DISPERSED::INTERMITTENT_SHORTFALL::THETA_0000::EXTERNALITY_CF_BETA_050::Q95::flat_level,7,0,True,RECOVERABLE_ALLOCATION_EXTERNALITY,0.184193770746,0.184193770746,184.193770746,184.193770746
MR_K05_DISPERSED::INTERMITTENT_SHORTFALL::THETA_0000::EXTERNALITY_CF_BETA_050::Q95::flat_level,8,0,True,RECOVERABLE_ALLOCATION_EXTERNALITY,0.0843388675351,0.0843388675351,84.3388675351,84.3388675351
MR_K05_DISPERSED::INTERMITTENT_SHORTFALL::THETA_0000::EXTERNALITY_CF_BETA_050::Q95::flat_level,9,0,True,RECOVERABLE_ALLOCATION_EXTERNALITY,0.129162865717,0.129162865717,129.162865717,129.162865717
MR_K05_DISPERSED::INTERMITTENT_SHORTFALL::THETA_0000::EXTERNALITY_CF_BETA_050::Q95::flat_level,10,0,True,RECOVERABLE_ALLOCATION_EXTERNALITY,0.21681553199,0.21681553199,216.81553199,216.81553199
MR_K05_DISPERSED::INTERMITTENT_SHORTFALL::THETA_0000::EXTERNALITY_CF_BETA_050::Q95::flat_level,11,0,True,RECOVERABLE_ALLOCATION_EXTERNALITY,0.0861172699852,0.0861172699852,86.1172699852,86.1172699852
MR_K05_DISPERSED::INTERMITTENT_SHORTFALL::THETA_0000::EXTERNALITY_CF_BETA_050::Q95::flat_level,12,0,True,RECOVERABLE_ALLOCATION_EXTERNALITY,0.163605406035,0.163605406035,163.605406035,163.605406035
MR_K05_DISPERSED::INTERMITTENT_SHORTFALL::THETA_0000::EXTERNALITY_CF_BETA_050::Q95::flat_level,13,0,True,RECOVERABLE_ALLOCATION_EXTERNALITY,0.157016589834,0.157016589834,157.016589834,157.016589834
MR_K05_DISPERSED::INTERMITTENT_SHORTFALL::THETA_0000::EXTERNALITY_CF_BETA_050::Q95::flat_level,14,0,True,RECOVERABLE_ALLOCATION_EXTERNALITY,0.116944294853,0.116944294853,116.944294853,116.944294853
MR_K05_DISPERSED::INTERMITTENT_SHORTFALL::THETA_0000::EXTERNALITY_CF_BETA_050::Q95::flat_level,15,0,True,RECOVERABLE_ALLOCATION_EXTERNALITY,0.106190664248,0.106190664248,106.190664248,106.190664248
MR_K05_DISPERSED::INTERMITTENT_SHORTFALL::THETA_0000::EXTERNALITY_CF_BETA_050::Q95::flat_level,16,0,True,RECOVERABLE_ALLOCATION_EXTERNALITY,0.18902632752,0.18902632752,189.02632752,189.02632752
MR_K05_DISPERSED::INTERMITTENT_SHORTFALL::THETA_0000::EXTERNALITY_CF_BETA_050::Q95::max_export_lp,1,0,True,RECOVERABLE_ALLOCATION_EXTERNALITY,0.0902491015013,0.0902491015013,90.2491015013,90.2491015013
MR_K05_DISPERSED::INTERMITTENT_SHORTFALL::THETA_0000::EXTERNALITY_CF_BETA_050::Q95::max_export_lp,2,0,True,RECOVERABLE_ALLOCATION_EXTERNALITY,0.0633947398884,0.0633947398885,63.3947398884,63.3947398885
MR_K05_DISPERSED::INTERMITTENT_SHORTFALL::THETA_0000::EXTERNALITY_CF_BETA_050::Q95::max_export_lp,3,0,True,RECOVERABLE_ALLOCATION_EXTERNALITY,0.0281249234552,0.0281249234554,28.1249234552,28.1249234554
MR_K05_DISPERSED::INTERMITTENT_SHORTFALL::THETA_0000::EXTERNALITY_CF_BETA_050::Q95::max_export_lp,4,0,True,RECOVERABLE_ALLOCATION_EXTERNALITY,0.0488232754702,0.0488232754702,48.8232754702,48.8232754702
MR_K05_DISPERSED::INTERMITTENT_SHORTFALL::THETA_0000::EXTERNALITY_CF_BETA_050::Q95::max_export_lp,5,0,True,RECOVERABLE_ALLOCATION_EXTERNALITY,0.0598794000454,0.0598794000459,59.8794000454,59.8794000459
MR_K05_DISPERSED::INTERMITTENT_SHORTFALL::THETA_0000::EXTERNALITY_CF_BETA_050::Q95::max_export_lp,6,0,True,RECOVERABLE_ALLOCATION_EXTERNALITY,0.0485384190843,0.0485384190852,48.5384190843,48.5384190852
MR_K05_DISPERSED::INTERMITTENT_SHORTFALL::THETA_0000::EXTERNALITY_CF_BETA_050::Q95::max_export_lp,7,0,True,RECOVERABLE_ALLOCATION_EXTERNALITY,0.0445831469524,0.0445831469525,44.5831469524,44.5831469525
MR_K05_DISPERSED::INTERMITTENT_SHORTFALL::THETA_0000::EXTERNALITY_CF_BETA_050::Q95::max_export_lp,8,0,True,RECOVERABLE_ALLOCATION_EXTERNALITY,0.0445071728216,0.0445071728219,44.5071728216,44.5071728219
MR_K05_DISPERSED::INTERMITTENT_SHORTFALL::THETA_0000::EXTERNALITY_CF_BETA_050::Q95::max_export_lp,9,0,True,RECOVERABLE_ALLOCATION_EXTERNALITY,0.0581815153117,0.0581815153119,58.1815153117,58.1815153119
MR_K05_DISPERSED::INTERMITTENT_SHORTFALL::THETA_0000::EXTERNALITY_CF_BETA_050::Q95::max_export_lp,10,0,True,RECOVERABLE_ALLOCATION_EXTERNALITY,0.0219404264395,0.0219404264401,21.9404264395,21.9404264401
MR_K05_DISPERSED::INTERMITTENT_SHORTFALL::THETA_0000::EXTERNALITY_CF_BETA_050::Q95::max_export_lp,11,0,True,RECOVERABLE_ALLOCATION_EXTERNALITY,0.0581933205447,0.0581933205447,58.1933205447,58.1933205447
MR_K05_DISPERSED::INTERMITTENT_SHORTFALL::THETA_0000::EXTERNALITY_CF_BETA_050::Q95::max_export_lp,12,0,True,RECOVERABLE_ALLOCATION_EXTERNALITY,0.0485152012453,0.0485152012453,48.5152012453,48.5152012453
MR_K05_DISPERSED::INTERMITTENT_SHORTFALL::THETA_0000::EXTERNALITY_CF_BETA_050::Q95::max_export_lp,13,0,True,RECOVERABLE_ALLOCATION_EXTERNALITY,0.0500241775734,0.0500241775735,50.0241775734,50.0241775735
MR_K05_DISPERSED::INTERMITTENT_SHORTFALL::THETA_0000::EXTERNALITY_CF_BETA_050::Q95::max_export_lp,14,0,True,RECOVERABLE_ALLOCATION_EXTERNALITY,0.0574533398386,0.0574533398389,57.4533398386,57.4533398389
MR_K05_DISPERSED::INTERMITTENT_SHORTFALL::THETA_0000::EXTERNALITY_CF_BETA_050::Q95::max_export_lp,15,0,True,RECOVERABLE_ALLOCATION_EXTERNALITY,0.0447647595816,0.0447647595817,44.7647595816,44.7647595817
MR_K05_DISPERSED::INTERMITTENT_SHORTFALL::THETA_0000::EXTERNALITY_CF_BETA_050::Q95::max_export_lp,16,0,True,RECOVERABLE_ALLOCATION_EXTERNALITY,0.0484755789711,0.0484755789712,48.4755789711,48.4755789712
MR_K05_DISPERSED::INTERMITTENT_SHORTFALL::THETA_0000::EXTERNALITY_CF_BETA_050::Q95::fairness_qp,1,0,True,RECOVERABLE_ALLOCATION_EXTERNALITY,0.0321527144474,0.0626667089344,32.1527144474,62.6667089344
MR_K05_DISPERSED::INTERMITTENT_SHORTFALL::THETA_0000::EXTERNALITY_CF_BETA_050::Q95::fairness_qp,2,0,True,RECOVERABLE_ALLOCATION_EXTERNALITY,0.0368891744029,0.0570712788165,36.8891744029,57.0712788165
MR_K05_DISPERSED::INTERMITTENT_SHORTFALL::THETA_0000::EXTERNALITY_CF_BETA_050::Q95::fairness_qp,3,0,True,RECOVERABLE_ALLOCATION_EXTERNALITY,0.026503768281,0.0487371214964,26.503768281,48.7371214964
MR_K05_DISPERSED::INTERMITTENT_SHORTFALL::THETA_0000::EXTERNALITY_CF_BETA_050::Q95::fairness_qp,4,0,True,RECOVERABLE_ALLOCATION_EXTERNALITY,0.0403963884122,0.0531986699899,40.3963884122,53.1986699899
MR_K05_DISPERSED::INTERMITTENT_SHORTFALL::THETA_0000::EXTERNALITY_CF_BETA_050::Q95::fairness_qp,5,0,True,RECOVERABLE_ALLOCATION_EXTERNALITY,0.0295927088111,0.0482232837728,29.5927088111,48.2232837728
MR_K05_DISPERSED::INTERMITTENT_SHORTFALL::THETA_0000::EXTERNALITY_CF_BETA_050::Q95::fairness_qp,6,0,True,RECOVERABLE_ALLOCATION_EXTERNALITY,0.0426601142323,0.0545193127307,42.6601142323,54.5193127307
MR_K05_DISPERSED::INTERMITTENT_SHORTFALL::THETA_0000::EXTERNALITY_CF_BETA_050::Q95::fairness_qp,7,0,True,RECOVERABLE_ALLOCATION_EXTERNALITY,0.0463413452538,0.062630466664,46.3413452538,62.630466664
MR_K05_DISPERSED::INTERMITTENT_SHORTFALL::THETA_0000::EXTERNALITY_CF_BETA_050::Q95::fairness_qp,8,0,True,RECOVERABLE_ALLOCATION_EXTERNALITY,0.0243285480858,0.0438674726098,24.3285480858,43.8674726098
MR_K05_DISPERSED::INTERMITTENT_SHORTFALL::THETA_0000::EXTERNALITY_CF_BETA_050::Q95::fairness_qp,9,0,True,RECOVERABLE_ALLOCATION_EXTERNALITY,0.040047491777,0.0589880426204,40.047491777,58.9880426204
MR_K05_DISPERSED::INTERMITTENT_SHORTFALL::THETA_0000::EXTERNALITY_CF_BETA_050::Q95::fairness_qp,10,0,True,RECOVERABLE_ALLOCATION_EXTERNALITY,0.0392335557818,0.0557947484169,39.2335557818,55.7947484169
MR_K05_DISPERSED::INTERMITTENT_SHORTFALL::THETA_0000::EXTERNALITY_CF_BETA_050::Q95::fairness_qp,11,0,True,RECOVERABLE_ALLOCATION_EXTERNALITY,0.0374690280193,0.0578308301464,37.4690280193,57.8308301464
MR_K05_DISPERSED::INTERMITTENT_SHORTFALL::THETA_0000::EXTERNALITY_CF_BETA_050::Q95::fairness_qp,12,0,True,RECOVERABLE_ALLOCATION_EXTERNALITY,0.0321207681706,0.0472390516047,32.1207681706,47.2390516047
MR_K05_DISPERSED::INTERMITTENT_SHORTFALL::THETA_0000::EXTERNALITY_CF_BETA_050::Q95::fairness_qp,13,0,True,RECOVERABLE_ALLOCATION_EXTERNALITY,0.0467864867499,0.0609512347203,46.7864867499,60.9512347203
MR_K05_DISPERSED::INTERMITTENT_SHORTFALL::THETA_0000::EXTERNALITY_CF_BETA_050::Q95::fairness_qp,14,0,True,RECOVERABLE_ALLOCATION_EXTERNALITY,0.0406904243281,0.0558527718768,40.6904243281,55.8527718768
MR_K05_DISPERSED::INTERMITTENT_SHORTFALL::THETA_0000::EXTERNALITY_CF_BETA_050::Q95::fairness_qp,15,0,True,RECOVERABLE_ALLOCATION_EXTERNALITY,0.0256331413902,0.0399867577825,25.6331413902,39.9867577825
MR_K05_DISPERSED::INTERMITTENT_SHORTFALL::THETA_0000::EXTERNALITY_CF_BETA_050::Q95::fairness_qp,16,0,True,RECOVERABLE_ALLOCATION_EXTERNALITY,0.0451728020316,0.0638614354906,45.1728020316,63.8614354906
MR_K05_DISPERSED::INTERMITTENT_SHORTFALL::THETA_0100::EXTERNALITY_CF_BETA_050::Q0::weighted_proportional,1,1,True,RECOVERABLE_ALLOCATION_EXTERNALITY,0.0444714557093,0.0805009433586,44.4714557093,80.5009433586
MR_K05_DISPERSED::INTERMITTENT_SHORTFALL::THETA_0100::EXTERNALITY_CF_BETA_050::Q0::weighted_proportional,2,1,False,NO_NET_DELIVERY_RECOVERY,-0.0059150764136,0.0552174944708,-5.9150764136,55.2174944708
MR_K05_DISPERSED::INTERMITTENT_SHORTFALL::THETA_0100::EXTERNALITY_CF_BETA_050::Q0::weighted_proportional,3,1,True,RECOVERABLE_ALLOCATION_EXTERNALITY,0.0648057725939,0.0977086916688,64.8057725939,97.7086916688
MR_K05_DISPERSED::INTERMITTENT_SHORTFALL::THETA_0100::EXTERNALITY_CF_BETA_050::Q0::weighted_proportional,4,1,True,RECOVERABLE_ALLOCATION_EXTERNALITY,0.055198504843,0.0900171401329,55.198504843,90.0171401329
MR_K05_DISPERSED::INTERMITTENT_SHORTFALL::THETA_0100::EXTERNALITY_CF_BETA_050::Q0::weighted_proportional,5,1,True,RECOVERABLE_ALLOCATION_EXTERNALITY,0.0375215038444,0.0820564078194,37.5215038444,82.0564078194
MR_K05_DISPERSED::INTERMITTENT_SHORTFALL::THETA_0100::EXTERNALITY_CF_BETA_050::Q0::weighted_proportional,6,1,True,RECOVERABLE_ALLOCATION_EXTERNALITY,0.0398338327642,0.0813166700139,39.8338327642,81.3166700139
MR_K05_DISPERSED::INTERMITTENT_SHORTFALL::THETA_0100::EXTERNALITY_CF_BETA_050::Q0::weighted_proportional,7,1,True,RECOVERABLE_ALLOCATION_EXTERNALITY,0.0653208227785,0.101795415954,65.3208227785,101.795415954
MR_K05_DISPERSED::INTERMITTENT_SHORTFALL::THETA_0100::EXTERNALITY_CF_BETA_050::Q0::weighted_proportional,8,1,True,RECOVERABLE_ALLOCATION_EXTERNALITY,0.0263248974199,0.068538933311,26.3248974199,68.538933311
MR_K05_DISPERSED::INTERMITTENT_SHORTFALL::THETA_0100::EXTERNALITY_CF_BETA_050::Q0::weighted_proportional,9,1,True,RECOVERABLE_ALLOCATION_EXTERNALITY,0.0226721128883,0.0733747947975,22.6721128883,73.3747947975
MR_K05_DISPERSED::INTERMITTENT_SHORTFALL::THETA_0100::EXTERNALITY_CF_BETA_050::Q0::weighted_proportional,10,1,True,RECOVERABLE_ALLOCATION_EXTERNALITY,0.0639296115098,0.0991955030843,63.9296115098,99.1955030843
MR_K05_DISPERSED::INTERMITTENT_SHORTFALL::THETA_0100::EXTERNALITY_CF_BETA_050::Q0::weighted_proportional,11,1,True,RECOVERABLE_ALLOCATION_EXTERNALITY,0.036589209741,0.0764916478375,36.589209741,76.4916478375
MR_K05_DISPERSED::INTERMITTENT_SHORTFALL::THETA_0100::EXTERNALITY_CF_BETA_050::Q0::weighted_proportional,12,1,True,RECOVERABLE_ALLOCATION_EXTERNALITY,0.0300811695592,0.0755046490664,30.0811695592,75.5046490664
MR_K05_DISPERSED::INTERMITTENT_SHORTFALL::THETA_0100::EXTERNALITY_CF_BETA_050::Q0::weighted_proportional,13,1,True,RECOVERABLE_ALLOCATION_EXTERNALITY,0.0643937539427,0.101318701551,64.3937539427,101.318701551
MR_K05_DISPERSED::INTERMITTENT_SHORTFALL::THETA_0100::EXTERNALITY_CF_BETA_050::Q0::weighted_proportional,14,1,True,RECOVERABLE_ALLOCATION_EXTERNALITY,0.0506099786778,0.087374375076,50.6099786778,87.374375076
MR_K05_DISPERSED::INTERMITTENT_SHORTFALL::THETA_0100::EXTERNALITY_CF_BETA_050::Q0::weighted_proportional,15,1,True,RECOVERABLE_ALLOCATION_EXTERNALITY,0.014530211355,0.0635782478963,14.530211355,63.5782478963
MR_K05_DISPERSED::INTERMITTENT_SHORTFALL::THETA_0100::EXTERNALITY_CF_BETA_050::Q0::weighted_proportional,16,1,True,RECOVERABLE_ALLOCATION_EXTERNALITY,0.0548474406731,0.0975348342528,54.8474406731,97.5348342528
MR_K05_DISPERSED::INTERMITTENT_SHORTFALL::THETA_0100::EXTERNALITY_CF_BETA_050::Q0::equal_kw_reduction,1,1,True,RECOVERABLE_ALLOCATION_EXTERNALITY,0.0230095176361,0.0556023965916,23.0095176361,55.6023965916
MR_K05_DISPERSED::INTERMITTENT_SHORTFALL::THETA_0100::EXTERNALITY_CF_BETA_050::Q0::equal_kw_reduction,2,1,True,RECOVERABLE_ALLOCATION_EXTERNALITY,0.0222461981614,0.0520754511957,22.2461981614,52.0754511957
MR_K05_DISPERSED::INTERMITTENT_SHORTFALL::THETA_0100::EXTERNALITY_CF_BETA_050::Q0::equal_kw_reduction,3,1,True,RECOVERABLE_ALLOCATION_EXTERNALITY,0.0276957368797,0.0568675134574,27.6957368797,56.8675134574
MR_K05_DISPERSED::INTERMITTENT_SHORTFALL::THETA_0100::EXTERNALITY_CF_BETA_050::Q0::equal_kw_reduction,4,1,True,RECOVERABLE_ALLOCATION_EXTERNALITY,0.0334016061592,0.0559076704481,33.4016061592,55.9076704481
MR_K05_DISPERSED::INTERMITTENT_SHORTFALL::THETA_0100::EXTERNALITY_CF_BETA_050::Q0::equal_kw_reduction,5,1,True,RECOVERABLE_ALLOCATION_EXTERNALITY,0.0339112292956,0.059356570341,33.9112292956,59.356570341
MR_K05_DISPERSED::INTERMITTENT_SHORTFALL::THETA_0100::EXTERNALITY_CF_BETA_050::Q0::equal_kw_reduction,6,1,True,RECOVERABLE_ALLOCATION_EXTERNALITY,0.0300280255796,0.0527495352545,30.0280255796,52.7495352545
MR_K05_DISPERSED::INTERMITTENT_SHORTFALL::THETA_0100::EXTERNALITY_CF_BETA_050::Q0::equal_kw_reduction,7,1,True,RECOVERABLE_ALLOCATION_EXTERNALITY,0.0433380143494,0.0673671598202,43.3380143494,67.3671598202
MR_K05_DISPERSED::INTERMITTENT_SHORTFALL::THETA_0100::EXTERNALITY_CF_BETA_050::Q0::equal_kw_reduction,8,1,True,RECOVERABLE_ALLOCATION_EXTERNALITY,0.0269746957923,0.0514292785767,26.9746957923,51.4292785767
MR_K05_DISPERSED::INTERMITTENT_SHORTFALL::THETA_0100::EXTERNALITY_CF_BETA_050::Q0::equal_kw_reduction,9,1,True,RECOVERABLE_ALLOCATION_EXTERNALITY,0.0209665453763,0.0489226325748,20.9665453763,48.9226325748
MR_K05_DISPERSED::INTERMITTENT_SHORTFALL::THETA_0100::EXTERNALITY_CF_BETA_050::Q0::equal_kw_reduction,10,1,True,RECOVERABLE_ALLOCATION_EXTERNALITY,0.0324457336137,0.058659408214,32.4457336137,58.659408214
MR_K05_DISPERSED::INTERMITTENT_SHORTFALL::THETA_0100::EXTERNALITY_CF_BETA_050::Q0::equal_kw_reduction,11,1,True,RECOVERABLE_ALLOCATION_EXTERNALITY,0.0316927249103,0.0560293320337,31.6927249103,56.0293320337
MR_K05_DISPERSED::INTERMITTENT_SHORTFALL::THETA_0100::EXTERNALITY_CF_BETA_050::Q0::equal_kw_reduction,12,1,True,RECOVERABLE_ALLOCATION_EXTERNALITY,0.0248429802108,0.0488141981119,24.8429802108,48.8141981119
MR_K05_DISPERSED::INTERMITTENT_SHORTFALL::THETA_0100::EXTERNALITY_CF_BETA_050::Q0::equal_kw_reduction,13,1,True,RECOVERABLE_ALLOCATION_EXTERNALITY,0.0431002814428,0.0668446720275,43.1002814428,66.8446720275
MR_K05_DISPERSED::INTERMITTENT_SHORTFALL::THETA_0100::EXTERNALITY_CF_BETA_050::Q0::equal_kw_reduction,14,1,True,RECOVERABLE_ALLOCATION_EXTERNALITY,0.0348749711803,0.0566296257276,34.8749711803,56.6296257276
MR_K05_DISPERSED::INTERMITTENT_SHORTFALL::THETA_0100::EXTERNALITY_CF_BETA_050::Q0::equal_kw_reduction,15,1,True,RECOVERABLE_ALLOCATION_EXTERNALITY,0.0185878441688,0.042140823946,18.5878441688,42.140823946
MR_K05_DISPERSED::INTERMITTENT_SHORTFALL::THETA_0100::EXTERNALITY_CF_BETA_050::Q0::equal_kw_reduction,16,1,True,RECOVERABLE_ALLOCATION_EXTERNALITY,0.0429388173951,0.0683146325019,42.9388173951,68.3146325019
MR_K05_DISPERSED::INTERMITTENT_SHORTFALL::THETA_0100::EXTERNALITY_CF_BETA_050::Q0::flat_level,1,1,True,RECOVERABLE_ALLOCATION_EXTERNALITY,0.133424940712,0.133424940712,133.424940712,133.424940712
MR_K05_DISPERSED::INTERMITTENT_SHORTFALL::THETA_0100::EXTERNALITY_CF_BETA_050::Q0::flat_level,2,1,True,RECOVERABLE_ALLOCATION_EXTERNALITY,0.088196900814,0.088196900814,88.196900814,88.196900814
MR_K05_DISPERSED::INTERMITTENT_SHORTFALL::THETA_0100::EXTERNALITY_CF_BETA_050::Q0::flat_level,3,1,True,RECOVERABLE_ALLOCATION_EXTERNALITY,0.190483468579,0.190483468579,190.483468579,190.483468579
MR_K05_DISPERSED::INTERMITTENT_SHORTFALL::THETA_0100::EXTERNALITY_CF_BETA_050::Q0::flat_level,4,1,True,RECOVERABLE_ALLOCATION_EXTERNALITY,0.118006250527,0.118006250527,118.006250527,118.006250527
MR_K05_DISPERSED::INTERMITTENT_SHORTFALL::THETA_0100::EXTERNALITY_CF_BETA_050::Q0::flat_level,5,1,True,RECOVERABLE_ALLOCATION_EXTERNALITY,0.0917544639915,0.0917544639915,91.7544639915,91.7544639915
MR_K05_DISPERSED::INTERMITTENT_SHORTFALL::THETA_0100::EXTERNALITY_CF_BETA_050::Q0::flat_level,6,1,True,RECOVERABLE_ALLOCATION_EXTERNALITY,0.122646530007,0.122646530007,122.646530007,122.646530007
MR_K05_DISPERSED::INTERMITTENT_SHORTFALL::THETA_0100::EXTERNALITY_CF_BETA_050::Q0::flat_level,7,1,True,RECOVERABLE_ALLOCATION_EXTERNALITY,0.162385831833,0.162385831833,162.385831833,162.385831833
MR_K05_DISPERSED::INTERMITTENT_SHORTFALL::THETA_0100::EXTERNALITY_CF_BETA_050::Q0::flat_level,8,1,True,RECOVERABLE_ALLOCATION_EXTERNALITY,0.0858469015149,0.0858469015149,85.8469015149,85.8469015149
MR_K05_DISPERSED::INTERMITTENT_SHORTFALL::THETA_0100::EXTERNALITY_CF_BETA_050::Q0::flat_level,9,1,True,RECOVERABLE_ALLOCATION_EXTERNALITY,0.128812883204,0.128812883204,128.812883204,128.812883204
MR_K05_DISPERSED::INTERMITTENT_SHORTFALL::THETA_0100::EXTERNALITY_CF_BETA_050::Q0::flat_level,10,1,True,RECOVERABLE_ALLOCATION_EXTERNALITY,0.187828540749,0.187828540749,187.828540749,187.828540749
MR_K05_DISPERSED::INTERMITTENT_SHORTFALL::THETA_0100::EXTERNALITY_CF_BETA_050::Q0::flat_level,11,1,True,RECOVERABLE_ALLOCATION_EXTERNALITY,0.0848948994361,0.0848948994361,84.8948994361,84.8948994361
MR_K05_DISPERSED::INTERMITTENT_SHORTFALL::THETA_0100::EXTERNALITY_CF_BETA_050::Q0::flat_level,12,1,True,RECOVERABLE_ALLOCATION_EXTERNALITY,0.163544778748,0.163544778748,163.544778748,163.544778748
MR_K05_DISPERSED::INTERMITTENT_SHORTFALL::THETA_0100::EXTERNALITY_CF_BETA_050::Q0::flat_level,13,1,True,RECOVERABLE_ALLOCATION_EXTERNALITY,0.135470642587,0.135470642587,135.470642587,135.470642587
MR_K05_DISPERSED::INTERMITTENT_SHORTFALL::THETA_0100::EXTERNALITY_CF_BETA_050::Q0::flat_level,14,1,True,RECOVERABLE_ALLOCATION_EXTERNALITY,0.117336375526,0.117336375526,117.336375526,117.336375526
MR_K05_DISPERSED::INTERMITTENT_SHORTFALL::THETA_0100::EXTERNALITY_CF_BETA_050::Q0::flat_level,15,1,True,RECOVERABLE_ALLOCATION_EXTERNALITY,0.10754957515,0.10754957515,107.54957515,107.54957515
MR_K05_DISPERSED::INTERMITTENT_SHORTFALL::THETA_0100::EXTERNALITY_CF_BETA_050::Q0::flat_level,16,1,True,RECOVERABLE_ALLOCATION_EXTERNALITY,0.153477728116,0.153477728116,153.477728116,153.477728116
MR_K05_DISPERSED::INTERMITTENT_SHORTFALL::THETA_0100::EXTERNALITY_CF_BETA_050::Q0::max_export_lp,1,1,True,RECOVERABLE_ALLOCATION_EXTERNALITY,0.0366787251912,0.0366787251913,36.6787251912,36.6787251913
MR_K05_DISPERSED::INTERMITTENT_SHORTFALL::THETA_0100::EXTERNALITY_CF_BETA_050::Q0::max_export_lp,2,1,True,RECOVERABLE_ALLOCATION_EXTERNALITY,0.0551115515891,0.0551115515897,55.1115515891,55.1115515897
MR_K05_DISPERSED::INTERMITTENT_SHORTFALL::THETA_0100::EXTERNALITY_CF_BETA_050::Q0::max_export_lp,3,1,True,RECOVERABLE_ALLOCATION_EXTERNALITY,0.0243571741504,0.0243571741505,24.3571741504,24.3571741505
MR_K05_DISPERSED::INTERMITTENT_SHORTFALL::THETA_0100::EXTERNALITY_CF_BETA_050::Q0::max_export_lp,4,1,True,RECOVERABLE_ALLOCATION_EXTERNALITY,0.0419179667306,0.0419179667316,41.9179667306,41.9179667316
MR_K05_DISPERSED::INTERMITTENT_SHORTFALL::THETA_0100::EXTERNALITY_CF_BETA_050::Q0::max_export_lp,5,1,True,RECOVERABLE_ALLOCATION_EXTERNALITY,0.0540020898008,0.0540020898008,54.0020898008,54.0020898008
MR_K05_DISPERSED::INTERMITTENT_SHORTFALL::THETA_0100::EXTERNALITY_CF_BETA_050::Q0::max_export_lp,6,1,True,RECOVERABLE_ALLOCATION_EXTERNALITY,0.0486360686307,0.0486360686309,48.6360686307,48.6360686309
MR_K05_DISPERSED::INTERMITTENT_SHORTFALL::THETA_0100::EXTERNALITY_CF_BETA_050::Q0::max_export_lp,7,1,True,RECOVERABLE_ALLOCATION_EXTERNALITY,0.0419253692294,0.0419253692294,41.9253692294,41.9253692294
MR_K05_DISPERSED::INTERMITTENT_SHORTFALL::THETA_0100::EXTERNALITY_CF_BETA_050::Q0::max_export_lp,8,1,True,RECOVERABLE_ALLOCATION_EXTERNALITY,0.0373585800138,0.0373585800139,37.3585800138,37.3585800139
MR_K05_DISPERSED::INTERMITTENT_SHORTFALL::THETA_0100::EXTERNALITY_CF_BETA_050::Q0::max_export_lp,9,1,True,RECOVERABLE_ALLOCATION_EXTERNALITY,0.050038690109,0.0500386901091,50.038690109,50.0386901091
MR_K05_DISPERSED::INTERMITTENT_SHORTFALL::THETA_0100::EXTERNALITY_CF_BETA_050::Q0::max_export_lp,10,1,True,RECOVERABLE_ALLOCATION_EXTERNALITY,0.0306600887857,0.030660088787,30.6600887857,30.660088787
MR_K05_DISPERSED::INTERMITTENT_SHORTFALL::THETA_0100::EXTERNALITY_CF_BETA_050::Q0::max_export_lp,11,1,True,RECOVERABLE_ALLOCATION_EXTERNALITY,0.0485157912021,0.048515791203,48.5157912021,48.515791203
MR_K05_DISPERSED::INTERMITTENT_SHORTFALL::THETA_0100::EXTERNALITY_CF_BETA_050::Q0::max_export_lp,12,1,True,RECOVERABLE_ALLOCATION_EXTERNALITY,0.0486207202936,0.0486207202941,48.6207202936,48.6207202941
MR_K05_DISPERSED::INTERMITTENT_SHORTFALL::THETA_0100::EXTERNALITY_CF_BETA_050::Q0::max_export_lp,13,1,True,RECOVERABLE_ALLOCATION_EXTERNALITY,0.0419634205918,0.041963420594,41.9634205918,41.963420594
MR_K05_DISPERSED::INTERMITTENT_SHORTFALL::THETA_0100::EXTERNALITY_CF_BETA_050::Q0::max_export_lp,14,1,True,RECOVERABLE_ALLOCATION_EXTERNALITY,0.0478698275814,0.0478698275866,47.8698275814,47.8698275866
MR_K05_DISPERSED::INTERMITTENT_SHORTFALL::THETA_0100::EXTERNALITY_CF_BETA_050::Q0::max_export_lp,15,1,True,RECOVERABLE_ALLOCATION_EXTERNALITY,0.0431619505814,0.0431619505814,43.1619505814,43.1619505814
MR_K05_DISPERSED::INTERMITTENT_SHORTFALL::THETA_0100::EXTERNALITY_CF_BETA_050::Q0::max_export_lp,16,1,True,RECOVERABLE_ALLOCATION_EXTERNALITY,0.0479242305128,0.0479242305128,47.9242305128,47.9242305128
MR_K05_DISPERSED::INTERMITTENT_SHORTFALL::THETA_0100::EXTERNALITY_CF_BETA_050::Q0::fairness_qp,1,1,True,RECOVERABLE_ALLOCATION_EXTERNALITY,0.0156616778703,0.039434327623,15.6616778703,39.434327623
MR_K05_DISPERSED::INTERMITTENT_SHORTFALL::THETA_0100::EXTERNALITY_CF_BETA_050::Q0::fairness_qp,2,1,True,RECOVERABLE_ALLOCATION_EXTERNALITY,0.0382603713735,0.0538889916159,38.2603713735,53.8889916159
MR_K05_DISPERSED::INTERMITTENT_SHORTFALL::THETA_0100::EXTERNALITY_CF_BETA_050::Q0::fairness_qp,3,1,True,RECOVERABLE_ALLOCATION_EXTERNALITY,0.0257795247682,0.0452635627157,25.7795247682,45.2635627157
MR_K05_DISPERSED::INTERMITTENT_SHORTFALL::THETA_0100::EXTERNALITY_CF_BETA_050::Q0::fairness_qp,4,1,True,RECOVERABLE_ALLOCATION_EXTERNALITY,0.0298058132029,0.0428693822627,29.8058132029,42.8693822627
MR_K05_DISPERSED::INTERMITTENT_SHORTFALL::THETA_0100::EXTERNALITY_CF_BETA_050::Q0::fairness_qp,5,1,True,RECOVERABLE_ALLOCATION_EXTERNALITY,0.0261980306618,0.0445673594851,26.1980306618,44.5673594851
MR_K05_DISPERSED::INTERMITTENT_SHORTFALL::THETA_0100::EXTERNALITY_CF_BETA_050::Q0::fairness_qp,6,1,True,RECOVERABLE_ALLOCATION_EXTERNALITY,0.0372518648827,0.0486255986659,37.2518648827,48.6255986659
MR_K05_DISPERSED::INTERMITTENT_SHORTFALL::THETA_0100::EXTERNALITY_CF_BETA_050::Q0::fairness_qp,7,1,True,RECOVERABLE_ALLOCATION_EXTERNALITY,0.0366287120017,0.0527711181487,36.6287120017,52.7711181487
MR_K05_DISPERSED::INTERMITTENT_SHORTFALL::THETA_0100::EXTERNALITY_CF_BETA_050::Q0::fairness_qp,8,1,True,RECOVERABLE_ALLOCATION_EXTERNALITY,0.0207354823717,0.0395047634642,20.7354823717,39.5047634642
MR_K05_DISPERSED::INTERMITTENT_SHORTFALL::THETA_0100::EXTERNALITY_CF_BETA_050::Q0::fairness_qp,9,1,True,RECOVERABLE_ALLOCATION_EXTERNALITY,0.0375003270864,0.0517650591078,37.5003270864,51.7650591078
MR_K05_DISPERSED::INTERMITTENT_SHORTFALL::THETA_0100::EXTERNALITY_CF_BETA_050::Q0::fairness_qp,10,1,True,RECOVERABLE_ALLOCATION_EXTERNALITY,0.0336663526246,0.0497491361158,33.6663526246,49.7491361158
MR_K05_DISPERSED::INTERMITTENT_SHORTFALL::THETA_0100::EXTERNALITY_CF_BETA_050::Q0::fairness_qp,11,1,True,RECOVERABLE_ALLOCATION_EXTERNALITY,0.0305267635077,0.0473214002479,30.5267635077,47.3214002479
MR_K05_DISPERSED::INTERMITTENT_SHORTFALL::THETA_0100::EXTERNALITY_CF_BETA_050::Q0::fairness_qp,12,1,True,RECOVERABLE_ALLOCATION_EXTERNALITY,0.0323722090353,0.0472433156832,32.3722090353,47.2433156832
MR_K05_DISPERSED::INTERMITTENT_SHORTFALL::THETA_0100::EXTERNALITY_CF_BETA_050::Q0::fairness_qp,13,1,True,RECOVERABLE_ALLOCATION_EXTERNALITY,0.0380317772862,0.0513339445012,38.0317772862,51.3339445012
MR_K05_DISPERSED::INTERMITTENT_SHORTFALL::THETA_0100::EXTERNALITY_CF_BETA_050::Q0::fairness_qp,14,1,True,RECOVERABLE_ALLOCATION_EXTERNALITY,0.0308987117479,0.046429451641,30.8987117479,46.429451641
MR_K05_DISPERSED::INTERMITTENT_SHORTFALL::THETA_0100::EXTERNALITY_CF_BETA_050::Q0::fairness_qp,15,1,True,RECOVERABLE_ALLOCATION_EXTERNALITY,0.0261500517328,0.0398781129623,26.1500517328,39.8781129623
MR_K05_DISPERSED::INTERMITTENT_SHORTFALL::THETA_0100::EXTERNALITY_CF_BETA_050::Q0::fairness_qp,16,1,True,RECOVERABLE_ALLOCATION_EXTERNALITY,0.0380768193882,0.0548613553192,38.0768193882,54.8613553192
MR_K05_DISPERSED::INTERMITTENT_SHORTFALL::THETA_0100::EXTERNALITY_CF_BETA_050::Q95::weighted_proportional,1,1,True,RECOVERABLE_ALLOCATION_EXTERNALITY,0.0444714557115,0.0805009433605,44.4714557115,80.5009433605
MR_K05_DISPERSED::INTERMITTENT_SHORTFALL::THETA_0100::EXTERNALITY_CF_BETA_050::Q95::weighted_proportional,2,1,False,NO_NET_DELIVERY_RECOVERY,-0.0059150764182,0.0552174944666,-5.9150764182,55.2174944666
MR_K05_DISPERSED::INTERMITTENT_SHORTFALL::THETA_0100::EXTERNALITY_CF_BETA_050::Q95::weighted_proportional,3,1,True,RECOVERABLE_ALLOCATION_EXTERNALITY,0.0648057725951,0.09770869167,64.8057725951,97.70869167
MR_K05_DISPERSED::INTERMITTENT_SHORTFALL::THETA_0100::EXTERNALITY_CF_BETA_050::Q95::weighted_proportional,4,1,True,RECOVERABLE_ALLOCATION_EXTERNALITY,0.0551985048394,0.0900171401292,55.1985048394,90.0171401292
MR_K05_DISPERSED::INTERMITTENT_SHORTFALL::THETA_0100::EXTERNALITY_CF_BETA_050::Q95::weighted_proportional,5,1,True,RECOVERABLE_ALLOCATION_EXTERNALITY,0.0375215038373,0.0820564078121,37.5215038373,82.0564078121
MR_K05_DISPERSED::INTERMITTENT_SHORTFALL::THETA_0100::EXTERNALITY_CF_BETA_050::Q95::weighted_proportional,6,1,True,RECOVERABLE_ALLOCATION_EXTERNALITY,0.0398338327541,0.0813166700037,39.8338327541,81.3166700037
MR_K05_DISPERSED::INTERMITTENT_SHORTFALL::THETA_0100::EXTERNALITY_CF_BETA_050::Q95::weighted_proportional,7,1,True,RECOVERABLE_ALLOCATION_EXTERNALITY,0.0653208227748,0.10179541595,65.3208227748,101.79541595
MR_K05_DISPERSED::INTERMITTENT_SHORTFALL::THETA_0100::EXTERNALITY_CF_BETA_050::Q95::weighted_proportional,8,1,True,RECOVERABLE_ALLOCATION_EXTERNALITY,0.0263248974212,0.0685389333122,26.3248974212,68.5389333122
MR_K05_DISPERSED::INTERMITTENT_SHORTFALL::THETA_0100::EXTERNALITY_CF_BETA_050::Q95::weighted_proportional,9,1,True,RECOVERABLE_ALLOCATION_EXTERNALITY,0.0226721128841,0.0733747947932,22.6721128841,73.3747947932
MR_K05_DISPERSED::INTERMITTENT_SHORTFALL::THETA_0100::EXTERNALITY_CF_BETA_050::Q95::weighted_proportional,10,1,True,RECOVERABLE_ALLOCATION_EXTERNALITY,0.0639296115068,0.0991955030813,63.9296115068,99.1955030813
MR_K05_DISPERSED::INTERMITTENT_SHORTFALL::THETA_0100::EXTERNALITY_CF_BETA_050::Q95::weighted_proportional,11,1,True,RECOVERABLE_ALLOCATION_EXTERNALITY,0.0365892097304,0.0764916478266,36.5892097304,76.4916478266
MR_K05_DISPERSED::INTERMITTENT_SHORTFALL::THETA_0100::EXTERNALITY_CF_BETA_050::Q95::weighted_proportional,12,1,True,RECOVERABLE_ALLOCATION_EXTERNALITY,0.0300811695613,0.0755046490684,30.0811695613,75.5046490684
MR_K05_DISPERSED::INTERMITTENT_SHORTFALL::THETA_0100::EXTERNALITY_CF_BETA_050::Q95::weighted_proportional,13,1,True,RECOVERABLE_ALLOCATION_EXTERNALITY,0.0643937539418,0.10131870155,64.3937539418,101.31870155
MR_K05_DISPERSED::INTERMITTENT_SHORTFALL::THETA_0100::EXTERNALITY_CF_BETA_050::Q95::weighted_proportional,14,1,True,RECOVERABLE_ALLOCATION_EXTERNALITY,0.0506099786784,0.0873743750767,50.6099786784,87.3743750767
MR_K05_DISPERSED::INTERMITTENT_SHORTFALL::THETA_0100::EXTERNALITY_CF_BETA_050::Q95::weighted_proportional,15,1,True,RECOVERABLE_ALLOCATION_EXTERNALITY,0.0145302113564,0.0635782478976,14.5302113564,63.5782478976
MR_K05_DISPERSED::INTERMITTENT_SHORTFALL::THETA_0100::EXTERNALITY_CF_BETA_050::Q95::weighted_proportional,16,1,True,RECOVERABLE_ALLOCATION_EXTERNALITY,0.0548474406733,0.097534834253,54.8474406733,97.534834253
MR_K05_DISPERSED::INTERMITTENT_SHORTFALL::THETA_0100::EXTERNALITY_CF_BETA_050::Q95::equal_kw_reduction,1,1,True,RECOVERABLE_ALLOCATION_EXTERNALITY,0.0230095176361,0.0556023965916,23.0095176361,55.6023965916
MR_K05_DISPERSED::INTERMITTENT_SHORTFALL::THETA_0100::EXTERNALITY_CF_BETA_050::Q95::equal_kw_reduction,2,1,True,RECOVERABLE_ALLOCATION_EXTERNALITY,0.0222461981614,0.0520754511957,22.2461981614,52.0754511957
MR_K05_DISPERSED::INTERMITTENT_SHORTFALL::THETA_0100::EXTERNALITY_CF_BETA_050::Q95::equal_kw_reduction,3,1,True,RECOVERABLE_ALLOCATION_EXTERNALITY,0.0276957368797,0.0568675134574,27.6957368797,56.8675134574
MR_K05_DISPERSED::INTERMITTENT_SHORTFALL::THETA_0100::EXTERNALITY_CF_BETA_050::Q95::equal_kw_reduction,4,1,True,RECOVERABLE_ALLOCATION_EXTERNALITY,0.0334016061592,0.0559076704481,33.4016061592,55.9076704481
MR_K05_DISPERSED::INTERMITTENT_SHORTFALL::THETA_0100::EXTERNALITY_CF_BETA_050::Q95::equal_kw_reduction,5,1,True,RECOVERABLE_ALLOCATION_EXTERNALITY,0.0339112292956,0.059356570341,33.9112292956,59.356570341
MR_K05_DISPERSED::INTERMITTENT_SHORTFALL::THETA_0100::EXTERNALITY_CF_BETA_050::Q95::equal_kw_reduction,6,1,True,RECOVERABLE_ALLOCATION_EXTERNALITY,0.0300280255796,0.0527495352545,30.0280255796,52.7495352545
MR_K05_DISPERSED::INTERMITTENT_SHORTFALL::THETA_0100::EXTERNALITY_CF_BETA_050::Q95::equal_kw_reduction,7,1,True,RECOVERABLE_ALLOCATION_EXTERNALITY,0.0433380143494,0.0673671598202,43.3380143494,67.3671598202
MR_K05_DISPERSED::INTERMITTENT_SHORTFALL::THETA_0100::EXTERNALITY_CF_BETA_050::Q95::equal_kw_reduction,8,1,True,RECOVERABLE_ALLOCATION_EXTERNALITY,0.0269746957923,0.0514292785767,26.9746957923,51.4292785767
MR_K05_DISPERSED::INTERMITTENT_SHORTFALL::THETA_0100::EXTERNALITY_CF_BETA_050::Q95::equal_kw_reduction,9,1,True,RECOVERABLE_ALLOCATION_EXTERNALITY,0.0209665453763,0.0489226325748,20.9665453763,48.9226325748
MR_K05_DISPERSED::INTERMITTENT_SHORTFALL::THETA_0100::EXTERNALITY_CF_BETA_050::Q95::equal_kw_reduction,10,1,True,RECOVERABLE_ALLOCATION_EXTERNALITY,0.0324457336137,0.058659408214,32.4457336137,58.659408214
MR_K05_DISPERSED::INTERMITTENT_SHORTFALL::THETA_0100::EXTERNALITY_CF_BETA_050::Q95::equal_kw_reduction,11,1,True,RECOVERABLE_ALLOCATION_EXTERNALITY,0.0316927249103,0.0560293320337,31.6927249103,56.0293320337
MR_K05_DISPERSED::INTERMITTENT_SHORTFALL::THETA_0100::EXTERNALITY_CF_BETA_050::Q95::equal_kw_reduction,12,1,True,RECOVERABLE_ALLOCATION_EXTERNALITY,0.0248429802108,0.0488141981119,24.8429802108,48.8141981119
MR_K05_DISPERSED::INTERMITTENT_SHORTFALL::THETA_0100::EXTERNALITY_CF_BETA_050::Q95::equal_kw_reduction,13,1,True,RECOVERABLE_ALLOCATION_EXTERNALITY,0.0431002814428,0.0668446720275,43.1002814428,66.8446720275
MR_K05_DISPERSED::INTERMITTENT_SHORTFALL::THETA_0100::EXTERNALITY_CF_BETA_050::Q95::equal_kw_reduction,14,1,True,RECOVERABLE_ALLOCATION_EXTERNALITY,0.0348749711803,0.0566296257276,34.8749711803,56.6296257276
MR_K05_DISPERSED::INTERMITTENT_SHORTFALL::THETA_0100::EXTERNALITY_CF_BETA_050::Q95::equal_kw_reduction,15,1,True,RECOVERABLE_ALLOCATION_EXTERNALITY,0.0185878441688,0.042140823946,18.5878441688,42.140823946
MR_K05_DISPERSED::INTERMITTENT_SHORTFALL::THETA_0100::EXTERNALITY_CF_BETA_050::Q95::equal_kw_reduction,16,1,True,RECOVERABLE_ALLOCATION_EXTERNALITY,0.0429388173951,0.0683146325019,42.9388173951,68.3146325019
MR_K05_DISPERSED::INTERMITTENT_SHORTFALL::THETA_0100::EXTERNALITY_CF_BETA_050::Q95::flat_level,1,1,True,RECOVERABLE_ALLOCATION_EXTERNALITY,0.133424940712,0.133424940712,133.424940712,133.424940712
MR_K05_DISPERSED::INTERMITTENT_SHORTFALL::THETA_0100::EXTERNALITY_CF_BETA_050::Q95::flat_level,2,1,True,RECOVERABLE_ALLOCATION_EXTERNALITY,0.088196900814,0.088196900814,88.196900814,88.196900814
MR_K05_DISPERSED::INTERMITTENT_SHORTFALL::THETA_0100::EXTERNALITY_CF_BETA_050::Q95::flat_level,3,1,True,RECOVERABLE_ALLOCATION_EXTERNALITY,0.190483468579,0.190483468579,190.483468579,190.483468579
MR_K05_DISPERSED::INTERMITTENT_SHORTFALL::THETA_0100::EXTERNALITY_CF_BETA_050::Q95::flat_level,4,1,True,RECOVERABLE_ALLOCATION_EXTERNALITY,0.118006250527,0.118006250527,118.006250527,118.006250527
MR_K05_DISPERSED::INTERMITTENT_SHORTFALL::THETA_0100::EXTERNALITY_CF_BETA_050::Q95::flat_level,5,1,True,RECOVERABLE_ALLOCATION_EXTERNALITY,0.0917544639915,0.0917544639915,91.7544639915,91.7544639915
MR_K05_DISPERSED::INTERMITTENT_SHORTFALL::THETA_0100::EXTERNALITY_CF_BETA_050::Q95::flat_level,6,1,True,RECOVERABLE_ALLOCATION_EXTERNALITY,0.122646530007,0.122646530007,122.646530007,122.646530007
MR_K05_DISPERSED::INTERMITTENT_SHORTFALL::THETA_0100::EXTERNALITY_CF_BETA_050::Q95::flat_level,7,1,True,RECOVERABLE_ALLOCATION_EXTERNALITY,0.162385831833,0.162385831833,162.385831833,162.385831833
MR_K05_DISPERSED::INTERMITTENT_SHORTFALL::THETA_0100::EXTERNALITY_CF_BETA_050::Q95::flat_level,8,1,True,RECOVERABLE_ALLOCATION_EXTERNALITY,0.0858469015149,0.0858469015149,85.8469015149,85.8469015149
MR_K05_DISPERSED::INTERMITTENT_SHORTFALL::THETA_0100::EXTERNALITY_CF_BETA_050::Q95::flat_level,9,1,True,RECOVERABLE_ALLOCATION_EXTERNALITY,0.128812883204,0.128812883204,128.812883204,128.812883204
MR_K05_DISPERSED::INTERMITTENT_SHORTFALL::THETA_0100::EXTERNALITY_CF_BETA_050::Q95::flat_level,10,1,True,RECOVERABLE_ALLOCATION_EXTERNALITY,0.187828540749,0.187828540749,187.828540749,187.828540749
MR_K05_DISPERSED::INTERMITTENT_SHORTFALL::THETA_0100::EXTERNALITY_CF_BETA_050::Q95::flat_level,11,1,True,RECOVERABLE_ALLOCATION_EXTERNALITY,0.0848948994361,0.0848948994361,84.8948994361,84.8948994361
MR_K05_DISPERSED::INTERMITTENT_SHORTFALL::THETA_0100::EXTERNALITY_CF_BETA_050::Q95::flat_level,12,1,True,RECOVERABLE_ALLOCATION_EXTERNALITY,0.163544778748,0.163544778748,163.544778748,163.544778748
MR_K05_DISPERSED::INTERMITTENT_SHORTFALL::THETA_0100::EXTERNALITY_CF_BETA_050::Q95::flat_level,13,1,True,RECOVERABLE_ALLOCATION_EXTERNALITY,0.135470642587,0.135470642587,135.470642587,135.470642587
MR_K05_DISPERSED::INTERMITTENT_SHORTFALL::THETA_0100::EXTERNALITY_CF_BETA_050::Q95::flat_level,14,1,True,RECOVERABLE_ALLOCATION_EXTERNALITY,0.117336375526,0.117336375526,117.336375526,117.336375526
MR_K05_DISPERSED::INTERMITTENT_SHORTFALL::THETA_0100::EXTERNALITY_CF_BETA_050::Q95::flat_level,15,1,True,RECOVERABLE_ALLOCATION_EXTERNALITY,0.10754957515,0.10754957515,107.54957515,107.54957515
MR_K05_DISPERSED::INTERMITTENT_SHORTFALL::THETA_0100::EXTERNALITY_CF_BETA_050::Q95::flat_level,16,1,True,RECOVERABLE_ALLOCATION_EXTERNALITY,0.153477728116,0.153477728116,153.477728116,153.477728116
MR_K05_DISPERSED::INTERMITTENT_SHORTFALL::THETA_0100::EXTERNALITY_CF_BETA_050::Q95::max_export_lp,1,1,True,RECOVERABLE_ALLOCATION_EXTERNALITY,0.0366787010984,0.0366787010984,36.6787010984,36.6787010984
MR_K05_DISPERSED::INTERMITTENT_SHORTFALL::THETA_0100::EXTERNALITY_CF_BETA_050::Q95::max_export_lp,2,1,True,RECOVERABLE_ALLOCATION_EXTERNALITY,0.0551115218928,0.0551115218946,55.1115218928,55.1115218946
MR_K05_DISPERSED::INTERMITTENT_SHORTFALL::THETA_0100::EXTERNALITY_CF_BETA_050::Q95::max_export_lp,3,1,True,RECOVERABLE_ALLOCATION_EXTERNALITY,0.0243570213638,0.0243570213638,24.3570213638,24.3570213638
MR_K05_DISPERSED::INTERMITTENT_SHORTFALL::THETA_0100::EXTERNALITY_CF_BETA_050::Q95::max_export_lp,4,1,True,RECOVERABLE_ALLOCATION_EXTERNALITY,0.0419179241584,0.0419179241584,41.9179241584,41.9179241584
MR_K05_DISPERSED::INTERMITTENT_SHORTFALL::THETA_0100::EXTERNALITY_CF_BETA_050::Q95::max_export_lp,5,1,True,RECOVERABLE_ALLOCATION_EXTERNALITY,0.0540021141902,0.0540021141947,54.0021141902,54.0021141947
MR_K05_DISPERSED::INTERMITTENT_SHORTFALL::THETA_0100::EXTERNALITY_CF_BETA_050::Q95::max_export_lp,6,1,True,RECOVERABLE_ALLOCATION_EXTERNALITY,0.0486360867793,0.0486360867795,48.6360867793,48.6360867795
MR_K05_DISPERSED::INTERMITTENT_SHORTFALL::THETA_0100::EXTERNALITY_CF_BETA_050::Q95::max_export_lp,7,1,True,RECOVERABLE_ALLOCATION_EXTERNALITY,0.041925351092,0.0419253510947,41.925351092,41.9253510947
MR_K05_DISPERSED::INTERMITTENT_SHORTFALL::THETA_0100::EXTERNALITY_CF_BETA_050::Q95::max_export_lp,8,1,True,RECOVERABLE_ALLOCATION_EXTERNALITY,0.0373585865229,0.0373585865235,37.3585865229,37.3585865235
MR_K05_DISPERSED::INTERMITTENT_SHORTFALL::THETA_0100::EXTERNALITY_CF_BETA_050::Q95::max_export_lp,9,1,True,RECOVERABLE_ALLOCATION_EXTERNALITY,0.0500386887685,0.0500386887686,50.0386887685,50.0386887686
MR_K05_DISPERSED::INTERMITTENT_SHORTFALL::THETA_0100::EXTERNALITY_CF_BETA_050::Q95::max_export_lp,10,1,True,RECOVERABLE_ALLOCATION_EXTERNALITY,0.0306600908995,0.0306600908996,30.6600908995,30.6600908996
MR_K05_DISPERSED::INTERMITTENT_SHORTFALL::THETA_0100::EXTERNALITY_CF_BETA_050::Q95::max_export_lp,11,1,True,RECOVERABLE_ALLOCATION_EXTERNALITY,0.0485157923942,0.0485157923942,48.5157923942,48.5157923942
MR_K05_DISPERSED::INTERMITTENT_SHORTFALL::THETA_0100::EXTERNALITY_CF_BETA_050::Q95::max_export_lp,12,1,True,RECOVERABLE_ALLOCATION_EXTERNALITY,0.0486207176164,0.0486207176167,48.6207176164,48.6207176167
MR_K05_DISPERSED::INTERMITTENT_SHORTFALL::THETA_0100::EXTERNALITY_CF_BETA_050::Q95::max_export_lp,13,1,True,RECOVERABLE_ALLOCATION_EXTERNALITY,0.041963469927,0.0419634699342,41.963469927,41.9634699342
MR_K05_DISPERSED::INTERMITTENT_SHORTFALL::THETA_0100::EXTERNALITY_CF_BETA_050::Q95::max_export_lp,14,1,True,RECOVERABLE_ALLOCATION_EXTERNALITY,0.0478699276649,0.0478699276649,47.8699276649,47.8699276649
MR_K05_DISPERSED::INTERMITTENT_SHORTFALL::THETA_0100::EXTERNALITY_CF_BETA_050::Q95::max_export_lp,15,1,True,RECOVERABLE_ALLOCATION_EXTERNALITY,0.0431619477469,0.0431619477469,43.1619477469,43.1619477469
MR_K05_DISPERSED::INTERMITTENT_SHORTFALL::THETA_0100::EXTERNALITY_CF_BETA_050::Q95::max_export_lp,16,1,True,RECOVERABLE_ALLOCATION_EXTERNALITY,0.04792420416,0.047924204164,47.92420416,47.924204164
MR_K05_DISPERSED::INTERMITTENT_SHORTFALL::THETA_0100::EXTERNALITY_CF_BETA_050::Q95::fairness_qp,1,1,True,RECOVERABLE_ALLOCATION_EXTERNALITY,0.0156616855011,0.0394343278353,15.6616855011,39.4343278353
MR_K05_DISPERSED::INTERMITTENT_SHORTFALL::THETA_0100::EXTERNALITY_CF_BETA_050::Q95::fairness_qp,2,1,True,RECOVERABLE_ALLOCATION_EXTERNALITY,0.0382603510784,0.0538889730399,38.2603510784,53.8889730399
MR_K05_DISPERSED::INTERMITTENT_SHORTFALL::THETA_0100::EXTERNALITY_CF_BETA_050::Q95::fairness_qp,3,1,True,RECOVERABLE_ALLOCATION_EXTERNALITY,0.0257794940703,0.0452635395428,25.7794940703,45.2635395428
MR_K05_DISPERSED::INTERMITTENT_SHORTFALL::THETA_0100::EXTERNALITY_CF_BETA_050::Q95::fairness_qp,4,1,True,RECOVERABLE_ALLOCATION_EXTERNALITY,0.0298058159017,0.0428693815032,29.8058159017,42.8693815032
MR_K05_DISPERSED::INTERMITTENT_SHORTFALL::THETA_0100::EXTERNALITY_CF_BETA_050::Q95::fairness_qp,5,1,True,RECOVERABLE_ALLOCATION_EXTERNALITY,0.0261437828096,0.0445430257214,26.1437828096,44.5430257214
MR_K05_DISPERSED::INTERMITTENT_SHORTFALL::THETA_0100::EXTERNALITY_CF_BETA_050::Q95::fairness_qp,6,1,True,RECOVERABLE_ALLOCATION_EXTERNALITY,0.0372518560904,0.0486255890544,37.2518560904,48.6255890544
MR_K05_DISPERSED::INTERMITTENT_SHORTFALL::THETA_0100::EXTERNALITY_CF_BETA_050::Q95::fairness_qp,7,1,True,RECOVERABLE_ALLOCATION_EXTERNALITY,0.0366287068486,0.052771128466,36.6287068486,52.771128466
MR_K05_DISPERSED::INTERMITTENT_SHORTFALL::THETA_0100::EXTERNALITY_CF_BETA_050::Q95::fairness_qp,8,1,True,RECOVERABLE_ALLOCATION_EXTERNALITY,0.0207354750742,0.0395047644299,20.7354750742,39.5047644299
MR_K05_DISPERSED::INTERMITTENT_SHORTFALL::THETA_0100::EXTERNALITY_CF_BETA_050::Q95::fairness_qp,9,1,True,RECOVERABLE_ALLOCATION_EXTERNALITY,0.0375003440159,0.0517650655845,37.5003440159,51.7650655845
MR_K05_DISPERSED::INTERMITTENT_SHORTFALL::THETA_0100::EXTERNALITY_CF_BETA_050::Q95::fairness_qp,10,1,True,RECOVERABLE_ALLOCATION_EXTERNALITY,0.0336663649481,0.0497491461509,33.6663649481,49.7491461509
MR_K05_DISPERSED::INTERMITTENT_SHORTFALL::THETA_0100::EXTERNALITY_CF_BETA_050::Q95::fairness_qp,11,1,True,RECOVERABLE_ALLOCATION_EXTERNALITY,0.0305267504652,0.0473213972153,30.5267504652,47.3213972153
MR_K05_DISPERSED::INTERMITTENT_SHORTFALL::THETA_0100::EXTERNALITY_CF_BETA_050::Q95::fairness_qp,12,1,True,RECOVERABLE_ALLOCATION_EXTERNALITY,0.032372213157,0.047243320324,32.372213157,47.243320324
MR_K05_DISPERSED::INTERMITTENT_SHORTFALL::THETA_0100::EXTERNALITY_CF_BETA_050::Q95::fairness_qp,13,1,True,RECOVERABLE_ALLOCATION_EXTERNALITY,0.0380317800215,0.0513339439769,38.0317800215,51.3339439769
MR_K05_DISPERSED::INTERMITTENT_SHORTFALL::THETA_0100::EXTERNALITY_CF_BETA_050::Q95::fairness_qp,14,1,True,RECOVERABLE_ALLOCATION_EXTERNALITY,0.0308987134619,0.0464294581228,30.8987134619,46.4294581228
MR_K05_DISPERSED::INTERMITTENT_SHORTFALL::THETA_0100::EXTERNALITY_CF_BETA_050::Q95::fairness_qp,15,1,True,RECOVERABLE_ALLOCATION_EXTERNALITY,0.0261500298356,0.0398780920964,26.1500298356,39.8780920964
MR_K05_DISPERSED::INTERMITTENT_SHORTFALL::THETA_0100::EXTERNALITY_CF_BETA_050::Q95::fairness_qp,16,1,True,RECOVERABLE_ALLOCATION_EXTERNALITY,0.0380768249515,0.0548613629342,38.0768249515,54.8613629342
MR_K05_DISPERSED::INTERMITTENT_SHORTFALL::THETA_1000::EXTERNALITY_CF_BETA_050::Q0::weighted_proportional,1,10,True,RECOVERABLE_ALLOCATION_EXTERNALITY,0.0517495672802,0.0805572410821,51.7495672802,80.5572410821
MR_K05_DISPERSED::INTERMITTENT_SHORTFALL::THETA_1000::EXTERNALITY_CF_BETA_050::Q0::weighted_proportional,2,10,True,RECOVERABLE_ALLOCATION_EXTERNALITY,0.0161518855702,0.062781318621,16.1518855702,62.781318621
MR_K05_DISPERSED::INTERMITTENT_SHORTFALL::THETA_1000::EXTERNALITY_CF_BETA_050::Q0::weighted_proportional,3,10,True,RECOVERABLE_ALLOCATION_EXTERNALITY,0.0653943841263,0.0904532253132,65.3943841263,90.4532253132
MR_K05_DISPERSED::INTERMITTENT_SHORTFALL::THETA_1000::EXTERNALITY_CF_BETA_050::Q0::weighted_proportional,4,10,True,RECOVERABLE_ALLOCATION_EXTERNALITY,0.0458088720106,0.0762734349371,45.8088720106,76.2734349371
MR_K05_DISPERSED::INTERMITTENT_SHORTFALL::THETA_1000::EXTERNALITY_CF_BETA_050::Q0::weighted_proportional,5,10,True,RECOVERABLE_ALLOCATION_EXTERNALITY,0.0338125584227,0.0711161048634,33.8125584227,71.1161048634
MR_K05_DISPERSED::INTERMITTENT_SHORTFALL::THETA_1000::EXTERNALITY_CF_BETA_050::Q0::weighted_proportional,6,10,True,RECOVERABLE_ALLOCATION_EXTERNALITY,0.0418727253621,0.0762157886983,41.8727253621,76.2157886983
MR_K05_DISPERSED::INTERMITTENT_SHORTFALL::THETA_1000::EXTERNALITY_CF_BETA_050::Q0::weighted_proportional,7,10,True,RECOVERABLE_ALLOCATION_EXTERNALITY,0.0473488137569,0.0805571943838,47.3488137569,80.5571943838
MR_K05_DISPERSED::INTERMITTENT_SHORTFALL::THETA_1000::EXTERNALITY_CF_BETA_050::Q0::weighted_proportional,8,10,True,RECOVERABLE_ALLOCATION_EXTERNALITY,0.0221383012052,0.0614394224838,22.1383012052,61.4394224838
MR_K05_DISPERSED::INTERMITTENT_SHORTFALL::THETA_1000::EXTERNALITY_CF_BETA_050::Q0::weighted_proportional,9,10,True,RECOVERABLE_ALLOCATION_EXTERNALITY,0.0322053081783,0.0733468710916,32.2053081783,73.3468710916
MR_K05_DISPERSED::INTERMITTENT_SHORTFALL::THETA_1000::EXTERNALITY_CF_BETA_050::Q0::weighted_proportional,10,10,True,RECOVERABLE_ALLOCATION_EXTERNALITY,0.0563573312595,0.0857679035278,56.3573312595,85.7679035278
MR_K05_DISPERSED::INTERMITTENT_SHORTFALL::THETA_1000::EXTERNALITY_CF_BETA_050::Q0::weighted_proportional,11,10,True,RECOVERABLE_ALLOCATION_EXTERNALITY,0.0302414108144,0.0668673078405,30.2414108144,66.8673078405
MR_K05_DISPERSED::INTERMITTENT_SHORTFALL::THETA_1000::EXTERNALITY_CF_BETA_050::Q0::weighted_proportional,12,10,True,RECOVERABLE_ALLOCATION_EXTERNALITY,0.0428058202442,0.078286789157,42.8058202442,78.286789157
MR_K05_DISPERSED::INTERMITTENT_SHORTFALL::THETA_1000::EXTERNALITY_CF_BETA_050::Q0::weighted_proportional,13,10,True,RECOVERABLE_ALLOCATION_EXTERNALITY,0.0489699493015,0.080902821323,48.9699493015,80.902821323
MR_K05_DISPERSED::INTERMITTENT_SHORTFALL::THETA_1000::EXTERNALITY_CF_BETA_050::Q0::weighted_proportional,14,10,True,RECOVERABLE_ALLOCATION_EXTERNALITY,0.0368357426145,0.0727680395096,36.8357426145,72.7680395096
MR_K05_DISPERSED::INTERMITTENT_SHORTFALL::THETA_1000::EXTERNALITY_CF_BETA_050::Q0::weighted_proportional,15,10,True,RECOVERABLE_ALLOCATION_EXTERNALITY,0.025581632455,0.0657462040413,25.581632455,65.7462040413
MR_K05_DISPERSED::INTERMITTENT_SHORTFALL::THETA_1000::EXTERNALITY_CF_BETA_050::Q0::weighted_proportional,16,10,True,RECOVERABLE_ALLOCATION_EXTERNALITY,0.0414791513435,0.0779805256385,41.4791513435,77.9805256385
MR_K05_DISPERSED::INTERMITTENT_SHORTFALL::THETA_1000::EXTERNALITY_CF_BETA_050::Q0::equal_kw_reduction,1,10,True,RECOVERABLE_ALLOCATION_EXTERNALITY,0.0197772322329,0.0425922475017,19.7772322329,42.5922475017
MR_K05_DISPERSED::INTERMITTENT_SHORTFALL::THETA_1000::EXTERNALITY_CF_BETA_050::Q0::equal_kw_reduction,2,10,True,RECOVERABLE_ALLOCATION_EXTERNALITY,0.0306210837974,0.0527223412067,30.6210837974,52.7223412067
MR_K05_DISPERSED::INTERMITTENT_SHORTFALL::THETA_1000::EXTERNALITY_CF_BETA_050::Q0::equal_kw_reduction,3,10,True,RECOVERABLE_ALLOCATION_EXTERNALITY,0.0212156335591,0.0450367095107,21.2156335591,45.0367095107
MR_K05_DISPERSED::INTERMITTENT_SHORTFALL::THETA_1000::EXTERNALITY_CF_BETA_050::Q0::equal_kw_reduction,4,10,True,RECOVERABLE_ALLOCATION_EXTERNALITY,0.0267071655961,0.047764570426,26.7071655961,47.764570426
MR_K05_DISPERSED::INTERMITTENT_SHORTFALL::THETA_1000::EXTERNALITY_CF_BETA_050::Q0::equal_kw_reduction,5,10,True,RECOVERABLE_ALLOCATION_EXTERNALITY,0.0306158190736,0.0523971680593,30.6158190736,52.3971680593
MR_K05_DISPERSED::INTERMITTENT_SHORTFALL::THETA_1000::EXTERNALITY_CF_BETA_050::Q0::equal_kw_reduction,6,10,True,RECOVERABLE_ALLOCATION_EXTERNALITY,0.0274650038943,0.0477627307788,27.4650038943,47.7627307788
MR_K05_DISPERSED::INTERMITTENT_SHORTFALL::THETA_1000::EXTERNALITY_CF_BETA_050::Q0::equal_kw_reduction,7,10,True,RECOVERABLE_ALLOCATION_EXTERNALITY,0.0312446462372,0.0537062095727,31.2446462372,53.7062095727
MR_K05_DISPERSED::INTERMITTENT_SHORTFALL::THETA_1000::EXTERNALITY_CF_BETA_050::Q0::equal_kw_reduction,8,10,True,RECOVERABLE_ALLOCATION_EXTERNALITY,0.0242387340239,0.0475221052888,24.2387340239,47.5221052888
MR_K05_DISPERSED::INTERMITTENT_SHORTFALL::THETA_1000::EXTERNALITY_CF_BETA_050::Q0::equal_kw_reduction,9,10,True,RECOVERABLE_ALLOCATION_EXTERNALITY,0.0203716183611,0.0425600851722,20.3716183611,42.5600851722
MR_K05_DISPERSED::INTERMITTENT_SHORTFALL::THETA_1000::EXTERNALITY_CF_BETA_050::Q0::equal_kw_reduction,10,10,True,RECOVERABLE_ALLOCATION_EXTERNALITY,0.0238457246763,0.0475750737213,23.8457246763,47.5750737213
MR_K05_DISPERSED::INTERMITTENT_SHORTFALL::THETA_1000::EXTERNALITY_CF_BETA_050::Q0::equal_kw_reduction,11,10,True,RECOVERABLE_ALLOCATION_EXTERNALITY,0.0266067181789,0.0475306739568,26.6067181789,47.5306739568
MR_K05_DISPERSED::INTERMITTENT_SHORTFALL::THETA_1000::EXTERNALITY_CF_BETA_050::Q0::equal_kw_reduction,12,10,True,RECOVERABLE_ALLOCATION_EXTERNALITY,0.0266868602609,0.0471684367202,26.6868602609,47.1684367202
MR_K05_DISPERSED::INTERMITTENT_SHORTFALL::THETA_1000::EXTERNALITY_CF_BETA_050::Q0::equal_kw_reduction,13,10,True,RECOVERABLE_ALLOCATION_EXTERNALITY,0.0305555616209,0.052091270738,30.5555616209,52.091270738
MR_K05_DISPERSED::INTERMITTENT_SHORTFALL::THETA_1000::EXTERNALITY_CF_BETA_050::Q0::equal_kw_reduction,14,10,True,RECOVERABLE_ALLOCATION_EXTERNALITY,0.0280626946312,0.0496476260312,28.0626946312,49.6476260312
MR_K05_DISPERSED::INTERMITTENT_SHORTFALL::THETA_1000::EXTERNALITY_CF_BETA_050::Q0::equal_kw_reduction,15,10,True,RECOVERABLE_ALLOCATION_EXTERNALITY,0.0204628207437,0.0403605654791,20.4628207437,40.3605654791
MR_K05_DISPERSED::INTERMITTENT_SHORTFALL::THETA_1000::EXTERNALITY_CF_BETA_050::Q0::equal_kw_reduction,16,10,True,RECOVERABLE_ALLOCATION_EXTERNALITY,0.0313412124544,0.0542424795466,31.3412124544,54.2424795466
MR_K05_DISPERSED::INTERMITTENT_SHORTFALL::THETA_1000::EXTERNALITY_CF_BETA_050::Q0::flat_level,1,10,True,RECOVERABLE_ALLOCATION_EXTERNALITY,0.133424940712,0.133424940712,133.424940712,133.424940712
MR_K05_DISPERSED::INTERMITTENT_SHORTFALL::THETA_1000::EXTERNALITY_CF_BETA_050::Q0::flat_level,2,10,True,RECOVERABLE_ALLOCATION_EXTERNALITY,0.088196900814,0.088196900814,88.196900814,88.196900814
MR_K05_DISPERSED::INTERMITTENT_SHORTFALL::THETA_1000::EXTERNALITY_CF_BETA_050::Q0::flat_level,3,10,True,RECOVERABLE_ALLOCATION_EXTERNALITY,0.190483468579,0.190483468579,190.483468579,190.483468579
MR_K05_DISPERSED::INTERMITTENT_SHORTFALL::THETA_1000::EXTERNALITY_CF_BETA_050::Q0::flat_level,4,10,True,RECOVERABLE_ALLOCATION_EXTERNALITY,0.118006250527,0.118006250527,118.006250527,118.006250527
MR_K05_DISPERSED::INTERMITTENT_SHORTFALL::THETA_1000::EXTERNALITY_CF_BETA_050::Q0::flat_level,5,10,True,RECOVERABLE_ALLOCATION_EXTERNALITY,0.0917544639915,0.0917544639915,91.7544639915,91.7544639915
MR_K05_DISPERSED::INTERMITTENT_SHORTFALL::THETA_1000::EXTERNALITY_CF_BETA_050::Q0::flat_level,6,10,True,RECOVERABLE_ALLOCATION_EXTERNALITY,0.122646530007,0.122646530007,122.646530007,122.646530007
MR_K05_DISPERSED::INTERMITTENT_SHORTFALL::THETA_1000::EXTERNALITY_CF_BETA_050::Q0::flat_level,7,10,True,RECOVERABLE_ALLOCATION_EXTERNALITY,0.162385831833,0.162385831833,162.385831833,162.385831833
MR_K05_DISPERSED::INTERMITTENT_SHORTFALL::THETA_1000::EXTERNALITY_CF_BETA_050::Q0::flat_level,8,10,True,RECOVERABLE_ALLOCATION_EXTERNALITY,0.0858469015149,0.0858469015149,85.8469015149,85.8469015149
MR_K05_DISPERSED::INTERMITTENT_SHORTFALL::THETA_1000::EXTERNALITY_CF_BETA_050::Q0::flat_level,9,10,True,RECOVERABLE_ALLOCATION_EXTERNALITY,0.128812883204,0.128812883204,128.812883204,128.812883204
MR_K05_DISPERSED::INTERMITTENT_SHORTFALL::THETA_1000::EXTERNALITY_CF_BETA_050::Q0::flat_level,10,10,True,RECOVERABLE_ALLOCATION_EXTERNALITY,0.187828540749,0.187828540749,187.828540749,187.828540749
MR_K05_DISPERSED::INTERMITTENT_SHORTFALL::THETA_1000::EXTERNALITY_CF_BETA_050::Q0::flat_level,11,10,True,RECOVERABLE_ALLOCATION_EXTERNALITY,0.0848948994361,0.0848948994361,84.8948994361,84.8948994361
MR_K05_DISPERSED::INTERMITTENT_SHORTFALL::THETA_1000::EXTERNALITY_CF_BETA_050::Q0::flat_level,12,10,True,RECOVERABLE_ALLOCATION_EXTERNALITY,0.163544778748,0.163544778748,163.544778748,163.544778748
MR_K05_DISPERSED::INTERMITTENT_SHORTFALL::THETA_1000::EXTERNALITY_CF_BETA_050::Q0::flat_level,13,10,True,RECOVERABLE_ALLOCATION_EXTERNALITY,0.135470642587,0.135470642587,135.470642587,135.470642587
MR_K05_DISPERSED::INTERMITTENT_SHORTFALL::THETA_1000::EXTERNALITY_CF_BETA_050::Q0::flat_level,14,10,True,RECOVERABLE_ALLOCATION_EXTERNALITY,0.117336375526,0.117336375526,117.336375526,117.336375526
MR_K05_DISPERSED::INTERMITTENT_SHORTFALL::THETA_1000::EXTERNALITY_CF_BETA_050::Q0::flat_level,15,10,True,RECOVERABLE_ALLOCATION_EXTERNALITY,0.10754957515,0.10754957515,107.54957515,107.54957515
MR_K05_DISPERSED::INTERMITTENT_SHORTFALL::THETA_1000::EXTERNALITY_CF_BETA_050::Q0::flat_level,16,10,True,RECOVERABLE_ALLOCATION_EXTERNALITY,0.153477728116,0.153477728116,153.477728116,153.477728116
MR_K05_DISPERSED::INTERMITTENT_SHORTFALL::THETA_1000::EXTERNALITY_CF_BETA_050::Q0::max_export_lp,1,10,True,RECOVERABLE_ALLOCATION_EXTERNALITY,0.0366787251912,0.0366787251913,36.6787251912,36.6787251913
MR_K05_DISPERSED::INTERMITTENT_SHORTFALL::THETA_1000::EXTERNALITY_CF_BETA_050::Q0::max_export_lp,2,10,True,RECOVERABLE_ALLOCATION_EXTERNALITY,0.0551115515891,0.0551115515897,55.1115515891,55.1115515897
MR_K05_DISPERSED::INTERMITTENT_SHORTFALL::THETA_1000::EXTERNALITY_CF_BETA_050::Q0::max_export_lp,3,10,True,RECOVERABLE_ALLOCATION_EXTERNALITY,0.0243571741504,0.0243571741505,24.3571741504,24.3571741505
MR_K05_DISPERSED::INTERMITTENT_SHORTFALL::THETA_1000::EXTERNALITY_CF_BETA_050::Q0::max_export_lp,4,10,True,RECOVERABLE_ALLOCATION_EXTERNALITY,0.0419179667306,0.0419179667316,41.9179667306,41.9179667316
MR_K05_DISPERSED::INTERMITTENT_SHORTFALL::THETA_1000::EXTERNALITY_CF_BETA_050::Q0::max_export_lp,5,10,True,RECOVERABLE_ALLOCATION_EXTERNALITY,0.0540020898008,0.0540020898008,54.0020898008,54.0020898008
MR_K05_DISPERSED::INTERMITTENT_SHORTFALL::THETA_1000::EXTERNALITY_CF_BETA_050::Q0::max_export_lp,6,10,True,RECOVERABLE_ALLOCATION_EXTERNALITY,0.0486360686307,0.0486360686309,48.6360686307,48.6360686309
MR_K05_DISPERSED::INTERMITTENT_SHORTFALL::THETA_1000::EXTERNALITY_CF_BETA_050::Q0::max_export_lp,7,10,True,RECOVERABLE_ALLOCATION_EXTERNALITY,0.0419253692294,0.0419253692294,41.9253692294,41.9253692294
MR_K05_DISPERSED::INTERMITTENT_SHORTFALL::THETA_1000::EXTERNALITY_CF_BETA_050::Q0::max_export_lp,8,10,True,RECOVERABLE_ALLOCATION_EXTERNALITY,0.0373585800138,0.0373585800139,37.3585800138,37.3585800139
MR_K05_DISPERSED::INTERMITTENT_SHORTFALL::THETA_1000::EXTERNALITY_CF_BETA_050::Q0::max_export_lp,9,10,True,RECOVERABLE_ALLOCATION_EXTERNALITY,0.050038690109,0.0500386901091,50.038690109,50.0386901091
MR_K05_DISPERSED::INTERMITTENT_SHORTFALL::THETA_1000::EXTERNALITY_CF_BETA_050::Q0::max_export_lp,10,10,True,RECOVERABLE_ALLOCATION_EXTERNALITY,0.0306600887857,0.030660088787,30.6600887857,30.660088787
MR_K05_DISPERSED::INTERMITTENT_SHORTFALL::THETA_1000::EXTERNALITY_CF_BETA_050::Q0::max_export_lp,11,10,True,RECOVERABLE_ALLOCATION_EXTERNALITY,0.0485157912021,0.048515791203,48.5157912021,48.515791203
MR_K05_DISPERSED::INTERMITTENT_SHORTFALL::THETA_1000::EXTERNALITY_CF_BETA_050::Q0::max_export_lp,12,10,True,RECOVERABLE_ALLOCATION_EXTERNALITY,0.0486207202936,0.0486207202941,48.6207202936,48.6207202941
MR_K05_DISPERSED::INTERMITTENT_SHORTFALL::THETA_1000::EXTERNALITY_CF_BETA_050::Q0::max_export_lp,13,10,True,RECOVERABLE_ALLOCATION_EXTERNALITY,0.0419634205918,0.041963420594,41.9634205918,41.963420594
MR_K05_DISPERSED::INTERMITTENT_SHORTFALL::THETA_1000::EXTERNALITY_CF_BETA_050::Q0::max_export_lp,14,10,True,RECOVERABLE_ALLOCATION_EXTERNALITY,0.0478698275814,0.0478698275866,47.8698275814,47.8698275866
MR_K05_DISPERSED::INTERMITTENT_SHORTFALL::THETA_1000::EXTERNALITY_CF_BETA_050::Q0::max_export_lp,15,10,True,RECOVERABLE_ALLOCATION_EXTERNALITY,0.0431619505814,0.0431619505814,43.1619505814,43.1619505814
MR_K05_DISPERSED::INTERMITTENT_SHORTFALL::THETA_1000::EXTERNALITY_CF_BETA_050::Q0::max_export_lp,16,10,True,RECOVERABLE_ALLOCATION_EXTERNALITY,0.0479242305128,0.0479242305128,47.9242305128,47.9242305128
MR_K05_DISPERSED::INTERMITTENT_SHORTFALL::THETA_1000::EXTERNALITY_CF_BETA_050::Q0::fairness_qp,1,10,True,RECOVERABLE_ALLOCATION_EXTERNALITY,0.0219582043956,0.0452562879626,21.9582043956,45.2562879626
MR_K05_DISPERSED::INTERMITTENT_SHORTFALL::THETA_1000::EXTERNALITY_CF_BETA_050::Q0::fairness_qp,2,10,True,RECOVERABLE_ALLOCATION_EXTERNALITY,0.0481362604117,0.0615037553609,48.1362604117,61.5037553609
MR_K05_DISPERSED::INTERMITTENT_SHORTFALL::THETA_1000::EXTERNALITY_CF_BETA_050::Q0::fairness_qp,3,10,True,RECOVERABLE_ALLOCATION_EXTERNALITY,0.0274427060831,0.0494381893355,27.4427060831,49.4381893355
MR_K05_DISPERSED::INTERMITTENT_SHORTFALL::THETA_1000::EXTERNALITY_CF_BETA_050::Q0::fairness_qp,4,10,True,RECOVERABLE_ALLOCATION_EXTERNALITY,0.0307849929449,0.0499665636869,30.7849929449,49.9665636869
MR_K05_DISPERSED::INTERMITTENT_SHORTFALL::THETA_1000::EXTERNALITY_CF_BETA_050::Q0::fairness_qp,5,10,True,RECOVERABLE_ALLOCATION_EXTERNALITY,0.0321448662075,0.0504800885138,32.1448662075,50.4800885138
MR_K05_DISPERSED::INTERMITTENT_SHORTFALL::THETA_1000::EXTERNALITY_CF_BETA_050::Q0::fairness_qp,6,10,True,RECOVERABLE_ALLOCATION_EXTERNALITY,0.0413921753711,0.0545049662694,41.3921753711,54.5049662694
MR_K05_DISPERSED::INTERMITTENT_SHORTFALL::THETA_1000::EXTERNALITY_CF_BETA_050::Q0::fairness_qp,7,10,True,RECOVERABLE_ALLOCATION_EXTERNALITY,0.03311948733,0.0525274804483,33.11948733,52.5274804483
MR_K05_DISPERSED::INTERMITTENT_SHORTFALL::THETA_1000::EXTERNALITY_CF_BETA_050::Q0::fairness_qp,8,10,True,RECOVERABLE_ALLOCATION_EXTERNALITY,0.0250771113956,0.0461649096931,25.0771113956,46.1649096931
MR_K05_DISPERSED::INTERMITTENT_SHORTFALL::THETA_1000::EXTERNALITY_CF_BETA_050::Q0::fairness_qp,9,10,True,RECOVERABLE_ALLOCATION_EXTERNALITY,0.0418902707452,0.0549535059817,41.8902707452,54.9535059817
MR_K05_DISPERSED::INTERMITTENT_SHORTFALL::THETA_1000::EXTERNALITY_CF_BETA_050::Q0::fairness_qp,10,10,True,RECOVERABLE_ALLOCATION_EXTERNALITY,0.0341017191384,0.0551118629952,34.1017191384,55.1118629952
MR_K05_DISPERSED::INTERMITTENT_SHORTFALL::THETA_1000::EXTERNALITY_CF_BETA_050::Q0::fairness_qp,11,10,True,RECOVERABLE_ALLOCATION_EXTERNALITY,0.0304199840226,0.0475529851909,30.4199840226,47.5529851909
MR_K05_DISPERSED::INTERMITTENT_SHORTFALL::THETA_1000::EXTERNALITY_CF_BETA_050::Q0::fairness_qp,12,10,True,RECOVERABLE_ALLOCATION_EXTERNALITY,0.037647794707,0.0525989047397,37.647794707,52.5989047397
MR_K05_DISPERSED::INTERMITTENT_SHORTFALL::THETA_1000::EXTERNALITY_CF_BETA_050::Q0::fairness_qp,13,10,True,RECOVERABLE_ALLOCATION_EXTERNALITY,0.0356339416405,0.0526100531223,35.6339416405,52.6100531223
MR_K05_DISPERSED::INTERMITTENT_SHORTFALL::THETA_1000::EXTERNALITY_CF_BETA_050::Q0::fairness_qp,14,10,True,RECOVERABLE_ALLOCATION_EXTERNALITY,0.0312455942015,0.0494363889394,31.2455942015,49.4363889394
MR_K05_DISPERSED::INTERMITTENT_SHORTFALL::THETA_1000::EXTERNALITY_CF_BETA_050::Q0::fairness_qp,15,10,True,RECOVERABLE_ALLOCATION_EXTERNALITY,0.0308845625408,0.0450269241745,30.8845625408,45.0269241745
MR_K05_DISPERSED::INTERMITTENT_SHORTFALL::THETA_1000::EXTERNALITY_CF_BETA_050::Q0::fairness_qp,16,10,True,RECOVERABLE_ALLOCATION_EXTERNALITY,0.0353462670637,0.0522948217041,35.3462670637,52.2948217041
MR_K05_DISPERSED::INTERMITTENT_SHORTFALL::THETA_1000::EXTERNALITY_CF_BETA_050::Q95::weighted_proportional,1,10,True,RECOVERABLE_ALLOCATION_EXTERNALITY,0.0517495672792,0.0805572410811,51.7495672792,80.5572410811
MR_K05_DISPERSED::INTERMITTENT_SHORTFALL::THETA_1000::EXTERNALITY_CF_BETA_050::Q95::weighted_proportional,2,10,True,RECOVERABLE_ALLOCATION_EXTERNALITY,0.0161518855557,0.0627813186066,16.1518855557,62.7813186066
MR_K05_DISPERSED::INTERMITTENT_SHORTFALL::THETA_1000::EXTERNALITY_CF_BETA_050::Q95::weighted_proportional,3,10,True,RECOVERABLE_ALLOCATION_EXTERNALITY,0.0653943841105,0.0904532252974,65.3943841105,90.4532252974
MR_K05_DISPERSED::INTERMITTENT_SHORTFALL::THETA_1000::EXTERNALITY_CF_BETA_050::Q95::weighted_proportional,4,10,True,RECOVERABLE_ALLOCATION_EXTERNALITY,0.0458088719927,0.0762734349194,45.8088719927,76.2734349194
MR_K05_DISPERSED::INTERMITTENT_SHORTFALL::THETA_1000::EXTERNALITY_CF_BETA_050::Q95::weighted_proportional,5,10,True,RECOVERABLE_ALLOCATION_EXTERNALITY,0.0338125584125,0.0711161048532,33.8125584125,71.1161048532
MR_K05_DISPERSED::INTERMITTENT_SHORTFALL::THETA_1000::EXTERNALITY_CF_BETA_050::Q95::weighted_proportional,6,10,True,RECOVERABLE_ALLOCATION_EXTERNALITY,0.0418727253625,0.0762157886989,41.8727253625,76.2157886989
MR_K05_DISPERSED::INTERMITTENT_SHORTFALL::THETA_1000::EXTERNALITY_CF_BETA_050::Q95::weighted_proportional,7,10,True,RECOVERABLE_ALLOCATION_EXTERNALITY,0.0473488137568,0.0805571943839,47.3488137568,80.5571943839
MR_K05_DISPERSED::INTERMITTENT_SHORTFALL::THETA_1000::EXTERNALITY_CF_BETA_050::Q95::weighted_proportional,8,10,True,RECOVERABLE_ALLOCATION_EXTERNALITY,0.0221383012068,0.0614394224852,22.1383012068,61.4394224852
MR_K05_DISPERSED::INTERMITTENT_SHORTFALL::THETA_1000::EXTERNALITY_CF_BETA_050::Q95::weighted_proportional,9,10,True,RECOVERABLE_ALLOCATION_EXTERNALITY,0.0322053081746,0.073346871088,32.2053081746,73.346871088
MR_K05_DISPERSED::INTERMITTENT_SHORTFALL::THETA_1000::EXTERNALITY_CF_BETA_050::Q95::weighted_proportional,10,10,True,RECOVERABLE_ALLOCATION_EXTERNALITY,0.0563573312599,0.0857679035283,56.3573312599,85.7679035283
MR_K05_DISPERSED::INTERMITTENT_SHORTFALL::THETA_1000::EXTERNALITY_CF_BETA_050::Q95::weighted_proportional,11,10,True,RECOVERABLE_ALLOCATION_EXTERNALITY,0.0302414108153,0.0668673078414,30.2414108153,66.8673078414
MR_K05_DISPERSED::INTERMITTENT_SHORTFALL::THETA_1000::EXTERNALITY_CF_BETA_050::Q95::weighted_proportional,12,10,True,RECOVERABLE_ALLOCATION_EXTERNALITY,0.0428058202444,0.0782867891574,42.8058202444,78.2867891574
MR_K05_DISPERSED::INTERMITTENT_SHORTFALL::THETA_1000::EXTERNALITY_CF_BETA_050::Q95::weighted_proportional,13,10,True,RECOVERABLE_ALLOCATION_EXTERNALITY,0.0489699493015,0.0809028213232,48.9699493015,80.9028213232
MR_K05_DISPERSED::INTERMITTENT_SHORTFALL::THETA_1000::EXTERNALITY_CF_BETA_050::Q95::weighted_proportional,14,10,True,RECOVERABLE_ALLOCATION_EXTERNALITY,0.0368357426148,0.07276803951,36.8357426148,72.76803951
MR_K05_DISPERSED::INTERMITTENT_SHORTFALL::THETA_1000::EXTERNALITY_CF_BETA_050::Q95::weighted_proportional,15,10,True,RECOVERABLE_ALLOCATION_EXTERNALITY,0.0255816324555,0.0657462040419,25.5816324555,65.7462040419
MR_K05_DISPERSED::INTERMITTENT_SHORTFALL::THETA_1000::EXTERNALITY_CF_BETA_050::Q95::weighted_proportional,16,10,True,RECOVERABLE_ALLOCATION_EXTERNALITY,0.0414791513342,0.0779805256294,41.4791513342,77.9805256294
MR_K05_DISPERSED::INTERMITTENT_SHORTFALL::THETA_1000::EXTERNALITY_CF_BETA_050::Q95::equal_kw_reduction,1,10,True,RECOVERABLE_ALLOCATION_EXTERNALITY,0.0197772322329,0.0425922475017,19.7772322329,42.5922475017
MR_K05_DISPERSED::INTERMITTENT_SHORTFALL::THETA_1000::EXTERNALITY_CF_BETA_050::Q95::equal_kw_reduction,2,10,True,RECOVERABLE_ALLOCATION_EXTERNALITY,0.0306210837974,0.0527223412067,30.6210837974,52.7223412067
MR_K05_DISPERSED::INTERMITTENT_SHORTFALL::THETA_1000::EXTERNALITY_CF_BETA_050::Q95::equal_kw_reduction,3,10,True,RECOVERABLE_ALLOCATION_EXTERNALITY,0.0212156335591,0.0450367095107,21.2156335591,45.0367095107
MR_K05_DISPERSED::INTERMITTENT_SHORTFALL::THETA_1000::EXTERNALITY_CF_BETA_050::Q95::equal_kw_reduction,4,10,True,RECOVERABLE_ALLOCATION_EXTERNALITY,0.0267071655961,0.047764570426,26.7071655961,47.764570426
MR_K05_DISPERSED::INTERMITTENT_SHORTFALL::THETA_1000::EXTERNALITY_CF_BETA_050::Q95::equal_kw_reduction,5,10,True,RECOVERABLE_ALLOCATION_EXTERNALITY,0.0306158190736,0.0523971680593,30.6158190736,52.3971680593
MR_K05_DISPERSED::INTERMITTENT_SHORTFALL::THETA_1000::EXTERNALITY_CF_BETA_050::Q95::equal_kw_reduction,6,10,True,RECOVERABLE_ALLOCATION_EXTERNALITY,0.0274650038943,0.0477627307788,27.4650038943,47.7627307788
MR_K05_DISPERSED::INTERMITTENT_SHORTFALL::THETA_1000::EXTERNALITY_CF_BETA_050::Q95::equal_kw_reduction,7,10,True,RECOVERABLE_ALLOCATION_EXTERNALITY,0.0312446462372,0.0537062095727,31.2446462372,53.7062095727
MR_K05_DISPERSED::INTERMITTENT_SHORTFALL::THETA_1000::EXTERNALITY_CF_BETA_050::Q95::equal_kw_reduction,8,10,True,RECOVERABLE_ALLOCATION_EXTERNALITY,0.0242387340239,0.0475221052888,24.2387340239,47.5221052888
MR_K05_DISPERSED::INTERMITTENT_SHORTFALL::THETA_1000::EXTERNALITY_CF_BETA_050::Q95::equal_kw_reduction,9,10,True,RECOVERABLE_ALLOCATION_EXTERNALITY,0.0203716183611,0.0425600851722,20.3716183611,42.5600851722
MR_K05_DISPERSED::INTERMITTENT_SHORTFALL::THETA_1000::EXTERNALITY_CF_BETA_050::Q95::equal_kw_reduction,10,10,True,RECOVERABLE_ALLOCATION_EXTERNALITY,0.0238457246763,0.0475750737213,23.8457246763,47.5750737213
MR_K05_DISPERSED::INTERMITTENT_SHORTFALL::THETA_1000::EXTERNALITY_CF_BETA_050::Q95::equal_kw_reduction,11,10,True,RECOVERABLE_ALLOCATION_EXTERNALITY,0.0266067181789,0.0475306739568,26.6067181789,47.5306739568
MR_K05_DISPERSED::INTERMITTENT_SHORTFALL::THETA_1000::EXTERNALITY_CF_BETA_050::Q95::equal_kw_reduction,12,10,True,RECOVERABLE_ALLOCATION_EXTERNALITY,0.0266868602609,0.0471684367202,26.6868602609,47.1684367202
MR_K05_DISPERSED::INTERMITTENT_SHORTFALL::THETA_1000::EXTERNALITY_CF_BETA_050::Q95::equal_kw_reduction,13,10,True,RECOVERABLE_ALLOCATION_EXTERNALITY,0.0305555616209,0.052091270738,30.5555616209,52.091270738
MR_K05_DISPERSED::INTERMITTENT_SHORTFALL::THETA_1000::EXTERNALITY_CF_BETA_050::Q95::equal_kw_reduction,14,10,True,RECOVERABLE_ALLOCATION_EXTERNALITY,0.0280626946312,0.0496476260312,28.0626946312,49.6476260312
MR_K05_DISPERSED::INTERMITTENT_SHORTFALL::THETA_1000::EXTERNALITY_CF_BETA_050::Q95::equal_kw_reduction,15,10,True,RECOVERABLE_ALLOCATION_EXTERNALITY,0.0204628207437,0.0403605654791,20.4628207437,40.3605654791
MR_K05_DISPERSED::INTERMITTENT_SHORTFALL::THETA_1000::EXTERNALITY_CF_BETA_050::Q95::equal_kw_reduction,16,10,True,RECOVERABLE_ALLOCATION_EXTERNALITY,0.0313412124544,0.0542424795466,31.3412124544,54.2424795466
MR_K05_DISPERSED::INTERMITTENT_SHORTFALL::THETA_1000::EXTERNALITY_CF_BETA_050::Q95::flat_level,1,10,True,RECOVERABLE_ALLOCATION_EXTERNALITY,0.133424940712,0.133424940712,133.424940712,133.424940712
MR_K05_DISPERSED::INTERMITTENT_SHORTFALL::THETA_1000::EXTERNALITY_CF_BETA_050::Q95::flat_level,2,10,True,RECOVERABLE_ALLOCATION_EXTERNALITY,0.088196900814,0.088196900814,88.196900814,88.196900814
MR_K05_DISPERSED::INTERMITTENT_SHORTFALL::THETA_1000::EXTERNALITY_CF_BETA_050::Q95::flat_level,3,10,True,RECOVERABLE_ALLOCATION_EXTERNALITY,0.190483468579,0.190483468579,190.483468579,190.483468579
MR_K05_DISPERSED::INTERMITTENT_SHORTFALL::THETA_1000::EXTERNALITY_CF_BETA_050::Q95::flat_level,4,10,True,RECOVERABLE_ALLOCATION_EXTERNALITY,0.118006250527,0.118006250527,118.006250527,118.006250527
MR_K05_DISPERSED::INTERMITTENT_SHORTFALL::THETA_1000::EXTERNALITY_CF_BETA_050::Q95::flat_level,5,10,True,RECOVERABLE_ALLOCATION_EXTERNALITY,0.0917544639915,0.0917544639915,91.7544639915,91.7544639915
MR_K05_DISPERSED::INTERMITTENT_SHORTFALL::THETA_1000::EXTERNALITY_CF_BETA_050::Q95::flat_level,6,10,True,RECOVERABLE_ALLOCATION_EXTERNALITY,0.122646530007,0.122646530007,122.646530007,122.646530007
MR_K05_DISPERSED::INTERMITTENT_SHORTFALL::THETA_1000::EXTERNALITY_CF_BETA_050::Q95::flat_level,7,10,True,RECOVERABLE_ALLOCATION_EXTERNALITY,0.162385831833,0.162385831833,162.385831833,162.385831833
MR_K05_DISPERSED::INTERMITTENT_SHORTFALL::THETA_1000::EXTERNALITY_CF_BETA_050::Q95::flat_level,8,10,True,RECOVERABLE_ALLOCATION_EXTERNALITY,0.0858469015149,0.0858469015149,85.8469015149,85.8469015149
MR_K05_DISPERSED::INTERMITTENT_SHORTFALL::THETA_1000::EXTERNALITY_CF_BETA_050::Q95::flat_level,9,10,True,RECOVERABLE_ALLOCATION_EXTERNALITY,0.128812883204,0.128812883204,128.812883204,128.812883204
MR_K05_DISPERSED::INTERMITTENT_SHORTFALL::THETA_1000::EXTERNALITY_CF_BETA_050::Q95::flat_level,10,10,True,RECOVERABLE_ALLOCATION_EXTERNALITY,0.187828540749,0.187828540749,187.828540749,187.828540749
MR_K05_DISPERSED::INTERMITTENT_SHORTFALL::THETA_1000::EXTERNALITY_CF_BETA_050::Q95::flat_level,11,10,True,RECOVERABLE_ALLOCATION_EXTERNALITY,0.0848948994361,0.0848948994361,84.8948994361,84.8948994361
MR_K05_DISPERSED::INTERMITTENT_SHORTFALL::THETA_1000::EXTERNALITY_CF_BETA_050::Q95::flat_level,12,10,True,RECOVERABLE_ALLOCATION_EXTERNALITY,0.163544778748,0.163544778748,163.544778748,163.544778748
MR_K05_DISPERSED::INTERMITTENT_SHORTFALL::THETA_1000::EXTERNALITY_CF_BETA_050::Q95::flat_level,13,10,True,RECOVERABLE_ALLOCATION_EXTERNALITY,0.135470642587,0.135470642587,135.470642587,135.470642587
MR_K05_DISPERSED::INTERMITTENT_SHORTFALL::THETA_1000::EXTERNALITY_CF_BETA_050::Q95::flat_level,14,10,True,RECOVERABLE_ALLOCATION_EXTERNALITY,0.117336375526,0.117336375526,117.336375526,117.336375526
MR_K05_DISPERSED::INTERMITTENT_SHORTFALL::THETA_1000::EXTERNALITY_CF_BETA_050::Q95::flat_level,15,10,True,RECOVERABLE_ALLOCATION_EXTERNALITY,0.10754957515,0.10754957515,107.54957515,107.54957515
MR_K05_DISPERSED::INTERMITTENT_SHORTFALL::THETA_1000::EXTERNALITY_CF_BETA_050::Q95::flat_level,16,10,True,RECOVERABLE_ALLOCATION_EXTERNALITY,0.153477728116,0.153477728116,153.477728116,153.477728116
MR_K05_DISPERSED::INTERMITTENT_SHORTFALL::THETA_1000::EXTERNALITY_CF_BETA_050::Q95::max_export_lp,1,10,True,RECOVERABLE_ALLOCATION_EXTERNALITY,0.0366787010984,0.0366787010984,36.6787010984,36.6787010984
MR_K05_DISPERSED::INTERMITTENT_SHORTFALL::THETA_1000::EXTERNALITY_CF_BETA_050::Q95::max_export_lp,2,10,True,RECOVERABLE_ALLOCATION_EXTERNALITY,0.0551115218928,0.0551115218946,55.1115218928,55.1115218946
MR_K05_DISPERSED::INTERMITTENT_SHORTFALL::THETA_1000::EXTERNALITY_CF_BETA_050::Q95::max_export_lp,3,10,True,RECOVERABLE_ALLOCATION_EXTERNALITY,0.0243570213638,0.0243570213638,24.3570213638,24.3570213638
MR_K05_DISPERSED::INTERMITTENT_SHORTFALL::THETA_1000::EXTERNALITY_CF_BETA_050::Q95::max_export_lp,4,10,True,RECOVERABLE_ALLOCATION_EXTERNALITY,0.0419179241584,0.0419179241584,41.9179241584,41.9179241584
MR_K05_DISPERSED::INTERMITTENT_SHORTFALL::THETA_1000::EXTERNALITY_CF_BETA_050::Q95::max_export_lp,5,10,True,RECOVERABLE_ALLOCATION_EXTERNALITY,0.0540021141902,0.0540021141947,54.0021141902,54.0021141947
MR_K05_DISPERSED::INTERMITTENT_SHORTFALL::THETA_1000::EXTERNALITY_CF_BETA_050::Q95::max_export_lp,6,10,True,RECOVERABLE_ALLOCATION_EXTERNALITY,0.0486360867793,0.0486360867795,48.6360867793,48.6360867795
MR_K05_DISPERSED::INTERMITTENT_SHORTFALL::THETA_1000::EXTERNALITY_CF_BETA_050::Q95::max_export_lp,7,10,True,RECOVERABLE_ALLOCATION_EXTERNALITY,0.041925351092,0.0419253510947,41.925351092,41.9253510947
MR_K05_DISPERSED::INTERMITTENT_SHORTFALL::THETA_1000::EXTERNALITY_CF_BETA_050::Q95::max_export_lp,8,10,True,RECOVERABLE_ALLOCATION_EXTERNALITY,0.0373585865229,0.0373585865235,37.3585865229,37.3585865235
MR_K05_DISPERSED::INTERMITTENT_SHORTFALL::THETA_1000::EXTERNALITY_CF_BETA_050::Q95::max_export_lp,9,10,True,RECOVERABLE_ALLOCATION_EXTERNALITY,0.0500386887685,0.0500386887686,50.0386887685,50.0386887686
MR_K05_DISPERSED::INTERMITTENT_SHORTFALL::THETA_1000::EXTERNALITY_CF_BETA_050::Q95::max_export_lp,10,10,True,RECOVERABLE_ALLOCATION_EXTERNALITY,0.0306600908995,0.0306600908996,30.6600908995,30.6600908996
MR_K05_DISPERSED::INTERMITTENT_SHORTFALL::THETA_1000::EXTERNALITY_CF_BETA_050::Q95::max_export_lp,11,10,True,RECOVERABLE_ALLOCATION_EXTERNALITY,0.0485157923942,0.0485157923942,48.5157923942,48.5157923942
MR_K05_DISPERSED::INTERMITTENT_SHORTFALL::THETA_1000::EXTERNALITY_CF_BETA_050::Q95::max_export_lp,12,10,True,RECOVERABLE_ALLOCATION_EXTERNALITY,0.0486207176164,0.0486207176167,48.6207176164,48.6207176167
MR_K05_DISPERSED::INTERMITTENT_SHORTFALL::THETA_1000::EXTERNALITY_CF_BETA_050::Q95::max_export_lp,13,10,True,RECOVERABLE_ALLOCATION_EXTERNALITY,0.041963469927,0.0419634699342,41.963469927,41.9634699342
MR_K05_DISPERSED::INTERMITTENT_SHORTFALL::THETA_1000::EXTERNALITY_CF_BETA_050::Q95::max_export_lp,14,10,True,RECOVERABLE_ALLOCATION_EXTERNALITY,0.0478699276649,0.0478699276649,47.8699276649,47.8699276649
MR_K05_DISPERSED::INTERMITTENT_SHORTFALL::THETA_1000::EXTERNALITY_CF_BETA_050::Q95::max_export_lp,15,10,True,RECOVERABLE_ALLOCATION_EXTERNALITY,0.0431619477469,0.0431619477469,43.1619477469,43.1619477469
MR_K05_DISPERSED::INTERMITTENT_SHORTFALL::THETA_1000::EXTERNALITY_CF_BETA_050::Q95::max_export_lp,16,10,True,RECOVERABLE_ALLOCATION_EXTERNALITY,0.04792420416,0.047924204164,47.92420416,47.924204164
MR_K05_DISPERSED::INTERMITTENT_SHORTFALL::THETA_1000::EXTERNALITY_CF_BETA_050::Q95::fairness_qp,1,10,True,RECOVERABLE_ALLOCATION_EXTERNALITY,0.0219582073607,0.045256290771,21.9582073607,45.256290771
MR_K05_DISPERSED::INTERMITTENT_SHORTFALL::THETA_1000::EXTERNALITY_CF_BETA_050::Q95::fairness_qp,2,10,True,RECOVERABLE_ALLOCATION_EXTERNALITY,0.0481362497293,0.0615037477696,48.1362497293,61.5037477696
MR_K05_DISPERSED::INTERMITTENT_SHORTFALL::THETA_1000::EXTERNALITY_CF_BETA_050::Q95::fairness_qp,3,10,True,RECOVERABLE_ALLOCATION_EXTERNALITY,0.0274426922581,0.0494381808672,27.4426922581,49.4381808672
MR_K05_DISPERSED::INTERMITTENT_SHORTFALL::THETA_1000::EXTERNALITY_CF_BETA_050::Q95::fairness_qp,4,10,True,RECOVERABLE_ALLOCATION_EXTERNALITY,0.0307849764933,0.049966547484,30.7849764933,49.966547484
MR_K05_DISPERSED::INTERMITTENT_SHORTFALL::THETA_1000::EXTERNALITY_CF_BETA_050::Q95::fairness_qp,5,10,True,RECOVERABLE_ALLOCATION_EXTERNALITY,0.0321448534663,0.0504800725458,32.1448534663,50.4800725458
MR_K05_DISPERSED::INTERMITTENT_SHORTFALL::THETA_1000::EXTERNALITY_CF_BETA_050::Q95::fairness_qp,6,10,True,RECOVERABLE_ALLOCATION_EXTERNALITY,0.0413921564518,0.054504965703,41.3921564518,54.504965703
MR_K05_DISPERSED::INTERMITTENT_SHORTFALL::THETA_1000::EXTERNALITY_CF_BETA_050::Q95::fairness_qp,7,10,True,RECOVERABLE_ALLOCATION_EXTERNALITY,0.0331194846667,0.052527482238,33.1194846667,52.527482238
MR_K05_DISPERSED::INTERMITTENT_SHORTFALL::THETA_1000::EXTERNALITY_CF_BETA_050::Q95::fairness_qp,8,10,True,RECOVERABLE_ALLOCATION_EXTERNALITY,0.0250771093954,0.0461649059723,25.0771093954,46.1649059723
MR_K05_DISPERSED::INTERMITTENT_SHORTFALL::THETA_1000::EXTERNALITY_CF_BETA_050::Q95::fairness_qp,9,10,True,RECOVERABLE_ALLOCATION_EXTERNALITY,0.0418902619672,0.0549534985985,41.8902619672,54.9534985985
MR_K05_DISPERSED::INTERMITTENT_SHORTFALL::THETA_1000::EXTERNALITY_CF_BETA_050::Q95::fairness_qp,10,10,True,RECOVERABLE_ALLOCATION_EXTERNALITY,0.0341017039527,0.0551118427552,34.1017039527,55.1118427552
MR_K05_DISPERSED::INTERMITTENT_SHORTFALL::THETA_1000::EXTERNALITY_CF_BETA_050::Q95::fairness_qp,11,10,True,RECOVERABLE_ALLOCATION_EXTERNALITY,0.0304199825269,0.0475529817251,30.4199825269,47.5529817251
MR_K05_DISPERSED::INTERMITTENT_SHORTFALL::THETA_1000::EXTERNALITY_CF_BETA_050::Q95::fairness_qp,12,10,True,RECOVERABLE_ALLOCATION_EXTERNALITY,0.037647789452,0.0525989004442,37.647789452,52.5989004442
MR_K05_DISPERSED::INTERMITTENT_SHORTFALL::THETA_1000::EXTERNALITY_CF_BETA_050::Q95::fairness_qp,13,10,True,RECOVERABLE_ALLOCATION_EXTERNALITY,0.0356339248755,0.0526100382036,35.6339248755,52.6100382036
MR_K05_DISPERSED::INTERMITTENT_SHORTFALL::THETA_1000::EXTERNALITY_CF_BETA_050::Q95::fairness_qp,14,10,True,RECOVERABLE_ALLOCATION_EXTERNALITY,0.0312456001407,0.0494363952438,31.2456001407,49.4363952438
MR_K05_DISPERSED::INTERMITTENT_SHORTFALL::THETA_1000::EXTERNALITY_CF_BETA_050::Q95::fairness_qp,15,10,True,RECOVERABLE_ALLOCATION_EXTERNALITY,0.0308845690914,0.0450269267326,30.8845690914,45.0269267326
MR_K05_DISPERSED::INTERMITTENT_SHORTFALL::THETA_1000::EXTERNALITY_CF_BETA_050::Q95::fairness_qp,16,10,True,RECOVERABLE_ALLOCATION_EXTERNALITY,0.0353462430529,0.052294842031,35.3462430529,52.294842031
MR_K05_DISPERSED::SHOCK_AND_RECOVERY::THETA_0000::EXTERNALITY_CF_BETA_050::Q0::weighted_proportional,1,0,True,RECOVERABLE_ALLOCATION_EXTERNALITY,0.0683208641985,0.114454682263,68.3208641985,114.454682263
MR_K05_DISPERSED::SHOCK_AND_RECOVERY::THETA_0000::EXTERNALITY_CF_BETA_050::Q0::weighted_proportional,2,0,True,RECOVERABLE_ALLOCATION_EXTERNALITY,0.0187716274939,0.060422908468,18.7716274939,60.422908468
MR_K05_DISPERSED::SHOCK_AND_RECOVERY::THETA_0000::EXTERNALITY_CF_BETA_050::Q0::weighted_proportional,3,0,True,RECOVERABLE_ALLOCATION_EXTERNALITY,0.0277538905545,0.059175538992,27.7538905545,59.175538992
MR_K05_DISPERSED::SHOCK_AND_RECOVERY::THETA_0000::EXTERNALITY_CF_BETA_050::Q0::weighted_proportional,4,0,True,RECOVERABLE_ALLOCATION_EXTERNALITY,0.0268092507914,0.0695910461531,26.8092507914,69.5910461531
MR_K05_DISPERSED::SHOCK_AND_RECOVERY::THETA_0000::EXTERNALITY_CF_BETA_050::Q0::weighted_proportional,5,0,True,RECOVERABLE_ALLOCATION_EXTERNALITY,0.030562101515,0.0768129238348,30.562101515,76.8129238348
MR_K05_DISPERSED::SHOCK_AND_RECOVERY::THETA_0000::EXTERNALITY_CF_BETA_050::Q0::weighted_proportional,6,0,True,RECOVERABLE_ALLOCATION_EXTERNALITY,0.0280773069234,0.0651024819676,28.0773069234,65.1024819676
MR_K05_DISPERSED::SHOCK_AND_RECOVERY::THETA_0000::EXTERNALITY_CF_BETA_050::Q0::weighted_proportional,7,0,True,RECOVERABLE_ALLOCATION_EXTERNALITY,0.0369610122652,0.0857652905713,36.9610122652,85.7652905713
MR_K05_DISPERSED::SHOCK_AND_RECOVERY::THETA_0000::EXTERNALITY_CF_BETA_050::Q0::weighted_proportional,8,0,True,RECOVERABLE_ALLOCATION_EXTERNALITY,0.0320820177397,0.0662271826206,32.0820177397,66.2271826206
MR_K05_DISPERSED::SHOCK_AND_RECOVERY::THETA_0000::EXTERNALITY_CF_BETA_050::Q0::weighted_proportional,9,0,False,NO_NET_DELIVERY_RECOVERY,-0.0129117217287,0.0507296495435,-12.9117217287,50.7296495435
MR_K05_DISPERSED::SHOCK_AND_RECOVERY::THETA_0000::EXTERNALITY_CF_BETA_050::Q0::weighted_proportional,10,0,True,RECOVERABLE_ALLOCATION_EXTERNALITY,0.0189096411981,0.0805441897605,18.9096411981,80.5441897605
MR_K05_DISPERSED::SHOCK_AND_RECOVERY::THETA_0000::EXTERNALITY_CF_BETA_050::Q0::weighted_proportional,11,0,True,RECOVERABLE_ALLOCATION_EXTERNALITY,0.0111811538631,0.0616148375527,11.1811538631,61.6148375527
MR_K05_DISPERSED::SHOCK_AND_RECOVERY::THETA_0000::EXTERNALITY_CF_BETA_050::Q0::weighted_proportional,12,0,True,RECOVERABLE_ALLOCATION_EXTERNALITY,0.0371008984607,0.061955814966,37.1008984607,61.955814966
MR_K05_DISPERSED::SHOCK_AND_RECOVERY::THETA_0000::EXTERNALITY_CF_BETA_050::Q0::weighted_proportional,13,0,True,RECOVERABLE_ALLOCATION_EXTERNALITY,0.0267764172849,0.071901885449,26.7764172849,71.901885449
MR_K05_DISPERSED::SHOCK_AND_RECOVERY::THETA_0000::EXTERNALITY_CF_BETA_050::Q0::weighted_proportional,14,0,True,RECOVERABLE_ALLOCATION_EXTERNALITY,0.0498269468084,0.0789861931239,49.8269468084,78.9861931239
MR_K05_DISPERSED::SHOCK_AND_RECOVERY::THETA_0000::EXTERNALITY_CF_BETA_050::Q0::weighted_proportional,15,0,True,RECOVERABLE_ALLOCATION_EXTERNALITY,0.0512170329979,0.0813098827805,51.2170329979,81.3098827805
MR_K05_DISPERSED::SHOCK_AND_RECOVERY::THETA_0000::EXTERNALITY_CF_BETA_050::Q0::weighted_proportional,16,0,True,RECOVERABLE_ALLOCATION_EXTERNALITY,0.035701519229,0.0685485682849,35.701519229,68.5485682849
MR_K05_DISPERSED::SHOCK_AND_RECOVERY::THETA_0000::EXTERNALITY_CF_BETA_050::Q0::equal_kw_reduction,1,0,True,RECOVERABLE_ALLOCATION_EXTERNALITY,0.0462719208391,0.0814685801018,46.2719208391,81.4685801018
MR_K05_DISPERSED::SHOCK_AND_RECOVERY::THETA_0000::EXTERNALITY_CF_BETA_050::Q0::equal_kw_reduction,2,0,True,RECOVERABLE_ALLOCATION_EXTERNALITY,0.0236486710563,0.0543031987498,23.6486710563,54.3031987498
MR_K05_DISPERSED::SHOCK_AND_RECOVERY::THETA_0000::EXTERNALITY_CF_BETA_050::Q0::equal_kw_reduction,3,0,True,RECOVERABLE_ALLOCATION_EXTERNALITY,0.018173849176,0.045004431992,18.173849176,45.004431992
MR_K05_DISPERSED::SHOCK_AND_RECOVERY::THETA_0000::EXTERNALITY_CF_BETA_050::Q0::equal_kw_reduction,4,0,True,RECOVERABLE_ALLOCATION_EXTERNALITY,0.0263713066608,0.0568296616287,26.3713066608,56.8296616287
MR_K05_DISPERSED::SHOCK_AND_RECOVERY::THETA_0000::EXTERNALITY_CF_BETA_050::Q0::equal_kw_reduction,5,0,True,RECOVERABLE_ALLOCATION_EXTERNALITY,0.0252442542264,0.0542862521594,25.2442542264,54.2862521594
MR_K05_DISPERSED::SHOCK_AND_RECOVERY::THETA_0000::EXTERNALITY_CF_BETA_050::Q0::equal_kw_reduction,6,0,True,RECOVERABLE_ALLOCATION_EXTERNALITY,0.0104911556098,0.039084751292,10.4911556098,39.084751292
MR_K05_DISPERSED::SHOCK_AND_RECOVERY::THETA_0000::EXTERNALITY_CF_BETA_050::Q0::equal_kw_reduction,7,0,True,RECOVERABLE_ALLOCATION_EXTERNALITY,0.024128006635,0.0489203908839,24.128006635,48.9203908839
MR_K05_DISPERSED::SHOCK_AND_RECOVERY::THETA_0000::EXTERNALITY_CF_BETA_050::Q0::equal_kw_reduction,8,0,True,RECOVERABLE_ALLOCATION_EXTERNALITY,0.0235979934892,0.050568945239,23.5979934892,50.568945239
MR_K05_DISPERSED::SHOCK_AND_RECOVERY::THETA_0000::EXTERNALITY_CF_BETA_050::Q0::equal_kw_reduction,9,0,True,RECOVERABLE_ALLOCATION_EXTERNALITY,0.0193363239607,0.0475634672292,19.3363239607,47.5634672292
MR_K05_DISPERSED::SHOCK_AND_RECOVERY::THETA_0000::EXTERNALITY_CF_BETA_050::Q0::equal_kw_reduction,10,0,True,RECOVERABLE_ALLOCATION_EXTERNALITY,0.0264066394374,0.0490627090463,26.4066394374,49.0627090463
MR_K05_DISPERSED::SHOCK_AND_RECOVERY::THETA_0000::EXTERNALITY_CF_BETA_050::Q0::equal_kw_reduction,11,0,True,RECOVERABLE_ALLOCATION_EXTERNALITY,0.0298392839473,0.0513302504142,29.8392839473,51.3302504142
MR_K05_DISPERSED::SHOCK_AND_RECOVERY::THETA_0000::EXTERNALITY_CF_BETA_050::Q0::equal_kw_reduction,12,0,True,RECOVERABLE_ALLOCATION_EXTERNALITY,0.020063612755,0.03945684265,20.063612755,39.45684265
MR_K05_DISPERSED::SHOCK_AND_RECOVERY::THETA_0000::EXTERNALITY_CF_BETA_050::Q0::equal_kw_reduction,13,0,True,RECOVERABLE_ALLOCATION_EXTERNALITY,0.0261711747401,0.0501741472078,26.1711747401,50.1741472078
MR_K05_DISPERSED::SHOCK_AND_RECOVERY::THETA_0000::EXTERNALITY_CF_BETA_050::Q0::equal_kw_reduction,14,0,True,RECOVERABLE_ALLOCATION_EXTERNALITY,0.0171886229652,0.0439681011736,17.1886229652,43.9681011736
MR_K05_DISPERSED::SHOCK_AND_RECOVERY::THETA_0000::EXTERNALITY_CF_BETA_050::Q0::equal_kw_reduction,15,0,True,RECOVERABLE_ALLOCATION_EXTERNALITY,0.00874128769343,0.030785548464,8.74128769343,30.785548464
MR_K05_DISPERSED::SHOCK_AND_RECOVERY::THETA_0000::EXTERNALITY_CF_BETA_050::Q0::equal_kw_reduction,16,0,True,RECOVERABLE_ALLOCATION_EXTERNALITY,0.0176508708711,0.043477696269,17.6508708711,43.477696269
MR_K05_DISPERSED::SHOCK_AND_RECOVERY::THETA_0000::EXTERNALITY_CF_BETA_050::Q0::flat_level,1,0,True,RECOVERABLE_ALLOCATION_EXTERNALITY,0.173934267918,0.173934267918,173.934267918,173.934267918
MR_K05_DISPERSED::SHOCK_AND_RECOVERY::THETA_0000::EXTERNALITY_CF_BETA_050::Q0::flat_level,2,0,True,RECOVERABLE_ALLOCATION_EXTERNALITY,0.0877268615358,0.0877268615358,87.7268615358,87.7268615358
MR_K05_DISPERSED::SHOCK_AND_RECOVERY::THETA_0000::EXTERNALITY_CF_BETA_050::Q0::flat_level,3,0,True,RECOVERABLE_ALLOCATION_EXTERNALITY,0.119903404914,0.119903404914,119.903404914,119.903404914
MR_K05_DISPERSED::SHOCK_AND_RECOVERY::THETA_0000::EXTERNALITY_CF_BETA_050::Q0::flat_level,4,0,True,RECOVERABLE_ALLOCATION_EXTERNALITY,0.109390841618,0.109390841618,109.390841618,109.390841618
MR_K05_DISPERSED::SHOCK_AND_RECOVERY::THETA_0000::EXTERNALITY_CF_BETA_050::Q0::flat_level,5,0,True,RECOVERABLE_ALLOCATION_EXTERNALITY,0.150165176783,0.150165176783,150.165176783,150.165176783
MR_K05_DISPERSED::SHOCK_AND_RECOVERY::THETA_0000::EXTERNALITY_CF_BETA_050::Q0::flat_level,6,0,True,RECOVERABLE_ALLOCATION_EXTERNALITY,0.116511983913,0.116511983913,116.511983913,116.511983913
MR_K05_DISPERSED::SHOCK_AND_RECOVERY::THETA_0000::EXTERNALITY_CF_BETA_050::Q0::flat_level,7,0,True,RECOVERABLE_ALLOCATION_EXTERNALITY,0.148054475188,0.148054475188,148.054475188,148.054475188
MR_K05_DISPERSED::SHOCK_AND_RECOVERY::THETA_0000::EXTERNALITY_CF_BETA_050::Q0::flat_level,8,0,True,RECOVERABLE_ALLOCATION_EXTERNALITY,0.105850201259,0.105850201259,105.850201259,105.850201259
MR_K05_DISPERSED::SHOCK_AND_RECOVERY::THETA_0000::EXTERNALITY_CF_BETA_050::Q0::flat_level,9,0,True,RECOVERABLE_ALLOCATION_EXTERNALITY,0.0342174642206,0.0342174642206,34.2174642206,34.2174642206
MR_K05_DISPERSED::SHOCK_AND_RECOVERY::THETA_0000::EXTERNALITY_CF_BETA_050::Q0::flat_level,10,0,True,RECOVERABLE_ALLOCATION_EXTERNALITY,0.111475981159,0.111475981159,111.475981159,111.475981159
MR_K05_DISPERSED::SHOCK_AND_RECOVERY::THETA_0000::EXTERNALITY_CF_BETA_050::Q0::flat_level,11,0,True,RECOVERABLE_ALLOCATION_EXTERNALITY,0.0537039344589,0.0537039344589,53.7039344589,53.7039344589
MR_K05_DISPERSED::SHOCK_AND_RECOVERY::THETA_0000::EXTERNALITY_CF_BETA_050::Q0::flat_level,12,0,True,RECOVERABLE_ALLOCATION_EXTERNALITY,0.0852705557693,0.0852705557693,85.2705557693,85.2705557693
MR_K05_DISPERSED::SHOCK_AND_RECOVERY::THETA_0000::EXTERNALITY_CF_BETA_050::Q0::flat_level,13,0,True,RECOVERABLE_ALLOCATION_EXTERNALITY,0.0862622076162,0.0862622076162,86.2622076162,86.2622076162
MR_K05_DISPERSED::SHOCK_AND_RECOVERY::THETA_0000::EXTERNALITY_CF_BETA_050::Q0::flat_level,14,0,True,RECOVERABLE_ALLOCATION_EXTERNALITY,0.144064098501,0.144064098501,144.064098501,144.064098501
MR_K05_DISPERSED::SHOCK_AND_RECOVERY::THETA_0000::EXTERNALITY_CF_BETA_050::Q0::flat_level,15,0,True,RECOVERABLE_ALLOCATION_EXTERNALITY,0.118829374131,0.118829374131,118.829374131,118.829374131
MR_K05_DISPERSED::SHOCK_AND_RECOVERY::THETA_0000::EXTERNALITY_CF_BETA_050::Q0::flat_level,16,0,True,RECOVERABLE_ALLOCATION_EXTERNALITY,0.102935430565,0.102935430565,102.935430565,102.935430565
MR_K05_DISPERSED::SHOCK_AND_RECOVERY::THETA_0000::EXTERNALITY_CF_BETA_050::Q0::max_export_lp,1,0,True,RECOVERABLE_ALLOCATION_EXTERNALITY,0.0826124629836,0.0826124629836,82.6124629836,82.6124629836
MR_K05_DISPERSED::SHOCK_AND_RECOVERY::THETA_0000::EXTERNALITY_CF_BETA_050::Q0::max_export_lp,2,0,True,RECOVERABLE_ALLOCATION_EXTERNALITY,0.0586446551259,0.0586446551259,58.6446551259,58.6446551259
MR_K05_DISPERSED::SHOCK_AND_RECOVERY::THETA_0000::EXTERNALITY_CF_BETA_050::Q0::max_export_lp,3,0,True,RECOVERABLE_ALLOCATION_EXTERNALITY,0.0391065322824,0.0391065322826,39.1065322824,39.1065322826
MR_K05_DISPERSED::SHOCK_AND_RECOVERY::THETA_0000::EXTERNALITY_CF_BETA_050::Q0::max_export_lp,4,0,True,RECOVERABLE_ALLOCATION_EXTERNALITY,0.0395269934481,0.0395269934481,39.5269934481,39.5269934481
MR_K05_DISPERSED::SHOCK_AND_RECOVERY::THETA_0000::EXTERNALITY_CF_BETA_050::Q0::max_export_lp,5,0,True,RECOVERABLE_ALLOCATION_EXTERNALITY,0.0520413887963,0.0520413887963,52.0413887963,52.0413887963
MR_K05_DISPERSED::SHOCK_AND_RECOVERY::THETA_0000::EXTERNALITY_CF_BETA_050::Q0::max_export_lp,6,0,True,RECOVERABLE_ALLOCATION_EXTERNALITY,0.0334098292478,0.0334098292485,33.4098292478,33.4098292485
MR_K05_DISPERSED::SHOCK_AND_RECOVERY::THETA_0000::EXTERNALITY_CF_BETA_050::Q0::max_export_lp,7,0,True,RECOVERABLE_ALLOCATION_EXTERNALITY,0.0394931190921,0.0394931190922,39.4931190921,39.4931190922
MR_K05_DISPERSED::SHOCK_AND_RECOVERY::THETA_0000::EXTERNALITY_CF_BETA_050::Q0::max_export_lp,8,0,True,RECOVERABLE_ALLOCATION_EXTERNALITY,0.0312279529792,0.0312279529792,31.2279529792,31.2279529792
MR_K05_DISPERSED::SHOCK_AND_RECOVERY::THETA_0000::EXTERNALITY_CF_BETA_050::Q0::max_export_lp,9,0,True,RECOVERABLE_ALLOCATION_EXTERNALITY,0.0489856728704,0.0489856728705,48.9856728704,48.9856728705
MR_K05_DISPERSED::SHOCK_AND_RECOVERY::THETA_0000::EXTERNALITY_CF_BETA_050::Q0::max_export_lp,10,0,True,RECOVERABLE_ALLOCATION_EXTERNALITY,0.0373587407783,0.0373587407783,37.3587407783,37.3587407783
MR_K05_DISPERSED::SHOCK_AND_RECOVERY::THETA_0000::EXTERNALITY_CF_BETA_050::Q0::max_export_lp,11,0,True,RECOVERABLE_ALLOCATION_EXTERNALITY,0.0509436402324,0.0509436402324,50.9436402324,50.9436402324
MR_K05_DISPERSED::SHOCK_AND_RECOVERY::THETA_0000::EXTERNALITY_CF_BETA_050::Q0::max_export_lp,12,0,True,RECOVERABLE_ALLOCATION_EXTERNALITY,0.0420214847895,0.0420214847898,42.0214847895,42.0214847898
MR_K05_DISPERSED::SHOCK_AND_RECOVERY::THETA_0000::EXTERNALITY_CF_BETA_050::Q0::max_export_lp,13,0,True,RECOVERABLE_ALLOCATION_EXTERNALITY,0.0402205571672,0.0402205571681,40.2205571672,40.2205571681
MR_K05_DISPERSED::SHOCK_AND_RECOVERY::THETA_0000::EXTERNALITY_CF_BETA_050::Q0::max_export_lp,14,0,True,RECOVERABLE_ALLOCATION_EXTERNALITY,0.0220820729991,0.0220820729993,22.0820729991,22.0820729993
MR_K05_DISPERSED::SHOCK_AND_RECOVERY::THETA_0000::EXTERNALITY_CF_BETA_050::Q0::max_export_lp,15,0,True,RECOVERABLE_ALLOCATION_EXTERNALITY,0.0257871792317,0.0257871792318,25.7871792317,25.7871792318
MR_K05_DISPERSED::SHOCK_AND_RECOVERY::THETA_0000::EXTERNALITY_CF_BETA_050::Q0::max_export_lp,16,0,True,RECOVERABLE_ALLOCATION_EXTERNALITY,0.0354091854121,0.0354091854122,35.4091854121,35.4091854122
MR_K05_DISPERSED::SHOCK_AND_RECOVERY::THETA_0000::EXTERNALITY_CF_BETA_050::Q0::fairness_qp,1,0,True,RECOVERABLE_ALLOCATION_EXTERNALITY,0.0277819718998,0.0532017863627,27.7819718998,53.2017863627
MR_K05_DISPERSED::SHOCK_AND_RECOVERY::THETA_0000::EXTERNALITY_CF_BETA_050::Q0::fairness_qp,2,0,True,RECOVERABLE_ALLOCATION_EXTERNALITY,0.00992726010764,0.0366731958038,9.92726010764,36.6731958038
MR_K05_DISPERSED::SHOCK_AND_RECOVERY::THETA_0000::EXTERNALITY_CF_BETA_050::Q0::fairness_qp,3,0,True,RECOVERABLE_ALLOCATION_EXTERNALITY,0.00969577408464,0.0334424097947,9.69577408464,33.4424097947
MR_K05_DISPERSED::SHOCK_AND_RECOVERY::THETA_0000::EXTERNALITY_CF_BETA_050::Q0::fairness_qp,4,0,True,RECOVERABLE_ALLOCATION_EXTERNALITY,0.00848986755731,0.0318809315599,8.48986755731,31.8809315599
MR_K05_DISPERSED::SHOCK_AND_RECOVERY::THETA_0000::EXTERNALITY_CF_BETA_050::Q0::fairness_qp,5,0,True,RECOVERABLE_ALLOCATION_EXTERNALITY,0.0194003306392,0.0462328902711,19.4003306392,46.2328902711
MR_K05_DISPERSED::SHOCK_AND_RECOVERY::THETA_0000::EXTERNALITY_CF_BETA_050::Q0::fairness_qp,6,0,True,RECOVERABLE_ALLOCATION_EXTERNALITY,0.0200604787527,0.0307204794747,20.0604787527,30.7204794747
MR_K05_DISPERSED::SHOCK_AND_RECOVERY::THETA_0000::EXTERNALITY_CF_BETA_050::Q0::fairness_qp,7,0,True,RECOVERABLE_ALLOCATION_EXTERNALITY,0.0310311374476,0.0518779835852,31.0311374476,51.8779835852
MR_K05_DISPERSED::SHOCK_AND_RECOVERY::THETA_0000::EXTERNALITY_CF_BETA_050::Q0::fairness_qp,8,0,True,RECOVERABLE_ALLOCATION_EXTERNALITY,0.0314738564676,0.0524663161487,31.4738564676,52.4663161487
MR_K05_DISPERSED::SHOCK_AND_RECOVERY::THETA_0000::EXTERNALITY_CF_BETA_050::Q0::fairness_qp,9,0,True,RECOVERABLE_ALLOCATION_EXTERNALITY,0.0430903839192,0.0550219699341,43.0903839192,55.0219699341
MR_K05_DISPERSED::SHOCK_AND_RECOVERY::THETA_0000::EXTERNALITY_CF_BETA_050::Q0::fairness_qp,10,0,True,RECOVERABLE_ALLOCATION_EXTERNALITY,0.0371184570382,0.0508861907194,37.1184570382,50.8861907194
MR_K05_DISPERSED::SHOCK_AND_RECOVERY::THETA_0000::EXTERNALITY_CF_BETA_050::Q0::fairness_qp,11,0,True,RECOVERABLE_ALLOCATION_EXTERNALITY,0.0444378965898,0.0554693659695,44.4378965898,55.4693659695
MR_K05_DISPERSED::SHOCK_AND_RECOVERY::THETA_0000::EXTERNALITY_CF_BETA_050::Q0::fairness_qp,12,0,True,RECOVERABLE_ALLOCATION_EXTERNALITY,0.0176920988682,0.0375121154135,17.6920988682,37.5121154135
MR_K05_DISPERSED::SHOCK_AND_RECOVERY::THETA_0000::EXTERNALITY_CF_BETA_050::Q0::fairness_qp,13,0,True,RECOVERABLE_ALLOCATION_EXTERNALITY,0.0300550536821,0.0455248474102,30.0550536821,45.5248474102
MR_K05_DISPERSED::SHOCK_AND_RECOVERY::THETA_0000::EXTERNALITY_CF_BETA_050::Q0::fairness_qp,14,0,True,RECOVERABLE_ALLOCATION_EXTERNALITY,0.0163451130878,0.0362361942141,16.3451130878,36.2361942141
MR_K05_DISPERSED::SHOCK_AND_RECOVERY::THETA_0000::EXTERNALITY_CF_BETA_050::Q0::fairness_qp,15,0,True,RECOVERABLE_ALLOCATION_EXTERNALITY,0.0152217171745,0.0349171216467,15.2217171745,34.9171216467
MR_K05_DISPERSED::SHOCK_AND_RECOVERY::THETA_0000::EXTERNALITY_CF_BETA_050::Q0::fairness_qp,16,0,True,RECOVERABLE_ALLOCATION_EXTERNALITY,0.0173450109489,0.040795404248,17.3450109489,40.795404248
MR_K05_DISPERSED::SHOCK_AND_RECOVERY::THETA_0000::EXTERNALITY_CF_BETA_050::Q95::weighted_proportional,1,0,True,RECOVERABLE_ALLOCATION_EXTERNALITY,0.0683208642035,0.114454682268,68.3208642035,114.454682268
MR_K05_DISPERSED::SHOCK_AND_RECOVERY::THETA_0000::EXTERNALITY_CF_BETA_050::Q95::weighted_proportional,2,0,True,RECOVERABLE_ALLOCATION_EXTERNALITY,0.0187716274966,0.0604229084703,18.7716274966,60.4229084703
MR_K05_DISPERSED::SHOCK_AND_RECOVERY::THETA_0000::EXTERNALITY_CF_BETA_050::Q95::weighted_proportional,3,0,True,RECOVERABLE_ALLOCATION_EXTERNALITY,0.0277538905564,0.059175538994,27.7538905564,59.175538994
MR_K05_DISPERSED::SHOCK_AND_RECOVERY::THETA_0000::EXTERNALITY_CF_BETA_050::Q95::weighted_proportional,4,0,True,RECOVERABLE_ALLOCATION_EXTERNALITY,0.0268092507891,0.0695910461508,26.8092507891,69.5910461508
MR_K05_DISPERSED::SHOCK_AND_RECOVERY::THETA_0000::EXTERNALITY_CF_BETA_050::Q95::weighted_proportional,5,0,True,RECOVERABLE_ALLOCATION_EXTERNALITY,0.0305621015104,0.0768129238302,30.5621015104,76.8129238302
MR_K05_DISPERSED::SHOCK_AND_RECOVERY::THETA_0000::EXTERNALITY_CF_BETA_050::Q95::weighted_proportional,6,0,True,RECOVERABLE_ALLOCATION_EXTERNALITY,0.0280773069242,0.0651024819684,28.0773069242,65.1024819684
MR_K05_DISPERSED::SHOCK_AND_RECOVERY::THETA_0000::EXTERNALITY_CF_BETA_050::Q95::weighted_proportional,7,0,True,RECOVERABLE_ALLOCATION_EXTERNALITY,0.0369610122599,0.0857652905663,36.9610122599,85.7652905663
MR_K05_DISPERSED::SHOCK_AND_RECOVERY::THETA_0000::EXTERNALITY_CF_BETA_050::Q95::weighted_proportional,8,0,True,RECOVERABLE_ALLOCATION_EXTERNALITY,0.03208201774,0.0662271826207,32.08201774,66.2271826207
MR_K05_DISPERSED::SHOCK_AND_RECOVERY::THETA_0000::EXTERNALITY_CF_BETA_050::Q95::weighted_proportional,9,0,False,NO_NET_DELIVERY_RECOVERY,-0.0129117217304,0.0507296495416,-12.9117217304,50.7296495416
MR_K05_DISPERSED::SHOCK_AND_RECOVERY::THETA_0000::EXTERNALITY_CF_BETA_050::Q95::weighted_proportional,10,0,True,RECOVERABLE_ALLOCATION_EXTERNALITY,0.0189096412001,0.0805441897624,18.9096412001,80.5441897624
MR_K05_DISPERSED::SHOCK_AND_RECOVERY::THETA_0000::EXTERNALITY_CF_BETA_050::Q95::weighted_proportional,11,0,True,RECOVERABLE_ALLOCATION_EXTERNALITY,0.011181153864,0.0616148375534,11.181153864,61.6148375534
MR_K05_DISPERSED::SHOCK_AND_RECOVERY::THETA_0000::EXTERNALITY_CF_BETA_050::Q95::weighted_proportional,12,0,True,RECOVERABLE_ALLOCATION_EXTERNALITY,0.0371008984629,0.0619558149681,37.1008984629,61.9558149681
MR_K05_DISPERSED::SHOCK_AND_RECOVERY::THETA_0000::EXTERNALITY_CF_BETA_050::Q95::weighted_proportional,13,0,True,RECOVERABLE_ALLOCATION_EXTERNALITY,0.0267764172841,0.0719018854482,26.7764172841,71.9018854482
MR_K05_DISPERSED::SHOCK_AND_RECOVERY::THETA_0000::EXTERNALITY_CF_BETA_050::Q95::weighted_proportional,14,0,True,RECOVERABLE_ALLOCATION_EXTERNALITY,0.0498269468092,0.0789861931247,49.8269468092,78.9861931247
MR_K05_DISPERSED::SHOCK_AND_RECOVERY::THETA_0000::EXTERNALITY_CF_BETA_050::Q95::weighted_proportional,15,0,True,RECOVERABLE_ALLOCATION_EXTERNALITY,0.0512170329989,0.0813098827816,51.2170329989,81.3098827816
MR_K05_DISPERSED::SHOCK_AND_RECOVERY::THETA_0000::EXTERNALITY_CF_BETA_050::Q95::weighted_proportional,16,0,True,RECOVERABLE_ALLOCATION_EXTERNALITY,0.0357015192302,0.068548568286,35.7015192302,68.548568286
MR_K05_DISPERSED::SHOCK_AND_RECOVERY::THETA_0000::EXTERNALITY_CF_BETA_050::Q95::equal_kw_reduction,1,0,True,RECOVERABLE_ALLOCATION_EXTERNALITY,0.0462719208391,0.0814685801018,46.2719208391,81.4685801018
MR_K05_DISPERSED::SHOCK_AND_RECOVERY::THETA_0000::EXTERNALITY_CF_BETA_050::Q95::equal_kw_reduction,2,0,True,RECOVERABLE_ALLOCATION_EXTERNALITY,0.0236486710563,0.0543031987498,23.6486710563,54.3031987498
MR_K05_DISPERSED::SHOCK_AND_RECOVERY::THETA_0000::EXTERNALITY_CF_BETA_050::Q95::equal_kw_reduction,3,0,True,RECOVERABLE_ALLOCATION_EXTERNALITY,0.018173849176,0.045004431992,18.173849176,45.004431992
MR_K05_DISPERSED::SHOCK_AND_RECOVERY::THETA_0000::EXTERNALITY_CF_BETA_050::Q95::equal_kw_reduction,4,0,True,RECOVERABLE_ALLOCATION_EXTERNALITY,0.0263713066608,0.0568296616287,26.3713066608,56.8296616287
MR_K05_DISPERSED::SHOCK_AND_RECOVERY::THETA_0000::EXTERNALITY_CF_BETA_050::Q95::equal_kw_reduction,5,0,True,RECOVERABLE_ALLOCATION_EXTERNALITY,0.0252442542264,0.0542862521594,25.2442542264,54.2862521594
MR_K05_DISPERSED::SHOCK_AND_RECOVERY::THETA_0000::EXTERNALITY_CF_BETA_050::Q95::equal_kw_reduction,6,0,True,RECOVERABLE_ALLOCATION_EXTERNALITY,0.0104911556098,0.039084751292,10.4911556098,39.084751292
MR_K05_DISPERSED::SHOCK_AND_RECOVERY::THETA_0000::EXTERNALITY_CF_BETA_050::Q95::equal_kw_reduction,7,0,True,RECOVERABLE_ALLOCATION_EXTERNALITY,0.024128006635,0.0489203908839,24.128006635,48.9203908839
MR_K05_DISPERSED::SHOCK_AND_RECOVERY::THETA_0000::EXTERNALITY_CF_BETA_050::Q95::equal_kw_reduction,8,0,True,RECOVERABLE_ALLOCATION_EXTERNALITY,0.0235979934892,0.050568945239,23.5979934892,50.568945239
MR_K05_DISPERSED::SHOCK_AND_RECOVERY::THETA_0000::EXTERNALITY_CF_BETA_050::Q95::equal_kw_reduction,9,0,True,RECOVERABLE_ALLOCATION_EXTERNALITY,0.0193363239607,0.0475634672292,19.3363239607,47.5634672292
MR_K05_DISPERSED::SHOCK_AND_RECOVERY::THETA_0000::EXTERNALITY_CF_BETA_050::Q95::equal_kw_reduction,10,0,True,RECOVERABLE_ALLOCATION_EXTERNALITY,0.0264066394374,0.0490627090463,26.4066394374,49.0627090463
MR_K05_DISPERSED::SHOCK_AND_RECOVERY::THETA_0000::EXTERNALITY_CF_BETA_050::Q95::equal_kw_reduction,11,0,True,RECOVERABLE_ALLOCATION_EXTERNALITY,0.0298392839473,0.0513302504142,29.8392839473,51.3302504142
MR_K05_DISPERSED::SHOCK_AND_RECOVERY::THETA_0000::EXTERNALITY_CF_BETA_050::Q95::equal_kw_reduction,12,0,True,RECOVERABLE_ALLOCATION_EXTERNALITY,0.020063612755,0.03945684265,20.063612755,39.45684265
MR_K05_DISPERSED::SHOCK_AND_RECOVERY::THETA_0000::EXTERNALITY_CF_BETA_050::Q95::equal_kw_reduction,13,0,True,RECOVERABLE_ALLOCATION_EXTERNALITY,0.0261711747401,0.0501741472078,26.1711747401,50.1741472078
MR_K05_DISPERSED::SHOCK_AND_RECOVERY::THETA_0000::EXTERNALITY_CF_BETA_050::Q95::equal_kw_reduction,14,0,True,RECOVERABLE_ALLOCATION_EXTERNALITY,0.0171886229652,0.0439681011736,17.1886229652,43.9681011736
MR_K05_DISPERSED::SHOCK_AND_RECOVERY::THETA_0000::EXTERNALITY_CF_BETA_050::Q95::equal_kw_reduction,15,0,True,RECOVERABLE_ALLOCATION_EXTERNALITY,0.00874128769343,0.030785548464,8.74128769343,30.785548464
MR_K05_DISPERSED::SHOCK_AND_RECOVERY::THETA_0000::EXTERNALITY_CF_BETA_050::Q95::equal_kw_reduction,16,0,True,RECOVERABLE_ALLOCATION_EXTERNALITY,0.0176508708711,0.043477696269,17.6508708711,43.477696269
MR_K05_DISPERSED::SHOCK_AND_RECOVERY::THETA_0000::EXTERNALITY_CF_BETA_050::Q95::flat_level,1,0,True,RECOVERABLE_ALLOCATION_EXTERNALITY,0.173934267918,0.173934267918,173.934267918,173.934267918
MR_K05_DISPERSED::SHOCK_AND_RECOVERY::THETA_0000::EXTERNALITY_CF_BETA_050::Q95::flat_level,2,0,True,RECOVERABLE_ALLOCATION_EXTERNALITY,0.0877268615358,0.0877268615358,87.7268615358,87.7268615358
MR_K05_DISPERSED::SHOCK_AND_RECOVERY::THETA_0000::EXTERNALITY_CF_BETA_050::Q95::flat_level,3,0,True,RECOVERABLE_ALLOCATION_EXTERNALITY,0.119903404914,0.119903404914,119.903404914,119.903404914
MR_K05_DISPERSED::SHOCK_AND_RECOVERY::THETA_0000::EXTERNALITY_CF_BETA_050::Q95::flat_level,4,0,True,RECOVERABLE_ALLOCATION_EXTERNALITY,0.109390841618,0.109390841618,109.390841618,109.390841618
MR_K05_DISPERSED::SHOCK_AND_RECOVERY::THETA_0000::EXTERNALITY_CF_BETA_050::Q95::flat_level,5,0,True,RECOVERABLE_ALLOCATION_EXTERNALITY,0.150165176783,0.150165176783,150.165176783,150.165176783
MR_K05_DISPERSED::SHOCK_AND_RECOVERY::THETA_0000::EXTERNALITY_CF_BETA_050::Q95::flat_level,6,0,True,RECOVERABLE_ALLOCATION_EXTERNALITY,0.116511983913,0.116511983913,116.511983913,116.511983913
MR_K05_DISPERSED::SHOCK_AND_RECOVERY::THETA_0000::EXTERNALITY_CF_BETA_050::Q95::flat_level,7,0,True,RECOVERABLE_ALLOCATION_EXTERNALITY,0.148054475188,0.148054475188,148.054475188,148.054475188
MR_K05_DISPERSED::SHOCK_AND_RECOVERY::THETA_0000::EXTERNALITY_CF_BETA_050::Q95::flat_level,8,0,True,RECOVERABLE_ALLOCATION_EXTERNALITY,0.105850201259,0.105850201259,105.850201259,105.850201259
MR_K05_DISPERSED::SHOCK_AND_RECOVERY::THETA_0000::EXTERNALITY_CF_BETA_050::Q95::flat_level,9,0,True,RECOVERABLE_ALLOCATION_EXTERNALITY,0.0342174642206,0.0342174642206,34.2174642206,34.2174642206
MR_K05_DISPERSED::SHOCK_AND_RECOVERY::THETA_0000::EXTERNALITY_CF_BETA_050::Q95::flat_level,10,0,True,RECOVERABLE_ALLOCATION_EXTERNALITY,0.111475981159,0.111475981159,111.475981159,111.475981159
MR_K05_DISPERSED::SHOCK_AND_RECOVERY::THETA_0000::EXTERNALITY_CF_BETA_050::Q95::flat_level,11,0,True,RECOVERABLE_ALLOCATION_EXTERNALITY,0.0537039344589,0.0537039344589,53.7039344589,53.7039344589
MR_K05_DISPERSED::SHOCK_AND_RECOVERY::THETA_0000::EXTERNALITY_CF_BETA_050::Q95::flat_level,12,0,True,RECOVERABLE_ALLOCATION_EXTERNALITY,0.0852705557693,0.0852705557693,85.2705557693,85.2705557693
MR_K05_DISPERSED::SHOCK_AND_RECOVERY::THETA_0000::EXTERNALITY_CF_BETA_050::Q95::flat_level,13,0,True,RECOVERABLE_ALLOCATION_EXTERNALITY,0.0862622076162,0.0862622076162,86.2622076162,86.2622076162
MR_K05_DISPERSED::SHOCK_AND_RECOVERY::THETA_0000::EXTERNALITY_CF_BETA_050::Q95::flat_level,14,0,True,RECOVERABLE_ALLOCATION_EXTERNALITY,0.144064098501,0.144064098501,144.064098501,144.064098501
MR_K05_DISPERSED::SHOCK_AND_RECOVERY::THETA_0000::EXTERNALITY_CF_BETA_050::Q95::flat_level,15,0,True,RECOVERABLE_ALLOCATION_EXTERNALITY,0.118829374131,0.118829374131,118.829374131,118.829374131
MR_K05_DISPERSED::SHOCK_AND_RECOVERY::THETA_0000::EXTERNALITY_CF_BETA_050::Q95::flat_level,16,0,True,RECOVERABLE_ALLOCATION_EXTERNALITY,0.102935430565,0.102935430565,102.935430565,102.935430565
MR_K05_DISPERSED::SHOCK_AND_RECOVERY::THETA_0000::EXTERNALITY_CF_BETA_050::Q95::max_export_lp,1,0,True,RECOVERABLE_ALLOCATION_EXTERNALITY,0.0826124664555,0.0826124664559,82.6124664555,82.6124664559
MR_K05_DISPERSED::SHOCK_AND_RECOVERY::THETA_0000::EXTERNALITY_CF_BETA_050::Q95::max_export_lp,2,0,True,RECOVERABLE_ALLOCATION_EXTERNALITY,0.0586446252426,0.0586446252426,58.6446252426,58.6446252426
MR_K05_DISPERSED::SHOCK_AND_RECOVERY::THETA_0000::EXTERNALITY_CF_BETA_050::Q95::max_export_lp,3,0,True,RECOVERABLE_ALLOCATION_EXTERNALITY,0.0391065268697,0.0391065268697,39.1065268697,39.1065268697
MR_K05_DISPERSED::SHOCK_AND_RECOVERY::THETA_0000::EXTERNALITY_CF_BETA_050::Q95::max_export_lp,4,0,True,RECOVERABLE_ALLOCATION_EXTERNALITY,0.0395269961309,0.0395269961311,39.5269961309,39.5269961311
MR_K05_DISPERSED::SHOCK_AND_RECOVERY::THETA_0000::EXTERNALITY_CF_BETA_050::Q95::max_export_lp,5,0,True,RECOVERABLE_ALLOCATION_EXTERNALITY,0.0520413851827,0.0520413871231,52.0413851827,52.0413871231
MR_K05_DISPERSED::SHOCK_AND_RECOVERY::THETA_0000::EXTERNALITY_CF_BETA_050::Q95::max_export_lp,6,0,True,RECOVERABLE_ALLOCATION_EXTERNALITY,0.0334097461875,0.0334097461875,33.4097461875,33.4097461875
MR_K05_DISPERSED::SHOCK_AND_RECOVERY::THETA_0000::EXTERNALITY_CF_BETA_050::Q95::max_export_lp,7,0,True,RECOVERABLE_ALLOCATION_EXTERNALITY,0.0394931306724,0.0394931306724,39.4931306724,39.4931306724
MR_K05_DISPERSED::SHOCK_AND_RECOVERY::THETA_0000::EXTERNALITY_CF_BETA_050::Q95::max_export_lp,8,0,True,RECOVERABLE_ALLOCATION_EXTERNALITY,0.031228130023,0.031228130023,31.228130023,31.228130023
MR_K05_DISPERSED::SHOCK_AND_RECOVERY::THETA_0000::EXTERNALITY_CF_BETA_050::Q95::max_export_lp,9,0,True,RECOVERABLE_ALLOCATION_EXTERNALITY,0.0489856652867,0.0489856652869,48.9856652867,48.9856652869
MR_K05_DISPERSED::SHOCK_AND_RECOVERY::THETA_0000::EXTERNALITY_CF_BETA_050::Q95::max_export_lp,10,0,True,RECOVERABLE_ALLOCATION_EXTERNALITY,0.0373587724968,0.0373587724974,37.3587724968,37.3587724974
MR_K05_DISPERSED::SHOCK_AND_RECOVERY::THETA_0000::EXTERNALITY_CF_BETA_050::Q95::max_export_lp,11,0,True,RECOVERABLE_ALLOCATION_EXTERNALITY,0.0509434292065,0.0509434292066,50.9434292065,50.9434292066
MR_K05_DISPERSED::SHOCK_AND_RECOVERY::THETA_0000::EXTERNALITY_CF_BETA_050::Q95::max_export_lp,12,0,True,RECOVERABLE_ALLOCATION_EXTERNALITY,0.0420214952268,0.0420214952268,42.0214952268,42.0214952268
MR_K05_DISPERSED::SHOCK_AND_RECOVERY::THETA_0000::EXTERNALITY_CF_BETA_050::Q95::max_export_lp,13,0,True,RECOVERABLE_ALLOCATION_EXTERNALITY,0.0402205211152,0.0402205211153,40.2205211152,40.2205211153
MR_K05_DISPERSED::SHOCK_AND_RECOVERY::THETA_0000::EXTERNALITY_CF_BETA_050::Q95::max_export_lp,14,0,True,RECOVERABLE_ALLOCATION_EXTERNALITY,0.0220821365772,0.0220821365774,22.0821365772,22.0821365774
MR_K05_DISPERSED::SHOCK_AND_RECOVERY::THETA_0000::EXTERNALITY_CF_BETA_050::Q95::max_export_lp,15,0,True,RECOVERABLE_ALLOCATION_EXTERNALITY,0.0257871740567,0.0257871740576,25.7871740567,25.7871740576
MR_K05_DISPERSED::SHOCK_AND_RECOVERY::THETA_0000::EXTERNALITY_CF_BETA_050::Q95::max_export_lp,16,0,True,RECOVERABLE_ALLOCATION_EXTERNALITY,0.0354091825029,0.0354091825031,35.4091825029,35.4091825031
MR_K05_DISPERSED::SHOCK_AND_RECOVERY::THETA_0000::EXTERNALITY_CF_BETA_050::Q95::fairness_qp,1,0,True,RECOVERABLE_ALLOCATION_EXTERNALITY,0.0277820060126,0.0532018106137,27.7820060126,53.2018106137
MR_K05_DISPERSED::SHOCK_AND_RECOVERY::THETA_0000::EXTERNALITY_CF_BETA_050::Q95::fairness_qp,2,0,True,RECOVERABLE_ALLOCATION_EXTERNALITY,0.00992724019028,0.0366731772808,9.92724019028,36.6731772808
MR_K05_DISPERSED::SHOCK_AND_RECOVERY::THETA_0000::EXTERNALITY_CF_BETA_050::Q95::fairness_qp,3,0,True,RECOVERABLE_ALLOCATION_EXTERNALITY,0.00969578979957,0.0334424136038,9.69578979957,33.4424136038
MR_K05_DISPERSED::SHOCK_AND_RECOVERY::THETA_0000::EXTERNALITY_CF_BETA_050::Q95::fairness_qp,4,0,True,RECOVERABLE_ALLOCATION_EXTERNALITY,0.00848988033691,0.0318809471513,8.48988033691,31.8809471513
MR_K05_DISPERSED::SHOCK_AND_RECOVERY::THETA_0000::EXTERNALITY_CF_BETA_050::Q95::fairness_qp,5,0,True,RECOVERABLE_ALLOCATION_EXTERNALITY,0.0194003215077,0.0462328829729,19.4003215077,46.2328829729
MR_K05_DISPERSED::SHOCK_AND_RECOVERY::THETA_0000::EXTERNALITY_CF_BETA_050::Q95::fairness_qp,6,0,True,RECOVERABLE_ALLOCATION_EXTERNALITY,0.0200605501874,0.0307205546588,20.0605501874,30.7205546588
MR_K05_DISPERSED::SHOCK_AND_RECOVERY::THETA_0000::EXTERNALITY_CF_BETA_050::Q95::fairness_qp,7,0,True,RECOVERABLE_ALLOCATION_EXTERNALITY,0.0310311138241,0.0518779416466,31.0311138241,51.8779416466
MR_K05_DISPERSED::SHOCK_AND_RECOVERY::THETA_0000::EXTERNALITY_CF_BETA_050::Q95::fairness_qp,8,0,True,RECOVERABLE_ALLOCATION_EXTERNALITY,0.0314738661823,0.0524663248922,31.4738661823,52.4663248922
MR_K05_DISPERSED::SHOCK_AND_RECOVERY::THETA_0000::EXTERNALITY_CF_BETA_050::Q95::fairness_qp,9,0,True,RECOVERABLE_ALLOCATION_EXTERNALITY,0.0430903863503,0.0550219706911,43.0903863503,55.0219706911
MR_K05_DISPERSED::SHOCK_AND_RECOVERY::THETA_0000::EXTERNALITY_CF_BETA_050::Q95::fairness_qp,10,0,True,RECOVERABLE_ALLOCATION_EXTERNALITY,0.0371184638629,0.0508862014883,37.1184638629,50.8862014883
MR_K05_DISPERSED::SHOCK_AND_RECOVERY::THETA_0000::EXTERNALITY_CF_BETA_050::Q95::fairness_qp,11,0,True,RECOVERABLE_ALLOCATION_EXTERNALITY,0.0444379096533,0.0554693826817,44.4379096533,55.4693826817
MR_K05_DISPERSED::SHOCK_AND_RECOVERY::THETA_0000::EXTERNALITY_CF_BETA_050::Q95::fairness_qp,12,0,True,RECOVERABLE_ALLOCATION_EXTERNALITY,0.0176921050827,0.0375121256094,17.6921050827,37.5121256094
MR_K05_DISPERSED::SHOCK_AND_RECOVERY::THETA_0000::EXTERNALITY_CF_BETA_050::Q95::fairness_qp,13,0,True,RECOVERABLE_ALLOCATION_EXTERNALITY,0.0300549977019,0.0455248126501,30.0549977019,45.5248126501
MR_K05_DISPERSED::SHOCK_AND_RECOVERY::THETA_0000::EXTERNALITY_CF_BETA_050::Q95::fairness_qp,14,0,True,RECOVERABLE_ALLOCATION_EXTERNALITY,0.0163451294394,0.0362361846364,16.3451294394,36.2361846364
MR_K05_DISPERSED::SHOCK_AND_RECOVERY::THETA_0000::EXTERNALITY_CF_BETA_050::Q95::fairness_qp,15,0,True,RECOVERABLE_ALLOCATION_EXTERNALITY,0.0152217008381,0.0349171180705,15.2217008381,34.9171180705
MR_K05_DISPERSED::SHOCK_AND_RECOVERY::THETA_0000::EXTERNALITY_CF_BETA_050::Q95::fairness_qp,16,0,True,RECOVERABLE_ALLOCATION_EXTERNALITY,0.0173450245213,0.0407954192807,17.3450245213,40.7954192807
MR_K05_DISPERSED::SHOCK_AND_RECOVERY::THETA_0100::EXTERNALITY_CF_BETA_050::Q0::weighted_proportional,1,1,True,RECOVERABLE_ALLOCATION_EXTERNALITY,0.0512395168773,0.0919524703421,51.2395168773,91.9524703421
MR_K05_DISPERSED::SHOCK_AND_RECOVERY::THETA_0100::EXTERNALITY_CF_BETA_050::Q0::weighted_proportional,2,1,True,RECOVERABLE_ALLOCATION_EXTERNALITY,0.0286760299712,0.0728480753906,28.6760299712,72.8480753906
MR_K05_DISPERSED::SHOCK_AND_RECOVERY::THETA_0100::EXTERNALITY_CF_BETA_050::Q0::weighted_proportional,3,1,True,RECOVERABLE_ALLOCATION_EXTERNALITY,0.0274911890817,0.0481028738048,27.4911890817,48.1028738048
MR_K05_DISPERSED::SHOCK_AND_RECOVERY::THETA_0100::EXTERNALITY_CF_BETA_050::Q0::weighted_proportional,4,1,True,RECOVERABLE_ALLOCATION_EXTERNALITY,0.0239923734913,0.0640770253232,23.9923734913,64.0770253232
MR_K05_DISPERSED::SHOCK_AND_RECOVERY::THETA_0100::EXTERNALITY_CF_BETA_050::Q0::weighted_proportional,5,1,True,RECOVERABLE_ALLOCATION_EXTERNALITY,0.0263276914202,0.070430257823,26.3276914202,70.430257823
MR_K05_DISPERSED::SHOCK_AND_RECOVERY::THETA_0100::EXTERNALITY_CF_BETA_050::Q0::weighted_proportional,6,1,True,RECOVERABLE_ALLOCATION_EXTERNALITY,0.0275186877452,0.062827918598,27.5186877452,62.827918598
MR_K05_DISPERSED::SHOCK_AND_RECOVERY::THETA_0100::EXTERNALITY_CF_BETA_050::Q0::weighted_proportional,7,1,True,RECOVERABLE_ALLOCATION_EXTERNALITY,0.0300724046908,0.0782761186292,30.0724046908,78.2761186292
MR_K05_DISPERSED::SHOCK_AND_RECOVERY::THETA_0100::EXTERNALITY_CF_BETA_050::Q0::weighted_proportional,8,1,True,RECOVERABLE_ALLOCATION_EXTERNALITY,0.0333994175027,0.0664012880406,33.3994175027,66.4012880406
MR_K05_DISPERSED::SHOCK_AND_RECOVERY::THETA_0100::EXTERNALITY_CF_BETA_050::Q0::weighted_proportional,9,1,False,NO_NET_DELIVERY_RECOVERY,-0.0103878666969,0.0495342434526,-10.3878666969,49.5342434526
MR_K05_DISPERSED::SHOCK_AND_RECOVERY::THETA_0100::EXTERNALITY_CF_BETA_050::Q0::weighted_proportional,10,1,True,RECOVERABLE_ALLOCATION_EXTERNALITY,0.0216809789196,0.0784614117344,21.6809789196,78.4614117344
MR_K05_DISPERSED::SHOCK_AND_RECOVERY::THETA_0100::EXTERNALITY_CF_BETA_050::Q0::weighted_proportional,11,1,True,RECOVERABLE_ALLOCATION_EXTERNALITY,0.00873640433855,0.0569154083414,8.73640433855,56.9154083414
MR_K05_DISPERSED::SHOCK_AND_RECOVERY::THETA_0100::EXTERNALITY_CF_BETA_050::Q0::weighted_proportional,12,1,True,RECOVERABLE_ALLOCATION_EXTERNALITY,0.0385739131402,0.0621804696097,38.5739131402,62.1804696097
MR_K05_DISPERSED::SHOCK_AND_RECOVERY::THETA_0100::EXTERNALITY_CF_BETA_050::Q0::weighted_proportional,13,1,True,RECOVERABLE_ALLOCATION_EXTERNALITY,0.0195596474219,0.0646861607132,19.5596474219,64.6861607132
MR_K05_DISPERSED::SHOCK_AND_RECOVERY::THETA_0100::EXTERNALITY_CF_BETA_050::Q0::weighted_proportional,14,1,True,RECOVERABLE_ALLOCATION_EXTERNALITY,0.0489423190545,0.07810156537,48.9423190545,78.10156537
MR_K05_DISPERSED::SHOCK_AND_RECOVERY::THETA_0100::EXTERNALITY_CF_BETA_050::Q0::weighted_proportional,15,1,True,RECOVERABLE_ALLOCATION_EXTERNALITY,0.0471646752528,0.0772577576082,47.1646752528,77.2577576082
MR_K05_DISPERSED::SHOCK_AND_RECOVERY::THETA_0100::EXTERNALITY_CF_BETA_050::Q0::weighted_proportional,16,1,True,RECOVERABLE_ALLOCATION_EXTERNALITY,0.0360727615971,0.0686149753938,36.0727615971,68.6149753938
MR_K05_DISPERSED::SHOCK_AND_RECOVERY::THETA_0100::EXTERNALITY_CF_BETA_050::Q0::equal_kw_reduction,1,1,True,RECOVERABLE_ALLOCATION_EXTERNALITY,0.0362544436489,0.0651511886697,36.2544436489,65.1511886697
MR_K05_DISPERSED::SHOCK_AND_RECOVERY::THETA_0100::EXTERNALITY_CF_BETA_050::Q0::equal_kw_reduction,2,1,True,RECOVERABLE_ALLOCATION_EXTERNALITY,0.0308575351629,0.0586981639355,30.8575351629,58.6981639355
MR_K05_DISPERSED::SHOCK_AND_RECOVERY::THETA_0100::EXTERNALITY_CF_BETA_050::Q0::equal_kw_reduction,3,1,True,RECOVERABLE_ALLOCATION_EXTERNALITY,0.0176924999117,0.0366579350249,17.6924999117,36.6579350249
MR_K05_DISPERSED::SHOCK_AND_RECOVERY::THETA_0100::EXTERNALITY_CF_BETA_050::Q0::equal_kw_reduction,4,1,True,RECOVERABLE_ALLOCATION_EXTERNALITY,0.0198231701645,0.0452184783752,19.8231701645,45.2184783752
MR_K05_DISPERSED::SHOCK_AND_RECOVERY::THETA_0100::EXTERNALITY_CF_BETA_050::Q0::equal_kw_reduction,5,1,True,RECOVERABLE_ALLOCATION_EXTERNALITY,0.0177538131177,0.0451212765267,17.7538131177,45.1212765267
MR_K05_DISPERSED::SHOCK_AND_RECOVERY::THETA_0100::EXTERNALITY_CF_BETA_050::Q0::equal_kw_reduction,6,1,True,RECOVERABLE_ALLOCATION_EXTERNALITY,0.00909508779454,0.034868209563,9.09508779454,34.868209563
MR_K05_DISPERSED::SHOCK_AND_RECOVERY::THETA_0100::EXTERNALITY_CF_BETA_050::Q0::equal_kw_reduction,7,1,True,RECOVERABLE_ALLOCATION_EXTERNALITY,0.0203202836414,0.0456459071303,20.3202836414,45.6459071303
MR_K05_DISPERSED::SHOCK_AND_RECOVERY::THETA_0100::EXTERNALITY_CF_BETA_050::Q0::equal_kw_reduction,8,1,True,RECOVERABLE_ALLOCATION_EXTERNALITY,0.0197793281945,0.0411526661524,19.7793281945,41.1526661524
MR_K05_DISPERSED::SHOCK_AND_RECOVERY::THETA_0100::EXTERNALITY_CF_BETA_050::Q0::equal_kw_reduction,9,1,True,RECOVERABLE_ALLOCATION_EXTERNALITY,0.0202639301435,0.0444587452887,20.2639301435,44.4587452887
MR_K05_DISPERSED::SHOCK_AND_RECOVERY::THETA_0100::EXTERNALITY_CF_BETA_050::Q0::equal_kw_reduction,10,1,True,RECOVERABLE_ALLOCATION_EXTERNALITY,0.0301954482879,0.0481776684721,30.1954482879,48.1776684721
MR_K05_DISPERSED::SHOCK_AND_RECOVERY::THETA_0100::EXTERNALITY_CF_BETA_050::Q0::equal_kw_reduction,11,1,True,RECOVERABLE_ALLOCATION_EXTERNALITY,0.0258419777807,0.0464774676363,25.8419777807,46.4774676363
MR_K05_DISPERSED::SHOCK_AND_RECOVERY::THETA_0100::EXTERNALITY_CF_BETA_050::Q0::equal_kw_reduction,12,1,True,RECOVERABLE_ALLOCATION_EXTERNALITY,0.0217748710652,0.0407426023126,21.7748710652,40.7426023126
MR_K05_DISPERSED::SHOCK_AND_RECOVERY::THETA_0100::EXTERNALITY_CF_BETA_050::Q0::equal_kw_reduction,13,1,True,RECOVERABLE_ALLOCATION_EXTERNALITY,0.0149722412023,0.0389255174898,14.9722412023,38.9255174898
MR_K05_DISPERSED::SHOCK_AND_RECOVERY::THETA_0100::EXTERNALITY_CF_BETA_050::Q0::equal_kw_reduction,14,1,True,RECOVERABLE_ALLOCATION_EXTERNALITY,0.0160462539329,0.0411512922378,16.0462539329,41.1512922378
MR_K05_DISPERSED::SHOCK_AND_RECOVERY::THETA_0100::EXTERNALITY_CF_BETA_050::Q0::equal_kw_reduction,15,1,True,RECOVERABLE_ALLOCATION_EXTERNALITY,0.00941772261759,0.0304903320569,9.41772261759,30.4903320569
MR_K05_DISPERSED::SHOCK_AND_RECOVERY::THETA_0100::EXTERNALITY_CF_BETA_050::Q0::equal_kw_reduction,16,1,True,RECOVERABLE_ALLOCATION_EXTERNALITY,0.0208702621494,0.0436641110706,20.8702621494,43.6641110706
MR_K05_DISPERSED::SHOCK_AND_RECOVERY::THETA_0100::EXTERNALITY_CF_BETA_050::Q0::flat_level,1,1,True,RECOVERABLE_ALLOCATION_EXTERNALITY,0.148123068313,0.148123068313,148.123068313,148.123068313
MR_K05_DISPERSED::SHOCK_AND_RECOVERY::THETA_0100::EXTERNALITY_CF_BETA_050::Q0::flat_level,2,1,True,RECOVERABLE_ALLOCATION_EXTERNALITY,0.0868697073828,0.0868697073828,86.8697073828,86.8697073828
MR_K05_DISPERSED::SHOCK_AND_RECOVERY::THETA_0100::EXTERNALITY_CF_BETA_050::Q0::flat_level,3,1,True,RECOVERABLE_ALLOCATION_EXTERNALITY,0.11072873872,0.11072873872,110.72873872,110.72873872
MR_K05_DISPERSED::SHOCK_AND_RECOVERY::THETA_0100::EXTERNALITY_CF_BETA_050::Q0::flat_level,4,1,True,RECOVERABLE_ALLOCATION_EXTERNALITY,0.098324426211,0.098324426211,98.324426211,98.324426211
MR_K05_DISPERSED::SHOCK_AND_RECOVERY::THETA_0100::EXTERNALITY_CF_BETA_050::Q0::flat_level,5,1,True,RECOVERABLE_ALLOCATION_EXTERNALITY,0.149283270825,0.149283270825,149.283270825,149.283270825
MR_K05_DISPERSED::SHOCK_AND_RECOVERY::THETA_0100::EXTERNALITY_CF_BETA_050::Q0::flat_level,6,1,True,RECOVERABLE_ALLOCATION_EXTERNALITY,0.114073166784,0.114073166784,114.073166784,114.073166784
MR_K05_DISPERSED::SHOCK_AND_RECOVERY::THETA_0100::EXTERNALITY_CF_BETA_050::Q0::flat_level,7,1,True,RECOVERABLE_ALLOCATION_EXTERNALITY,0.111624880381,0.111624880381,111.624880381,111.624880381
MR_K05_DISPERSED::SHOCK_AND_RECOVERY::THETA_0100::EXTERNALITY_CF_BETA_050::Q0::flat_level,8,1,True,RECOVERABLE_ALLOCATION_EXTERNALITY,0.0889409099892,0.0889409099892,88.9409099892,88.9409099892
MR_K05_DISPERSED::SHOCK_AND_RECOVERY::THETA_0100::EXTERNALITY_CF_BETA_050::Q0::flat_level,9,1,True,RECOVERABLE_ALLOCATION_EXTERNALITY,0.0267436456005,0.0267436456005,26.7436456005,26.7436456005
MR_K05_DISPERSED::SHOCK_AND_RECOVERY::THETA_0100::EXTERNALITY_CF_BETA_050::Q0::flat_level,10,1,True,RECOVERABLE_ALLOCATION_EXTERNALITY,0.107823757171,0.107823757171,107.823757171,107.823757171
MR_K05_DISPERSED::SHOCK_AND_RECOVERY::THETA_0100::EXTERNALITY_CF_BETA_050::Q0::flat_level,11,1,True,RECOVERABLE_ALLOCATION_EXTERNALITY,0.0633944407304,0.0633944407304,63.3944407304,63.3944407304
MR_K05_DISPERSED::SHOCK_AND_RECOVERY::THETA_0100::EXTERNALITY_CF_BETA_050::Q0::flat_level,12,1,True,RECOVERABLE_ALLOCATION_EXTERNALITY,0.0934603654831,0.0934603654831,93.4603654831,93.4603654831
MR_K05_DISPERSED::SHOCK_AND_RECOVERY::THETA_0100::EXTERNALITY_CF_BETA_050::Q0::flat_level,13,1,True,RECOVERABLE_ALLOCATION_EXTERNALITY,0.0864586913467,0.0864586913467,86.4586913467,86.4586913467
MR_K05_DISPERSED::SHOCK_AND_RECOVERY::THETA_0100::EXTERNALITY_CF_BETA_050::Q0::flat_level,14,1,True,RECOVERABLE_ALLOCATION_EXTERNALITY,0.140517607119,0.140517607119,140.517607119,140.517607119
MR_K05_DISPERSED::SHOCK_AND_RECOVERY::THETA_0100::EXTERNALITY_CF_BETA_050::Q0::flat_level,15,1,True,RECOVERABLE_ALLOCATION_EXTERNALITY,0.118957095497,0.118957095497,118.957095497,118.957095497
MR_K05_DISPERSED::SHOCK_AND_RECOVERY::THETA_0100::EXTERNALITY_CF_BETA_050::Q0::flat_level,16,1,True,RECOVERABLE_ALLOCATION_EXTERNALITY,0.0897753982789,0.0897753982789,89.7753982789,89.7753982789
MR_K05_DISPERSED::SHOCK_AND_RECOVERY::THETA_0100::EXTERNALITY_CF_BETA_050::Q0::max_export_lp,1,1,True,RECOVERABLE_ALLOCATION_EXTERNALITY,0.0450790279359,0.0450790279359,45.0790279359,45.0790279359
MR_K05_DISPERSED::SHOCK_AND_RECOVERY::THETA_0100::EXTERNALITY_CF_BETA_050::Q0::max_export_lp,2,1,True,RECOVERABLE_ALLOCATION_EXTERNALITY,0.0536961456142,0.0536961456143,53.6961456142,53.6961456143
MR_K05_DISPERSED::SHOCK_AND_RECOVERY::THETA_0100::EXTERNALITY_CF_BETA_050::Q0::max_export_lp,3,1,True,RECOVERABLE_ALLOCATION_EXTERNALITY,0.040126882077,0.0401268820772,40.126882077,40.1268820772
MR_K05_DISPERSED::SHOCK_AND_RECOVERY::THETA_0100::EXTERNALITY_CF_BETA_050::Q0::max_export_lp,4,1,True,RECOVERABLE_ALLOCATION_EXTERNALITY,0.0247779837875,0.024777983792,24.7779837875,24.777983792
MR_K05_DISPERSED::SHOCK_AND_RECOVERY::THETA_0100::EXTERNALITY_CF_BETA_050::Q0::max_export_lp,5,1,True,RECOVERABLE_ALLOCATION_EXTERNALITY,0.0383491997638,0.0383491997638,38.3491997638,38.3491997638
MR_K05_DISPERSED::SHOCK_AND_RECOVERY::THETA_0100::EXTERNALITY_CF_BETA_050::Q0::max_export_lp,6,1,True,RECOVERABLE_ALLOCATION_EXTERNALITY,0.0238237334607,0.0238237334607,23.8237334607,23.8237334607
MR_K05_DISPERSED::SHOCK_AND_RECOVERY::THETA_0100::EXTERNALITY_CF_BETA_050::Q0::max_export_lp,7,1,True,RECOVERABLE_ALLOCATION_EXTERNALITY,0.0395035600262,0.0395035600263,39.5035600262,39.5035600263
MR_K05_DISPERSED::SHOCK_AND_RECOVERY::THETA_0100::EXTERNALITY_CF_BETA_050::Q0::max_export_lp,8,1,True,RECOVERABLE_ALLOCATION_EXTERNALITY,0.0295446132676,0.0295446132676,29.5446132676,29.5446132676
MR_K05_DISPERSED::SHOCK_AND_RECOVERY::THETA_0100::EXTERNALITY_CF_BETA_050::Q0::max_export_lp,9,1,True,RECOVERABLE_ALLOCATION_EXTERNALITY,0.0552822128076,0.0552822128077,55.2822128076,55.2822128077
MR_K05_DISPERSED::SHOCK_AND_RECOVERY::THETA_0100::EXTERNALITY_CF_BETA_050::Q0::max_export_lp,10,1,True,RECOVERABLE_ALLOCATION_EXTERNALITY,0.0379534014276,0.0379534014287,37.9534014276,37.9534014287
MR_K05_DISPERSED::SHOCK_AND_RECOVERY::THETA_0100::EXTERNALITY_CF_BETA_050::Q0::max_export_lp,11,1,True,RECOVERABLE_ALLOCATION_EXTERNALITY,0.0383170766193,0.0383170766193,38.3170766193,38.3170766193
MR_K05_DISPERSED::SHOCK_AND_RECOVERY::THETA_0100::EXTERNALITY_CF_BETA_050::Q0::max_export_lp,12,1,True,RECOVERABLE_ALLOCATION_EXTERNALITY,0.0365613261735,0.0365613261735,36.5613261735,36.5613261735
MR_K05_DISPERSED::SHOCK_AND_RECOVERY::THETA_0100::EXTERNALITY_CF_BETA_050::Q0::max_export_lp,13,1,True,RECOVERABLE_ALLOCATION_EXTERNALITY,0.0228186370421,0.0228186370421,22.8186370421,22.8186370421
MR_K05_DISPERSED::SHOCK_AND_RECOVERY::THETA_0100::EXTERNALITY_CF_BETA_050::Q0::max_export_lp,14,1,True,RECOVERABLE_ALLOCATION_EXTERNALITY,0.0228839965145,0.0228839965146,22.8839965145,22.8839965146
MR_K05_DISPERSED::SHOCK_AND_RECOVERY::THETA_0100::EXTERNALITY_CF_BETA_050::Q0::max_export_lp,15,1,True,RECOVERABLE_ALLOCATION_EXTERNALITY,0.0243492144621,0.0243492144629,24.3492144621,24.3492144629
MR_K05_DISPERSED::SHOCK_AND_RECOVERY::THETA_0100::EXTERNALITY_CF_BETA_050::Q0::max_export_lp,16,1,True,RECOVERABLE_ALLOCATION_EXTERNALITY,0.0453352869291,0.0453352869333,45.3352869291,45.3352869333
MR_K05_DISPERSED::SHOCK_AND_RECOVERY::THETA_0100::EXTERNALITY_CF_BETA_050::Q0::fairness_qp,1,1,True,RECOVERABLE_ALLOCATION_EXTERNALITY,0.0158491229277,0.0389153672101,15.8491229277,38.9153672101
MR_K05_DISPERSED::SHOCK_AND_RECOVERY::THETA_0100::EXTERNALITY_CF_BETA_050::Q0::fairness_qp,2,1,True,RECOVERABLE_ALLOCATION_EXTERNALITY,0.0153347163568,0.039382791391,15.3347163568,39.382791391
MR_K05_DISPERSED::SHOCK_AND_RECOVERY::THETA_0100::EXTERNALITY_CF_BETA_050::Q0::fairness_qp,3,1,True,RECOVERABLE_ALLOCATION_EXTERNALITY,0.0155642093637,0.0362978021585,15.5642093637,36.2978021585
MR_K05_DISPERSED::SHOCK_AND_RECOVERY::THETA_0100::EXTERNALITY_CF_BETA_050::Q0::fairness_qp,4,1,True,RECOVERABLE_ALLOCATION_EXTERNALITY,0.00880528210719,0.026958397347,8.80528210719,26.958397347
MR_K05_DISPERSED::SHOCK_AND_RECOVERY::THETA_0100::EXTERNALITY_CF_BETA_050::Q0::fairness_qp,5,1,True,RECOVERABLE_ALLOCATION_EXTERNALITY,0.0176797060442,0.0293829494952,17.6797060442,29.3829494952
MR_K05_DISPERSED::SHOCK_AND_RECOVERY::THETA_0100::EXTERNALITY_CF_BETA_050::Q0::fairness_qp,6,1,True,RECOVERABLE_ALLOCATION_EXTERNALITY,0.0236916131101,0.033320662592,23.6916131101,33.320662592
MR_K05_DISPERSED::SHOCK_AND_RECOVERY::THETA_0100::EXTERNALITY_CF_BETA_050::Q0::fairness_qp,7,1,True,RECOVERABLE_ALLOCATION_EXTERNALITY,0.0318340916211,0.0441664148335,31.8340916211,44.1664148335
MR_K05_DISPERSED::SHOCK_AND_RECOVERY::THETA_0100::EXTERNALITY_CF_BETA_050::Q0::fairness_qp,8,1,True,RECOVERABLE_ALLOCATION_EXTERNALITY,0.0298337705335,0.0445820684445,29.8337705335,44.5820684445
MR_K05_DISPERSED::SHOCK_AND_RECOVERY::THETA_0100::EXTERNALITY_CF_BETA_050::Q0::fairness_qp,9,1,True,RECOVERABLE_ALLOCATION_EXTERNALITY,0.0465204683222,0.0566578231225,46.5204683222,56.6578231225
MR_K05_DISPERSED::SHOCK_AND_RECOVERY::THETA_0100::EXTERNALITY_CF_BETA_050::Q0::fairness_qp,10,1,True,RECOVERABLE_ALLOCATION_EXTERNALITY,0.0427855836961,0.0539352915801,42.7855836961,53.9352915801
MR_K05_DISPERSED::SHOCK_AND_RECOVERY::THETA_0100::EXTERNALITY_CF_BETA_050::Q0::fairness_qp,11,1,True,RECOVERABLE_ALLOCATION_EXTERNALITY,0.0423584132566,0.0513671944584,42.3584132566,51.3671944584
MR_K05_DISPERSED::SHOCK_AND_RECOVERY::THETA_0100::EXTERNALITY_CF_BETA_050::Q0::fairness_qp,12,1,True,RECOVERABLE_ALLOCATION_EXTERNALITY,0.0183628729652,0.0324258890315,18.3628729652,32.4258890315
MR_K05_DISPERSED::SHOCK_AND_RECOVERY::THETA_0100::EXTERNALITY_CF_BETA_050::Q0::fairness_qp,13,1,True,RECOVERABLE_ALLOCATION_EXTERNALITY,0.025653577511,0.0354215325316,25.653577511,35.4215325316
MR_K05_DISPERSED::SHOCK_AND_RECOVERY::THETA_0100::EXTERNALITY_CF_BETA_050::Q0::fairness_qp,14,1,True,RECOVERABLE_ALLOCATION_EXTERNALITY,0.0156559722393,0.0302335308604,15.6559722393,30.2335308604
MR_K05_DISPERSED::SHOCK_AND_RECOVERY::THETA_0100::EXTERNALITY_CF_BETA_050::Q0::fairness_qp,15,1,True,RECOVERABLE_ALLOCATION_EXTERNALITY,0.0198753680047,0.0398906265178,19.8753680047,39.8906265178
MR_K05_DISPERSED::SHOCK_AND_RECOVERY::THETA_0100::EXTERNALITY_CF_BETA_050::Q0::fairness_qp,16,1,True,RECOVERABLE_ALLOCATION_EXTERNALITY,0.0189061487848,0.0391506457084,18.9061487848,39.1506457084
MR_K05_DISPERSED::SHOCK_AND_RECOVERY::THETA_0100::EXTERNALITY_CF_BETA_050::Q95::weighted_proportional,1,1,True,RECOVERABLE_ALLOCATION_EXTERNALITY,0.0512395168778,0.0919524703428,51.2395168778,91.9524703428
MR_K05_DISPERSED::SHOCK_AND_RECOVERY::THETA_0100::EXTERNALITY_CF_BETA_050::Q95::weighted_proportional,2,1,True,RECOVERABLE_ALLOCATION_EXTERNALITY,0.0286760299675,0.0728480753867,28.6760299675,72.8480753867
MR_K05_DISPERSED::SHOCK_AND_RECOVERY::THETA_0100::EXTERNALITY_CF_BETA_050::Q95::weighted_proportional,3,1,True,RECOVERABLE_ALLOCATION_EXTERNALITY,0.0274911890837,0.0481028738067,27.4911890837,48.1028738067
MR_K05_DISPERSED::SHOCK_AND_RECOVERY::THETA_0100::EXTERNALITY_CF_BETA_050::Q95::weighted_proportional,4,1,True,RECOVERABLE_ALLOCATION_EXTERNALITY,0.0239923734919,0.0640770253239,23.9923734919,64.0770253239
MR_K05_DISPERSED::SHOCK_AND_RECOVERY::THETA_0100::EXTERNALITY_CF_BETA_050::Q95::weighted_proportional,5,1,True,RECOVERABLE_ALLOCATION_EXTERNALITY,0.0263276914215,0.0704302578242,26.3276914215,70.4302578242
MR_K05_DISPERSED::SHOCK_AND_RECOVERY::THETA_0100::EXTERNALITY_CF_BETA_050::Q95::weighted_proportional,6,1,True,RECOVERABLE_ALLOCATION_EXTERNALITY,0.0275186877437,0.0628279185968,27.5186877437,62.8279185968
MR_K05_DISPERSED::SHOCK_AND_RECOVERY::THETA_0100::EXTERNALITY_CF_BETA_050::Q95::weighted_proportional,7,1,True,RECOVERABLE_ALLOCATION_EXTERNALITY,0.030072404691,0.0782761186296,30.072404691,78.2761186296
MR_K05_DISPERSED::SHOCK_AND_RECOVERY::THETA_0100::EXTERNALITY_CF_BETA_050::Q95::weighted_proportional,8,1,True,RECOVERABLE_ALLOCATION_EXTERNALITY,0.0333994175041,0.0664012880419,33.3994175041,66.4012880419
MR_K05_DISPERSED::SHOCK_AND_RECOVERY::THETA_0100::EXTERNALITY_CF_BETA_050::Q95::weighted_proportional,9,1,False,NO_NET_DELIVERY_RECOVERY,-0.0103878666962,0.0495342434532,-10.3878666962,49.5342434532
MR_K05_DISPERSED::SHOCK_AND_RECOVERY::THETA_0100::EXTERNALITY_CF_BETA_050::Q95::weighted_proportional,10,1,True,RECOVERABLE_ALLOCATION_EXTERNALITY,0.0216809789201,0.0784614117345,21.6809789201,78.4614117345
MR_K05_DISPERSED::SHOCK_AND_RECOVERY::THETA_0100::EXTERNALITY_CF_BETA_050::Q95::weighted_proportional,11,1,True,RECOVERABLE_ALLOCATION_EXTERNALITY,0.00873640433958,0.0569154083422,8.73640433958,56.9154083422
MR_K05_DISPERSED::SHOCK_AND_RECOVERY::THETA_0100::EXTERNALITY_CF_BETA_050::Q95::weighted_proportional,12,1,True,RECOVERABLE_ALLOCATION_EXTERNALITY,0.0385739131404,0.0621804696098,38.5739131404,62.1804696098
MR_K05_DISPERSED::SHOCK_AND_RECOVERY::THETA_0100::EXTERNALITY_CF_BETA_050::Q95::weighted_proportional,13,1,True,RECOVERABLE_ALLOCATION_EXTERNALITY,0.019559647421,0.0646861607123,19.559647421,64.6861607123
MR_K05_DISPERSED::SHOCK_AND_RECOVERY::THETA_0100::EXTERNALITY_CF_BETA_050::Q95::weighted_proportional,14,1,True,RECOVERABLE_ALLOCATION_EXTERNALITY,0.0489423190551,0.0781015653705,48.9423190551,78.1015653705
MR_K05_DISPERSED::SHOCK_AND_RECOVERY::THETA_0100::EXTERNALITY_CF_BETA_050::Q95::weighted_proportional,15,1,True,RECOVERABLE_ALLOCATION_EXTERNALITY,0.0471646752518,0.0772577576073,47.1646752518,77.2577576073
MR_K05_DISPERSED::SHOCK_AND_RECOVERY::THETA_0100::EXTERNALITY_CF_BETA_050::Q95::weighted_proportional,16,1,True,RECOVERABLE_ALLOCATION_EXTERNALITY,0.0360727615969,0.0686149753935,36.0727615969,68.6149753935
MR_K05_DISPERSED::SHOCK_AND_RECOVERY::THETA_0100::EXTERNALITY_CF_BETA_050::Q95::equal_kw_reduction,1,1,True,RECOVERABLE_ALLOCATION_EXTERNALITY,0.0362544436489,0.0651511886697,36.2544436489,65.1511886697
MR_K05_DISPERSED::SHOCK_AND_RECOVERY::THETA_0100::EXTERNALITY_CF_BETA_050::Q95::equal_kw_reduction,2,1,True,RECOVERABLE_ALLOCATION_EXTERNALITY,0.0308575351629,0.0586981639355,30.8575351629,58.6981639355
MR_K05_DISPERSED::SHOCK_AND_RECOVERY::THETA_0100::EXTERNALITY_CF_BETA_050::Q95::equal_kw_reduction,3,1,True,RECOVERABLE_ALLOCATION_EXTERNALITY,0.0176924999117,0.0366579350249,17.6924999117,36.6579350249
MR_K05_DISPERSED::SHOCK_AND_RECOVERY::THETA_0100::EXTERNALITY_CF_BETA_050::Q95::equal_kw_reduction,4,1,True,RECOVERABLE_ALLOCATION_EXTERNALITY,0.0198231701645,0.0452184783752,19.8231701645,45.2184783752
MR_K05_DISPERSED::SHOCK_AND_RECOVERY::THETA_0100::EXTERNALITY_CF_BETA_050::Q95::equal_kw_reduction,5,1,True,RECOVERABLE_ALLOCATION_EXTERNALITY,0.0177538131177,0.0451212765267,17.7538131177,45.1212765267
MR_K05_DISPERSED::SHOCK_AND_RECOVERY::THETA_0100::EXTERNALITY_CF_BETA_050::Q95::equal_kw_reduction,6,1,True,RECOVERABLE_ALLOCATION_EXTERNALITY,0.00909508779454,0.034868209563,9.09508779454,34.868209563
MR_K05_DISPERSED::SHOCK_AND_RECOVERY::THETA_0100::EXTERNALITY_CF_BETA_050::Q95::equal_kw_reduction,7,1,True,RECOVERABLE_ALLOCATION_EXTERNALITY,0.0203202836414,0.0456459071303,20.3202836414,45.6459071303
MR_K05_DISPERSED::SHOCK_AND_RECOVERY::THETA_0100::EXTERNALITY_CF_BETA_050::Q95::equal_kw_reduction,8,1,True,RECOVERABLE_ALLOCATION_EXTERNALITY,0.0197793281945,0.0411526661524,19.7793281945,41.1526661524
MR_K05_DISPERSED::SHOCK_AND_RECOVERY::THETA_0100::EXTERNALITY_CF_BETA_050::Q95::equal_kw_reduction,9,1,True,RECOVERABLE_ALLOCATION_EXTERNALITY,0.0202639301435,0.0444587452887,20.2639301435,44.4587452887
MR_K05_DISPERSED::SHOCK_AND_RECOVERY::THETA_0100::EXTERNALITY_CF_BETA_050::Q95::equal_kw_reduction,10,1,True,RECOVERABLE_ALLOCATION_EXTERNALITY,0.0301954482879,0.0481776684721,30.1954482879,48.1776684721
MR_K05_DISPERSED::SHOCK_AND_RECOVERY::THETA_0100::EXTERNALITY_CF_BETA_050::Q95::equal_kw_reduction,11,1,True,RECOVERABLE_ALLOCATION_EXTERNALITY,0.0258419777807,0.0464774676363,25.8419777807,46.4774676363
MR_K05_DISPERSED::SHOCK_AND_RECOVERY::THETA_0100::EXTERNALITY_CF_BETA_050::Q95::equal_kw_reduction,12,1,True,RECOVERABLE_ALLOCATION_EXTERNALITY,0.0217748710652,0.0407426023126,21.7748710652,40.7426023126
MR_K05_DISPERSED::SHOCK_AND_RECOVERY::THETA_0100::EXTERNALITY_CF_BETA_050::Q95::equal_kw_reduction,13,1,True,RECOVERABLE_ALLOCATION_EXTERNALITY,0.0149722412023,0.0389255174898,14.9722412023,38.9255174898
MR_K05_DISPERSED::SHOCK_AND_RECOVERY::THETA_0100::EXTERNALITY_CF_BETA_050::Q95::equal_kw_reduction,14,1,True,RECOVERABLE_ALLOCATION_EXTERNALITY,0.0160462539329,0.0411512922378,16.0462539329,41.1512922378
MR_K05_DISPERSED::SHOCK_AND_RECOVERY::THETA_0100::EXTERNALITY_CF_BETA_050::Q95::equal_kw_reduction,15,1,True,RECOVERABLE_ALLOCATION_EXTERNALITY,0.00941772261759,0.0304903320569,9.41772261759,30.4903320569
MR_K05_DISPERSED::SHOCK_AND_RECOVERY::THETA_0100::EXTERNALITY_CF_BETA_050::Q95::equal_kw_reduction,16,1,True,RECOVERABLE_ALLOCATION_EXTERNALITY,0.0208702621494,0.0436641110706,20.8702621494,43.6641110706
MR_K05_DISPERSED::SHOCK_AND_RECOVERY::THETA_0100::EXTERNALITY_CF_BETA_050::Q95::flat_level,1,1,True,RECOVERABLE_ALLOCATION_EXTERNALITY,0.148123068313,0.148123068313,148.123068313,148.123068313
MR_K05_DISPERSED::SHOCK_AND_RECOVERY::THETA_0100::EXTERNALITY_CF_BETA_050::Q95::flat_level,2,1,True,RECOVERABLE_ALLOCATION_EXTERNALITY,0.0868697073828,0.0868697073828,86.8697073828,86.8697073828
MR_K05_DISPERSED::SHOCK_AND_RECOVERY::THETA_0100::EXTERNALITY_CF_BETA_050::Q95::flat_level,3,1,True,RECOVERABLE_ALLOCATION_EXTERNALITY,0.11072873872,0.11072873872,110.72873872,110.72873872
MR_K05_DISPERSED::SHOCK_AND_RECOVERY::THETA_0100::EXTERNALITY_CF_BETA_050::Q95::flat_level,4,1,True,RECOVERABLE_ALLOCATION_EXTERNALITY,0.098324426211,0.098324426211,98.324426211,98.324426211
MR_K05_DISPERSED::SHOCK_AND_RECOVERY::THETA_0100::EXTERNALITY_CF_BETA_050::Q95::flat_level,5,1,True,RECOVERABLE_ALLOCATION_EXTERNALITY,0.149283270825,0.149283270825,149.283270825,149.283270825
MR_K05_DISPERSED::SHOCK_AND_RECOVERY::THETA_0100::EXTERNALITY_CF_BETA_050::Q95::flat_level,6,1,True,RECOVERABLE_ALLOCATION_EXTERNALITY,0.114073166784,0.114073166784,114.073166784,114.073166784
MR_K05_DISPERSED::SHOCK_AND_RECOVERY::THETA_0100::EXTERNALITY_CF_BETA_050::Q95::flat_level,7,1,True,RECOVERABLE_ALLOCATION_EXTERNALITY,0.111624880381,0.111624880381,111.624880381,111.624880381
MR_K05_DISPERSED::SHOCK_AND_RECOVERY::THETA_0100::EXTERNALITY_CF_BETA_050::Q95::flat_level,8,1,True,RECOVERABLE_ALLOCATION_EXTERNALITY,0.0889409099892,0.0889409099892,88.9409099892,88.9409099892
MR_K05_DISPERSED::SHOCK_AND_RECOVERY::THETA_0100::EXTERNALITY_CF_BETA_050::Q95::flat_level,9,1,True,RECOVERABLE_ALLOCATION_EXTERNALITY,0.0267436456005,0.0267436456005,26.7436456005,26.7436456005
MR_K05_DISPERSED::SHOCK_AND_RECOVERY::THETA_0100::EXTERNALITY_CF_BETA_050::Q95::flat_level,10,1,True,RECOVERABLE_ALLOCATION_EXTERNALITY,0.107823757171,0.107823757171,107.823757171,107.823757171
MR_K05_DISPERSED::SHOCK_AND_RECOVERY::THETA_0100::EXTERNALITY_CF_BETA_050::Q95::flat_level,11,1,True,RECOVERABLE_ALLOCATION_EXTERNALITY,0.0633944407304,0.0633944407304,63.3944407304,63.3944407304
MR_K05_DISPERSED::SHOCK_AND_RECOVERY::THETA_0100::EXTERNALITY_CF_BETA_050::Q95::flat_level,12,1,True,RECOVERABLE_ALLOCATION_EXTERNALITY,0.0934603654831,0.0934603654831,93.4603654831,93.4603654831
MR_K05_DISPERSED::SHOCK_AND_RECOVERY::THETA_0100::EXTERNALITY_CF_BETA_050::Q95::flat_level,13,1,True,RECOVERABLE_ALLOCATION_EXTERNALITY,0.0864586913467,0.0864586913467,86.4586913467,86.4586913467
MR_K05_DISPERSED::SHOCK_AND_RECOVERY::THETA_0100::EXTERNALITY_CF_BETA_050::Q95::flat_level,14,1,True,RECOVERABLE_ALLOCATION_EXTERNALITY,0.140517607119,0.140517607119,140.517607119,140.517607119
MR_K05_DISPERSED::SHOCK_AND_RECOVERY::THETA_0100::EXTERNALITY_CF_BETA_050::Q95::flat_level,15,1,True,RECOVERABLE_ALLOCATION_EXTERNALITY,0.118957095497,0.118957095497,118.957095497,118.957095497
MR_K05_DISPERSED::SHOCK_AND_RECOVERY::THETA_0100::EXTERNALITY_CF_BETA_050::Q95::flat_level,16,1,True,RECOVERABLE_ALLOCATION_EXTERNALITY,0.0897753982789,0.0897753982789,89.7753982789,89.7753982789
MR_K05_DISPERSED::SHOCK_AND_RECOVERY::THETA_0100::EXTERNALITY_CF_BETA_050::Q95::max_export_lp,1,1,True,RECOVERABLE_ALLOCATION_EXTERNALITY,0.0450790563002,0.0450790563002,45.0790563002,45.0790563002
MR_K05_DISPERSED::SHOCK_AND_RECOVERY::THETA_0100::EXTERNALITY_CF_BETA_050::Q95::max_export_lp,2,1,True,RECOVERABLE_ALLOCATION_EXTERNALITY,0.0536961054675,0.0536961054675,53.6961054675,53.6961054675
MR_K05_DISPERSED::SHOCK_AND_RECOVERY::THETA_0100::EXTERNALITY_CF_BETA_050::Q95::max_export_lp,3,1,True,RECOVERABLE_ALLOCATION_EXTERNALITY,0.0401268825709,0.0401268825711,40.1268825709,40.1268825711
MR_K05_DISPERSED::SHOCK_AND_RECOVERY::THETA_0100::EXTERNALITY_CF_BETA_050::Q95::max_export_lp,4,1,True,RECOVERABLE_ALLOCATION_EXTERNALITY,0.0247779750432,0.0247779750433,24.7779750432,24.7779750433
MR_K05_DISPERSED::SHOCK_AND_RECOVERY::THETA_0100::EXTERNALITY_CF_BETA_050::Q95::max_export_lp,5,1,True,RECOVERABLE_ALLOCATION_EXTERNALITY,0.0383492674855,0.0383492694264,38.3492674855,38.3492694264
MR_K05_DISPERSED::SHOCK_AND_RECOVERY::THETA_0100::EXTERNALITY_CF_BETA_050::Q95::max_export_lp,6,1,True,RECOVERABLE_ALLOCATION_EXTERNALITY,0.0238237536847,0.0238237536848,23.8237536847,23.8237536848
MR_K05_DISPERSED::SHOCK_AND_RECOVERY::THETA_0100::EXTERNALITY_CF_BETA_050::Q95::max_export_lp,7,1,True,RECOVERABLE_ALLOCATION_EXTERNALITY,0.0395035687951,0.0395035687952,39.5035687951,39.5035687952
MR_K05_DISPERSED::SHOCK_AND_RECOVERY::THETA_0100::EXTERNALITY_CF_BETA_050::Q95::max_export_lp,8,1,True,RECOVERABLE_ALLOCATION_EXTERNALITY,0.0295445920917,0.0295445920922,29.5445920917,29.5445920922
MR_K05_DISPERSED::SHOCK_AND_RECOVERY::THETA_0100::EXTERNALITY_CF_BETA_050::Q95::max_export_lp,9,1,True,RECOVERABLE_ALLOCATION_EXTERNALITY,0.0552821873741,0.0552821873741,55.2821873741,55.2821873741
MR_K05_DISPERSED::SHOCK_AND_RECOVERY::THETA_0100::EXTERNALITY_CF_BETA_050::Q95::max_export_lp,10,1,True,RECOVERABLE_ALLOCATION_EXTERNALITY,0.0379533450693,0.0379533450693,37.9533450693,37.9533450693
MR_K05_DISPERSED::SHOCK_AND_RECOVERY::THETA_0100::EXTERNALITY_CF_BETA_050::Q95::max_export_lp,11,1,True,RECOVERABLE_ALLOCATION_EXTERNALITY,0.0383171772849,0.038317177297,38.3171772849,38.317177297
MR_K05_DISPERSED::SHOCK_AND_RECOVERY::THETA_0100::EXTERNALITY_CF_BETA_050::Q95::max_export_lp,12,1,True,RECOVERABLE_ALLOCATION_EXTERNALITY,0.0365611665581,0.0365611665582,36.5611665581,36.5611665582
MR_K05_DISPERSED::SHOCK_AND_RECOVERY::THETA_0100::EXTERNALITY_CF_BETA_050::Q95::max_export_lp,13,1,True,RECOVERABLE_ALLOCATION_EXTERNALITY,0.022818465771,0.0228184657713,22.818465771,22.8184657713
MR_K05_DISPERSED::SHOCK_AND_RECOVERY::THETA_0100::EXTERNALITY_CF_BETA_050::Q95::max_export_lp,14,1,True,RECOVERABLE_ALLOCATION_EXTERNALITY,0.0228840395816,0.0228840395818,22.8840395816,22.8840395818
MR_K05_DISPERSED::SHOCK_AND_RECOVERY::THETA_0100::EXTERNALITY_CF_BETA_050::Q95::max_export_lp,15,1,True,RECOVERABLE_ALLOCATION_EXTERNALITY,0.0243492163381,0.0243492163385,24.3492163381,24.3492163385
MR_K05_DISPERSED::SHOCK_AND_RECOVERY::THETA_0100::EXTERNALITY_CF_BETA_050::Q95::max_export_lp,16,1,True,RECOVERABLE_ALLOCATION_EXTERNALITY,0.0453351169033,0.0453351169034,45.3351169033,45.3351169034
MR_K05_DISPERSED::SHOCK_AND_RECOVERY::THETA_0100::EXTERNALITY_CF_BETA_050::Q95::fairness_qp,1,1,True,RECOVERABLE_ALLOCATION_EXTERNALITY,0.015849113342,0.0389153361077,15.849113342,38.9153361077
MR_K05_DISPERSED::SHOCK_AND_RECOVERY::THETA_0100::EXTERNALITY_CF_BETA_050::Q95::fairness_qp,2,1,True,RECOVERABLE_ALLOCATION_EXTERNALITY,0.0153347358294,0.0393827920007,15.3347358294,39.3827920007
MR_K05_DISPERSED::SHOCK_AND_RECOVERY::THETA_0100::EXTERNALITY_CF_BETA_050::Q95::fairness_qp,3,1,True,RECOVERABLE_ALLOCATION_EXTERNALITY,0.0155641749664,0.0362977717718,15.5641749664,36.2977717718
MR_K05_DISPERSED::SHOCK_AND_RECOVERY::THETA_0100::EXTERNALITY_CF_BETA_050::Q95::fairness_qp,4,1,True,RECOVERABLE_ALLOCATION_EXTERNALITY,0.00880532933761,0.026958438045,8.80532933761,26.958438045
MR_K05_DISPERSED::SHOCK_AND_RECOVERY::THETA_0100::EXTERNALITY_CF_BETA_050::Q95::fairness_qp,5,1,True,RECOVERABLE_ALLOCATION_EXTERNALITY,0.0176796507818,0.0293828925248,17.6796507818,29.3828925248
MR_K05_DISPERSED::SHOCK_AND_RECOVERY::THETA_0100::EXTERNALITY_CF_BETA_050::Q95::fairness_qp,6,1,True,RECOVERABLE_ALLOCATION_EXTERNALITY,0.0236915964042,0.0333206471014,23.6915964042,33.3206471014
MR_K05_DISPERSED::SHOCK_AND_RECOVERY::THETA_0100::EXTERNALITY_CF_BETA_050::Q95::fairness_qp,7,1,True,RECOVERABLE_ALLOCATION_EXTERNALITY,0.0318341254915,0.0441664491674,31.8341254915,44.1664491674
MR_K05_DISPERSED::SHOCK_AND_RECOVERY::THETA_0100::EXTERNALITY_CF_BETA_050::Q95::fairness_qp,8,1,True,RECOVERABLE_ALLOCATION_EXTERNALITY,0.0298338220409,0.0445821084649,29.8338220409,44.5821084649
MR_K05_DISPERSED::SHOCK_AND_RECOVERY::THETA_0100::EXTERNALITY_CF_BETA_050::Q95::fairness_qp,9,1,True,RECOVERABLE_ALLOCATION_EXTERNALITY,0.0465204651302,0.0566578249248,46.5204651302,56.6578249248
MR_K05_DISPERSED::SHOCK_AND_RECOVERY::THETA_0100::EXTERNALITY_CF_BETA_050::Q95::fairness_qp,10,1,True,RECOVERABLE_ALLOCATION_EXTERNALITY,0.042785581366,0.053935291118,42.785581366,53.935291118
MR_K05_DISPERSED::SHOCK_AND_RECOVERY::THETA_0100::EXTERNALITY_CF_BETA_050::Q95::fairness_qp,11,1,True,RECOVERABLE_ALLOCATION_EXTERNALITY,0.0423584216238,0.051367200727,42.3584216238,51.367200727
MR_K05_DISPERSED::SHOCK_AND_RECOVERY::THETA_0100::EXTERNALITY_CF_BETA_050::Q95::fairness_qp,12,1,True,RECOVERABLE_ALLOCATION_EXTERNALITY,0.0183628553764,0.032425873175,18.3628553764,32.425873175
MR_K05_DISPERSED::SHOCK_AND_RECOVERY::THETA_0100::EXTERNALITY_CF_BETA_050::Q95::fairness_qp,13,1,True,RECOVERABLE_ALLOCATION_EXTERNALITY,0.0256535747272,0.0354215280274,25.6535747272,35.4215280274
MR_K05_DISPERSED::SHOCK_AND_RECOVERY::THETA_0100::EXTERNALITY_CF_BETA_050::Q95::fairness_qp,14,1,True,RECOVERABLE_ALLOCATION_EXTERNALITY,0.0156560054098,0.0302335637344,15.6560054098,30.2335637344
MR_K05_DISPERSED::SHOCK_AND_RECOVERY::THETA_0100::EXTERNALITY_CF_BETA_050::Q95::fairness_qp,15,1,True,RECOVERABLE_ALLOCATION_EXTERNALITY,0.0198754049718,0.0398906644289,19.8754049718,39.8906644289
MR_K05_DISPERSED::SHOCK_AND_RECOVERY::THETA_0100::EXTERNALITY_CF_BETA_050::Q95::fairness_qp,16,1,True,RECOVERABLE_ALLOCATION_EXTERNALITY,0.0189061386368,0.0391506464064,18.9061386368,39.1506464064
MR_K05_DISPERSED::SHOCK_AND_RECOVERY::THETA_1000::EXTERNALITY_CF_BETA_050::Q0::weighted_proportional,1,10,True,RECOVERABLE_ALLOCATION_EXTERNALITY,0.0511345806677,0.0830519706208,51.1345806677,83.0519706208
MR_K05_DISPERSED::SHOCK_AND_RECOVERY::THETA_1000::EXTERNALITY_CF_BETA_050::Q0::weighted_proportional,2,10,True,RECOVERABLE_ALLOCATION_EXTERNALITY,0.035611520749,0.0709296437261,35.611520749,70.9296437261
MR_K05_DISPERSED::SHOCK_AND_RECOVERY::THETA_1000::EXTERNALITY_CF_BETA_050::Q0::weighted_proportional,3,10,True,RECOVERABLE_ALLOCATION_EXTERNALITY,0.0334305264383,0.0500182472117,33.4305264383,50.0182472117
MR_K05_DISPERSED::SHOCK_AND_RECOVERY::THETA_1000::EXTERNALITY_CF_BETA_050::Q0::weighted_proportional,4,10,True,RECOVERABLE_ALLOCATION_EXTERNALITY,0.0330463217362,0.0588401151585,33.0463217362,58.8401151585
MR_K05_DISPERSED::SHOCK_AND_RECOVERY::THETA_1000::EXTERNALITY_CF_BETA_050::Q0::weighted_proportional,5,10,True,RECOVERABLE_ALLOCATION_EXTERNALITY,0.0430587674283,0.0688242048426,43.0587674283,68.8242048426
MR_K05_DISPERSED::SHOCK_AND_RECOVERY::THETA_1000::EXTERNALITY_CF_BETA_050::Q0::weighted_proportional,6,10,True,RECOVERABLE_ALLOCATION_EXTERNALITY,0.0442950687998,0.0653547365362,44.2950687998,65.3547365362
MR_K05_DISPERSED::SHOCK_AND_RECOVERY::THETA_1000::EXTERNALITY_CF_BETA_050::Q0::weighted_proportional,7,10,True,RECOVERABLE_ALLOCATION_EXTERNALITY,0.0346693622241,0.0644420879431,34.6693622241,64.4420879431
MR_K05_DISPERSED::SHOCK_AND_RECOVERY::THETA_1000::EXTERNALITY_CF_BETA_050::Q0::weighted_proportional,8,10,True,RECOVERABLE_ALLOCATION_EXTERNALITY,0.0407411177495,0.067199890121,40.7411177495,67.199890121
MR_K05_DISPERSED::SHOCK_AND_RECOVERY::THETA_1000::EXTERNALITY_CF_BETA_050::Q0::weighted_proportional,9,10,True,RECOVERABLE_ALLOCATION_EXTERNALITY,0.00171451414713,0.048603934762,1.71451414713,48.603934762
MR_K05_DISPERSED::SHOCK_AND_RECOVERY::THETA_1000::EXTERNALITY_CF_BETA_050::Q0::weighted_proportional,10,10,True,RECOVERABLE_ALLOCATION_EXTERNALITY,0.0311137854716,0.0614348888714,31.1137854716,61.4348888714
MR_K05_DISPERSED::SHOCK_AND_RECOVERY::THETA_1000::EXTERNALITY_CF_BETA_050::Q0::weighted_proportional,11,10,True,RECOVERABLE_ALLOCATION_EXTERNALITY,0.0171685987261,0.0521503931783,17.1685987261,52.1503931783
MR_K05_DISPERSED::SHOCK_AND_RECOVERY::THETA_1000::EXTERNALITY_CF_BETA_050::Q0::weighted_proportional,12,10,True,RECOVERABLE_ALLOCATION_EXTERNALITY,0.0431365752445,0.0631373770052,43.1365752445,63.1373770052
MR_K05_DISPERSED::SHOCK_AND_RECOVERY::THETA_1000::EXTERNALITY_CF_BETA_050::Q0::weighted_proportional,13,10,True,RECOVERABLE_ALLOCATION_EXTERNALITY,0.0267454138507,0.0566139850026,26.7454138507,56.6139850026
MR_K05_DISPERSED::SHOCK_AND_RECOVERY::THETA_1000::EXTERNALITY_CF_BETA_050::Q0::weighted_proportional,14,10,True,RECOVERABLE_ALLOCATION_EXTERNALITY,0.0555028193921,0.0742641434772,55.5028193921,74.2641434772
MR_K05_DISPERSED::SHOCK_AND_RECOVERY::THETA_1000::EXTERNALITY_CF_BETA_050::Q0::weighted_proportional,15,10,True,RECOVERABLE_ALLOCATION_EXTERNALITY,0.0515557256533,0.0684583640041,51.5557256533,68.4583640041
MR_K05_DISPERSED::SHOCK_AND_RECOVERY::THETA_1000::EXTERNALITY_CF_BETA_050::Q0::weighted_proportional,16,10,True,RECOVERABLE_ALLOCATION_EXTERNALITY,0.0415210151473,0.0682302395133,41.5210151473,68.2302395133
MR_K05_DISPERSED::SHOCK_AND_RECOVERY::THETA_1000::EXTERNALITY_CF_BETA_050::Q0::equal_kw_reduction,1,10,True,RECOVERABLE_ALLOCATION_EXTERNALITY,0.0308933631579,0.0544056296582,30.8933631579,54.4056296582
MR_K05_DISPERSED::SHOCK_AND_RECOVERY::THETA_1000::EXTERNALITY_CF_BETA_050::Q0::equal_kw_reduction,2,10,True,RECOVERABLE_ALLOCATION_EXTERNALITY,0.029654866441,0.0529543417857,29.654866441,52.9543417857
MR_K05_DISPERSED::SHOCK_AND_RECOVERY::THETA_1000::EXTERNALITY_CF_BETA_050::Q0::equal_kw_reduction,3,10,True,RECOVERABLE_ALLOCATION_EXTERNALITY,0.0185919585529,0.0341955953449,18.5919585529,34.1955953449
MR_K05_DISPERSED::SHOCK_AND_RECOVERY::THETA_1000::EXTERNALITY_CF_BETA_050::Q0::equal_kw_reduction,4,10,True,RECOVERABLE_ALLOCATION_EXTERNALITY,0.0208484480159,0.037368155676,20.8484480159,37.368155676
MR_K05_DISPERSED::SHOCK_AND_RECOVERY::THETA_1000::EXTERNALITY_CF_BETA_050::Q0::equal_kw_reduction,5,10,True,RECOVERABLE_ALLOCATION_EXTERNALITY,0.024498032246,0.0431720646769,24.498032246,43.1720646769
MR_K05_DISPERSED::SHOCK_AND_RECOVERY::THETA_1000::EXTERNALITY_CF_BETA_050::Q0::equal_kw_reduction,6,10,True,RECOVERABLE_ALLOCATION_EXTERNALITY,0.0166832876459,0.0318064906175,16.6832876459,31.8064906175
MR_K05_DISPERSED::SHOCK_AND_RECOVERY::THETA_1000::EXTERNALITY_CF_BETA_050::Q0::equal_kw_reduction,7,10,True,RECOVERABLE_ALLOCATION_EXTERNALITY,0.0249097654075,0.043920759719,24.9097654075,43.920759719
MR_K05_DISPERSED::SHOCK_AND_RECOVERY::THETA_1000::EXTERNALITY_CF_BETA_050::Q0::equal_kw_reduction,8,10,True,RECOVERABLE_ALLOCATION_EXTERNALITY,0.0257217764911,0.0428853701214,25.7217764911,42.8853701214
MR_K05_DISPERSED::SHOCK_AND_RECOVERY::THETA_1000::EXTERNALITY_CF_BETA_050::Q0::equal_kw_reduction,9,10,True,RECOVERABLE_ALLOCATION_EXTERNALITY,0.0292003208915,0.0485022919933,29.2003208915,48.5022919933
MR_K05_DISPERSED::SHOCK_AND_RECOVERY::THETA_1000::EXTERNALITY_CF_BETA_050::Q0::equal_kw_reduction,10,10,True,RECOVERABLE_ALLOCATION_EXTERNALITY,0.0259892837641,0.0423410478821,25.9892837641,42.3410478821
MR_K05_DISPERSED::SHOCK_AND_RECOVERY::THETA_1000::EXTERNALITY_CF_BETA_050::Q0::equal_kw_reduction,11,10,True,RECOVERABLE_ALLOCATION_EXTERNALITY,0.0262182975203,0.0431869368829,26.2182975203,43.1869368829
MR_K05_DISPERSED::SHOCK_AND_RECOVERY::THETA_1000::EXTERNALITY_CF_BETA_050::Q0::equal_kw_reduction,12,10,True,RECOVERABLE_ALLOCATION_EXTERNALITY,0.0227143156365,0.0382171776124,22.7143156365,38.2171776124
MR_K05_DISPERSED::SHOCK_AND_RECOVERY::THETA_1000::EXTERNALITY_CF_BETA_050::Q0::equal_kw_reduction,13,10,True,RECOVERABLE_ALLOCATION_EXTERNALITY,0.017865576757,0.0329671963714,17.865576757,32.9671963714
MR_K05_DISPERSED::SHOCK_AND_RECOVERY::THETA_1000::EXTERNALITY_CF_BETA_050::Q0::equal_kw_reduction,14,10,True,RECOVERABLE_ALLOCATION_EXTERNALITY,0.0244103722164,0.0435447935189,24.4103722164,43.5447935189
MR_K05_DISPERSED::SHOCK_AND_RECOVERY::THETA_1000::EXTERNALITY_CF_BETA_050::Q0::equal_kw_reduction,15,10,True,RECOVERABLE_ALLOCATION_EXTERNALITY,0.018981645693,0.0371498594399,18.981645693,37.1498594399
MR_K05_DISPERSED::SHOCK_AND_RECOVERY::THETA_1000::EXTERNALITY_CF_BETA_050::Q0::equal_kw_reduction,16,10,True,RECOVERABLE_ALLOCATION_EXTERNALITY,0.0254121963641,0.0444081332179,25.4121963641,44.4081332179
MR_K05_DISPERSED::SHOCK_AND_RECOVERY::THETA_1000::EXTERNALITY_CF_BETA_050::Q0::flat_level,1,10,True,RECOVERABLE_ALLOCATION_EXTERNALITY,0.148123068313,0.148123068313,148.123068313,148.123068313
MR_K05_DISPERSED::SHOCK_AND_RECOVERY::THETA_1000::EXTERNALITY_CF_BETA_050::Q0::flat_level,2,10,True,RECOVERABLE_ALLOCATION_EXTERNALITY,0.0868697073828,0.0868697073828,86.8697073828,86.8697073828
MR_K05_DISPERSED::SHOCK_AND_RECOVERY::THETA_1000::EXTERNALITY_CF_BETA_050::Q0::flat_level,3,10,True,RECOVERABLE_ALLOCATION_EXTERNALITY,0.11072873872,0.11072873872,110.72873872,110.72873872
MR_K05_DISPERSED::SHOCK_AND_RECOVERY::THETA_1000::EXTERNALITY_CF_BETA_050::Q0::flat_level,4,10,True,RECOVERABLE_ALLOCATION_EXTERNALITY,0.098324426211,0.098324426211,98.324426211,98.324426211
MR_K05_DISPERSED::SHOCK_AND_RECOVERY::THETA_1000::EXTERNALITY_CF_BETA_050::Q0::flat_level,5,10,True,RECOVERABLE_ALLOCATION_EXTERNALITY,0.149283270825,0.149283270825,149.283270825,149.283270825
MR_K05_DISPERSED::SHOCK_AND_RECOVERY::THETA_1000::EXTERNALITY_CF_BETA_050::Q0::flat_level,6,10,True,RECOVERABLE_ALLOCATION_EXTERNALITY,0.114073166784,0.114073166784,114.073166784,114.073166784
MR_K05_DISPERSED::SHOCK_AND_RECOVERY::THETA_1000::EXTERNALITY_CF_BETA_050::Q0::flat_level,7,10,True,RECOVERABLE_ALLOCATION_EXTERNALITY,0.111624880381,0.111624880381,111.624880381,111.624880381
MR_K05_DISPERSED::SHOCK_AND_RECOVERY::THETA_1000::EXTERNALITY_CF_BETA_050::Q0::flat_level,8,10,True,RECOVERABLE_ALLOCATION_EXTERNALITY,0.0889409099892,0.0889409099892,88.9409099892,88.9409099892
MR_K05_DISPERSED::SHOCK_AND_RECOVERY::THETA_1000::EXTERNALITY_CF_BETA_050::Q0::flat_level,9,10,True,RECOVERABLE_ALLOCATION_EXTERNALITY,0.0267436456005,0.0267436456005,26.7436456005,26.7436456005
MR_K05_DISPERSED::SHOCK_AND_RECOVERY::THETA_1000::EXTERNALITY_CF_BETA_050::Q0::flat_level,10,10,True,RECOVERABLE_ALLOCATION_EXTERNALITY,0.107823757171,0.107823757171,107.823757171,107.823757171
MR_K05_DISPERSED::SHOCK_AND_RECOVERY::THETA_1000::EXTERNALITY_CF_BETA_050::Q0::flat_level,11,10,True,RECOVERABLE_ALLOCATION_EXTERNALITY,0.0633944407304,0.0633944407304,63.3944407304,63.3944407304
MR_K05_DISPERSED::SHOCK_AND_RECOVERY::THETA_1000::EXTERNALITY_CF_BETA_050::Q0::flat_level,12,10,True,RECOVERABLE_ALLOCATION_EXTERNALITY,0.0934603654831,0.0934603654831,93.4603654831,93.4603654831
MR_K05_DISPERSED::SHOCK_AND_RECOVERY::THETA_1000::EXTERNALITY_CF_BETA_050::Q0::flat_level,13,10,True,RECOVERABLE_ALLOCATION_EXTERNALITY,0.0864586913467,0.0864586913467,86.4586913467,86.4586913467
MR_K05_DISPERSED::SHOCK_AND_RECOVERY::THETA_1000::EXTERNALITY_CF_BETA_050::Q0::flat_level,14,10,True,RECOVERABLE_ALLOCATION_EXTERNALITY,0.140517607119,0.140517607119,140.517607119,140.517607119
MR_K05_DISPERSED::SHOCK_AND_RECOVERY::THETA_1000::EXTERNALITY_CF_BETA_050::Q0::flat_level,15,10,True,RECOVERABLE_ALLOCATION_EXTERNALITY,0.118957095497,0.118957095497,118.957095497,118.957095497
MR_K05_DISPERSED::SHOCK_AND_RECOVERY::THETA_1000::EXTERNALITY_CF_BETA_050::Q0::flat_level,16,10,True,RECOVERABLE_ALLOCATION_EXTERNALITY,0.0897753982789,0.0897753982789,89.7753982789,89.7753982789
MR_K05_DISPERSED::SHOCK_AND_RECOVERY::THETA_1000::EXTERNALITY_CF_BETA_050::Q0::max_export_lp,1,10,True,RECOVERABLE_ALLOCATION_EXTERNALITY,0.0450790279359,0.0450790279359,45.0790279359,45.0790279359
MR_K05_DISPERSED::SHOCK_AND_RECOVERY::THETA_1000::EXTERNALITY_CF_BETA_050::Q0::max_export_lp,2,10,True,RECOVERABLE_ALLOCATION_EXTERNALITY,0.0536961456142,0.0536961456143,53.6961456142,53.6961456143
MR_K05_DISPERSED::SHOCK_AND_RECOVERY::THETA_1000::EXTERNALITY_CF_BETA_050::Q0::max_export_lp,3,10,True,RECOVERABLE_ALLOCATION_EXTERNALITY,0.040126882077,0.0401268820772,40.126882077,40.1268820772
MR_K05_DISPERSED::SHOCK_AND_RECOVERY::THETA_1000::EXTERNALITY_CF_BETA_050::Q0::max_export_lp,4,10,True,RECOVERABLE_ALLOCATION_EXTERNALITY,0.0247779837875,0.024777983792,24.7779837875,24.777983792
MR_K05_DISPERSED::SHOCK_AND_RECOVERY::THETA_1000::EXTERNALITY_CF_BETA_050::Q0::max_export_lp,5,10,True,RECOVERABLE_ALLOCATION_EXTERNALITY,0.0383491997638,0.0383491997638,38.3491997638,38.3491997638
MR_K05_DISPERSED::SHOCK_AND_RECOVERY::THETA_1000::EXTERNALITY_CF_BETA_050::Q0::max_export_lp,6,10,True,RECOVERABLE_ALLOCATION_EXTERNALITY,0.0238237334607,0.0238237334607,23.8237334607,23.8237334607
MR_K05_DISPERSED::SHOCK_AND_RECOVERY::THETA_1000::EXTERNALITY_CF_BETA_050::Q0::max_export_lp,7,10,True,RECOVERABLE_ALLOCATION_EXTERNALITY,0.0395035600262,0.0395035600263,39.5035600262,39.5035600263
MR_K05_DISPERSED::SHOCK_AND_RECOVERY::THETA_1000::EXTERNALITY_CF_BETA_050::Q0::max_export_lp,8,10,True,RECOVERABLE_ALLOCATION_EXTERNALITY,0.0295446132676,0.0295446132676,29.5446132676,29.5446132676
MR_K05_DISPERSED::SHOCK_AND_RECOVERY::THETA_1000::EXTERNALITY_CF_BETA_050::Q0::max_export_lp,9,10,True,RECOVERABLE_ALLOCATION_EXTERNALITY,0.0552822128076,0.0552822128077,55.2822128076,55.2822128077
MR_K05_DISPERSED::SHOCK_AND_RECOVERY::THETA_1000::EXTERNALITY_CF_BETA_050::Q0::max_export_lp,10,10,True,RECOVERABLE_ALLOCATION_EXTERNALITY,0.0379534014276,0.0379534014287,37.9534014276,37.9534014287
MR_K05_DISPERSED::SHOCK_AND_RECOVERY::THETA_1000::EXTERNALITY_CF_BETA_050::Q0::max_export_lp,11,10,True,RECOVERABLE_ALLOCATION_EXTERNALITY,0.0383170766193,0.0383170766193,38.3170766193,38.3170766193
MR_K05_DISPERSED::SHOCK_AND_RECOVERY::THETA_1000::EXTERNALITY_CF_BETA_050::Q0::max_export_lp,12,10,True,RECOVERABLE_ALLOCATION_EXTERNALITY,0.0365613261735,0.0365613261735,36.5613261735,36.5613261735
MR_K05_DISPERSED::SHOCK_AND_RECOVERY::THETA_1000::EXTERNALITY_CF_BETA_050::Q0::max_export_lp,13,10,True,RECOVERABLE_ALLOCATION_EXTERNALITY,0.0228186370421,0.0228186370421,22.8186370421,22.8186370421
MR_K05_DISPERSED::SHOCK_AND_RECOVERY::THETA_1000::EXTERNALITY_CF_BETA_050::Q0::max_export_lp,14,10,True,RECOVERABLE_ALLOCATION_EXTERNALITY,0.0228839965145,0.0228839965146,22.8839965145,22.8839965146
MR_K05_DISPERSED::SHOCK_AND_RECOVERY::THETA_1000::EXTERNALITY_CF_BETA_050::Q0::max_export_lp,15,10,True,RECOVERABLE_ALLOCATION_EXTERNALITY,0.0243492144621,0.0243492144629,24.3492144621,24.3492144629
MR_K05_DISPERSED::SHOCK_AND_RECOVERY::THETA_1000::EXTERNALITY_CF_BETA_050::Q0::max_export_lp,16,10,True,RECOVERABLE_ALLOCATION_EXTERNALITY,0.0453352869291,0.0453352869333,45.3352869291,45.3352869333
MR_K05_DISPERSED::SHOCK_AND_RECOVERY::THETA_1000::EXTERNALITY_CF_BETA_050::Q0::fairness_qp,1,10,True,RECOVERABLE_ALLOCATION_EXTERNALITY,0.0254799330713,0.0468598499554,25.4799330713,46.8598499554
MR_K05_DISPERSED::SHOCK_AND_RECOVERY::THETA_1000::EXTERNALITY_CF_BETA_050::Q0::fairness_qp,2,10,True,RECOVERABLE_ALLOCATION_EXTERNALITY,0.022667982493,0.043511872005,22.667982493,43.511872005
MR_K05_DISPERSED::SHOCK_AND_RECOVERY::THETA_1000::EXTERNALITY_CF_BETA_050::Q0::fairness_qp,3,10,True,RECOVERABLE_ALLOCATION_EXTERNALITY,0.0173345512415,0.033467187769,17.3345512415,33.467187769
MR_K05_DISPERSED::SHOCK_AND_RECOVERY::THETA_1000::EXTERNALITY_CF_BETA_050::Q0::fairness_qp,4,10,True,RECOVERABLE_ALLOCATION_EXTERNALITY,0.0192118095163,0.0355641068692,19.2118095163,35.5641068692
MR_K05_DISPERSED::SHOCK_AND_RECOVERY::THETA_1000::EXTERNALITY_CF_BETA_050::Q0::fairness_qp,5,10,True,RECOVERABLE_ALLOCATION_EXTERNALITY,0.0283716611618,0.0455375984342,28.3716611618,45.5375984342
MR_K05_DISPERSED::SHOCK_AND_RECOVERY::THETA_1000::EXTERNALITY_CF_BETA_050::Q0::fairness_qp,6,10,True,RECOVERABLE_ALLOCATION_EXTERNALITY,0.0288374199038,0.0387054944187,28.8374199038,38.7054944187
MR_K05_DISPERSED::SHOCK_AND_RECOVERY::THETA_1000::EXTERNALITY_CF_BETA_050::Q0::fairness_qp,7,10,True,RECOVERABLE_ALLOCATION_EXTERNALITY,0.0343162491159,0.0459539924749,34.3162491159,45.9539924749
MR_K05_DISPERSED::SHOCK_AND_RECOVERY::THETA_1000::EXTERNALITY_CF_BETA_050::Q0::fairness_qp,8,10,True,RECOVERABLE_ALLOCATION_EXTERNALITY,0.0370456025009,0.0481537843208,37.0456025009,48.1537843208
MR_K05_DISPERSED::SHOCK_AND_RECOVERY::THETA_1000::EXTERNALITY_CF_BETA_050::Q0::fairness_qp,9,10,True,RECOVERABLE_ALLOCATION_EXTERNALITY,0.0525563517632,0.0612759551064,52.5563517632,61.2759551064
MR_K05_DISPERSED::SHOCK_AND_RECOVERY::THETA_1000::EXTERNALITY_CF_BETA_050::Q0::fairness_qp,10,10,True,RECOVERABLE_ALLOCATION_EXTERNALITY,0.0393733452509,0.0499369849945,39.3733452509,49.9369849945
MR_K05_DISPERSED::SHOCK_AND_RECOVERY::THETA_1000::EXTERNALITY_CF_BETA_050::Q0::fairness_qp,11,10,True,RECOVERABLE_ALLOCATION_EXTERNALITY,0.0419328869903,0.0497479877794,41.9328869903,49.7479877794
MR_K05_DISPERSED::SHOCK_AND_RECOVERY::THETA_1000::EXTERNALITY_CF_BETA_050::Q0::fairness_qp,12,10,True,RECOVERABLE_ALLOCATION_EXTERNALITY,0.0242558286951,0.0376083185287,24.2558286951,37.6083185287
MR_K05_DISPERSED::SHOCK_AND_RECOVERY::THETA_1000::EXTERNALITY_CF_BETA_050::Q0::fairness_qp,13,10,True,RECOVERABLE_ALLOCATION_EXTERNALITY,0.0322363159134,0.040708780281,32.2363159134,40.708780281
MR_K05_DISPERSED::SHOCK_AND_RECOVERY::THETA_1000::EXTERNALITY_CF_BETA_050::Q0::fairness_qp,14,10,True,RECOVERABLE_ALLOCATION_EXTERNALITY,0.0238076584935,0.0436144131677,23.8076584935,43.6144131677
MR_K05_DISPERSED::SHOCK_AND_RECOVERY::THETA_1000::EXTERNALITY_CF_BETA_050::Q0::fairness_qp,15,10,True,RECOVERABLE_ALLOCATION_EXTERNALITY,0.0215996453176,0.0386367523577,21.5996453176,38.6367523577
MR_K05_DISPERSED::SHOCK_AND_RECOVERY::THETA_1000::EXTERNALITY_CF_BETA_050::Q0::fairness_qp,16,10,True,RECOVERABLE_ALLOCATION_EXTERNALITY,0.0238930731898,0.0402082321152,23.8930731898,40.2082321152
MR_K05_DISPERSED::SHOCK_AND_RECOVERY::THETA_1000::EXTERNALITY_CF_BETA_050::Q95::weighted_proportional,1,10,True,RECOVERABLE_ALLOCATION_EXTERNALITY,0.0511345806667,0.0830519706199,51.1345806667,83.0519706199
MR_K05_DISPERSED::SHOCK_AND_RECOVERY::THETA_1000::EXTERNALITY_CF_BETA_050::Q95::weighted_proportional,2,10,True,RECOVERABLE_ALLOCATION_EXTERNALITY,0.0356115207315,0.0709296437087,35.6115207315,70.9296437087
MR_K05_DISPERSED::SHOCK_AND_RECOVERY::THETA_1000::EXTERNALITY_CF_BETA_050::Q95::weighted_proportional,3,10,True,RECOVERABLE_ALLOCATION_EXTERNALITY,0.0334305264381,0.0500182472114,33.4305264381,50.0182472114
MR_K05_DISPERSED::SHOCK_AND_RECOVERY::THETA_1000::EXTERNALITY_CF_BETA_050::Q95::weighted_proportional,4,10,True,RECOVERABLE_ALLOCATION_EXTERNALITY,0.0330463217366,0.0588401151589,33.0463217366,58.8401151589
MR_K05_DISPERSED::SHOCK_AND_RECOVERY::THETA_1000::EXTERNALITY_CF_BETA_050::Q95::weighted_proportional,5,10,True,RECOVERABLE_ALLOCATION_EXTERNALITY,0.0430587674284,0.0688242048428,43.0587674284,68.8242048428
MR_K05_DISPERSED::SHOCK_AND_RECOVERY::THETA_1000::EXTERNALITY_CF_BETA_050::Q95::weighted_proportional,6,10,True,RECOVERABLE_ALLOCATION_EXTERNALITY,0.0442950687974,0.0653547365338,44.2950687974,65.3547365338
MR_K05_DISPERSED::SHOCK_AND_RECOVERY::THETA_1000::EXTERNALITY_CF_BETA_050::Q95::weighted_proportional,7,10,True,RECOVERABLE_ALLOCATION_EXTERNALITY,0.0346693622223,0.0644420879415,34.6693622223,64.4420879415
MR_K05_DISPERSED::SHOCK_AND_RECOVERY::THETA_1000::EXTERNALITY_CF_BETA_050::Q95::weighted_proportional,8,10,True,RECOVERABLE_ALLOCATION_EXTERNALITY,0.0407411177482,0.0671998901199,40.7411177482,67.1998901199
MR_K05_DISPERSED::SHOCK_AND_RECOVERY::THETA_1000::EXTERNALITY_CF_BETA_050::Q95::weighted_proportional,9,10,True,RECOVERABLE_ALLOCATION_EXTERNALITY,0.00171451414578,0.0486039347608,1.71451414578,48.6039347608
MR_K05_DISPERSED::SHOCK_AND_RECOVERY::THETA_1000::EXTERNALITY_CF_BETA_050::Q95::weighted_proportional,10,10,True,RECOVERABLE_ALLOCATION_EXTERNALITY,0.0311137854686,0.0614348888686,31.1137854686,61.4348888686
MR_K05_DISPERSED::SHOCK_AND_RECOVERY::THETA_1000::EXTERNALITY_CF_BETA_050::Q95::weighted_proportional,11,10,True,RECOVERABLE_ALLOCATION_EXTERNALITY,0.017168598726,0.0521503931782,17.168598726,52.1503931782
MR_K05_DISPERSED::SHOCK_AND_RECOVERY::THETA_1000::EXTERNALITY_CF_BETA_050::Q95::weighted_proportional,12,10,True,RECOVERABLE_ALLOCATION_EXTERNALITY,0.0431365752438,0.0631373770046,43.1365752438,63.1373770046
MR_K05_DISPERSED::SHOCK_AND_RECOVERY::THETA_1000::EXTERNALITY_CF_BETA_050::Q95::weighted_proportional,13,10,True,RECOVERABLE_ALLOCATION_EXTERNALITY,0.0267454138499,0.056613985002,26.7454138499,56.613985002
MR_K05_DISPERSED::SHOCK_AND_RECOVERY::THETA_1000::EXTERNALITY_CF_BETA_050::Q95::weighted_proportional,14,10,True,RECOVERABLE_ALLOCATION_EXTERNALITY,0.0555028193918,0.0742641434771,55.5028193918,74.2641434771
MR_K05_DISPERSED::SHOCK_AND_RECOVERY::THETA_1000::EXTERNALITY_CF_BETA_050::Q95::weighted_proportional,15,10,True,RECOVERABLE_ALLOCATION_EXTERNALITY,0.0515557256523,0.0684583640031,51.5557256523,68.4583640031
MR_K05_DISPERSED::SHOCK_AND_RECOVERY::THETA_1000::EXTERNALITY_CF_BETA_050::Q95::weighted_proportional,16,10,True,RECOVERABLE_ALLOCATION_EXTERNALITY,0.0415210151469,0.068230239513,41.5210151469,68.230239513
MR_K05_DISPERSED::SHOCK_AND_RECOVERY::THETA_1000::EXTERNALITY_CF_BETA_050::Q95::equal_kw_reduction,1,10,True,RECOVERABLE_ALLOCATION_EXTERNALITY,0.0308933631579,0.0544056296582,30.8933631579,54.4056296582
MR_K05_DISPERSED::SHOCK_AND_RECOVERY::THETA_1000::EXTERNALITY_CF_BETA_050::Q95::equal_kw_reduction,2,10,True,RECOVERABLE_ALLOCATION_EXTERNALITY,0.029654866441,0.0529543417857,29.654866441,52.9543417857
MR_K05_DISPERSED::SHOCK_AND_RECOVERY::THETA_1000::EXTERNALITY_CF_BETA_050::Q95::equal_kw_reduction,3,10,True,RECOVERABLE_ALLOCATION_EXTERNALITY,0.0185919585529,0.0341955953449,18.5919585529,34.1955953449
MR_K05_DISPERSED::SHOCK_AND_RECOVERY::THETA_1000::EXTERNALITY_CF_BETA_050::Q95::equal_kw_reduction,4,10,True,RECOVERABLE_ALLOCATION_EXTERNALITY,0.0208484480159,0.037368155676,20.8484480159,37.368155676
MR_K05_DISPERSED::SHOCK_AND_RECOVERY::THETA_1000::EXTERNALITY_CF_BETA_050::Q95::equal_kw_reduction,5,10,True,RECOVERABLE_ALLOCATION_EXTERNALITY,0.024498032246,0.0431720646769,24.498032246,43.1720646769
MR_K05_DISPERSED::SHOCK_AND_RECOVERY::THETA_1000::EXTERNALITY_CF_BETA_050::Q95::equal_kw_reduction,6,10,True,RECOVERABLE_ALLOCATION_EXTERNALITY,0.0166832876459,0.0318064906175,16.6832876459,31.8064906175
MR_K05_DISPERSED::SHOCK_AND_RECOVERY::THETA_1000::EXTERNALITY_CF_BETA_050::Q95::equal_kw_reduction,7,10,True,RECOVERABLE_ALLOCATION_EXTERNALITY,0.0249097654075,0.043920759719,24.9097654075,43.920759719
MR_K05_DISPERSED::SHOCK_AND_RECOVERY::THETA_1000::EXTERNALITY_CF_BETA_050::Q95::equal_kw_reduction,8,10,True,RECOVERABLE_ALLOCATION_EXTERNALITY,0.0257217764911,0.0428853701214,25.7217764911,42.8853701214
MR_K05_DISPERSED::SHOCK_AND_RECOVERY::THETA_1000::EXTERNALITY_CF_BETA_050::Q95::equal_kw_reduction,9,10,True,RECOVERABLE_ALLOCATION_EXTERNALITY,0.0292003208915,0.0485022919933,29.2003208915,48.5022919933
MR_K05_DISPERSED::SHOCK_AND_RECOVERY::THETA_1000::EXTERNALITY_CF_BETA_050::Q95::equal_kw_reduction,10,10,True,RECOVERABLE_ALLOCATION_EXTERNALITY,0.0259892837641,0.0423410478821,25.9892837641,42.3410478821
MR_K05_DISPERSED::SHOCK_AND_RECOVERY::THETA_1000::EXTERNALITY_CF_BETA_050::Q95::equal_kw_reduction,11,10,True,RECOVERABLE_ALLOCATION_EXTERNALITY,0.0262182975203,0.0431869368829,26.2182975203,43.1869368829
MR_K05_DISPERSED::SHOCK_AND_RECOVERY::THETA_1000::EXTERNALITY_CF_BETA_050::Q95::equal_kw_reduction,12,10,True,RECOVERABLE_ALLOCATION_EXTERNALITY,0.0227143156365,0.0382171776124,22.7143156365,38.2171776124
MR_K05_DISPERSED::SHOCK_AND_RECOVERY::THETA_1000::EXTERNALITY_CF_BETA_050::Q95::equal_kw_reduction,13,10,True,RECOVERABLE_ALLOCATION_EXTERNALITY,0.017865576757,0.0329671963714,17.865576757,32.9671963714
MR_K05_DISPERSED::SHOCK_AND_RECOVERY::THETA_1000::EXTERNALITY_CF_BETA_050::Q95::equal_kw_reduction,14,10,True,RECOVERABLE_ALLOCATION_EXTERNALITY,0.0244103722164,0.0435447935189,24.4103722164,43.5447935189
MR_K05_DISPERSED::SHOCK_AND_RECOVERY::THETA_1000::EXTERNALITY_CF_BETA_050::Q95::equal_kw_reduction,15,10,True,RECOVERABLE_ALLOCATION_EXTERNALITY,0.018981645693,0.0371498594399,18.981645693,37.1498594399
MR_K05_DISPERSED::SHOCK_AND_RECOVERY::THETA_1000::EXTERNALITY_CF_BETA_050::Q95::equal_kw_reduction,16,10,True,RECOVERABLE_ALLOCATION_EXTERNALITY,0.0254121963641,0.0444081332179,25.4121963641,44.4081332179
MR_K05_DISPERSED::SHOCK_AND_RECOVERY::THETA_1000::EXTERNALITY_CF_BETA_050::Q95::flat_level,1,10,True,RECOVERABLE_ALLOCATION_EXTERNALITY,0.148123068313,0.148123068313,148.123068313,148.123068313
MR_K05_DISPERSED::SHOCK_AND_RECOVERY::THETA_1000::EXTERNALITY_CF_BETA_050::Q95::flat_level,2,10,True,RECOVERABLE_ALLOCATION_EXTERNALITY,0.0868697073828,0.0868697073828,86.8697073828,86.8697073828
MR_K05_DISPERSED::SHOCK_AND_RECOVERY::THETA_1000::EXTERNALITY_CF_BETA_050::Q95::flat_level,3,10,True,RECOVERABLE_ALLOCATION_EXTERNALITY,0.11072873872,0.11072873872,110.72873872,110.72873872
MR_K05_DISPERSED::SHOCK_AND_RECOVERY::THETA_1000::EXTERNALITY_CF_BETA_050::Q95::flat_level,4,10,True,RECOVERABLE_ALLOCATION_EXTERNALITY,0.098324426211,0.098324426211,98.324426211,98.324426211
MR_K05_DISPERSED::SHOCK_AND_RECOVERY::THETA_1000::EXTERNALITY_CF_BETA_050::Q95::flat_level,5,10,True,RECOVERABLE_ALLOCATION_EXTERNALITY,0.149283270825,0.149283270825,149.283270825,149.283270825
MR_K05_DISPERSED::SHOCK_AND_RECOVERY::THETA_1000::EXTERNALITY_CF_BETA_050::Q95::flat_level,6,10,True,RECOVERABLE_ALLOCATION_EXTERNALITY,0.114073166784,0.114073166784,114.073166784,114.073166784
MR_K05_DISPERSED::SHOCK_AND_RECOVERY::THETA_1000::EXTERNALITY_CF_BETA_050::Q95::flat_level,7,10,True,RECOVERABLE_ALLOCATION_EXTERNALITY,0.111624880381,0.111624880381,111.624880381,111.624880381
MR_K05_DISPERSED::SHOCK_AND_RECOVERY::THETA_1000::EXTERNALITY_CF_BETA_050::Q95::flat_level,8,10,True,RECOVERABLE_ALLOCATION_EXTERNALITY,0.0889409099892,0.0889409099892,88.9409099892,88.9409099892
MR_K05_DISPERSED::SHOCK_AND_RECOVERY::THETA_1000::EXTERNALITY_CF_BETA_050::Q95::flat_level,9,10,True,RECOVERABLE_ALLOCATION_EXTERNALITY,0.0267436456005,0.0267436456005,26.7436456005,26.7436456005
MR_K05_DISPERSED::SHOCK_AND_RECOVERY::THETA_1000::EXTERNALITY_CF_BETA_050::Q95::flat_level,10,10,True,RECOVERABLE_ALLOCATION_EXTERNALITY,0.107823757171,0.107823757171,107.823757171,107.823757171
MR_K05_DISPERSED::SHOCK_AND_RECOVERY::THETA_1000::EXTERNALITY_CF_BETA_050::Q95::flat_level,11,10,True,RECOVERABLE_ALLOCATION_EXTERNALITY,0.0633944407304,0.0633944407304,63.3944407304,63.3944407304
MR_K05_DISPERSED::SHOCK_AND_RECOVERY::THETA_1000::EXTERNALITY_CF_BETA_050::Q95::flat_level,12,10,True,RECOVERABLE_ALLOCATION_EXTERNALITY,0.0934603654831,0.0934603654831,93.4603654831,93.4603654831
MR_K05_DISPERSED::SHOCK_AND_RECOVERY::THETA_1000::EXTERNALITY_CF_BETA_050::Q95::flat_level,13,10,True,RECOVERABLE_ALLOCATION_EXTERNALITY,0.0864586913467,0.0864586913467,86.4586913467,86.4586913467
MR_K05_DISPERSED::SHOCK_AND_RECOVERY::THETA_1000::EXTERNALITY_CF_BETA_050::Q95::flat_level,14,10,True,RECOVERABLE_ALLOCATION_EXTERNALITY,0.140517607119,0.140517607119,140.517607119,140.517607119
MR_K05_DISPERSED::SHOCK_AND_RECOVERY::THETA_1000::EXTERNALITY_CF_BETA_050::Q95::flat_level,15,10,True,RECOVERABLE_ALLOCATION_EXTERNALITY,0.118957095497,0.118957095497,118.957095497,118.957095497
MR_K05_DISPERSED::SHOCK_AND_RECOVERY::THETA_1000::EXTERNALITY_CF_BETA_050::Q95::flat_level,16,10,True,RECOVERABLE_ALLOCATION_EXTERNALITY,0.0897753982789,0.0897753982789,89.7753982789,89.7753982789
MR_K05_DISPERSED::SHOCK_AND_RECOVERY::THETA_1000::EXTERNALITY_CF_BETA_050::Q95::max_export_lp,1,10,True,RECOVERABLE_ALLOCATION_EXTERNALITY,0.0450790563002,0.0450790563002,45.0790563002,45.0790563002
MR_K05_DISPERSED::SHOCK_AND_RECOVERY::THETA_1000::EXTERNALITY_CF_BETA_050::Q95::max_export_lp,2,10,True,RECOVERABLE_ALLOCATION_EXTERNALITY,0.0536961054675,0.0536961054675,53.6961054675,53.6961054675
MR_K05_DISPERSED::SHOCK_AND_RECOVERY::THETA_1000::EXTERNALITY_CF_BETA_050::Q95::max_export_lp,3,10,True,RECOVERABLE_ALLOCATION_EXTERNALITY,0.0401268825709,0.0401268825711,40.1268825709,40.1268825711
MR_K05_DISPERSED::SHOCK_AND_RECOVERY::THETA_1000::EXTERNALITY_CF_BETA_050::Q95::max_export_lp,4,10,True,RECOVERABLE_ALLOCATION_EXTERNALITY,0.0247779750432,0.0247779750433,24.7779750432,24.7779750433
MR_K05_DISPERSED::SHOCK_AND_RECOVERY::THETA_1000::EXTERNALITY_CF_BETA_050::Q95::max_export_lp,5,10,True,RECOVERABLE_ALLOCATION_EXTERNALITY,0.0383492674855,0.0383492694264,38.3492674855,38.3492694264
MR_K05_DISPERSED::SHOCK_AND_RECOVERY::THETA_1000::EXTERNALITY_CF_BETA_050::Q95::max_export_lp,6,10,True,RECOVERABLE_ALLOCATION_EXTERNALITY,0.0238237536847,0.0238237536848,23.8237536847,23.8237536848
MR_K05_DISPERSED::SHOCK_AND_RECOVERY::THETA_1000::EXTERNALITY_CF_BETA_050::Q95::max_export_lp,7,10,True,RECOVERABLE_ALLOCATION_EXTERNALITY,0.0395035687951,0.0395035687952,39.5035687951,39.5035687952
MR_K05_DISPERSED::SHOCK_AND_RECOVERY::THETA_1000::EXTERNALITY_CF_BETA_050::Q95::max_export_lp,8,10,True,RECOVERABLE_ALLOCATION_EXTERNALITY,0.0295445920917,0.0295445920922,29.5445920917,29.5445920922
MR_K05_DISPERSED::SHOCK_AND_RECOVERY::THETA_1000::EXTERNALITY_CF_BETA_050::Q95::max_export_lp,9,10,True,RECOVERABLE_ALLOCATION_EXTERNALITY,0.0552821873741,0.0552821873741,55.2821873741,55.2821873741
MR_K05_DISPERSED::SHOCK_AND_RECOVERY::THETA_1000::EXTERNALITY_CF_BETA_050::Q95::max_export_lp,10,10,True,RECOVERABLE_ALLOCATION_EXTERNALITY,0.0379533450693,0.0379533450693,37.9533450693,37.9533450693
MR_K05_DISPERSED::SHOCK_AND_RECOVERY::THETA_1000::EXTERNALITY_CF_BETA_050::Q95::max_export_lp,11,10,True,RECOVERABLE_ALLOCATION_EXTERNALITY,0.0383171772849,0.038317177297,38.3171772849,38.317177297
MR_K05_DISPERSED::SHOCK_AND_RECOVERY::THETA_1000::EXTERNALITY_CF_BETA_050::Q95::max_export_lp,12,10,True,RECOVERABLE_ALLOCATION_EXTERNALITY,0.0365611665581,0.0365611665582,36.5611665581,36.5611665582
MR_K05_DISPERSED::SHOCK_AND_RECOVERY::THETA_1000::EXTERNALITY_CF_BETA_050::Q95::max_export_lp,13,10,True,RECOVERABLE_ALLOCATION_EXTERNALITY,0.022818465771,0.0228184657713,22.818465771,22.8184657713
MR_K05_DISPERSED::SHOCK_AND_RECOVERY::THETA_1000::EXTERNALITY_CF_BETA_050::Q95::max_export_lp,14,10,True,RECOVERABLE_ALLOCATION_EXTERNALITY,0.0228840395816,0.0228840395818,22.8840395816,22.8840395818
MR_K05_DISPERSED::SHOCK_AND_RECOVERY::THETA_1000::EXTERNALITY_CF_BETA_050::Q95::max_export_lp,15,10,True,RECOVERABLE_ALLOCATION_EXTERNALITY,0.0243492163381,0.0243492163385,24.3492163381,24.3492163385
MR_K05_DISPERSED::SHOCK_AND_RECOVERY::THETA_1000::EXTERNALITY_CF_BETA_050::Q95::max_export_lp,16,10,True,RECOVERABLE_ALLOCATION_EXTERNALITY,0.0453351169033,0.0453351169034,45.3351169033,45.3351169034
MR_K05_DISPERSED::SHOCK_AND_RECOVERY::THETA_1000::EXTERNALITY_CF_BETA_050::Q95::fairness_qp,1,10,True,RECOVERABLE_ALLOCATION_EXTERNALITY,0.0254799387681,0.0468598343321,25.4799387681,46.8598343321
MR_K05_DISPERSED::SHOCK_AND_RECOVERY::THETA_1000::EXTERNALITY_CF_BETA_050::Q95::fairness_qp,2,10,True,RECOVERABLE_ALLOCATION_EXTERNALITY,0.0226679676055,0.0435118614883,22.6679676055,43.5118614883
MR_K05_DISPERSED::SHOCK_AND_RECOVERY::THETA_1000::EXTERNALITY_CF_BETA_050::Q95::fairness_qp,3,10,True,RECOVERABLE_ALLOCATION_EXTERNALITY,0.0173345384408,0.0334671711215,17.3345384408,33.4671711215
MR_K05_DISPERSED::SHOCK_AND_RECOVERY::THETA_1000::EXTERNALITY_CF_BETA_050::Q95::fairness_qp,4,10,True,RECOVERABLE_ALLOCATION_EXTERNALITY,0.0192117982982,0.0355641069935,19.2117982982,35.5641069935
MR_K05_DISPERSED::SHOCK_AND_RECOVERY::THETA_1000::EXTERNALITY_CF_BETA_050::Q95::fairness_qp,5,10,True,RECOVERABLE_ALLOCATION_EXTERNALITY,0.0283716521242,0.0455375793138,28.3716521242,45.5375793138
MR_K05_DISPERSED::SHOCK_AND_RECOVERY::THETA_1000::EXTERNALITY_CF_BETA_050::Q95::fairness_qp,6,10,True,RECOVERABLE_ALLOCATION_EXTERNALITY,0.0288374143653,0.0387054912485,28.8374143653,38.7054912485
MR_K05_DISPERSED::SHOCK_AND_RECOVERY::THETA_1000::EXTERNALITY_CF_BETA_050::Q95::fairness_qp,7,10,True,RECOVERABLE_ALLOCATION_EXTERNALITY,0.0343162345285,0.0459539751651,34.3162345285,45.9539751651
MR_K05_DISPERSED::SHOCK_AND_RECOVERY::THETA_1000::EXTERNALITY_CF_BETA_050::Q95::fairness_qp,8,10,True,RECOVERABLE_ALLOCATION_EXTERNALITY,0.0370455979408,0.0481537786329,37.0455979408,48.1537786329
MR_K05_DISPERSED::SHOCK_AND_RECOVERY::THETA_1000::EXTERNALITY_CF_BETA_050::Q95::fairness_qp,9,10,True,RECOVERABLE_ALLOCATION_EXTERNALITY,0.0525563286913,0.0612759383707,52.5563286913,61.2759383707
MR_K05_DISPERSED::SHOCK_AND_RECOVERY::THETA_1000::EXTERNALITY_CF_BETA_050::Q95::fairness_qp,10,10,True,RECOVERABLE_ALLOCATION_EXTERNALITY,0.039373317531,0.049936950699,39.373317531,49.936950699
MR_K05_DISPERSED::SHOCK_AND_RECOVERY::THETA_1000::EXTERNALITY_CF_BETA_050::Q95::fairness_qp,11,10,True,RECOVERABLE_ALLOCATION_EXTERNALITY,0.0419328534702,0.0497479551163,41.9328534702,49.7479551163
MR_K05_DISPERSED::SHOCK_AND_RECOVERY::THETA_1000::EXTERNALITY_CF_BETA_050::Q95::fairness_qp,12,10,True,RECOVERABLE_ALLOCATION_EXTERNALITY,0.0242558172175,0.0376083258926,24.2558172175,37.6083258926
MR_K05_DISPERSED::SHOCK_AND_RECOVERY::THETA_1000::EXTERNALITY_CF_BETA_050::Q95::fairness_qp,13,10,True,RECOVERABLE_ALLOCATION_EXTERNALITY,0.0322363304515,0.0407087960056,32.2363304515,40.7087960056
MR_K05_DISPERSED::SHOCK_AND_RECOVERY::THETA_1000::EXTERNALITY_CF_BETA_050::Q95::fairness_qp,14,10,True,RECOVERABLE_ALLOCATION_EXTERNALITY,0.0238076666039,0.0436144211321,23.8076666039,43.6144211321
MR_K05_DISPERSED::SHOCK_AND_RECOVERY::THETA_1000::EXTERNALITY_CF_BETA_050::Q95::fairness_qp,15,10,True,RECOVERABLE_ALLOCATION_EXTERNALITY,0.0215996581666,0.0386367633978,21.5996581666,38.6367633978
MR_K05_DISPERSED::SHOCK_AND_RECOVERY::THETA_1000::EXTERNALITY_CF_BETA_050::Q95::fairness_qp,16,10,True,RECOVERABLE_ALLOCATION_EXTERNALITY,0.0238930719035,0.0402082415997,23.8930719035,40.2082415997
