Setting,Date,Control,Delivery (MWh),Authorization (MWh),Unused authorization (MWh),Source exchange (MWh),Qualifying intervals
PV050,2013-01-02,ECF,3.186590032267564,4.118115418687867,0.9315253864203035,-1.7144305666741237,6
PV050,2013-01-02,Equal-total control,3.1411006786868594,4.063858012411444,0.9227573337245841,-1.7595251367430353,0
PV050,2013-01-02,No feedback,3.1411278470181867,4.074405642960418,0.933277795942231,-1.7594979598374783,0
PV050,2013-01-02,Previous-day persistence,2.8104217053239364,3.465421699006453,0.6549999936825162,-2.0879007476618034,0
PV050,2013-01-03,ECF,3.6005768010231427,3.9843761899884953,0.3837993889653526,-0.9195439578114251,8
PV050,2013-01-03,Equal-total control,3.6088640704987176,4.030250583091458,0.4213865125927403,-0.9115169051633318,0
PV050,2013-01-03,No feedback,3.608867202427133,4.030254172181736,0.421386969754603,-0.9115138253440013,0
PV050,2013-01-03,Previous-day persistence,2.7545615578354052,2.9574803521288064,0.20291879429340162,-1.760398426528857,0
PV050,2013-01-04,ECF,3.8446739978983024,4.146976406067331,0.3023024081690292,-1.3069746826458295,4
PV050,2013-01-04,Equal-total control,3.8471237237053337,4.14960220293056,0.30247847922522636,-1.3045654616937794,0
PV050,2013-01-04,No feedback,3.847130829893117,4.1496090195471504,0.30247818965403406,-1.3045583988211515,0
PV050,2013-01-04,Previous-day persistence,3.2288461465074887,3.36403990228525,0.13519375577776158,-1.917374259643006,0
PV050,2013-01-05,ECF,3.9950126345666455,4.266085992329001,0.2710733577623549,-2.202523834582127,2
PV050,2013-01-05,Equal-total control,3.9952186644741436,4.266519756674517,0.27130109220037346,-2.2023184559814974,0
PV050,2013-01-05,No feedback,3.9952188639911257,4.26651998542932,0.27130112143819507,-2.202318258050248,0
PV050,2013-01-05,Previous-day persistence,3.4629718759318666,3.5159349255346957,0.0529630496028293,-2.730390148796165,0
PV050,2013-01-06,ECF,4.096046691216518,4.369249929608169,0.2732032383916506,-1.9398469132734641,6
PV050,2013-01-06,Equal-total control,4.092800711511516,4.373258907129623,0.28045819561810725,-1.9429940546823123,0
PV050,2013-01-06,No feedback,4.092788909650678,4.373246611724856,0.28045770207417786,-1.9430057010868285,0
PV050,2013-01-06,Previous-day persistence,3.511708426498358,3.5708061894900798,0.05909776299172169,-2.519488564611344,0
PV050,2013-01-07,ECF,3.675610535991284,4.162735457740737,0.4871249217494543,-1.8240664232727388,4
PV050,2013-01-07,Equal-total control,3.6848478278980843,4.199069931493987,0.5142221035959038,-1.8149907459755945,0
PV050,2013-01-07,No feedback,3.6848416810736735,4.199064043711267,0.5142223626375936,-1.8149968186822392,0
PV050,2013-01-07,Previous-day persistence,3.202580466182497,3.484651474751622,0.28207100856912526,-2.293862593473257,0
PV050,2013-01-08,ECF,3.2199479747479924,3.707844938484528,0.4878969637365353,-7.073182855241195,1
PV050,2013-01-08,Equal-total control,3.2199479747479924,3.707844938484528,0.4878969637365353,-7.073182855243614,0
PV050,2013-01-08,No feedback,3.2199479747479924,3.707844938484528,0.4878969637365353,-7.073182855241421,0
PV050,2013-01-08,Previous-day persistence,2.5902977715810405,2.8508941756279746,0.26059640404693396,-7.6994163221067975,0
PV050,2013-01-12,ECF,2.934951334000476,4.085045604192979,1.1500942701925037,-4.331750578311998,7
PV050,2013-01-12,Equal-total control,2.911646233756721,4.02962191209893,1.11797567834221,-4.354963287353694,0
PV050,2013-01-12,No feedback,2.9119585190352595,4.033121681051771,1.121163162016512,-4.354652267087272,0
PV050,2013-01-12,Previous-day persistence,2.5066384491781983,3.2451054818912057,0.738467032713007,-4.757735823474664,0
PV050,2013-01-13,ECF,2.1638544326750218,3.9951115191756346,1.8312570865006128,-3.196125885088267,9
PV050,2013-01-13,Equal-total control,2.0419295303836034,3.759463079658988,1.717533549275385,-3.3169945057161314,0
PV050,2013-01-13,No feedback,2.0419451498378374,3.79774407232332,1.7557989224854826,-3.316978818255333,0
PV050,2013-01-13,Previous-day persistence,1.493592849396566,2.5843418542449577,1.0907490048483917,-3.863452607326026,0
PV050,2013-01-14,ECF,3.2171926979474703,3.9385353935175536,0.7213426955700829,-1.374369690511333,10
PV050,2013-01-14,Equal-total control,3.257820189246046,4.075370231043925,0.8175500417978788,-1.334281379189125,0
PV050,2013-01-14,No feedback,3.258508128569514,4.076089043783405,0.817580915213891,-1.3336012358349623,0
PV050,2013-01-14,Previous-day persistence,2.140495819351254,2.4237092476195645,0.2832134282683103,-2.447542902464069,0
PV050,2013-01-15,ECF,3.7051259848629763,4.032709995236368,0.32758401037339147,-0.7930281302651718,8
PV050,2013-01-15,Equal-total control,3.6835187498195046,4.01301636033517,0.329497610515665,-0.8141077254946831,0
PV050,2013-01-15,No feedback,3.6835177101841223,4.013013913239317,0.3294962030551946,-0.8141087469948248,0
PV050,2013-01-15,Previous-day persistence,2.9517717329421123,3.061883584132285,0.11011185119017317,-1.540669405821575,0
PV050,2013-01-16,ECF,3.6642265360926833,4.064529198509552,0.40030266241686896,-1.4547151142277428,9
PV050,2013-01-16,Equal-total control,3.668974130029964,4.07464732597402,0.40567319594405515,-1.4500307327658952,0
PV050,2013-01-16,No feedback,3.6689828351363625,4.074734306959721,0.4057514718233593,-1.4500219343196061,0
PV050,2013-01-16,Previous-day persistence,2.958552300053249,3.1386972509944884,0.18014495094123933,-2.1550160388057567,0
PV050,2013-01-17,ECF,3.7516456302187944,4.1940930945929,0.4424474643741063,-2.164961790577233,5
PV050,2013-01-17,Equal-total control,3.7546872182933466,4.208349039056078,0.4536618207627319,-2.16197439051466,0
PV050,2013-01-17,No feedback,3.754693899651506,4.208356268601594,0.453662368950088,-2.1619677994574453,0
PV050,2013-01-17,Previous-day persistence,3.2547483303388285,3.475510695702602,0.22076236536377333,-2.658266760794481,0
PV050,2013-01-18,ECF,3.447009563624587,4.134127170679309,0.687117607054722,-6.0887819980886615,3
PV050,2013-01-18,Equal-total control,3.444243096473733,4.128522016044629,0.6842789195708954,-6.091546562748497,0
PV050,2013-01-18,No feedback,3.444250717853171,4.132326340124471,0.6880756222712996,-6.091538855436335,0
PV050,2013-01-18,Previous-day persistence,3.025667722927686,3.445348786010931,0.4196810630832452,-6.508370513811806,0
PV050,2013-01-19,ECF,2.6071585877519765,4.056659647781787,1.449501060029811,-2.4827601039857523,8
PV050,2013-01-19,Equal-total control,2.4933231170770984,3.8744070182874313,1.3810839012103329,-2.595339520927426,0
PV050,2013-01-19,No feedback,2.493676113348479,3.928463984771524,1.4347878714230458,-2.5949858381612443,0
PV050,2013-01-19,Previous-day persistence,2.1264475057713996,2.9953650194832786,0.8689175137118792,-2.960334142557067,0
PV050,2013-01-20,ECF,1.6171522142211368,3.714137931585954,2.0969857173648174,-3.3283725697580144,8
PV050,2013-01-20,Equal-total control,1.6040193876967823,3.7234577946454013,2.119438406948619,-3.3414439020250466,0
PV050,2013-01-20,No feedback,1.6051119656649828,3.7346922602125554,2.129580294547573,-3.3403539091788392,0
PV050,2013-01-20,Previous-day persistence,1.2288508256099635,2.3304020074182583,1.1015511818082953,-3.715410170549695,0
PV050,2013-01-21,ECF,3.476862674749748,3.9274918957205416,0.4506292209707933,-1.384103143816418,5
PV050,2013-01-21,Equal-total control,3.4644353884093047,3.94959456127272,0.4851591728634153,-1.396166584082868,0
PV050,2013-01-21,No feedback,3.4644336461542755,3.9495928527318216,0.4851592065775456,-1.3961683107164862,0
PV050,2013-01-21,Previous-day persistence,1.9189355784227042,1.9540707955408532,0.035135217118149,-2.931934869312993,0
PV050,2013-01-22,ECF,2.7479937898464075,3.6757424548413837,0.927748664994976,-2.942349003355242,8
PV050,2013-01-22,Equal-total control,2.7180190377494937,3.5279359836527053,0.8099169459032116,-2.9720975097439104,0
PV050,2013-01-22,No feedback,2.7180166367754235,3.528431103390805,0.8104144666153816,-2.9720999036240174,0
PV050,2013-01-22,Previous-day persistence,2.25160084213536,2.864153052318126,0.6125522101827654,-3.4361554570244555,0
PV050,2013-01-23,ECF,2.6533391907123804,4.0309947973413305,1.37765560662895,-2.1742779605313647,7
PV050,2013-01-23,Equal-total control,2.6146185035855822,4.081077718880286,1.4664592152947038,-2.2125942246946466,0
PV050,2013-01-23,No feedback,2.6177385867257614,4.09454485744805,1.476806270722288,-2.2094884568781628,0
PV050,2013-01-23,Previous-day persistence,2.1296073813202225,3.074101010806503,0.9444936294862802,-2.6957027091561176,0
PV050,2013-01-24,ECF,3.6104857473789345,4.202162111355888,0.5916763639769523,-1.406945276612594,6
PV050,2013-01-24,Equal-total control,3.6148364097071726,4.243975002130341,0.6291385924231694,-1.402748139380139,0
PV050,2013-01-24,No feedback,3.614839339723326,4.243979334888881,0.6291399951655543,-1.4027452334443384,0
PV050,2013-01-24,Previous-day persistence,2.7754044547879024,3.0343978151042794,0.25899336031637715,-2.236992085159993,0
PV050,2013-01-25,ECF,3.545961278379153,3.8836829757405376,0.3377216973613848,-2.481103304526789,4
PV050,2013-01-25,Equal-total control,3.5560505092402135,3.901399849777513,0.34534934053729965,-2.4711554356214664,0
PV050,2013-01-25,No feedback,3.5560462507884436,3.9013955018939246,0.345349251105481,-2.4711596495567694,0
PV050,2013-01-25,Previous-day persistence,2.7184113732970543,2.847456128936167,0.12904475563911222,-3.303081375850842,0
PV050,2013-04-02,ECF,3.062249125468595,3.6238392803208415,0.5615901548522464,-1.6890672396558293,3
PV050,2013-04-02,Equal-total control,3.0535278124807723,3.6010746413124464,0.5475468288316738,-1.6978249334535462,0
PV050,2013-04-02,No feedback,3.053544088363866,3.601090565967337,0.5475464776034706,-1.6978088213713123,0
PV050,2013-04-02,Previous-day persistence,2.5004691265850503,2.578244722598865,0.07777559601381467,-2.247523716935298,0
PV050,2013-04-03,ECF,1.2088303195309842,3.8592633876454867,2.650433068114503,-3.9590912372203624,8
PV050,2013-04-03,Equal-total control,1.1857237456466558,3.698124871510112,2.512401125863456,-3.9819894912170084,0
PV050,2013-04-03,No feedback,1.1857660007745296,3.732332445318459,2.546566444543929,-3.9819471170718126,0
PV050,2013-04-03,Previous-day persistence,1.0996104206273793,2.8341030644476275,1.7344926438202477,-4.0675623184198155,0
PV050,2013-04-04,ECF,2.0992295423229907,3.806057422099423,1.7068278797764322,-3.107346246423499,6
PV050,2013-04-04,Equal-total control,2.1027840992106652,3.817396117907631,1.7146120186969656,-3.1038447934002393,0
PV050,2013-04-04,No feedback,2.1027836073571837,3.81752973556963,1.7147461282124459,-3.1038452795708134,0
PV050,2013-04-04,Previous-day persistence,1.0480736012294076,1.2489737907064207,0.20090018947701296,-4.153714242772032,0
PV050,2013-04-09,ECF,2.626678276195964,3.9797866847429937,1.3531084085470297,-2.420822655457582,9
PV050,2013-04-09,Equal-total control,2.434321160828318,3.661735521726361,1.2274143608980435,-2.6109791666257998,0
PV050,2013-04-09,No feedback,2.4343150863776657,3.663031368653672,1.2287162822760067,-2.6109851606884646,0
PV050,2013-04-09,Previous-day persistence,2.0653268899450015,2.6969371680311163,0.6316102780861148,-2.9774514744828693,0
PV050,2013-04-10,ECF,3.4974047444388767,4.096001077191381,0.5985963327525035,-1.4469872644975388,6
PV050,2013-04-10,Equal-total control,3.4942136495804474,4.093175855420366,0.5989622058399184,-1.4501228613407149,0
PV050,2013-04-10,No feedback,3.4942069925058483,4.093168644549049,0.5989616520432012,-1.4501294074942495,0
PV050,2013-04-10,Previous-day persistence,2.786723337529147,2.891052449855673,0.10432911232652531,-2.1535669964219215,0
PV050,2013-04-14,ECF,3.124642982860884,3.7112721606295977,0.5866291777687143,-1.8656424518220134,4
PV050,2013-04-14,Equal-total control,3.1260646065731583,3.7132392584116793,0.5871746518385208,-1.864249824604139,0
PV050,2013-04-14,No feedback,3.1260655301517373,3.71324045245194,0.587174922300203,-1.8642489214012137,0
PV050,2013-04-14,Previous-day persistence,2.5794453957982997,2.6340535179691122,0.0546081221708126,-2.4062917652458258,0
PV050,2013-04-15,ECF,2.853216444191389,3.802564859951957,0.9493484157605679,-2.140872382259475,5
PV050,2013-04-15,Equal-total control,2.8579864141647784,3.8271860981699506,0.9691996840051721,-2.1363055920170724,0
PV050,2013-04-15,No feedback,2.8579943717741325,3.8271946064360503,0.969200234661918,-2.1362977191043617,0
PV050,2013-04-15,Previous-day persistence,2.436775009702647,2.817856048767711,0.3810810390650643,-2.554182712840557,0
PV050,2013-04-22,ECF,2.608050901336962,3.7334727628181064,1.1254218614811444,-2.8860189342109743,7
PV050,2013-04-22,Equal-total control,2.6201844237616183,3.7450385378680995,1.1248541141064816,-2.8737961351595476,0
PV050,2013-04-22,No feedback,2.6452387751254927,3.7842989241149345,1.1390601489894419,-2.849046637124216,0
PV050,2013-04-22,Previous-day persistence,2.1665683044219124,2.616867936382606,0.4502996319606935,-3.3243996142980716,0
PV050,2013-04-28,ECF,2.9436420680759228,3.6376053470762164,0.6939632790002932,-2.328275728625863,2
PV050,2013-04-28,Equal-total control,2.9431542080450375,3.6373095196725114,0.6941553116274732,-2.3287593010153134,0
PV050,2013-04-28,No feedback,2.943153998353933,3.6373093590993237,0.6941553607453907,-2.3287595079002,0
PV050,2013-04-28,Previous-day persistence,2.513299723846529,2.552746258572803,0.0394465347262742,-2.754888776780839,0
PV050,2013-04-29,ECF,2.988534078750206,3.6805422177066136,0.6920081389564081,-2.069915798849779,2
PV050,2013-04-29,Equal-total control,2.9884643796100168,3.6806844754014705,0.6922200957914538,-2.069983106563081,0
PV050,2013-04-29,No feedback,2.988468986251144,3.680689319944994,0.6922203336938502,-2.0699785444084857,0
PV050,2013-04-29,Previous-day persistence,2.509567362891718,2.5563783984105104,0.04681103551879244,-2.5445424492638704,0
PV050,2013-04-30,ECF,2.353623364651975,3.629447685404232,1.275824320752258,-2.7278217517615064,5
PV050,2013-04-30,Equal-total control,2.327715962415258,3.637144114658216,1.3094281522429576,-2.753479812904869,0
PV050,2013-04-30,No feedback,2.3335528344886964,3.6754435643009438,1.3418907298122478,-2.7476935162256675,0
PV050,2013-04-30,Previous-day persistence,1.9823369549204037,2.55574151144828,0.5734045565278763,-3.096441068400101,0
PV050,2013-05-01,ECF,2.775842714519228,3.7251159909450307,0.9492732764258027,-2.345677977561533,4
PV050,2013-05-01,Equal-total control,2.77969388753532,3.7336368909191666,0.953943003383847,-2.3418140980155084,0
PV050,2013-05-01,No feedback,2.7796906527768117,3.733634255474046,0.9539436026972345,-2.341817318533801,0
PV050,2013-05-01,Previous-day persistence,2.0366347275525625,2.156941362964173,0.12030663541161074,-3.0787539732328555,0
PV050,2013-05-06,ECF,2.752598676597644,3.5282168322256826,0.7756181556280387,-2.854150214125039,5
PV050,2013-05-06,Equal-total control,2.742400112602926,3.510264417805579,0.7678643052026528,-2.8642762040719427,0
PV050,2013-05-06,No feedback,2.7423963627168693,3.510260926306491,0.7678645635896217,-2.86427992010678,0
PV050,2013-05-06,Previous-day persistence,2.1091322661576806,2.198521277580209,0.08938901142252866,-3.4928217401294868,0
PV050,2013-05-07,ECF,2.5050208802502056,3.648933277859625,1.1439123976094194,-3.0505083655556686,2
PV050,2013-05-07,Equal-total control,2.5000200064406277,3.6629733334968244,1.1629533270561967,-3.0554807488492344,0
PV050,2013-05-07,No feedback,2.5000216398789474,3.6629736171944476,1.1629519773155004,-3.05547914135033,0
PV050,2013-05-07,Previous-day persistence,2.1274044565503196,2.532989476074863,0.4055850195245434,-3.425270411234621,0
PV050,2013-05-08,ECF,2.5611309773035167,3.7250468733107835,1.1639158960072673,-2.8968541986686684,4
PV050,2013-05-08,Equal-total control,2.5201242950908016,3.7390287734427226,1.218904478351921,-2.9371667034759916,0
PV050,2013-05-08,No feedback,2.5201329732480913,3.7390372718207106,1.2189042985726195,-2.937158107619675,0
PV050,2013-05-08,Previous-day persistence,2.0009623937228964,2.430383257817574,0.4294208640946778,-3.453146731256357,0
PV050,2013-05-09,ECF,2.835453190090192,3.7154540347956235,0.880000844705432,-2.5405856176329715,8
PV050,2013-05-09,Equal-total control,2.819412198947883,3.7165526039277816,0.8971404049798988,-2.556525059620595,0
PV050,2013-05-09,No feedback,2.819424301173547,3.716565403864403,0.8971411026908556,-2.5565131193965307,0
PV050,2013-05-09,Previous-day persistence,2.101403357814765,2.2194257995200397,0.11802244170527487,-3.269289567886699,0
PV050,2013-05-10,ECF,2.752154569361106,3.576564937626171,0.8244103682650652,-2.5075543173021417,4
PV050,2013-05-10,Equal-total control,2.749423943816957,3.5715102178351974,0.8220862740182404,-2.510258068951053,0
PV050,2013-05-10,No feedback,2.74942073079159,3.5715076958150784,0.8220869650234881,-2.5102612445011556,0
PV050,2013-05-10,Previous-day persistence,2.23261099819001,2.2814428941323657,0.04883189594235565,-3.0228594870506225,0
PV050,2013-05-11,ECF,2.1360775017961355,4.0365879280705705,1.900510426274435,-3.572995283333339,8
PV050,2013-05-11,Equal-total control,2.0028993877772243,3.8012958540188855,1.7983964662416616,-3.7049974580663747,0
PV050,2013-05-11,No feedback,2.002897915081858,3.8012946961555274,1.7983967810736687,-3.7049989115663493,0
PV050,2013-05-11,Previous-day persistence,1.6993156253680695,2.5164594749784768,0.8171438496104071,-4.006773916896232,0
PV050,2013-05-12,ECF,2.9613337257503636,4.083436589591509,1.1221028638411448,-2.6424323971234753,6
PV050,2013-05-12,Equal-total control,2.9687560632160914,4.117506262211839,1.1487501989957476,-2.6350786865488116,0
PV050,2013-05-12,No feedback,2.9687581703428343,4.117508013946904,1.1487498436040688,-2.6350766041322213,0
PV050,2013-05-12,Previous-day persistence,2.0809383386587985,2.2880114986926277,0.20707316003382942,-3.5171817388566486,0
PV050,2013-05-16,ECF,2.6516759861222226,3.7030758443552707,1.051399858233048,-3.3586781082727617,3
PV050,2013-05-16,Equal-total control,2.571486257850609,3.5864461675881234,1.014959909737514,-3.4379055450222484,0
PV050,2013-05-16,No feedback,2.5714852775242045,3.58644462004429,1.0149593425200862,-3.437906510091078,0
PV050,2013-05-16,Previous-day persistence,2.106966751874908,2.2445306275281407,0.13756387565323258,-3.8986466899552012,0
PV050,2013-05-17,ECF,2.722293620429325,3.5929286724634513,0.8706350520341268,-3.4532341801735456,3
PV050,2013-05-17,Equal-total control,2.7199818054283367,3.589845984032815,0.8698641786044784,-3.4555250835240217,0
PV050,2013-05-17,No feedback,2.7199842728363968,3.58984785562971,0.8698635827933134,-3.455522629709434,0
PV050,2013-05-17,Previous-day persistence,2.2807243330314355,2.3226563808635214,0.04193204783208513,-3.891859376245846,0
PV050,2013-05-18,ECF,2.7027715542382236,3.5459719539533188,0.843200399715095,-3.728877527482751,2
PV050,2013-05-18,Equal-total control,2.702693544075972,3.547055780149816,0.844362236073844,-3.7289471968879586,0
PV050,2013-05-18,No feedback,2.7026920560493735,3.5470541085804976,0.8443620525311242,-3.728948670275162,0
PV050,2013-05-18,Previous-day persistence,2.149990757848691,2.1930871053825176,0.04309634753382635,-4.277296172382828,0
PV050,2013-05-19,ECF,2.6487220630173463,3.5209073740443806,0.8721853110270339,-4.041455129608145,4
PV050,2013-05-19,Equal-total control,2.646623891084594,3.5218906613043703,0.8752667702197765,-4.04351606601908,0
PV050,2013-05-19,No feedback,2.6466081425734247,3.521874247762804,0.8752661051893795,-4.043531621885964,0
PV050,2013-05-19,Previous-day persistence,2.12910462318228,2.1890776283742674,0.059973005191987214,-4.557277605643649,0
PV050,2013-05-20,ECF,2.540165497466348,3.4506565048990643,0.9104910074327159,-4.126881956163434,3
PV050,2013-05-20,Equal-total control,2.5333410604932416,3.4509261758389274,0.9175851153456857,-4.133516299722307,0
PV050,2013-05-20,No feedback,2.53333431654726,3.450918281405212,0.9175839648579522,-4.133522953883848,0
PV050,2013-05-20,Previous-day persistence,2.019766323777708,2.1168316510764806,0.09706532729877264,-4.643339448381536,0
PV050,2013-05-21,ECF,2.631946962644034,3.656313563874973,1.024366601230939,-3.6555626603784703,6
PV050,2013-05-21,Equal-total control,2.538019589470986,3.513173871276517,0.9751542818055314,-3.7487313961887736,0
PV050,2013-05-21,No feedback,2.538019915062806,3.513173984854725,0.9751540697919184,-3.7487310806144873,0
PV050,2013-05-21,Previous-day persistence,2.07775397756474,2.1842647192134406,0.10651074164870034,-4.2061163236210595,0
PV050,2013-05-22,ECF,1.3412677803657154,3.568736727875881,2.227468947510165,-5.961617980747944,5
PV050,2013-05-22,Equal-total control,1.3170415249267,3.5505583876812006,2.2335168627545,-5.985585353282705,0
PV050,2013-05-22,No feedback,1.317042492182027,3.550557940878054,2.2335154486960276,-5.985584398807736,0
PV050,2013-05-22,Previous-day persistence,1.185006814742832,2.349686693551017,1.1646798788081845,-6.117108053482742,0
PV050,2013-05-23,ECF,0.9918310288324933,3.6073519566455814,2.615520927813088,-6.420400404340187,11
PV050,2013-05-23,Equal-total control,1.0094951353812804,3.680751622954792,2.6712564875735114,-6.402730072398867,0
PV050,2013-05-23,No feedback,1.0149010266028533,3.721252059595478,2.7063510329926244,-6.397341970478168,0
PV050,2013-05-23,Previous-day persistence,0.6514484048200303,1.2485617850496822,0.5971133802296517,-6.759748220399704,0
PV050,2013-05-24,ECF,2.3676691823826332,3.9164011769033555,1.5487319945207223,-4.513247574283602,7
PV050,2013-05-24,Equal-total control,2.3622398410014034,3.929462408192297,1.5672225671908933,-4.5186028116084715,0
PV050,2013-05-24,No feedback,2.3622420923383283,3.929465472828859,1.5672233804905304,-4.518600583948968,0
PV050,2013-05-24,Previous-day persistence,0.9773550531667152,1.1260069498625576,0.14865189669584222,-5.895380158240742,0
PV050,2013-05-25,ECF,2.3758385098782786,3.478138736773704,1.1023002268954256,-4.32301910844925,5
PV050,2013-05-25,Equal-total control,2.4020558560313177,3.5350189121492797,1.132963056117962,-4.297145136276063,0
PV050,2013-05-25,No feedback,2.4020737190086514,3.5350380303189777,1.1329643113103263,-4.297127455962246,0
PV050,2013-05-25,Previous-day persistence,1.8175975955874475,1.9886458372178883,0.17104824163044124,-4.878357889825922,0
PV050,2013-05-26,ECF,2.535322125065786,3.4184587572834007,0.8831366322176144,-4.287113362911245,6
PV050,2013-05-26,Equal-total control,2.5825739154572633,3.480698107985712,0.8981241925284491,-4.240328243907697,0
PV050,2013-05-26,No feedback,2.582580639596112,3.4807040541563037,0.8981234145601912,-4.240321576407466,0
PV050,2013-05-26,Previous-day persistence,1.9971279361827832,2.045618545958261,0.04849060977547807,-4.821765802369997,0
PV050,2013-05-27,ECF,1.912776533205045,3.6707768846557327,1.7580003514506872,-5.183233124910218,10
PV050,2013-05-27,Equal-total control,1.6452665699824558,3.4757405965977,1.8304740266152444,-5.447848615592182,0
PV050,2013-05-27,No feedback,1.645261293240743,3.4757328057166723,1.8304715124759294,-5.447853842969592,0
PV050,2013-05-27,Previous-day persistence,1.3281572645624,2.1449135227759135,0.8167562582135137,-5.763439126862926,0
PV050,2013-05-28,ECF,2.0476851743644517,3.8906214346463237,1.8429362602818724,-4.540049623854778,6
PV050,2013-05-28,Equal-total control,2.007234622152554,3.8996773792576787,1.892442757105124,-4.579966381731681,0
PV050,2013-05-28,No feedback,2.0072328212286044,3.8996748166742536,1.8924419954456497,-4.579968163493321,0
PV050,2013-05-28,Previous-day persistence,1.4931234261800166,2.064803097699487,0.5716796715194701,-5.091493414884668,0
PV050,2013-05-29,ECF,2.6329467646816767,3.889450256329053,1.2565034916473765,-3.5185472217545373,6
PV050,2013-05-29,Equal-total control,2.4828637258474986,3.714258127331827,1.231394401484328,-3.66706226010752,0
PV050,2013-05-29,No feedback,2.4828570830123553,3.7142507478218363,1.2313936648094808,-3.6670688253541934,0
PV050,2013-05-29,Previous-day persistence,1.8091349473400695,1.9658231033181712,0.15668815597810154,-4.336783653067363,0
PV050,2013-05-30,ECF,2.846819118180918,3.9515823556542786,1.104763237473361,-3.236278470753612,3
PV050,2013-05-30,Equal-total control,2.8492796675109275,3.954928910852263,1.1056492433413356,-3.233875651336085,0
PV050,2013-05-30,No feedback,2.849286330976086,3.954936371396318,1.1056500404202327,-3.2338690798566394,0
PV050,2013-05-30,Previous-day persistence,2.4099129952712133,2.5674702576889388,0.1575572624177252,-3.6693627345626125,0
PV050,2013-05-31,ECF,2.5332990827521105,3.519884791108212,0.986585708356102,-3.2841239488792144,5
PV050,2013-05-31,Equal-total control,2.5459301596328454,3.543814881781828,0.9978847221489824,-3.271664738494052,0
PV050,2013-05-31,No feedback,2.5459395334531463,3.5438237458266046,0.9978842123734581,-3.271655460036343,0
PV050,2013-05-31,Previous-day persistence,2.05503299726559,2.117401153784619,0.062368156519029244,-3.7588488527400736,0
PV050,2013-06-01,ECF,1.713800324161932,3.46866685105983,1.7548665268978985,-4.683555123788203,6
PV050,2013-06-01,Equal-total control,1.6925660259940778,3.4225557081079057,1.7299896821138283,-4.704380375681311,0
PV050,2013-06-01,No feedback,1.6925732418679118,3.4225629525560115,1.7299897106881,-4.70437323109264,0
PV050,2013-06-01,Previous-day persistence,1.4471314136875306,2.1074510571349503,0.6603196434474197,-4.9484017960558555,0
PV050,2013-06-02,ECF,0.438878676821531,3.8080423681969164,3.3691636913753857,-7.79027562684344,6
PV050,2013-06-02,Equal-total control,0.41999560002244196,3.699608129705239,3.2796125296827974,-7.8090912161439805,0
PV050,2013-06-02,No feedback,0.41999487399249363,3.6996061419957185,3.2796112680032246,-7.809091939438892,0
PV050,2013-06-02,Previous-day persistence,0.18506558382285312,1.6476452137765691,1.462579629953716,-8.044111476216969,0
PV050,2013-06-03,ECF,2.4592471136647918,3.6571064084903293,1.1978592948255375,-4.659259316664599,7
PV050,2013-06-03,Equal-total control,2.452513218494292,3.674468621411651,1.221955402917359,-4.665949675193597,0
PV050,2013-06-03,No feedback,2.452513952570242,3.674469587650818,1.221955635080576,-4.665948951365525,0
PV050,2013-06-03,Previous-day persistence,0.4168408749820619,0.4623269274660229,0.04548605248396101,-6.692092929143688,0
PV050,2013-06-04,ECF,2.2580218119851017,3.3238301332263642,1.0658083212412626,-4.6110554928688305,4
PV050,2013-06-04,Equal-total control,2.2563760630470955,3.312945094982352,1.0565690319352559,-4.612699993593027,0
PV050,2013-06-04,No feedback,2.256365279679824,3.312936077167696,1.056570797487872,-4.612710669835323,0
PV050,2013-06-04,Previous-day persistence,1.7550404895395546,1.8722909796558518,0.1172504901162971,-5.110644885913169,0
PV050,2013-06-05,ECF,1.902570359343945,3.325272174851265,1.42270181550732,-5.102939679729252,7
PV050,2013-06-05,Equal-total control,1.904822233183549,3.340447513301539,1.4356252801179907,-5.100623886542107,0
PV050,2013-06-05,No feedback,1.904824686033308,3.340446393359229,1.4356217073259214,-5.10062146477093,0
PV050,2013-06-05,Previous-day persistence,1.4927066718001305,1.8541187095016465,0.3614120377015162,-5.5103763636054,0
PV050,2013-06-06,ECF,1.6664984381953392,3.7696877402938194,2.10318930209848,-5.062185893421283,5
PV050,2013-06-06,Equal-total control,1.6599926652301682,3.6779416242267082,2.01794895899654,-5.068634475362228,0
PV050,2013-06-06,No feedback,1.6599950422310803,3.677946486726504,2.0179514444954236,-5.068632116509109,0
PV050,2013-06-06,Previous-day persistence,1.2947285998230298,1.9696175608645459,0.6748889610415161,-5.431676016730338,0
PV050,2013-06-07,ECF,1.5438201883383469,3.808803577594981,2.264983389256634,-4.786447419438892,2
PV050,2013-06-07,Equal-total control,1.5439661089566956,3.8126155222551508,2.268649413298455,-4.786303852466725,0
PV050,2013-06-07,No feedback,1.5439668438439287,3.8126173315037235,2.268650487659795,-4.786303125417473,0
PV050,2013-06-07,Previous-day persistence,1.0046649086176092,1.658435648958421,0.653770740340812,-5.322922494527924,0
PV050,2013-06-08,ECF,1.624398164111881,3.616425750715643,1.9920275866037622,-5.0936362358917595,3
PV050,2013-06-08,Equal-total control,1.6225887881252024,3.570801772787041,1.9482129846618381,-5.095434517330061,0
PV050,2013-06-08,No feedback,1.6225858005254534,3.570800151843975,1.948214351318521,-5.095437477892106,0
PV050,2013-06-08,Previous-day persistence,1.0502185811066844,1.4576407006894145,0.4074221195827301,-5.665733985521406,0
PV050,2013-06-09,ECF,2.4136750610968427,3.624350753701961,1.2106756926051183,-4.266892785844606,4
PV050,2013-06-09,Equal-total control,2.428095352505017,3.649561627578482,1.2214662750734644,-4.252657617197633,0
PV050,2013-06-09,No feedback,2.428094846296908,3.6495605744679938,1.2214657281710855,-4.2526581222611535,0
PV050,2013-06-09,Previous-day persistence,1.4710904361614785,1.5756852310962817,0.10459479493480339,-5.204343592312458,0
PV050,2013-06-10,ECF,2.136599869520811,3.9127040003157263,1.776104130794916,-5.171715075271854,5
PV050,2013-06-10,Equal-total control,2.1956485172150932,3.808255632923325,1.6126071157082316,-5.113472097383236,0
PV050,2013-06-10,No feedback,2.1956426530667876,3.8082532736163475,1.6126106205495598,-5.113477883043001,0
PV050,2013-06-10,Previous-day persistence,1.87961345073282,2.2896283778608604,0.4100149271280408,-5.427039743111147,0
PV050,2013-06-11,ECF,2.5525634217762354,3.694301227328919,1.1417378055526841,-3.984511948785272,5
PV050,2013-06-11,Equal-total control,2.5498400975955784,3.703872459214912,1.154032361619333,-3.987188855631114,0
PV050,2013-06-11,No feedback,2.5498400986425533,3.703872193531076,1.1540320948885225,-3.987188854034074,0
PV050,2013-06-11,Previous-day persistence,1.7854845884537747,1.8598374524311037,0.07435286397732893,-4.7471166564974325,0
PV050,2013-06-12,ECF,0.897218422525029,3.555026314960136,2.657807892435107,-6.698256298363138,8
PV050,2013-06-12,Equal-total control,0.8121633459308832,3.504644062987248,2.6924807170563643,-6.781971327818153,0
PV050,2013-06-12,No feedback,0.8121602994894018,3.5046304778682558,2.692470178378854,-6.781974340700429,0
PV050,2013-06-12,Previous-day persistence,0.688913068601701,2.1765254048546914,1.4876123362529905,-6.904969794500944,0
PV050,2013-06-13,ECF,2.556007051190451,3.8347991829861394,1.2787921317956878,-4.298215986678232,6
PV050,2013-06-13,Equal-total control,2.5386073066080366,3.8191236680233343,1.2805163614152977,-4.315401062481756,0
PV050,2013-06-13,No feedback,2.538606127145264,3.8191235396967866,1.2805174125515228,-4.315402215700921,0
PV050,2013-06-13,Previous-day persistence,0.8451604998706506,1.00430067700942,0.15914017713876952,-5.999739105678696,0
PV050,2013-06-14,ECF,2.2892009871058283,3.3646355482707873,1.0754345611649592,-4.702878876289977,6
PV050,2013-06-14,Equal-total control,2.3027777270191194,3.3795463896725404,1.0767686626534212,-4.689296782283146,0
PV050,2013-06-14,No feedback,2.3027743423915426,3.379541919854543,1.0767675774630008,-4.6893001185957655,0
PV050,2013-06-14,Previous-day persistence,1.8655443752772687,1.97789443259324,0.1123500573159715,-5.123727182744246,0
PV050,2013-06-15,ECF,1.930679416625609,3.5588950104862334,1.6282155938606242,-5.29945002752696,4
PV050,2013-06-15,Equal-total control,1.9189478311646233,3.470644421355225,1.551696590190602,-5.31113871219902,0
PV050,2013-06-15,No feedback,1.918954210005194,3.4706549813198726,1.5517007713146787,-5.311132389844597,0
PV050,2013-06-15,Previous-day persistence,1.58481977925295,2.0110887792420957,0.42626899998914564,-5.643183365473317,0
PV050,2013-06-16,ECF,2.4463384501722403,3.6129832304352005,1.16664478026296,-5.137398558316121,5
PV050,2013-06-16,Equal-total control,2.4437901048927264,3.6154357317583212,1.1716456268655948,-5.139924823227024,0
PV050,2013-06-16,No feedback,2.443792801226593,3.615438636112399,1.171645834885806,-5.139922157469579,0
PV050,2013-06-16,Previous-day persistence,1.761135464959708,1.8453306135390513,0.08419514857934338,-5.818879749814169,0
PV050,2013-06-17,ECF,2.018220286917933,3.354351707424798,1.3361314205068653,-5.6972401496896525,8
PV050,2013-06-17,Equal-total control,2.015449546334609,3.293503236232586,1.2780536898979769,-5.6999036695137875,0
PV050,2013-06-17,No feedback,2.015454783406798,3.2935109754561998,1.2780561920494016,-5.699898479277281,0
PV050,2013-06-17,Previous-day persistence,1.6032851939954758,1.8508760174198935,0.24759082342441752,-6.110124227583714,0
PV050,2013-06-18,ECF,2.474745316126035,3.6470476722509515,1.1723023561249164,-5.344092879065109,7
PV050,2013-06-18,Equal-total control,2.491452172208275,3.675809602850172,1.1843574306418971,-5.32769351101812,0
PV050,2013-06-18,No feedback,2.49146031424535,3.6758202479442375,1.1843599336988877,-5.327685463427922,0
PV050,2013-06-18,Previous-day persistence,1.9955941210064734,2.1438231430499113,0.1482290220434381,-5.820526084957769,0
PV050,2013-06-19,ECF,2.083610208278448,3.5973602308921686,1.513750022613721,-6.088540297027837,7
PV050,2013-06-19,Equal-total control,1.880585933819646,3.329395282375102,1.4488093485554558,-6.2892703955047145,0
PV050,2013-06-19,No feedback,1.8805966553510578,3.3294120418519446,1.4488153865008868,-6.2892597709636,0
PV050,2013-06-19,Previous-day persistence,1.5451618966863352,1.9970024240597715,0.45184052737343605,-6.623002104185404,0
PV050,2013-06-23,ECF,1.0817221486165929,3.2970000247083617,2.2152778760917684,-8.39167646911135,10
PV050,2013-06-23,Equal-total control,1.0876937288582704,3.0418922379107713,1.954198509052501,-8.385742407431902,0
PV050,2013-06-23,No feedback,1.087691259323203,3.041885632447963,1.95419437312476,-8.385744851051216,0
PV050,2013-06-23,Previous-day persistence,0.8645961284889573,1.638243796999055,0.7736476685100978,-8.608659480746335,0
PV050,2013-06-24,ECF,1.9313947946586856,3.9421112685911996,2.010716473932514,-6.540642145988831,5
PV050,2013-06-24,Equal-total control,1.8996432684903872,3.887417574980893,1.987774306490506,-6.572043819983237,0
PV050,2013-06-24,No feedback,1.8996451193017467,3.887419223134114,1.987774103832367,-6.572041996695282,0
PV050,2013-06-24,Previous-day persistence,1.0485109335145375,1.2533743086590388,0.20486337514450148,-7.418999758556233,0
PV050,2013-06-25,ECF,1.4950600606677023,3.4348634687656823,1.9398034080979802,-7.311765359527657,2
PV050,2013-06-25,Equal-total control,1.495799194408712,3.486171192264717,1.990371997856005,-7.310994639985718,0
PV050,2013-06-25,No feedback,1.4958025346035404,3.4861776943027962,1.9903751596992552,-7.310991331904501,0
PV050,2013-06-25,Previous-day persistence,1.1798920506465413,1.5780733897207244,0.3981813390741832,-7.625742935823145,0
PV050,2013-06-26,ECF,1.7411682358959584,3.4946299360761603,1.753461700180202,-5.911515275745934,3
PV050,2013-06-26,Equal-total control,1.7128243672430585,3.4313221036234225,1.7184977363803637,-5.939679836510585,0
PV050,2013-06-26,No feedback,1.7128218504201786,3.4313178630045105,1.7184960125843318,-5.939682330693404,0
PV050,2013-06-26,Previous-day persistence,0.963192280257702,1.3559996771064329,0.39280739684873106,-6.686499912234325,0
PV050,2013-06-27,ECF,1.300340914703456,3.5834564972087444,2.283115582505289,-6.3857653270485635,4
PV050,2013-06-27,Equal-total control,1.2642783385980674,3.477239853307295,2.2129615147092276,-6.42144646607335,0
PV050,2013-06-27,No feedback,1.2642802098825077,3.477245184746314,2.2129649748638065,-6.421444615194039,0
PV050,2013-06-27,Previous-day persistence,0.9861429375655537,1.6584620042058236,0.67231906664027,-6.698533561628528,0
PV075,2013-01-02,ECF,3.5709983972564427,4.3442140244556295,0.7732156271991864,-1.2919015370234732,5
PV075,2013-01-02,Equal-total control,3.5140619966856264,4.260523279083216,0.74646128239759,-1.3483149007662247,0
PV075,2013-01-02,No feedback,3.5140422017645725,4.26141050239619,0.7473683006316179,-1.348334418266623,0
PV075,2013-01-02,Previous-day persistence,3.1416446564053326,3.6911200269054523,0.5494753705001193,-1.7177695059940783,0
PV075,2013-01-03,ECF,3.973885284278688,4.306072353211081,0.33218706893239314,-0.5233832616636984,11
PV075,2013-01-03,Equal-total control,3.9410134229151828,4.295473900771601,0.3544604778564185,-0.5560081452537567,0
PV075,2013-01-03,No feedback,3.941024244395475,4.295486383534061,0.35446213913858543,-0.5559974531688062,0
PV075,2013-01-03,Previous-day persistence,3.0713736217790912,3.2287176843387835,0.15734406255969224,-1.4198376947602467,0
PV075,2013-01-04,ECF,4.075594689251158,4.357604333862286,0.28200964461112765,-1.0460556574994577,8
PV075,2013-01-04,Equal-total control,4.078548378766149,4.3655860209099,0.2870376421437516,-1.0431428513666743,0
PV075,2013-01-04,No feedback,4.0785547081255595,4.365592745264381,0.2870380371388216,-1.0431365945855282,0
PV075,2013-01-04,Previous-day persistence,3.4696743435751256,3.6179487346979666,0.1482743911228413,-1.646321799778125,0
PV075,2013-01-05,ECF,4.224488868540365,4.440164990337308,0.2156761217969434,-1.9281658219001478,5
PV075,2013-01-05,Equal-total control,4.224512000678322,4.443732494612667,0.21922049393434412,-1.9281416250753043,0
PV075,2013-01-05,No feedback,4.224510373338577,4.443730848573006,0.21922047523442814,-1.9281432156297127,0
PV075,2013-01-05,Previous-day persistence,3.6798922670174234,3.7241644692510056,0.044272202233582275,-2.4683151755692867,0
PV075,2013-01-06,ECF,4.342126978713742,4.541088714962813,0.19896173624907068,-1.653312129161176,10
PV075,2013-01-06,Equal-total control,4.343200221915603,4.551360794939785,0.20816057302418262,-1.6522498907059138,0
PV075,2013-01-06,No feedback,4.343213926580811,4.551374681298087,0.20816075471727705,-1.652236348959176,0
PV075,2013-01-06,Previous-day persistence,3.7486566771700165,3.788712301312537,0.04005562414252063,-2.241916550447489,0
PV075,2013-01-07,ECF,3.9665761793120566,4.345003366068105,0.37842718675604836,-1.4949918832115183,5
PV075,2013-01-07,Equal-total control,3.9699054612609306,4.3624502720408875,0.3925448107799568,-1.491768443052394,0
PV075,2013-01-07,No feedback,3.969910973193155,4.362454219425363,0.39254324623220743,-1.491762986222309,0
PV075,2013-01-07,Previous-day persistence,3.4713206787607227,3.6950404987945245,0.2237198200338022,-1.9866913339963308,0
PV075,2013-01-08,ECF,3.5364033796818184,3.94983817396367,0.4134347942818516,-6.63397924025313,5
PV075,2013-01-08,Equal-total control,3.539185697788441,3.953682071200055,0.41449637341161427,-6.631262185675721,0
PV075,2013-01-08,No feedback,3.53918443135146,3.953680426433946,0.41449599508248536,-6.631263416137608,0
PV075,2013-01-08,Previous-day persistence,2.870972636743123,3.0921467839517027,0.22117414720857947,-7.295478663901096,0
PV075,2013-01-12,ECF,3.532120370292403,4.238295669102529,0.7061752988101255,-3.6147336134850985,4
PV075,2013-01-12,Equal-total control,3.536593383541955,4.244839910695456,0.7082465271535003,-3.610314525248499,0
PV075,2013-01-12,No feedback,3.5365751135773507,4.244820859534573,0.7082457459572218,-3.610332642673632,0
PV075,2013-01-12,Previous-day persistence,3.011960918199565,3.4532556138636488,0.44129469566408425,-4.131550463136913,0
PV075,2013-01-13,ECF,2.569026608416377,4.134343191775108,1.5653165833587313,-2.73665720937126,6
PV075,2013-01-13,Equal-total control,2.5427453361439234,4.0515132074422695,1.508767871298346,-2.7627007868497886,0
PV075,2013-01-13,No feedback,2.5427446176248614,4.05151058800364,1.5087659703787792,-2.762701494195765,0
PV075,2013-01-13,Previous-day persistence,1.9143264126751878,2.9574107115544845,1.0430842988792965,-3.3890215306830815,0
PV075,2013-01-14,ECF,3.645583412566652,4.3721969024503355,0.726613489883683,-0.9165918675572833,6
PV075,2013-01-14,Equal-total control,3.6373071691335026,4.369120036783285,0.7318128676497822,-0.9247767671142191,0
PV075,2013-01-14,No feedback,3.6373015456351,4.369115892578485,0.7318143469433841,-0.9247823144852323,0
PV075,2013-01-14,Previous-day persistence,2.434739906817904,2.689873309084808,0.25513340226690395,-2.122369824596797,0
PV075,2013-01-15,ECF,4.006541679791109,4.255524389565241,0.2489827097741311,-0.46744103208438814,15
PV075,2013-01-15,Equal-total control,3.969386534806504,4.245309129054069,0.27592259424756616,-0.5039535269617895,0
PV075,2013-01-15,No feedback,3.9693600600162084,4.245281862315089,0.27592180229888125,-0.5039796771161054,0
PV075,2013-01-15,Previous-day persistence,3.2791701487459726,3.3706991971590528,0.09152904841308028,-1.1891371953402106,0
PV075,2013-01-16,ECF,3.955458251741078,4.300917919863082,0.345459668122004,-1.1252580267207108,8
PV075,2013-01-16,Equal-total control,3.958732289109655,4.311500967930336,0.3527686788206815,-1.122032088880669,0
PV075,2013-01-16,No feedback,3.9587043178209833,4.311471776011464,0.35276745819048,-1.1220597336960445,0
PV075,2013-01-16,Previous-day persistence,3.279028172700051,3.4611998172058884,0.1821716445058382,-1.796673905917111,0
PV075,2013-01-17,ECF,4.0540406914911475,4.457917104822277,0.4038764133311295,-1.8254031079488777,11
PV075,2013-01-17,Equal-total control,4.05878282194838,4.476532659004076,0.41774983705569624,-1.8206551148451589,0
PV075,2013-01-17,No feedback,4.058793320650535,4.476543543569785,0.4177502229192497,-1.8206447474106877,0
PV075,2013-01-17,Previous-day persistence,3.5577472535666734,3.7827005478272295,0.22495329426055588,-2.3178747825613972,0
PV075,2013-01-18,ECF,3.7408375356618624,4.344893333741056,0.6040557980791936,-5.6737929989029805,7
PV075,2013-01-18,Equal-total control,3.7417049833118616,4.3446432483505655,0.6029382650387036,-5.673009503968317,0
PV075,2013-01-18,No feedback,3.7417236649244927,4.345562594968864,0.6038389300443714,-5.672990989278774,0
PV075,2013-01-18,Previous-day persistence,3.341805486230416,3.732553148708634,0.3907476624782184,-6.071492445821072,0
PV075,2013-01-19,ECF,3.0097188370156864,4.0877500353607115,1.0780311983450246,-2.0369783085088797,8
PV075,2013-01-19,Equal-total control,3.004861282153377,4.165391528498178,1.1605302463448004,-2.0417695575447024,0
PV075,2013-01-19,No feedback,3.004862465287839,4.165382569682308,1.1605201043944682,-2.0417684027443697,0
PV075,2013-01-19,Previous-day persistence,2.578995718707411,3.2995334408944945,0.7205377221870835,-2.4652017627764042,0
PV075,2013-01-20,ECF,2.240226958638891,3.782331532092927,1.542104573454036,-2.643924679047747,10
PV075,2013-01-20,Equal-total control,2.2414895999365116,4.000585234291343,1.759095634354832,-2.642516958093573,0
PV075,2013-01-20,No feedback,2.2416019000473724,4.006538296984459,1.7649363969370873,-2.6424051640936064,0
PV075,2013-01-20,Previous-day persistence,1.8124894741520658,2.8084728162854073,0.9959833421333416,-3.0699780015989524,0
PV075,2013-01-21,ECF,3.9059776428798045,4.264331132584209,0.3583534897044048,-0.9232208467475138,7
PV075,2013-01-21,Equal-total control,3.898655207160552,4.272131744230013,0.3734765370694617,-0.9303792500732175,0
PV075,2013-01-21,No feedback,3.898657476151647,4.272133231718465,0.373475755566817,-0.9303769878589946,0
PV075,2013-01-21,Previous-day persistence,2.6739788116358154,2.7137823583215184,0.03980354668570286,-2.1478462659341386,0
PV075,2013-01-22,ECF,2.9722061589552036,3.8574668862343273,0.8852607272791234,-2.6643741616745413,9
PV075,2013-01-22,Equal-total control,2.935116379473725,3.6242219468290022,0.6891055673552767,-2.70122336201371,0
PV075,2013-01-22,No feedback,2.9353517749381566,3.6479624640984825,0.7126106891603261,-2.700987449752321,0
PV075,2013-01-22,Previous-day persistence,2.4658054241621152,3.0184951096651984,0.5526896855030828,-3.168073544306844,0
PV075,2013-01-23,ECF,3.2505128610504417,4.18156024168459,0.9310473806341486,-1.544082900043047,7
PV075,2013-01-23,Equal-total control,3.255175103957229,4.327473094787788,1.0722979908305583,-1.5390958276402145,0
PV075,2013-01-23,No feedback,3.2551625257508174,4.327449003156611,1.0722864774057936,-1.5391082368302678,0
PV075,2013-01-23,Previous-day persistence,2.692565113704469,3.3254497380842434,0.6328846243797746,-2.0990932790801478,0
PV075,2013-01-24,ECF,3.9867495449868624,4.533721938260168,0.5469723932733065,-0.9961827910882466,10
PV075,2013-01-24,Equal-total control,3.951286095486062,4.489174950806232,0.5378888553201701,-1.0312949350551897,0
PV075,2013-01-24,No feedback,3.951284493942847,4.489171322499817,0.5378868285569698,-1.031296551077209,0
PV075,2013-01-24,Previous-day persistence,3.1810569102355073,3.4264476958155665,0.24539078558005917,-1.7970452007677045,0
PV075,2013-01-25,ECF,3.8301438770981227,4.10664861911984,0.27650474202171765,-2.1599106829226007,6
PV075,2013-01-25,Equal-total control,3.8300923761176353,4.11066986096665,0.2805774848490143,-2.159961706084539,0
PV075,2013-01-25,No feedback,3.8300852369353087,4.110662635918523,0.2805773989832146,-2.159968777350733,0
PV075,2013-01-25,Previous-day persistence,2.9707764583524336,3.0724461330998265,0.10166967474739268,-3.013097734221018,0
PV075,2013-04-02,ECF,3.2408350862107307,3.7675553121123686,0.5267202259016377,-1.4886611002499222,5
PV075,2013-04-02,Equal-total control,3.245475728069078,3.774636724240339,0.5291609961712616,-1.484034812627084,0
PV075,2013-04-02,No feedback,3.245490611566948,3.7746518866140004,0.5291612750470526,-1.4840200896815756,0
PV075,2013-04-02,Previous-day persistence,2.702553618203982,2.7847199483279326,0.08216633012395012,-2.0235040141350975,0
PV075,2013-04-03,ECF,1.7059966234329567,3.6345074993237936,1.928510875890837,-3.4051116744109184,10
PV075,2013-04-03,Equal-total control,1.7140869938485106,3.8150315565606925,2.100944562712182,-3.396769825608938,0
PV075,2013-04-03,No feedback,1.7170744384364838,3.879934844855448,2.1628604064189636,-3.3938010342250142,0
PV075,2013-04-03,Previous-day persistence,1.5428739525336639,2.9452841037155846,1.4024101511819207,-3.5668035347893654,0
PV075,2013-04-04,ECF,2.589414236174968,3.9647550297442065,1.3753407935692379,-2.57466097127129,7
PV075,2013-04-04,Equal-total control,2.6386411238373917,4.109988403485913,1.4713472796485214,-2.525793934557776,0
PV075,2013-04-04,No feedback,2.640934961275102,4.12045149915499,1.479516537879888,-2.523532652210109,0
PV075,2013-04-04,Previous-day persistence,1.4628682385429368,1.668529503511401,0.20566126496846399,-3.6952783797260236,0
PV075,2013-04-09,ECF,2.986233127698245,4.117931289556923,1.131698161858678,-2.0299333045369545,6
PV075,2013-04-09,Equal-total control,2.750782690480079,3.8527447864517574,1.101962095971678,-2.2625186470201197,0
PV075,2013-04-09,No feedback,2.7507826889899887,3.8527441490776897,1.1019614600877012,-2.26251864514038,0
PV075,2013-04-09,Previous-day persistence,2.3322169624318523,2.824796024639515,0.4925790622076632,-2.6780047042431683,0
PV075,2013-04-10,ECF,3.7103568161163887,4.346458889408865,0.6361020732924763,-1.2165337553786655,5
PV075,2013-04-10,Equal-total control,3.7156811767940296,4.352974340646661,0.6372931638526309,-1.2112757228209874,0
PV075,2013-04-10,No feedback,3.7156944262286564,4.352988155992993,0.637293729764336,-1.2112626745878499,0
PV075,2013-04-10,Previous-day persistence,3.0235389798983574,3.102465643558237,0.07892666365987902,-1.8992555766910433,0
PV075,2013-04-14,ECF,3.3081360884510174,3.9102138590152857,0.602077770564268,-1.6620593395329388,3
PV075,2013-04-14,Equal-total control,3.3081346927910076,3.9104316535571666,0.6022969607661588,-1.6620607183972185,0
PV075,2013-04-14,No feedback,3.308133997757581,3.910430563714694,0.6022965659571128,-1.662061405831681,0
PV075,2013-04-14,Previous-day persistence,2.759468424479314,2.8056241551508965,0.04615573067158231,-2.2060618399080023,0
PV075,2013-04-15,ECF,3.1456132948814055,4.0134481965880555,0.86783490170665,-1.8275229847450256,6
PV075,2013-04-15,Equal-total control,3.150352222752953,4.016211458911655,0.8658592361587019,-1.8230701778248404,0
PV075,2013-04-15,No feedback,3.1503428147394725,4.016201884148925,0.8658590694094526,-1.823079469565484,0
PV075,2013-04-15,Previous-day persistence,2.6801051069426336,2.9411925995818735,0.26108749263924025,-2.2894299437601675,0
PV075,2013-04-22,ECF,2.807080377466186,4.0266443130941,1.219563935627914,-2.6637393532363474,5
PV075,2013-04-22,Equal-total control,2.8147236245545444,4.031591575241013,1.2168679506864688,-2.6563061830291703,0
PV075,2013-04-22,No feedback,2.8147381113473884,4.031605167461313,1.2168670561139252,-2.6562918588007993,0
PV075,2013-04-22,Previous-day persistence,2.310740187228395,2.7453425907825966,0.43460240355420154,-3.1566189881300186,0
PV075,2013-04-28,ECF,3.0879913320267134,3.820197295843727,0.732205963817014,-2.162038537060499,2
PV075,2013-04-28,Equal-total control,3.087483334755916,3.8198355384451634,0.7323522036892476,-2.1625421627109636,0
PV075,2013-04-28,No feedback,3.087482966391825,3.8198351469770175,0.7323521805851931,-2.162542527908631,0
PV075,2013-04-28,Previous-day persistence,2.6381588322157956,2.6716707892184894,0.033511957002693875,-2.607935114465092,0
PV075,2013-04-29,ECF,3.1345421342566993,3.889779488759469,0.7552373545027696,-1.9042575056469933,3
PV075,2013-04-29,Equal-total control,3.132932889471988,3.888792163931422,0.7558592744594337,-1.9058510217186004,0
PV075,2013-04-29,No feedback,3.1329332439219466,3.8887933155882837,0.7558600716663372,-1.905850672558096,0
PV075,2013-04-29,Previous-day persistence,2.632041651726257,2.6793028745774636,0.04726122285120647,-2.402223819963127,0
PV075,2013-04-30,ECF,2.637136980056452,3.813045168758273,1.175908188701821,-2.4198007344454138,2
PV075,2013-04-30,Equal-total control,2.6336707814676266,3.8425058327642936,1.208835051296668,-2.4232945538292663,0
PV075,2013-04-30,No feedback,2.633662544590898,3.842497451797823,1.2088349072069247,-2.423302694125499,0
PV075,2013-04-30,Previous-day persistence,2.231046712480694,2.6654184996218544,0.4343717871411602,-2.8229648690654723,0
PV075,2013-05-01,ECF,3.001202229029662,4.047741957152466,1.0465397281228046,-2.099809252521978,1
PV075,2013-05-01,Equal-total control,3.0011139951591,4.048725297458475,1.0476113022993752,-2.099898854165442,0
PV075,2013-05-01,No feedback,3.0011106047739404,4.048722051218009,1.0476114464440691,-2.0999022121311746,0
PV075,2013-05-01,Previous-day persistence,2.3034532492417656,2.438521063424455,0.13506781418268965,-2.7918685945091677,0
PV075,2013-05-06,ECF,2.9146036195939686,3.6863922552873167,0.7717886356933485,-2.6699960173857384,2
PV075,2013-05-06,Equal-total control,2.914775428790492,3.6880333209890503,0.773257892198558,-2.6698266768531913,0
PV075,2013-05-06,No feedback,2.914783498181584,3.688041193290691,0.773257695109107,-2.6698186952552034,0
PV075,2013-05-06,Previous-day persistence,2.2415346941819436,2.317270316317551,0.07573562213560747,-3.3378863504688754,0
PV075,2013-05-07,ECF,2.7842588464404567,3.827664633768752,1.0434057873282954,-2.747679954125063,5
PV075,2013-05-07,Equal-total control,2.7717056508587006,3.8243960102748997,1.0526903594161996,-2.760174277962887,0
PV075,2013-05-07,No feedback,2.7717040544869214,3.8243931831528393,1.0526891286659177,-2.7601758515638113,0
PV075,2013-05-07,Previous-day persistence,2.370867964508381,2.716055037061558,0.34518707255317704,-3.157950430235108,0
PV075,2013-05-08,ECF,2.884853863003834,4.0229864852070705,1.1381326222032357,-2.54914739158775,5
PV075,2013-05-08,Equal-total control,2.8660997379867945,4.039936744508918,1.1738370065221226,-2.567480698253005,0
PV075,2013-05-08,No feedback,2.8661043743969836,4.0399419568351504,1.1738375824381668,-2.567476114016033,0
PV075,2013-05-08,Previous-day persistence,2.316692849892936,2.6328389182217533,0.3161460683288172,-3.113360702911731,0
PV075,2013-05-09,ECF,2.980838258469734,3.9326835403083495,0.9518452818386157,-2.378262684798193,8
PV075,2013-05-09,Equal-total control,3.000072100656222,3.976922970677072,0.9768508700208502,-2.3593900657902567,0
PV075,2013-05-09,No feedback,3.000077785419342,3.976928959107753,0.9768511736884111,-2.359384462631006,0
PV075,2013-05-09,Previous-day persistence,2.3186300836524305,2.4523959275432947,0.13376584389086402,-3.0360058638493874,0
PV075,2013-05-10,ECF,2.926444399803887,3.7476709722452677,0.8212265724413806,-2.315900678470268,4
PV075,2013-05-10,Equal-total control,2.9251431249903543,3.7475893659797954,0.8224462409894415,-2.3171884938785956,0
PV075,2013-05-10,No feedback,2.9251466660539442,3.7475931472211452,0.8224464811672009,-2.317184984095198,0
PV075,2013-05-10,Previous-day persistence,2.3514701958628885,2.3832481408227553,0.03177794495986688,-2.88603381763863,0
PV075,2013-05-11,ECF,2.62101470484796,4.271421428881751,1.6504067240337905,-3.0475560659344447,9
PV075,2013-05-11,Equal-total control,2.4180868192545497,3.9867281223895326,1.5686413031349822,-3.2484575638732966,0
PV075,2013-05-11,No feedback,2.418081568556473,3.9867199195877125,1.5686383510312396,-3.2484627735241616,0
PV075,2013-05-11,Previous-day persistence,2.0119947187328204,2.621885756955282,0.6098910382224612,-3.6517375375033,0
PV075,2013-05-12,ECF,3.24875382051245,4.424671513306916,1.1759176927944661,-2.3321994202095047,6
PV075,2013-05-12,Equal-total control,3.2566791855752806,4.448320857755253,1.1916416721799723,-2.3243499408459423,0
PV075,2013-05-12,No feedback,3.2566727756420217,4.448315480793867,1.1916427051518457,-2.3243562995081652,0
PV075,2013-05-12,Previous-day persistence,2.4308581588707043,2.6307764416314297,0.19991828276072526,-3.1451645082715953,0
PV075,2013-05-16,ECF,2.891960199021592,3.8990633777458803,1.007103178724288,-3.093177361992391,3
PV075,2013-05-16,Equal-total control,2.79377358027394,3.781064770875773,0.9872911906018336,-3.1902006878574904,0
PV075,2013-05-16,No feedback,2.793774005111496,3.7810651808543603,0.9872911757428642,-3.190200249363171,0
PV075,2013-05-16,Previous-day persistence,2.235888937551561,2.3194071908094944,0.0835182532579329,-3.7434542954317243,0
PV075,2013-05-17,ECF,2.8594065762188574,3.7650442025230566,0.9056376263041994,-3.291819780406252,3
PV075,2013-05-17,Equal-total control,2.8587175877062525,3.7651128765920587,0.9063952888858062,-3.292502734872468,0
PV075,2013-05-17,No feedback,2.858717292085341,3.765112553976028,0.9063952618906872,-3.2925030280994005,0
PV075,2013-05-17,Previous-day persistence,2.4245169827152973,2.458634838661936,0.034117855946638825,-3.723862876060209,0
PV075,2013-05-18,ECF,2.845507700986209,3.737296842737405,0.8917891417511961,-3.557407712122047,4
PV075,2013-05-18,Equal-total control,2.8438587459342672,3.738261275140795,0.8944025292065279,-3.5590309090228844,0
PV075,2013-05-18,No feedback,2.8438539823969498,3.738256050477199,0.8944020680802495,-3.559035624958654,0
PV075,2013-05-18,Previous-day persistence,2.260376097367569,2.2903413983700514,0.029965301002481994,-4.137908491930936,0
PV075,2013-05-19,ECF,2.8044941263393106,3.7312235734401447,0.9267294471008337,-3.857146083018942,4
PV075,2013-05-19,Equal-total control,2.8019285405731083,3.7292534509852873,0.9273249104121789,-3.8596737249754924,0
PV075,2013-05-19,No feedback,2.801941792984589,3.729267243707496,0.927325450722907,-3.859660631058096,0
PV075,2013-05-19,Previous-day persistence,2.257425404505822,2.3037629194313114,0.04633751492548924,-4.400186300227388,0
PV075,2013-05-20,ECF,2.707638620630778,3.629917308075549,0.9222786874447713,-3.92969173244648,2
PV075,2013-05-20,Equal-total control,2.7086711319368426,3.631183229494606,0.9225120975577632,-3.928702046354948,0
PV075,2013-05-20,No feedback,2.708670330707206,3.631181731320398,0.9225114006131917,-3.9287028302085036,0
PV075,2013-05-20,Previous-day persistence,2.150484141860197,2.2199143321907853,0.069430190330588,-4.482757519298419,0
PV075,2013-05-21,ECF,2.7252178236566946,3.7607878470786886,1.0355700234219942,-3.533111815188628,3
PV075,2013-05-21,Equal-total control,2.728118593549504,3.7618703516371115,1.0337517580876074,-3.530262132583388,0
PV075,2013-05-21,No feedback,2.728121922552657,3.761874740408315,1.033752817855658,-3.5302588882499384,0
PV075,2013-05-21,Previous-day persistence,2.214443050440889,2.304991809687935,0.09054875924704578,-4.040534476136051,0
PV075,2013-05-22,ECF,1.758312740889059,3.788865673205427,2.030552932316368,-5.492957284379185,5
PV075,2013-05-22,Equal-total control,1.749762434157184,3.771139641951176,2.021377207793992,-5.5015078826022386,0
PV075,2013-05-22,No feedback,1.7497526572052018,3.7711322783145267,2.0213796211093253,-5.50151753641507,0
PV075,2013-05-22,Previous-day persistence,1.5279471094342232,2.491560874628237,0.963613765194014,-5.7220842262737,0
PV075,2013-05-23,ECF,1.4387199636984125,4.06292511790912,2.6242051542107077,-5.913746668515046,9
PV075,2013-05-23,Equal-total control,1.4357166847523124,4.017841012715322,2.582124327963009,-5.916539197505564,0
PV075,2013-05-23,No feedback,1.4357179504661897,4.017847353467099,2.5821294030009097,-5.91653793926543,0
PV075,2013-05-23,Previous-day persistence,0.9861621208294905,1.6359581204552724,0.649795999625782,-6.364395282304294,0
PV075,2013-05-24,ECF,2.73590603460205,4.221820347311026,1.4859143127089764,-4.110536012994311,4
PV075,2013-05-24,Equal-total control,2.736601215654069,4.2233723539705545,1.4867711383164854,-4.109857713602887,0
PV075,2013-05-24,No feedback,2.7366029001517367,4.223373442474816,1.4867705423230801,-4.109856050916543,0
PV075,2013-05-24,Previous-day persistence,1.4743958552502603,1.6646439447825654,0.19024808953230513,-5.364474637401538,0
PV075,2013-05-25,ECF,2.61194776920553,3.7993175132758,1.1873697440702695,-4.060038742158654,7
PV075,2013-05-25,Equal-total control,2.605386747427379,3.8054673916521096,1.200080644224731,-4.066603295802198,0
PV075,2013-05-25,No feedback,2.6053714098589986,3.8054492038661727,1.200077794007174,-4.0666184509817995,0
PV075,2013-05-25,Previous-day persistence,2.017329880666547,2.1423327562176113,0.12500287555106415,-4.651195171576466,0
PV075,2013-05-26,ECF,2.7261635952248975,3.7373510811658956,1.0111874859409986,-4.070933063970859,6
PV075,2013-05-26,Equal-total control,2.7403358629750283,3.7554476585048446,1.0151117955298161,-4.0568969461872735,0
PV075,2013-05-26,No feedback,2.740315914094124,3.7554268322471374,1.015110918153014,-4.056916672460745,0
PV075,2013-05-26,Previous-day persistence,2.1384833797281058,2.174017879200353,0.03553449947224737,-4.654544230857409,0
PV075,2013-05-27,ECF,2.267109190800986,3.9569081396020453,1.6897989488010592,-4.778001058769441,9
PV075,2013-05-27,Equal-total control,1.9666957025268452,3.6967354984794154,1.7300397959525697,-5.075210427976135,0
PV075,2013-05-27,No feedback,1.9667045179448663,3.6967492384253733,1.7300447204805072,-5.075201696592448,0
PV075,2013-05-27,Previous-day persistence,1.5793743638902769,2.2512035344320727,0.6718291705417959,-5.460511364426276,0
PV075,2013-05-28,ECF,2.4313645478094186,4.251403995820321,1.8200394480109026,-4.115010224847823,3
PV075,2013-05-28,Equal-total control,2.432162582991217,4.259496701017513,1.827334118026296,-4.114268446418636,0
PV075,2013-05-28,No feedback,2.4321436448211213,4.25947275773071,1.8273291129095885,-4.114287171929703,0
PV075,2013-05-28,Previous-day persistence,1.8633259947176977,2.3972122667601443,0.5338862720424469,-4.679892231752623,0
PV075,2013-05-29,ECF,2.8311278368011745,4.2079597695870685,1.3768319327858936,-3.2917535492126246,8
PV075,2013-05-29,Equal-total control,2.7132192023160817,4.073513142170794,1.3602939398547127,-3.4083136870497377,0
PV075,2013-05-29,No feedback,2.7132193114500636,4.073512773579472,1.3602934621294076,-3.4083135490282266,0
PV075,2013-05-29,Previous-day persistence,2.0968805690610828,2.2526254935773364,0.1557449245162536,-4.021127379240292,0
PV075,2013-05-30,ECF,3.1245668597120497,4.185304468645196,1.0607376089331464,-2.9360436033031645,2
PV075,2013-05-30,Equal-total control,3.128017970730792,4.190616339406709,1.0625983686759168,-2.9326361183117107,0
PV075,2013-05-30,No feedback,3.1280230383413468,4.190621534054977,1.0625984957136307,-2.9326311199311705,0
PV075,2013-05-30,Previous-day persistence,2.6423108849442034,2.710267998977459,0.0679571140332555,-3.414213785506331,0
PV075,2013-05-31,ECF,2.691479331528014,3.773596411250293,1.0821170797222788,-3.1012210072878044,5
PV075,2013-05-31,Equal-total control,2.691184085981841,3.777634715845037,1.086450629863196,-3.10151268765372,0
PV075,2013-05-31,No feedback,2.691184780668839,3.777635327358177,1.0864505466893375,-3.101511992999878,0
PV075,2013-05-31,Previous-day persistence,2.185503930079973,2.2490461036142326,0.06354217353425923,-3.6032410086164224,0
PV075,2013-06-01,ECF,2.065984472703412,3.6915078820605283,1.6255234093571165,-4.28961279151664,4
PV075,2013-06-01,Equal-total control,2.026913745153803,3.6199597475835485,1.5930460024297455,-4.3281929906514085,0
PV075,2013-06-01,No feedback,2.0269190293686,3.6199671757066634,1.5930481463380632,-4.328187766483667,0
PV075,2013-06-01,Previous-day persistence,1.6847811526691276,2.1987217120792417,0.5139405594101144,-4.668041741037259,0
PV075,2013-06-02,ECF,0.6478863484631823,3.9668086170945114,3.3189222686313293,-7.507851667219822,4
PV075,2013-06-02,Equal-total control,0.6270218340405317,3.926687726847954,3.2996658928074223,-7.528557597619838,0
PV075,2013-06-02,No feedback,0.6270213478747616,3.9266842083222397,3.2996628604474783,-7.528558082685458,0
PV075,2013-06-02,Previous-day persistence,0.30482637020487324,1.9760388909906648,1.6712125207857915,-7.850504274633021,0
PV075,2013-06-03,ECF,2.7506960088275774,4.043944788861268,1.2932487800336907,-4.336277941595275,8
PV075,2013-06-03,Equal-total control,2.732539101363751,4.037221346136471,1.30468224477272,-4.354280000439092,0
PV075,2013-06-03,No feedback,2.7325439412359587,4.037226836213598,1.304682894977639,-4.354275212114684,0
PV075,2013-06-03,Previous-day persistence,0.6563307075309002,0.7127824904837963,0.056451782952896004,-6.420015937602889,0
PV075,2013-06-04,ECF,2.441293809397984,3.5962561714166608,1.1549623620186769,-4.3970421029948135,4
PV075,2013-06-04,Equal-total control,2.433445659204459,3.581603219978895,1.148157560774436,-4.404820995975403,0
PV075,2013-06-04,No feedback,2.4334623392924617,3.5816194437591573,1.1481571044666958,-4.404804485349221,0
PV075,2013-06-04,Previous-day persistence,1.9153003199046008,2.020801861844487,0.10550154193988599,-4.91945563241639,0
PV075,2013-06-05,ECF,2.193074570818156,3.6176431258056727,1.4245685549875167,-4.7657014197933965,5
PV075,2013-06-05,Equal-total control,2.1838579411406336,3.5986948447182527,1.4148369035776192,-4.774899973350435,0
PV075,2013-06-05,No feedback,2.1838451165840476,3.5986809264837807,1.414835809899733,-4.774912642597883,0
PV075,2013-06-05,Previous-day persistence,1.6961057998745592,1.9736277991141247,0.2775219992395651,-5.259785305268528,0
PV075,2013-06-06,ECF,2.1281862533330314,3.9885013851356086,1.860315131802578,-4.558312194564613,3
PV075,2013-06-06,Equal-total control,2.1349185420385837,4.001655816546206,1.8667372745076218,-4.551620429442527,0
PV075,2013-06-06,No feedback,2.1349198227904713,4.001653125615958,1.8667333028254869,-4.551619170344998,0
PV075,2013-06-06,Previous-day persistence,1.7077472936871463,2.3065564687184956,0.5988091750313496,-4.975461931082902,0
PV075,2013-06-07,ECF,1.940156631151981,4.0957557237733235,2.155599092621343,-4.35352767796579,3
PV075,2013-06-07,Equal-total control,1.9360919174762916,4.108806327729777,2.1727144102534863,-4.357529791277499,0
PV075,2013-06-07,No feedback,1.9360916590792312,4.108803560566702,2.172711901487471,-4.35753004716504,0
PV075,2013-06-07,Previous-day persistence,1.4534019925566066,2.055292868649248,0.6018908760926417,-4.8380031934032335,0
PV075,2013-06-08,ECF,2.029610827893381,3.9914001199888656,1.9617892920954845,-4.633636675188157,3
PV075,2013-06-08,Equal-total control,2.0296356143142806,3.9725969073072402,1.9429612929929596,-4.633612317115691,0
PV075,2013-06-08,No feedback,2.0296387001477005,3.9726023874847836,1.942963687337083,-4.63360927937885,0
PV075,2013-06-08,Previous-day persistence,1.414785498950263,1.7726216261410408,0.35783612719077756,-5.245751917921373,0
PV075,2013-06-09,ECF,2.753428588173479,3.997110578795951,1.2436819906224723,-3.886037141778792,3
PV075,2013-06-09,Equal-total control,2.7538257580690546,3.9982488368362814,1.2444230787672268,-3.885641068769998,0
PV075,2013-06-09,No feedback,2.7538217694395652,3.9982439202386826,1.244422150799117,-3.8856449882492927,0
PV075,2013-06-09,Previous-day persistence,1.8075750161522501,1.883461608701878,0.07588659254962771,-4.82612951293961,0
PV075,2013-06-10,ECF,2.4987055558574203,4.249986984759387,1.751281428901966,-4.76759054305816,2
PV075,2013-06-10,Equal-total control,2.4872203194105835,4.063665820365133,1.5764455009545495,-4.778980902899134,0
PV075,2013-06-10,No feedback,2.4872197250403554,4.063668266252419,1.5764485412120637,-4.778981493422399,0
PV075,2013-06-10,Previous-day persistence,2.1028632058025374,2.465321351664085,0.36245814586154723,-5.160034079710504,0
PV075,2013-06-11,ECF,2.7627321968333787,3.9378947372668573,1.175162540433479,-3.747501880198341,6
PV075,2013-06-11,Equal-total control,2.756796029360432,3.940540788210185,1.1837447588497527,-3.753325695486265,0
PV075,2013-06-11,No feedback,2.756796565725443,3.9405421251184722,1.183745559393029,-3.753325174112064,0
PV075,2013-06-11,Previous-day persistence,1.9992986882416517,2.062696949309081,0.06339826106742924,-4.506451624513634,0
PV075,2013-06-12,ECF,1.2116666463826504,4.0208569663298155,2.8091903199471653,-6.303491571194174,7
PV075,2013-06-12,Equal-total control,1.109522910089912,3.7655787532653484,2.6560558431754364,-6.4043651040017116,0
PV075,2013-06-12,No feedback,1.109518509948351,3.7655627478180516,2.656044237869701,-6.404369468689774,0
PV075,2013-06-12,Previous-day persistence,0.9278976150014608,2.2954156015113414,1.3675179865098803,-6.585464225235403,0
PV075,2013-06-13,ECF,2.7702598168920267,4.13301867449838,1.362758857606353,-4.056225476744717,8
PV075,2013-06-13,Equal-total control,2.746760941740305,4.127352083006736,1.3805911412664318,-4.079501052384347,0
PV075,2013-06-13,No feedback,2.7467517283876446,4.127341025814065,1.3805892974264207,-4.079510126563977,0
PV075,2013-06-13,Previous-day persistence,1.130401170582024,1.3093460437290663,0.1789448731470425,-5.6867745721138085,0
PV075,2013-06-14,ECF,2.4983726287315333,3.582346776411609,1.0839741476800753,-4.461536064607104,5
PV075,2013-06-14,Equal-total control,2.498474748190479,3.605167401998739,1.1066926538082598,-4.461446315898546,0
PV075,2013-06-14,No feedback,2.4984878112851394,3.605181675949115,1.1066938646639755,-4.461433397953105,0
PV075,2013-06-14,Previous-day persistence,1.99988761962899,2.0835607822279574,0.08367316259896733,-4.956619433425404,0
PV075,2013-06-15,ECF,2.2632614269707165,3.9148997449702896,1.6516383179995728,-4.919735764615428,6
PV075,2013-06-15,Equal-total control,2.1675239426639,3.746032185264148,1.5785082426002481,-5.014597562524444,0
PV075,2013-06-15,No feedback,2.1675402255049536,3.746050444143987,1.5785102186390336,-5.014581409184539,0
PV075,2013-06-15,Previous-day persistence,1.766126590103175,2.125331140749591,0.35920455064641643,-5.413591339255597,0
PV075,2013-06-16,ECF,2.6324188756675717,3.849895333703136,1.2174764580355641,-4.913796764273796,7
PV075,2013-06-16,Equal-total control,2.6623322835826424,3.8865349743014836,1.2242026907188412,-4.884265208213759,0
PV075,2013-06-16,No feedback,2.662345828707819,3.8865488852254844,1.2242030565176654,-4.8842518197986635,0
PV075,2013-06-16,Previous-day persistence,2.002867252818242,2.08395220452985,0.08108495171160765,-5.540022226135201,0
PV075,2013-06-17,ECF,2.3213645406454226,3.5767175446731243,1.2553530040277017,-5.3454015848499274,5
PV075,2013-06-17,Equal-total control,2.3102065384160406,3.543369291162416,1.2331627527463747,-5.356433339868032,0
PV075,2013-06-17,No feedback,2.3102237915304604,3.5433888503722777,1.2331650588418177,-5.35641627248761,0
PV075,2013-06-17,Previous-day persistence,1.8259746686486473,1.9918774152427723,0.1659027465941249,-5.838139489516767,0
PV075,2013-06-18,ECF,2.7028751524485983,3.9293589156170983,1.2264837631685002,-5.0862112744631975,5
PV075,2013-06-18,Equal-total control,2.701493859320363,3.9296881191420776,1.2281942598217142,-5.087566702898391,0
PV075,2013-06-18,No feedback,2.7014986342462275,3.9296938861164943,1.228195251870267,-5.087561965354083,0
PV075,2013-06-18,Previous-day persistence,2.324347908680187,2.48232111775253,0.15797320907234336,-5.4628891174344325,0
PV075,2013-06-19,ECF,2.446625489405445,3.856102382100145,1.4094768926947001,-5.67196027768538,7
PV075,2013-06-19,Equal-total control,2.171305534485863,3.5384487593022556,1.367143224816393,-5.944409716639567,0
PV075,2013-06-19,No feedback,2.1713238481142367,3.5384711686375403,1.3671473205233036,-5.944391572775584,0
PV075,2013-06-19,Previous-day persistence,1.7482030137432254,2.0964030193427448,0.3482000055995198,-6.365340997302891,0
PV075,2013-06-23,ECF,1.5333719127813419,3.7381776322935076,2.204805719512166,-7.854399806521923,11
PV075,2013-06-23,Equal-total control,1.3814779409012856,3.2158127898718734,1.8343348489705877,-8.005034821023473,0
PV075,2013-06-23,No feedback,1.3815338041469833,3.2863131273667228,1.9047793232197394,-8.004978809302745,0
PV075,2013-06-23,Previous-day persistence,1.1184066785853701,1.7779888092210967,0.6595821306357266,-8.26789005467741,0
PV075,2013-06-24,ECF,2.2473212747864206,4.071172642793467,1.8238513680070465,-6.173227012384405,7
PV075,2013-06-24,Equal-total control,2.2469056501935,4.185841173421927,1.9389355232284282,-6.173423166533938,0
PV075,2013-06-24,No feedback,2.2469096874539605,4.185847925040594,1.938938237586634,-6.173419178266936,0
PV075,2013-06-24,Previous-day persistence,1.3326801723224508,1.545301112886532,0.21262094056408098,-7.082705862895534,0
PV075,2013-06-25,ECF,1.8733029854619745,3.7709403114112323,1.8976373259492578,-6.8603997382620525,1
PV075,2013-06-25,Equal-total control,1.871915382788035,3.7700695611461272,1.8981541783580922,-6.861776941330665,0
PV075,2013-06-25,No feedback,1.871916150648474,3.7700750674964394,1.8981589168479651,-6.861776207761765,0
PV075,2013-06-25,Previous-day persistence,1.4498049916427798,1.733436953759162,0.28363196211638225,-7.282101285906384,0
PV075,2013-06-26,ECF,2.1392367404810813,3.8458507112104843,1.7066139707294035,-5.466262457255168,5
PV075,2013-06-26,Equal-total control,2.1007426267194464,3.7942074080742554,1.693464781354809,-5.504555915393439,0
PV075,2013-06-26,No feedback,2.1007409926488614,3.794203343607879,1.6934623509590179,-5.504557522388976,0
PV075,2013-06-26,Previous-day persistence,1.2444565038642024,1.537533749862694,0.29307724599849166,-6.357201239383236,0
PV075,2013-06-27,ECF,1.66093290931564,3.7495363971632343,2.0886034878475943,-5.964442815452119,3
PV075,2013-06-27,Equal-total control,1.6609246249610257,3.755900933919288,2.0949763089582625,-5.964451743917676,0
PV075,2013-06-27,No feedback,1.6609206722387624,3.755895618415262,2.094974946176499,-5.964455664637724,0
PV075,2013-06-27,Previous-day persistence,1.315984798348145,1.9615053661940658,0.6455205678459208,-6.307899132092041,0
PV100,2013-01-02,ECF,3.7162597814398657,4.372053087630601,0.6557933061907351,-1.1223359171991154,6
PV100,2013-01-02,Equal-total control,3.7154162437708735,4.383602443113471,0.6681861993425982,-1.1230885746719903,0
PV100,2013-01-02,No feedback,3.7154143758289084,4.384623239498406,0.6692088636694975,-1.1230903671600858,0
PV100,2013-01-02,Previous-day persistence,3.324544686034331,3.811754664035484,0.4872099780011531,-1.5107225398231474,0
PV100,2013-01-03,ECF,4.1170083093024346,4.423659561283495,0.30665125198106036,-0.3648151936535204,12
PV100,2013-01-03,Equal-total control,4.111920099865383,4.438454908508324,0.32653480864294004,-0.36986143117317993,0
PV100,2013-01-03,No feedback,4.111900324942232,4.438435614351821,0.3265352894095893,-0.3698810038962745,0
PV100,2013-01-03,Previous-day persistence,3.271171838245902,3.4343873884873037,0.1632155502414021,-1.205103695508574,0
PV100,2013-01-04,ECF,4.205292280387265,4.473143992180298,0.26785171179303197,-0.8974251943140569,12
PV100,2013-01-04,Equal-total control,4.206557746044485,4.487090099820747,0.2805323537762622,-0.8961749238472381,0
PV100,2013-01-04,No feedback,4.206558655409282,4.487091042075143,0.28053238666586156,-0.8961740026209347,0
PV100,2013-01-04,Previous-day persistence,3.603351198209316,3.7529515537328066,0.149600355523491,-1.4936112565511372,0
PV100,2013-01-05,ECF,4.344325675551028,4.505877953838944,0.16155227828791519,-1.7819096475836975,8
PV100,2013-01-05,Equal-total control,4.3506979151863385,4.518076088455613,0.1673781732692745,-1.7756433865319567,0
PV100,2013-01-05,No feedback,4.350715738491317,4.518094517170291,0.16737877867897386,-1.7756258113299517,0
PV100,2013-01-05,Previous-day persistence,3.8019304893200268,3.8413728652679993,0.03944237594797226,-2.3198724366580863,0
PV100,2013-01-06,ECF,4.468393305207172,4.624492454354442,0.15609914914726947,-1.5035102171291723,12
PV100,2013-01-06,Equal-total control,4.477329184690149,4.643116217224065,0.16578703253391724,-1.49471827574439,0
PV100,2013-01-06,No feedback,4.477300171969307,4.643086773643189,0.16578660167388143,-1.4947469482006837,0
PV100,2013-01-06,Previous-day persistence,3.878133442607,3.9126097869547416,0.03447634434774143,-2.0889633888291708,0
PV100,2013-01-07,ECF,4.131671679158757,4.427471925593407,0.2958002464346501,-1.3073559513955721,14
PV100,2013-01-07,Equal-total control,4.119364327959893,4.4429454343304835,0.32358110637058995,-1.319663258258113,0
PV100,2013-01-07,No feedback,4.11936666303889,4.442943661796894,0.32357699875800394,-1.3196608923790398,0
PV100,2013-01-07,Previous-day persistence,3.6145423894048676,3.8055335883030756,0.19099119889820784,-1.8207449836456768,0
PV100,2013-01-08,ECF,3.6985092936952992,4.023300969795377,0.3247916761000782,-6.3968427051019106,9
PV100,2013-01-08,Equal-total control,3.700472042580807,4.02857202444249,0.3280999818616839,-6.394896169607655,0
PV100,2013-01-08,No feedback,3.7004512218789998,4.028550516643041,0.3280992947640422,-6.394916843410428,0
PV100,2013-01-08,Previous-day persistence,3.0350169554025452,3.2366524690768816,0.20163551367433621,-7.056341263155777,0
PV100,2013-01-12,ECF,3.8590138230321074,4.343967040553272,0.48495321752116444,-3.2230107150505094,6
PV100,2013-01-12,Equal-total control,3.8617583476231525,4.3622627571429184,0.5005044095197662,-3.2201088535366327,0
PV100,2013-01-12,No feedback,3.8617444330989517,4.362250168263715,0.5005057351647632,-3.2201226212738683,0
PV100,2013-01-12,Previous-day persistence,3.281005646511058,3.585052386634585,0.3040467401235267,-3.7968698762983495,0
PV100,2013-01-13,ECF,2.8304855798796518,4.208577154206852,1.3780915743271995,-2.44438467435211,8
PV100,2013-01-13,Equal-total control,2.8068988466478,4.188814545661175,1.381915699013374,-2.4677816191499558,0
PV100,2013-01-13,No feedback,2.8068974174869297,4.194911928366565,1.3880145108796358,-2.4677830660291575,0
PV100,2013-01-13,Previous-day persistence,2.11847472871201,3.1362680232627476,1.0177932945507375,-3.1534100673407304,0
PV100,2013-01-14,ECF,3.873606160949856,4.535824527939616,0.6622183669897599,-0.6709133902109709,8
PV100,2013-01-14,Equal-total control,3.8692400340450317,4.536947080918489,0.6677070468734576,-0.6752463122890093,0
PV100,2013-01-14,No feedback,3.8692374272119516,4.536942445916823,0.6677050187048714,-0.6752488847135324,0
PV100,2013-01-14,Previous-day persistence,2.620316169397612,2.8227398435556292,0.20242367415801724,-1.918639029326115,0
PV100,2013-01-15,ECF,4.182139403539512,4.40534923864223,0.22320983510271764,-0.27708847495537126,15
PV100,2013-01-15,Equal-total control,4.13863325665274,4.386089343210392,0.24745608655765178,-0.3199675180880759,0
PV100,2013-01-15,No feedback,4.138654542740253,4.386110224162269,0.24745568142201604,-0.3199464605805632,0
PV100,2013-01-15,Previous-day persistence,3.4525951387927742,3.53017612106886,0.07758098227608567,-1.0008117406572952,0
PV100,2013-01-16,ECF,4.11276889768482,4.414996058418229,0.30222716073340933,-0.9443452762780356,11
PV100,2013-01-16,Equal-total control,4.113717099967709,4.4251234188,0.311406318832292,-0.9434184540370596,0
PV100,2013-01-16,No feedback,4.113674486462405,4.42507958616325,0.3114050997008443,-0.9434605933873637,0
PV100,2013-01-16,Previous-day persistence,3.4520209501949752,3.6241820616413145,0.17216111144633928,-1.6002403625133188,0
PV100,2013-01-17,ECF,4.235812319450715,4.619645466795626,0.3838331473449119,-1.6218449153067052,11
PV100,2013-01-17,Equal-total control,4.236192801381965,4.637016799198454,0.4008239978164887,-1.621456938158743,0
PV100,2013-01-17,No feedback,4.236176018957808,4.636999974259376,0.40082395530156867,-1.621473547349141,0
PV100,2013-01-17,Previous-day persistence,3.7404692651286737,3.970426774155421,0.22995750902674703,-2.1133479484721653,0
PV100,2013-01-18,ECF,3.912991625940667,4.4614586702745385,0.5484670443338711,-5.431288384299811,9
PV100,2013-01-18,Equal-total control,3.906936538124558,4.462244524761554,0.5553079866369963,-5.437358667115859,0
PV100,2013-01-18,No feedback,3.9069477053696025,4.462256944956712,0.55530923958711,-5.437347531202384,0
PV100,2013-01-18,Previous-day persistence,3.51621234489492,3.8923566009641957,0.37614425606927593,-5.826630015049293,0
PV100,2013-01-19,ECF,3.3223572326559907,4.278950256275633,0.9565930236196423,-1.7002807887033762,5
PV100,2013-01-19,Equal-total control,3.3292678593663063,4.298897599614515,0.9696297402482082,-1.6934603101744903,0
PV100,2013-01-19,No feedback,3.329280099533318,4.29891189746595,0.9696317979326319,-1.6934482179669914,0
PV100,2013-01-19,Previous-day persistence,2.854346311206032,3.458235697985266,0.6038893867792342,-2.165349395620831,0
PV100,2013-01-20,ECF,2.6504788650969227,3.9223083019375418,1.271829436840619,-2.2014699737261547,8
PV100,2013-01-20,Equal-total control,2.6615635556083257,4.144550157199808,1.4829866015914814,-2.190322110994541,0
PV100,2013-01-20,No feedback,2.6615634398578836,4.144536654386213,1.4829732145283292,-2.190322216426689,0
PV100,2013-01-20,Previous-day persistence,2.2074511001631247,3.1000415558494208,0.8925904556862962,-2.642979505265199,0
PV100,2013-01-21,ECF,4.153372556448698,4.478404605012333,0.32503204856363577,-0.657460045659624,10
PV100,2013-01-21,Equal-total control,4.149178879205953,4.486245133534716,0.3370662543287626,-0.6615721217182334,0
PV100,2013-01-21,No feedback,4.1491826639293645,4.48624934926411,0.33706668533474604,-0.6615683972051141,0
PV100,2013-01-21,Previous-day persistence,3.051971220162156,3.099858280278001,0.047887060115844746,-1.7523295672042452,0
PV100,2013-01-22,ECF,3.0888440124197474,3.8730402440946547,0.7841962316749069,-2.512577359609598,9
PV100,2013-01-22,Equal-total control,3.075572652174568,3.7439343985135904,0.6683617463390226,-2.5258190864000434,0
PV100,2013-01-22,No feedback,3.0755729670995455,3.743935166964925,0.6683621998653797,-2.525818758011168,0
PV100,2013-01-22,Previous-day persistence,2.5954078828529386,3.097292115488294,0.5018842326353554,-3.0033744757045753,0
PV100,2013-01-23,ECF,3.5176325953102134,4.239567600796005,0.7219350054857916,-1.2566968682403834,8
PV100,2013-01-23,Equal-total control,3.585567203595926,4.456189589692622,0.870622386096696,-1.1892314376972044,0
PV100,2013-01-23,No feedback,3.5855717839639,4.456189824757585,0.8706180407936857,-1.1892269000700177,0
PV100,2013-01-23,Previous-day persistence,3.006058503156139,3.4679834667079112,0.46192496355177226,-1.766023862811786,0
PV100,2013-01-24,ECF,4.167295044691503,4.628029241795328,0.460734197103825,-0.7947678012247135,12
PV100,2013-01-24,Equal-total control,4.140083993749212,4.62043607956567,0.4803520858164579,-0.8217571795868565,0
PV100,2013-01-24,No feedback,4.1400751754244745,4.620426568359327,0.4803513929348521,-0.8217658877317279,0
PV100,2013-01-24,Previous-day persistence,3.4319856404651787,3.6691908718459216,0.23720523138074254,-1.5261014964319055,0
PV100,2013-01-25,ECF,3.970718729771477,4.22489655098696,0.25417782121548343,-1.9985532930474537,11
PV100,2013-01-25,Equal-total control,3.985190952386416,4.24924356696673,0.26405261458031426,-1.984226924752276,0
PV100,2013-01-25,No feedback,3.985203840643301,4.249256638656917,0.26405279801361603,-1.9842141401584728,0
PV100,2013-01-25,Previous-day persistence,3.1324884779602256,3.2309562352195806,0.09846775725935505,-2.8307755926896867,0
PV100,2013-04-02,ECF,3.355827515648575,3.910936645604844,0.5551091299562694,-1.360375729759303,5
PV100,2013-04-02,Equal-total control,3.3551228326052884,3.9105972122475308,0.5554743796422423,-1.3610614378337094,0
PV100,2013-04-02,No feedback,3.3551354171657093,3.9106100230159946,0.5554746058502853,-1.3610489882445955,0
PV100,2013-04-02,Previous-day persistence,2.8021925589794714,2.872083037227398,0.06989047824792721,-1.9102780651975648,0
PV100,2013-04-03,ECF,2.145522834121108,4.132255499119155,1.986732664998047,-2.9329007869544057,6
PV100,2013-04-03,Equal-total control,2.0846293679591215,3.9789597272122426,1.894330359253121,-2.9930471408645896,0
PV100,2013-04-03,No feedback,2.08463000475642,3.9789539423285087,1.8943239375720884,-2.993046518370047,0
PV100,2013-04-03,Previous-day persistence,1.8397099462659072,2.993544078458144,1.153834132192237,-3.236156233774603,0
PV100,2013-04-04,ECF,2.947024449744256,4.271731209229915,1.324706759485659,-2.193061071453863,6
PV100,2013-04-04,Equal-total control,2.9474088020030527,4.28950787988435,1.3420990778812976,-2.1927790576584334,0
PV100,2013-04-04,No feedback,2.9474115830635217,4.289508129652528,1.3420965465890073,-2.1927763033496483,0
PV100,2013-04-04,Previous-day persistence,1.7257225708594248,1.9331779034451007,0.2074553325856755,-3.407395271107614,0
PV100,2013-04-09,ECF,3.0304790140285607,4.0312189160526515,1.0007399020240912,-1.9644781579896873,8
PV100,2013-04-09,Equal-total control,2.915100043595375,3.9473829361654498,1.0322828925700747,-2.078233726447749,0
PV100,2013-04-09,No feedback,2.9150914930777296,3.9473744805707387,1.0322829874930095,-2.0782421848137447,0
PV100,2013-04-09,Previous-day persistence,2.4716879509435934,2.91017306428075,0.4384851133371565,-2.518325102496668,0
PV100,2013-04-10,ECF,3.8216965282751847,4.480387611006782,0.6586910827315976,-1.0932584399397547,5
PV100,2013-04-10,Equal-total control,3.8253768726533544,4.485243120150113,0.6598662474967588,-1.089620990921303,0
PV100,2013-04-10,No feedback,3.825351833573757,4.485217110326628,0.6598652767528712,-1.089645666325829,0
PV100,2013-04-10,Previous-day persistence,3.1499080667368133,3.2149516002463256,0.06504353350951175,-1.7610771849506939,0
PV100,2013-04-14,ECF,3.4071875431884706,4.044738783827964,0.6375512406394932,-1.549863144511135,3
PV100,2013-04-14,Equal-total control,3.4072669503224806,4.044818226822526,0.637551276500046,-1.5497840675749088,0
PV100,2013-04-14,No feedback,3.4072648275197257,4.04481606815922,0.6375512406394932,-1.5497861698996145,0
PV100,2013-04-14,Previous-day persistence,2.8430137029278573,2.884189096079676,0.04117539315181844,-2.109140327943771,0
PV100,2013-04-15,ECF,3.3058494841013473,4.102929084882034,0.7970796007806864,-1.6560186036498128,7
PV100,2013-04-15,Equal-total control,3.3019041515611125,4.10392152523051,0.8020173736693978,-1.6599530188421336,0
PV100,2013-04-15,No feedback,3.301875460176867,4.103892382147194,0.8020169219703266,-1.6599813484386776,0
PV100,2013-04-15,Previous-day persistence,2.8047136424592516,3.0004828843265985,0.19576924186734695,-2.15293495436651,0
PV100,2013-04-22,ECF,2.796195206559224,4.00278991242179,1.2065947058625655,-2.657191678894182,5
PV100,2013-04-22,Equal-total control,2.918648626315405,4.133994399226879,1.2153457729114732,-2.535987633442389,0
PV100,2013-04-22,No feedback,2.9186421274158647,4.133985909522359,1.2153437821064943,-2.535994065370414,0
PV100,2013-04-22,Previous-day persistence,2.4103362058232047,2.833651329166402,0.423315123343197,-3.0405337765223153,0
PV100,2013-04-28,ECF,3.1774090245621434,3.9016119150029835,0.7242028904408403,-2.058979906629116,4
PV100,2013-04-28,Equal-total control,3.17506199439188,3.900479205669889,0.7254172112780095,-2.0613039103583417,0
PV100,2013-04-28,No feedback,3.175056433741186,3.9004730948154043,0.7254166610742181,-2.0613094200124755,0
PV100,2013-04-28,Previous-day persistence,2.7086860285073975,2.7332118452645817,0.0245258167571841,-2.523641161168284,0
PV100,2013-04-29,ECF,3.217960258865189,3.9792281179844715,0.7612678591192823,-1.8076530063154062,4
PV100,2013-04-29,Equal-total control,3.2220578055050995,3.984436601225234,0.7623787957201345,-1.8036091601304083,0
PV100,2013-04-29,No feedback,3.222060238692239,3.984439337674786,0.762379098982547,-1.8036067747715678,0
PV100,2013-04-29,Previous-day persistence,2.70746615738227,2.746737408783365,0.039271251401095136,-2.3136234748589835,0
PV100,2013-04-30,ECF,2.7938738891575756,3.89928295880501,1.1054090696474348,-2.2484233613178093,4
PV100,2013-04-30,Equal-total control,2.8086226307384248,3.942086193314153,1.1334635625757277,-2.2339017796636726,0
PV100,2013-04-30,No feedback,2.80862342284886,3.942086088471595,1.133462665622735,-2.2339009850746847,0
PV100,2013-04-30,Previous-day persistence,2.3635250644290604,2.720344936445774,0.35681987201671306,-2.675655311360912,0
PV100,2013-05-01,ECF,3.1458078002416063,4.229093534382697,1.0832857341410906,-1.942762748030729,1
PV100,2013-05-01,Equal-total control,3.146644217199812,4.230444160956777,1.0837999437569654,-1.9419360537992323,0
PV100,2013-05-01,No feedback,3.146636754637871,4.230436588263584,1.0837998336257129,-1.941943502671117,0
PV100,2013-05-01,Previous-day persistence,2.456054948700365,2.5851780819991164,0.12912313329875158,-2.626867355126738,0
PV100,2013-05-06,ECF,3.0072618985709143,3.8128300071120687,0.8055681085411543,-2.562642267914627,2
PV100,2013-05-06,Equal-total control,3.0075630881786486,3.8142818487440833,0.8067187605654349,-2.5623449027300707,0
PV100,2013-05-06,No feedback,3.007562767447799,3.814280435104468,0.806717667656669,-2.562345219341674,0
PV100,2013-05-06,Previous-day persistence,2.3042859862586225,2.3691037083419615,0.06481772208333896,-3.260146146937502,0
PV100,2013-05-07,ECF,2.937874395735607,4.012431380937803,1.074556985202197,-2.5800262708989328,6
PV100,2013-05-07,Equal-total control,2.9105678760405826,3.950240019787869,1.0396721437472864,-2.607046121533779,0
PV100,2013-05-07,No feedback,2.9105601198948308,3.950231873913103,1.039671754018272,-2.607053779819137,0
PV100,2013-05-07,Previous-day persistence,2.4975262146046155,2.7819283718441374,0.28440215723952245,-3.017034941357098,0
PV100,2013-05-08,ECF,3.0701908317144744,4.153243776995138,1.0830529452806634,-2.3502164284031726,5
PV100,2013-05-08,Equal-total control,3.0703608557132767,4.16352933946542,1.093168483752144,-2.3500798455271035,0
PV100,2013-05-08,No feedback,3.07037659564826,4.163547241114392,1.0931706454661319,-2.3500643311061586,0
PV100,2013-05-08,Previous-day persistence,2.5024019813558462,2.7437256051037893,0.24132362374794267,-2.9142194288095733,0
PV100,2013-05-09,ECF,3.1084792565059414,4.095588988459829,0.9871097319538881,-2.239236612578476,6
PV100,2013-05-09,Equal-total control,3.1087606207139715,4.101397209131729,0.9926365884177571,-2.2389548392151357,0
PV100,2013-05-09,No feedback,3.108765874153708,4.101402593718476,0.992636719564769,-2.23894964154284,0
PV100,2013-05-09,Previous-day persistence,2.4662980721152357,2.6154199214877645,0.1491218493725285,-2.877274922079268,0
PV100,2013-05-10,ECF,3.007390821536185,3.878842338047078,0.8714515165108929,-2.22377600466751,3
PV100,2013-05-10,Equal-total control,3.0058960525077265,3.8784871065323037,0.8725910540245775,-2.2252579427852797,0
PV100,2013-05-10,No feedback,3.0058988140001324,3.878489876664479,0.8725910626643467,-2.2252552137158776,0
PV100,2013-05-10,Previous-day persistence,2.4086490928742434,2.4341133077997386,0.02546421492549499,-2.8175054969761857,0
PV100,2013-05-11,ECF,2.833855143456839,4.333255330807706,1.4994001873508669,-2.810566535187295,8
PV100,2013-05-11,Equal-total control,2.6524846119871794,4.098804540458157,1.4463199284709773,-2.990202150788168,0
PV100,2013-05-11,No feedback,2.652483771138436,4.0988038651327745,1.4463200939943386,-2.9902029365021336,0
PV100,2013-05-11,Previous-day persistence,2.191822557834835,2.6758163233931844,0.48399376555834983,-3.447573016513598,0
PV100,2013-05-12,ECF,3.4233652771545273,4.625582512320058,1.2022172351655307,-2.1441095585230543,4
PV100,2013-05-12,Equal-total control,3.4248950510839453,4.63874115738513,1.2138461063011845,-2.1426083412208485,0
PV100,2013-05-12,No feedback,3.424892329964824,4.638738884165312,1.2138465542004877,-2.142611030601144,0
PV100,2013-05-12,Previous-day persistence,2.6023657933657556,2.79659393646119,0.19422814309543465,-2.959944770129865,0
PV100,2013-05-16,ECF,2.9958828844769334,4.0198753109036724,1.0239924264267388,-2.9726165655017236,2
PV100,2013-05-16,Equal-total control,2.8850252676490324,3.889744215332121,1.0047189476830884,-3.082205526020822,0
PV100,2013-05-16,No feedback,2.885029376932898,3.8897483808383893,1.0047190039054912,-3.082201474959976,0
PV100,2013-05-16,Previous-day persistence,2.2871737776641234,2.3604608610712354,0.07328708340711206,-3.6750902417223976,0
PV100,2013-05-17,ECF,2.9405944840812612,3.869985102187421,0.9293906181061602,-3.1938429311218433,2
PV100,2013-05-17,Equal-total control,2.9399803956912027,3.870031282799074,0.9300508871078714,-3.1944513625324116,0
PV100,2013-05-17,No feedback,2.939980108730789,3.870030971550219,0.9300508628194297,-3.1944516471666993,0
PV100,2013-05-17,Previous-day persistence,2.488233621351431,2.5171696056191815,0.028935984267750427,-3.643256574268994,0
PV100,2013-05-18,ECF,2.927134155334855,3.849922403597369,0.9227882482625145,-3.4584923677391988,2
PV100,2013-05-18,Equal-total control,2.9267945886761257,3.850146100075056,0.9233515113989299,-3.4588277691316303,0
PV100,2013-05-18,No feedback,2.926788904769404,3.850140142888841,0.9233512381194365,-3.4588333945447713,0
PV100,2013-05-18,Previous-day persistence,2.315892808580543,2.3432565270551873,0.027363718474644607,-4.064956922695592,0
PV100,2013-05-19,ECF,2.8916984915046653,3.845493116115213,0.9537946246105478,-3.7511506274231143,4
PV100,2013-05-19,Equal-total control,2.890940302140497,3.845368524819345,0.9544282226788482,-3.7518996157424587,0
PV100,2013-05-19,No feedback,2.8909145915058856,3.8453422276259683,0.9544276361200834,-3.7519249826746233,0
PV100,2013-05-19,Previous-day persistence,2.3225022055264555,2.364333062440448,0.041830856913992936,-4.316204851553681,0
PV100,2013-05-20,ECF,2.810609263625845,3.7510927039501376,0.9404834403242925,-3.808200932256096,1
PV100,2013-05-20,Equal-total control,2.810609263625845,3.7510927039501376,0.9404834403242925,-3.808200932255871,0
PV100,2013-05-20,No feedback,2.810609263625845,3.7510927039501376,0.9404834403242925,-3.808200932255946,0
PV100,2013-05-20,Previous-day persistence,2.2213583742554515,2.2784570360329006,0.057098661777449045,-4.393057655534286,0
PV100,2013-05-21,ECF,2.823806324115732,3.8651932660770028,1.041386941961271,-3.417359810464648,2
PV100,2013-05-21,Equal-total control,2.823806324115732,3.8645629612056176,1.0407566370898862,-3.4173598104676026,0
PV100,2013-05-21,No feedback,2.823806324115732,3.86456265406109,1.0407563299453584,-3.417359810467455,0
PV100,2013-05-21,Previous-day persistence,2.2828083649854776,2.3787058152993588,0.09589745031388153,-3.9546992423597573,0
PV100,2013-05-22,ECF,2.0069057263870436,3.9785783571430406,1.971672630755997,-5.212386733266612,6
PV100,2013-05-22,Equal-total control,1.985338523606727,3.8955967287524333,1.9102582051457064,-5.2338069431919,0
PV100,2013-05-22,No feedback,1.9853271732718611,3.8955812906673404,1.9102541173954797,-5.233818179471942,0
PV100,2013-05-22,Previous-day persistence,1.717517758402616,2.582589772629146,0.8650720142265299,-5.499999576637018,0
PV100,2013-05-23,ECF,1.742947723905919,4.199411174474047,2.456463450568128,-5.572733825209075,7
PV100,2013-05-23,Equal-total control,1.736524910460231,4.1807370075395776,2.4442120970793466,-5.5790635911007715,0
PV100,2013-05-23,No feedback,1.7365253458773526,4.18073427347476,2.444208927597408,-5.579063165877863,0
PV100,2013-05-23,Previous-day persistence,1.2486015556207606,1.8898565157468616,0.6412549601261011,-6.065046777580892,0
PV100,2013-05-24,ECF,2.914914384552554,4.370485422236684,1.4555710376841304,-3.9099471543220905,3
PV100,2013-05-24,Equal-total control,2.9155137087604572,4.371494876879906,1.455981168119448,-3.909354437099394,0
PV100,2013-05-24,No feedback,2.915512142242827,4.371492861156824,1.4559807189139975,-3.9093559841234593,0
PV100,2013-05-24,Previous-day persistence,1.7458172087711694,1.9542965065523936,0.20847929778122426,-5.072163217771855,0
PV100,2013-05-25,ECF,2.69512344622516,3.8953352932200183,1.2002118469948582,-3.959631028769866,7
PV100,2013-05-25,Equal-total control,2.715356301620124,3.925346138693146,1.2099898370730227,-3.9396708878349833,0
PV100,2013-05-25,No feedback,2.7153599539613946,3.9253505958279638,1.20999064186657,-3.939667259694318,0
PV100,2013-05-25,Previous-day persistence,2.116811045001506,2.2251481844109398,0.10833713940943382,-4.534571704902046,0
PV100,2013-05-26,ECF,2.816528673909911,3.8553522449913538,1.0388235710814424,-3.964651049800194,6
PV100,2013-05-26,Equal-total control,2.826836915591197,3.8689468701769325,1.0421099545857353,-3.9544482718633405,0
PV100,2013-05-26,No feedback,2.826837785208455,3.868947660754139,1.042109875545684,-3.954447446850363,0
PV100,2013-05-26,Previous-day persistence,2.2118394197396274,2.2445887833708538,0.03274936363122631,-4.565103142317312,0
PV100,2013-05-27,ECF,2.414197690173118,3.9741176474145394,1.5599199572414215,-4.598300180114233,9
PV100,2013-05-27,Equal-total control,2.1860804895296537,3.794772131883348,1.6086916423536934,-4.824148156995598,0
PV100,2013-05-27,No feedback,2.1860784042407047,3.794767307981675,1.6086889037409706,-4.824150211585332,0
PV100,2013-05-27,Previous-day persistence,1.746395274120918,2.308442956450966,0.5620476823300481,-5.261389930190716,0
PV100,2013-05-28,ECF,2.7053979436185527,4.472684395030761,1.7672864514122086,-3.816590298020551,4
PV100,2013-05-28,Equal-total control,2.6899014119108156,4.45910151970436,1.769200107793544,-3.8319005948137534,0
PV100,2013-05-28,No feedback,2.6898939998684357,4.459094471346811,1.769200471478374,-3.8319079283248825,0
PV100,2013-05-28,Previous-day persistence,2.091124301276591,2.5702256699877335,0.4791013687111425,-4.427148251352157,0
PV100,2013-05-29,ECF,2.9481195619413163,4.356572018308374,1.408452456367058,-3.1559266478380477,7
PV100,2013-05-29,Equal-total control,2.8427995243210384,4.241988921059486,1.3991893967384479,-3.2600416934781125,0
PV100,2013-05-29,No feedback,2.84280330455493,4.241992690037412,1.3991893854824817,-3.260037945175272,0
PV100,2013-05-29,Previous-day persistence,2.2314608727700804,2.3839530622115825,0.1524921894415018,-3.867840972461063,0
PV100,2013-05-30,ECF,3.2489680881619436,4.289111263797572,1.0401431756356285,-2.797174487549501,3
PV100,2013-05-30,Equal-total control,3.244617509656393,4.28514585163952,1.0405283419831264,-2.8014809118474227,0
PV100,2013-05-30,No feedback,3.2445852999115288,4.285112089122203,1.0405267892106733,-2.801512719927259,0
PV100,2013-05-30,Previous-day persistence,2.7135382910425387,2.768070039775953,0.05453174873341435,-3.3280637490056,0
PV100,2013-05-31,ECF,2.779683175095947,3.8899184196147045,1.1102352445187567,-2.997344675867125,5
PV100,2013-05-31,Equal-total control,2.7720968515811815,3.8884526018702488,1.1163557502890677,-3.0048436464739092,0
PV100,2013-05-31,No feedback,2.7720827213005332,3.888437424740113,1.1163547034395807,-3.004857638917663,0
PV100,2013-05-31,Previous-day persistence,2.243018198755946,2.305412606708568,0.062394407952621675,-3.529694735003711,0
PV100,2013-06-01,ECF,2.1938916207060046,3.7530270148427625,1.559135394136758,-4.134991107342628,3
PV100,2013-06-01,Equal-total control,2.1916514861038205,3.7281237534737577,1.536472267369937,-4.137325406538292,0
PV100,2013-06-01,No feedback,2.1916669744058472,3.728151516748878,1.5364845423430311,-4.137310043030409,0
PV100,2013-06-01,Previous-day persistence,1.7990958627040183,2.2548008997048266,0.4557050370008081,-4.5271791147793135,0
PV100,2013-06-02,ECF,0.8045908551889369,4.178306431765329,3.3737155765763918,-7.299115113993997,4
PV100,2013-06-02,Equal-total control,0.7917209714878506,4.110895367223536,3.319174395735685,-7.311896281327596,0
PV100,2013-06-02,No feedback,0.7917204788316913,4.110890342065761,3.3191698632340696,-7.311896772514248,0
PV100,2013-06-02,Previous-day persistence,0.4100742042252074,2.1139351555650165,1.7038609513398093,-7.693058116140123,0
PV100,2013-06-03,ECF,2.894385535403778,4.210185147334023,1.3157996119302455,-4.171668345195461,8
PV100,2013-06-03,Equal-total control,2.8768845286092053,4.204973152790274,1.3280886241810683,-4.188990638719802,0
PV100,2013-06-03,No feedback,2.8768808972346864,4.204969340246531,1.3280884430118438,-4.188994223651003,0
PV100,2013-06-03,Previous-day persistence,0.8304681488924388,0.8885855329094606,0.058117384017021906,-6.225061965269508,0
PV100,2013-06-04,ECF,2.542399315349576,3.6937252663244955,1.1513259509749199,-4.275769797879961,4
PV100,2013-06-04,Equal-total control,2.537136845589531,3.688074559272703,1.150937713683171,-4.2809871883701645,0
PV100,2013-06-04,No feedback,2.5371486241903556,3.6880856327637526,1.150937008573397,-4.2809755328462,0
PV100,2013-06-04,Previous-day persistence,1.9959802587385325,2.089943229330105,0.09396297059157241,-4.818474402299934,0
PV100,2013-06-05,ECF,2.3708710327252343,3.739948369153015,1.36907733642778,-4.559834970616594,4
PV100,2013-06-05,Equal-total control,2.3642928328848996,3.7411716479618464,1.3768788150769469,-4.5663525277083234,0
PV100,2013-06-05,No feedback,2.364272574262001,3.74115000423392,1.3768774299719184,-4.566372564670373,0
PV100,2013-06-05,Previous-day persistence,1.823570582250074,2.033705322281077,0.2101347400310027,-5.103774464873703,0
PV100,2013-06-06,ECF,2.3829004805590506,4.170681597920328,1.7877811173612774,-4.277031761377772,1
PV100,2013-06-06,Equal-total control,2.3850087000362326,4.173148763630475,1.7881400635942426,-4.274948219491696,0
PV100,2013-06-06,No feedback,2.3850191655186475,4.173159036673258,1.7881398711546108,-4.274937873085726,0
PV100,2013-06-06,Previous-day persistence,1.9802610231486888,2.508287238099904,0.5280262149512156,-4.676354411847675,0
PV100,2013-06-07,ECF,2.169145375450785,4.261950630564428,2.092805255113643,-4.101275809270439,3
PV100,2013-06-07,Equal-total control,2.169145375450785,4.261950630564428,2.092805255113643,-4.101275809267267,0
PV100,2013-06-07,No feedback,2.169145375450785,4.261950630564428,2.092805255113643,-4.1012758092686985,0
PV100,2013-06-07,Previous-day persistence,1.7305617293063853,2.2551612051438923,0.5245994758375068,-4.537931033594341,0
PV100,2013-06-08,ECF,2.2906568415419963,4.1480527952147845,1.8573959536727886,-4.3428603673460335,4
PV100,2013-06-08,Equal-total control,2.282946968583843,4.145149299814506,1.8622023312306633,-4.350500845457911,0
PV100,2013-06-08,No feedback,2.282945292107434,4.145145219553972,1.862199927446538,-4.350502503057226,0
PV100,2013-06-08,Previous-day persistence,1.6259989793429876,1.916792808477268,0.2907938291342804,-5.004204775583425,0
PV100,2013-06-09,ECF,2.9262321842990895,4.150272709517333,1.2240405252182436,-3.689481846857477,1
PV100,2013-06-09,Equal-total control,2.9266558566158687,4.15078262612009,1.2241267695042222,-3.68906705559153,0
PV100,2013-06-09,No feedback,2.926668954605984,4.150797120817254,1.2241281662112693,-3.6890541545227085,0
PV100,2013-06-09,Previous-day persistence,2.0343140706304728,2.096758519076428,0.06244444844595528,-4.575960473409261,0
PV100,2013-06-10,ECF,2.6579797890903545,4.312698733572844,1.6547189444824904,-4.58102380623262,3
PV100,2013-06-10,Equal-total control,2.634961356421563,4.164898968844572,1.5299376124230075,-4.60384043434366,0
PV100,2013-06-10,No feedback,2.63499307764462,4.164932860990646,1.5299397833460258,-4.603809102301772,0
PV100,2013-06-10,Previous-day persistence,2.2273715147385804,2.5913678741400266,0.3639963594014464,-5.007932603987067,0
PV100,2013-06-11,ECF,2.88422147724488,4.04417253946092,1.1599510622160394,-3.609500914337654,3
PV100,2013-06-11,Equal-total control,2.877870592186778,4.0405775328683005,1.1627069406815225,-3.6157620645577344,0
PV100,2013-06-11,No feedback,2.8778642719207053,4.040570885980861,1.1627066140601552,-3.6157683123100393,0
PV100,2013-06-11,Previous-day persistence,2.120673656704055,2.1756116410787536,0.05493798437469857,-4.368615679526547,0
PV100,2013-06-12,ECF,1.443188081122663,3.888360320315309,2.4451722391926465,-6.0190851089098585,8
PV100,2013-06-12,Equal-total control,1.354320964447456,3.8832780562192895,2.528957091771834,-6.106738453022542,0
PV100,2013-06-12,No feedback,1.3543146178627234,3.8832558032246918,2.528941185361968,-6.10674474769377,0
PV100,2013-06-12,Previous-day persistence,1.1272377342573834,2.3641794195644312,1.236941685307048,-6.333019087068309,0
PV100,2013-06-13,ECF,2.9176201073036703,4.298020940547641,1.3804008332439701,-3.890474703175462,7
PV100,2013-06-13,Equal-total control,2.8757001697985247,4.273998620081863,1.3982984502833382,-3.9318540277546,0
PV100,2013-06-13,No feedback,2.8756866587656305,4.273982769395788,1.398296110630158,-3.931867370937402,0
PV100,2013-06-13,Previous-day persistence,1.3783781871551932,1.5682046307942312,0.18982644363903806,-5.420725684259093,0
PV100,2013-06-14,ECF,2.5990971136341745,3.7007154538463336,1.1016183402121587,-4.339828628311783,3
PV100,2013-06-14,Equal-total control,2.6006198697908203,3.7027423713635215,1.1021225015727012,-4.3383313737251425,0
PV100,2013-06-14,No feedback,2.600607353554507,3.702730177877374,1.1021228243228665,-4.338343792123748,0
PV100,2013-06-14,Previous-day persistence,2.063318929692369,2.133718616956185,0.07039968726381561,-4.871849420809692,0
PV100,2013-06-15,ECF,2.3597336587923357,3.9624430882299673,1.6027094294376314,-4.792639400082946,6
PV100,2013-06-15,Equal-total control,2.3061564967252557,3.8598421949759443,1.5536856982506884,-4.845823427600701,0
PV100,2013-06-15,No feedback,2.306137956210198,3.859820711422242,1.5536827552120442,-4.845841803040242,0
PV100,2013-06-15,Previous-day persistence,1.8550398360086113,2.1773376459997795,0.3222978099911683,-5.294276751243063,0
PV100,2013-06-16,ECF,2.7736445430003025,4.01172544743523,1.238080904434928,-4.750387662522925,6
PV100,2013-06-16,Equal-total control,2.776190941717865,4.018376061359708,1.2421851196418423,-4.7478852984946815,0
PV100,2013-06-16,No feedback,2.776169194664766,4.018351552259304,1.2421823575945377,-4.747906815956639,0
PV100,2013-06-16,Previous-day persistence,2.176273152466048,2.264909084996389,0.08863593253034083,-5.344498344330841,0
PV100,2013-06-17,ECF,2.5047138063840526,3.7119964476548244,1.2072826412707718,-5.13311287518136,6
PV100,2013-06-17,Equal-total control,2.4604897540669883,3.6587188964064477,1.1982291423394598,-5.177033058031601,0
PV100,2013-06-17,No feedback,2.4604810974977496,3.65870876216373,1.1982276646659806,-5.177041623916054,0
PV100,2013-06-17,Previous-day persistence,1.93063163426514,2.0576164181112153,0.12698478384607523,-5.703941662315793,0
PV100,2013-06-18,ECF,2.7980171223303802,3.983868440758852,1.1858513184284711,-4.970096822398091,8
PV100,2013-06-18,Equal-total control,2.8155382861376923,4.031263946860964,1.2157256607232716,-4.952682657282466,0
PV100,2013-06-18,No feedback,2.815528159813306,4.031252161301984,1.215724001488677,-4.952692712227658,0
PV100,2013-06-18,Previous-day persistence,2.4563637498048747,2.6099833253592246,0.15361957555434955,-5.310148223107467,0
PV100,2013-06-19,ECF,2.63389291217429,3.9762061545273273,1.3423132423530375,-5.453799883315538,10
PV100,2013-06-19,Equal-total control,2.326734506533291,3.6504360833879668,1.3237015768546754,-5.7576123186813515,0
PV100,2013-06-19,No feedback,2.3267359057836123,3.650434535834287,1.3236986300506746,-5.757610962895105,0
PV100,2013-06-19,Previous-day persistence,1.8545377030161168,2.1584649123399364,0.30392720932381956,-6.22740060062547,0
PV100,2013-06-23,ECF,1.6745511881528214,3.7655323620606955,2.090981173907874,-7.6586217521247555,11
PV100,2013-06-23,Equal-total control,1.562325865422931,3.4367550181459507,1.8744291527230195,-7.76991734909453,0
PV100,2013-06-23,No feedback,1.5623234754997286,3.436745592822228,1.874422117322499,-7.769919703793781,0
PV100,2013-06-23,Previous-day persistence,1.2737326710036467,1.8526272401968509,0.5788945691932041,-8.058316846494206,0
PV100,2013-06-24,ECF,2.4560289126737214,4.230802684062121,1.7747737713884,-5.930699820350458,6
PV100,2013-06-24,Equal-total control,2.4439613878670956,4.300791010758052,1.8568296228909564,-5.942367922731237,0
PV100,2013-06-24,No feedback,2.443961568664025,4.300791670380981,1.8568301017169557,-5.942367725928877,0
PV100,2013-06-24,Previous-day persistence,1.5403675748570826,1.7734577587045992,0.23309018384751629,-6.841124787574147,0
PV100,2013-06-25,ECF,2.1189600637628274,3.941722025151713,1.8227619613888852,-6.568214491753972,3
PV100,2013-06-25,Equal-total control,2.119597570225225,3.947512008708345,1.8279144384831199,-6.567633480513869,0
PV100,2013-06-25,No feedback,2.1196004837833518,3.947520198539591,1.8279197147562392,-6.567630655096362,0
PV100,2013-06-25,Previous-day persistence,1.6179919750552991,1.854637685306679,0.23664571025137998,-7.066950018721029,0
PV100,2013-06-26,ECF,2.272242203436921,3.8263349162988636,1.5540927128619426,-5.305445171746215,4
PV100,2013-06-26,Equal-total control,2.329639563779537,3.9204266339006355,1.5907870701210984,-5.248703557922892,0
PV100,2013-06-26,No feedback,2.3296547993179146,3.9204465129659525,1.590791713648038,-5.248688481913706,0
PV100,2013-06-26,Previous-day persistence,1.4080911514263983,1.660601151722503,0.25251000029610476,-6.165876906214027,0
PV100,2013-06-27,ECF,1.9318606808793435,3.86930007084802,1.9374393899686764,-5.65611875140739,1
PV100,2013-06-27,Equal-total control,1.9318606808793435,3.86930007084802,1.9374393899686764,-5.6561187514034685,0
PV100,2013-06-27,No feedback,1.9318606808793435,3.86930007084802,1.9374393899686764,-5.656118751403316,0
PV100,2013-06-27,Previous-day persistence,1.5392660179782345,2.096165869522772,0.5568998515445378,-6.046985697927798,0
PV125,2013-01-02,ECF,3.848641522852335,4.4369138391882075,0.5882723163358732,-0.9733939031226981,6
PV125,2013-01-02,Equal-total control,3.8485254367938744,4.443883065085396,0.5953576282915218,-0.9735088031735416,0
PV125,2013-01-02,No feedback,3.8485144051968136,4.443874439513268,0.5953600343164538,-0.9735197176392346,0
PV125,2013-01-02,Previous-day persistence,3.453901664333631,3.9100833601931675,0.45618169585953705,-1.3648158959196357,0
PV125,2013-01-03,ECF,4.222212561314661,4.4975689175069835,0.27535635619232246,-0.2489690267257471,11
PV125,2013-01-03,Equal-total control,4.230313636189681,4.521411179868646,0.29109754367896556,-0.24097508077033922,0
PV125,2013-01-03,No feedback,4.230308537050078,4.521405133229483,0.29109659617940514,-0.24098012008009534,0
PV125,2013-01-03,Previous-day persistence,3.40429845302903,3.568866585911814,0.1645681328827834,-1.0615543970466574,0
PV125,2013-01-04,ECF,4.292166688237143,4.549643134918255,0.2574764466811119,-0.7972101014091078,13
PV125,2013-01-04,Equal-total control,4.296362773872946,4.5655851499654965,0.26922237609254995,-0.7930845279846884,0
PV125,2013-01-04,No feedback,4.296357252941863,4.56557992258307,0.26922266964120606,-0.7930900670172593,0
PV125,2013-01-04,Previous-day persistence,3.6943835396298677,3.839721765133393,0.1453382255035251,-1.3891941837303274,0
PV125,2013-01-05,ECF,4.424309020062228,4.56534296048773,0.14103394042550058,-1.6849057675876613,7
PV125,2013-01-05,Equal-total control,4.424230127350862,4.572062832595996,0.1478327052451347,-1.6849833000517995,0
PV125,2013-01-05,No feedback,4.424234691282052,4.572067383611122,0.14783269232907098,-1.6849787460293202,0
PV125,2013-01-05,Previous-day persistence,3.881804980388524,3.9148372011152484,0.033032220726724515,-2.2230632685134535,0
PV125,2013-01-06,ECF,4.563670699519935,4.69494558869026,0.13127488917032545,-1.3918631443518792,11
PV125,2013-01-06,Equal-total control,4.5635251373941035,4.702355858855056,0.13883072146095238,-1.3920070518282468,0
PV125,2013-01-06,No feedback,4.5635446602294,4.702375562309566,0.13883090208016574,-1.391987718378752,0
PV125,2013-01-06,Previous-day persistence,3.972174800109846,4.001213976359345,0.02903917624950033,-1.978567247279455,0
PV125,2013-01-07,ECF,4.250902248188636,4.513484020685631,0.262581772496995,-1.1729522801136467,12
PV125,2013-01-07,Equal-total control,4.219211638368721,4.500889676029773,0.28167803766105093,-1.2040941831058154,0
PV125,2013-01-07,No feedback,4.219200708837367,4.50087683712619,0.2816761282888225,-1.2041049530970271,0
PV125,2013-01-07,Previous-day persistence,3.709306241888945,3.884427635789658,0.17512139390071274,-1.7100761888998002,0
PV125,2013-01-08,ECF,3.8033574710888622,4.079705207079147,0.27634773599028484,-6.244302635186715,6
PV125,2013-01-08,Equal-total control,3.804692515262488,4.083943361514111,0.2792508462516229,-6.242979246100672,0
PV125,2013-01-08,No feedback,3.8047177855086787,4.0839700917296256,0.2792523062209477,-6.242954218329736,0
PV125,2013-01-08,Previous-day persistence,3.1272371129630097,3.293597037556422,0.16635992459341314,-6.9162740921438735,0
PV125,2013-01-12,ECF,4.043697748624757,4.441340290204016,0.39764254157925816,-3.0001374657222577,6
PV125,2013-01-12,Equal-total control,4.05351185281854,4.457847529145396,0.40433567632685663,-2.990319271945734,0
PV125,2013-01-12,No feedback,4.053527811457285,4.4578629531624525,0.40433514170516804,-2.9903034075733252,0
PV125,2013-01-12,Previous-day persistence,3.4334703939918017,3.6621512168036934,0.2286808228118919,-3.6058539590817147,0
PV125,2013-01-13,ECF,3.0024859861421644,4.306805321323258,1.3043193351810933,-2.2523846090769695,9
PV125,2013-01-13,Equal-total control,2.975763717181757,4.2804822334292645,1.3047185162475072,-2.278882400963024,0
PV125,2013-01-13,No feedback,2.9757483182503,4.284965048350449,1.309216730100149,-2.2788976849895897,0
PV125,2013-01-13,Previous-day persistence,2.257965188507068,3.2668035312094017,1.0088383427023335,-2.9934128419352497,0
PV125,2013-01-14,ECF,4.029429268790825,4.63400756686527,0.6045782980744449,-0.5031427462796354,8
PV125,2013-01-14,Equal-total control,4.033724798653619,4.646352536867033,0.6126277382134135,-0.49891631137109,0
PV125,2013-01-14,No feedback,4.033724048625423,4.6463522212056345,0.6126281725802113,-0.49891706604769803,0
PV125,2013-01-14,Previous-day persistence,2.757419634490927,2.9357247572015224,0.17830512271059532,-1.7692433636565514,0
PV125,2013-01-15,ECF,4.264228403192607,4.466478378840816,0.20224997564820907,-0.1838384079842741,16
PV125,2013-01-15,Equal-total control,4.244426527213729,4.473036965927156,0.22861043871342668,-0.203313276312161,0
PV125,2013-01-15,No feedback,4.244426498239005,4.473037038811869,0.22861054057286362,-0.20331328166524826,0
PV125,2013-01-15,Previous-day persistence,3.560026317536666,3.6314301299891145,0.07140381245244881,-0.8824474252759432,0
PV125,2013-01-16,ECF,4.208791204727099,4.460720020704061,0.2519288159769629,-0.8314745208489801,13
PV125,2013-01-16,Equal-total control,4.213822613295611,4.473363382354823,0.2595407690592125,-0.8265258582134027,0
PV125,2013-01-16,No feedback,4.213788128432157,4.47332827404843,0.2595401456162727,-0.8265599700890127,0
PV125,2013-01-16,Previous-day persistence,3.55500528272879,3.7057682115490227,0.1507629288202322,-1.4806957288249363,0
PV125,2013-01-17,ECF,4.34802632758808,4.689496291555997,0.3414699639679173,-1.4936567990887952,11
PV125,2013-01-17,Equal-total control,4.352937385076823,4.7066414341713365,0.3537040490945131,-1.4888202370373214,0
PV125,2013-01-17,No feedback,4.352951578399415,4.706654696547654,0.3537031181482382,-1.4888062336777508,0
PV125,2013-01-17,Previous-day persistence,3.8631783151482013,4.097008728169104,0.23383041302090385,-1.974684978282646,0
PV125,2013-01-18,ECF,4.0218250520023044,4.542157633120166,0.5203325811178607,-5.274559327453768,10
PV125,2013-01-18,Equal-total control,4.018524171434867,4.548369161432388,0.5298449899975206,-5.277895953018228,0
PV125,2013-01-18,No feedback,4.01852999826183,4.548374094994978,0.5298440967331486,-5.277890245144345,0
PV125,2013-01-18,Previous-day persistence,3.635700334610263,3.993846079607139,0.3581457449968759,-5.659486909013729,0
PV125,2013-01-19,ECF,3.596603639406652,4.39109871592414,0.7944950765174881,-1.4107138628072498,10
PV125,2013-01-19,Equal-total control,3.5405623537532813,4.362462283615379,0.8218999298620973,-1.4660572989748826,0
PV125,2013-01-19,No feedback,3.540561820820459,4.362457021580413,0.8218952007599536,-1.466057808128462,0
PV125,2013-01-19,Previous-day persistence,3.0361080673284535,3.5625061875087614,0.5263981201803084,-1.967070718803855,0
PV125,2013-01-20,ECF,2.952549098089685,4.221189484641606,1.2686403865519196,-1.8804042968309116,4
PV125,2013-01-20,Equal-total control,2.9510483755150245,4.264016375439802,1.3129679999247779,-1.8819136368370155,0
PV125,2013-01-20,No feedback,2.9510481647488014,4.264016719773917,1.3129685550251153,-1.881913834650931,0
PV125,2013-01-20,Previous-day persistence,2.4724653568709676,3.253716184888983,0.7812508280180157,-2.3589889018490116,0
PV125,2013-01-21,ECF,4.346668380347747,4.641177296557251,0.29450891620950315,-0.4521569637000395,13
PV125,2013-01-21,Equal-total control,4.3065863711212184,4.624584695933661,0.31799832481244295,-0.49153170447271194,0
PV125,2013-01-21,No feedback,4.306578570897581,4.624576337740773,0.3179977668431931,-0.49153939397299923,0
PV125,2013-01-21,Previous-day persistence,3.325187083300059,3.3803332489507336,0.055146165650674386,-1.4673176482746701,0
PV125,2013-01-22,ECF,3.2022768027114648,3.988759034365917,0.7864822316544523,-2.3747864399814165,10
PV125,2013-01-22,Equal-total control,3.1814625231991966,3.8201847083677976,0.6387221851686008,-2.3955316423740616,0
PV125,2013-01-22,No feedback,3.181995156122974,3.8341273376294094,0.652132181506435,-2.39499779341012,0
PV125,2013-01-22,Previous-day persistence,2.6892985306374406,3.162415320052901,0.47311678941545987,-2.884825585652696,0
PV125,2013-01-23,ECF,3.707971103368532,4.370863488362626,0.6628923849940938,-1.0529845131515154,6
PV125,2013-01-23,Equal-total control,3.769158420894703,4.526694909278787,0.7575364883840837,-0.9922671593276979,0
PV125,2013-01-23,No feedback,3.769142800325426,4.526680509770719,0.7575377094452931,-0.992282593276382,0
PV125,2013-01-23,Previous-day persistence,3.2099166654036546,3.608962816497714,0.3990461510940593,-1.549043267900312,0
PV125,2013-01-24,ECF,4.29601809074036,4.7265684951526445,0.430550404412284,-0.6519322260968733,13
PV125,2013-01-24,Equal-total control,4.290688796998633,4.749892963458579,0.45920416645994616,-0.6571698780249529,0
PV125,2013-01-24,No feedback,4.290673365497004,4.749875968068848,0.45920260257184403,-0.6571851037851235,0
PV125,2013-01-24,Previous-day persistence,3.5950129726603905,3.818896341140599,0.22388336848020873,-1.3491823593183818,0
PV125,2013-01-25,ECF,4.064790457395616,4.313673777177314,0.24888331978169878,-1.8894315748614556,11
PV125,2013-01-25,Equal-total control,4.075472283108539,4.333775339661847,0.25830305655330793,-1.8788478081018791,0
PV125,2013-01-25,No feedback,4.075528161566117,4.333832126070447,0.2583039645043287,-1.8787925154869993,0
PV125,2013-01-25,Previous-day persistence,3.23043610735985,3.328666343865743,0.09823023650589341,-2.717768096444279,0
PV125,2013-04-02,ECF,3.423132609815654,3.999807277410069,0.5766746675944154,-1.2833560406937696,9
PV125,2013-04-02,Equal-total control,3.4228544186383143,4.002606349268268,0.5797519306299539,-1.2836390854529627,0
PV125,2013-04-02,No feedback,3.4228652297381066,4.002616296196275,0.5797510664581683,-1.2836283789273555,0
PV125,2013-04-02,Previous-day persistence,2.857778407403737,2.921805228808262,0.06402682140452476,-1.844787202311018,0
PV125,2013-04-03,ECF,2.3903228442664375,4.1073363733914094,1.717013529124972,-2.6658462080266148,5
PV125,2013-04-03,Equal-total control,2.3461021338434263,4.032650414592171,1.6865482807487442,-2.709648223968611,0
PV125,2013-04-03,No feedback,2.346110285183177,4.032656870675585,1.686546585492408,-2.709640174807983,0
PV125,2013-04-03,Previous-day persistence,2.0483933560207443,3.0334558481036438,0.9850624920828993,-3.0050746501202403,0
PV125,2013-04-04,ECF,3.122181844588731,4.329311163144264,1.2071293185555332,-2.001182561020993,7
PV125,2013-04-04,Equal-total control,3.141571959278501,4.384668415525637,1.2430964562471363,-1.982116451300862,0
PV125,2013-04-04,No feedback,3.141578686444155,4.384674376901675,1.2430956904575208,-1.9821098146600795,0
PV125,2013-04-04,Previous-day persistence,1.9015864906662254,2.1109243517336327,0.20933786106740726,-3.214869293335841,0
PV125,2013-04-09,ECF,3.1774945788533424,4.139913497351585,0.9624189184982419,-1.8040387995491183,8
PV125,2013-04-09,Equal-total control,3.0238535383433454,4.001026044731249,0.9771725063879045,-1.955665439946926,0
PV125,2013-04-09,No feedback,3.0238508569352742,4.001024376599303,0.9771735196640288,-1.955668052007542,0
PV125,2013-04-09,Previous-day persistence,2.56281131842594,2.9441490291470034,0.38133771072106365,-2.41322730874121,0
PV125,2013-04-10,ECF,3.904440575067783,4.579309630601151,0.674869055533369,-1.001429066268643,6
PV125,2013-04-10,Equal-total control,3.90752967909936,4.5834899376935265,0.6759602585941655,-0.998376629644675,0
PV125,2013-04-10,No feedback,3.90752247978577,4.583482223628213,0.6759597438424435,-0.9983837238411643,0
PV125,2013-04-10,Previous-day persistence,3.2215883023720706,3.2820440674914435,0.06045576511937282,-1.680093843540632,0
PV125,2013-04-14,ECF,3.475572728077415,4.111068465928869,0.6354957378514547,-1.4721897974133302,2
PV125,2013-04-14,Equal-total control,3.4756440171299734,4.111139665485946,0.6354956483559719,-1.4721187589827758,0
PV125,2013-04-14,No feedback,3.475635933070536,4.1111314598690685,0.6354955267985318,-1.4721267648576208,0
PV125,2013-04-14,Previous-day persistence,2.9014957807993227,2.944873031260305,0.04337725046098187,-2.041271729378251,0
PV125,2013-04-15,ECF,3.38265161949699,4.138368976036859,0.7557173565398692,-1.5713717450870106,10
PV125,2013-04-15,Equal-total control,3.3931181619754236,4.16051870139308,0.7674005394176568,-1.560945419001847,0
PV125,2013-04-15,No feedback,3.3931020499330944,4.160500880298806,0.7673988303657114,-1.560961368097773,0
PV125,2013-04-15,Previous-day persistence,2.8745580798366004,3.027539641326833,0.15298156149023262,-2.0750360719207737,0
PV125,2013-04-22,ECF,2.923498531194408,4.11288513001196,1.1893865988175516,-2.519443899890758,6
PV125,2013-04-22,Equal-total control,2.9971957927248005,4.1929446528627015,1.1957488601379005,-2.4465779553545666,0
PV125,2013-04-22,No feedback,2.9971777601179506,4.192916755517366,1.1957389953994166,-2.446595694834575,0
PV125,2013-04-22,Previous-day persistence,2.4916256925567914,2.896182964135295,0.404557271578504,-2.9483724727960103,0
PV125,2013-04-28,ECF,3.2351129662535767,3.9565968637273796,0.7214838974738035,-1.9912553078348596,4
PV125,2013-04-28,Equal-total control,3.2327445274955244,3.9551591538477027,0.722414626352178,-1.9936005519150797,0
PV125,2013-04-28,No feedback,3.2327488177812533,3.955164214464258,0.7224153966830051,-1.9935963075069492,0
PV125,2013-04-28,Previous-day persistence,2.742163589891005,2.7643945993969377,0.02223100950593243,-2.479953714574574,0
PV125,2013-04-29,ECF,3.283228341601461,4.0402372206326564,0.7570088790311957,-1.732967799159049,3
PV125,2013-04-29,Equal-total control,3.2832312012653304,4.040289201015562,0.7570579997502324,-1.7329649732001322,0
PV125,2013-04-29,No feedback,3.283228341601461,4.040286302070701,0.7570579604692391,-1.7329677991592742,0
PV125,2013-04-29,Previous-day persistence,2.746323976785242,2.7784742945976797,0.032150317812437296,-2.2650991077523424,0
PV125,2013-04-30,ECF,2.838187795141453,3.85940867907732,1.0212208839358667,-2.1936780399455356,9
PV125,2013-04-30,Equal-total control,2.9233189031969786,3.990817864372693,1.067498961175714,-2.1094870101475127,0
PV125,2013-04-30,No feedback,2.9233069998660905,3.9907960010782553,1.0674890012121647,-2.109498785431964,0
PV125,2013-04-30,Previous-day persistence,2.450024802596153,2.7476379066389804,0.2976131040428281,-2.5791814673588433,0
PV125,2013-05-01,ECF,3.236163597445226,4.30894050632388,1.0727769088786536,-1.8431014124507132,4
PV125,2013-05-01,Equal-total control,3.2439223240493713,4.319316614723874,1.0753942906745029,-1.835431927699822,0
PV125,2013-05-01,No feedback,3.2439164915114524,4.31931070890756,1.0753942173961066,-1.8354377298157907,0
PV125,2013-05-01,Previous-day persistence,2.55059759803311,2.6668611712067563,0.1162635731736457,-2.5230330642542738,0
PV125,2013-05-06,ECF,3.068962315993727,3.88155018538776,0.8125878693940328,-2.4900731961363674,3
PV125,2013-05-06,Equal-total control,3.068307660147866,3.8807639353504335,0.8124562752025672,-2.4907222705323737,0
PV125,2013-05-06,No feedback,3.0682850721674013,3.88074054737696,0.8124554752095586,-2.4907446058909484,0
PV125,2013-05-06,Previous-day persistence,2.3475491887978595,2.4080225730714133,0.06047338427355376,-3.205844116356698,0
PV125,2013-05-07,ECF,3.024573443734452,4.05043858229415,1.0258651385596977,-2.4839116540672204,8
PV125,2013-05-07,Equal-total control,2.9999981371163638,3.9988724644415004,0.9988743273251363,-2.5081835523703075,0
PV125,2013-05-07,No feedback,2.999984138453022,3.998856722671119,0.9988725842180969,-2.5081974253281634,0
PV125,2013-05-07,Previous-day persistence,2.5769697994113447,2.8238686524839665,0.24689885307262138,-2.9281127465165113,0
PV125,2013-05-08,ECF,3.2188970396017367,4.277092104141772,1.058195064540035,-2.1930126341055676,4
PV125,2013-05-08,Equal-total control,3.2042201360129057,4.2599040517208815,1.0556839157079756,-2.207515553584039,0
PV125,2013-05-08,No feedback,3.2041957858709145,4.259877994867541,1.0556822089966253,-2.2075395762449834,0
PV125,2013-05-08,Previous-day persistence,2.6247540425214897,2.8299481793879275,0.20519413686643767,-2.783017915236954,0
PV125,2013-05-09,ECF,3.173912065417837,4.168371798111748,0.9944597326939106,-2.1649742740509694,8
PV125,2013-05-09,Equal-total control,3.182015489089222,4.182609031674646,1.0005935425854247,-2.1569855343501043,0
PV125,2013-05-09,No feedback,3.1820362516812466,4.182630806009169,1.0005945543279227,-2.156965008187649,0
PV125,2013-05-09,Previous-day persistence,2.53693164858675,2.6776636395338147,0.14073199094706423,-2.797773221431823,0
PV125,2013-05-10,ECF,3.0554229582523016,3.934311397862749,0.8788884396104478,-2.1673564189879553,5
PV125,2013-05-10,Equal-total control,3.058948550378741,3.938583239286178,0.8796346889074379,-2.1638810172863483,0
PV125,2013-05-10,No feedback,3.0589427122383928,3.938578006004701,0.8796352937663079,-2.1638868536945846,0
PV125,2013-05-10,Previous-day persistence,2.443649379189215,2.4689324326549573,0.025283053465742784,-2.7741055203232117,0
PV125,2013-05-11,ECF,3.0648319545307836,4.439256189556852,1.3744242350260691,-2.565068190868392,10
PV125,2013-05-11,Equal-total control,2.805548503215132,4.160457905546826,1.3549094023316932,-2.8216465919969154,0
PV125,2013-05-11,No feedback,2.805551551144602,4.160463308100358,1.3549117569557556,-2.8216436007251278,0
PV125,2013-05-11,Previous-day persistence,2.301573077625994,2.709106088972272,0.40753301134627795,-3.3219103795108955,0
PV125,2013-05-12,ECF,3.532895278061927,4.734305477254148,1.201410199192221,-2.025229187988757,4
PV125,2013-05-12,Equal-total control,3.534575610445362,4.739213550896947,1.204637940451585,-2.023585700918847,0
PV125,2013-05-12,No feedback,3.5345996388469842,4.73924102226647,1.2046413834194865,-2.0235620222868795,0
PV125,2013-05-12,Previous-day persistence,2.7049492461115334,2.8793265599807585,0.17437731386922467,-2.8477559685572476,0
PV125,2013-05-16,ECF,2.93950806545799,3.9668967331001346,1.0273886676421444,-3.015620292077561,3
PV125,2013-05-16,Equal-total control,2.9402233091955923,3.9677104637107723,1.02748715451518,-3.014909145798713,0
PV125,2013-05-16,No feedback,2.940212539026552,3.967698631070509,1.0274860920439572,-3.014919810663063,0
PV125,2013-05-16,Previous-day persistence,2.3233616245356967,2.400256406856151,0.07689478232045421,-3.626708615079401,0
PV125,2013-05-17,ECF,3.000553723744015,3.9556629689649325,0.955109245220918,-3.1220184595479568,2
PV125,2013-05-17,Equal-total control,2.9999134799752154,3.9557016475841094,0.955788167608894,-3.1226528726483567,0
PV125,2013-05-17,No feedback,2.9999074507149457,3.955695172654964,0.9557877219400184,-3.1226588532447015,0
PV125,2013-05-17,Previous-day persistence,2.5354902285242034,2.5643336321245775,0.02884340360037416,-3.5840629601637235,0
PV125,2013-05-18,ECF,2.9796716424803336,3.9332280600431075,0.9535564175627744,-3.3933449305263053,2
PV125,2013-05-18,Equal-total control,2.979320872442751,3.933417158845244,0.9540962864024931,-3.393691185667818,0
PV125,2013-05-18,No feedback,2.9793329735790697,3.9334297268529603,0.9540967532738909,-3.3936792103088607,0
PV125,2013-05-18,Previous-day persistence,2.3508224999141696,2.3721137482680614,0.021291248353891984,-4.017347552356702,0
PV125,2013-05-19,ECF,2.9443628513927083,3.9176314379605266,0.9732685865678186,-3.6844819371558892,5
PV125,2013-05-19,Equal-total control,2.9514175053247858,3.9276766777539467,0.976259172429161,-3.6774987735024225,0
PV125,2013-05-19,No feedback,2.951389129701662,3.927646012904246,0.9762568832025837,-3.6775268153429628,0
PV125,2013-05-19,Previous-day persistence,2.367648148737195,2.404591935597006,0.03694378685981074,-4.25708152389961,0
PV125,2013-05-20,ECF,2.8746217805275154,3.840298855155635,0.9656770746281192,-3.730868975900341,0
PV125,2013-05-20,Equal-total control,2.8746217805275154,3.840298855155635,0.9656770746281192,-3.7308689759007585,0
PV125,2013-05-20,No feedback,2.8746217805275154,3.840298855155635,0.9656770746281192,-3.7308689759002385,0
PV125,2013-05-20,Previous-day persistence,2.2658356230714944,2.315361726045512,0.04952610297401725,-4.335146651694441,0
PV125,2013-05-21,ECF,2.8830356075088424,3.9479945824319587,1.0649589749231163,-3.346000361279486,2
PV125,2013-05-21,Equal-total control,2.8830242799857637,3.9480079976183498,1.0649837176325867,-3.346011583232711,0
PV125,2013-05-21,No feedback,2.8830356075088424,3.948019603765368,1.0649839962565253,-3.3460003612808786,0
PV125,2013-05-21,Previous-day persistence,2.3206128450179175,2.4224466119528847,0.1018337669349673,-3.9046072287019653,0
PV125,2013-05-22,ECF,2.155705386396649,3.973054425036233,1.817349038639584,-5.042750192811656,6
PV125,2013-05-22,Equal-total control,2.14166448975861,3.974014611722903,1.8323501219642928,-5.056686441770651,0
PV125,2013-05-22,No feedback,2.1416681881192945,3.974029861326513,1.8323616732072177,-5.0566827461855945,0
PV125,2013-05-22,Previous-day persistence,1.8433964159637672,2.622023808860847,0.7786273928970799,-5.353034780047039,0
PV125,2013-05-23,ECF,1.9771121329036514,4.319805183235605,2.342693050331954,-5.312425714641756,7
PV125,2013-05-23,Equal-total control,1.9551865628109475,4.289161927766951,2.3339753649560033,-5.334089861631939,0
PV125,2013-05-23,No feedback,1.9551796121047524,4.289150297639326,2.333970685534574,-5.334096744070361,0
PV125,2013-05-23,Previous-day persistence,1.448653046467065,2.063118432481545,0.6144653860144801,-5.838706899702567,0
PV125,2013-05-24,ECF,3.03722825932424,4.498871669668224,1.461643410343984,-3.771944512988059,4
PV125,2013-05-24,Equal-total control,3.0351853498086054,4.500032569089761,1.4648472192811566,-3.7739866784465246,0
PV125,2013-05-24,No feedback,3.035179329757783,4.500024763308842,1.4648454335510583,-3.773992624911998,0
PV125,2013-05-24,Previous-day persistence,1.8893360381727677,2.0945584507849633,0.20522241261219581,-4.913081587799691,0
PV125,2013-05-25,ECF,2.7996534216749156,4.003444434650641,1.2037910129757246,-3.843233732859724,5
PV125,2013-05-25,Equal-total control,2.792487139873714,3.998678366882058,1.2061912270083446,-3.850332385796637,0
PV125,2013-05-25,No feedback,2.7924844316689783,3.9986749300636513,1.2061904983946734,-3.8503350467755664,0
PV125,2013-05-25,Previous-day persistence,2.179874324215742,2.2815559928001194,0.10168166858437719,-4.459155363060721,0
PV125,2013-05-26,ECF,2.883685608481685,3.936823364014137,1.0531377555324521,-3.8849696081398903,6
PV125,2013-05-26,Equal-total control,2.8900246929476587,3.9486361377690775,1.0586114448214197,-3.878711475573044,0
PV125,2013-05-26,No feedback,2.890029694181483,3.9486407486701127,1.058611054488629,-3.878706527839943,0
PV125,2013-05-26,Previous-day persistence,2.2728292229710902,2.3061874880069926,0.033358265035902085,-4.491631891092988,0
PV125,2013-05-27,ECF,2.4875841467747444,4.0005502079510205,1.5129660611762767,-4.501466157881523,7
PV125,2013-05-27,Equal-total control,2.340291146931852,3.880245017922885,1.5399538709910328,-4.6473259756186724,0
PV125,2013-05-27,No feedback,2.3402733639072126,3.8802181811044862,1.5399448171972734,-4.647343535097766,0
PV125,2013-05-27,Previous-day persistence,1.8646984894204035,2.3510362804539398,0.4863377910335359,-5.1202247809225545,0
PV125,2013-05-28,ECF,2.8711633676266057,4.5791367155118525,1.707973347885247,-3.634618589510096,2
PV125,2013-05-28,Equal-total control,2.874520937775549,4.587137024955432,1.7126160871798826,-3.631305366289466,0
PV125,2013-05-28,No feedback,2.874541827033541,4.5871581775902825,1.7126163505567409,-3.6312847620492943,0
PV125,2013-05-28,Previous-day persistence,2.2472047179247103,2.6831766052943826,0.4359718873696723,-4.254808992664186,0
PV125,2013-05-29,ECF,3.0405907061898994,4.48883142135056,1.4482407151606609,-3.05049270861825,8
PV125,2013-05-29,Equal-total control,2.9395272670613375,4.389959803876243,1.450432536814906,-3.1504203968118074,0
PV125,2013-05-29,No feedback,2.9395083486328586,4.389940461173132,1.4504321125402735,-3.1504390488284697,0
PV125,2013-05-29,Previous-day persistence,2.3129450878440445,2.45873398698659,0.14578889914254511,-3.7731796821097263,0
PV125,2013-05-30,ECF,3.313290208627641,4.35316827108775,1.039878062460109,-2.7224156551487217,4
PV125,2013-05-30,Equal-total control,3.3161392047960545,4.357327935242141,1.0411887304460867,-2.719616135208227,0
PV125,2013-05-30,No feedback,3.316139605801192,4.357328266657508,1.0411886608563166,-2.719615755747228,0
PV125,2013-05-30,Previous-day persistence,2.760429505853091,2.8129190141621376,0.0524895083090461,-3.2706418508576127,0
PV125,2013-05-31,ECF,2.833766653883922,3.963059954532744,1.129293300648822,-2.931843438697023,5
PV125,2013-05-31,Equal-total control,2.82718233945133,3.9621459852791228,1.1349636458277932,-2.9383538712152677,0
PV125,2013-05-31,No feedback,2.827185103949882,3.962150188145085,1.134965084195203,-2.9383511410709793,0
PV125,2013-05-31,Previous-day persistence,2.292813975872047,2.357491095584968,0.06467711971292087,-3.4684585528774283,0
PV125,2013-06-01,ECF,2.303124006108182,3.7998526223906923,1.49672861628251,-4.008151874016034,3
PV125,2013-06-01,Equal-total control,2.295164016180717,3.805764692511387,1.5106006763306703,-4.015998814418095,0
PV125,2013-06-01,No feedback,2.29515931334262,3.805758381168618,1.5105990678259982,-4.016003444642976,0
PV125,2013-06-01,Previous-day persistence,1.8686317734650935,2.289205732743694,0.42057395927860103,-4.439574065379732,0
PV125,2013-06-02,ECF,0.954133844064954,4.258470216970802,3.3043363729058486,-7.11021947841524,3
PV125,2013-06-02,Equal-total control,0.9242075054721695,4.195825890596784,3.271618385124615,-7.139973695706159,0
PV125,2013-06-02,No feedback,0.9242099822981696,4.195835828574981,3.2716258462768106,-7.139971225577096,0
PV125,2013-06-02,Previous-day persistence,0.5032233574253424,2.2160681950216645,1.7128448375963221,-7.560264836583177,0
PV125,2013-06-03,ECF,2.9937883235700165,4.345407061905981,1.3516187383359637,-4.056509710815947,6
PV125,2013-06-03,Equal-total control,2.9760043723902134,4.339206651837253,1.3632022794470395,-4.0741076801144525,0
PV125,2013-06-03,No feedback,2.976010507058332,4.339213217777301,1.3632027107189701,-4.0741016184262095,0
PV125,2013-06-03,Previous-day persistence,0.97850623335181,1.0415400618908337,0.06303382853902378,-6.061778363131875,0
PV125,2013-06-04,ECF,2.618242777972132,3.77695574113647,1.1587129631643382,-4.185105637419214,4
PV125,2013-06-04,Equal-total control,2.614171024503529,3.7716367668316364,1.1574657423281076,-4.189152433763539,0
PV125,2013-06-04,No feedback,2.61420161722571,3.7716703309328548,1.1574687137071444,-4.189122176690257,0
PV125,2013-06-04,Previous-day persistence,2.0547629235786324,2.1501943043712837,0.09543138079265136,-4.744749699325703,0
PV125,2013-06-05,ECF,2.5332333299977767,3.8847284418019266,1.3514951118041494,-4.37771055508573,6
PV125,2013-06-05,Equal-total control,2.4912529829996712,3.8213224912676416,1.3300695082679699,-4.4192641175887735,0
PV125,2013-06-05,No feedback,2.491257879657682,3.821325251260578,1.3300673716028966,-4.419259238204689,0
PV125,2013-06-05,Previous-day persistence,1.9073694146655304,2.0809085470685225,0.17353913240299218,-4.99951153713472,0
PV125,2013-06-06,ECF,2.535191218628931,4.283849280998846,1.7486580623699144,-4.106951303803875,2
PV125,2013-06-06,Equal-total control,2.5351863182526833,4.291438976904914,1.7562526586522313,-4.106956178244923,0
PV125,2013-06-06,No feedback,2.5351864745365345,4.291441406378975,1.7562549318424405,-4.106956022805404,0
PV125,2013-06-06,Previous-day persistence,2.1686008297947073,2.65857917046495,0.4899783406702435,-4.4706301442101415,0
PV125,2013-06-07,ECF,2.3315293908862773,4.392662865369623,2.061133474483345,-3.923155518971282,3
PV125,2013-06-07,Equal-total control,2.3312151181569325,4.392830801780992,2.0616156836240593,-3.9234670657564887,0
PV125,2013-06-07,No feedback,2.331214025640119,4.392829365755475,2.061615340115355,-3.923468146618234,0
PV125,2013-06-07,Previous-day persistence,1.9240373394336836,2.3837512621202053,0.4597139226865218,-4.328953306062428,0
PV125,2013-06-08,ECF,2.460757386999602,4.2583947492688825,1.7976373622692807,-4.153457852648798,2
PV125,2013-06-08,Equal-total control,2.4544095983636325,4.2557811348518015,1.8013715364881697,-4.159750981579617,0
PV125,2013-06-08,No feedback,2.454411041440525,4.255784163504348,1.8013731220638227,-4.159749558759254,0
PV125,2013-06-08,Previous-day persistence,1.7610828271580017,2.00582987952931,0.24474705237130817,-4.849333713196529,0
PV125,2013-06-09,ECF,3.0251750803026027,4.234362130970633,1.2091870506680311,-3.573955299012659,2
PV125,2013-06-09,Equal-total control,3.032248900947418,4.243492582030956,1.2112436810835374,-3.566953490148518,0
PV125,2013-06-09,No feedback,3.0322491396991573,4.243492757064436,1.2112436173652792,-3.5669532298111806,0
PV125,2013-06-09,Previous-day persistence,2.1862698178405235,2.239214030755754,0.05294421291523027,-4.407840561460685,0
PV125,2013-06-10,ECF,2.7373668593339002,4.2971436588867995,1.5597767995529002,-4.481964122260163,3
PV125,2013-06-10,Equal-total control,2.7369620976897435,4.2422257198925255,1.5052636222027818,-4.4823671187203304,0
PV125,2013-06-10,No feedback,2.7369620969826074,4.242226687936222,1.5052645909536155,-4.482367119375924,0
PV125,2013-06-10,Previous-day persistence,2.3084261229357868,2.6529951388864337,0.3445690159506471,-4.907261002660701,0
PV125,2013-06-11,ECF,2.9697188601177,4.123864246842196,1.1541453867244957,-3.511751995974954,2
PV125,2013-06-11,Equal-total control,2.964030453387705,4.119894771422127,1.155864318034422,-3.5173560897232083,0
PV125,2013-06-11,No feedback,2.9640354298927036,4.119899881496347,1.1558644516036438,-3.517351155434822,0
PV125,2013-06-11,Previous-day persistence,2.2227149322467215,2.2737408019540113,0.05102586970728944,-4.254610936907984,0
PV125,2013-06-12,ECF,1.6611254480821813,4.0157345521279355,2.3546091040457537,-5.763893366150309,7
PV125,2013-06-12,Equal-total control,1.5584174953805043,3.9630960899314474,2.4046785945509423,-5.865167395550583,0
PV125,2013-06-12,No feedback,1.558412899573963,3.963076001031428,2.404663101457465,-5.865171955916126,0
PV125,2013-06-12,Previous-day persistence,1.2941098031623692,2.4142589099396354,1.1201491067772664,-6.128448669224963,0
PV125,2013-06-13,ECF,3.017460893341566,4.417617778140848,1.4001568847992818,-3.7765369862771494,7
PV125,2013-06-13,Equal-total control,2.9743108231118542,4.380998278580776,1.4066874554689217,-3.8192313091683294,0
PV125,2013-06-13,No feedback,2.974319546060686,4.38100784616271,1.406688300102024,-3.819222715998722,0
PV125,2013-06-13,Previous-day persistence,1.5684522945585977,1.759837638355123,0.19138534379652516,-5.217198354198495,0
PV125,2013-06-14,ECF,2.663836401387748,3.7777959910909793,1.1139595897032315,-4.259118363333222,1
PV125,2013-06-14,Equal-total control,2.6638953867945854,3.7778551930752595,1.1139598062806746,-4.259059520043906,0
PV125,2013-06-14,No feedback,2.663885533420318,3.7778451231235497,1.1139595897032315,-4.259069268169243,0
PV125,2013-06-14,Previous-day persistence,2.1092171565154065,2.1763414109256534,0.0671242544102468,-4.809864011791104,0
PV125,2013-06-15,ECF,2.4566110138028368,4.0081168328896375,1.5515058190868012,-4.674259958094981,7
PV125,2013-06-15,Equal-total control,2.4096023873305317,3.9296021503017213,1.5199997629711892,-4.720994313102006,0
PV125,2013-06-15,No feedback,2.409618632605217,3.929622734038728,1.5200041014335115,-4.720978276935719,0
PV125,2013-06-15,Previous-day persistence,1.9144766456488709,2.2112048314265706,0.29672818577769994,-5.213197791979183,0
PV125,2013-06-16,ECF,2.8269440334499314,4.065659899125344,1.2387158656754127,-4.680316770749816,6
PV125,2013-06-16,Equal-total control,2.850796220623873,4.093572942126267,1.2427767215023935,-4.6567308411104955,0
PV125,2013-06-16,No feedback,2.850795153060032,4.093572729660837,1.242777576600805,-4.656731867904336,0
PV125,2013-06-16,Previous-day persistence,2.2882289208021573,2.3781007473391904,0.08987182653703288,-5.216262856964281,0
PV125,2013-06-17,ECF,2.606252628999414,3.794074833610427,1.1878222046110125,-5.011710569916591,7
PV125,2013-06-17,Equal-total control,2.554221488968892,3.7359509810012796,1.1817294920323873,-5.063385187939663,0
PV125,2013-06-17,No feedback,2.554199661539899,3.735928625054941,1.1817289635150416,-5.063406813811082,0
PV125,2013-06-17,Previous-day persistence,1.9990743903104067,2.1123668738879395,0.11329248357753306,-5.615366775278707,0
PV125,2013-06-18,ECF,2.9092955114274446,4.123987217448404,1.2146917060209597,-4.843743806837211,4
PV125,2013-06-18,Equal-total control,2.898548960308177,4.119590607467296,1.2210416471591194,-4.854359397210083,0
PV125,2013-06-18,No feedback,2.898548949294684,4.119590439984994,1.2210414906903102,-4.854359388544493,0
PV125,2013-06-18,Previous-day persistence,2.552286572527076,2.7065988255844733,0.154312253057397,-5.199121560122401,0
PV125,2013-06-19,ECF,2.7590803866946225,4.104516213662716,1.3454358269680933,-5.307968594739313,8
PV125,2013-06-19,Equal-total control,2.427855429739283,3.735992887011768,1.308137457272485,-5.63585924850231,0
PV125,2013-06-19,No feedback,2.427856735688022,3.7359971669954795,1.3081404313074574,-5.635857973121707,0
PV125,2013-06-19,Previous-day persistence,1.9248740160442992,2.202036820271796,0.2771628042274969,-6.13625687207514,0
PV125,2013-06-23,ECF,1.8266976895478835,3.815264069748426,1.9885663802005427,-7.4691409089362555,8
PV125,2013-06-23,Equal-total control,1.6859220911249757,3.5215317940779616,1.8356097029529859,-7.60874959670191,0
PV125,2013-06-23,No feedback,1.685933453096681,3.521544165017798,1.8356107119211167,-7.608738332511709,0
PV125,2013-06-23,Previous-day persistence,1.376414174078597,1.9148857201485865,0.5384715460699898,-7.918020650596506,0
PV125,2013-06-24,ECF,2.603313094477129,4.386600304419353,1.7832872099422248,-5.758487709434194,4
PV125,2013-06-24,Equal-total control,2.5842082043975347,4.374422969360499,1.7902147649629643,-5.7772934806142695,0
PV125,2013-06-24,No feedback,2.5842231469352126,4.374439713952709,1.7902165670174968,-5.777278735497378,0
PV125,2013-06-24,Previous-day persistence,1.7170467709503763,1.9622184064947459,0.24517163554436971,-6.640188968007081,0
PV125,2013-06-25,ECF,2.2861718718008146,4.057174471403471,1.7710025996026562,-6.3682260928103585,4
PV125,2013-06-25,Equal-total control,2.2884880375262053,4.070404237811499,1.7819162002852935,-6.36587964435176,0
PV125,2013-06-25,No feedback,2.288469176405174,4.070378237531536,1.781909061126361,-6.365898276920304,0
PV125,2013-06-25,Previous-day persistence,1.7335152257692177,1.943699180676496,0.21018395490727854,-6.91826298080992,0
PV125,2013-06-26,ECF,2.475831577596553,3.986606351108478,1.5107747735119248,-5.083749422073284,3
PV125,2013-06-26,Equal-total control,2.478715970480274,3.992289189110231,1.5135732186299564,-5.080910543827724,0
PV125,2013-06-26,No feedback,2.4787306783242444,3.992305456708812,1.5135747783845677,-5.080895993526916,0
PV125,2013-06-26,Previous-day persistence,1.5200902029621748,1.7628083701795196,0.24271816721734496,-6.034724455216514,0
PV125,2013-06-27,ECF,2.12350030912462,3.936425812520829,1.8129255033962086,-5.439237254975493,1
PV125,2013-06-27,Equal-total control,2.12350030912462,3.936425812520829,1.8129255033962086,-5.439237254976699,0
PV125,2013-06-27,No feedback,2.12350030912462,3.936425812520829,1.8129255033962086,-5.439237254976859,0
PV125,2013-06-27,Previous-day persistence,1.6929740413648047,2.1717873695316094,0.4788133281668048,-5.867840149142452,0
PV150,2013-01-02,ECF,3.9458826032260843,4.494544098440989,0.5486614952149045,-0.8635234802437327,8
PV150,2013-01-02,Equal-total control,3.945777768370844,4.499696254853364,0.5539184864825205,-0.8636272478742337,0
PV150,2013-01-02,No feedback,3.945799614779451,4.499718642989526,0.5539190282100754,-0.8636055935112228,0
PV150,2013-01-02,Previous-day persistence,3.5405988738097958,3.965015838287229,0.42441696447743293,-1.2653067092831873,0
PV150,2013-01-03,ECF,4.326038585042495,4.58756831139026,0.2615297263477655,-0.1369302666077275,10
PV150,2013-01-03,Equal-total control,4.326114529752468,4.600266902008776,0.2741523722563076,-0.13686649417231525,0
PV150,2013-01-03,No feedback,4.3260704569692106,4.600222721075086,0.2741522641058747,-0.13690996561731505,0
PV150,2013-01-03,Previous-day persistence,3.498704733234151,3.64514714588022,0.14644241264606872,-0.9587883244299648,0
PV150,2013-01-04,ECF,4.365621030582348,4.61514151173639,0.24952048115404127,-0.7139286524276723,11
PV150,2013-01-04,Equal-total control,4.365925622601967,4.6217991859088166,0.2558735633068508,-0.7136301725209816,0
PV150,2013-01-04,No feedback,4.365914859093745,4.621788198505974,0.25587333941222884,-0.7136407603398023,0
PV150,2013-01-04,Previous-day persistence,3.7674236083018044,3.9104542718934394,0.14303066359163535,-1.3062550904535788,0
PV150,2013-01-05,ECF,4.478974090562541,4.624217598464249,0.1452435079017082,-1.617227926997108,9
PV150,2013-01-05,Equal-total control,4.478867814123932,4.629494675946024,0.15062686182209334,-1.6173332116335581,0
PV150,2013-01-05,No feedback,4.478869277257557,4.629496153241259,0.1506268759837024,-1.6173317181004896,0
PV150,2013-01-05,Previous-day persistence,3.9304542553237116,3.963905236161132,0.03345098083741971,-2.161325322517387,0
PV150,2013-01-06,ECF,4.623586283385707,4.752507960060979,0.12892167667526994,-1.319032206351936,11
PV150,2013-01-06,Equal-total control,4.623471110593632,4.7596940168001405,0.1362229062065087,-1.319146107440755,0
PV150,2013-01-06,No feedback,4.6234593142517095,4.75968209306733,0.13622277881561948,-1.3191577561686134,0
PV150,2013-01-06,Previous-day persistence,4.027689690345175,4.052925824810217,0.02523613446504174,-1.9100801773755105,0
PV150,2013-01-07,ECF,4.284973378909715,4.5310398159635925,0.24606643705387815,-1.1261415637162995,12
PV150,2013-01-07,Equal-total control,4.289102035711067,4.5494543514245755,0.26035231571350925,-1.1220934314309818,0
PV150,2013-01-07,No feedback,4.289080539845982,4.549432123447984,0.2603515836020015,-1.1221146151397208,0
PV150,2013-01-07,Previous-day persistence,3.772960176869109,3.927607627437485,0.1546474505683759,-1.634206225540028,0
PV150,2013-01-08,ECF,3.8752363941738333,4.132198796429735,0.25696240225590217,-6.136082164585632,8
PV150,2013-01-08,Equal-total control,3.876224573371871,4.136405745468724,0.2601811720968529,-6.135103750133761,0
PV150,2013-01-08,No feedback,3.8762099481253047,4.136391307660247,0.2601813595349428,-6.135118273091821,0
PV150,2013-01-08,Previous-day persistence,3.188062116890382,3.3390182958194887,0.150956178929106,-6.8189486714555825,0
PV150,2013-01-12,ECF,4.168508565517291,4.5009284717308855,0.33241990621359424,-2.8522223423271273,6
PV150,2013-01-12,Equal-total control,4.174395862908225,4.50918460093302,0.3347887380247934,-2.8463162753518487,0
PV150,2013-01-12,No feedback,4.174384634900558,4.509172373549147,0.33478773864858835,-2.8463273963787326,0
PV150,2013-01-12,Previous-day persistence,3.5392240370781667,3.7294518935124388,0.1902278564342717,-3.476805572392263,0
PV150,2013-01-13,ECF,3.1136374313027284,4.396592802134981,1.2829553708322532,-2.1267321617109225,8
PV150,2013-01-13,Equal-total control,3.097864660094479,4.356922174282719,1.2590575141882403,-2.142396076252827,0
PV150,2013-01-13,No feedback,3.097856541421392,4.358899222547378,1.2610426811259865,-2.142404080456459,0
PV150,2013-01-13,Previous-day persistence,2.36211707043943,3.368917173028448,1.0068001025890179,-2.8745923064280197,0
PV150,2013-01-14,ECF,4.158103630685271,4.7371138080806094,0.5790101773953378,-0.36587937894739614,10
PV150,2013-01-14,Equal-total control,4.16313618902052,4.751154107550846,0.5880179185303269,-0.3609193401985863,0
PV150,2013-01-14,No feedback,4.163116674951532,4.751132780813391,0.5880161058618592,-0.3609385561574207,0
PV150,2013-01-14,Previous-day persistence,2.8628545613762335,3.0229460187554076,0.16009145737917382,-1.6549208952116083,0
PV150,2013-01-15,ECF,4.348660784325855,4.540288170852383,0.19162738652652944,-0.09107412299626645,17
PV150,2013-01-15,Equal-total control,4.322450742272473,4.54531895461274,0.22286821234026677,-0.11688340389761258,0
PV150,2013-01-15,No feedback,4.322470778550406,4.545339298054029,0.2228685195036226,-0.11686360361545682,0
PV150,2013-01-15,Previous-day persistence,3.6435599912165384,3.711742092109239,0.06818210089270035,-0.7904577773743636,0
PV150,2013-01-16,ECF,4.282873393885154,4.500644768740138,0.21777137485498355,-0.7455289867134065,14
PV150,2013-01-16,Equal-total control,4.286284543432668,4.513646868987444,0.22736232555477487,-0.7421651503335063,0
PV150,2013-01-16,No feedback,4.286271706849766,4.513633884716619,0.22736217786685275,-0.7421777710627946,0
PV150,2013-01-16,Previous-day persistence,3.6263155137235747,3.7549586089684843,0.1286430952449096,-1.3974315414764482,0
PV150,2013-01-17,ECF,4.441608660079195,4.757408960956312,0.3158003008771167,-1.3880925808540894,9
PV150,2013-01-17,Equal-total control,4.44161205103796,4.767941931315263,0.32632988027730264,-1.3880851301416939,0
PV150,2013-01-17,No feedback,4.441616540868615,4.767946483122866,0.3263299422542521,-1.3880806950623894,0
PV150,2013-01-17,Previous-day persistence,3.9557310159537495,4.186387229313391,0.23065621335964143,-1.8700334849877018,0
PV150,2013-01-18,ECF,4.098790103693988,4.585946964976621,0.487156861282634,-5.161630982266139,11
PV150,2013-01-18,Equal-total control,4.095322527719418,4.592425689265047,0.49710316154563056,-5.1651328786601525,0
PV150,2013-01-18,No feedback,4.0952900448558935,4.592392352094327,0.49710230723843474,-5.165165110200154,0
PV150,2013-01-18,Previous-day persistence,3.715438728314531,4.0651222781294125,0.3496835498148816,-5.54380797092844,0
PV150,2013-01-19,ECF,3.6890113487763285,4.407659327865006,0.7186479790886781,-1.3061915771329315,7
PV150,2013-01-19,Equal-total control,3.691579664985053,4.422560025897629,0.7309803609125759,-1.3036480642327541,0
PV150,2013-01-19,No feedback,3.6915724495431093,4.422553866950935,0.7309814174078255,-1.3036552075576933,0
PV150,2013-01-19,Previous-day persistence,3.167939554828631,3.6482690130480853,0.48032945821945444,-1.8236441213451409,0
PV150,2013-01-20,ECF,3.1594405264658807,4.356282490754415,1.196841964288535,-1.6599731901807997,3
PV150,2013-01-20,Equal-total control,3.1584110469268705,4.356254479581365,1.1978434326544942,-1.6610043932323675,0
PV150,2013-01-20,No feedback,3.1584117106654475,4.3562507297188615,1.1978390190534136,-1.661003664583192,0
PV150,2013-01-20,Previous-day persistence,2.665018116091268,3.3254292436482276,0.6604111275569593,-2.152952153461267,0
PV150,2013-01-21,ECF,4.466199061823673,4.7423703988817625,0.27617133705809016,-0.3233184179124765,15
PV150,2013-01-21,Equal-total control,4.414419418381195,4.717041234988487,0.3026218166072927,-0.37417561852313613,0
PV150,2013-01-21,No feedback,4.414429888088508,4.717052191878986,0.30262230379047905,-0.3741652995453137,0
PV150,2013-01-21,Previous-day persistence,3.5216454861600877,3.5813042412983735,0.05965875513828656,-1.2620400970859464,0
PV150,2013-01-22,ECF,3.2868126526649477,3.9944927984087015,0.707680145743754,-2.2712217034255584,12
PV150,2013-01-22,Equal-total control,3.2637504701897737,3.8841960209135102,0.6204455507237363,-2.2941883450977083,0
PV150,2013-01-22,No feedback,3.2637326910414153,3.884175973452183,0.6204432824107668,-2.294205888304945,0
PV150,2013-01-22,Previous-day persistence,2.7624578057038542,3.2152900515887057,0.4528322458848514,-2.7924628006300116,0
PV150,2013-01-23,ECF,3.82221864742148,4.446566848001059,0.6243482005795796,-0.9288442118905671,7
PV150,2013-01-23,Equal-total control,3.8879064735009994,4.5987175061657535,0.7108110326647541,-0.8637090661185671,0
PV150,2013-01-23,No feedback,3.8879327880546564,4.598744407453421,0.7108116193987646,-0.8636830247397548,0
PV150,2013-01-23,Previous-day persistence,3.3541099373298007,3.736521753924603,0.3824118165948026,-1.395421466334963,0
PV150,2013-01-24,ECF,4.399309596225112,4.79998939318445,0.4006797969593388,-0.5380822186121726,15
PV150,2013-01-24,Equal-total control,4.392226379539489,4.826891082412395,0.4346647028729079,-0.5452175771730995,0
PV150,2013-01-24,No feedback,4.392205631160999,4.826871661607375,0.43466603044637664,-0.545238047262024,0
PV150,2013-01-24,Previous-day persistence,3.716874993477822,3.927321099483234,0.2104461060054122,-1.2170994590730155,0
PV150,2013-01-25,ECF,4.122895010684135,4.369752221022852,0.24685721033871613,-1.8193879972092706,13
PV150,2013-01-25,Equal-total control,4.1438354261285735,4.400910901492487,0.2570754753639146,-1.7986276863889608,0
PV150,2013-01-25,No feedback,4.143871460819543,4.4009472609467855,0.2570758001272426,-1.7985920577433039,0
PV150,2013-01-25,Previous-day persistence,3.295756258667649,3.394305272786909,0.09854901411926001,-2.640472431138232,0
PV150,2013-04-02,ECF,3.474706238567202,4.0618877367521815,0.5871814981849801,-1.2240696923010688,7
PV150,2013-04-02,Equal-total control,3.474101190394156,4.063314078327272,0.5892128879331161,-1.2246768161612724,0
PV150,2013-04-02,No feedback,3.474116589627643,4.063330551426118,0.5892139617984746,-1.2246616508604844,0
PV150,2013-04-02,Previous-day persistence,2.89781152101971,2.9563295113847072,0.058517990364997524,-1.7968719895295344,0
PV150,2013-04-03,ECF,2.5557044143805485,4.138112725311817,1.5824083109312683,-2.484517357377027,4
PV150,2013-04-03,Equal-total control,2.533033316101128,4.087414326689678,1.5543810105885496,-2.506935322618825,0
PV150,2013-04-03,No feedback,2.5330539496219227,4.087436468986398,1.5543825193644751,-2.506914929756592,0
PV150,2013-04-03,Previous-day persistence,2.197251851286582,3.0679985786068595,0.8707467273202774,-2.8400666410370867,0
PV150,2013-04-04,ECF,3.255591326998398,4.409433245065132,1.1538419180667336,-1.8562922862446636,7
PV150,2013-04-04,Equal-total control,3.2785404603296877,4.459171560246693,1.1806310999170058,-1.833724562432465,0
PV150,2013-04-04,No feedback,3.2785439348472436,4.459173465849393,1.1806295310021486,-1.8337211277361811,0
PV150,2013-04-04,Previous-day persistence,2.0419977775053852,2.248237862983748,0.2062400854783633,-3.0631655368405806,0
PV150,2013-04-09,ECF,3.2961866917670095,4.24083964521456,0.9446529534475503,-1.6765532386227175,7
PV150,2013-04-09,Equal-total control,3.1077519010278203,4.05645754342018,0.9487056423923594,-1.8624430449223761,0
PV150,2013-04-09,No feedback,3.1077269278743356,4.0564301247334225,0.9487031968590864,-1.8624676969479432,0
PV150,2013-04-09,Previous-day persistence,2.6302739736191905,2.9650948216771225,0.3348208480579322,-2.3362958689227926,0
PV150,2013-04-10,ECF,3.976198270484901,4.6733802932136195,0.6971820227287187,-0.9229729067716089,7
PV150,2013-04-10,Equal-total control,3.979153459904632,4.677296793060302,0.6981433331556698,-0.9200534897589961,0
PV150,2013-04-10,No feedback,3.9792006409636382,4.67734486257363,0.6981442216099916,-0.9200070347497551,0
PV150,2013-04-10,Previous-day persistence,3.280288404460732,3.341281784388026,0.06099337992729378,-1.6143945330671012,0
PV150,2013-04-14,ECF,3.5248993932475754,4.162479920819396,0.6375805275718206,-1.4163580031044973,5
PV150,2013-04-14,Equal-total control,3.525195832265992,4.162898451412283,0.6377026191462912,-1.4160660907070892,0
PV150,2013-04-14,No feedback,3.525169149065686,4.162871401467875,0.637702252402189,-1.416092481685516,0
PV150,2013-04-14,Previous-day persistence,2.9498804869085173,2.995214439203222,0.04533395229470479,-1.9864752285969882,0
PV150,2013-04-15,ECF,3.449889182436141,4.196793905697568,0.7469047232614272,-1.498054244006806,8
PV150,2013-04-15,Equal-total control,3.455824447662317,4.217276159199065,0.7614517115367478,-1.4921945740094007,0
PV150,2013-04-15,No feedback,3.4558117563523867,4.2172641833288225,0.7614524269764349,-1.4922070870329625,0
PV150,2013-04-15,Previous-day persistence,2.9205184332071736,3.049607490922964,0.12908905771579032,-2.0228721562956196,0
PV150,2013-04-22,ECF,2.9952450667493937,4.187786876331662,1.1925418095822693,-2.4393582789596833,7
PV150,2013-04-22,Equal-total control,3.0605829044958535,4.25112830925199,1.190545404756136,-2.374672768142202,0
PV150,2013-04-22,No feedback,3.0605732489577133,4.251109333137678,1.1905360841799637,-2.3746822381296346,0
PV150,2013-04-22,Previous-day persistence,2.5609120672980836,2.9541881776342507,0.3932761103361674,-2.8706019378923493,0
PV150,2013-04-28,ECF,3.274300962686615,4.009938125961915,0.7356371632752993,-1.9442830403455162,7
PV150,2013-04-28,Equal-total control,3.2719827591083126,4.010133607042309,0.7381508479339959,-1.946577560451053,0
PV150,2013-04-28,No feedback,3.2719649409026488,4.010115031492038,0.738150090589389,-1.9465951916282884,0
PV150,2013-04-28,Previous-day persistence,2.766926068256435,2.790726385177172,0.023800316920737127,-2.4473202335456885,0
PV150,2013-04-29,ECF,3.3266166596979634,4.095311128184301,0.7686944684863384,-1.6822947836950775,5
PV150,2013-04-29,Equal-total control,3.326613268656671,4.095425405426218,0.7688121367695467,-1.682298134690239,0
PV150,2013-04-29,No feedback,3.3266166596979634,4.095428833196627,0.7688121734986637,-1.682294783695115,0
PV150,2013-04-29,Previous-day persistence,2.772770257309663,2.8046141404489644,0.03184388313930136,-2.2312307778615508,0
PV150,2013-04-30,ECF,3.0547127528161697,4.091054275091992,1.0363415222758219,-1.9714714899333827,7
PV150,2013-04-30,Equal-total control,3.0050013903239132,4.0417145704942685,1.0367131801703553,-2.020544248444374,0
PV150,2013-04-30,No feedback,3.005009201303797,4.041725588567723,1.036716387263926,-2.0205365162343183,0
PV150,2013-04-30,Previous-day persistence,2.509572046976341,2.7666504274626993,0.257078380486358,-2.512159896568159,0
PV150,2013-05-01,ECF,3.3139968064402634,4.394350144870346,1.0803533384300827,-1.757913826403728,4
PV150,2013-05-01,Equal-total control,3.318175036561369,4.400816202944864,1.082641166383495,-1.7537831885163058,0
PV150,2013-05-01,No feedback,3.3181803177454023,4.4008216880563245,1.0826413703109217,-1.7537780174496713,0
PV150,2013-05-01,Previous-day persistence,2.6049749027183067,2.7125490874394966,0.10757418472118982,-2.461082601411745,0
PV150,2013-05-06,ECF,3.1150443653484414,3.9329085281584177,0.8178641628099763,-2.436220262275616,3
PV150,2013-05-06,Equal-total control,3.1142208091224486,3.931968536242342,0.8177477271198932,-2.4370313857541177,0
PV150,2013-05-06,No feedback,3.1142232625144834,3.9319707112111297,0.8177474486966465,-2.4370289633587063,0
PV150,2013-05-06,Previous-day persistence,2.3809601737211743,2.441835819146152,0.06087564542497793,-3.164545547107276,0
PV150,2013-05-07,ECF,3.089627684977061,4.058679644239654,0.9690519592625932,-2.4117241998765713,7
PV150,2013-05-07,Equal-total control,3.0695429975625794,4.048110003489096,0.9785670059265168,-2.4315320895473014,0
PV150,2013-05-07,No feedback,3.0695470498145077,4.04811175203484,0.9785647022203323,-2.4315280857435786,0
PV150,2013-05-07,Previous-day persistence,2.632589759960077,2.850552465963962,0.2179627060038854,-2.8652836872440584,0
PV150,2013-05-08,ECF,3.2684803694337,4.27720941764643,1.00872904821273,-2.136385414961873,9
PV150,2013-05-08,Equal-total control,3.3001852409157255,4.338356173341129,1.0381709324254036,-2.1050561034857114,0
PV150,2013-05-08,No feedback,3.30017270243193,4.33834286316577,1.03817016073384,-2.105068417767159,0
PV150,2013-05-08,Previous-day persistence,2.708607020173438,2.8833454261422204,0.17473840596878254,-2.6925200083929797,0
PV150,2013-05-09,ECF,3.2383435247561487,4.225482171380794,0.9871386466246461,-2.0935811134229967,9
PV150,2013-05-09,Equal-total control,3.235654944964385,4.234592884546695,0.9989379395823101,-2.096162820668384,0
PV150,2013-05-09,No feedback,3.235660338244538,4.234598138816807,0.9989378005722696,-2.096157452724015,0
PV150,2013-05-09,Previous-day persistence,2.5938080236015826,2.734148145292518,0.14034012169093507,-2.733684817523059,0
PV150,2013-05-10,ECF,3.103183926071198,3.9827607354695242,0.879576809398326,-2.113538155623748,5
PV150,2013-05-10,Equal-total control,3.103166677661209,3.9836264095843377,0.8804597319231287,-2.1135552180927415,0
PV150,2013-05-10,No feedback,3.103163399695695,3.9836231070877446,0.8804597073920494,-2.1135584560870324,0
PV150,2013-05-10,Previous-day persistence,2.4721218504389775,2.4956474199042313,0.023525569465253658,-2.739456776694939,0
PV150,2013-05-11,ECF,3.202247126796978,4.556497537619514,1.354250410822536,-2.417329817089307,6
PV150,2013-05-11,Equal-total control,2.912346175754446,4.20646530890269,1.2941191331482433,-2.704102130354848,0
PV150,2013-05-11,No feedback,2.9123399861511903,4.206457041712042,1.2941170555608519,-2.7041083030424122,0
PV150,2013-05-11,Previous-day persistence,2.376538377644853,2.740067243054368,0.36352886540951473,-3.2358272385190636,0
PV150,2013-05-12,ECF,3.616999310689085,4.821922101599787,1.204922790910702,-1.9341722616616708,4
PV150,2013-05-12,Equal-total control,3.6170254043087615,4.822145844760686,1.2051204404519256,-1.9341459709067248,0
PV150,2013-05-12,No feedback,3.6170296352842435,4.822150270536223,1.2051206352519794,-1.9341417959957212,0
PV150,2013-05-12,Previous-day persistence,2.7832823933719033,2.9443538333592247,0.16107143998732143,-2.7622605465790198,0
PV150,2013-05-16,ECF,2.980590346836281,4.01137956368666,1.030789216850379,-2.9654165197081053,2
PV150,2013-05-16,Equal-total control,2.9807753892525692,4.011565034744356,1.0307896454917862,-2.9652328048239593,0
PV150,2013-05-16,No feedback,2.980774451932769,4.011563668783149,1.030789216850379,-2.965233733743633,0
PV150,2013-05-16,Previous-day persistence,2.3486047134760657,2.4296891288640197,0.08108441538795419,-3.5922493889074603,0
PV150,2013-05-17,ECF,3.0481985705778536,4.0357166566196465,0.9875180860417939,-3.0652866518114203,3
PV150,2013-05-17,Equal-total control,3.047662656565299,4.035648061111621,0.9879854045463221,-3.065821295818851,0
PV150,2013-05-17,No feedback,3.0476649688318638,4.035649987946817,0.9879850191149533,-3.065819093686325,0
PV150,2013-05-17,Previous-day persistence,2.5760120695043516,2.606567969759379,0.03055590025502737,-3.5344617010190706,0
PV150,2013-05-18,ECF,3.0173528216722354,3.979263304551158,0.9619104828789224,-3.3460482452008904,3
PV150,2013-05-18,Equal-total control,3.021796040141537,3.9846502331467764,0.9628541930052396,-3.3416650836962583,0
PV150,2013-05-18,No feedback,3.0217484081590396,3.984601323066761,0.9628529149077216,-3.3417121535653904,0
PV150,2013-05-18,Previous-day persistence,2.377218037027473,2.39759471095837,0.02037667393089665,-3.9813396114061823,0
PV150,2013-05-19,ECF,3.000479472278171,3.9797365726938727,0.9792571004157017,-3.617780787385038,4
PV150,2013-05-19,Equal-total control,2.998849312590367,3.9794360123408,0.9805866997504336,-3.6194058684146793,0
PV150,2013-05-19,No feedback,2.998861359496492,3.9794484651858113,0.9805871056893195,-3.6193939935826323,0
PV150,2013-05-19,Previous-day persistence,2.39968188135527,2.4337001462630763,0.03401826490780664,-4.214304501601904,0
PV150,2013-05-20,ECF,2.9191937488099837,3.9022889834331815,0.9830952346231981,-3.6760632511006697,2
PV150,2013-05-20,Equal-total control,2.922821634627442,3.906475443720905,0.9836538090934636,-3.6724768011845175,0
PV150,2013-05-20,No feedback,2.9228682869990656,3.9065226234317594,0.9836543364326935,-3.6724306890133,0
PV150,2013-05-20,Previous-day persistence,2.2948071163692334,2.3422890910067182,0.04748197463748465,-4.2958495424191945,0
PV150,2013-05-21,ECF,2.930216253894619,4.03083542379545,1.1006191699008316,-3.289777414683272,3
PV150,2013-05-21,Equal-total control,2.930268657676847,4.03088799357584,1.1006193358989935,-3.289725090062534,0
PV150,2013-05-21,No feedback,2.9302607487365337,4.030879918637365,1.1006191699008316,-3.289732920024134,0
PV150,2013-05-21,Previous-day persistence,2.3497570647146215,2.4492427372897683,0.09948567257514605,-3.8662605411885,0
PV150,2013-05-22,ECF,2.2709619230077642,4.04802087991631,1.777058956908546,-4.911771721478636,6
PV150,2013-05-22,Equal-total control,2.2532335164127617,4.030149186193101,1.776915669780339,-4.929349454267038,0
PV150,2013-05-22,No feedback,2.253232653314617,4.03015041786205,1.7769177645474326,-4.929350281094946,0
PV150,2013-05-22,Previous-day persistence,1.9359384911464943,2.658427112112996,0.7224886209665013,-5.244601139957705,0
PV150,2013-05-23,ECF,2.1437893064825397,4.44217278170904,2.2983834752265,-5.12641303683026,6
PV150,2013-05-23,Equal-total control,2.123428785533369,4.36789101306538,2.2444622275320105,-5.146661031217473,0
PV150,2013-05-23,No feedback,2.1234316826852506,4.367898119836888,2.244466437151637,-5.146658164863189,0
PV150,2013-05-23,Previous-day persistence,1.5985618583067254,2.1700449403997792,0.5714830820930539,-5.669554519040196,0
PV150,2013-05-24,ECF,3.124694750774249,4.567780508227059,1.4430857574528093,-3.672512812271716,7
PV150,2013-05-24,Equal-total control,3.1207979444908616,4.57408833868895,1.4532903941980888,-3.6763559878013687,0
PV150,2013-05-24,No feedback,3.12082067228776,4.5741126177792975,1.4532919454915378,-3.6763335287023757,0
PV150,2013-05-24,Previous-day persistence,1.9905068389543308,2.1819338807924256,0.1914270418380952,-4.800012751894985,0
PV150,2013-05-25,ECF,2.8559979724524496,4.080719399930275,1.2247214274778246,-3.7770264115498304,4
PV150,2013-05-25,Equal-total control,2.8493207929097943,4.076759065812618,1.2274382729028235,-3.7836310439845144,0
PV150,2013-05-25,No feedback,2.8493099304334826,4.076748030191629,1.2274380997581464,-3.783641776133724,0
PV150,2013-05-25,Previous-day persistence,2.2227703157797842,2.3184292932717145,0.0956589774919307,-4.406274389038283,0
PV150,2013-05-26,ECF,2.935227058211174,4.022552888341203,1.0873258301300286,-3.8236143286821127,4
PV150,2013-05-26,Equal-total control,2.935033130779324,4.024747356402561,1.0897142256232377,-3.8238283324332913,0
PV150,2013-05-26,No feedback,2.9350566803092137,4.024771651805122,1.089714971495909,-3.823805054858326,0
PV150,2013-05-26,Previous-day persistence,2.3221647283597826,2.355051824734898,0.032887096375115464,-4.432629339860183,0
PV150,2013-05-27,ECF,2.606365245916809,4.094639795830702,1.4882745499138927,-4.366683140190695,7
PV150,2013-05-27,Equal-total control,2.4536374303233073,3.9628462562395104,1.509208825916203,-4.51791901623787,0
PV150,2013-05-27,No feedback,2.453652663713745,3.9628660089874583,1.5092133452737138,-4.5179039317838585,0
PV150,2013-05-27,Previous-day persistence,1.9521400295459839,2.374278200366556,0.42213817082057203,-5.016561915780535,0
PV150,2013-05-28,ECF,3.0116249570739635,4.668655228380142,1.6570302713061782,-3.4826646070763885,2
PV150,2013-05-28,Equal-total control,3.0136307072837996,4.6711771217016365,1.6575464144178373,-3.480688113953432,0
PV150,2013-05-28,No feedback,3.0136193277338066,4.671165978928249,1.6575466511944428,-3.4806993345980697,0
PV150,2013-05-28,Previous-day persistence,2.3624035836783026,2.7525031203291688,0.39009953665086566,-4.127850778285854,0
PV150,2013-05-29,ECF,3.1223625655026988,4.58142475434366,1.459062188840961,-2.959149926693605,7
PV150,2013-05-29,Equal-total control,3.012842827452105,4.460746236443811,1.4479034089917062,-3.067404937994755,0
PV150,2013-05-29,No feedback,3.012834828473346,4.460737253206916,1.4479024247335694,-3.067412810577418,0
PV150,2013-05-29,Previous-day persistence,2.381822710424138,2.525903955262768,0.14408124483863036,-3.6944273454487244,0
PV150,2013-05-30,ECF,3.3682322902697184,4.43179506207642,1.063562771806702,-2.6590924050153224,3
PV150,2013-05-30,Equal-total control,3.3684289429797394,4.43326550318428,1.0648365602045402,-2.658900765984585,0
PV150,2013-05-30,No feedback,3.3684308692336153,4.433267468290778,1.0648365990571622,-2.658898872171147,0
PV150,2013-05-30,Previous-day persistence,2.790112929164656,2.834087345066443,0.0439744159017869,-3.2323638381471658,0
PV150,2013-05-31,ECF,2.872050686574677,4.0392599331920955,1.1672092466174195,-2.8844951599882096,3
PV150,2013-05-31,Equal-total control,2.8694281634164556,4.037518146275105,1.1680899828586495,-2.8870854046109162,0
PV150,2013-05-31,No feedback,2.869436987903851,4.037527241514262,1.1680902536104107,-2.887076674952719,0
PV150,2013-05-31,Previous-day persistence,2.338993197837815,2.4064771757865717,0.06748397794875682,-3.413351782201361,0
PV150,2013-06-01,ECF,2.376670625660595,3.8839902929281593,1.5073196672675637,-3.9210713595012154,4
PV150,2013-06-01,Equal-total control,2.366951397122181,3.8855985088432217,1.518647111721041,-3.930608607519378,0
PV150,2013-06-01,No feedback,2.3669719917900633,3.8856217747964665,1.5186497830064032,-3.9305882230188365,0
PV150,2013-06-01,Previous-day persistence,1.916789797294859,2.308113615049354,0.39132381775449515,-4.377640287913602,0
PV150,2013-06-02,ECF,1.084878825331257,4.409746639438978,3.324867814107721,-6.947974355191088,4
PV150,2013-06-02,Equal-total control,1.0320171831787244,4.274861839719088,3.2428446565403632,-7.000502625035256,0
PV150,2013-06-02,No feedback,1.032015254705471,4.274860631267197,3.2428453765617267,-7.000504541255931,0
PV150,2013-06-02,Previous-day persistence,0.5881436767303726,2.30032478843314,1.7121811117027674,-7.443544913979902,0
PV150,2013-06-03,ECF,3.0674055675757446,4.42516725444081,1.3577616868650648,-3.970497412339907,6
PV150,2013-06-03,Equal-total control,3.047525092312794,4.416485335889582,1.3689602435767876,-3.990154895498381,0
PV150,2013-06-03,No feedback,3.0475283891609006,4.4164886431527215,1.3689602539918209,-3.9901516366687164,0
PV150,2013-06-03,Previous-day persistence,1.0773789559339957,1.1396968460440309,0.062317890110035246,-5.950644667129589,0
PV150,2013-06-04,ECF,2.674211279775239,3.8547802416106496,1.1805689618354105,-4.1178114581307526,4
PV150,2013-06-04,Equal-total control,2.6709079715438504,3.85067836836731,1.1797703968234596,-4.121083427358772,0
PV150,2013-06-04,No feedback,2.6708935838470347,3.8506638266473514,1.1797702428003165,-4.121097672321541,0
PV150,2013-06-04,Previous-day persistence,2.099557499034451,2.1929283401603854,0.09337084112593466,-4.688577488057399,0
PV150,2013-06-05,ECF,2.6311044336556733,3.961884512494457,1.3307800788387834,-4.265110623501517,6
PV150,2013-06-05,Equal-total control,2.5826527411349574,3.901604041868319,1.318951300733361,-4.313023856464405,0
PV150,2013-06-05,No feedback,2.5826651043583757,3.9016178910120427,1.318952786653667,-4.313011644986276,0
PV150,2013-06-05,Previous-day persistence,1.9702319325269384,2.124193343553874,0.15396141102693528,-4.921557109330761,0
PV150,2013-06-06,ECF,2.6379364108722667,4.365876221729209,1.7279398108569426,-3.9912618531962107,1
PV150,2013-06-06,Equal-total control,2.6379364108722667,4.366102125617246,1.7281657147449803,-3.9912618531976114,0
PV150,2013-06-06,No feedback,2.6379364108722667,4.366098094618759,1.7281616837464928,-3.991261853194617,0
PV150,2013-06-06,Previous-day persistence,2.279636085252631,2.7436049754652156,0.4639688902125846,-4.346644317380823,0
PV150,2013-06-07,ECF,2.4519025205071165,4.471955886779005,2.0200533662718883,-3.790533357906083,2
PV150,2013-06-07,Equal-total control,2.4512064959020536,4.472056240177077,2.020849744275024,-3.791220780077468,0
PV150,2013-06-07,No feedback,2.4512091291748885,4.472058983704811,2.0208498545299216,-3.79121817946329,0
PV150,2013-06-07,Previous-day persistence,2.062845971349399,2.472308458140629,0.4094624867912297,-4.178075645978806,0
PV150,2013-06-08,ECF,2.5741628861408126,4.331386103024315,1.7572232168835027,-4.025710482079055,4
PV150,2013-06-08,Equal-total control,2.574213605507342,4.332416189375687,1.758202583868344,-4.025660396496734,0
PV150,2013-06-08,No feedback,2.5742044085179243,4.332406762254134,1.75820235373621,-4.0256695321303315,0
PV150,2013-06-08,Previous-day persistence,1.8546609791146915,2.0618824447656565,0.20722146565096525,-4.74110953356898,0
PV150,2013-06-09,ECF,3.104755774984718,4.316707483288809,1.2119517083040907,-3.4828902257669494,2
PV150,2013-06-09,Equal-total control,3.105080342208888,4.31703167054348,1.2119513283345915,-3.4825708796205697,0
PV150,2013-06-09,No feedback,3.1050907594299124,4.317042467734003,1.2119517083040907,-3.4825605603389467,0
PV150,2013-06-09,Previous-day persistence,2.2889458169895827,2.3371339279970806,0.048188111007498154,-4.293772934961559,0
PV150,2013-06-10,ECF,2.8153677220857602,4.460359442140326,1.6449917200545656,-4.389015349046079,5
PV150,2013-06-10,Equal-total control,2.8141117314050414,4.308833562223943,1.4947218308189019,-4.390276000629642,0
PV150,2013-06-10,No feedback,2.8141387280247248,4.308858475828506,1.494719747803781,-4.390249330575747,0
PV150,2013-06-10,Previous-day persistence,2.3615517744006853,2.6872372323011144,0.32568545790042847,-4.838978789295906,0
PV150,2013-06-11,ECF,3.0341259911143044,4.206481479733811,1.1723554886195062,-3.437995003078117,2
PV150,2013-06-11,Equal-total control,3.027568625723198,4.201382196996026,1.1738135712728286,-3.444456490553695,0
PV150,2013-06-11,No feedback,3.0275643280379727,4.201377791063349,1.1738134630253765,-3.444460751660089,0
PV150,2013-06-11,Previous-day persistence,2.29103142430192,2.3356061792934675,0.04457475499154763,-4.177002393387318,0
PV150,2013-06-12,ECF,1.8426505419244399,4.192193158221236,2.349542616296796,-5.553578843435209,5
PV150,2013-06-12,Equal-total control,1.7286153714738117,4.042732450352573,2.314117078878761,-5.666258997922767,0
PV150,2013-06-12,No feedback,1.7285850574046253,4.0426491775667195,2.3140641201620937,-5.6662890829340355,0
PV150,2013-06-12,Previous-day persistence,1.4347120513081797,2.449870059406286,1.0151580080981062,-5.9589864807966135,0
PV150,2013-06-13,ECF,3.057963104019279,4.452528041243993,1.3945649372247142,-3.724472811600872,8
PV150,2013-06-13,Equal-total control,3.047999122990337,4.457784936250698,1.4097858132603602,-3.7342885527195704,0
PV150,2013-06-13,No feedback,3.047989046796646,4.457773580886148,1.4097845340895008,-3.7342985260727244,0
PV150,2013-06-13,Previous-day persistence,1.709582031271573,1.8855490681390905,0.17596703686751763,-5.06517611395912,0
PV150,2013-06-14,ECF,2.7060280711384914,3.851785596179631,1.1457575250411398,-4.204206956293411,2
PV150,2013-06-14,Equal-total control,2.7082801448442835,3.85397890841549,1.145698763571207,-4.201983413499877,0
PV150,2013-06-14,No feedback,2.708276259923974,3.8539748274506813,1.1456985675267073,-4.201987258637526,0
PV150,2013-06-14,Previous-day persistence,2.1375538158120913,2.1998277119283474,0.06227389611625635,-4.76874100562252,0
PV150,2013-06-15,ECF,2.486867018043293,3.990148856430862,1.503281838387569,-4.62753290439474,8
PV150,2013-06-15,Equal-total control,2.4885250658051867,3.9822792853129987,1.4937542195078124,-4.625904128922989,0
PV150,2013-06-15,No feedback,2.4885094550334133,3.9822545740308404,1.493745118997427,-4.62591955893075,0
PV150,2013-06-15,Previous-day persistence,1.9587667347005246,2.226383631731107,0.26761689703058233,-5.152587241838466,0
PV150,2013-06-16,ECF,2.902140462508939,4.160906547293676,1.258766084784737,-4.592802425199906,5
PV150,2013-06-16,Equal-total control,2.905529815179516,4.167151778742351,1.261621963562835,-4.589457578821674,0
PV150,2013-06-16,No feedback,2.9055025115880913,4.16712306494493,1.2616205533568385,-4.589484496761715,0
PV150,2013-06-16,Previous-day persistence,2.3725975630178304,2.4664232336635723,0.09382567064574202,-5.11954994065175,0
PV150,2013-06-17,ECF,2.673391371534998,3.8617831481711127,1.1883917766361145,-4.929618472112435,9
PV150,2013-06-17,Equal-total control,2.6188831421925536,3.8109255179095465,1.1920423757169931,-4.9837179885369185,0
PV150,2013-06-17,No feedback,2.618892034612305,3.8109363365382745,1.1920443019259697,-4.98370917824503,0
PV150,2013-06-17,Previous-day persistence,2.051170515577488,2.1636358150193926,0.11246529944190448,-5.548255683319944,0
PV150,2013-06-18,ECF,2.9692391506377995,4.206315518741064,1.2370763681032646,-4.771704946857021,4
PV150,2013-06-18,Equal-total control,2.958778131853938,4.202205418281787,1.2434272864278486,-4.782020783119004,0
PV150,2013-06-18,No feedback,2.9587707967337664,4.202198224971285,1.243427428237518,-4.78202801783924,0
PV150,2013-06-18,Previous-day persistence,2.6170796793533544,2.767626101722759,0.15054642236940466,-5.122344539370574,0
PV150,2013-06-19,ECF,2.8917348753775647,4.235485523875218,1.3437506484976536,-5.161037741817841,8
PV150,2013-06-19,Equal-total control,2.50144340024337,3.81506964456488,1.3136262443215094,-5.5474227844992585,0
PV150,2013-06-19,No feedback,2.5014844050253675,3.815111181630108,1.3136267766047411,-5.547382139998829,0
PV150,2013-06-19,Previous-day persistence,1.9736573082363764,2.2227564927578927,0.2490991845215164,-6.072484017493031,0
PV150,2013-06-23,ECF,1.937747115425821,3.9135207404183197,1.9757736249924984,-7.3305005981689995,8
PV150,2013-06-23,Equal-total control,1.7757452496989194,3.602605345174555,1.8268600954756364,-7.491111350824928,0
PV150,2013-06-23,No feedback,1.7757419035276696,3.602594687613281,1.8268527840856112,-7.4911147210004945,0
PV150,2013-06-23,Previous-day persistence,1.4502783507404295,1.96444449749673,0.5141661467563006,-7.816308522724675,0
PV150,2013-06-24,ECF,2.704520702574018,4.456219775085309,1.751699072511291,-5.638453267290064,4
PV150,2013-06-24,Equal-total control,2.6872970080969916,4.445512433745435,1.7582154256484444,-5.65540366169439,0
PV150,2013-06-24,No feedback,2.6872928605587965,4.445500999780239,1.758208139221443,-5.655407724740207,0
PV150,2013-06-24,Previous-day persistence,1.808221413755319,2.0400567119499557,0.23183529819463705,-6.530255378790522,0
PV150,2013-06-25,ECF,2.430616998781919,4.131991407345199,1.70137440856328,-6.200419328606466,3
PV150,2013-06-25,Equal-total control,2.412609005997468,4.14859924948436,1.7359902434868921,-6.2179511383748425,0
PV150,2013-06-25,No feedback,2.4126238879558737,4.148617974131259,1.7359940861753862,-6.2179364685222565,0
PV150,2013-06-25,Previous-day persistence,1.8149891350858849,1.9961748892448485,0.18118575415896354,-6.8127571805095135,0
PV150,2013-06-26,ECF,2.5757892468486405,4.059901447266354,1.4841122004177132,-4.9695924682092265,5
PV150,2013-06-26,Equal-total control,2.578441301256208,4.065717403639424,1.4872761023832162,-4.966989204875155,0
PV150,2013-06-26,No feedback,2.5784299152857297,4.065705485659466,1.4872755703737357,-4.967000424465162,0
PV150,2013-06-26,Previous-day persistence,1.5927926402818944,1.8113008713387992,0.21850823105690503,-5.947558090942161,0
PV150,2013-06-27,ECF,2.2655184694564463,4.009899098971004,1.7443806295145572,-5.278524906687623,2
PV150,2013-06-27,Equal-total control,2.2656579328277124,4.010899616767515,1.7452416839398022,-5.278387552590956,0
PV150,2013-06-27,No feedback,2.26565615311947,4.010896623114644,1.745240469995174,-5.2783893160601325,0
PV150,2013-06-27,Previous-day persistence,1.8060764005733514,2.2194717670942454,0.4133953665208941,-5.735900503730258,0
