reporter_id,q_mode,method_id,forecast_cv,gamma_from,gamma_to,own_delivery_increment_kw,outside_delivery_decrement_kw,feeder_delivery_increment_kw,idle_award_increment_kw,stepwise_consequence_equivalent_ratio
p001,Q0,equal_kw_reduction,0.0,1.1,1.2,1.7603357961062938,4.749549377445483,-2.9892135813391896,1.6846624404135007,2.8192884601141257
p001,Q0,equal_kw_reduction,0.05,1.0,1.1,3.334431193951,3.9855399949918007,-0.6511088010408006,0.12763725121678338,31.225523559909842
p001,Q0,equal_kw_reduction,0.05,1.1,1.2,1.7366878724522916,4.43149919592023,-2.6948113234679383,1.7083103640675028,2.5940831883550652
p001,Q0,equal_kw_reduction,0.05,1.2,1.3,0.15128517487078552,4.885692721875168,-4.734407547004382,3.2763276635263336,1.4912100447904113
p001,Q0,equal_kw_reduction,0.1,1.0,1.1,2.782116866371372,3.5183355458182146,-0.7362186794468428,0.6799515787964117,5.174391317755378
p001,Q0,equal_kw_reduction,0.1,1.1,1.2,1.7366878724522916,3.9120172327620217,-2.17532936030973,1.7083103640675028,2.289992096897119
p001,Q0,equal_kw_reduction,0.1,1.2,1.3,0.6967164422964495,4.312967976966495,-3.6162515346700452,2.7308963961006696,1.5793231786913622
p001,Q0,equal_kw_reduction,0.1,1.3,1.4,0.13231092007433276,4.722740111203064,-4.590429191128731,3.2775340209033126,1.4409431240324522
p001,Q0,equal_kw_reduction,0.2,1.0,1.1,2.380172056052853,3.156013728091777,-0.7758416720389238,1.08189638911493,2.9171127289496046
p001,Q0,equal_kw_reduction,0.2,1.1,1.2,1.7366878724522916,3.5091536694964454,-1.7724657970441537,1.7083103640675028,2.054166352501145
p001,Q0,equal_kw_reduction,0.2,1.2,1.3,1.0711290119991002,3.8688140931597284,-2.797685081160628,2.356483826398019,1.6417740914748256
p001,Q0,equal_kw_reduction,0.2,1.3,1.4,0.7423589891084464,4.236387471024935,-3.494028481916489,2.6674859518691987,1.5881573689474742
p001,Q0,equal_kw_reduction,0.2,1.4,1.5,0.21197627087087695,4.613409029240116,-4.401432758369239,3.1796440630631264,1.4509199576243652
p001,Q0,equal_kw_reduction,0.2,1.5,1.6,0.008438090392359765,0.1921465915439291,-0.18370850115156934,0.12657135588536872,1.518089066833965
p001,Q0,equal_kw_reduction,0.3,1.0,1.1,2.38017205605285,3.0511310966446286,-0.6709590405917787,1.0818963891149336,2.820169405631038
p001,Q0,equal_kw_reduction,0.3,1.1,1.2,1.7366878724522952,3.392535269603817,-1.655847397151522,1.7083103640674995,1.985901005439179
p001,Q0,equal_kw_reduction,0.3,1.2,1.3,1.0711290119991002,3.7402432320576553,-2.669114220058555,2.356483826398019,1.5872136231780416
p001,Q0,equal_kw_reduction,0.3,1.3,1.4,1.0655765440555145,4.105162416710363,-3.0395858726548486,2.3442683969221307,1.7511486407017942
p001,Q0,equal_kw_reduction,0.3,1.4,1.5,0.7924149659238113,4.474031112949035,-3.681616147025224,2.599205368010192,1.7213072764519974
p001,Q0,equal_kw_reduction,0.3,1.5,1.6,0.008438090392359765,0.18634155856672718,-0.17790346817436742,0.12657135588536872,1.4722253488023804
p001,Q0,fairness_qp,0.0,1.3,1.4,0.34760212341577307,3.0991123876774536,-2.7515102642616807,1.5706302322530674,1.9731648634012222
p001,Q0,fairness_qp,0.05,1.1,1.2,2.181201310975496,3.173615183515395,-0.992413872539899,0.07354619097071913,43.15131948544967
p001,Q0,fairness_qp,0.05,1.2,1.3,1.5947134880908778,3.158354980971452,-1.5636414928805742,0.49557033296185327,6.373172022011591
p001,Q0,fairness_qp,0.05,1.3,1.4,0.7297984074274289,3.08214383309674,-2.352345425669311,1.1884339482414117,2.5934498401510244
p001,Q0,fairness_qp,0.05,1.4,1.5,0.16815242217597948,2.9550031444647713,-2.7868507222887917,1.5755572616519344,1.8755288788212752
p001,Q0,fairness_qp,0.05,1.5,1.6,0.018767817744937132,2.7886411637078403,-2.7698733459629032,1.5526236815325765,1.7960831055695388
p001,Q0,fairness_qp,0.1,1.0,1.1,2.256195485244146,2.881214585653498,-0.6250191004093519,0.15041303234961112,19.15535203729271
p001,Q0,fairness_qp,0.1,1.1,1.2,1.8196410191917005,2.969563816479906,-1.1499227972882053,0.4351064827545145,6.824912829798776
p001,Q0,fairness_qp,0.1,1.2,1.3,1.4370701269737565,2.970675614739911,-1.5336054877661542,0.6532136940789746,4.547785267926045
p001,Q0,fairness_qp,0.1,1.3,1.4,0.7297984074274289,2.898331384909081,-2.168532977481652,1.1884339482414117,2.4387820536411757
p001,Q0,fairness_qp,0.1,1.4,1.5,0.5449092761962218,2.7783349612144974,-2.2334256850182754,1.1988004076316923,2.317595943017135
p001,Q0,fairness_qp,0.1,1.5,1.6,0.1732832396846018,2.6216304837132496,-2.448347244028648,1.3981082595929117,1.8751269551018832
p001,Q0,fairness_qp,0.1,1.6,1.7,0.08782381502856623,2.439420353056644,-2.351596538028078,1.317357225428542,1.8517531205426
p001,Q0,fairness_qp,0.1,1.7,1.8,0.05864609651152347,2.242173732783577,-2.1835276362720535,1.1893550668734612,1.8852013122353208
p001,Q0,fairness_qp,0.2,1.0,1.1,1.6545433558457119,2.214797646707751,-0.5602542908620389,0.7520651617480452,2.944954452563442
p001,Q0,fairness_qp,0.2,1.1,1.2,1.550138907588018,2.3814808598965134,-0.8313419523084953,0.704608594358197,3.379863485862985
p001,Q0,fairness_qp,0.2,1.2,1.3,1.4370701269737565,2.4337129681515983,-0.9966428411778416,0.6532136940789746,3.725753134405903
p001,Q0,fairness_qp,0.2,1.3,1.4,0.7297984074274289,2.3737908861728996,-1.6439924787454707,1.1884339482414117,1.9974108697294646
p001,Q0,fairness_qp,0.2,1.4,1.5,0.5449092761962218,2.2750729926648354,-1.7301637164686134,1.1988004076316923,1.8977913071946557
p001,Q0,fairness_qp,0.2,1.5,1.6,0.4910598435242247,2.1464664036259933,-1.6554065601017687,1.0803316557532887,1.9868587504541046
p001,Q0,fairness_qp,0.2,1.6,1.7,0.43911907514284504,1.9971040612724242,-1.5579849861295791,0.9660619653142632,2.067262901322028
p001,Q0,fairness_qp,0.2,1.7,1.8,0.3125844587576615,1.8355176930231059,-1.5229332342654445,0.9354167046273232,1.962246006451627
p001,Q0,fairness_qp,0.2,1.8,1.9,0.06885780707326788,1.6688828543240317,-1.6000250472507638,1.032867106099046,1.6157769421345047
p001,Q0,fairness_qp,0.2,1.9,2.0,0.06046826272190081,1.5031308546802555,-1.4426625919583547,0.9070239408285399,1.6572118849555275
p001,Q0,fairness_qp,0.3,1.0,1.1,1.6545433558457083,2.1570373217434518,-0.5024939658977434,0.7520651617480487,2.8681521648068133
p001,Q0,fairness_qp,0.3,1.1,1.2,1.5501389075880252,2.193679966378412,-0.6435410587903867,0.7046085943581901,3.1133312649650247
p001,Q0,fairness_qp,0.3,1.2,1.3,1.4370701269737531,2.1832444139132137,-0.7461742869394605,0.653213694078978,3.342312682209697
p001,Q0,fairness_qp,0.3,1.3,1.4,0.7297984074274289,2.1306397665283305,-1.4008413591009017,1.1884339482414117,1.7928129448684553
p001,Q0,fairness_qp,0.3,1.4,1.5,0.5449092761962218,2.042800087288528,-1.4978908110923062,1.1988004076316923,1.7040368640883363
p001,Q0,fairness_qp,0.3,1.5,1.6,0.4910598435242178,1.9278272172791946,-1.4367673737549769,1.0803316557532958,1.7844772084688711
p001,Q0,fairness_qp,0.3,1.6,1.7,0.439119075142852,1.7939881103005428,-1.3548690351576909,0.9660619653142564,1.8570114285753556
p001,Q0,fairness_qp,0.3,1.7,1.8,0.3900003635578034,1.6490225050188114,-1.259022141461008,0.8580007998271812,1.9219358599094056
p001,Q0,fairness_qp,0.3,1.8,1.9,0.3442890353663533,1.4994036536197033,-1.15511461825335,0.7574358778059607,1.97957833468752
p001,Q0,fairness_qp,0.3,1.9,2.0,0.302341313609511,1.3504901958932836,-1.0481488822837726,0.6651508899409297,2.0303516334665312
p001,Q0,flat_level,0.05,1.0,1.1,0.6777421875000036,13.292007953659208,-12.614265766159205,2.9368828124999995,4.525889796176268
p001,Q0,flat_level,0.1,1.0,1.1,1.1295703125000014,13.173329311215683,-12.043758998715681,2.4850546875000017,5.301021896008344
p001,Q0,flat_level,0.1,1.1,1.2,0.2259140624999989,14.716301064730153,-14.490387002230154,3.3887109374999973,4.342743106789457
p001,Q0,flat_level,0.2,1.0,1.1,1.1295703125000014,12.283239492890182,-11.15366918039018,2.4850546875000017,4.942844740872598
p001,Q0,flat_level,0.2,1.1,1.2,1.1295703125000014,13.721956398194465,-12.592386085694462,2.485054687499995,5.521792525217614
p001,Q0,flat_level,0.2,1.2,1.3,0.2259140624999989,15.254908929353828,-15.028994866853829,3.3887109375000044,4.501684921112811
p001,Q0,flat_level,0.2,1.3,1.4,0.07367062909434396,5.288129963476037,-5.214459334381694,1.1050594364151525,4.785380577022081
p001,Q0,flat_level,0.3,1.0,1.1,1.1295703125000014,10.799756462347828,-9.670186149847826,2.4850546875000017,4.345882815646414
p001,Q0,flat_level,0.3,1.1,1.2,1.1295703125000014,13.340355743167894,-12.210785430667892,2.485054687499995,5.368234272779127
p001,Q0,flat_level,0.3,1.2,1.3,1.1295703125000014,15.18121371713472,-14.051643404634717,2.4850546875000017,6.109005887676147
p001,Q0,flat_level,0.3,1.3,1.4,0.07367062909433703,5.2496609607052065,-5.175990331610869,1.1050594364151594,4.750568872327119
p001,Q0,max_export_lp,0.1,1.1,1.2,2.2529778702373715e-05,2.387532637565526e-05,-1.3455476732815441e-06,1.5019852445119497e-06,15.895846156207234
p001,Q0,max_export_lp,0.1,1.2,1.3,5.221499759650028e-05,5.5250605139611775e-05,-3.035607543111496e-06,3.480999839072796e-06,15.872050472236852
p001,Q0,max_export_lp,0.1,1.4,1.5,1.639487810789486e-05,1.7369809798828406e-05,-9.749316909335448e-07,1.0929918740909539e-06,15.891984387601191
p001,Q0,max_export_lp,0.1,1.6,1.7,7.711055247799914e-05,8.164172347197018e-05,-4.531170993971045e-06,5.1407034983019795e-06,15.881430138683777
p001,Q0,max_export_lp,0.1,1.7,1.8,1.9253190208790016e-05,2.0353511820392356e-05,-1.1003216116023395e-06,1.2835460125315556e-06,15.857251412630578
p001,Q0,max_export_lp,0.1,1.9,2.0,0.00019477312374407973,0.00020627698960398733,-1.1503865859907592e-05,1.298487491835365e-05,15.885943522830726
p001,Q0,max_export_lp,0.2,1.1,1.2,1.6521837713917575e-05,2.241505052055781e-05,-5.893212806640236e-06,7.509926232968089e-06,2.984723128458598
p001,Q0,max_export_lp,0.2,1.2,1.3,3.829099823673965e-05,5.1502718177026674e-05,-1.3211719940287026e-05,1.7404999198833426e-05,2.959076159019798
p001,Q0,max_export_lp,0.2,1.4,1.5,1.2022910615000493e-05,1.628312457438441e-05,-4.260213959383918e-06,5.4649593669853225e-06,2.979550895246051
p001,Q0,max_export_lp,0.2,1.6,1.7,5.654773848479122e-05,7.631242725930631e-05,-1.9764688774515093e-05,2.5703517491509897e-05,2.9689487940517476
p001,Q0,max_export_lp,0.2,1.7,1.8,1.41190061517249e-05,1.890113795338655e-05,-4.782131801661649e-06,6.417730069596672e-06,2.945143804493854
p001,Q0,max_export_lp,0.2,1.9,2.0,0.00014283362408107347,0.00019305264169211522,-5.021901761104175e-05,6.492437458135991e-05,2.9735002137015814
p001,Q0,max_export_lp,0.3,1.1,1.2,1.6521837713917575e-05,2.146818882040047e-05,-4.9463511064828936e-06,7.509926232968089e-06,2.858641770162337
p001,Q0,max_export_lp,0.3,1.2,1.3,3.829099823673965e-05,4.9239327146871625e-05,-1.0948328910131977e-05,1.7404999198833426e-05,2.829033577328283
p001,Q0,max_export_lp,0.3,1.4,1.5,1.2022910611531046e-05,1.5582559187432565e-05,-3.5596485759015195e-06,5.4649593704547694e-06,2.8513586526693344
p001,Q0,max_export_lp,0.3,1.6,1.7,5.654773848479122e-05,7.299953041356444e-05,-1.645179192877322e-05,2.5703517491509897e-05,2.8400599426781508
p001,Q0,max_export_lp,0.3,1.7,1.8,1.41190061517249e-05,1.806862433978429e-05,-3.9496181880593895e-06,6.417730069596672e-06,2.8154229211637483
p001,Q0,max_export_lp,0.3,1.9,2.0,0.00014283362408107347,0.00018469835109946597,-4.18647270183925e-05,6.492437458135991e-05,2.8448229542513563
p001,Q0,weighted_proportional,0.0,1.1,1.2,2.387422730792947,5.568114917706694,-3.180692186913747,0.5421650872439593,10.270146582126188
p001,Q0,weighted_proportional,0.05,1.0,1.1,2.8850570252130607,5.139753772438731,-2.2546967472256707,0.07670014182543927,67.01100741294874
p001,Q0,weighted_proportional,0.05,1.1,1.2,1.955807274882121,5.56811491770684,-3.612307642824719,0.9737805431547855,5.718038788973596
p001,Q0,weighted_proportional,0.05,1.2,1.3,0.4972339033946366,5.981162653600839,-5.483928750206202,2.3979188998953376,2.494313987792456
p001,Q0,weighted_proportional,0.05,1.3,1.4,0.011081694341628923,6.378110031188065,-6.367028336846436,2.8475212022861034,2.239881489229111
p001,Q0,weighted_proportional,0.1,1.0,1.1,2.469846776796833,4.818519161661524,-2.3486723848646918,0.49191039024166705,9.795522227725806
p001,Q0,weighted_proportional,0.1,1.1,1.2,1.810779717183887,5.2201077353498455,-3.409328018165958,1.1188081008530193,4.665775776355077
p001,Q0,weighted_proportional,0.1,1.2,1.3,0.9047352510281187,5.607339987751023,-4.702604736722904,1.9904175522618557,2.8171676748825876
p001,Q0,weighted_proportional,0.1,1.3,1.4,0.22298945840575068,5.979478154238757,-5.756488695833006,2.6356134382219816,2.268723503805091
p001,Q0,weighted_proportional,0.1,1.4,1.5,0.05833307580239283,6.335888544481756,-6.277555468679363,2.761760530895739,2.294148414970214
p001,Q0,weighted_proportional,0.2,1.0,1.1,2.036208052338971,3.5335807185516086,-1.4973726662126374,0.9255491146995288,3.8178208616176503
p001,Q0,weighted_proportional,0.2,1.1,1.2,1.810779717183887,3.828079005923392,-2.0172992887395047,1.1188081008530193,3.4215689026605434
p001,Q0,weighted_proportional,0.2,1.2,1.3,0.9047352510281187,4.112049324350761,-3.2073140733226424,1.9904175522618557,2.06592296158057
p001,Q0,weighted_proportional,0.2,1.3,1.4,0.8933134051961611,4.384950646441621,-3.49163724124546,1.965289491431571,2.2311983377306426
p001,Q0,weighted_proportional,0.2,1.4,1.5,0.4095881536282167,4.646318265953388,-4.236730112325171,2.410505453069915,1.9275286268429879
p001,Q0,weighted_proportional,0.2,1.5,1.6,0.17373648603573322,4.895764020391755,-4.722027534356021,2.6060472905359497,1.8786167227935877
p001,Q0,weighted_proportional,0.2,1.6,1.7,0.009559489348033579,62.03496400837852,-62.02540451903049,0.14339234022048286,432.62397358877297
p001,Q0,weighted_proportional,0.3,1.0,1.1,2.0362080523389676,3.533580718551605,-1.4973726662126374,0.9255491146995323,3.817820861617632
p001,Q0,weighted_proportional,0.3,1.1,1.2,1.8107797171838906,3.8280790059233953,-2.0172992887395047,1.1188081008530157,3.421568902660557
p001,Q0,weighted_proportional,0.3,1.2,1.3,0.9047352510281187,4.112049324350761,-3.2073140733226424,1.9904175522618557,2.06592296158057
p001,Q0,weighted_proportional,0.3,1.3,1.4,0.8933134051961611,4.384950646441621,-3.49163724124546,1.965289491431571,2.2311983377306426
p001,Q0,weighted_proportional,0.3,1.4,1.5,0.8812792520931714,4.646318265953332,-3.765039013860161,1.9388143546049605,2.396474038330521
p001,Q0,weighted_proportional,0.3,1.5,1.6,0.6057016375707811,4.895764020391595,-4.290062382820814,2.1740821390009017,2.251876289569004
p001,Q0,weighted_proportional,0.3,1.6,1.7,0.009559489348033579,55.24041400888239,-55.230854519534354,0.14339234022048286,385.2396433724678
p001,Q95,equal_kw_reduction,0.0,1.1,1.2,1.7603357961062938,4.749549377445483,-2.9892135813391896,1.6846624404135007,2.8192884601141257
p001,Q95,equal_kw_reduction,0.05,1.0,1.1,3.334431193951,3.9855399949918007,-0.6511088010408006,0.12763725121678338,31.225523559909842
p001,Q95,equal_kw_reduction,0.05,1.1,1.2,1.7366878724522916,4.43149919592023,-2.6948113234679383,1.7083103640675028,2.5940831883550652
p001,Q95,equal_kw_reduction,0.05,1.2,1.3,0.15128517487078552,4.885692721875168,-4.734407547004382,3.2763276635263336,1.4912100447904113
p001,Q95,equal_kw_reduction,0.1,1.0,1.1,2.782116866371372,3.5183355458182146,-0.7362186794468428,0.6799515787964117,5.174391317755378
p001,Q95,equal_kw_reduction,0.1,1.1,1.2,1.7366878724522916,3.9120172327620217,-2.17532936030973,1.7083103640675028,2.289992096897119
p001,Q95,equal_kw_reduction,0.1,1.2,1.3,0.6967164422964495,4.312967976966495,-3.6162515346700452,2.7308963961006696,1.5793231786913622
p001,Q95,equal_kw_reduction,0.1,1.3,1.4,0.13231092007433276,4.722740111203064,-4.590429191128731,3.2775340209033126,1.4409431240324522
p001,Q95,equal_kw_reduction,0.2,1.0,1.1,2.380172056052853,3.156013728091777,-0.7758416720389238,1.08189638911493,2.9171127289496046
p001,Q95,equal_kw_reduction,0.2,1.1,1.2,1.7366878724522916,3.5091536694964454,-1.7724657970441537,1.7083103640675028,2.054166352501145
p001,Q95,equal_kw_reduction,0.2,1.2,1.3,1.0711290119991002,3.8688140931597284,-2.797685081160628,2.356483826398019,1.6417740914748256
p001,Q95,equal_kw_reduction,0.2,1.3,1.4,0.7423589891084464,4.236387471024935,-3.494028481916489,2.6674859518691987,1.5881573689474742
p001,Q95,equal_kw_reduction,0.2,1.4,1.5,0.21197627087087695,4.613409029240116,-4.401432758369239,3.1796440630631264,1.4509199576243652
p001,Q95,equal_kw_reduction,0.2,1.5,1.6,0.008438090392359765,0.1921465915439291,-0.18370850115156934,0.12657135588536872,1.518089066833965
p001,Q95,equal_kw_reduction,0.3,1.0,1.1,2.38017205605285,3.0511310966446286,-0.6709590405917787,1.0818963891149336,2.820169405631038
p001,Q95,equal_kw_reduction,0.3,1.1,1.2,1.7366878724522952,3.392535269603817,-1.655847397151522,1.7083103640674995,1.985901005439179
p001,Q95,equal_kw_reduction,0.3,1.2,1.3,1.0711290119991002,3.7402432320576553,-2.669114220058555,2.356483826398019,1.5872136231780416
p001,Q95,equal_kw_reduction,0.3,1.3,1.4,1.0655765440555145,4.105162416710363,-3.0395858726548486,2.3442683969221307,1.7511486407017942
p001,Q95,equal_kw_reduction,0.3,1.4,1.5,0.7924149659238113,4.474031112949035,-3.681616147025224,2.599205368010192,1.7213072764519974
p001,Q95,equal_kw_reduction,0.3,1.5,1.6,0.008438090392359765,0.18634155856672718,-0.17790346817436742,0.12657135588536872,1.4722253488023804
p001,Q95,fairness_qp,0.0,1.3,1.4,0.34760400269403385,3.099109299358936,-2.7515052966649023,1.5706301267987208,1.9731630295896476
p001,Q95,fairness_qp,0.05,1.1,1.2,2.181199198749373,3.173627479816532,-0.9924282810671592,0.0735462321518332,43.15146251496212
p001,Q95,fairness_qp,0.05,1.2,1.3,1.5947115783703156,3.1583618286345967,-1.5636502502642813,0.49556970450628096,6.373193921894729
p001,Q95,fairness_qp,0.05,1.3,1.4,0.729799666476745,3.0821410588687885,-2.3523413923920433,1.1884344630160095,2.593446382434021
p001,Q95,fairness_qp,0.05,1.4,1.5,0.1681525032223019,2.9550019264637797,-2.7868494232414776,1.5755580555293636,1.875527160737307
p001,Q95,fairness_qp,0.05,1.5,1.6,0.018767769653101063,2.7886490319011874,-2.769881262248086,1.5526290874677966,1.7960819196355724
p001,Q95,fairness_qp,0.1,1.0,1.1,2.256197208461947,2.8812139308752767,-0.6250167224133296,0.15041314723079208,19.155333053794678
p001,Q95,fairness_qp,0.1,1.1,1.2,1.8196389128625339,2.9695731289750698,-1.1499342161125359,0.43510651803867206,6.824933679139083
p001,Q95,fairness_qp,0.1,1.2,1.3,1.4370683819776644,2.9706766146316914,-1.5336082326540268,0.653212900898932,4.547792320916404
p001,Q95,fairness_qp,0.1,1.3,1.4,0.729799666476745,2.8983302853064568,-2.1685306188297115,1.1884344630160095,2.4387800720210286
p001,Q95,fairness_qp,0.1,1.4,1.5,0.5449095496098955,2.7783356328043296,-2.233426083194434,1.19880100914177,2.317595340358747
p001,Q95,fairness_qp,0.1,1.5,1.6,0.17328338218246253,2.621638050574013,-2.4483546683915502,1.3981134749384352,1.8751253725592298
p001,Q95,fairness_qp,0.1,1.6,1.7,0.08782404007895428,2.4394378751999013,-2.351613835120947,1.3173606011843142,1.8517616763449838
p001,Q95,fairness_qp,0.1,1.7,1.8,0.058645488504087406,2.2421442650553054,-2.183498776551218,1.1893408154445493,1.885199125380425
p001,Q95,fairness_qp,0.2,1.0,1.1,1.6545446195387614,2.2147972729734953,-0.5602526534347341,0.7520657361539778,2.944951706349295
p001,Q95,fairness_qp,0.2,1.1,1.2,1.5501374837445756,2.38148983415434,-0.8313523504097642,0.7046079471566303,3.379879326886088
p001,Q95,fairness_qp,0.2,1.2,1.3,1.4370683819776575,2.433715458336372,-0.9966470763587143,0.653212900898939,3.7257614707044815
p001,Q95,fairness_qp,0.2,1.3,1.4,0.729799666476752,2.373790737204742,-1.6439910707279903,1.1884344630160026,1.9974098791956512
p001,Q95,fairness_qp,0.2,1.4,1.5,0.5449095496098955,2.275072361417496,-1.7301628118076007,1.19880100914177,1.8977898283938184
p001,Q95,fairness_qp,0.2,1.5,1.6,0.4910615178502775,2.1464727841326026,-1.655411266282325,1.0803353392706203,1.9868578820922183
p001,Q95,fairness_qp,0.2,1.6,1.7,0.4391202003947714,1.9971166636473803,-1.5579964632526089,0.9660644408684971,2.0672706489972468
p001,Q95,fairness_qp,0.2,1.7,1.8,0.3125810980131524,1.835494023145777,-1.5229129251326246,0.9354052059354843,1.962244823418668
p001,Q95,fairness_qp,0.2,1.8,1.9,0.06885910610075069,1.6689041637892656,-1.600045057688515,1.0328865915111978,1.6157670914747009
p001,Q95,fairness_qp,0.2,1.9,2.0,0.06046736449057816,1.5031258551731694,-1.4426584906825912,0.9070104673586932,1.657230990454195
p001,Q95,fairness_qp,0.3,1.0,1.1,1.6545446195387579,2.1570368250266836,-0.5024922054879255,0.7520657361539812,2.8681493137257386
p001,Q95,fairness_qp,0.3,1.1,1.2,1.5501374837445792,2.1936889229441645,-0.6435514391995856,0.7046079471566269,3.1133468360619143
p001,Q95,fairness_qp,0.3,1.2,1.3,1.4370683819776575,2.1832501487003553,-0.7461817667226978,0.653212900898939,3.342325520049908
p001,Q95,fairness_qp,0.3,1.3,1.4,0.729799666476752,2.130637643308966,-1.4008379768322143,1.1884344630160026,1.7928103817368655
p001,Q95,fairness_qp,0.3,1.4,1.5,0.5449095496098955,2.0427988739392666,-1.4978893243293712,1.19880100914177,1.7040349969355804
p001,Q95,fairness_qp,0.3,1.5,1.6,0.4910615178502775,1.9278326377697441,-1.4367711199194666,1.0803353392706203,1.7844761415203771
p001,Q95,fairness_qp,0.3,1.6,1.7,0.4391202003947714,1.7940042253691835,-1.354884024974412,0.9660644408684971,1.8570233511093361
p001,Q95,fairness_qp,0.3,1.7,1.8,0.38999571998395155,1.6489988105920643,-1.2590030906081129,0.8579905839646851,1.921931127696312
p001,Q95,fairness_qp,0.3,1.8,1.9,0.3442955305037326,1.499417307282855,-1.1551217767791222,0.7574501671082159,1.9795590157532237
p001,Q95,fairness_qp,0.3,1.9,2.0,0.3023368224528977,1.350490448438324,-1.0481536259854263,0.6651410093963737,2.030382173644527
p001,Q95,flat_level,0.05,1.0,1.1,0.6777421875000036,13.292007953659208,-12.614265766159205,2.9368828124999995,4.525889796176268
p001,Q95,flat_level,0.1,1.0,1.1,1.1295703125000014,13.173329311215683,-12.043758998715681,2.4850546875000017,5.301021896008344
p001,Q95,flat_level,0.1,1.1,1.2,0.2259140624999989,14.716301064730153,-14.490387002230154,3.3887109374999973,4.342743106789457
p001,Q95,flat_level,0.2,1.0,1.1,1.1295703125000014,12.283239492890182,-11.15366918039018,2.4850546875000017,4.942844740872598
p001,Q95,flat_level,0.2,1.1,1.2,1.1295703125000014,13.721956398194465,-12.592386085694462,2.485054687499995,5.521792525217614
p001,Q95,flat_level,0.2,1.2,1.3,0.2259140624999989,15.254908929353828,-15.028994866853829,3.3887109375000044,4.501684921112811
p001,Q95,flat_level,0.2,1.3,1.4,0.07367062909434396,5.288129963476037,-5.214459334381694,1.1050594364151525,4.785380577022081
p001,Q95,flat_level,0.3,1.0,1.1,1.1295703125000014,10.799756462347828,-9.670186149847826,2.4850546875000017,4.345882815646414
p001,Q95,flat_level,0.3,1.1,1.2,1.1295703125000014,13.340355743167894,-12.210785430667892,2.485054687499995,5.368234272779127
p001,Q95,flat_level,0.3,1.2,1.3,1.1295703125000014,15.18121371713472,-14.051643404634717,2.4850546875000017,6.109005887676147
p001,Q95,flat_level,0.3,1.3,1.4,0.07367062909433703,5.2496609607052065,-5.175990331610869,1.1050594364151594,4.750568872327119
p001,Q95,max_export_lp,0.1,1.2,1.3,4.524764449925778e-05,4.78889043767361e-05,-2.641259877478319e-06,3.016509632358666e-06,15.87560134501903
p001,Q95,max_export_lp,0.1,1.4,1.5,1.0118866661246173e-05,1.0701359381970477e-05,-5.824927207243036e-07,6.745911086680767e-07,15.863475288162942
p001,Q95,max_export_lp,0.1,1.5,1.6,1.109127560627865e-05,1.1756181958477718e-05,-6.649063521990684e-07,7.3941837375191e-07,15.899228874750897
p001,Q95,max_export_lp,0.1,1.8,1.9,7.230463155635802e-05,7.672423979129817e-05,-4.419608234940142e-06,4.820308770192572e-06,15.91687243475754
p001,Q95,max_export_lp,0.2,1.2,1.3,3.318160596288422e-05,4.4695623258039774e-05,-1.1514017295155554e-05,1.5082548168732224e-05,2.9634000009825066
p001,Q95,max_export_lp,0.2,1.4,1.5,7.420502216165525e-06,9.953257332911969e-06,-2.5327551167464435e-06,3.3729555537487244e-06,2.9509008269764645
p001,Q95,max_export_lp,0.2,1.5,1.6,8.13360211127101e-06,1.1042495459689938e-05,-2.9088933484189283e-06,3.69709186875955e-06,2.98680580620652
p001,Q95,max_export_lp,0.2,1.8,1.9,5.302339647211829e-05,7.237733892079268e-05,-1.9353942448674388e-05,2.4101543854432306e-05,3.003016709549185
p001,Q95,max_export_lp,0.3,1.2,1.3,3.318160596635367e-05,4.276891802171279e-05,-9.58731205535912e-06,1.5082548165262777e-05,2.8356559881715215
p001,Q95,max_export_lp,0.3,1.4,1.5,7.420502216165525e-06,9.526870185100345e-06,-2.106367968934819e-06,3.3729555537487244e-06,2.824487317810079
p001,Q95,max_export_lp,0.3,1.5,1.6,8.13360211127101e-06,1.056254093911857e-05,-2.42893882784756e-06,3.69709186875955e-06,2.8569863325204623
p001,Q95,max_export_lp,0.3,1.8,1.9,5.3023396475587736e-05,6.921169562121299e-05,-1.618829914562525e-05,2.410154385096286e-05,2.8716706302798927
p001,Q95,weighted_proportional,0.0,1.1,1.2,2.387422730828363,5.568114915825199,-3.180692184996836,0.5421650872524177,10.270146578495623
p001,Q95,weighted_proportional,0.05,1.0,1.1,2.885057025165165,5.139753774686777,-2.254696749521612,0.07670014182322576,67.01100744419217
p001,Q95,weighted_proportional,0.05,1.1,1.2,1.9558072749179671,5.568114915825332,-3.612307640907364,0.9737805431628138,5.718038786994284
p001,Q95,weighted_proportional,0.05,1.2,1.3,0.4972339033899875,5.98116265512208,-5.483928751732092,2.3979188998594356,2.4943139884642016
p001,Q95,weighted_proportional,0.05,1.3,1.4,0.011081694343634263,6.378110032484813,-6.3670283381411785,2.8475212022437484,2.2398814897178227
p001,Q95,weighted_proportional,0.1,1.0,1.1,2.469846776758707,4.818519163768794,-2.3486723870100867,0.4919103902296835,9.795522232248283
p001,Q95,weighted_proportional,0.1,1.1,1.2,1.8107797172108795,5.22010773358627,-3.4093280163753903,1.1188081008699016,4.665775774708374
p001,Q95,weighted_proportional,0.1,1.2,1.3,0.9047352510154483,5.607339989176757,-4.702604738161309,1.990417552233975,2.817167675638348
p001,Q95,weighted_proportional,0.1,1.3,1.4,0.2229894584112463,5.9794781554548395,-5.756488697043594,2.635613438176136,2.268723504305959
p001,Q95,weighted_proportional,0.1,1.4,1.5,0.05833307580692393,6.335888529314201,-6.2775554535072775,2.761760531392335,2.2941484090657123
p001,Q95,weighted_proportional,0.2,1.0,1.1,2.0362080523045196,3.5335807200972265,-1.4973726677927068,0.9255491146838712,3.8178208633521833
p001,Q95,weighted_proportional,0.2,1.1,1.2,1.8107797172108795,3.8280790046298847,-2.0172992874190054,1.1188081008699016,3.421568901452766
p001,Q95,weighted_proportional,0.2,1.2,1.3,0.9047352510154414,4.112049325396348,-3.207314074380907,1.990417552233982,2.065922962134811
p001,Q95,weighted_proportional,0.2,1.3,1.4,0.8933134051835601,4.384950647333408,-3.4916372421498476,1.9652894914038224,2.231198338215914
p001,Q95,weighted_proportional,0.2,1.4,1.5,0.4095881536776494,4.646318254830646,-4.236730101152997,2.4105054535216093,1.9275286218675187
p001,Q95,weighted_proportional,0.2,1.5,1.6,0.1737364860198501,4.895764026213424,-4.722027540193574,2.6060472902977305,1.8786167251992203
p001,Q95,weighted_proportional,0.2,1.6,1.7,0.009559489337118698,62.03496401022412,-62.02540452088701,0.14339234005681517,432.62397409543996
p001,Q95,weighted_proportional,0.3,1.0,1.1,2.036208052304516,3.533580720097223,-1.4973726677927068,0.9255491146838747,3.8178208633521655
p001,Q95,weighted_proportional,0.3,1.1,1.2,1.8107797172108828,3.8280790046298883,-2.0172992874190054,1.1188081008698982,3.4215689014527797
p001,Q95,weighted_proportional,0.3,1.2,1.3,0.9047352510154414,4.112049325396348,-3.207314074380907,1.990417552233982,2.065922962134811
p001,Q95,weighted_proportional,0.3,1.3,1.4,0.8933134051835601,4.384950647333408,-3.4916372421498476,1.9652894914038224,2.231198338215914
p001,Q95,weighted_proportional,0.3,1.4,1.5,0.8812792522497683,4.646318254830508,-3.765039002580739,1.9388143549494905,2.396474032167743
p001,Q95,weighted_proportional,0.3,1.5,1.6,0.6057016374477266,4.895764026213563,-4.290062388765836,2.1740821388698537,2.2518762923826383
p001,Q95,weighted_proportional,0.3,1.6,1.7,0.009559489337125637,55.24041401119451,-55.23085452185739,0.14339234005680823,385.2396438283225
p002,Q0,equal_kw_reduction,0.1,1.9,2.0,0.37731239900897634,2.4968040158262137,-2.1194916168172373,0.0006041003316010693,4133.094926812641
p002,Q0,equal_kw_reduction,0.2,1.7,1.8,0.3837487506714509,1.8204327619599425,-1.4366840112884915,0.0130348043245734,139.65938549058512
p002,Q0,equal_kw_reduction,0.2,1.8,1.9,0.3628989719736231,2.027584689001337,-1.664685717027714,0.024193264798241538,83.80781617984482
p002,Q0,equal_kw_reduction,0.2,1.9,2.0,0.3518803168053872,2.2237160765951622,-1.871835759789775,0.026036182535190203,85.40868361134024
p002,Q0,equal_kw_reduction,0.3,1.5,1.6,0.39498467668727405,1.3224950848040569,-0.9275104081167829,0.023038068458148403,57.4047727658479
p002,Q0,equal_kw_reduction,0.3,1.6,1.7,0.38162270518760216,1.5491995971936858,-1.1675768920060836,0.025441513679173595,60.892587474536136
p002,Q0,equal_kw_reduction,0.3,1.7,1.8,0.3719845828087727,1.761880831019837,-1.3898962482110644,0.02479897218725163,71.04652635263507
p002,Q0,equal_kw_reduction,0.3,1.8,1.9,0.33447419548236335,1.9623699767819898,-1.6278957812996264,0.05261804128950127,37.29462231376401
p002,Q0,equal_kw_reduction,0.3,1.9,2.0,0.2598175932966469,2.1521930448917987,-1.8923754515951519,0.1180989060439305,18.223649286736194
p002,Q0,fairness_qp,0.0,1.6,1.7,0.05760664994185552,1.5680842140857638,-1.5104775641439083,0.06940674838489154,22.59267651309688
p002,Q0,fairness_qp,0.05,1.3,1.4,0.18508386164984603,2.110726431597052,-1.9256425699472057,0.006752695405387414,312.5753946954395
p002,Q0,fairness_qp,0.05,1.4,1.5,0.14942127897369945,1.940852023678369,-1.7914307447046696,0.01957990007393686,99.1247154658297
p002,Q0,fairness_qp,0.05,1.5,1.6,0.10126809311046016,1.7540834918476442,-1.652815398737184,0.046030951413846,38.10660953056078
p002,Q0,fairness_qp,0.05,1.6,1.7,0.06129418070530482,1.5594049818240288,-1.4981108011187239,0.06571921762144224,23.72829498376805
p002,Q0,fairness_qp,0.05,1.7,1.8,0.03384900480779551,1.3642533254332734,-1.3304043206254779,0.07446781057715135,18.320040764725555
p002,Q0,fairness_qp,0.05,1.8,1.9,0.021518313572648634,1.1743764622195,-1.1528581486468514,0.06976895866908031,16.83236334068938
p002,Q0,fairness_qp,0.05,1.9,2.0,0.004744392973697088,0.9937319975300433,-0.9889876045563462,0.07116589460545805,13.963598758074617
p002,Q0,fairness_qp,0.1,1.1,1.2,0.22779284936396857,2.1858857944497228,-1.9580929450857543,0.011421779110651169,191.37874872849846
p002,Q0,fairness_qp,0.1,1.2,1.3,0.20194509718176634,2.12009092397516,-1.9181458267933937,0.01346300647878454,157.475295530465
p002,Q0,fairness_qp,0.1,1.3,1.4,0.15283599061773068,1.9856089000346993,-1.8327729094169687,0.03900056643750278,50.91230926649687
p002,Q0,fairness_qp,0.1,1.4,1.5,0.11618831059525062,1.8257698343368163,-1.7095815237415657,0.0528128684523857,34.57054857724437
p002,Q0,fairness_qp,0.1,1.5,1.6,0.10126809311046016,1.650058464935664,-1.5487903718252038,0.046030951413846,35.84671648649283
p002,Q0,fairness_qp,0.1,1.6,1.7,0.06129418070530395,1.466920931015056,-1.405626750309752,0.06571921762144312,22.321034609158577
p002,Q0,fairness_qp,0.1,1.7,1.8,0.03384900480779638,1.2833483971169133,-1.2494993923091169,0.07446781057715048,17.233599150700595
p002,Q0,fairness_qp,0.1,1.8,1.9,0.02852727257553981,1.104745192949807,-1.0762179203742672,0.06275999966618914,17.602695965993913
p002,Q0,fairness_qp,0.1,1.9,2.0,0.02372196486848631,0.9348177463171428,-0.9110957814486564,0.05218832271066884,17.91239299832946
p002,Q0,fairness_qp,0.2,1.0,1.1,0.24626710452198924,1.709505542376775,-1.4632384378547858,0.016417806968132415,104.12508477502446
p002,Q0,fairness_qp,0.2,1.1,1.2,0.17857659775235082,1.68808101730002,-1.5095044195476692,0.06063803072226892,27.83865170410429
p002,Q0,fairness_qp,0.2,1.2,1.3,0.14809307126662907,1.740661439272882,-1.592568368006253,0.06731503239392184,25.858435736711524
p002,Q0,fairness_qp,0.2,1.3,1.4,0.13188763297547307,1.6301851522902127,-1.4982975193147396,0.0599489240797604,27.19290091213807
p002,Q0,fairness_qp,0.2,1.4,1.5,0.11618831059524976,1.498921616323162,-1.3827333057279123,0.052812868452386565,28.381749756207896
p002,Q0,fairness_qp,0.2,1.5,1.6,0.10126809311046103,1.3546484373915908,-1.2533803442811298,0.04603095141384513,29.42907751813579
p002,Q0,fairness_qp,0.2,1.6,1.7,0.06129418070530395,1.2042935361636669,-1.1429993554583628,0.06571921762144312,18.324830692608938
p002,Q0,fairness_qp,0.2,1.7,1.8,0.03384900480779638,1.0535917261712,-1.0197427213634036,0.07446781057715048,14.148283909591422
p002,Q0,fairness_qp,0.2,1.8,1.9,0.02852727257553981,0.9069763855338525,-0.8784491129583127,0.06275999966618914,14.451503989131956
p002,Q0,fairness_qp,0.2,1.9,2.0,0.02372196486848631,0.7674816142562626,-0.7437596493877763,0.05218832271066884,14.706002691658965
p002,Q0,fairness_qp,0.3,1.0,1.1,0.18059587664945873,1.6712701379542394,-1.4906742613047808,0.08208903484066293,20.35923727448155
p002,Q0,fairness_qp,0.3,1.1,1.2,0.16446005707630068,1.630893739925234,-1.4664336828489333,0.07475457139831908,21.81664223897759
p002,Q0,fairness_qp,0.3,1.2,1.3,0.14809307126662907,1.5579638107571332,-1.4098707394905041,0.06731503239392184,23.14436694674767
p002,Q0,fairness_qp,0.3,1.3,1.4,0.13188763297547307,1.4591937032699935,-1.3273060702945205,0.0599489240797604,24.340615376659244
p002,Q0,fairness_qp,0.3,1.4,1.5,0.11618831059524976,1.3417595236790034,-1.2255712130837537,0.052812868452386565,25.405920242500493
p002,Q0,fairness_qp,0.3,1.5,1.6,0.10126809311046103,1.2126437438033195,-1.1113756506928585,0.04603095141384513,26.344094713597034
p002,Q0,fairness_qp,0.3,1.6,1.7,0.06129418070530395,1.0780578971839343,-1.0167637164786303,0.06571921762144312,16.40399773767516
p002,Q0,fairness_qp,0.3,1.7,1.8,0.03384900480779551,0.9431437912042484,-0.9092947863964529,0.07446781057715135,12.665120458014773
p002,Q0,fairness_qp,0.3,1.8,1.9,0.028527272575540677,0.811875409895824,-0.7833481373202833,0.06275999966618828,12.936192068420596
p002,Q0,fairness_qp,0.3,1.9,2.0,0.02372196486848544,0.6869910509362158,-0.6632690860677304,0.052188322710669706,13.163692857976505
p002,Q0,flat_level,0.05,1.0,1.1,0.09036562499999991,13.29200795365917,-13.201642328659169,0.3915843750000002,33.94417347132189
p002,Q0,flat_level,0.1,1.0,1.1,0.15060937500000013,13.173329311215621,-13.022719936215621,0.33134062499999994,39.75766422006243
p002,Q0,flat_level,0.1,1.1,1.2,0.03012187499999968,14.716301064730365,-14.686179189730364,0.4518281250000004,32.570573300921346
p002,Q0,flat_level,0.2,1.0,1.1,0.15060937499999927,12.283239492890342,-12.132630117890342,0.33134062500000083,37.0713355565449
p002,Q0,flat_level,0.2,1.1,1.2,0.15060937500000013,13.7219563981944,-13.571347023194402,0.33134062499999994,41.41344393913183
p002,Q0,flat_level,0.2,1.2,1.3,0.030121875000000548,15.254908929353817,-15.224787054353817,0.4518281249999995,33.76263690834614
p002,Q0,flat_level,0.2,1.3,1.4,0.010040624999999893,5.39743644044756,-5.38739581544756,0.15060937500000013,35.837320488499174
p002,Q0,flat_level,0.3,1.0,1.1,0.15060937500000013,10.799756462347986,-10.649147087347988,0.33134062499999994,32.594121117348614
p002,Q0,flat_level,0.3,1.1,1.2,0.15060937500000013,13.34035574316783,-13.189746368167832,0.33134062499999994,40.26175704584318
p002,Q0,flat_level,0.3,1.2,1.3,0.15060937500000013,15.181213717134657,-15.030604342134657,0.33134062499999994,45.81754415757096
p002,Q0,flat_level,0.3,1.3,1.4,0.010040624999999893,5.354614524877192,-5.344573899877192,0.15060937500000013,35.55299611911401
p002,Q0,weighted_proportional,0.0,1.1,1.2,0.3183230307724182,5.668790152639349,-5.350467121866931,0.07228867829923036,78.41878266433463
p002,Q0,weighted_proportional,0.05,1.0,1.1,0.384674270028384,5.232683951921413,-4.8480096818930285,0.010226685576724195,511.66958372426484
p002,Q0,weighted_proportional,0.05,1.1,1.2,0.26077430331765145,5.668790152639364,-5.408015849321712,0.12983740575399708,43.660685606889125
p002,Q0,weighted_proportional,0.05,1.2,1.3,0.06629785378595154,6.089306067324579,-6.023008213538628,0.31972251998619095,19.045596373966966
p002,Q0,weighted_proportional,0.05,1.3,1.4,0.001477559245539363,6.493430518454441,-6.491952959208902,0.37966949363849817,17.102850313902632
p002,Q0,weighted_proportional,0.1,1.0,1.1,0.3293129035728927,4.905641204926464,-4.576328301353572,0.06558805203221545,74.79473856788609
p002,Q0,weighted_proportional,0.1,1.1,1.2,0.24143729562454713,5.314490768099323,-5.073053472474776,0.1491744134471014,35.62602087913615
p002,Q0,weighted_proportional,0.1,1.2,1.3,0.12063136680379519,5.708724438116822,-5.588093071313027,0.26538900696834733,21.510779603609187
p002,Q0,weighted_proportional,0.1,1.3,1.4,0.029731927787408387,6.087591111051034,-6.057859183263625,0.35141512509662914,17.323076544804724
p002,Q0,weighted_proportional,0.1,1.4,1.5,0.007777743440287241,6.450445639137317,-6.44266789569703,0.36823473745296353,17.517211123953953
p002,Q0,weighted_proportional,0.2,1.0,1.1,0.2714944069785114,3.59747021694603,-3.3259758099675185,0.1234065486265968,29.151372086673014
p002,Q0,weighted_proportional,0.2,1.1,1.2,0.24143729562454713,3.8972932299394913,-3.6558559343149444,0.1491744134471014,26.125748644699765
p002,Q0,weighted_proportional,0.2,1.2,1.3,0.12063136680379433,4.1863979212856695,-4.0657665544818755,0.2653890069683482,15.774571709313353
p002,Q0,weighted_proportional,0.2,1.3,1.4,0.1191084540262616,4.464233481437396,-4.345125027411134,0.2620385988577759,17.03654919884686
p002,Q0,weighted_proportional,0.2,1.4,1.5,0.05461175381697627,4.7303268020340425,-4.675715048217066,0.32140072707627454,14.71784723408994
p002,Q0,weighted_proportional,0.2,1.5,1.6,0.023164864804652366,4.984282702551761,-4.961117837747109,0.34747297206979066,14.3443752556117
p002,Q0,weighted_proportional,0.2,1.6,1.7,0.0012745985798062742,63.15659750879023,-63.15532291021042,0.019118978697089777,3303.3457753893363
p002,Q0,weighted_proportional,0.3,1.0,1.1,0.2714944069785118,3.5974702169460304,-3.3259758099675185,0.12340654862659636,29.15137208667312
p002,Q0,weighted_proportional,0.3,1.1,1.2,0.24143729562454713,3.8972932299394913,-3.6558559343149444,0.1491744134471014,26.125748644699765
p002,Q0,weighted_proportional,0.3,1.2,1.3,0.12063136680379433,4.1863979212856695,-4.0657665544818755,0.2653890069683482,15.774571709313353
p002,Q0,weighted_proportional,0.3,1.3,1.4,0.1191084540262616,4.464233481437396,-4.345125027411134,0.2620385988577759,17.03654919884686
p002,Q0,weighted_proportional,0.3,1.4,1.5,0.11750390027914087,4.7303268020339395,-4.612822901754798,0.2585085806141099,18.29852916602084
p002,Q0,weighted_proportional,0.3,1.5,1.6,0.08076021834248735,4.98428270255182,-4.903522484209333,0.2898776185319557,17.19443787276167
p002,Q0,weighted_proportional,0.3,1.6,1.7,0.0012745985798062742,56.239197526062334,-56.23792292748253,0.019118978697089777,2941.537747234525
p002,Q95,equal_kw_reduction,0.1,1.9,2.0,0.37731239900897634,2.4968040158262137,-2.1194916168172373,0.0006041003316010693,4133.094926812641
p002,Q95,equal_kw_reduction,0.2,1.7,1.8,0.3837487506714509,1.8204327619599425,-1.4366840112884915,0.0130348043245734,139.65938549058512
p002,Q95,equal_kw_reduction,0.2,1.8,1.9,0.3628989719736231,2.027584689001337,-1.664685717027714,0.024193264798241538,83.80781617984482
p002,Q95,equal_kw_reduction,0.2,1.9,2.0,0.3518803168053872,2.2237160765951622,-1.871835759789775,0.026036182535190203,85.40868361134024
p002,Q95,equal_kw_reduction,0.3,1.5,1.6,0.39498467668727405,1.3224950848040569,-0.9275104081167829,0.023038068458148403,57.4047727658479
p002,Q95,equal_kw_reduction,0.3,1.6,1.7,0.38162270518760216,1.5491995971936858,-1.1675768920060836,0.025441513679173595,60.892587474536136
p002,Q95,equal_kw_reduction,0.3,1.7,1.8,0.3719845828087727,1.761880831019837,-1.3898962482110644,0.02479897218725163,71.04652635263507
p002,Q95,equal_kw_reduction,0.3,1.8,1.9,0.33447419548236335,1.9623699767819898,-1.6278957812996264,0.05261804128950127,37.29462231376401
p002,Q95,equal_kw_reduction,0.3,1.9,2.0,0.2598175932966469,2.1521930448917987,-1.8923754515951519,0.1180989060439305,18.223649286736194
p002,Q95,fairness_qp,0.0,1.6,1.7,0.05760742947147953,1.568074658451774,-1.5104672289802945,0.06940514683253379,22.593060169375452
p002,Q95,fairness_qp,0.05,1.3,1.4,0.1850837089759621,2.1107232826403903,-1.9256395736644283,0.006752666642538541,312.5762597762271
p002,Q95,fairness_qp,0.05,1.4,1.5,0.14942141271669443,1.9408517298445012,-1.7914303171278068,0.019579793518719954,99.1252399055629
p002,Q95,fairness_qp,0.05,1.5,1.6,0.1012678548835905,1.7540808244909885,-1.6528129696073979,0.04603084312890422,38.10664122703296
p002,Q95,fairness_qp,0.05,1.6,1.7,0.06129421614680872,1.559395347382194,-1.4981011312353854,0.06571836015720461,23.728457978135353
p002,Q95,fairness_qp,0.05,1.7,1.8,0.03384811762272531,1.364220164775198,-1.3303720471524727,0.0744658587699936,18.320075633438037
p002,Q95,fairness_qp,0.05,1.8,1.9,0.021519060696596412,1.1743075256539626,-1.152788464957366,0.06976240334995598,16.832956854470286
p002,Q95,fairness_qp,0.05,1.9,2.0,0.004744663373095273,0.993747233241098,-0.9890025698680027,0.07116995059643691,13.963017044595919
p002,Q95,fairness_qp,0.1,1.1,1.2,0.227792824993345,2.18589098250559,-1.9580981575122447,0.011421776906344987,191.37923988791016
p002,Q95,fairness_qp,0.1,1.2,1.3,0.20194486890054864,2.120091539109502,-1.9181466702089534,0.01346299126003727,157.47551923343022
p002,Q95,fairness_qp,0.1,1.3,1.4,0.15283593557219138,1.985605883126405,-1.8327699475542136,0.03900044004630926,50.91239690548849
p002,Q95,fairness_qp,0.1,1.4,1.5,0.1161883292868475,1.8257689675482796,-1.709580638261432,0.052812876948566886,34.570526603319664
p002,Q95,fairness_qp,0.1,1.5,1.6,0.1012678548835905,1.650055308212905,-1.5487874533293144,0.04603084312890422,35.84673223542983
p002,Q95,fairness_qp,0.1,1.6,1.7,0.06129421614680872,1.4669113437303891,-1.4056171275835805,0.06571836015720461,22.321179959776796
p002,Q95,fairness_qp,0.1,1.7,1.8,0.033848117622724445,1.2833162827452271,-1.2494681651225026,0.07446585876999448,17.233619593497938
p002,Q95,fairness_qp,0.1,1.8,1.9,0.02852545751454768,1.1046787406459235,-1.0761532831313758,0.06275600653200472,17.60275711748089
p002,Q95,fairness_qp,0.1,1.9,2.0,0.023723316865478968,0.9348418336395355,-0.9111185167740565,0.05219129710405321,17.911833687056134
p002,Q95,fairness_qp,0.2,1.0,1.1,0.2462671891475458,1.7095067125883971,-1.4632395234408513,0.016417812609836532,104.12512027114788
p002,Q95,fairness_qp,0.2,1.1,1.2,0.17857658165557805,1.68808684139047,-1.509510259734892,0.060638020244111954,27.838752561424297
p002,Q95,fairness_qp,0.2,1.2,1.3,0.14809290386040302,1.7406639631189882,-1.592571059258585,0.06731495630018289,25.85850246053356
p002,Q95,fairness_qp,0.2,1.3,1.4,0.13188750823771908,1.6301830110919047,-1.4982955028541856,0.059948867380781555,27.192890913807485
p002,Q95,fairness_qp,0.2,1.4,1.5,0.1161883292868475,1.49892134019659,-1.3827330109097424,0.052812876948566886,28.381739961948128
p002,Q95,fairness_qp,0.2,1.5,1.6,0.1012678548835905,1.3546458704079773,-1.2533780155243868,0.04603084312890422,29.429090981767228
p002,Q95,fairness_qp,0.2,1.6,1.7,0.06129421614680872,1.204285712719185,-1.1429914965723764,0.06571836015720461,18.3249507418995
p002,Q95,fairness_qp,0.2,1.7,1.8,0.033848117622724445,1.0535650756131376,-1.019716957990413,0.07446585876999448,14.148296857319862
p002,Q95,fairness_qp,0.2,1.8,1.9,0.02852545751454768,0.9069207759748932,-0.8783953184603455,0.06275600653200472,14.451537408014891
p002,Q95,fairness_qp,0.2,1.9,2.0,0.023723316865478968,0.7675052892240605,-0.7437819723585815,0.05219129710405321,14.705618212436715
p002,Q95,fairness_qp,0.3,1.0,1.1,0.18059593870820012,1.6712714504764914,-1.4906755117682913,0.08208906304918223,20.359246267376427
p002,Q95,fairness_qp,0.3,1.1,1.2,0.1644600388060369,1.6308981764344044,-1.4664381376283675,0.0747545630936531,21.816704010311753
p002,Q95,fairness_qp,0.3,1.2,1.3,0.14809290386040302,1.5579699821221928,-1.4098770782617898,0.06731495630018289,23.144484788411877
p002,Q95,fairness_qp,0.3,1.3,1.4,0.13188750823771908,1.4591915559672353,-1.3273040477295162,0.059948867380781555,24.340602578840777
p002,Q95,fairness_qp,0.3,1.4,1.5,0.1161883292868475,1.341759443002754,-1.2255711137159064,0.052812876948566886,25.405914627780252
p002,Q95,fairness_qp,0.3,1.5,1.6,0.1012678548835905,1.212642010414899,-1.1113741555313084,0.04603084312890422,26.34411902947401
p002,Q95,fairness_qp,0.3,1.6,1.7,0.06129421614680872,1.0780513276855106,-1.016757111538702,0.06571836015720461,16.404111805387547
p002,Q95,fairness_qp,0.3,1.7,1.8,0.033848117622724445,0.9431210072336814,-0.909272889610957,0.07446585876999448,12.665146455192776
p002,Q95,fairness_qp,0.3,1.8,1.9,0.02852545751454768,0.8118279633480197,-0.7833025058334719,0.06275600653200472,12.936259144118711
p002,Q95,fairness_qp,0.3,1.9,2.0,0.023723316865478968,0.6870001472863682,-0.6632768304208891,0.05219129710405321,13.163116944894156
p002,Q95,flat_level,0.05,1.0,1.1,0.09036562499999991,13.29200795365917,-13.201642328659169,0.3915843750000002,33.94417347132189
p002,Q95,flat_level,0.1,1.0,1.1,0.15060937500000013,13.173329311215621,-13.022719936215621,0.33134062499999994,39.75766422006243
p002,Q95,flat_level,0.1,1.1,1.2,0.03012187499999968,14.716301064730365,-14.686179189730364,0.4518281250000004,32.570573300921346
p002,Q95,flat_level,0.2,1.0,1.1,0.15060937499999927,12.283239492890342,-12.132630117890342,0.33134062500000083,37.0713355565449
p002,Q95,flat_level,0.2,1.1,1.2,0.15060937500000013,13.7219563981944,-13.571347023194402,0.33134062499999994,41.41344393913183
p002,Q95,flat_level,0.2,1.2,1.3,0.030121875000000548,15.254908929353817,-15.224787054353817,0.4518281249999995,33.76263690834614
p002,Q95,flat_level,0.2,1.3,1.4,0.010040624999999893,5.39743644044756,-5.38739581544756,0.15060937500000013,35.837320488499174
p002,Q95,flat_level,0.3,1.0,1.1,0.15060937500000013,10.799756462347986,-10.649147087347988,0.33134062499999994,32.594121117348614
p002,Q95,flat_level,0.3,1.1,1.2,0.15060937500000013,13.34035574316783,-13.189746368167832,0.33134062499999994,40.26175704584318
p002,Q95,flat_level,0.3,1.2,1.3,0.15060937500000013,15.181213717134657,-15.030604342134657,0.33134062499999994,45.81754415757096
p002,Q95,flat_level,0.3,1.3,1.4,0.010040624999999893,5.354614524877192,-5.344573899877192,0.15060937500000013,35.55299611911401
p002,Q95,weighted_proportional,0.0,1.1,1.2,0.3183230307762571,5.668790150322156,-5.350467119545899,0.07228867830263996,78.41878262858117
p002,Q95,weighted_proportional,0.05,1.0,1.1,0.38467427002282506,5.232683953916031,-4.848009683893206,0.010226685576483936,511.6695839313263
p002,Q95,weighted_proportional,0.05,1.1,1.2,0.2607743033223161,5.668790150322108,-5.408015846999792,0.12983740575658095,43.660685588172875
p002,Q95,weighted_proportional,0.05,1.2,1.3,0.06629785378463142,6.089306069511286,-6.023008215726655,0.3197225199800292,19.045596381173404
p002,Q95,weighted_proportional,0.05,1.3,1.4,0.0014775592457935,6.493430519980142,-6.4919529607343485,0.3796694936320953,17.102850318209555
p002,Q95,weighted_proportional,0.1,1.0,1.1,0.32931290356841625,4.905641206796044,-4.576328303227628,0.06558805203089271,74.79473859789938
p002,Q95,weighted_proportional,0.1,1.1,1.2,0.24143729562825164,5.3144907659272125,-5.0730534702989605,0.14917441345064542,35.62602086372888
p002,Q95,weighted_proportional,0.1,1.2,1.3,0.12063136680145592,5.70872444016662,-5.5880930733651635,0.2653890069632047,21.510779611749758
p002,Q95,weighted_proportional,0.1,1.3,1.4,0.029731927788043296,6.087591112481636,-6.0578591846935925,0.3514151250898455,17.3230765492101
p002,Q95,weighted_proportional,0.1,1.4,1.5,0.007777743440925619,6.450445621685693,-6.442667878244768,0.3682347375278932,17.517211072996833
p002,Q95,weighted_proportional,0.2,1.0,1.1,0.2714944069745241,3.5974702183171647,-3.3259758113426408,0.12340654862478487,29.151372098211745
p002,Q95,weighted_proportional,0.2,1.1,1.2,0.2414372956282525,3.897293228346696,-3.6558559327184437,0.14917441345064456,26.125748633401827
p002,Q95,weighted_proportional,0.2,1.2,1.3,0.12063136680145592,4.186397922788794,-4.065766555987338,0.2653890069632047,15.77457171528293
p002,Q95,weighted_proportional,0.2,1.3,1.4,0.11910845402434041,4.464233482486412,-4.345125028462071,0.26203859885354835,17.036549203125002
p002,Q95,weighted_proportional,0.2,1.4,1.5,0.054611753824253435,4.730326789236229,-4.675715035411976,0.32140072714456536,14.71784719114384
p002,Q95,weighted_proportional,0.2,1.5,1.6,0.02316486480210926,4.9842827096344395,-4.96111784483233,0.34747297203162936,14.34437527757047
p002,Q95,weighted_proportional,0.2,1.6,1.7,0.0012745985782658398,63.156597565680514,-63.155322967102244,0.019118978673987597,3303.345782356485
p002,Q95,weighted_proportional,0.3,1.0,1.1,0.27149440697452454,3.597470218317165,-3.3259758113426408,0.12340654862478444,29.15137209821185
p002,Q95,weighted_proportional,0.3,1.1,1.2,0.24143729562825164,3.897293228346473,-3.6558559327182216,0.14917441345064542,26.12574863340018
p002,Q95,weighted_proportional,0.3,1.2,1.3,0.12063136680145678,4.186397922789017,-4.06576655598756,0.2653890069632039,15.774571715283821
p002,Q95,weighted_proportional,0.3,1.3,1.4,0.11910845402434041,4.464233482486412,-4.345125028462071,0.26203859885354835,17.036549203125002
p002,Q95,weighted_proportional,0.3,1.4,1.5,0.11750390030275566,4.730326789236255,-4.612822888933499,0.25850858066606314,18.298529112837485
p002,Q95,weighted_proportional,0.3,1.5,1.6,0.08076021832360662,4.98428270963437,-4.903522491310763,0.289877618510132,17.194437898489067
p002,Q95,weighted_proportional,0.3,1.6,1.7,0.0012745985782658398,56.23919756881593,-56.23792297023766,0.019118978673987597,2941.5377530250817
p003,Q0,equal_kw_reduction,0.0,1.4,1.5,0.8994187581385614,4.450930199577621,-3.551511441439059,0.14649444901938813,30.382927335277753
p003,Q0,equal_kw_reduction,0.05,1.3,1.4,1.0405394857292538,3.7945125404087574,-2.753973054679504,0.01909101511633933,198.75907683720638
p003,Q0,equal_kw_reduction,0.05,1.4,1.5,0.7383752260734597,4.152876837998818,-3.414501611925358,0.30753798108448976,13.503622620380991
p003,Q0,equal_kw_reduction,0.05,1.5,1.6,0.17850785568375438,4.51037790966026,-4.331870053976505,0.8538456313338592,5.282427811470143
p003,Q0,equal_kw_reduction,0.05,1.6,1.7,0.0016266914976865998,4.8814361693123205,-4.879809477814634,1.017288835385651,4.798476105816873
p003,Q0,equal_kw_reduction,0.1,1.2,1.3,1.0453744218047492,3.0206309832806513,-1.9752565614759021,0.028168796313489397,107.23322891273631
p003,Q0,equal_kw_reduction,0.1,1.3,1.4,0.9170395340773827,3.340623480551289,-2.423583946473906,0.14259096676821037,23.428016207938757
p003,Q0,equal_kw_reduction,0.1,1.4,1.5,0.6641299115388213,3.656121235367146,-2.9919913238283247,0.38178329561912827,9.576430601653504
p003,Q0,equal_kw_reduction,0.1,1.5,1.6,0.3226104646930038,3.981008330576515,-3.6583978658835115,0.7097430223246097,5.609084140817029
p003,Q0,equal_kw_reduction,0.1,1.6,1.7,0.07018898642095761,4.370047618241543,-4.299858631820586,0.9487265404623801,4.606224693694894
p003,Q0,equal_kw_reduction,0.1,1.7,1.8,0.013249158567478492,4.683783788457567,-4.6705346298900885,0.9923158929875143,4.7200531822143255
p003,Q0,equal_kw_reduction,0.2,1.0,1.1,1.0584189751248456,2.093633993350856,-1.03521501822601,0.04370098225671762,47.90816785425977
p003,Q0,equal_kw_reduction,0.2,1.1,1.2,1.0197110688657356,2.387607561650972,-1.3678964927852366,0.06798073792438353,35.121824719036745
p003,Q0,equal_kw_reduction,0.2,1.2,1.3,0.8937715817318882,2.6758850558410585,-1.7821134741091704,0.1797716363863503,14.884912379004373
p003,Q0,equal_kw_reduction,0.2,1.3,1.4,0.7284959693313452,2.9593566702709304,-2.2308607009395853,0.3311345315142478,8.937022233042455
p003,Q0,equal_kw_reduction,0.2,1.4,1.5,0.6641299115388195,3.2388465291568087,-2.574716617617989,0.38178329561913,8.483468413421386
p003,Q0,equal_kw_reduction,0.2,1.5,1.6,0.3226104646930055,3.5151258270161283,-3.192515362323123,0.709743022324608,4.9526740192571435
p003,Q0,equal_kw_reduction,0.2,1.6,1.7,0.3184111021510422,3.7889242647522052,-3.470513162601163,0.7005044247322956,5.40885129483683
p003,Q0,equal_kw_reduction,0.2,1.7,1.8,0.11584444999210124,4.060940199566902,-3.9450957495748007,0.8897206015628916,4.564287027223396
p003,Q0,equal_kw_reduction,0.2,1.8,1.9,0.05080759284529189,3.5244661157089237,-3.473658522863632,0.7621138926793749,4.624592399592543
p003,Q0,equal_kw_reduction,0.3,1.0,1.1,1.0332374600452157,2.029412091714116,-0.9961746316689002,0.0688824973363476,29.461941279577346
p003,Q0,equal_kw_reduction,0.3,1.1,1.2,0.8742029381413339,2.3143680658951347,-1.4401651277538008,0.21348886864878525,10.840696662749885
p003,Q0,equal_kw_reduction,0.3,1.2,1.3,0.7380609624562887,2.593802692164771,-1.8557417297084822,0.3354822556619497,7.731564481843797
p003,Q0,equal_kw_reduction,0.3,1.3,1.4,0.7284959693313452,2.8685788582995095,-2.1400828889681645,0.3311345315142478,8.662880446753052
p003,Q0,equal_kw_reduction,0.3,1.4,1.5,0.6641299115388213,3.145400443066845,-2.4812705315280237,0.38178329561912827,8.238706300562546
p003,Q0,equal_kw_reduction,0.3,1.5,1.6,0.3226104646930038,3.4180824759635873,-3.0954720112705836,0.7097430223246097,4.815943754921884
p003,Q0,equal_kw_reduction,0.3,1.6,1.7,0.3184111021510439,3.684322061123806,-3.365910958972762,0.7005044247322938,5.2595271793348255
p003,Q0,equal_kw_reduction,0.3,1.7,1.8,0.3142390786109346,3.948828353566792,-3.6345892749558573,0.6913259729440582,5.711962964085438
p003,Q0,equal_kw_reduction,0.3,1.8,1.9,0.15363171422645877,3.427164903925599,-3.2735331896991404,0.659289771298208,5.198267974303873
p003,Q0,fairness_qp,0.0,1.5,1.6,0.1397054761049267,1.9905799651453484,-1.8508744890404216,0.26487281493303705,7.515229396601498
p003,Q0,fairness_qp,0.05,1.2,1.3,0.5693982670010554,2.452752184709164,-1.8833539177081082,0.005579366138926817,439.61126114246144
p003,Q0,fairness_qp,0.05,1.3,1.4,0.48340987220510045,2.3235752104751284,-1.8401653382700278,0.033125344901527645,70.14493637371822
p003,Q0,fairness_qp,0.05,1.4,1.5,0.3158130583888613,2.1623656045057364,-1.8465525461168752,0.14355139017675594,15.06335537289607
p003,Q0,fairness_qp,0.05,1.5,1.6,0.17882026948871227,1.9796077079493948,-1.8007874384606826,0.22575802154925148,8.768714814049355
p003,Q0,fairness_qp,0.05,1.6,1.7,0.10645394191487884,1.7849236919489295,-1.6784697500340506,0.24655038845533897,7.239589858818077
p003,Q0,fairness_qp,0.05,1.7,1.8,0.019074194272153053,1.5865641030442437,-1.5674899087720906,0.28611291408229755,5.545237649034899
p003,Q0,fairness_qp,0.05,1.8,1.9,0.01633767280052184,1.3909497317122834,-1.3746120589117616,0.2450650920078259,5.675837877668293
p003,Q0,fairness_qp,0.05,1.9,2.0,0.0012754988458710953,1.2029452445636528,-1.2016697457177816,0.22045538482251026,5.456638065484996
p003,Q0,fairness_qp,0.1,1.0,1.1,0.6847792048247197,2.3719739967215485,-1.6871947918968289,0.005364001811478808,442.202310902579
p003,Q0,fairness_qp,0.1,1.1,1.2,0.5937592463429939,2.35923057538414,-1.7654713290411461,0.03958394975619832,59.6006863871566
p003,Q0,fairness_qp,0.1,1.2,1.3,0.5167240665130256,2.3076361257624423,-1.7909120592494165,0.05825356662695659,39.61364529900892
p003,Q0,fairness_qp,0.1,1.3,1.4,0.3551179617608067,2.185932584738546,-1.830814622977739,0.16141725534582138,13.542124601582335
p003,Q0,fairness_qp,0.1,1.4,1.5,0.31581305838886303,2.0341685385944652,-1.7183554802056022,0.1435513901767542,14.170315843613931
p003,Q0,fairness_qp,0.1,1.5,1.6,0.17882026948871055,1.8621871169620992,-1.6833668474733887,0.22575802154925323,8.248597787059492
p003,Q0,fairness_qp,0.1,1.6,1.7,0.11031385324069241,1.6790274190527001,-1.5687135658120077,0.2426904771295254,6.918390201839658
p003,Q0,fairness_qp,0.1,1.7,1.8,0.095370971360767,1.4924289301826015,-1.3970579588218346,0.20981613699368357,7.11303216028389
p003,Q0,fairness_qp,0.1,1.8,1.9,0.0816883640026092,1.308437504354977,-1.2267491403523678,0.17971440080573853,7.280649177187123
p003,Q0,fairness_qp,0.1,1.9,2.0,0.018960175612760602,1.1316131744104636,-1.112652998797703,0.20277070805562075,5.580752689880916
p003,Q0,fairness_qp,0.2,1.0,1.1,0.6255532489755234,1.8177774034230532,-1.1922241544475298,0.06458995766067503,28.143344093408338
p003,Q0,fairness_qp,0.2,1.1,1.2,0.4354234473181954,1.8405104101827612,-1.4050869628645657,0.1979197487809968,9.299276204212104
p003,Q0,fairness_qp,0.2,1.2,1.3,0.39529712278373735,1.8940702081072722,-1.4987730853235348,0.17968051035624488,10.541322508222956
p003,Q0,fairness_qp,0.2,1.3,1.4,0.3551179617608067,1.794007718498922,-1.4388897567381154,0.16141725534582138,11.114101244352273
p003,Q0,fairness_qp,0.2,1.4,1.5,0.3158130583888613,1.6693494078003495,-1.3535363494114883,0.14355139017675594,11.628932368713858
p003,Q0,fairness_qp,0.2,1.5,1.6,0.17882026948871227,1.5281534391277454,-1.3493331696390332,0.22575802154925148,6.76898844453402
p003,Q0,fairness_qp,0.2,1.6,1.7,0.11031385324069241,1.3778227378115262,-1.2675088845708338,0.2426904771295254,5.677283897201182
p003,Q0,fairness_qp,0.2,1.7,1.8,0.095370971360767,1.2246954208586374,-1.1293244494978705,0.20981613699368357,5.836993466787097
p003,Q0,fairness_qp,0.2,1.8,1.9,0.08168836400260747,1.0737258447383375,-0.9920374807357302,0.17971440080574025,5.974623290756574
p003,Q0,fairness_qp,0.2,1.9,2.0,0.06929090114636896,0.9286485928467931,-0.8593576917004242,0.1524399825220124,6.0918964794075325
p003,Q0,fairness_qp,0.3,1.0,1.1,0.47447345456238554,1.7796098633281137,-1.305136408765728,0.2156697520738129,8.251550559204254
p003,Q0,fairness_qp,0.3,1.1,1.2,0.4354234473181954,1.7554743956841539,-1.3200509483659584,0.1979197487809968,8.869627242840888
p003,Q0,fairness_qp,0.3,1.2,1.3,0.39529712278373735,1.6955708563680603,-1.3002737335843229,0.17968051035624488,9.436587490798663
p003,Q0,fairness_qp,0.3,1.3,1.4,0.3551179617608067,1.6062912474516053,-1.2511732856907987,0.16141725534582138,9.951174327740095
p003,Q0,fairness_qp,0.3,1.4,1.5,0.31581305838886303,1.4948588125280482,-1.1790457541391852,0.1435513901767542,10.413405336496115
p003,Q0,fairness_qp,0.3,1.5,1.6,0.17882026948871055,1.3685237260373846,-1.1897034565486742,0.22575802154925323,6.061905205608902
p003,Q0,fairness_qp,0.3,1.6,1.7,0.11031385324069415,1.2339392159429683,-1.123625362702274,0.24269047712952366,5.084415468368032
p003,Q0,fairness_qp,0.3,1.7,1.8,0.09537097136076526,1.0968118580384056,-1.0014408866776403,0.20981613699368531,5.227490476918921
p003,Q0,fairness_qp,0.3,1.8,1.9,0.0816883640026092,0.9615791637351059,-0.8798907997324967,0.17971440080573853,5.350596053649149
p003,Q0,fairness_qp,0.3,1.9,2.0,0.06929090114636896,0.8316063666435787,-0.7623154654972097,0.1524399825220124,5.455303476720711
p003,Q0,flat_level,0.05,1.0,1.1,0.2259140624999989,13.292007953659313,-13.066093891159314,0.9789609375000021,13.577669388528879
p003,Q0,flat_level,0.1,1.0,1.1,0.3765234374999999,13.173329311215788,-12.796805873715789,0.8283515625000012,15.90306568802515
p003,Q0,flat_level,0.1,1.1,1.2,0.07530468749999963,14.716301064730041,-14.640996377230042,1.129570312499998,13.028229320368286
p003,Q0,flat_level,0.2,1.0,1.1,0.3765234374999999,12.283239492890287,-11.906716055390287,0.8283515625000012,14.828534222617911
p003,Q0,flat_level,0.2,1.1,1.2,0.3765234374999999,13.721956398194347,-13.345432960694348,0.8283515624999978,16.56537757565271
p003,Q0,flat_level,0.2,1.2,1.3,0.07530468749999963,15.254908929353938,-15.179604241853939,1.1295703125000014,13.505054763338531
p003,Q0,flat_level,0.2,1.3,1.4,0.0251015624999993,5.397436440447526,-5.372334877947527,0.3765234374999999,14.334928195399595
p003,Q0,flat_level,0.3,1.0,1.1,0.3765234375000016,10.799756462347935,-10.423233024847933,0.8283515624999994,13.03764844693939
p003,Q0,flat_level,0.3,1.1,1.2,0.37652343749999817,13.340355743167775,-12.963832305667777,0.8283515624999994,16.104702818337213
p003,Q0,flat_level,0.3,1.2,1.3,0.3765234374999999,15.181213717134824,-14.804690279634825,0.8283515625000012,18.327017663028556
p003,Q0,flat_level,0.3,1.3,1.4,0.025101562500001035,5.354614524877159,-5.329512962377159,0.37652343749999817,14.221198447645602
p003,Q0,weighted_proportional,0.0,1.1,1.2,0.7958075769307679,5.645557406139595,-4.849749829208827,0.18072169574815006,31.238957684456018
p003,Q0,weighted_proportional,0.05,1.0,1.1,0.9616856750712179,5.21123852585232,-4.249552850781102,0.02556671394182697,203.82903089187263
p003,Q0,weighted_proportional,0.05,1.1,1.2,0.6519357582938923,5.645557406139784,-4.993621647845892,0.32459351438502565,17.392699348401486
p003,Q0,weighted_proportional,0.05,1.2,1.3,0.16574463446483895,6.064349894956524,-5.898605260491685,0.7993062999651755,7.587016260500809
p003,Q0,weighted_proportional,0.05,1.3,1.4,0.0036938981138635862,6.466818098311653,-6.4631242001977895,0.9491737340960662,6.813102666046956
p003,Q0,weighted_proportional,0.1,1.0,1.1,0.8232822589324222,4.885536117986654,-4.062253859054232,0.16397013008062275,29.795281101408392
p003,Q0,weighted_proportional,0.1,1.1,1.2,0.6035932390611991,5.292710068255905,-4.689116829194706,0.37293603361771877,14.192005038808457
p003,Q0,weighted_proportional,0.1,1.2,1.3,0.30157841700938043,5.685328026521758,-5.383749609512378,0.6634725174206342,8.569048268381136
p003,Q0,weighted_proportional,0.1,1.3,1.4,0.07432981946857951,6.062641967167262,-5.988312147698682,0.8785378127413503,6.900832131800524
p003,Q0,weighted_proportional,0.1,1.4,1.5,0.019444358600743256,6.424009386528154,-6.404565027927411,0.9205868436322363,6.978167710046562
p003,Q0,weighted_proportional,0.2,1.0,1.1,0.6787360174464672,3.582726486523545,-2.903990469077078,0.30851637156657785,11.61275970001609
p003,Q0,weighted_proportional,0.2,1.1,1.2,0.6035932390612009,3.8813207167208432,-3.277727477659642,0.37293603361771704,10.407470361792504
p003,Q0,weighted_proportional,0.2,1.2,1.3,0.30157841700938043,4.1692405527827665,-3.8676621357733865,0.6634725174206342,6.283968730146384
p003,Q0,weighted_proportional,0.2,1.3,1.4,0.29777113506560327,4.445937442589174,-4.148166307523571,0.6550964971443265,6.78669091037694
p003,Q0,weighted_proportional,0.2,1.4,1.5,0.13652938454253652,4.710940216787283,-4.574410832244746,0.803501817690443,5.863011275230518
p003,Q0,weighted_proportional,0.2,1.5,1.6,0.05791216201180352,4.9638553142493835,-4.90594315223758,0.8686824301770633,5.714234732752224
p003,Q0,weighted_proportional,0.2,1.6,1.7,0.0031864964493786424,62.897759057315,-62.89457256086561,0.047797446740679636,1315.922990584845
p003,Q0,weighted_proportional,0.3,1.0,1.1,0.6787360174464688,3.582726486523547,-2.903990469077078,0.30851637156657613,11.612759700016161
p003,Q0,weighted_proportional,0.3,1.1,1.2,0.6035932390612009,3.8813207167208432,-3.277727477659642,0.37293603361771704,10.407470361792504
p003,Q0,weighted_proportional,0.3,1.2,1.3,0.3015784170093787,4.169240552782765,-3.8676621357733865,0.6634725174206358,6.2839687301463645
p003,Q0,weighted_proportional,0.3,1.3,1.4,0.29777113506560327,4.445937442589174,-4.148166307523571,0.6550964971443265,6.78669091037694
p003,Q0,weighted_proportional,0.3,1.4,1.5,0.29375975069780536,4.710940216787326,-4.417180466089521,0.6462714515351742,7.289414077624512
p003,Q0,weighted_proportional,0.3,1.5,1.6,0.20190054585653672,4.963855314249344,-4.7619547683928065,0.72469404633233,6.849587545766893
p003,Q0,weighted_proportional,0.3,1.6,1.7,0.0031864964493786424,56.00870905777878,-56.0055225613294,0.047797446740679636,1171.792906881586
p003,Q95,equal_kw_reduction,0.0,1.4,1.5,0.8994187581385614,4.450930199577621,-3.551511441439059,0.14649444901938813,30.382927335277753
p003,Q95,equal_kw_reduction,0.05,1.3,1.4,1.0405394857292538,3.7945125404087574,-2.753973054679504,0.01909101511633933,198.75907683720638
p003,Q95,equal_kw_reduction,0.05,1.4,1.5,0.7383752260734597,4.152876837998818,-3.414501611925358,0.30753798108448976,13.503622620380991
p003,Q95,equal_kw_reduction,0.05,1.5,1.6,0.17850785568375438,4.51037790966026,-4.331870053976505,0.8538456313338592,5.282427811470143
p003,Q95,equal_kw_reduction,0.05,1.6,1.7,0.0016266914976865998,4.8814361693123205,-4.879809477814634,1.017288835385651,4.798476105816873
p003,Q95,equal_kw_reduction,0.1,1.2,1.3,1.0453744218047492,3.0206309832806513,-1.9752565614759021,0.028168796313489397,107.23322891273631
p003,Q95,equal_kw_reduction,0.1,1.3,1.4,0.9170395340773827,3.340623480551289,-2.423583946473906,0.14259096676821037,23.428016207938757
p003,Q95,equal_kw_reduction,0.1,1.4,1.5,0.6641299115388213,3.656121235367146,-2.9919913238283247,0.38178329561912827,9.576430601653504
p003,Q95,equal_kw_reduction,0.1,1.5,1.6,0.3226104646930038,3.981008330576515,-3.6583978658835115,0.7097430223246097,5.609084140817029
p003,Q95,equal_kw_reduction,0.1,1.6,1.7,0.07018898642095761,4.370047618241543,-4.299858631820586,0.9487265404623801,4.606224693694894
p003,Q95,equal_kw_reduction,0.1,1.7,1.8,0.013249158567478492,4.683783788457567,-4.6705346298900885,0.9923158929875143,4.7200531822143255
p003,Q95,equal_kw_reduction,0.2,1.0,1.1,1.0584189751248456,2.093633993350856,-1.03521501822601,0.04370098225671762,47.90816785425977
p003,Q95,equal_kw_reduction,0.2,1.1,1.2,1.0197110688657356,2.387607561650972,-1.3678964927852366,0.06798073792438353,35.121824719036745
p003,Q95,equal_kw_reduction,0.2,1.2,1.3,0.8937715817318882,2.6758850558410585,-1.7821134741091704,0.1797716363863503,14.884912379004373
p003,Q95,equal_kw_reduction,0.2,1.3,1.4,0.7284959693313452,2.9593566702709304,-2.2308607009395853,0.3311345315142478,8.937022233042455
p003,Q95,equal_kw_reduction,0.2,1.4,1.5,0.6641299115388195,3.2388465291568087,-2.574716617617989,0.38178329561913,8.483468413421386
p003,Q95,equal_kw_reduction,0.2,1.5,1.6,0.3226104646930055,3.5151258270161283,-3.192515362323123,0.709743022324608,4.9526740192571435
p003,Q95,equal_kw_reduction,0.2,1.6,1.7,0.3184111021510422,3.7889242647522052,-3.470513162601163,0.7005044247322956,5.40885129483683
p003,Q95,equal_kw_reduction,0.2,1.7,1.8,0.11584444999210124,4.060940199566902,-3.9450957495748007,0.8897206015628916,4.564287027223396
p003,Q95,equal_kw_reduction,0.2,1.8,1.9,0.05080759284529189,3.5244661157089237,-3.473658522863632,0.7621138926793749,4.624592399592543
p003,Q95,equal_kw_reduction,0.3,1.0,1.1,1.0332374600452157,2.029412091714116,-0.9961746316689002,0.0688824973363476,29.461941279577346
p003,Q95,equal_kw_reduction,0.3,1.1,1.2,0.8742029381413339,2.3143680658951347,-1.4401651277538008,0.21348886864878525,10.840696662749885
p003,Q95,equal_kw_reduction,0.3,1.2,1.3,0.7380609624562887,2.593802692164771,-1.8557417297084822,0.3354822556619497,7.731564481843797
p003,Q95,equal_kw_reduction,0.3,1.3,1.4,0.7284959693313452,2.8685788582995095,-2.1400828889681645,0.3311345315142478,8.662880446753052
p003,Q95,equal_kw_reduction,0.3,1.4,1.5,0.6641299115388213,3.145400443066845,-2.4812705315280237,0.38178329561912827,8.238706300562546
p003,Q95,equal_kw_reduction,0.3,1.5,1.6,0.3226104646930038,3.4180824759635873,-3.0954720112705836,0.7097430223246097,4.815943754921884
p003,Q95,equal_kw_reduction,0.3,1.6,1.7,0.3184111021510439,3.684322061123806,-3.365910958972762,0.7005044247322938,5.2595271793348255
p003,Q95,equal_kw_reduction,0.3,1.7,1.8,0.3142390786109346,3.948828353566792,-3.6345892749558573,0.6913259729440582,5.711962964085438
p003,Q95,equal_kw_reduction,0.3,1.8,1.9,0.15363171422645877,3.427164903925599,-3.2735331896991404,0.659289771298208,5.198267974303873
p003,Q95,fairness_qp,0.0,1.5,1.6,0.1397045529240148,1.9905842635302828,-1.850879710606268,0.26487434337640026,7.515202258383927
p003,Q95,fairness_qp,0.05,1.2,1.3,0.5693984884972796,2.4527536059128323,-1.8833551174155527,0.005579371722149937,439.61107595241856
p003,Q95,fairness_qp,0.05,1.3,1.4,0.4834100486321956,2.3235772073933147,-1.840167158761119,0.03312545757986653,70.1447580547709
p003,Q95,fairness_qp,0.05,1.4,1.5,0.3158134329003057,2.1623696175615357,-1.84655618466123,0.1435515604092299,15.0633654653224
p003,Q95,fairness_qp,0.05,1.5,1.6,0.17882011244038654,1.9796118617929348,-1.8007917493525483,0.22575878386002848,8.768703604553005
p003,Q95,fairness_qp,0.05,1.6,1.7,0.1064536088568116,1.7849365636357153,-1.6784829547789037,0.2465515063577589,7.239609240292698
p003,Q95,fairness_qp,0.05,1.7,1.8,0.019073992154870073,1.586540437795523,-1.5674664456406529,0.2861098823230771,5.5452136952193465
p003,Q95,fairness_qp,0.05,1.8,1.9,0.01633748272484095,1.3909322737832333,-1.3745947910583922,0.24506224087261602,5.675832673489031
p003,Q95,fairness_qp,0.05,1.9,2.0,0.0012757464583519618,1.2029119692732355,-1.2016362228148836,0.22044852914296018,5.456656816671936
p003,Q95,fairness_qp,0.1,1.0,1.1,0.6847794101536748,2.3719749975226363,-1.6871955873689615,0.005363999697709579,442.2026717368136
p003,Q95,fairness_qp,0.1,1.1,1.2,0.5937591489108829,2.3592378218706136,-1.7654786729597305,0.03958394326072576,59.60087923356016
p003,Q95,fairness_qp,0.1,1.2,1.3,0.516724257067119,2.3076344280860748,-1.7909101710189557,0.05825360315231051,39.6135913181629
p003,Q95,fairness_qp,0.1,1.3,1.4,0.3551181605207926,2.185933717284913,-1.8308155567641204,0.16141734569126953,13.542124038303662
p003,Q95,fairness_qp,0.1,1.4,1.5,0.3158134329003057,2.0341715319985663,-1.7183580990982605,0.1435515604092299,14.17031989202798
p003,Q95,fairness_qp,0.1,1.5,1.6,0.17882011244038654,1.8621905750077772,-1.6833704625673906,0.22575878386002848,8.248585251780698
p003,Q95,fairness_qp,0.1,1.6,1.7,0.11031409850455198,1.6790368361194323,-1.5687227376148805,0.24269101671001853,6.9184136227244215
p003,Q95,fairness_qp,0.1,1.7,1.8,0.09536996077435904,1.492408819886602,-1.397038859112243,0.20981391370358815,7.113011685178242
p003,Q95,fairness_qp,0.1,1.8,1.9,0.08168741362420476,1.308421174477787,-1.2267337608535822,0.17971230997325222,7.280643015898733
p003,Q95,fairness_qp,0.1,1.9,2.0,0.01896075305848899,1.1315816078369678,-1.1126208547784788,0.20276352254282315,5.580794778301312
p003,Q95,fairness_qp,0.2,1.0,1.1,0.6255534479448367,1.8177774293150362,-1.1922239813701996,0.06458996190654778,28.143342644250108
p003,Q95,fairness_qp,0.2,1.1,1.2,0.43542337586797986,1.8405185906423678,-1.4050952147743878,0.19791971630362878,9.299319062375911
p003,Q95,fairness_qp,0.2,1.2,1.3,0.3952972789008583,1.894071010291371,-1.4987737313905125,0.17968058131857118,10.54132280957623
p003,Q95,fairness_qp,0.2,1.3,1.4,0.3551181605207926,1.7940090612860033,-1.4388909007652106,0.16141734569126953,11.114103342507352
p003,Q95,fairness_qp,0.2,1.4,1.5,0.3158134329003057,1.6693521652627417,-1.353538732362436,0.1435515604092299,11.628937787257993
p003,Q95,fairness_qp,0.2,1.5,1.6,0.17882011244038482,1.52815641674439,-1.3493363043040052,0.22575878386003023,6.768978777330066
p003,Q95,fairness_qp,0.2,1.6,1.7,0.11031409850455372,1.3778301351645306,-1.267516036659977,0.2426910167100168,5.677301755304988
p003,Q95,fairness_qp,0.2,1.7,1.8,0.09536996077435904,1.2246793461882493,-1.1293093854138903,0.20981391370358815,5.8369787044647525
p003,Q95,fairness_qp,0.2,1.8,1.9,0.08168741362420476,1.0737125638439933,-0.9920251502197885,0.17971230997325222,5.974618900640703
p003,Q95,fairness_qp,0.2,1.9,2.0,0.06928883612541091,0.9286222677274605,-0.8593334316020496,0.1524354394759012,6.091905339862047
p003,Q95,fairness_qp,0.3,1.0,1.1,0.4744735942728267,1.7796101165761784,-1.3051365223033518,0.21566981557855774,8.251549303745547
p003,Q95,fairness_qp,0.3,1.1,1.2,0.43542337586797986,1.7554818851682614,-1.3200585093002815,0.19791971630362878,8.869666539311199
p003,Q95,fairness_qp,0.3,1.2,1.3,0.3952972789008583,1.6955724673507426,-1.3002751884498842,0.17968058131857118,9.436592729764804
p003,Q95,fairness_qp,0.3,1.3,1.4,0.3551181605207926,1.606292776259441,-1.2511746157386483,0.16141734569126953,9.951178229207615
p003,Q95,fairness_qp,0.3,1.4,1.5,0.3158134329003057,1.4948617351898483,-1.1790483022895426,0.1435515604092299,10.413413347290469
p003,Q95,fairness_qp,0.3,1.5,1.6,0.17882011244038654,1.3685266811771235,-1.189706568736737,0.22575878386002848,6.061897826423518
p003,Q95,fairness_qp,0.3,1.6,1.7,0.11031409850455198,1.2339485308607427,-1.1236344323561909,0.24269101671001853,5.0844425458694955
p003,Q95,fairness_qp,0.3,1.7,1.8,0.09536996077435904,1.0967951779876066,-1.0014252172132476,0.20981391370358815,5.227466370686406
p003,Q95,fairness_qp,0.3,1.8,1.9,0.08168741362420476,0.9615670857631882,-0.8798796721389834,0.17971230997325222,5.350591096994439
p003,Q95,fairness_qp,0.3,1.9,2.0,0.06928883612541091,0.8315833854269563,-0.7622945493015454,0.1524354394759012,5.455315301258555
p003,Q95,flat_level,0.05,1.0,1.1,0.2259140624999989,13.292007953659313,-13.066093891159314,0.9789609375000021,13.577669388528879
p003,Q95,flat_level,0.1,1.0,1.1,0.3765234374999999,13.173329311215788,-12.796805873715789,0.8283515625000012,15.90306568802515
p003,Q95,flat_level,0.1,1.1,1.2,0.07530468749999963,14.716301064730041,-14.640996377230042,1.129570312499998,13.028229320368286
p003,Q95,flat_level,0.2,1.0,1.1,0.3765234374999999,12.283239492890287,-11.906716055390287,0.8283515625000012,14.828534222617911
p003,Q95,flat_level,0.2,1.1,1.2,0.3765234374999999,13.721956398194347,-13.345432960694348,0.8283515624999978,16.56537757565271
p003,Q95,flat_level,0.2,1.2,1.3,0.07530468749999963,15.254908929353938,-15.179604241853939,1.1295703125000014,13.505054763338531
p003,Q95,flat_level,0.2,1.3,1.4,0.0251015624999993,5.397436440447526,-5.372334877947527,0.3765234374999999,14.334928195399595
p003,Q95,flat_level,0.3,1.0,1.1,0.3765234375000016,10.799756462347935,-10.423233024847933,0.8283515624999994,13.03764844693939
p003,Q95,flat_level,0.3,1.1,1.2,0.37652343749999817,13.340355743167775,-12.963832305667777,0.8283515624999994,16.104702818337213
p003,Q95,flat_level,0.3,1.2,1.3,0.3765234374999999,15.181213717134824,-14.804690279634825,0.8283515625000012,18.327017663028556
p003,Q95,flat_level,0.3,1.3,1.4,0.025101562500001035,5.354614524877159,-5.329512962377159,0.37652343749999817,14.221198447645602
p003,Q95,weighted_proportional,0.0,1.1,1.2,0.7958075769412716,5.645557403992269,-4.8497498270509976,0.18072169575436212,31.238957671500277
p003,Q95,weighted_proportional,0.05,1.0,1.1,0.9616856750564711,5.2112385279589875,-4.249552852902516,0.025566713941171243,203.8290309794992
p003,Q95,weighted_proportional,0.05,1.1,1.2,0.6519357583056815,5.645557403992411,-4.99362164568673,0.32459351438995226,17.39269934152193
p003,Q95,weighted_proportional,0.05,1.2,1.3,0.1657446344622473,6.064349896878393,-5.898605262416146,0.7993062999511521,7.587016263038341
p003,Q95,weighted_proportional,0.05,1.3,1.4,0.0036938981145141075,6.466818099773802,-6.463124201659287,0.9491737340805786,6.813102667698567
p003,Q95,weighted_proportional,0.1,1.0,1.1,0.8232822589206088,4.885536119961474,-4.062253861040865,0.1639701300770336,29.795281114104355
p003,Q95,weighted_proportional,0.1,1.1,1.2,0.6035932390703637,5.292710066242909,-4.689116827172546,0.37293603362527006,14.1920050331234
p003,Q95,weighted_proportional,0.1,1.2,1.3,0.30157841700418664,5.685328028323564,-5.383749611319377,0.6634725174092128,8.56904827124437
p003,Q95,weighted_proportional,0.1,1.3,1.4,0.07432981947025352,6.062641968537841,-5.988312149067587,0.8785378127248392,6.900832133490285
p003,Q95,weighted_proportional,0.1,1.4,1.5,0.01944435860232012,6.424009369729837,-6.4045650111275165,0.9205868438132043,6.978167690427399
p003,Q95,weighted_proportional,0.2,1.0,1.1,0.6787360174358801,3.582726487971791,-2.903990470535911,0.30851637156176226,11.612759704891578
p003,Q95,weighted_proportional,0.2,1.1,1.2,0.603593239070362,3.8813207152447475,-3.2777274761743858,0.3729360336252718,10.407470357623637
p003,Q95,weighted_proportional,0.2,1.2,1.3,0.3015784170041884,4.1692405541038475,-3.867662137099659,0.663472517409211,6.283968732245737
p003,Q95,weighted_proportional,0.2,1.3,1.4,0.29777113506096636,4.445937443594618,-4.148166308533652,0.6550964971341264,6.7866909120174155
p003,Q95,weighted_proportional,0.2,1.4,1.5,0.1365293845602567,4.710940204468649,-4.574410819908392,0.8035018178552678,5.863011258696637
p003,Q95,weighted_proportional,0.2,1.5,1.6,0.05791216200585515,4.963855320869912,-4.905943158864057,0.8686824300878342,5.714234740960522
p003,Q95,weighted_proportional,0.2,1.6,1.7,0.0031864964454945965,62.89775905987195,-62.89457256342645,0.047797446682436295,1315.922992241852
p003,Q95,weighted_proportional,0.3,1.0,1.1,0.6787360174358783,3.5827264879717893,-2.903990470535911,0.308516371561764,11.612759704891507
p003,Q95,weighted_proportional,0.3,1.1,1.2,0.6035932390703637,3.8813207152447493,-3.2777274761743858,0.37293603362527006,10.407470357623689
p003,Q95,weighted_proportional,0.3,1.2,1.3,0.30157841700418664,4.169240554104068,-3.867662137099881,0.6634725174092128,6.283968732246053
p003,Q95,weighted_proportional,0.3,1.3,1.4,0.29777113506096636,4.445937443594396,-4.14816630853343,0.6550964971341264,6.786690912017076
p003,Q95,weighted_proportional,0.3,1.4,1.5,0.2937597507548517,4.7109402044684945,-4.417180453713643,0.6462714516606728,7.289414057147601
p003,Q95,weighted_proportional,0.3,1.5,1.6,0.20190054581126043,4.963855320870068,-4.761954775058808,0.724694046282429,6.849587555374432
p003,Q95,weighted_proportional,0.3,1.6,1.7,0.0031864964454963313,56.00870906069123,-56.00552256424574,0.04779744668243456,1171.7929083704441
p004,Q0,equal_kw_reduction,0.0,1.1,1.2,1.7603357961062938,4.749549377445483,-2.9892135813391896,1.6846624404135007,2.8192884601141257
p004,Q0,equal_kw_reduction,0.05,1.0,1.1,3.334431193951,3.9855399949918007,-0.6511088010408006,0.12763725121678338,31.225523559909842
p004,Q0,equal_kw_reduction,0.05,1.1,1.2,1.7366878724522916,4.43149919592023,-2.6948113234679383,1.7083103640675028,2.5940831883550652
p004,Q0,equal_kw_reduction,0.05,1.2,1.3,0.15128517487078552,4.885692721875168,-4.734407547004382,3.2763276635263336,1.4912100447904113
p004,Q0,equal_kw_reduction,0.1,1.0,1.1,2.782116866371372,3.5183355458182146,-0.7362186794468428,0.6799515787964117,5.174391317755378
p004,Q0,equal_kw_reduction,0.1,1.1,1.2,1.7366878724522916,3.9120172327620217,-2.17532936030973,1.7083103640675028,2.289992096897119
p004,Q0,equal_kw_reduction,0.1,1.2,1.3,0.6967164422964495,4.312967976966495,-3.6162515346700452,2.7308963961006696,1.5793231786913622
p004,Q0,equal_kw_reduction,0.1,1.3,1.4,0.13231092007433276,4.722740111203064,-4.590429191128731,3.2775340209033126,1.4409431240324522
p004,Q0,equal_kw_reduction,0.2,1.0,1.1,2.380172056052853,3.156013728091777,-0.7758416720389238,1.08189638911493,2.9171127289496046
p004,Q0,equal_kw_reduction,0.2,1.1,1.2,1.7366878724522916,3.5091536694964454,-1.7724657970441537,1.7083103640675028,2.054166352501145
p004,Q0,equal_kw_reduction,0.2,1.2,1.3,1.0711290119991002,3.8688140931597284,-2.797685081160628,2.356483826398019,1.6417740914748256
p004,Q0,equal_kw_reduction,0.2,1.3,1.4,0.7423589891084464,4.236387471024935,-3.494028481916489,2.6674859518691987,1.5881573689474742
p004,Q0,equal_kw_reduction,0.2,1.4,1.5,0.21197627087087695,4.613409029240116,-4.401432758369239,3.1796440630631264,1.4509199576243652
p004,Q0,equal_kw_reduction,0.2,1.5,1.6,0.008438090392359765,0.1921465915439291,-0.18370850115156934,0.12657135588536872,1.518089066833965
p004,Q0,equal_kw_reduction,0.3,1.0,1.1,2.38017205605285,3.0511310966446286,-0.6709590405917787,1.0818963891149336,2.820169405631038
p004,Q0,equal_kw_reduction,0.3,1.1,1.2,1.7366878724522952,3.392535269603817,-1.655847397151522,1.7083103640674995,1.985901005439179
p004,Q0,equal_kw_reduction,0.3,1.2,1.3,1.0711290119991002,3.7402432320576553,-2.669114220058555,2.356483826398019,1.5872136231780416
p004,Q0,equal_kw_reduction,0.3,1.3,1.4,1.0655765440555145,4.105162416710363,-3.0395858726548486,2.3442683969221307,1.7511486407017942
p004,Q0,equal_kw_reduction,0.3,1.4,1.5,0.7924149659238113,4.474031112949035,-3.681616147025224,2.599205368010192,1.7213072764519974
p004,Q0,equal_kw_reduction,0.3,1.5,1.6,0.008438090392359765,0.18634155856672718,-0.17790346817436742,0.12657135588536872,1.4722253488023804
p004,Q0,fairness_qp,0.0,1.3,1.4,0.3476721910006947,3.099038182176897,-2.7513659911762023,1.5705100440650681,1.9732686167071083
p004,Q0,fairness_qp,0.05,1.1,1.2,2.1811789301442936,3.173619195608705,-0.9924402654644116,0.07354432441548236,43.15246921950925
p004,Q0,fairness_qp,0.05,1.2,1.3,1.5946933149548204,3.1583254332505084,-1.563632118295688,0.4955503033967981,6.373369992110704
p004,Q0,fairness_qp,0.05,1.3,1.4,0.729809020083308,3.0820702702635954,-2.3522612501802875,1.1883732149824549,2.5935204794304445
p004,Q0,fairness_qp,0.05,1.4,1.5,0.16817858427300297,2.9549059179007284,-2.7867273336277254,1.5754689403553042,1.8755723087973604
p004,Q0,fairness_qp,0.05,1.5,1.6,0.01877921445666425,2.788521196148773,-2.7697419816921087,1.5525453618017437,1.796096439277412
p004,Q0,fairness_qp,0.1,1.0,1.1,2.256189826603451,2.881240118987584,-0.6250502923841328,0.15041265510689836,19.15556983513046
p004,Q0,fairness_qp,0.1,1.1,1.2,1.8196257534878677,2.9695618527051866,-1.149936099217319,0.43509750107190853,6.8250492025106055
p004,Q0,fairness_qp,0.1,1.2,1.3,1.437042487616738,2.970642855848096,-1.5336003682313581,0.6532011307348804,4.54782258644591
p004,Q0,fairness_qp,0.1,1.3,1.4,0.7298090200833149,2.8982625446678165,-2.1684535245845016,1.188373214982448,2.438848762432451
p004,Q0,fairness_qp,0.1,1.4,1.5,0.5448898514463438,2.7782414971672593,-2.2333516457209157,1.1987576731819631,2.3176005954504046
p004,Q0,fairness_qp,0.1,1.5,1.6,0.17332464384280794,2.6215162543567136,-2.4481916105139057,1.3979999324156,1.875190544413692
p004,Q0,fairness_qp,0.1,1.6,1.7,0.08781893880445424,2.439291079030917,-2.3514721402264627,1.3172840820668275,1.851757803983825
p004,Q0,fairness_qp,0.1,1.7,1.8,0.05866655213605798,2.2419826375339595,-2.1833160853979017,1.1892358053362042,1.8852296806688706
p004,Q0,fairness_qp,0.2,1.0,1.1,1.6545392061758646,2.214816282105958,-0.5602770759300935,0.7520632755344848,2.9449866176910544
p004,Q0,fairness_qp,0.2,1.1,1.2,1.550122237509846,2.381473938664294,-0.831351701154448,0.7046010170499301,3.3798900101439053
p004,Q0,fairness_qp,0.2,1.2,1.3,1.437042487616738,2.4336829454344038,-0.9966404578176657,0.6532011307348804,3.7257788312405435
p004,Q0,fairness_qp,0.2,1.3,1.4,0.7298090200833149,2.373732332873378,-1.6439233127900632,1.188373214982448,1.9974636780318527
p004,Q0,fairness_qp,0.2,1.4,1.5,0.5448898514463438,2.2749944110788607,-1.730104559632517,1.1987576731819631,1.8977934089382318
p004,Q0,fairness_qp,0.2,1.5,1.6,0.49103893008075467,2.1463713603546917,-1.655332430273937,1.0802856461776533,1.9868553913949905
p004,Q0,fairness_qp,0.2,1.6,1.7,0.4390946940222712,1.9969948667320074,-1.5579001727097364,0.9660083268490105,2.067264651067695
p004,Q0,fairness_qp,0.2,1.7,1.8,0.3126601058862505,1.8353604229259664,-1.5227003170397158,0.9352422515860117,1.9624438692900232
p004,Q0,fairness_qp,0.2,1.8,1.9,0.0688540959921935,1.6687686686459313,-1.5999145726537378,1.0328114398828956,1.6157534707740488
p004,Q0,fairness_qp,0.2,1.9,2.0,0.060461929889100985,1.502966239253535,-1.442504309364434,0.9069289483365008,1.6572039540807384
p004,Q0,fairness_qp,0.3,1.0,1.1,1.6545392061758646,2.157058246255228,-0.5025190400793633,0.7520632755344848,2.8681871810882207
p004,Q0,fairness_qp,0.3,1.1,1.2,1.550122237509846,2.1936834227198747,-0.6435611852100287,0.7046010170499301,3.1133696512453715
p004,Q0,fairness_qp,0.3,1.2,1.3,1.437042487616738,2.1832246523122016,-0.7461821646954636,0.6532011307348804,3.3423467131111315
p004,Q0,fairness_qp,0.3,1.3,1.4,0.7298090200833149,2.130588750246708,-1.4007797301633929,1.188373214982448,1.792861639243675
p004,Q0,fairness_qp,0.3,1.4,1.5,0.5448898514463438,2.0427331121818866,-1.497843260735543,1.1987576731819631,1.7040417407795927
p004,Q0,fairness_qp,0.3,1.5,1.6,0.49103893008075467,1.927744445954914,-1.4367055158741593,1.0802856461776533,1.784476589849918
p004,Q0,fairness_qp,0.3,1.6,1.7,0.4390946940222712,1.793897638330058,-1.354802944307787,0.9660083268490105,1.8570208852976573
p004,Q0,fairness_qp,0.3,1.7,1.8,0.38996948671008586,1.6488809414823904,-1.2589114547723046,0.8579328707621764,1.921923028800081
p004,Q0,fairness_qp,0.3,1.8,1.9,0.34427047996096055,1.4992969644236007,-1.1550264844626401,0.7573950559141285,1.9795441661736792
p004,Q0,fairness_qp,0.3,1.9,2.0,0.3023096494455049,1.350346791247521,-1.0480371418020162,0.6650812287800969,2.0303486744383834
p004,Q0,flat_level,0.05,1.0,1.1,0.6777421875000036,13.292007953659208,-12.614265766159205,2.9368828124999995,4.525889796176268
p004,Q0,flat_level,0.1,1.0,1.1,1.1295703125000014,13.173329311215683,-12.043758998715681,2.4850546875000017,5.301021896008344
p004,Q0,flat_level,0.1,1.1,1.2,0.2259140624999989,14.716301064730153,-14.490387002230154,3.3887109374999973,4.342743106789457
p004,Q0,flat_level,0.2,1.0,1.1,1.1295703125000014,12.283239492890182,-11.15366918039018,2.4850546875000017,4.942844740872598
p004,Q0,flat_level,0.2,1.1,1.2,1.1295703125000014,13.721956398194465,-12.592386085694462,2.485054687499995,5.521792525217614
p004,Q0,flat_level,0.2,1.2,1.3,0.2259140624999989,15.254908929353828,-15.028994866853829,3.3887109375000044,4.501684921112811
p004,Q0,flat_level,0.2,1.3,1.4,0.07367062909434396,5.288129963476037,-5.214459334381694,1.1050594364151525,4.785380577022081
p004,Q0,flat_level,0.3,1.0,1.1,1.1295703125000014,10.799756462347828,-9.670186149847826,2.4850546875000017,4.345882815646414
p004,Q0,flat_level,0.3,1.1,1.2,1.1295703125000014,13.340355743167894,-12.210785430667892,2.485054687499995,5.368234272779127
p004,Q0,flat_level,0.3,1.2,1.3,1.1295703125000014,15.18121371713472,-14.051643404634717,2.4850546875000017,6.109005887676147
p004,Q0,flat_level,0.3,1.3,1.4,0.07367062909433703,5.2496609607052065,-5.175990331610869,1.1050594364151594,4.750568872327119
p004,Q0,max_export_lp,0.1,1.1,1.2,5.986626333900902e-05,6.501982158582664e-05,-5.153558246817624e-06,3.99108422005634e-06,16.291267735990996
p004,Q0,max_export_lp,0.1,1.2,1.3,3.710527829436927e-06,3.990688168808987e-06,-2.8016033937205975e-07,2.4736852496931583e-07,16.13256241595005
p004,Q0,max_export_lp,0.1,1.4,1.5,1.1507846602726302e-05,1.2468604298349062e-05,-9.607576956227604e-07,7.671897735150868e-07,16.25230774547579
p004,Q0,max_export_lp,0.1,1.5,1.6,4.661508998249353e-06,5.13024138448781e-06,-4.6873238623845737e-07,3.107672695568109e-07,16.508306655987653
p004,Q0,max_export_lp,0.1,1.8,1.9,0.0001179644217030873,0.00012811963415182426,-1.0155212448736961e-05,7.864294777892855e-06,16.291306184500932
p004,Q0,max_export_lp,0.2,1.1,1.2,4.390192644837532e-05,6.638970875133543e-05,-2.2487782302960113e-05,1.995542111069004e-05,3.3269009149484057
p004,Q0,max_export_lp,0.2,1.2,1.3,2.7210537434374515e-06,3.925712116492619e-06,-1.2046583730551674e-06,1.2368426109687913e-06,3.1739787113395908
p004,Q0,max_export_lp,0.2,1.4,1.5,8.439087508665954e-06,1.2620675695490524e-05,-4.18158818682457e-06,3.835948867575434e-06,3.2901052988924753
p004,Q0,max_export_lp,0.2,1.5,1.6,3.418439933899897e-06,5.486600909709871e-06,-2.068160975809974e-06,1.5538363339062666e-06,3.531003098580422
p004,Q0,max_export_lp,0.2,1.8,1.9,8.650724258110754e-05,0.00013084148130573792,-4.433423872463038e-05,3.9321473899872617e-05,3.3274816106565575
p004,Q0,max_export_lp,0.3,1.1,1.2,4.390192644837532e-05,6.263056109151455e-05,-1.872863464313923e-05,1.995542111069004e-05,3.138523649494102
p004,Q0,max_export_lp,0.3,1.2,1.3,2.7210537434374515e-06,3.6868269825962585e-06,-9.65773239158807e-07,1.2368426109687913e-06,2.9808376182224583
p004,Q0,max_export_lp,0.3,1.4,1.5,8.439087508665954e-06,1.1901314680290431e-05,-3.462227171624477e-06,3.835948867575434e-06,3.1025738588149707
p004,Q0,max_export_lp,0.3,1.5,1.6,3.418439933899897e-06,5.187978449616715e-06,-1.7695385157168175e-06,1.5538363339062666e-06,3.338819112676042
p004,Q0,max_export_lp,0.3,1.8,1.9,8.650724258110754e-05,0.0001234721037531028,-3.696486117199527e-05,3.9321473899872617e-05,3.140068046978849
p004,Q0,weighted_proportional,0.0,1.1,1.2,2.3874227307932943,5.568114917679952,-3.180692186886658,0.5421650872442576,10.27014658207121
p004,Q0,weighted_proportional,0.05,1.0,1.1,2.8850570252127348,5.139753772453949,-2.254696747241214,0.07670014182541846,67.01100741316533
p004,Q0,weighted_proportional,0.05,1.1,1.2,1.9558072748825441,5.568114917680174,-3.6123076427976297,0.9737805431550075,5.718038788944908
p004,Q0,weighted_proportional,0.05,1.2,1.3,0.497233903394477,5.981162653647752,-5.483928750253275,2.3979188998942482,2.4943139878131535
p004,Q0,weighted_proportional,0.05,1.3,1.4,0.011081694341691373,6.378110031154599,-6.367028336812908,2.847521202286929,2.2398814892167085
p004,Q0,weighted_proportional,0.1,1.0,1.1,2.4698467767965973,4.8185191616755,-2.3486723848789026,0.49191039024155603,9.795522227756427
p004,Q0,weighted_proportional,0.1,1.1,1.2,1.8107797171842133,5.22010773532508,-3.409328018140867,1.1188081008533386,4.665775776331611
p004,Q0,weighted_proportional,0.1,1.2,1.3,0.9047352510277301,5.607339987794821,-4.702604736767091,1.990417552260995,2.81716767490581
p004,Q0,weighted_proportional,0.1,1.3,1.4,0.22298945840604212,5.97947815420774,-5.756488695801698,2.6356134382225784,2.2687235037928093
p004,Q0,weighted_proportional,0.1,1.4,1.5,0.05833307580239977,6.335888544490423,-6.277555468688023,2.7617605308954407,2.2941484149736
p004,Q0,weighted_proportional,0.2,1.0,1.1,2.0362080523387354,3.533580718562031,-1.4973726662232956,0.9255491146994178,3.8178208616293685
p004,Q0,weighted_proportional,0.2,1.1,1.2,1.8107797171842133,3.8280790059050664,-2.017299288720853,1.1188081008533386,3.421568902643188
p004,Q0,weighted_proportional,0.2,1.2,1.3,0.9047352510277301,4.112049324382791,-3.207314073355061,1.990417552260995,2.065922961597555
p004,Q0,weighted_proportional,0.2,1.3,1.4,0.8933134051964455,4.384950646419035,-3.4916372412225893,1.9652894914321748,2.2311983377184648
p004,Q0,weighted_proportional,0.2,1.4,1.5,0.4095881536282098,4.646318265959598,-4.236730112331388,2.410505453069631,1.9275286268457916
p004,Q0,weighted_proportional,0.2,1.5,1.6,0.173736486035643,4.895764020420974,-4.722027534385331,2.606047290534645,1.8786167228057404
p004,Q0,weighted_proportional,0.2,1.6,1.7,0.0095594893481446,62.034964008336445,-62.0254045189883,0.14339234022212044,432.6239735835388
p004,Q0,weighted_proportional,0.3,1.0,1.1,2.036208052338732,3.5335807185620274,-1.4973726662232956,0.9255491146994212,3.8178208616293507
p004,Q0,weighted_proportional,0.3,1.1,1.2,1.8107797171842168,3.8280790059050696,-2.017299288720853,1.118808100853335,3.4215689026432012
p004,Q0,weighted_proportional,0.3,1.2,1.3,0.9047352510277301,4.112049324382791,-3.207314073355061,1.990417552260995,2.065922961597555
p004,Q0,weighted_proportional,0.3,1.3,1.4,0.8933134051964455,4.384950646419035,-3.4916372412225893,1.9652894914321748,2.2311983377184648
p004,Q0,weighted_proportional,0.3,1.4,1.5,0.8812792520930743,4.646318265959675,-3.7650390138666,1.9388143546047663,2.3964740383340324
p004,Q0,weighted_proportional,0.3,1.5,1.6,0.6057016375707811,4.895764020420905,-4.290062382850124,2.1740821389995073,2.2518762895839304
p004,Q0,weighted_proportional,0.3,1.6,1.7,0.0095594893481446,55.24041400884142,-55.23085451949328,0.14339234022212044,385.23964336778255
p004,Q95,equal_kw_reduction,0.0,1.1,1.2,1.7603357961062938,4.749549377445483,-2.9892135813391896,1.6846624404135007,2.8192884601141257
p004,Q95,equal_kw_reduction,0.05,1.0,1.1,3.334431193951,3.9855399949918007,-0.6511088010408006,0.12763725121678338,31.225523559909842
p004,Q95,equal_kw_reduction,0.05,1.1,1.2,1.7366878724522916,4.43149919592023,-2.6948113234679383,1.7083103640675028,2.5940831883550652
p004,Q95,equal_kw_reduction,0.05,1.2,1.3,0.15128517487078552,4.885692721875168,-4.734407547004382,3.2763276635263336,1.4912100447904113
p004,Q95,equal_kw_reduction,0.1,1.0,1.1,2.782116866371372,3.5183355458182146,-0.7362186794468428,0.6799515787964117,5.174391317755378
p004,Q95,equal_kw_reduction,0.1,1.1,1.2,1.7366878724522916,3.9120172327620217,-2.17532936030973,1.7083103640675028,2.289992096897119
p004,Q95,equal_kw_reduction,0.1,1.2,1.3,0.6967164422964495,4.312967976966495,-3.6162515346700452,2.7308963961006696,1.5793231786913622
p004,Q95,equal_kw_reduction,0.1,1.3,1.4,0.13231092007433276,4.722740111203064,-4.590429191128731,3.2775340209033126,1.4409431240324522
p004,Q95,equal_kw_reduction,0.2,1.0,1.1,2.380172056052853,3.156013728091777,-0.7758416720389238,1.08189638911493,2.9171127289496046
p004,Q95,equal_kw_reduction,0.2,1.1,1.2,1.7366878724522916,3.5091536694964454,-1.7724657970441537,1.7083103640675028,2.054166352501145
p004,Q95,equal_kw_reduction,0.2,1.2,1.3,1.0711290119991002,3.8688140931597284,-2.797685081160628,2.356483826398019,1.6417740914748256
p004,Q95,equal_kw_reduction,0.2,1.3,1.4,0.7423589891084464,4.236387471024935,-3.494028481916489,2.6674859518691987,1.5881573689474742
p004,Q95,equal_kw_reduction,0.2,1.4,1.5,0.21197627087087695,4.613409029240116,-4.401432758369239,3.1796440630631264,1.4509199576243652
p004,Q95,equal_kw_reduction,0.2,1.5,1.6,0.008438090392359765,0.1921465915439291,-0.18370850115156934,0.12657135588536872,1.518089066833965
p004,Q95,equal_kw_reduction,0.3,1.0,1.1,2.38017205605285,3.0511310966446286,-0.6709590405917787,1.0818963891149336,2.820169405631038
p004,Q95,equal_kw_reduction,0.3,1.1,1.2,1.7366878724522952,3.392535269603817,-1.655847397151522,1.7083103640674995,1.985901005439179
p004,Q95,equal_kw_reduction,0.3,1.2,1.3,1.0711290119991002,3.7402432320576553,-2.669114220058555,2.356483826398019,1.5872136231780416
p004,Q95,equal_kw_reduction,0.3,1.3,1.4,1.0655765440555145,4.105162416710363,-3.0395858726548486,2.3442683969221307,1.7511486407017942
p004,Q95,equal_kw_reduction,0.3,1.4,1.5,0.7924149659238113,4.474031112949035,-3.681616147025224,2.599205368010192,1.7213072764519974
p004,Q95,equal_kw_reduction,0.3,1.5,1.6,0.008438090392359765,0.18634155856672718,-0.17790346817436742,0.12657135588536872,1.4722253488023804
p004,Q95,fairness_qp,0.0,1.3,1.4,0.34767279477263685,3.099042295578315,-2.751369500805678,1.5705110448526807,1.9732699784158574
p004,Q95,fairness_qp,0.05,1.1,1.2,2.1811765934548895,3.173627964937628,-0.9924513714827388,0.07354424199313564,43.152636820076864
p004,Q95,fairness_qp,0.05,1.2,1.3,1.594694136196749,3.1583272903076485,-1.5636331541108994,0.4955501971404125,6.373375106160531
p004,Q95,fairness_qp,0.05,1.3,1.4,0.7298097479226453,3.0820740617322833,-2.3522643138096377,1.1883740917026722,2.5935217565340603
p004,Q95,fairness_qp,0.05,1.4,1.5,0.16817810807087663,2.9549010379849863,-2.7867229299141094,1.5754658004738658,1.8755729493437534
p004,Q95,fairness_qp,0.05,1.5,1.6,0.018779377912662987,2.7885254461121263,-2.7697460681994635,1.5525480476623819,1.79609606949731
p004,Q95,fairness_qp,0.1,1.0,1.1,2.256190699628173,2.8812420044029214,-0.6250513047747486,0.15041271330854325,19.15557495789999
p004,Q95,fairness_qp,0.1,1.1,1.2,1.8196238152599769,2.9695677391508717,-1.1499439238908948,0.435097020188048,6.825070274826132
p004,Q95,fairness_qp,0.1,1.2,1.3,1.4370429791692938,2.9706419700748428,-1.5335989909055492,0.6532013541678677,4.547819674775829
p004,Q95,fairness_qp,0.1,1.3,1.4,0.7298097479226523,2.898265099748845,-2.168455351826193,1.1883740917026653,2.4388491132420276
p004,Q95,fairness_qp,0.1,1.4,1.5,0.5448887214202294,2.7782383598112874,-2.233349638391058,1.198755187124513,2.3176027846649188
p004,Q95,fairness_qp,0.1,1.5,1.6,0.1733254757490879,2.621520260680611,-2.4481947849315233,1.3980019498259568,1.8751907041381275
p004,Q95,fairness_qp,0.1,1.6,1.7,0.08781934442077949,2.4393006588628516,-2.351481314442072,1.3172901663116854,1.8517565235400733
p004,Q95,fairness_qp,0.1,1.7,1.8,0.0586661318934395,2.241996180100028,-2.1833300482065887,1.1892443976057043,1.885227447456402
p004,Q95,fairness_qp,0.2,1.0,1.1,1.6545398463939966,2.2148176918818407,-0.5602778454878443,0.7520635665427198,2.944987352682816
p004,Q95,fairness_qp,0.2,1.1,1.2,1.5501205743705115,2.381480387686569,-0.8313598133160571,0.7046002610775135,3.3799027891994786
p004,Q95,fairness_qp,0.2,1.2,1.3,1.4370429791693007,2.43368427490559,-0.9966412957362891,0.6532013541678607,3.725779592122795
p004,Q95,fairness_qp,0.2,1.3,1.4,0.7298097479226523,2.373735075931818,-1.643925328009166,1.1883740917026653,1.9974645126525812
p004,Q95,fairness_qp,0.2,1.4,1.5,0.5448887214202294,2.2749901923880893,-1.7301014709678597,1.198755187124513,1.8977938254808895
p004,Q95,fairness_qp,0.2,1.5,1.6,0.49103982049220063,2.1463747263754107,-1.65533490588321,1.080287605082844,1.9868549044500157
p004,Q95,fairness_qp,0.2,1.6,1.7,0.43909672210389744,1.9970029384707642,-1.5579062163668667,0.9660127886285674,2.0672634585985934
p004,Q95,fairness_qp,0.2,1.7,1.8,0.31265893566746056,1.8353717529229276,-1.5227128172554671,0.9352515938316832,1.9624363807855094
p004,Q95,fairness_qp,0.2,1.8,1.9,0.0688533642166228,1.6687616546467305,-1.5999082904301076,1.0328004632493144,1.6157638518059974
p004,Q95,fairness_qp,0.2,1.9,2.0,0.060462124341041645,1.5029721962612417,-1.4425100719202,0.9069318651155622,1.657205192663212
p004,Q95,fairness_qp,0.3,1.0,1.1,1.654539846393993,2.1570597191743754,-0.5025198727803826,0.7520635665427232,2.8681880297572393
p004,Q95,fairness_qp,0.3,1.1,1.2,1.5501205743705184,2.193689979479975,-0.6435694051094565,0.7046002610775065,3.113382297255021
p004,Q95,fairness_qp,0.3,1.2,1.3,1.4370429791692971,2.183226489407771,-0.746183510238474,0.6532013541678643,3.34234838228261
p004,Q95,fairness_qp,0.3,1.3,1.4,0.7298097479226523,2.1305915782101197,-1.4007818302874675,1.1883740917026653,1.7928626962554146
p004,Q95,fairness_qp,0.3,1.4,1.5,0.5448887214202294,2.0427294035253523,-1.4978406821051227,1.198755187124513,1.704042180977171
p004,Q95,fairness_qp,0.3,1.5,1.6,0.49103982049220063,1.927747386657408,-1.4367075661652073,1.080287605082844,1.784476076173784
p004,Q95,fairness_qp,0.3,1.6,1.7,0.43909672210389744,1.7939045237944027,-1.3548078016905052,0.9660127886285674,1.857019435882603
p004,Q95,fairness_qp,0.3,1.7,1.8,0.38997204046848505,1.6488908414073535,-1.2589188009388685,0.8579384890306587,1.9219219821578954
p004,Q95,fairness_qp,0.3,1.8,1.9,0.34426682108310014,1.4992938843287618,-1.1550270632456616,0.757387006382837,1.9795611380886466
p004,Q95,fairness_qp,0.3,1.9,2.0,0.30231062170519435,1.350352485359009,-1.0480418636538147,0.6650833677514095,2.030350706144459
p004,Q95,flat_level,0.05,1.0,1.1,0.6777421875000036,13.292007953659208,-12.614265766159205,2.9368828124999995,4.525889796176268
p004,Q95,flat_level,0.1,1.0,1.1,1.1295703125000014,13.173329311215683,-12.043758998715681,2.4850546875000017,5.301021896008344
p004,Q95,flat_level,0.1,1.1,1.2,0.2259140624999989,14.716301064730153,-14.490387002230154,3.3887109374999973,4.342743106789457
p004,Q95,flat_level,0.2,1.0,1.1,1.1295703125000014,12.283239492890182,-11.15366918039018,2.4850546875000017,4.942844740872598
p004,Q95,flat_level,0.2,1.1,1.2,1.1295703125000014,13.721956398194465,-12.592386085694462,2.485054687499995,5.521792525217614
p004,Q95,flat_level,0.2,1.2,1.3,0.2259140624999989,15.254908929353828,-15.028994866853829,3.3887109375000044,4.501684921112811
p004,Q95,flat_level,0.2,1.3,1.4,0.07367062909434396,5.288129963476037,-5.214459334381694,1.1050594364151525,4.785380577022081
p004,Q95,flat_level,0.3,1.0,1.1,1.1295703125000014,10.799756462347828,-9.670186149847826,2.4850546875000017,4.345882815646414
p004,Q95,flat_level,0.3,1.1,1.2,1.1295703125000014,13.340355743167894,-12.210785430667892,2.485054687499995,5.368234272779127
p004,Q95,flat_level,0.3,1.2,1.3,1.1295703125000014,15.18121371713472,-14.051643404634717,2.4850546875000017,6.109005887676147
p004,Q95,flat_level,0.3,1.3,1.4,0.07367062909433703,5.2496609607052065,-5.175990331610869,1.1050594364151594,4.750568872327119
p004,Q95,max_export_lp,0.1,1.2,1.3,1.3752388876991928e-05,1.718278684267882e-05,-3.4303979656868933e-06,9.168259242076093e-07,18.741602292201208
p004,Q95,max_export_lp,0.1,1.3,1.4,1.7525608624058275e-05,1.9491911744384804e-05,-1.966303120326529e-06,1.1683739080392552e-06,16.68293994779102
p004,Q95,max_export_lp,0.1,1.5,1.6,4.435110615222393e-05,4.837327053155982e-05,-4.022164379335891e-06,2.9567404080665938e-06,16.36033734973406
p004,Q95,max_export_lp,0.1,1.6,1.7,2.554627388101638e-05,2.7871491677100568e-05,-2.325217796084189e-06,1.7030849265575743e-06,16.365297609342882
p004,Q95,max_export_lp,0.1,1.9,2.0,8.447697805169518e-06,9.200493186756198e-06,-7.527953815866795e-07,5.631798569161184e-07,16.336687247900887
p004,Q95,max_export_lp,0.2,1.2,1.3,1.0085085176692044e-05,2.592640831883264e-05,-1.5841323142140595e-05,4.584129624507494e-06,5.6556883078143985
p004,Q95,max_export_lp,0.2,1.3,1.4,1.2852112988431807e-05,2.1594815328290773e-05,-8.742702339858965e-06,5.841869543665723e-06,3.696558981140858
p004,Q95,max_export_lp,0.2,1.5,1.6,3.252414450954921e-05,5.0155951634989204e-05,-1.763180712543999e-05,1.478370205074131e-05,3.392651682429855
p004,Q95,max_export_lp,0.2,1.6,1.7,1.8733934181724976e-05,2.8924775907768208e-05,-1.0190841726043232e-05,8.515424625848977e-06,3.396750858432317
p004,Q95,max_export_lp,0.2,1.7,1.8,1.5515265357202157e-06,2.752983247616969e-06,-1.2014567118967534e-06,7.052393356798969e-07,3.903615564725857
p004,Q95,max_export_lp,0.2,1.9,2.0,6.194978391382833e-06,9.483578228275391e-06,-3.2885998368925584e-06,2.815899270702804e-06,3.3678684202039797
p004,Q95,max_export_lp,0.3,1.2,1.3,1.0085085176692044e-05,2.3995257301956396e-05,-1.3910172125264353e-05,4.584129624507494e-06,5.234419457441581
p004,Q95,max_export_lp,0.3,1.3,1.4,1.2852112988431807e-05,2.02697483832337e-05,-7.417635394801891e-06,5.841869543665723e-06,3.469736568357979
p004,Q95,max_export_lp,0.3,1.5,1.6,3.252414450954921e-05,4.728166171780179e-05,-1.475751720825258e-05,1.478370205074131e-05,3.1982288032807666
p004,Q95,max_export_lp,0.3,1.6,1.7,1.8733934181724976e-05,2.7264906554691493e-05,-8.530972372966517e-06,8.515424625848977e-06,3.201825834019782
p004,Q95,max_export_lp,0.3,1.7,1.8,1.5515265357202157e-06,2.5765896811968947e-06,-1.025063145476679e-06,7.052393356798969e-07,3.6534968355287405
p004,Q95,max_export_lp,0.3,1.9,2.0,6.194978391382833e-06,8.943575741104937e-06,-2.748597349722104e-06,2.815899270702804e-06,3.1760993136919846
p004,Q95,weighted_proportional,0.0,1.1,1.2,2.3874227308267812,5.56811491597483,-3.1806921851480485,0.5421650872503986,10.27014657880986
p004,Q95,weighted_proportional,0.05,1.0,1.1,2.8850570251666428,5.1397537746178665,-2.254696749451224,0.07670014182332985,67.0110074432028
p004,Q95,weighted_proportional,0.05,1.1,1.2,1.9558072749158577,5.568114915974879,-3.6123076410590205,0.973780543161322,5.718038787156618
p004,Q95,weighted_proportional,0.05,1.2,1.3,0.49723390339056345,5.98116265507314,-5.483928751682576,2.397918899860026,2.494313988443179
p004,Q95,weighted_proportional,0.05,1.3,1.4,0.011081694343689774,6.378110032515289,-6.367028338171599,2.847521202242742,2.2398814897293167
p004,Q95,weighted_proportional,0.1,1.0,1.1,2.4698467767597965,4.818519163704158,-2.3486723869443615,0.49191039023017624,9.795522232107075
p004,Q95,weighted_proportional,0.1,1.1,1.2,1.8107797172091586,5.220107733726436,-3.409328016517277,1.118808100868021,4.665775774841497
p004,Q95,weighted_proportional,0.1,1.2,1.3,0.9047352510158091,5.607339989131155,-4.702604738115346,1.99041755223478,2.8171676756142974
p004,Q95,weighted_proportional,0.1,1.3,1.4,0.22298945841140588,5.979478155482977,-5.756488697071571,2.635613438175026,2.26872350431759
p004,Q95,weighted_proportional,0.1,1.4,1.5,0.05833307580703495,6.3358885293955804,-6.277555453588546,2.761760531389379,2.2941484090976343
p004,Q95,weighted_proportional,0.2,1.0,1.1,2.036208052305602,3.533580720049681,-1.497372667744079,0.9255491146843708,3.8178208632987527
p004,Q95,weighted_proportional,0.2,1.1,1.2,1.8107797172091655,3.828079004732754,-2.0172992875235884,1.1188081008680142,3.4215689015504833
p004,Q95,weighted_proportional,0.2,1.2,1.3,0.9047352510158091,4.112049325362744,-3.207314074346934,1.99041755223478,2.0659229621170994
p004,Q95,weighted_proportional,0.2,1.3,1.4,0.8933134051832616,4.384950647354426,-3.491637242171164,1.9652894914031702,2.2311983382273493
p004,Q95,weighted_proportional,0.2,1.4,1.5,0.40958815367792,4.64631825488998,-4.236730101212061,2.410505453518494,1.927528621894625
p004,Q95,weighted_proportional,0.2,1.5,1.6,0.1737364860201901,4.8957640260954145,-4.722027540075224,2.6060472903028167,1.8786167251502708
p004,Q95,weighted_proportional,0.2,1.6,1.7,0.009559489337070126,62.034964009983824,-62.02540452064675,0.1433923400560866,432.6239740959623
p004,Q95,weighted_proportional,0.3,1.0,1.1,2.0362080523056054,3.5335807200496845,-1.497372667744079,0.9255491146843674,3.817820863298771
p004,Q95,weighted_proportional,0.3,1.1,1.2,1.810779717209162,3.8280790047327504,-2.0172992875235884,1.1188081008680177,3.4215689015504696
p004,Q95,weighted_proportional,0.3,1.2,1.3,0.9047352510158091,4.112049325362966,-3.207314074347156,1.99041755223478,2.065922962117211
p004,Q95,weighted_proportional,0.3,1.3,1.4,0.8933134051832616,4.384950647354204,-3.491637242170942,1.9652894914031702,2.231198338227236
p004,Q95,weighted_proportional,0.3,1.4,1.5,0.8812792522488802,4.646318254890016,-3.765039002641135,1.9388143549475336,2.396474032200855
p004,Q95,weighted_proportional,0.3,1.5,1.6,0.6057016374492254,4.89576402609538,-4.290062388646154,2.174082138873781,2.2518762923242104
p004,Q95,weighted_proportional,0.3,1.6,1.7,0.009559489337077065,55.2404140110226,-55.23085452168552,0.14339234005607965,385.2396438290811
p005,Q0,equal_kw_reduction,0.05,1.1,1.2,0.7799631442467342,4.7995858691348285,-4.0196227248880945,6.266009113733789,0.7659717344832988
p005,Q0,equal_kw_reduction,0.1,1.1,1.2,1.7872687815211759,4.272662360828836,-2.48539357930766,5.258703476459347,0.8124934938726746
p005,Q0,equal_kw_reduction,0.1,1.2,1.3,0.34817873772556573,4.706639780534469,-4.358461042808903,6.67917786686277,0.7046735203572579
p005,Q0,equal_kw_reduction,0.2,1.1,1.2,2.201866330618918,3.7915582880276855,-1.5896919574087676,4.844105927361605,0.7827158086307164
p005,Q0,equal_kw_reduction,0.2,1.2,1.3,1.8319247386890254,4.176669617579051,-2.344744878890026,5.195431865899311,0.8039119221239339
p005,Q0,equal_kw_reduction,0.2,1.3,1.4,0.4380084889364366,4.574299537041304,-4.136291048104868,6.570127334046452,0.6962269229299785
p005,Q0,equal_kw_reduction,0.2,1.4,1.5,0.07339796100236384,0.8077596781863594,-0.7343617171839956,1.1009694150354439,0.7336803976160909
p005,Q0,equal_kw_reduction,0.3,1.1,1.2,2.201866330618918,3.665554840389218,-1.4636885097703,4.844105927361605,0.7567041050206146
p005,Q0,equal_kw_reduction,0.3,1.2,1.3,2.1960489389338536,4.037867908233545,-1.8418189692996911,4.831307665654483,0.8357712213069226
p005,Q0,equal_kw_reduction,0.3,1.3,1.4,1.8811967886916137,4.435437751344279,-2.554240962652665,5.126939034291275,0.8651239505049846
p005,Q0,equal_kw_reduction,0.3,1.4,1.5,0.07339796100236384,0.7833560625312153,-0.7099581015288514,1.1009694150354439,0.7115148266911634
p005,Q0,fairness_qp,0.0,1.1,1.2,2.535059552587135,4.240733491917545,-1.70567393933041,3.090814368521086,1.3720440590376446
p005,Q0,fairness_qp,0.05,1.1,1.2,2.7087329325665017,4.2185125093180815,-1.5097795767515798,2.9171409885417194,1.4461119726088105
p005,Q0,fairness_qp,0.05,1.2,1.3,0.3896048848371636,4.395892533581053,-4.006287648743889,5.045049622740897,0.8713279080083326
p005,Q0,fairness_qp,0.1,1.1,1.2,2.7087329325665017,3.9862556454423466,-1.2775227128758448,2.9171409885417194,1.3664939956964774
p005,Q0,fairness_qp,0.1,1.2,1.3,1.3742748145933597,4.155069480041476,-2.7807946654481164,4.0603796929847,1.0233204267128948
p005,Q0,fairness_qp,0.1,1.3,1.4,0.31599967450794686,4.203133452193961,-3.8871337776860138,4.739995117619148,0.8867379286046929
p005,Q0,fairness_qp,0.1,1.4,1.5,0.05481477073585039,4.101551639593332,-4.046736868857481,4.543112792016038,0.9028064737466576
p005,Q0,fairness_qp,0.2,1.1,1.2,2.7087329325665017,3.3133119947465346,-0.6045790621800329,2.9171409885417194,1.1358079735470246
p005,Q0,fairness_qp,0.2,1.2,1.3,1.6983295336181343,3.4547753982885205,-1.7564458646703862,3.736324973959926,0.9246453192284807
p005,Q0,fairness_qp,0.2,1.3,1.4,1.5799983725397204,3.487470660139963,-1.9074722876002426,3.475996419587374,1.0033009932023897
p005,Q0,fairness_qp,0.2,1.4,1.5,0.5066295556154371,3.3984238891083955,-2.8917943334929586,4.0912980071364515,0.8306468712815651
p005,Q0,fairness_qp,0.2,1.5,1.6,0.26232899150678557,3.2758906758288826,-3.013561684322097,3.9349348726018114,0.8325145858545905
p005,Q0,fairness_qp,0.2,1.6,1.7,0.10755280650665,1.3752109365390286,-1.2676581300323786,1.6132920975998193,0.8524252604875479
p005,Q0,fairness_qp,0.3,1.1,1.2,2.7087329325665017,2.9155042756933565,-0.20677134312685475,2.9171409885417194,0.9994389325525259
p005,Q0,fairness_qp,0.3,1.2,1.3,1.6983295336181343,3.0379543873315513,-1.339624853713417,3.736324973959926,0.8130862300534287
p005,Q0,fairness_qp,0.3,1.3,1.4,1.5799983725397204,3.079547418167045,-1.4995490456273242,3.475996419587374,0.8859466600177366
p005,Q0,fairness_qp,0.3,1.4,1.5,1.4368523633599695,3.009338556640845,-1.5724861932808754,3.161075199391919,0.9519984077631993
p005,Q0,fairness_qp,0.3,1.5,1.6,1.1394186837622584,2.901947440323058,-1.7625287565607994,3.0578451803463387,0.9490171245342044
p005,Q0,fairness_qp,0.3,1.6,1.7,0.10755280650665,1.2134602997280197,-1.1059074932213697,1.6132920975998193,0.7521640386966187
p005,Q0,max_export_lp,0.05,1.0,1.1,1.35548437500016,4.69259184337939,-3.33710746837923,5.873765624999708,0.7989068926085425
p005,Q0,max_export_lp,0.1,1.0,1.1,2.2591406250000583,4.4337924029555635,-2.1746517779555052,4.97010937499981,0.8920915151803341
p005,Q0,max_export_lp,0.1,1.1,1.2,0.4518281249993594,5.1745654450416065,-4.722737320042247,6.777421874988699,0.7635005671017396
p005,Q0,max_export_lp,0.2,1.0,1.1,2.2591406250000583,3.3985946412608685,-1.1394540162608102,4.97010937499981,0.6838068108432722
p005,Q0,max_export_lp,0.2,1.1,1.2,2.2591406249962698,4.730731163606173,-2.4715905386099024,4.970109374991788,0.9518364298801751
p005,Q0,max_export_lp,0.2,1.2,1.3,0.4518281250019407,5.470341577665849,-5.018513452663909,6.77742187497983,0.8071419602578789
p005,Q0,max_export_lp,0.2,1.3,1.4,0.15060937499992988,1.9472689247271164,-1.7966595497271864,2.2591406249989205,0.8619511787709306
p005,Q0,max_export_lp,0.3,1.0,1.1,2.2591406250000583,3.373050179687989,-1.1139095546879307,4.97010937499981,0.6786671932522851
p005,Q0,max_export_lp,0.3,1.1,1.2,2.2591406249962698,3.756765892915348,-1.4976252679190782,4.970109374991788,0.7558718751378696
p005,Q0,max_export_lp,0.3,1.2,1.3,2.2591406249942994,4.161594025860777,-1.9024534008664773,4.970109374987472,0.8373244353141155
p005,Q0,max_export_lp,0.3,1.3,1.4,0.15060937500757654,1.481413863935771,-1.3308044889281945,2.2591406249912738,0.6557422090276002
p005,Q0,weighted_proportional,0.0,1.1,1.2,4.774845461586922,5.451951185052942,-0.6771057234660205,1.084330174487655,5.027943806533821
p005,Q0,weighted_proportional,0.05,1.1,1.2,3.9116145497651162,5.451951185053081,-1.5403366352879644,1.94756108630946,2.7993736491132513
p005,Q0,weighted_proportional,0.05,1.2,1.3,0.9944678067890234,5.8563817916577054,-4.861913984868682,4.795837799785763,1.2211384196353177
p005,Q0,weighted_proportional,0.05,1.3,1.4,0.022163388683590912,6.245047930302158,-6.222884541618567,5.695042404577203,1.096576194987224
p005,Q0,weighted_proportional,0.1,1.1,1.2,3.6215594343683986,5.111204235987238,-1.489644801618839,2.237616201706177,2.2842184607395835
p005,Q0,weighted_proportional,0.1,1.2,1.3,1.8094705020546276,5.490357929679029,-3.680887427624402,3.9808351045201587,1.3791975265302594
p005,Q0,weighted_proportional,0.1,1.3,1.4,0.4459789168131806,5.854732434658269,-5.4087535178450885,5.271226876447613,1.1106963467684952
p005,Q0,weighted_proportional,0.1,1.4,1.5,0.11666615160479954,6.203707281579512,-6.087041129974713,5.5235210617781,1.123143591233533
p005,Q0,weighted_proportional,0.2,1.1,1.2,3.6215594343683986,3.7482164397239224,-0.12665700535552382,2.237616201706177,1.6750935378756715
p005,Q0,weighted_proportional,0.2,1.2,1.3,1.8094705020546276,4.026262481764658,-2.216791979710031,3.9808351045201587,1.0114115194555329
p005,Q0,weighted_proportional,0.2,1.3,1.4,1.7866268103939875,4.293470452082615,-2.5068436416886275,3.930578982866806,1.0923251945318069
p005,Q0,weighted_proportional,0.2,1.4,1.5,0.8191763072556285,4.549385339825116,-3.730209032569487,4.821010906127271,0.9436579647731282
p005,Q0,weighted_proportional,0.2,1.5,1.6,0.3474729720699954,4.793627079998586,-4.4461541079285904,5.212094581049959,0.9197122203858638
p005,Q0,weighted_proportional,0.2,1.6,1.7,0.01911897869837087,60.74077138058957,-60.721652401891205,0.2867846804755353,211.7992191210199
p005,Q0,weighted_proportional,0.3,1.1,1.2,3.6215594343683986,3.7482164397239224,-0.12665700535552382,2.237616201706177,1.6750935378756715
p005,Q0,weighted_proportional,0.3,1.2,1.3,1.8094705020546136,4.026262481764645,-2.216791979710031,3.9808351045201724,1.011411519455526
p005,Q0,weighted_proportional,0.3,1.3,1.4,1.7866268103940013,4.293470452082629,-2.5068436416886275,3.930578982866792,1.0923251945318142
p005,Q0,weighted_proportional,0.3,1.4,1.5,1.7625585041821656,4.549385339824963,-2.786826835642797,3.8776287092007338,1.1732390285408973
p005,Q0,weighted_proportional,0.3,1.5,1.6,1.2114032751434634,4.793627079998752,-3.582223804855289,4.34816427797649,1.1024484756195934
p005,Q0,weighted_proportional,0.3,1.6,1.7,0.01911897869837087,54.087971395542596,-54.06885241684422,0.2867846804755353,188.60132732981415
p005,Q95,equal_kw_reduction,0.05,1.1,1.2,0.7799631442467342,4.7995858691348285,-4.0196227248880945,6.266009113733789,0.7659717344832988
p005,Q95,equal_kw_reduction,0.1,1.1,1.2,1.7872687815211759,4.272662360828836,-2.48539357930766,5.258703476459347,0.8124934938726746
p005,Q95,equal_kw_reduction,0.1,1.2,1.3,0.34817873772556573,4.706639780534469,-4.358461042808903,6.67917786686277,0.7046735203572579
p005,Q95,equal_kw_reduction,0.2,1.1,1.2,2.201866330618918,3.7915582880276855,-1.5896919574087676,4.844105927361605,0.7827158086307164
p005,Q95,equal_kw_reduction,0.2,1.2,1.3,1.8319247386890254,4.176669617579051,-2.344744878890026,5.195431865899311,0.8039119221239339
p005,Q95,equal_kw_reduction,0.2,1.3,1.4,0.4380084889364366,4.574299537041304,-4.136291048104868,6.570127334046452,0.6962269229299785
p005,Q95,equal_kw_reduction,0.2,1.4,1.5,0.07339796100236384,0.8077596781863594,-0.7343617171839956,1.1009694150354439,0.7336803976160909
p005,Q95,equal_kw_reduction,0.3,1.1,1.2,2.201866330618918,3.665554840389218,-1.4636885097703,4.844105927361605,0.7567041050206146
p005,Q95,equal_kw_reduction,0.3,1.2,1.3,2.1960489389338536,4.037867908233545,-1.8418189692996911,4.831307665654483,0.8357712213069226
p005,Q95,equal_kw_reduction,0.3,1.3,1.4,1.8811967886916137,4.435437751344279,-2.554240962652665,5.126939034291275,0.8651239505049846
p005,Q95,equal_kw_reduction,0.3,1.4,1.5,0.07339796100236384,0.7833560625312153,-0.7099581015288514,1.1009694150354439,0.7115148266911634
p005,Q95,fairness_qp,0.0,1.1,1.2,2.535063038357446,4.240728463274015,-1.7056654249165693,3.090805769134619,1.3720462494352592
p005,Q95,fairness_qp,0.05,1.1,1.2,2.7087326417253172,4.218507511114397,-1.50977486938908,2.917136165766748,1.4461126500091204
p005,Q95,fairness_qp,0.05,1.2,1.3,0.3896075721454284,4.395907805408744,-4.006300233263316,5.045060813689023,0.8713290023147197
p005,Q95,fairness_qp,0.1,1.1,1.2,2.7087326417253035,3.986250948321807,-1.2775183065965035,2.9171361657667623,1.366494644679718
p005,Q95,fairness_qp,0.1,1.2,1.3,1.374277831831,4.155081621368378,-2.7808037895373783,4.060390554003451,1.0233206796502774
p005,Q95,fairness_qp,0.1,1.3,1.4,0.31600101789125423,4.203153960285089,-3.8871529423938345,4.740015268368703,0.8867384854926054
p005,Q95,fairness_qp,0.1,1.4,1.5,0.05481309742318141,4.101528551991876,-4.0467154545686945,4.543085188850063,0.9028068771543435
p005,Q95,fairness_qp,0.2,1.1,1.2,2.7087326417253035,3.3133081040458148,-0.6045754623205113,2.9171361657667623,1.135808517589346
p005,Q95,fairness_qp,0.2,1.2,1.3,1.6983338705732764,3.4547864341206713,-1.7564525635473949,3.736334515261175,0.924645911657398
p005,Q95,fairness_qp,0.2,1.3,1.4,1.5800050894562294,3.48748733199912,-1.9074822425428906,3.4760111968037273,1.0033015242315517
p005,Q95,fairness_qp,0.2,1.4,1.5,0.5066210325848225,3.398403777037609,-2.8917827444527866,4.091277253688422,0.8306461689864297
p005,Q95,fairness_qp,0.2,1.5,1.6,0.26232951147285577,3.2758996390523794,-3.0135701275795235,3.934942672092809,0.8325152135723706
p005,Q95,fairness_qp,0.2,1.6,1.7,0.10755244305159228,1.3752031751488176,-1.2676507320972252,1.6132866457738426,0.8524233301944776
p005,Q95,fairness_qp,0.3,1.1,1.2,2.70873264172531,2.9155008185009836,-0.2067681767756735,2.917136165766755,0.9994393997493286
p005,Q95,fairness_qp,0.3,1.2,1.3,1.6983338705732764,3.0379653775064464,-1.33963150693317,3.736334515261175,0.8130870951457323
p005,Q95,fairness_qp,0.3,1.3,1.4,1.5800050894562294,3.0795614083715255,-1.499556318915296,3.4760111968037273,0.8859469184688628
p005,Q95,fairness_qp,0.3,1.4,1.5,1.436843214460387,3.0093245397132815,-1.5724813252528946,3.161055071812857,0.9520000352247712
p005,Q95,fairness_qp,0.3,1.5,1.6,1.1394198295972964,2.9019545220962812,-1.7625346924989849,3.0578523539683684,0.9490172141013385
p005,Q95,fairness_qp,0.3,1.6,1.7,0.1075524430515784,1.2134512063970149,-1.1058987633454365,1.6132866457738566,0.7521609439808821
p005,Q95,max_export_lp,0.05,1.0,1.1,1.355484374998689,4.692591687481734,-3.3371073124830453,5.873765624980126,0.7989068660698582
p005,Q95,max_export_lp,0.1,1.0,1.1,2.259140624993383,4.433790303672803,-2.174649678679419,4.970109374985432,0.8920910928013125
p005,Q95,max_export_lp,0.1,1.1,1.2,0.45182812500446645,5.174564962205391,-4.722736837200925,6.7774218749822595,0.763500495860594
p005,Q95,max_export_lp,0.2,1.0,1.1,2.259140624993383,3.3985847684358528,-1.1394441434424696,4.970109374985432,0.6838048244050594
p005,Q95,max_export_lp,0.2,1.1,1.2,2.2591406249958537,4.7307290890094835,-2.47158846401363,4.970109374990872,0.9518360124656555
p005,Q95,max_export_lp,0.2,1.2,1.3,0.4518281250106976,5.470346055447203,-5.018517930436506,6.777421875022601,0.8071426209437436
p005,Q95,max_export_lp,0.2,1.3,1.4,0.1506093749998466,1.9472649094060683,-1.7966555344062218,2.259140624997866,0.8619494014047523
p005,Q95,max_export_lp,0.3,1.0,1.1,2.259140624993383,3.3730414212468918,-1.1139007962535086,4.970109374985432,0.6786654310312393
p005,Q95,max_export_lp,0.3,1.1,1.2,2.2591406249958537,3.7567645106475203,-1.4976238856516666,4.970109374990872,0.75587159702183
p005,Q95,max_export_lp,0.3,1.2,1.3,2.2591406250103976,4.16160962181586,-1.902468996805462,4.970109375022902,0.8373275732582209
p005,Q95,max_export_lp,0.3,1.3,1.4,0.15060937500015192,1.481398975343315,-1.330789600343163,2.2591406249975603,0.6557356186469865
p005,Q95,weighted_proportional,0.0,1.1,1.2,4.774845461665428,5.4519511833995,-0.6771057217340726,1.0843301744866003,5.027943805013861
p005,Q95,weighted_proportional,0.05,1.1,1.2,3.9116145498384047,5.451951183399528,-1.5403366335611235,1.9475610863136232,2.7993736482582294
p005,Q95,weighted_proportional,0.05,1.2,1.3,0.9944678067849988,5.8563817928902475,-4.8619139861052485,4.795837799721384,1.2211384199087125
p005,Q95,weighted_proportional,0.05,1.3,1.4,0.02216338868793466,6.24504793160413,-6.222884542916196,5.695042404489856,1.0965761952326574
p005,Q95,weighted_proportional,0.1,1.1,1.2,3.6215594344220365,5.111204234437047,-1.4896448000150109,2.237616201729992,2.2842184600224864
p005,Q95,weighted_proportional,0.1,1.2,1.3,1.8094705020332558,5.490357930834494,-3.6808874288012383,3.9808351044731265,1.3791975268368108
p005,Q95,weighted_proportional,0.1,1.3,1.4,0.4459789168253653,5.8547324358790425,-5.408753519053677,5.271226876352425,1.1106963470201439
p005,Q95,weighted_proportional,0.1,1.4,1.5,0.1166661516143197,6.203707268576775,-6.087041116962455,5.523521062644268,1.123143588703341
p005,Q95,weighted_proportional,0.2,1.1,1.2,3.6215594344220365,3.7482164385871792,-0.1266570041651427,2.237616201729992,1.6750935373498286
p005,Q95,weighted_proportional,0.2,1.2,1.3,1.8094705020332418,4.026262482612133,-2.2167919805788916,3.9808351044731403,1.0114115196803675
p005,Q95,weighted_proportional,0.2,1.3,1.4,1.7866268103680638,4.293470452977955,-2.5068436426098906,3.9305789828097266,1.0923251947754575
p005,Q95,weighted_proportional,0.2,1.4,1.5,0.8191763073484709,4.549385330289438,-3.730209022940967,4.821010906910117,0.9436579626419536
p005,Q95,weighted_proportional,0.2,1.5,1.6,0.34747297204353045,4.793627084753408,-4.446154112709877,5.212094580653054,0.9197122213681674
p005,Q95,weighted_proportional,0.2,1.6,1.7,0.019118978679635856,60.740771439421984,-60.72165246074235,0.28678468019441294,211.79921953378218
p005,Q95,weighted_proportional,0.3,1.1,1.2,3.621559434422043,3.748216438587186,-0.1266570041651427,2.2376162017299848,1.6750935373498368
p005,Q95,weighted_proportional,0.3,1.2,1.3,1.8094705020332418,4.026262482612133,-2.2167919805788916,3.9808351044731403,1.0114115196803675
p005,Q95,weighted_proportional,0.3,1.3,1.4,1.7866268103680638,4.293470452977955,-2.5068436426098906,3.9305789828097266,1.0923251947754575
p005,Q95,weighted_proportional,0.3,1.4,1.5,1.7625585044558079,4.549385330289563,-2.7868268258337547,3.87762870980278,1.1732390258996583
p005,Q95,weighted_proportional,0.3,1.5,1.6,1.2114032749361985,4.793627084753297,-3.5822238098170978,4.348164277760386,1.1024484767678455
p005,Q95,weighted_proportional,0.3,1.6,1.7,0.019118978679635856,54.08797143949269,-54.068852460813055,0.28678468019441294,188.6013276679429
p006,Q0,equal_kw_reduction,0.0,1.1,1.2,1.7603357961062938,4.749549377445483,-2.9892135813391896,1.6846624404135007,2.8192884601141257
p006,Q0,equal_kw_reduction,0.05,1.0,1.1,3.334431193951,3.9855399949918007,-0.6511088010408006,0.12763725121678338,31.225523559909842
p006,Q0,equal_kw_reduction,0.05,1.1,1.2,1.7366878724522916,4.43149919592023,-2.6948113234679383,1.7083103640675028,2.5940831883550652
p006,Q0,equal_kw_reduction,0.05,1.2,1.3,0.15128517487078552,4.885692721875168,-4.734407547004382,3.2763276635263336,1.4912100447904113
p006,Q0,equal_kw_reduction,0.1,1.0,1.1,2.782116866371372,3.5183355458182146,-0.7362186794468428,0.6799515787964117,5.174391317755378
p006,Q0,equal_kw_reduction,0.1,1.1,1.2,1.7366878724522916,3.9120172327620217,-2.17532936030973,1.7083103640675028,2.289992096897119
p006,Q0,equal_kw_reduction,0.1,1.2,1.3,0.6967164422964495,4.312967976966495,-3.6162515346700452,2.7308963961006696,1.5793231786913622
p006,Q0,equal_kw_reduction,0.1,1.3,1.4,0.13231092007433276,4.722740111203064,-4.590429191128731,3.2775340209033126,1.4409431240324522
p006,Q0,equal_kw_reduction,0.2,1.0,1.1,2.380172056052853,3.156013728091777,-0.7758416720389238,1.08189638911493,2.9171127289496046
p006,Q0,equal_kw_reduction,0.2,1.1,1.2,1.7366878724522916,3.5091536694964454,-1.7724657970441537,1.7083103640675028,2.054166352501145
p006,Q0,equal_kw_reduction,0.2,1.2,1.3,1.0711290119991002,3.8688140931597284,-2.797685081160628,2.356483826398019,1.6417740914748256
p006,Q0,equal_kw_reduction,0.2,1.3,1.4,0.7423589891084464,4.236387471024935,-3.494028481916489,2.6674859518691987,1.5881573689474742
p006,Q0,equal_kw_reduction,0.2,1.4,1.5,0.21197627087087695,4.613409029240116,-4.401432758369239,3.1796440630631264,1.4509199576243652
p006,Q0,equal_kw_reduction,0.2,1.5,1.6,0.008438090392359765,0.1921465915439291,-0.18370850115156934,0.12657135588536872,1.518089066833965
p006,Q0,equal_kw_reduction,0.3,1.0,1.1,2.38017205605285,3.0511310966446286,-0.6709590405917787,1.0818963891149336,2.820169405631038
p006,Q0,equal_kw_reduction,0.3,1.1,1.2,1.7366878724522952,3.392535269603817,-1.655847397151522,1.7083103640674995,1.985901005439179
p006,Q0,equal_kw_reduction,0.3,1.2,1.3,1.0711290119991002,3.7402432320576553,-2.669114220058555,2.356483826398019,1.5872136231780416
p006,Q0,equal_kw_reduction,0.3,1.3,1.4,1.0655765440555145,4.105162416710363,-3.0395858726548486,2.3442683969221307,1.7511486407017942
p006,Q0,equal_kw_reduction,0.3,1.4,1.5,0.7924149659238113,4.474031112949035,-3.681616147025224,2.599205368010192,1.7213072764519974
p006,Q0,equal_kw_reduction,0.3,1.5,1.6,0.008438090392359765,0.18634155856672718,-0.17790346817436742,0.12657135588536872,1.4722253488023804
p006,Q0,fairness_qp,0.0,1.3,1.4,0.34771864969415645,3.0989951164089593,-2.7512764667148026,1.5704297560975091,1.9733420768273702
p006,Q0,fairness_qp,0.05,1.1,1.2,2.181162224212184,3.173610218451771,-0.992447994239587,0.0735430333768175,43.15310468893669
p006,Q0,fairness_qp,0.05,1.2,1.3,1.5946807401829992,3.1583083582669285,-1.5636276180839292,0.4955370760937605,6.373505658069761
p006,Q0,fairness_qp,0.05,1.3,1.4,0.7298158704452038,3.082027089073923,-2.352211218628719,1.1883325353464618,2.593572924581543
p006,Q0,fairness_qp,0.05,1.4,1.5,0.16819579231486942,2.9548385817902494,-2.78664278947538,1.5754059091130646,1.8756046074841686
p006,Q0,fairness_qp,0.05,1.5,1.6,0.018787096404661308,2.788442174192031,-2.7696550777873696,1.5524936255927047,1.7961053934295357
p006,Q0,fairness_qp,0.1,1.0,1.1,2.256186575468038,2.8812597627454855,-0.6250731872774473,0.15041243836453472,19.155728037348595
p006,Q0,fairness_qp,0.1,1.1,1.2,1.8196140454824206,2.969552767529471,-1.1499387220470503,0.43509121210658086,6.825126973150731
p006,Q0,fairness_qp,0.1,1.2,1.3,1.4370247486902716,2.970622953038335,-1.5335982043480634,0.6531930675864883,4.547848255669062
p006,Q0,fairness_qp,0.1,1.3,1.4,0.7298158704452038,2.8982200168574876,-2.168404146412284,1.1883325353464618,2.438896462607163
p006,Q0,fairness_qp,0.1,1.4,1.5,0.5448755316962289,2.7781759201806895,-2.2333003884844604,1.198726169731705,2.317606798225229
p006,Q0,fairness_qp,0.1,1.5,1.6,0.1733534307434767,2.6214409473203566,-2.44808751657688,1.3979272912538891,1.875234115337301
p006,Q0,fairness_qp,0.1,1.6,1.7,0.08781598380896982,2.439204238122328,-2.351388254313358,1.317239757134561,1.8517541889476643
p006,Q0,fairness_qp,0.1,1.7,1.8,0.05868012997085198,2.241893601513563,-2.183213471542711,1.1891780567635166,1.8852463588296706
p006,Q0,fairness_qp,0.2,1.0,1.1,1.6545368220098957,2.214831633525656,-0.5602948115157602,0.7520621918226771,2.945011273812145
p006,Q0,fairness_qp,0.2,1.1,1.2,1.5501098645924403,2.3814620580404275,-0.8313521934479873,0.7045953929965612,3.3799001266703574
p006,Q0,fairness_qp,0.2,1.2,1.3,1.4370247486902716,2.433664787959408,-0.9966400392691366,0.6531930675864883,3.7257970249924157
p006,Q0,fairness_qp,0.2,1.3,1.4,0.7298158704452038,2.3736959182778725,-1.6438800478326687,1.1883325353464618,1.9975014128396429
p006,Q0,fairness_qp,0.2,1.4,1.5,0.5448755316962289,2.274938981695049,-1.73006344999882,1.198726169731705,1.8977970441775023
p006,Q0,fairness_qp,0.2,1.5,1.6,0.49102522562417816,2.146308695112023,-1.6552834694878449,1.0802554963731879,1.9868528346469563
p006,Q0,fairness_qp,0.2,1.6,1.7,0.4390799190448491,1.9969228405261608,-1.5578429214813116,0.9659758218986819,2.0672596510760406
p006,Q0,fairness_qp,0.2,1.7,1.8,0.3127116565543181,1.8352869607615037,-1.5225753042071855,0.9351465301800505,1.9625661877910647
p006,Q0,fairness_qp,0.2,1.8,1.9,0.06884983958398844,1.6686580712905672,-1.5998082317065787,1.032747593759882,1.6157462688589297
p006,Q0,fairness_qp,0.2,1.9,2.0,0.06045875987300414,1.5028789429903586,-1.4424201831173544,0.9068813980950968,1.6571945859151525
p006,Q0,fairness_qp,0.3,1.0,1.1,1.6545368220098957,2.1570749643856706,-0.5025381423757747,0.7520621918226771,2.868213543826533
p006,Q0,fairness_qp,0.3,1.1,1.2,1.5501098645924367,2.1936770951899893,-0.6435672305975526,0.7045953929965647,3.1133855216687243
p006,Q0,fairness_qp,0.3,1.2,1.3,1.437024748690275,2.1832133960716824,-0.7461886473814072,0.6531930675864849,3.3423707390810877
p006,Q0,fairness_qp,0.3,1.3,1.4,0.7298158704452038,2.1305591425311508,-1.400743272085947,1.1883325353464618,1.7928980980984248
p006,Q0,fairness_qp,0.3,1.4,1.5,0.5448755316962289,2.042686851665962,-1.497811319969733,1.198726169731705,1.7040479329179485
p006,Q0,fairness_qp,0.3,1.5,1.6,0.49102522562417816,1.9276899347554637,-1.4366647091312856,1.0802554963731879,1.7844759329875413
p006,Q0,fairness_qp,0.3,1.6,1.7,0.4390799190448491,1.7938344942265982,-1.3547545751817491,0.9659758218986819,1.8570180055860113
p006,Q0,fairness_qp,0.3,1.7,1.8,0.3899556833544954,1.648815609037138,-1.2588599256826427,0.8579025033798732,1.9219149058795253
p006,Q0,fairness_qp,0.3,1.8,1.9,0.34424919791995606,1.4991982829297492,-1.1549490850097932,0.7573482354239145,1.979536246084465
p006,Q0,fairness_qp,0.3,1.9,2.0,0.3022937993650346,1.3502698346600852,-1.0479760352950507,0.6650463586030664,2.030339414979032
p006,Q0,flat_level,0.05,1.0,1.1,0.6777421875000036,13.292007953659208,-12.614265766159205,2.9368828124999995,4.525889796176268
p006,Q0,flat_level,0.1,1.0,1.1,1.1295703125000014,13.173329311215683,-12.043758998715681,2.4850546875000017,5.301021896008344
p006,Q0,flat_level,0.1,1.1,1.2,0.2259140624999989,14.716301064730153,-14.490387002230154,3.3887109374999973,4.342743106789457
p006,Q0,flat_level,0.2,1.0,1.1,1.1295703125000014,12.283239492890182,-11.15366918039018,2.4850546875000017,4.942844740872598
p006,Q0,flat_level,0.2,1.1,1.2,1.1295703125000014,13.721956398194465,-12.592386085694462,2.485054687499995,5.521792525217614
p006,Q0,flat_level,0.2,1.2,1.3,0.2259140624999989,15.254908929353828,-15.028994866853829,3.3887109375000044,4.501684921112811
p006,Q0,flat_level,0.2,1.3,1.4,0.07367062909434396,5.288129963476037,-5.214459334381694,1.1050594364151525,4.785380577022081
p006,Q0,flat_level,0.3,1.0,1.1,1.1295703125000014,10.799756462347828,-9.670186149847826,2.4850546875000017,4.345882815646414
p006,Q0,flat_level,0.3,1.1,1.2,1.1295703125000014,13.340355743167894,-12.210785430667892,2.485054687499995,5.368234272779127
p006,Q0,flat_level,0.3,1.2,1.3,1.1295703125000014,15.18121371713472,-14.051643404634717,2.4850546875000017,6.109005887676147
p006,Q0,flat_level,0.3,1.3,1.4,0.07367062909433703,5.2496609607052065,-5.175990331610869,1.1050594364151594,4.750568872327119
p006,Q0,max_export_lp,0.1,1.0,1.1,1.574737298892792e-05,1.7814870273413774e-05,-2.067497284485853e-06,1.049824865928528e-06,16.969373513226166
p006,Q0,max_export_lp,0.1,1.3,1.4,3.1030608568793916e-06,3.5310906906782513e-06,-4.2802983379885973e-07,2.0687072541103468e-07,17.069069022029442
p006,Q0,max_export_lp,0.1,1.5,1.6,5.999415523399998e-05,6.733825012178452e-05,-7.344094887784536e-06,3.99961034777685e-06,16.8362025963889
p006,Q0,max_export_lp,0.1,1.7,1.8,2.374122852130678e-05,2.669820229825315e-05,-2.95697377694637e-06,1.5827485676245256e-06,16.868252383461797
p006,Q0,max_export_lp,0.2,1.0,1.1,1.1548073525213809e-05,2.062613715936301e-05,-9.078063634149203e-06,5.24912432964264e-06,3.929443439334049
p006,Q0,max_export_lp,0.2,1.1,1.2,2.135416180687466e-06,3.319606926149854e-06,-1.184190745462388e-06,9.706437181788985e-07,3.420005573598139
p006,Q0,max_export_lp,0.2,1.3,1.4,2.2755779587047e-06,4.152781018368357e-06,-1.8772030596636569e-06,1.0343536235857265e-06,4.014856161060451
p006,Q0,max_export_lp,0.2,1.5,1.6,4.399571383595369e-05,7.604577755004893e-05,-3.2050063714095245e-05,1.9998051745823142e-05,3.8026593048461383
p006,Q0,max_export_lp,0.2,1.7,1.8,1.7410234250808676e-05,3.0320096319064183e-05,-1.2909862068255507e-05,7.913742838122628e-06,3.831321909148238
p006,Q0,max_export_lp,0.2,1.8,1.9,2.029294333266707e-06,3.4293504043436673e-06,-1.4000560710769605e-06,9.22406512282592e-07,3.7178297840258945
p006,Q0,max_export_lp,0.3,1.0,1.1,1.1548073525213809e-05,1.9228421216377356e-05,-7.680347691163547e-06,5.24912432964264e-06,3.663167417809367
p006,Q0,max_export_lp,0.3,1.1,1.2,2.135416180687466e-06,3.0788650552671104e-06,-9.434488745796443e-07,9.706437181788985e-07,3.1719826725336593
p006,Q0,max_export_lp,0.3,1.3,1.4,2.2755779621741468e-06,3.859160560559793e-06,-1.5835825983856466e-06,1.0343536201162795e-06,3.73098762889809
p006,Q0,max_export_lp,0.3,1.5,1.6,4.3995713839423134e-05,7.068876760676912e-05,-2.6693053767345987e-05,1.9998051742353695e-05,3.534782713710957
p006,Q0,max_export_lp,0.3,1.7,1.8,1.7410234250808676e-05,2.8180882623990433e-05,-1.0770648373181757e-05,7.913742838122628e-06,3.5610056076418783
p006,Q0,max_export_lp,0.3,1.8,1.9,2.02929432979726e-06,3.1891631974145795e-06,-1.1598688676173197e-06,9.224065157520389e-07,3.457437846494885
p006,Q0,weighted_proportional,0.0,1.1,1.2,2.3874227307924754,5.568114917746191,-3.1806921869537153,0.5421650872434874,10.270146582207975
p006,Q0,weighted_proportional,0.05,1.0,1.1,2.8850570252134977,5.139753772417852,-2.2546967472043544,0.07670014182547397,67.01100741264622
p006,Q0,weighted_proportional,0.05,1.1,1.2,1.955807274881538,5.568114917746225,-3.612307642864687,0.9737805431544246,5.71803878901616
p006,Q0,weighted_proportional,0.05,1.2,1.3,0.49723390339482393,5.981162653556395,-5.483928750161571,2.397918899896323,2.494313987772897
p006,Q0,weighted_proportional,0.05,1.3,1.4,0.01108169434158729,6.378110031218222,-6.3670283368766345,2.847521202285312,2.2398814892403234
p006,Q0,weighted_proportional,0.1,1.0,1.1,2.4698467767971524,4.81851916164186,-2.3486723848447078,0.4919103902418197,9.79552222768279
p006,Q0,weighted_proportional,0.1,1.1,1.2,1.8107797171834221,5.220107735387128,-3.4093280182037056,1.1188081008525406,4.665775776390397
p006,Q0,weighted_proportional,0.1,1.2,1.3,0.9047352510284795,5.607339987708973,-4.7026047366804935,1.9904175522626675,2.8171676748603125
p006,Q0,weighted_proportional,0.1,1.3,1.4,0.22298945840552864,5.979478154267179,-5.75648869586165,2.635613438221371,2.2687235038164006
p006,Q0,weighted_proportional,0.1,1.4,1.5,0.05833307580239977,6.3358885444970845,-6.277555468694684,2.7617605308952324,2.294148414976185
p006,Q0,weighted_proportional,0.2,1.0,1.1,2.0362080523392905,3.533580718537273,-1.4973726661979825,0.9255491146996815,3.8178208616015317
p006,Q0,weighted_proportional,0.2,1.1,1.2,1.8107797171834221,3.8280790059506824,-2.0172992887672603,1.1188081008525406,3.4215689026864005
p006,Q0,weighted_proportional,0.2,1.2,1.3,0.9047352510284795,4.1120493243198135,-3.207314073291334,1.9904175522626675,2.065922961564179
p006,Q0,weighted_proportional,0.2,1.3,1.4,0.8933134051959113,4.384950646462466,-3.491637241266554,1.9652894914309882,2.2311983377419105
p006,Q0,weighted_proportional,0.2,1.4,1.5,0.4095881536282167,4.646318265964712,-4.236730112336495,2.4105054530694154,1.9275286268480851
p006,Q0,weighted_proportional,0.2,1.5,1.6,0.17373648603559444,4.895764020434471,-4.722027534398876,2.6060472905339442,1.8786167228114243
p006,Q0,weighted_proportional,0.2,1.6,1.7,0.009559489348207051,62.03496400826923,-62.02540451892102,0.14339234022308495,432.6239735801601
p006,Q0,weighted_proportional,0.3,1.0,1.1,2.0362080523392936,3.533580718537276,-1.4973726661979825,0.925549114699678,3.8178208616015494
p006,Q0,weighted_proportional,0.3,1.1,1.2,1.8107797171834188,3.828079005950679,-2.0172992887672603,1.118808100852544,3.4215689026863867
p006,Q0,weighted_proportional,0.3,1.2,1.3,0.9047352510284795,4.1120493243198135,-3.207314073291334,1.9904175522626675,2.065922961564179
p006,Q0,weighted_proportional,0.3,1.3,1.4,0.8933134051959044,4.384950646462681,-3.491637241266776,1.965289491430995,2.231198337742012
p006,Q0,weighted_proportional,0.3,1.4,1.5,0.8812792520930118,4.646318265964497,-3.765039013871485,1.9388143546046206,2.3964740383366996
p006,Q0,weighted_proportional,0.3,1.5,1.6,0.6057016375708089,4.895764020434477,-4.290062382863669,2.17408213899873,2.251876289590978
p006,Q0,weighted_proportional,0.3,1.6,1.7,0.009559489348207051,55.24041400878664,-55.23085451943843,0.14339234022308495,385.23964336480924
p006,Q95,equal_kw_reduction,0.0,1.1,1.2,1.7603357961062938,4.749549377445483,-2.9892135813391896,1.6846624404135007,2.8192884601141257
p006,Q95,equal_kw_reduction,0.05,1.0,1.1,3.334431193951,3.9855399949918007,-0.6511088010408006,0.12763725121678338,31.225523559909842
p006,Q95,equal_kw_reduction,0.05,1.1,1.2,1.7366878724522916,4.43149919592023,-2.6948113234679383,1.7083103640675028,2.5940831883550652
p006,Q95,equal_kw_reduction,0.05,1.2,1.3,0.15128517487078552,4.885692721875168,-4.734407547004382,3.2763276635263336,1.4912100447904113
p006,Q95,equal_kw_reduction,0.1,1.0,1.1,2.782116866371372,3.5183355458182146,-0.7362186794468428,0.6799515787964117,5.174391317755378
p006,Q95,equal_kw_reduction,0.1,1.1,1.2,1.7366878724522916,3.9120172327620217,-2.17532936030973,1.7083103640675028,2.289992096897119
p006,Q95,equal_kw_reduction,0.1,1.2,1.3,0.6967164422964495,4.312967976966495,-3.6162515346700452,2.7308963961006696,1.5793231786913622
p006,Q95,equal_kw_reduction,0.1,1.3,1.4,0.13231092007433276,4.722740111203064,-4.590429191128731,3.2775340209033126,1.4409431240324522
p006,Q95,equal_kw_reduction,0.2,1.0,1.1,2.380172056052853,3.156013728091777,-0.7758416720389238,1.08189638911493,2.9171127289496046
p006,Q95,equal_kw_reduction,0.2,1.1,1.2,1.7366878724522916,3.5091536694964454,-1.7724657970441537,1.7083103640675028,2.054166352501145
p006,Q95,equal_kw_reduction,0.2,1.2,1.3,1.0711290119991002,3.8688140931597284,-2.797685081160628,2.356483826398019,1.6417740914748256
p006,Q95,equal_kw_reduction,0.2,1.3,1.4,0.7423589891084464,4.236387471024935,-3.494028481916489,2.6674859518691987,1.5881573689474742
p006,Q95,equal_kw_reduction,0.2,1.4,1.5,0.21197627087087695,4.613409029240116,-4.401432758369239,3.1796440630631264,1.4509199576243652
p006,Q95,equal_kw_reduction,0.2,1.5,1.6,0.008438090392359765,0.1921465915439291,-0.18370850115156934,0.12657135588536872,1.518089066833965
p006,Q95,equal_kw_reduction,0.3,1.0,1.1,2.38017205605285,3.0511310966446286,-0.6709590405917787,1.0818963891149336,2.820169405631038
p006,Q95,equal_kw_reduction,0.3,1.1,1.2,1.7366878724522952,3.392535269603817,-1.655847397151522,1.7083103640674995,1.985901005439179
p006,Q95,equal_kw_reduction,0.3,1.2,1.3,1.0711290119991002,3.7402432320576553,-2.669114220058555,2.356483826398019,1.5872136231780416
p006,Q95,equal_kw_reduction,0.3,1.3,1.4,1.0655765440555145,4.105162416710363,-3.0395858726548486,2.3442683969221307,1.7511486407017942
p006,Q95,equal_kw_reduction,0.3,1.4,1.5,0.7924149659238113,4.474031112949035,-3.681616147025224,2.599205368010192,1.7213072764519974
p006,Q95,equal_kw_reduction,0.3,1.5,1.6,0.008438090392359765,0.18634155856672718,-0.17790346817436742,0.12657135588536872,1.4722253488023804
p006,Q95,fairness_qp,0.0,1.3,1.4,0.3477176907285204,3.098997548178127,-2.7512798574496067,1.5704317579990703,1.9733411097892237
p006,Q95,fairness_qp,0.05,1.1,1.2,2.181162080423668,3.1736247872752728,-0.9924627068516045,0.07354290201396635,43.15337986897196
p006,Q95,fairness_qp,0.05,1.2,1.3,1.5946833699145777,3.158309962322296,-1.5636265924077186,0.49553750713337424,6.3735033511242065
p006,Q95,fairness_qp,0.05,1.3,1.4,0.7298158367505664,3.082029366795011,-2.3522135300444447,1.1883336119770243,2.593572491539186
p006,Q95,fairness_qp,0.05,1.4,1.5,0.16819550106745434,2.9548441313102596,-2.786648630242805,1.5754095480080832,1.8756037977847133
p006,Q95,fairness_qp,0.05,1.5,1.6,0.018786762057840245,2.7884441304771164,-2.769657368419276,1.5524938519340252,1.796106391663581
p006,Q95,fairness_qp,0.1,1.0,1.1,2.2561859963225115,2.8812599044215834,-0.6250739080990719,0.15041239975483595,19.155733896393386
p006,Q95,fairness_qp,0.1,1.1,1.2,1.8196143129794033,2.9695625022912036,-1.1499481893118002,0.435090669458231,6.825157859599385
p006,Q95,fairness_qp,0.1,1.2,1.3,1.4370268529704662,2.9706233456423954,-1.5335964926719292,0.6531940240774858,4.5478421971754015
p006,Q95,fairness_qp,0.1,1.3,1.4,0.7298158367505664,2.8982217056618826,-2.168405868911316,1.1883336119770243,2.438895674119767
p006,Q95,fairness_qp,0.1,1.4,1.5,0.5448765778361051,2.7781811387298725,-2.2333045608937674,1.1987284712394324,2.3176067019225424
p006,Q95,fairness_qp,0.1,1.5,1.6,0.17335208660584217,2.621442613700113,-2.448090527094271,1.3979285273860234,1.8752336491779948
p006,Q95,fairness_qp,0.1,1.6,1.7,0.0878160415591911,2.439206508496633,-2.351390466937442,1.3172406233878455,1.8517546947672887
p006,Q95,fairness_qp,0.1,1.7,1.8,0.058679744624152985,2.24189987691837,-2.183220132294217,1.1891803802679748,1.8852479523864756
p006,Q95,fairness_qp,0.2,1.0,1.1,1.6545363973031746,2.21483131914757,-0.5602949218443953,0.7520619987741728,2.9450116117522827
p006,Q95,fairness_qp,0.2,1.1,1.2,1.5501096754258759,2.3814717635171903,-0.8313620880913142,0.7045953070117585,3.379914313674881
p006,Q95,fairness_qp,0.2,1.2,1.3,1.4370268529704662,2.43366721068132,-0.996640357710854,0.6531940240774858,3.725795278238222
p006,Q95,fairness_qp,0.2,1.3,1.4,0.7298158367505664,2.37369772512451,-1.6438818883739437,1.1883336119770243,1.9975011235905393
p006,Q95,fairness_qp,0.2,1.4,1.5,0.5448765778361051,2.2749435686956407,-1.7300669908595356,1.1987284712394324,1.8977972270429593
p006,Q95,fairness_qp,0.2,1.5,1.6,0.49102519187246146,2.146309951194546,-1.6552847593220843,1.080255422119404,1.986854133982127
p006,Q95,fairness_qp,0.2,1.6,1.7,0.43908020779594853,1.996924822443534,-1.5578446146475855,0.9659764571510882,2.067260343314139
p006,Q95,fairness_qp,0.2,1.7,1.8,0.3127102363023812,1.835292484134131,-1.5225822478317497,0.9351498885897467,1.9625650460182857
p006,Q95,fairness_qp,0.2,1.8,1.9,0.06884993517665416,1.668659006245146,-1.599809071068492,1.0327490276498195,1.6157449308303282
p006,Q95,fairness_qp,0.2,1.9,2.0,0.06045871891829924,1.502877411675374,-1.4424186927570748,0.9068807837745302,1.65719401994631
p006,Q95,fairness_qp,0.3,1.0,1.1,1.6545363973031746,2.1570748707643306,-0.502538473461156,0.7520619987741728,2.868214155588589
p006,Q95,fairness_qp,0.3,1.1,1.2,1.5501096754258759,2.193687932398797,-0.6435782569729209,0.7045953070117585,3.1134012823650377
p006,Q95,fairness_qp,0.3,1.2,1.3,1.4370268529704662,2.183214808468212,-0.7461879554977457,0.6531940240774858,3.3423680070429205
p006,Q95,fairness_qp,0.3,1.3,1.4,0.7298158367505664,2.130560814372448,-1.4007449776218817,1.1883336119770243,1.7928978806110225
p006,Q95,fairness_qp,0.3,1.4,1.5,0.5448765778361051,2.0426907072771603,-1.4978141294410552,1.1987284712394324,1.7040478776357986
p006,Q95,fairness_qp,0.3,1.5,1.6,0.49102519187246146,1.9276913111164404,-1.436666119243979,1.080255422119404,1.784477329754487
p006,Q95,fairness_qp,0.3,1.6,1.7,0.43908020779594853,1.7938363592881132,-1.3547561514921647,0.9659764571510882,1.8570187151129913
p006,Q95,fairness_qp,0.3,1.7,1.8,0.3899562890287908,1.6488214136458277,-1.2588651246170368,0.8579038358633371,1.9219186868264369
p006,Q95,fairness_qp,0.3,1.8,1.9,0.3442496758832708,1.4991995863387757,-1.154949910455505,0.7573492869432028,1.9795352186701247
p006,Q95,fairness_qp,0.3,1.9,2.0,0.30229359459151006,1.35026810509338,-1.04797451050187,0.6650459081013194,2.030338189657228
p006,Q95,flat_level,0.05,1.0,1.1,0.6777421875000036,13.292007953659208,-12.614265766159205,2.9368828124999995,4.525889796176268
p006,Q95,flat_level,0.1,1.0,1.1,1.1295703125000014,13.173329311215683,-12.043758998715681,2.4850546875000017,5.301021896008344
p006,Q95,flat_level,0.1,1.1,1.2,0.2259140624999989,14.716301064730153,-14.490387002230154,3.3887109374999973,4.342743106789457
p006,Q95,flat_level,0.2,1.0,1.1,1.1295703125000014,12.283239492890182,-11.15366918039018,2.4850546875000017,4.942844740872598
p006,Q95,flat_level,0.2,1.1,1.2,1.1295703125000014,13.721956398194465,-12.592386085694462,2.485054687499995,5.521792525217614
p006,Q95,flat_level,0.2,1.2,1.3,0.2259140624999989,15.254908929353828,-15.028994866853829,3.3887109375000044,4.501684921112811
p006,Q95,flat_level,0.2,1.3,1.4,0.07367062909434396,5.288129963476037,-5.214459334381694,1.1050594364151525,4.785380577022081
p006,Q95,flat_level,0.3,1.0,1.1,1.1295703125000014,10.799756462347828,-9.670186149847826,2.4850546875000017,4.345882815646414
p006,Q95,flat_level,0.3,1.1,1.2,1.1295703125000014,13.340355743167894,-12.210785430667892,2.485054687499995,5.368234272779127
p006,Q95,flat_level,0.3,1.2,1.3,1.1295703125000014,15.18121371713472,-14.051643404634717,2.4850546875000017,6.109005887676147
p006,Q95,flat_level,0.3,1.3,1.4,0.07367062909433703,5.2496609607052065,-5.175990331610869,1.1050594364151594,4.750568872327119
p006,Q95,max_export_lp,0.1,1.3,1.4,1.2362233469537243e-05,1.3838881828681648e-05,-1.4766483591444057e-06,8.241488949622955e-07,16.791725273519624
p006,Q95,max_export_lp,0.1,1.5,1.6,3.614549265798517e-05,4.0410922001049565e-05,-4.2654293430643975e-06,2.409699509375862e-06,16.770108407216476
p006,Q95,max_export_lp,0.1,1.7,1.8,2.8910718912616984e-05,3.1748312406126855e-05,-2.8375934935098712e-06,1.9273812580655747e-06,16.472253361014417
p006,Q95,max_export_lp,0.1,1.9,2.0,8.299133835015793e-06,9.46551060795886e-06,-1.1663767729430674e-06,5.532755885384599e-07,17.108129843507243
p006,Q95,max_export_lp,0.2,1.3,1.4,9.065637875810273e-06,1.5495965701578518e-05,-6.430327825768245e-06,4.120744488689265e-06,3.7604772011737873
p006,Q95,max_export_lp,0.2,1.5,1.6,2.6506694613542825e-05,4.507813411089301e-05,-1.8571439497350184e-05,1.2048497553818205e-05,3.74139048537281
p006,Q95,max_export_lp,0.2,1.7,1.8,2.1201193869946344e-05,3.3204295715738574e-05,-1.200310184579223e-05,9.636906300736214e-06,3.4455347680616053
p006,Q95,max_export_lp,0.2,1.9,2.0,6.086031477392506e-06,1.1211346760686691e-05,-5.125315283294185e-06,2.7663779461617466e-06,4.0527169384942665
p006,Q95,max_export_lp,0.3,1.3,1.4,9.065637875810273e-06,1.4415282603014168e-05,-5.349644727203895e-06,4.120744488689265e-06,3.498222867877792
p006,Q95,max_export_lp,0.3,1.5,1.6,2.6506694613542825e-05,4.1952227466252046e-05,-1.544553285270922e-05,1.2048497553818205e-05,3.48194679700601
p006,Q95,max_export_lp,0.3,1.7,1.8,2.1201193869946344e-05,3.11718059836652e-05,-9.970612113718857e-06,9.636906300736214e-06,3.2346278993377595
p006,Q95,max_export_lp,0.3,1.9,2.0,6.086031477392506e-06,1.0387156933189257e-05,-4.3011254557967504e-06,2.7663779461617466e-06,3.754785909713124
p006,Q95,weighted_proportional,0.0,1.1,1.2,2.387422730829203,5.56811491602388,-3.180692185194678,0.5421650872465336,10.270146578973545
p006,Q95,weighted_proportional,0.05,1.0,1.1,2.885057025164374,5.139753774723068,-2.2546967495586934,0.07670014182317719,67.01100744470776
p006,Q95,weighted_proportional,0.05,1.1,1.2,1.9558072749169195,5.568114916023902,-3.612307641106982,0.973780543158817,5.71803878722167
p006,Q95,weighted_proportional,0.05,1.2,1.3,0.4972339033916459,5.981162654995396,-5.4839287516037505,2.3979188998607266,2.4943139884100285
p006,Q95,weighted_proportional,0.05,1.3,1.4,0.011081694343814674,6.3781100324183795,-6.367028338074565,2.8475212022452956,2.2398814896932757
p006,Q95,weighted_proportional,0.1,1.0,1.1,2.469846776758131,4.818519163802857,-2.3486723870447257,0.49191039022941985,9.79552223232278
p006,Q95,weighted_proportional,0.1,1.1,1.2,1.8107797172096165,5.220107733772412,-3.409328016562796,1.11880810086612,4.665775774890521
p006,Q95,weighted_proportional,0.1,1.2,1.3,0.9047352510163642,5.607339989058213,-4.702604738041849,1.9904175522360081,2.817167675575913
p006,Q95,weighted_proportional,0.1,1.3,1.4,0.22298945841209283,5.979478155392181,-5.756488696980089,2.6356134381770175,2.2687235042814264
p006,Q95,weighted_proportional,0.1,1.4,1.5,0.058333075807000256,6.335888529939111,-6.277555454132111,2.761760531371303,2.2941484093094555
p006,Q95,weighted_proportional,0.2,1.0,1.1,2.0362080523039436,3.5335807201221856,-1.497372667818242,0.9255491146836076,3.817820863380238
p006,Q95,weighted_proportional,0.2,1.1,1.2,1.8107797172096165,3.82807900476629,-2.017299287556673,1.11880810086612,3.421568901586251
p006,Q95,weighted_proportional,0.2,1.2,1.3,0.9047352510163642,4.112049325309341,-3.2073140742929773,1.9904175522360081,2.065922962088995
p006,Q95,weighted_proportional,0.2,1.3,1.4,0.8933134051841013,4.384950647287764,-3.4916372421036623,1.965289491405009,2.231198338191342
p006,Q95,weighted_proportional,0.2,1.4,1.5,0.4095881536766363,4.646318255288599,-4.236730101611963,2.410505453501667,1.9275286220734476
p006,Q95,weighted_proportional,0.2,1.5,1.6,0.17373648602093256,4.895764025827261,-4.722027539806328,2.606047290313926,1.8786167250393657
p006,Q95,weighted_proportional,0.2,1.6,1.7,0.00955948933742401,62.03496400943217,-62.02540452009475,0.14339234006139484,432.62397407609984
p006,Q95,weighted_proportional,0.3,1.0,1.1,2.03620805230394,3.533580720122182,-1.497372667818242,0.925549114683611,3.81782086338022
p006,Q95,weighted_proportional,0.3,1.1,1.2,1.81077971720962,3.828079004766293,-2.017299287556673,1.1188081008661164,3.421568901586265
p006,Q95,weighted_proportional,0.3,1.2,1.3,0.9047352510163642,4.112049325309563,-3.2073140742931994,1.9904175522360081,2.0659229620891066
p006,Q95,weighted_proportional,0.3,1.3,1.4,0.8933134051841013,4.384950647287542,-3.4916372421034403,1.965289491405009,2.231198338191229
p006,Q95,weighted_proportional,0.3,1.4,1.5,0.881279252243218,4.646318255288475,-3.7650390030452563,1.9388143549350854,2.3964740324217586
p006,Q95,weighted_proportional,0.3,1.5,1.6,0.6057016374543465,4.895764025827385,-4.290062388373039,2.174082138880512,2.251876292193971
p006,Q95,weighted_proportional,0.3,1.6,1.7,0.009559489337430949,55.24041401058686,-55.23085452124943,0.1433923400613879,385.23964381178104
p007,Q0,equal_kw_reduction,0.0,1.1,1.2,1.7603357961062938,4.749549377445483,-2.9892135813391896,1.6846624404135007,2.8192884601141257
p007,Q0,equal_kw_reduction,0.05,1.0,1.1,3.334431193951,3.9855399949918007,-0.6511088010408006,0.12763725121678338,31.225523559909842
p007,Q0,equal_kw_reduction,0.05,1.1,1.2,1.7366878724522916,4.43149919592023,-2.6948113234679383,1.7083103640675028,2.5940831883550652
p007,Q0,equal_kw_reduction,0.05,1.2,1.3,0.15128517487078552,4.885692721875168,-4.734407547004382,3.2763276635263336,1.4912100447904113
p007,Q0,equal_kw_reduction,0.1,1.0,1.1,2.782116866371372,3.5183355458182146,-0.7362186794468428,0.6799515787964117,5.174391317755378
p007,Q0,equal_kw_reduction,0.1,1.1,1.2,1.7366878724522916,3.9120172327620217,-2.17532936030973,1.7083103640675028,2.289992096897119
p007,Q0,equal_kw_reduction,0.1,1.2,1.3,0.6967164422964495,4.312967976966495,-3.6162515346700452,2.7308963961006696,1.5793231786913622
p007,Q0,equal_kw_reduction,0.1,1.3,1.4,0.13231092007433276,4.722740111203064,-4.590429191128731,3.2775340209033126,1.4409431240324522
p007,Q0,equal_kw_reduction,0.2,1.0,1.1,2.380172056052853,3.156013728091777,-0.7758416720389238,1.08189638911493,2.9171127289496046
p007,Q0,equal_kw_reduction,0.2,1.1,1.2,1.7366878724522916,3.5091536694964454,-1.7724657970441537,1.7083103640675028,2.054166352501145
p007,Q0,equal_kw_reduction,0.2,1.2,1.3,1.0711290119991002,3.8688140931597284,-2.797685081160628,2.356483826398019,1.6417740914748256
p007,Q0,equal_kw_reduction,0.2,1.3,1.4,0.7423589891084464,4.236387471024935,-3.494028481916489,2.6674859518691987,1.5881573689474742
p007,Q0,equal_kw_reduction,0.2,1.4,1.5,0.21197627087087695,4.613409029240116,-4.401432758369239,3.1796440630631264,1.4509199576243652
p007,Q0,equal_kw_reduction,0.2,1.5,1.6,0.008438090392359765,0.1921465915439291,-0.18370850115156934,0.12657135588536872,1.518089066833965
p007,Q0,equal_kw_reduction,0.3,1.0,1.1,2.38017205605285,3.0511310966446286,-0.6709590405917787,1.0818963891149336,2.820169405631038
p007,Q0,equal_kw_reduction,0.3,1.1,1.2,1.7366878724522952,3.392535269603817,-1.655847397151522,1.7083103640674995,1.985901005439179
p007,Q0,equal_kw_reduction,0.3,1.2,1.3,1.0711290119991002,3.7402432320576553,-2.669114220058555,2.356483826398019,1.5872136231780416
p007,Q0,equal_kw_reduction,0.3,1.3,1.4,1.0655765440555145,4.105162416710363,-3.0395858726548486,2.3442683969221307,1.7511486407017942
p007,Q0,equal_kw_reduction,0.3,1.4,1.5,0.7924149659238113,4.474031112949035,-3.681616147025224,2.599205368010192,1.7213072764519974
p007,Q0,equal_kw_reduction,0.3,1.5,1.6,0.008438090392359765,0.18634155856672718,-0.17790346817436742,0.12657135588536872,1.4722253488023804
p007,Q0,fairness_qp,0.0,1.3,1.4,0.3477421905303882,3.0989746798932085,-2.7512324893628204,1.5703877022282196,1.9733819078537616
p007,Q0,fairness_qp,0.05,1.1,1.2,2.1811544695712892,3.1736148731086877,-0.9924604035373985,0.07354240167194853,43.15353865196393
p007,Q0,fairness_qp,0.05,1.2,1.3,1.5946740314311327,3.1582910090798624,-1.5636169776487296,0.49553035128730577,6.373557141101742
p007,Q0,fairness_qp,0.05,1.3,1.4,0.7298189129359631,3.082006320157392,-2.352187407221429,1.1883109798226446,2.5936024933619493
p007,Q0,fairness_qp,0.05,1.4,1.5,0.1682052656256927,2.954806377608504,-2.7866011119828116,1.5753797932983247,1.8756152580972976
p007,Q0,fairness_qp,0.05,1.5,1.6,0.018790764927986703,2.788399937650052,-2.769609172722065,1.5524650989540354,1.7961111908594407
p007,Q0,fairness_qp,0.1,1.0,1.1,2.256184668176158,2.8812695878264565,-0.6250849196502983,0.15041231121174295,19.15580955185476
p007,Q0,fairness_qp,0.1,1.1,1.2,1.8196087101027407,2.969553859819521,-1.14994514971678,0.4350881611404969,6.82517734345018
p007,Q0,fairness_qp,0.1,1.2,1.3,1.437015513118929,2.970607517611919,-1.5335920044929896,0.6531888695995094,4.547853853408879
p007,Q0,fairness_qp,0.1,1.3,1.4,0.7298189129359561,2.898198468578597,-2.168379555642641,1.1883109798226514,2.4389225697562233
p007,Q0,fairness_qp,0.1,1.4,1.5,0.5448703309137576,2.7781464387804795,-2.233276107866722,1.1987147280102597,2.3176043255862133
p007,Q0,fairness_qp,0.1,1.5,1.6,0.17336655120456929,2.621400540330311,-2.448033989125742,1.3978893126774528,1.8752561569480786
p007,Q0,fairness_qp,0.1,1.6,1.7,0.08781446077722743,2.439159211930844,-2.3513447511536167,1.3172169116583976,1.8517521224806497
p007,Q0,fairness_qp,0.1,1.7,1.8,0.05868687515812876,2.241838735784471,-2.1831518606263423,1.1891415818155726,1.885258046700922
p007,Q0,fairness_qp,0.2,1.0,1.1,1.6545354233291794,2.214839202860381,-0.5603037795312016,0.7520615560587217,2.9450238281923884
p007,Q0,fairness_qp,0.2,1.1,1.2,1.5501040989797272,2.3814609956441974,-0.8313568966644702,0.7045927722635105,3.3799111903940386
p007,Q0,fairness_qp,0.2,1.2,1.3,1.437015513118929,2.433651005441469,-0.9966354923225396,0.6531888695995094,3.7257998700033212
p007,Q0,fairness_qp,0.2,1.3,1.4,0.7298189129359561,2.373677516796027,-1.643858603860071,1.1883109798226514,1.9975221613708263
p007,Q0,fairness_qp,0.2,1.4,1.5,0.5448703309137576,2.2749144182411114,-1.7300440873273537,1.1987147280102597,1.8977946671408883
p007,Q0,fairness_qp,0.2,1.5,1.6,0.4910174574631332,2.146274890321015,-1.6552574328578817,1.0802384064188888,1.986852973906155
p007,Q0,fairness_qp,0.2,1.6,1.7,0.4390723038861302,1.9968855125452392,-1.557813208659109,0.9659590685494948,2.0672568616637204
p007,Q0,fairness_qp,0.2,1.7,1.8,0.3127367791933844,1.8352414419765262,-1.5225046627831418,0.935091677780317,1.9626326333402395
p007,Q0,fairness_qp,0.2,1.8,1.9,0.06884825764275071,1.6686156822154352,-1.5997674245726845,1.0327238646411843,1.6157423483141728
p007,Q0,fairness_qp,0.2,1.9,2.0,0.060457095675058026,1.5028329705411223,-1.4423758748660642,0.9068564351258843,1.657189509089725
p007,Q0,fairness_qp,0.3,1.0,1.1,1.6545354233291794,2.157083279471412,-0.5025478561422325,0.7520615560587217,2.8682270248939368
p007,Q0,fairness_qp,0.3,1.1,1.2,1.5501040989797272,2.193680760354772,-0.6435766613750449,0.7045927722635105,3.1134023037272343
p007,Q0,fairness_qp,0.3,1.2,1.3,1.437015513118929,2.183201197878855,-0.7461856847599257,0.6531888695995094,3.3423735453689587
p007,Q0,fairness_qp,0.3,1.3,1.4,0.7298189129359561,2.130545092426564,-1.4007261794906078,1.1883109798226514,1.7929187970177094
p007,Q0,fairness_qp,0.3,1.4,1.5,0.5448703309137576,2.0426644249212784,-1.4977940940075207,1.1987147280102597,1.7040454890479957
p007,Q0,fairness_qp,0.3,1.5,1.6,0.4910174574631332,1.9276608166224063,-1.436643359159273,1.0802384064188888,1.784477209075372
p007,Q0,fairness_qp,0.3,1.6,1.7,0.4390723038861302,1.7938015144894417,-1.3547292106033115,0.9659590685494948,1.8570160712741723
p007,Q0,fairness_qp,0.3,1.7,1.8,0.3899463928042843,1.648775970048276,-1.2588295772439917,0.8578820641694171,1.9219144902447463
p007,Q0,fairness_qp,0.3,1.8,1.9,0.3442412882137258,1.4991608406957624,-1.1549195524820366,0.7573308340702092,1.9795322905825077
p007,Q0,fairness_qp,0.3,1.9,2.0,0.30228547837529707,1.3502290900214708,-1.0479436116461738,0.6650280524256452,2.030334036431397
p007,Q0,flat_level,0.05,1.0,1.1,0.6777421875000036,13.292007953659208,-12.614265766159205,2.9368828124999995,4.525889796176268
p007,Q0,flat_level,0.1,1.0,1.1,1.1295703125000014,13.173329311215683,-12.043758998715681,2.4850546875000017,5.301021896008344
p007,Q0,flat_level,0.1,1.1,1.2,0.2259140624999989,14.716301064730153,-14.490387002230154,3.3887109374999973,4.342743106789457
p007,Q0,flat_level,0.2,1.0,1.1,1.1295703125000014,12.283239492890182,-11.15366918039018,2.4850546875000017,4.942844740872598
p007,Q0,flat_level,0.2,1.1,1.2,1.1295703125000014,13.721956398194465,-12.592386085694462,2.485054687499995,5.521792525217614
p007,Q0,flat_level,0.2,1.2,1.3,0.2259140624999989,15.254908929353828,-15.028994866853829,3.3887109375000044,4.501684921112811
p007,Q0,flat_level,0.2,1.3,1.4,0.07367062909434396,5.288129963476037,-5.214459334381694,1.1050594364151525,4.785380577022081
p007,Q0,flat_level,0.3,1.0,1.1,1.1295703125000014,10.799756462347828,-9.670186149847826,2.4850546875000017,4.345882815646414
p007,Q0,flat_level,0.3,1.1,1.2,1.1295703125000014,13.340355743167894,-12.210785430667892,2.485054687499995,5.368234272779127
p007,Q0,flat_level,0.3,1.2,1.3,1.1295703125000014,15.18121371713472,-14.051643404634717,2.4850546875000017,6.109005887676147
p007,Q0,flat_level,0.3,1.3,1.4,0.07367062909433703,5.2496609607052065,-5.175990331610869,1.1050594364151594,4.750568872327119
p007,Q0,max_export_lp,0.1,1.0,1.1,8.118356549513539e-06,9.505363059159055e-06,-1.3870065096455164e-06,5.412237706614587e-07,17.562722804177724
p007,Q0,max_export_lp,0.1,1.1,1.2,6.04916788535248e-06,6.962753092837337e-06,-9.135852074848572e-07,4.0327785902349866e-07,17.265398873364937
p007,Q0,max_export_lp,0.1,1.4,1.5,1.4979615620830389e-05,1.734142259304794e-05,-2.3618069722175505e-06,9.986410413886926e-07,17.365020937786877
p007,Q0,max_export_lp,0.1,1.5,1.6,1.6917784919495693e-05,1.9854112989076134e-05,-2.9363280695804406e-06,1.1278523288915654e-06,17.603468539705396
p007,Q0,max_export_lp,0.1,1.6,1.7,3.6806051262328054e-06,4.130283642878041e-06,-4.496785166452355e-07,2.4537367623866935e-07,16.832627306201374
p007,Q0,max_export_lp,0.1,1.8,1.9,1.1344487578501816e-05,1.3137235084503818e-05,-1.7927475060020015e-06,7.562991760634574e-07,17.370420992500904
p007,Q0,max_export_lp,0.2,1.0,1.1,5.953461470337151e-06,1.2052609101725897e-05,-6.099147631388746e-06,2.7061188498378463e-06,4.453835832985718
p007,Q0,max_export_lp,0.2,1.1,1.2,4.436056449258485e-06,8.416225088375695e-06,-3.98016863911721e-06,2.0163892951174933e-06,4.173908832364282
p007,Q0,max_export_lp,0.2,1.4,1.5,1.0985051455275618e-05,2.1294167016489007e-05,-1.0309115561213389e-05,4.993205206943463e-06,4.2646288574076054
p007,Q0,max_export_lp,0.2,1.5,1.6,1.2406375607398878e-05,2.5260537564464336e-05,-1.2854161957065457e-05,5.63926164098838e-06,4.479405137165613
p007,Q0,max_export_lp,0.2,1.6,1.7,2.699110428217022e-06,4.643876110044243e-06,-1.9447656818272208e-06,1.2268683742544528e-06,3.7851461554433237
p007,Q0,max_export_lp,0.2,1.8,1.9,8.319290895064668e-06,1.6143270137325416e-05,-7.823979242260748e-06,3.7814958595006054e-06,4.269017007321896
p007,Q0,max_export_lp,0.2,1.9,2.0,4.663352464601145e-06,5.210787894921465e-06,-5.474354303203199e-07,2.119705664466176e-06,2.4582601170874083
p007,Q0,max_export_lp,0.3,1.0,1.1,5.953461470337151e-06,1.1132179591338831e-05,-5.17871812100168e-06,2.7061188498378463e-06,4.113706828510463
p007,Q0,max_export_lp,0.3,1.1,1.2,4.436056449258485e-06,7.735229606148364e-06,-3.2991731568898786e-06,2.0163892951174933e-06,3.8361786708938257
p007,Q0,max_export_lp,0.3,1.4,1.5,1.0985051455275618e-05,1.957797072030254e-05,-8.592919265026921e-06,4.993205206943463e-06,3.920922515477185
p007,Q0,max_export_lp,0.3,1.5,1.6,1.2406375607398878e-05,2.3203556756556942e-05,-1.0797181149158064e-05,5.63926164098838e-06,4.114644475422869
p007,Q0,max_export_lp,0.3,1.6,1.7,2.699110428217022e-06,4.279427638642641e-06,-1.5803172104256191e-06,1.2268683742544528e-06,3.4880902698654834
p007,Q0,max_export_lp,0.3,1.8,1.9,8.319290895064668e-06,1.4841364665008072e-05,-6.522073769943404e-06,3.7814958595006054e-06,3.9247338133984004
p007,Q0,max_export_lp,0.3,1.9,2.0,4.663352464601145e-06,4.8781275512055355e-06,-2.147750866043907e-07,2.119705664466176e-06,2.301323071868111
p007,Q0,weighted_proportional,0.0,1.1,1.2,2.3874227307926836,5.568114917729079,-3.1806921869363958,0.5421650872436956,10.270146582172469
p007,Q0,weighted_proportional,0.05,1.0,1.1,2.8850570252133103,5.139753772426769,-2.2546967472134583,0.07670014182545315,67.01100741278066
p007,Q0,weighted_proportional,0.05,1.1,1.2,1.9558072748817878,5.568114917729155,-3.6123076428473677,0.9737805431545912,5.718038788997653
p007,Q0,weighted_proportional,0.05,1.2,1.3,0.4972339033947476,5.9811626535754145,-5.483928750180667,2.3979188998959,2.494313987781269
p007,Q0,weighted_proportional,0.05,1.3,1.4,0.011081694341601167,6.3781100312035806,-6.3670283368619796,2.8475212022857077,2.239881489234871
p007,Q0,weighted_proportional,0.1,1.0,1.1,2.4698467767970134,4.818519161650158,-2.3486723848531454,0.4919103902417503,9.795522227701042
p007,Q0,weighted_proportional,0.1,1.1,1.2,1.8107797171836235,5.22010773537112,-3.4093280181874963,1.1188081008527555,4.665775776375192
p007,Q0,weighted_proportional,0.1,1.2,1.3,0.9047352510283269,5.607339987726806,-4.702604736698479,1.9904175522623204,2.8171676748697627
p007,Q0,weighted_proportional,0.1,1.3,1.4,0.22298945840562578,5.979478154253287,-5.756488695847661,2.635613438221683,2.268723503810861
p007,Q0,weighted_proportional,0.1,1.4,1.5,0.05833307580239283,6.335888544500186,-6.277555468697793,2.7617605308951356,2.2941484149773883
p007,Q0,weighted_proportional,0.2,1.0,1.1,2.0362080523391515,3.533580718543351,-1.4973726662041997,0.9255491146996121,3.8178208616083853
p007,Q0,weighted_proportional,0.2,1.1,1.2,1.8107797171836235,3.828079005938671,-2.017299288755048,1.1188081008527555,3.421568902675007
p007,Q0,weighted_proportional,0.2,1.2,1.3,0.9047352510283269,4.1120493243332055,-3.207314073304879,1.9904175522623204,2.065922961571267
p007,Q0,weighted_proportional,0.2,1.3,1.4,0.8933134051960362,4.384950646452376,-3.49163724125634,1.9652894914312726,2.231198337736454
p007,Q0,weighted_proportional,0.2,1.4,1.5,0.409588153628182,4.646318265966675,-4.236730112338494,2.410505453069346,1.9275286268489553
p007,Q0,weighted_proportional,0.2,1.5,1.6,0.17373648603572628,4.895764020392636,-4.72202753435691,2.6060472905358663,1.8786167227939858
p007,Q0,weighted_proportional,0.2,1.6,1.7,0.009559489348075212,62.03496400830218,-62.025404518954105,0.143392340221149,432.6239735862308
p007,Q0,weighted_proportional,0.3,1.0,1.1,2.0362080523391515,3.533580718543351,-1.4973726662041997,0.9255491146996121,3.8178208616083853
p007,Q0,weighted_proportional,0.3,1.1,1.2,1.8107797171836235,3.828079005938893,-2.01729928875527,1.1188081008527555,3.421568902675205
p007,Q0,weighted_proportional,0.3,1.2,1.3,0.9047352510283269,4.112049324332983,-3.207314073304657,1.9904175522623204,2.0659229615711556
p007,Q0,weighted_proportional,0.3,1.3,1.4,0.8933134051960362,4.384950646452376,-3.49163724125634,1.9652894914312726,2.231198337736454
p007,Q0,weighted_proportional,0.3,1.4,1.5,0.8812792520929771,4.646318265966682,-3.7650390138737055,1.938814354604551,2.396474038337913
p007,Q0,weighted_proportional,0.3,1.5,1.6,0.6057016375709268,4.895764020392629,-4.290062382821702,2.174082139000666,2.251876289569724
p007,Q0,weighted_proportional,0.3,1.6,1.7,0.00955948934808215,55.24041400882226,-55.23085451947418,0.14339234022114206,385.2396433702775
p007,Q95,equal_kw_reduction,0.0,1.1,1.2,1.7603357961062938,4.749549377445483,-2.9892135813391896,1.6846624404135007,2.8192884601141257
p007,Q95,equal_kw_reduction,0.05,1.0,1.1,3.334431193951,3.9855399949918007,-0.6511088010408006,0.12763725121678338,31.225523559909842
p007,Q95,equal_kw_reduction,0.05,1.1,1.2,1.7366878724522916,4.43149919592023,-2.6948113234679383,1.7083103640675028,2.5940831883550652
p007,Q95,equal_kw_reduction,0.05,1.2,1.3,0.15128517487078552,4.885692721875168,-4.734407547004382,3.2763276635263336,1.4912100447904113
p007,Q95,equal_kw_reduction,0.1,1.0,1.1,2.782116866371372,3.5183355458182146,-0.7362186794468428,0.6799515787964117,5.174391317755378
p007,Q95,equal_kw_reduction,0.1,1.1,1.2,1.7366878724522916,3.9120172327620217,-2.17532936030973,1.7083103640675028,2.289992096897119
p007,Q95,equal_kw_reduction,0.1,1.2,1.3,0.6967164422964495,4.312967976966495,-3.6162515346700452,2.7308963961006696,1.5793231786913622
p007,Q95,equal_kw_reduction,0.1,1.3,1.4,0.13231092007433276,4.722740111203064,-4.590429191128731,3.2775340209033126,1.4409431240324522
p007,Q95,equal_kw_reduction,0.2,1.0,1.1,2.380172056052853,3.156013728091777,-0.7758416720389238,1.08189638911493,2.9171127289496046
p007,Q95,equal_kw_reduction,0.2,1.1,1.2,1.7366878724522916,3.5091536694964454,-1.7724657970441537,1.7083103640675028,2.054166352501145
p007,Q95,equal_kw_reduction,0.2,1.2,1.3,1.0711290119991002,3.8688140931597284,-2.797685081160628,2.356483826398019,1.6417740914748256
p007,Q95,equal_kw_reduction,0.2,1.3,1.4,0.7423589891084464,4.236387471024935,-3.494028481916489,2.6674859518691987,1.5881573689474742
p007,Q95,equal_kw_reduction,0.2,1.4,1.5,0.21197627087087695,4.613409029240116,-4.401432758369239,3.1796440630631264,1.4509199576243652
p007,Q95,equal_kw_reduction,0.2,1.5,1.6,0.008438090392359765,0.1921465915439291,-0.18370850115156934,0.12657135588536872,1.518089066833965
p007,Q95,equal_kw_reduction,0.3,1.0,1.1,2.38017205605285,3.0511310966446286,-0.6709590405917787,1.0818963891149336,2.820169405631038
p007,Q95,equal_kw_reduction,0.3,1.1,1.2,1.7366878724522952,3.392535269603817,-1.655847397151522,1.7083103640674995,1.985901005439179
p007,Q95,equal_kw_reduction,0.3,1.2,1.3,1.0711290119991002,3.7402432320576553,-2.669114220058555,2.356483826398019,1.5872136231780416
p007,Q95,equal_kw_reduction,0.3,1.3,1.4,1.0655765440555145,4.105162416710363,-3.0395858726548486,2.3442683969221307,1.7511486407017942
p007,Q95,equal_kw_reduction,0.3,1.4,1.5,0.7924149659238113,4.474031112949035,-3.681616147025224,2.599205368010192,1.7213072764519974
p007,Q95,equal_kw_reduction,0.3,1.5,1.6,0.008438090392359765,0.18634155856672718,-0.17790346817436742,0.12657135588536872,1.4722253488023804
p007,Q95,fairness_qp,0.0,1.3,1.4,0.3477400753620838,3.098974675249992,-2.7512345998879084,1.570390980422609,1.9733777854582588
p007,Q95,fairness_qp,0.05,1.1,1.2,2.18115410870353,3.1736252427667297,-0.9924711340631998,0.07354220716718901,43.15379378744902
p007,Q95,fairness_qp,0.05,1.2,1.3,1.5946784031807408,3.158298112376459,-1.5636197091957182,0.4955312067821613,6.373560472377812
p007,Q95,fairness_qp,0.05,1.3,1.4,0.7298184831934993,3.0820064675001966,-2.3521879843066973,1.1883125725911936,2.5935991409900505
p007,Q95,fairness_qp,0.05,1.4,1.5,0.1682046214348254,2.954814509282339,-2.786609887847513,1.5753832432128663,1.8756163124194685
p007,Q95,fairness_qp,0.05,1.5,1.6,0.01879038468310945,2.7884015044568056,-2.769611119773696,1.5524651749718594,1.796112112149214
p007,Q95,fairness_qp,0.1,1.0,1.1,2.2561837545114134,2.881269090335252,-0.6250853358238384,0.15041225030076183,19.15581400167815
p007,Q95,fairness_qp,0.1,1.1,1.2,1.8196089674600429,2.969561308566085,-1.149952341106042,0.435087348410676,6.825207212789686
p007,Q95,fairness_qp,0.1,1.2,1.3,1.4370191068494993,2.970611523130648,-1.5335924162811487,0.6531905031134031,4.547848612267573
p007,Q95,fairness_qp,0.1,1.3,1.4,0.7298184831934993,2.8981992487858363,-2.168380765592337,1.1883125725911936,2.4389199572854157
p007,Q95,fairness_qp,0.1,1.4,1.5,0.5448712077023993,2.7781529566989067,-2.2332817489965073,1.1987166569452923,2.3176060335880506
p007,Q95,fairness_qp,0.1,1.5,1.6,0.17336501121086034,2.6214018521405063,-2.448036840929646,1.3978905484441084,1.8752554376007482
p007,Q95,fairness_qp,0.1,1.6,1.7,0.0878144058955796,2.439159449829663,-2.3513450439340833,1.3172160884336592,1.8517534603833603
p007,Q95,fairness_qp,0.1,1.7,1.8,0.05868656880909234,2.2418484097335782,-2.1831618409244857,1.1891466552367418,1.8852581385659775
p007,Q95,fairness_qp,0.2,1.0,1.1,1.6545347533083732,2.2148383147522486,-0.5603035614438756,0.7520612515038022,2.945023839911331
p007,Q95,fairness_qp,0.2,1.1,1.2,1.5501037171611158,2.3814685429953513,-0.8313648258342354,0.7045925987096031,3.3799227345799445
p007,Q95,fairness_qp,0.2,1.2,1.3,1.4370191068494993,2.4336568626960737,-0.9966377558465744,0.6531905031134031,3.725799519582967
p007,Q95,fairness_qp,0.2,1.3,1.4,0.7298184831934993,2.3736783686281946,-1.6438598854346953,1.1883125725911936,1.9975202008106612
p007,Q95,fairness_qp,0.2,1.4,1.5,0.5448712077023993,2.274920116627985,-1.7300489089255855,1.1987166569452923,1.8977963670123663
p007,Q95,fairness_qp,0.2,1.5,1.6,0.4910173623921821,2.1462758519889826,-1.6552584895968003,1.0802381972627866,1.9868542488382899
p007,Q95,fairness_qp,0.2,1.6,1.7,0.4390720294778841,1.9968857510074058,-1.5578137215295218,0.9659584648513547,2.067258400509689
p007,Q95,fairness_qp,0.2,1.7,1.8,0.3127358517392362,1.8352498597824993,-1.522514008043263,0.9350973723065981,1.9626296834259105
p007,Q95,fairness_qp,0.2,1.8,1.9,0.06884843901569515,1.668625979696109,-1.5997775406804138,1.0327265852354413,1.6157480629935514
p007,Q95,fairness_qp,0.2,1.9,2.0,0.06045674864033762,1.5028174889285886,-1.442360740288251,0.9068512296050157,1.6571819498807423
p007,Q95,fairness_qp,0.3,1.0,1.1,1.6545347533083732,2.157082628413437,-0.5025478751050638,0.7520612515038022,2.8682273207138254
p007,Q95,fairness_qp,0.3,1.1,1.2,1.5501037171611194,2.19368840226207,-0.6435846851009508,0.7045925987095997,3.1134139164669348
p007,Q95,fairness_qp,0.3,1.2,1.3,1.4370191068494957,2.183206696265632,-0.7461875894161363,0.6531905031134065,3.3423736044223915
p007,Q95,fairness_qp,0.3,1.3,1.4,0.7298184831934993,2.1305450892342357,-1.4007266060407364,1.1883125725911936,1.7929163911717623
p007,Q95,fairness_qp,0.3,1.4,1.5,0.5448712077023993,2.042670265420696,-1.4977990577182965,1.1987166569452923,1.7040476192481242
p007,Q95,fairness_qp,0.3,1.5,1.6,0.4910173623921821,1.9276619210148727,-1.4366445586226906,1.0802381972627866,1.7844785769466134
p007,Q95,fairness_qp,0.3,1.6,1.7,0.4390720294778841,1.7938021795290484,-1.3547301500511644,0.9659584648513547,1.8570179203358246
p007,Q95,fairness_qp,0.3,1.7,1.8,0.38994788251432017,1.6487838953741298,-1.2588360128598097,0.8578853415315141,1.9219163862045805
p007,Q95,fairness_qp,0.3,1.8,1.9,0.3442421950784827,1.4991725310976936,-1.154930336019211,0.7573328291726535,1.9795425120227008
p007,Q95,fairness_qp,0.3,1.9,2.0,0.3022837432016742,1.3502130821306177,-1.0479293389289435,0.6650242350436791,2.030321619845832
p007,Q95,flat_level,0.05,1.0,1.1,0.6777421875000036,13.292007953659208,-12.614265766159205,2.9368828124999995,4.525889796176268
p007,Q95,flat_level,0.1,1.0,1.1,1.1295703125000014,13.173329311215683,-12.043758998715681,2.4850546875000017,5.301021896008344
p007,Q95,flat_level,0.1,1.1,1.2,0.2259140624999989,14.716301064730153,-14.490387002230154,3.3887109374999973,4.342743106789457
p007,Q95,flat_level,0.2,1.0,1.1,1.1295703125000014,12.283239492890182,-11.15366918039018,2.4850546875000017,4.942844740872598
p007,Q95,flat_level,0.2,1.1,1.2,1.1295703125000014,13.721956398194465,-12.592386085694462,2.485054687499995,5.521792525217614
p007,Q95,flat_level,0.2,1.2,1.3,0.2259140624999989,15.254908929353828,-15.028994866853829,3.3887109375000044,4.501684921112811
p007,Q95,flat_level,0.2,1.3,1.4,0.07367062909434396,5.288129963476037,-5.214459334381694,1.1050594364151525,4.785380577022081
p007,Q95,flat_level,0.3,1.0,1.1,1.1295703125000014,10.799756462347828,-9.670186149847826,2.4850546875000017,4.345882815646414
p007,Q95,flat_level,0.3,1.1,1.2,1.1295703125000014,13.340355743167894,-12.210785430667892,2.485054687499995,5.368234272779127
p007,Q95,flat_level,0.3,1.2,1.3,1.1295703125000014,15.18121371713472,-14.051643404634717,2.4850546875000017,6.109005887676147
p007,Q95,flat_level,0.3,1.3,1.4,0.07367062909433703,5.2496609607052065,-5.175990331610869,1.1050594364151594,4.750568872327119
p007,Q95,max_export_lp,0.1,1.4,1.5,1.6785190657536697e-05,1.9008904093148482e-05,-2.223713435611785e-06,1.1190127123528182e-06,16.987210139177655
p007,Q95,max_export_lp,0.1,1.9,2.0,6.0316762556800185e-06,7.042980185167913e-06,-1.0113039294878945e-06,4.0211175014737144e-07,17.514982296803574
p007,Q95,max_export_lp,0.2,1.4,1.5,1.2309139818533765e-05,2.1925904758468562e-05,-9.616764939934797e-06,5.59506355135575e-06,3.9187945869096796
p007,Q95,max_export_lp,0.2,1.7,1.8,1.2100905208423107e-06,6.580521509647053e-06,-5.370430988804742e-06,5.500411480452438e-07,11.963689504018287
p007,Q95,max_export_lp,0.2,1.9,2.0,4.423229251621086e-06,8.849173973451974e-06,-4.425944721830888e-06,2.010558754206304e-06,4.401350597160394
p007,Q95,max_export_lp,0.3,1.4,1.5,1.2309139818533765e-05,2.0256136878948894e-05,-7.946997060415129e-06,5.59506355135575e-06,3.6203586774346097
p007,Q95,max_export_lp,0.3,1.7,1.8,1.2100905208423107e-06,5.845083576871968e-06,-4.634993056029657e-06,5.500411480452438e-07,10.626629657880029
p007,Q95,max_export_lp,0.3,1.9,2.0,4.423229255090533e-06,8.122775924102044e-06,-3.699546669011511e-06,2.010558750736857e-06,4.040058974215549
p007,Q95,weighted_proportional,0.0,1.1,1.2,2.3874227308301674,5.568114915930254,-3.180692185100087,0.5421650872478381,10.270146578776144
p007,Q95,weighted_proportional,0.05,1.0,1.1,2.885057025163472,5.139753774764798,-2.254696749601326,0.07670014182311474,67.01100744530639
p007,Q95,weighted_proportional,0.05,1.1,1.2,1.955807274918231,5.5681149159301775,-3.612307641011947,0.9737805431597746,5.7180387871198
p007,Q95,weighted_proportional,0.05,1.2,1.3,0.49723390339122264,5.981162655052927,-5.483928751661704,2.3979188998596928,2.4943139884350956
p007,Q95,weighted_proportional,0.05,1.3,1.4,0.011081694343828552,6.3781100324570295,-6.367028338113201,2.847521202244137,2.23988148970776
p007,Q95,weighted_proportional,0.1,1.0,1.1,2.469846776757465,4.818519163841937,-2.3486723870844717,0.49191039022912153,9.795522232408167
p007,Q95,weighted_proportional,0.1,1.1,1.2,1.810779717210692,5.22010773368467,-3.409328016473978,1.1188081008673134,4.665775774807119
p007,Q95,weighted_proportional,0.1,1.2,1.3,0.9047352510159062,5.607339989111934,-4.702604738096028,1.990417552235009,2.817167675604317
p007,Q95,weighted_proportional,0.1,1.3,1.4,0.22298945841206508,5.979478155428347,-5.756488697016282,2.6356134381759,2.26872350429611
p007,Q95,weighted_proportional,0.1,1.4,1.5,0.058333075807076584,6.3358885299744925,-6.277555454167416,2.761760531369971,2.2941484093233733
p007,Q95,weighted_proportional,0.2,1.0,1.1,2.0362080523032775,3.5335807201508294,-1.4973726678475519,0.9255491146833092,3.8178208634124164
p007,Q95,weighted_proportional,0.2,1.1,1.2,1.810779717210692,3.828079004702084,-2.017299287491392,1.1188081008673134,3.4215689015252138
p007,Q95,weighted_proportional,0.2,1.2,1.3,0.9047352510159062,4.112049325348852,-3.2073140743329454,1.990417552235009,2.0659229621098825
p007,Q95,weighted_proportional,0.2,1.3,1.4,0.8933134051837405,4.3849506473140485,-3.4916372421303077,1.965289491404225,2.2311983382056066
p007,Q95,weighted_proportional,0.2,1.4,1.5,0.4095881536768861,4.646318255314606,-4.23673010163772,2.4105054535001615,1.9275286220854406
p007,Q95,weighted_proportional,0.2,1.5,1.6,0.17373648602100888,4.8957640257982495,-4.72202753977724,2.6060472903150846,1.8786167250273982
p007,Q95,weighted_proportional,0.2,1.6,1.7,0.009559489337507276,62.03496400934877,-62.025404520011264,0.14339234006262996,432.62397407179174
p007,Q95,weighted_proportional,0.3,1.0,1.1,2.0362080523032775,3.5335807201508294,-1.4973726678475519,0.9255491146833092,3.8178208634124164
p007,Q95,weighted_proportional,0.3,1.1,1.2,1.810779717210692,3.828079004702084,-2.017299287491392,1.1188081008673134,3.4215689015252138
p007,Q95,weighted_proportional,0.3,1.2,1.3,0.9047352510159062,4.112049325348852,-3.2073140743329454,1.990417552235009,2.0659229621098825
p007,Q95,weighted_proportional,0.3,1.3,1.4,0.8933134051837405,4.3849506473140485,-3.4916372421303077,1.965289491404225,2.2311983382056066
p007,Q95,weighted_proportional,0.3,1.4,1.5,0.8812792522428294,4.646318255314509,-3.7650390030716796,1.9388143549342178,2.3964740324362586
p007,Q95,weighted_proportional,0.3,1.5,1.6,0.6057016374550611,4.895764025798346,-4.290062388343285,2.1740821388810323,2.251876292180075
p007,Q95,weighted_proportional,0.3,1.6,1.7,0.009559489337514215,55.240414010518556,-55.23085452118104,0.14339234006262302,385.2396438079864
p008,Q0,equal_kw_reduction,0.0,1.1,1.2,1.7603357961062938,4.749549377445483,-2.9892135813391896,1.6846624404135007,2.8192884601141257
p008,Q0,equal_kw_reduction,0.05,1.0,1.1,3.334431193951,3.9855399949918007,-0.6511088010408006,0.12763725121678338,31.225523559909842
p008,Q0,equal_kw_reduction,0.05,1.1,1.2,1.7366878724522916,4.43149919592023,-2.6948113234679383,1.7083103640675028,2.5940831883550652
p008,Q0,equal_kw_reduction,0.05,1.2,1.3,0.15128517487078552,4.885692721875168,-4.734407547004382,3.2763276635263336,1.4912100447904113
p008,Q0,equal_kw_reduction,0.1,1.0,1.1,2.782116866371372,3.5183355458182146,-0.7362186794468428,0.6799515787964117,5.174391317755378
p008,Q0,equal_kw_reduction,0.1,1.1,1.2,1.7366878724522916,3.9120172327620217,-2.17532936030973,1.7083103640675028,2.289992096897119
p008,Q0,equal_kw_reduction,0.1,1.2,1.3,0.6967164422964495,4.312967976966495,-3.6162515346700452,2.7308963961006696,1.5793231786913622
p008,Q0,equal_kw_reduction,0.1,1.3,1.4,0.13231092007433276,4.722740111203064,-4.590429191128731,3.2775340209033126,1.4409431240324522
p008,Q0,equal_kw_reduction,0.2,1.0,1.1,2.380172056052853,3.156013728091777,-0.7758416720389238,1.08189638911493,2.9171127289496046
p008,Q0,equal_kw_reduction,0.2,1.1,1.2,1.7366878724522916,3.5091536694964454,-1.7724657970441537,1.7083103640675028,2.054166352501145
p008,Q0,equal_kw_reduction,0.2,1.2,1.3,1.0711290119991002,3.8688140931597284,-2.797685081160628,2.356483826398019,1.6417740914748256
p008,Q0,equal_kw_reduction,0.2,1.3,1.4,0.7423589891084464,4.236387471024935,-3.494028481916489,2.6674859518691987,1.5881573689474742
p008,Q0,equal_kw_reduction,0.2,1.4,1.5,0.21197627087087695,4.613409029240116,-4.401432758369239,3.1796440630631264,1.4509199576243652
p008,Q0,equal_kw_reduction,0.2,1.5,1.6,0.008438090392359765,0.1921465915439291,-0.18370850115156934,0.12657135588536872,1.518089066833965
p008,Q0,equal_kw_reduction,0.3,1.0,1.1,2.38017205605285,3.0511310966446286,-0.6709590405917787,1.0818963891149336,2.820169405631038
p008,Q0,equal_kw_reduction,0.3,1.1,1.2,1.7366878724522952,3.392535269603817,-1.655847397151522,1.7083103640674995,1.985901005439179
p008,Q0,equal_kw_reduction,0.3,1.2,1.3,1.0711290119991002,3.7402432320576553,-2.669114220058555,2.356483826398019,1.5872136231780416
p008,Q0,equal_kw_reduction,0.3,1.3,1.4,1.0655765440555145,4.105162416710363,-3.0395858726548486,2.3442683969221307,1.7511486407017942
p008,Q0,equal_kw_reduction,0.3,1.4,1.5,0.7924149659238113,4.474031112949035,-3.681616147025224,2.599205368010192,1.7213072764519974
p008,Q0,equal_kw_reduction,0.3,1.5,1.6,0.008438090392359765,0.18634155856672718,-0.17790346817436742,0.12657135588536872,1.4722253488023804
p008,Q0,fairness_qp,0.0,1.3,1.4,0.34776681826902134,3.0989495245630634,-2.751182706294042,1.5703466810846403,1.973417438258038
p008,Q0,fairness_qp,0.05,1.1,1.2,2.181146493941105,3.173613404605341,-0.9924669106642359,0.07354176475513757,43.153892419798574
p008,Q0,fairness_qp,0.05,1.2,1.3,1.5946666536129708,3.1582796216241897,-1.5636129680112187,0.49552329203579604,6.373624958473272
p008,Q0,fairness_qp,0.05,1.3,1.4,0.7298230253989026,3.081981387781353,-2.3521583623824505,1.1882904739547588,2.593626268436022
p008,Q0,fairness_qp,0.05,1.4,1.5,0.1682143074031861,2.9547768372012175,-2.786562529798031,1.5753513353863462,1.87563038849145
p008,Q0,fairness_qp,0.05,1.5,1.6,0.018794542257866143,2.7883581039218894,-2.7695635616640235,1.5524371927582505,1.7961165301430007
p008,Q0,fairness_qp,0.1,1.0,1.1,2.2561828673536497,2.8812794070506507,-0.625096539697001,0.15041219115690882,19.155890123593256
p008,Q0,fairness_qp,0.1,1.1,1.2,1.8196031835071778,2.96955118645139,-1.1499480029442122,0.43508507518906503,6.8252196082823104
p008,Q0,fairness_qp,0.1,1.2,1.3,1.4370055876335233,2.9705955669731345,-1.5335899793396113,0.6531843580152435,4.547866969747321
p008,Q0,fairness_qp,0.1,1.3,1.4,0.7298230253989026,2.8981751020873205,-2.168352076688418,1.1882904739547588,2.438944993341469
p008,Q0,fairness_qp,0.1,1.4,1.5,0.5448642633717262,2.7781174361628316,-2.2332531727911054,1.198701379417806,2.3176059391139834
p008,Q0,fairness_qp,0.1,1.5,1.6,0.17338015246996796,2.621360549505611,-2.447980397035643,1.3978515825461488,1.8752781641745353
p008,Q0,fairness_qp,0.1,1.6,1.7,0.08781281798331958,2.4391124202416474,-2.3512996022583277,1.317192269749766,1.8517512410735741
p008,Q0,fairness_qp,0.1,1.7,1.8,0.05869380333603513,2.24178937034572,-2.183095567009685,1.1891095723923286,1.8852672809920632
p008,Q0,fairness_qp,0.2,1.0,1.1,1.6545341027260074,2.2148468089072946,-0.5603127061812874,0.752060955784551,2.945036292432923
p008,Q0,fairness_qp,0.2,1.1,1.2,1.5500981778536724,2.3814567124470463,-0.8313585345933738,0.7045900808425702,3.379918022120363
p008,Q0,fairness_qp,0.2,1.2,1.3,1.4370055876335233,2.4336400192849563,-0.9966344316514331,0.6531843580152435,3.725808784949749
p008,Q0,fairness_qp,0.2,1.3,1.4,0.7298230253989026,2.37365768553819,-1.6438346601392873,1.1882904739547588,1.9975399429387
p008,Q0,fairness_qp,0.2,1.4,1.5,0.5448642633717262,2.2748901739563023,-1.730025910584576,1.198701379417806,1.897795575292645
p008,Q0,fairness_qp,0.2,1.5,1.6,0.4910099171925378,2.1462415245422433,-1.6552316073497053,1.080221817823579,1.98685259742899
p008,Q0,fairness_qp,0.2,1.6,1.7,0.43906408991659096,1.996846667953217,-1.5577825780366261,0.9659409978164946,2.067255321460711
p008,Q0,fairness_qp,0.2,1.7,1.8,0.31276292432717845,1.8352006481399536,-1.522437723812775,0.9350404514011854,1.9626965286794298
p008,Q0,fairness_qp,0.2,1.8,1.9,0.06884671129037817,1.668574371579419,-1.599727660289041,1.0327006693556517,1.6157386366569486
p008,Q0,fairness_qp,0.2,1.9,2.0,0.060455248217614055,1.5027829489301232,-1.442327700712509,0.9068287232642456,1.6571849902599738
p008,Q0,fairness_qp,0.3,1.0,1.1,1.6545341027260074,2.157091609252065,-0.5025575065260579,0.752060955784551,2.8682403901712785
p008,Q0,fairness_qp,0.3,1.1,1.2,1.550098177853669,2.193679853000778,-0.6435816751471091,0.7045900808425737,3.113412908648243
p008,Q0,fairness_qp,0.3,1.2,1.3,1.4370055876335268,2.183193472220884,-0.7461878845873571,0.6531843580152401,3.342384803663571
p008,Q0,fairness_qp,0.3,1.3,1.4,0.7298230253989026,2.1305277981371398,-1.4007047727382371,1.1882904739547588,1.7929351827979512
p008,Q0,fairness_qp,0.3,1.4,1.5,0.5448642633717262,2.042644193737876,-1.4977799303661499,1.198701379417806,1.7040475875067085
p008,Q0,fairness_qp,0.3,1.5,1.6,0.4910099171925378,1.927631975137685,-1.4366220579451472,1.080221817823579,1.7844779130840556
p008,Q0,fairness_qp,0.3,1.6,1.7,0.43906408991659096,1.7937677760802295,-1.3547036861636386,0.9659409978164946,1.8570158841327098
p008,Q0,fairness_qp,0.3,1.7,1.8,0.38993855491511326,1.6487397588496253,-1.258801203934512,0.8578648208132506,1.9219109104936023
p008,Q0,fairness_qp,0.3,1.8,1.9,0.3442335564518839,1.4991244338007637,-1.1548908773488797,0.757313824194146,1.9795286787428907
p008,Q0,fairness_qp,0.3,1.9,2.0,0.3022762410880772,1.3501848665618474,-1.0479086254737702,0.6650077303937824,2.030329580924329
p008,Q0,flat_level,0.05,1.0,1.1,0.6777421875000036,13.292007953659208,-12.614265766159205,2.9368828124999995,4.525889796176268
p008,Q0,flat_level,0.1,1.0,1.1,1.1295703125000014,13.173329311215683,-12.043758998715681,2.4850546875000017,5.301021896008344
p008,Q0,flat_level,0.1,1.1,1.2,0.2259140624999989,14.716301064730153,-14.490387002230154,3.3887109374999973,4.342743106789457
p008,Q0,flat_level,0.2,1.0,1.1,1.1295703125000014,12.283239492890182,-11.15366918039018,2.4850546875000017,4.942844740872598
p008,Q0,flat_level,0.2,1.1,1.2,1.1295703125000014,13.721956398194465,-12.592386085694462,2.485054687499995,5.521792525217614
p008,Q0,flat_level,0.2,1.2,1.3,0.2259140624999989,15.254908929353828,-15.028994866853829,3.3887109375000044,4.501684921112811
p008,Q0,flat_level,0.2,1.3,1.4,0.07367062909434396,5.288129963476037,-5.214459334381694,1.1050594364151525,4.785380577022081
p008,Q0,flat_level,0.3,1.0,1.1,1.1295703125000014,10.799756462347828,-9.670186149847826,2.4850546875000017,4.345882815646414
p008,Q0,flat_level,0.3,1.1,1.2,1.1295703125000014,13.340355743167894,-12.210785430667892,2.485054687499995,5.368234272779127
p008,Q0,flat_level,0.3,1.2,1.3,1.1295703125000014,15.18121371713472,-14.051643404634717,2.4850546875000017,6.109005887676147
p008,Q0,flat_level,0.3,1.3,1.4,0.07367062909433703,5.2496609607052065,-5.175990331610869,1.1050594364151594,4.750568872327119
p008,Q0,max_export_lp,0.1,1.0,1.1,7.675571928045244e-06,9.529141226094495e-06,-1.8535692980492513e-06,5.117047931213481e-07,18.622341150974346
p008,Q0,max_export_lp,0.1,1.1,1.2,3.6791739758956776e-06,4.395238960980263e-06,-7.160649850845857e-07,2.452782664474906e-07,17.919398341480044
p008,Q0,max_export_lp,0.1,1.3,1.4,1.5737814999111643e-05,1.9266154397540314e-05,-3.5283393984286704e-06,1.0491876673013323e-06,18.362924954213145
p008,Q0,max_export_lp,0.1,1.4,1.5,2.609071316633793e-05,3.1725012193672963e-05,-5.634299027335032e-06,1.7393808789123444e-06,18.239255460546968
p008,Q0,max_export_lp,0.1,1.5,1.6,7.7295791087173e-06,9.532464949335573e-06,-1.8028858406182735e-06,5.153052741457831e-07,18.498675304919892
p008,Q0,max_export_lp,0.1,1.8,1.9,5.462279798612579e-06,6.6014347911702576e-06,-1.1391549925576783e-06,3.641519863428755e-07,18.128240511516882
p008,Q0,max_export_lp,0.2,1.0,1.1,5.628752748620958e-06,1.3762454904864274e-05,-8.133702156243316e-06,2.5585239725456344e-06,5.379060369393824
p008,Q0,max_export_lp,0.2,1.1,1.2,2.698060913575162e-06,5.81301121127531e-06,-3.1149502977001475e-06,1.2263913287680062e-06,4.739931761516021
p008,Q0,max_export_lp,0.2,1.3,1.4,1.1541064333375761e-05,2.695477797215462e-05,-1.541371363877886e-05,5.2459383330372145e-06,5.138218610463297
p008,Q0,max_export_lp,0.2,1.4,1.5,1.9133189654158e-05,4.37178390814974e-05,-2.45846494273394e-05,8.696904391092275e-06,5.0268276061853685
p008,Q0,max_export_lp,0.2,1.5,1.6,5.668358012134167e-06,1.3548461248735766e-05,-7.880103236601599e-06,2.5765263707289154e-06,5.258421339154709
p008,Q0,max_export_lp,0.2,1.8,1.9,4.005671853241077e-06,8.973045476784458e-06,-4.967373623543381e-06,1.8207599317143774e-06,4.928187028113962
p008,Q0,max_export_lp,0.3,1.0,1.1,5.628752748620958e-06,1.2498879660427509e-05,-6.870126911806551e-06,2.5585239725456344e-06,4.8851915379911794
p008,Q0,max_export_lp,0.3,1.1,1.2,2.698060913575162e-06,5.2702529285131305e-06,-2.5721920149379685e-06,1.2263913287680062e-06,4.2973664318121525
p008,Q0,max_export_lp,0.3,1.3,1.4,1.1541064333375761e-05,2.440838798439815e-05,-1.2867323651022389e-05,5.2459383330372145e-06,4.652816414307057
p008,Q0,max_export_lp,0.3,1.4,1.5,1.9133189654158e-05,3.9607303613936606e-05,-2.0474113959778606e-05,8.696904391092275e-06,4.554184090433836
p008,Q0,max_export_lp,0.3,1.5,1.6,5.668358012134167e-06,1.2261420774539733e-05,-6.593062762405566e-06,2.5765263707289154e-06,4.758895897141895
p008,Q0,max_export_lp,0.3,1.8,1.9,4.005671853241077e-06,8.134556642863666e-06,-4.128884789622589e-06,1.8207599317143774e-06,4.4676711636576885
p008,Q0,weighted_proportional,0.0,1.1,1.2,2.387422730793301,5.568114917647319,-3.1806921868540172,0.5421650872450695,10.27014658199564
p008,Q0,weighted_proportional,0.05,1.0,1.1,2.8850570252127277,5.1397537724539415,-2.254696747241214,0.07670014182541846,67.01100741316525
p008,Q0,weighted_proportional,0.05,1.1,1.2,1.955807274882801,5.568114917647346,-3.612307642764545,0.9737805431555696,5.718038788907895
p008,Q0,weighted_proportional,0.05,1.2,1.3,0.4972339033943035,5.981162653635811,-5.483928750241507,2.3979188998948104,2.4943139878075886
p008,Q0,weighted_proportional,0.05,1.3,1.4,0.011081694341615045,6.378110031186941,-6.367028336845326,2.8475212022861727,2.2398814892286616
p008,Q0,weighted_proportional,0.1,1.0,1.1,2.46984677679659,4.818519161675715,-2.3486723848791247,0.49191039024155603,9.795522227756864
p008,Q0,weighted_proportional,0.1,1.1,1.2,1.8107797171844768,5.22010773529448,-3.4093280181100027,1.1188081008538937,4.6657757763019445
p008,Q0,weighted_proportional,0.1,1.2,1.3,0.9047352510278481,5.6073399877833925,-4.702604736755545,1.9904175522612657,2.817167674899685
p008,Q0,weighted_proportional,0.1,1.3,1.4,0.22298945840569517,5.979478154237591,-5.756488695831896,2.6356134382220926,2.2687235038045532
p008,Q0,weighted_proportional,0.1,1.4,1.5,0.058333075802372014,6.335888544491061,-6.277555468688689,2.761760530895489,2.2941484149737907
p008,Q0,weighted_proportional,0.2,1.0,1.1,2.0362080523387283,3.533580718562024,-1.4973726662232956,0.9255491146994178,3.817820861629361
p008,Q0,weighted_proportional,0.2,1.1,1.2,1.8107797171844768,3.8280790058826812,-2.0172992886982044,1.1188081008538937,3.421568902621482
p008,Q0,weighted_proportional,0.2,1.2,1.3,0.9047352510278481,4.112049324374471,-3.207314073346623,1.9904175522612657,2.065922961593094
p008,Q0,weighted_proportional,0.2,1.3,1.4,0.893313405196182,4.384950646440975,-3.491637241244794,1.9652894914316057,2.231198337730275
p008,Q0,weighted_proportional,0.2,1.4,1.5,0.4095881536281265,4.646318265960181,-4.236730112332054,2.4105054530697347,1.9275286268459502
p008,Q0,weighted_proportional,0.2,1.5,1.6,0.17373648603551117,4.895764020462587,-4.722027534427076,2.6060472905327092,1.8786167228231037
p008,Q0,weighted_proportional,0.2,1.6,1.7,0.009559489348248684,62.03496400822486,-62.02540451887661,0.14339234022369557,432.6239735780084
p008,Q0,weighted_proportional,0.3,1.0,1.1,2.0362080523387247,3.5335807185620203,-1.4973726662232956,0.9255491146994212,3.817820861629343
p008,Q0,weighted_proportional,0.3,1.1,1.2,1.8107797171844804,3.828079005882685,-2.0172992886982044,1.1188081008538902,3.421568902621496
p008,Q0,weighted_proportional,0.3,1.2,1.3,0.9047352510278481,4.112049324374471,-3.207314073346623,1.9904175522612657,2.065922961593094
p008,Q0,weighted_proportional,0.3,1.3,1.4,0.893313405196182,4.384950646440975,-3.491637241244794,1.9652894914316057,2.231198337730275
p008,Q0,weighted_proportional,0.3,1.4,1.5,0.8812792520930812,4.646318265960126,-3.765039013867044,1.93881435460478,2.3964740383342478
p008,Q0,weighted_proportional,0.3,1.5,1.6,0.6057016375705591,4.895764020462649,-4.29006238289209,2.1740821389976612,2.2518762896050433
p008,Q0,weighted_proportional,0.3,1.6,1.7,0.009559489348248684,55.24041400875049,-55.23085451940224,0.14339234022369557,385.23964336291664
p008,Q95,equal_kw_reduction,0.0,1.1,1.2,1.7603357961062938,4.749549377445483,-2.9892135813391896,1.6846624404135007,2.8192884601141257
p008,Q95,equal_kw_reduction,0.05,1.0,1.1,3.334431193951,3.9855399949918007,-0.6511088010408006,0.12763725121678338,31.225523559909842
p008,Q95,equal_kw_reduction,0.05,1.1,1.2,1.7366878724522916,4.43149919592023,-2.6948113234679383,1.7083103640675028,2.5940831883550652
p008,Q95,equal_kw_reduction,0.05,1.2,1.3,0.15128517487078552,4.885692721875168,-4.734407547004382,3.2763276635263336,1.4912100447904113
p008,Q95,equal_kw_reduction,0.1,1.0,1.1,2.782116866371372,3.5183355458182146,-0.7362186794468428,0.6799515787964117,5.174391317755378
p008,Q95,equal_kw_reduction,0.1,1.1,1.2,1.7366878724522916,3.9120172327620217,-2.17532936030973,1.7083103640675028,2.289992096897119
p008,Q95,equal_kw_reduction,0.1,1.2,1.3,0.6967164422964495,4.312967976966495,-3.6162515346700452,2.7308963961006696,1.5793231786913622
p008,Q95,equal_kw_reduction,0.1,1.3,1.4,0.13231092007433276,4.722740111203064,-4.590429191128731,3.2775340209033126,1.4409431240324522
p008,Q95,equal_kw_reduction,0.2,1.0,1.1,2.380172056052853,3.156013728091777,-0.7758416720389238,1.08189638911493,2.9171127289496046
p008,Q95,equal_kw_reduction,0.2,1.1,1.2,1.7366878724522916,3.5091536694964454,-1.7724657970441537,1.7083103640675028,2.054166352501145
p008,Q95,equal_kw_reduction,0.2,1.2,1.3,1.0711290119991002,3.8688140931597284,-2.797685081160628,2.356483826398019,1.6417740914748256
p008,Q95,equal_kw_reduction,0.2,1.3,1.4,0.7423589891084464,4.236387471024935,-3.494028481916489,2.6674859518691987,1.5881573689474742
p008,Q95,equal_kw_reduction,0.2,1.4,1.5,0.21197627087087695,4.613409029240116,-4.401432758369239,3.1796440630631264,1.4509199576243652
p008,Q95,equal_kw_reduction,0.2,1.5,1.6,0.008438090392359765,0.1921465915439291,-0.18370850115156934,0.12657135588536872,1.518089066833965
p008,Q95,equal_kw_reduction,0.3,1.0,1.1,2.38017205605285,3.0511310966446286,-0.6709590405917787,1.0818963891149336,2.820169405631038
p008,Q95,equal_kw_reduction,0.3,1.1,1.2,1.7366878724522952,3.392535269603817,-1.655847397151522,1.7083103640674995,1.985901005439179
p008,Q95,equal_kw_reduction,0.3,1.2,1.3,1.0711290119991002,3.7402432320576553,-2.669114220058555,2.356483826398019,1.5872136231780416
p008,Q95,equal_kw_reduction,0.3,1.3,1.4,1.0655765440555145,4.105162416710363,-3.0395858726548486,2.3442683969221307,1.7511486407017942
p008,Q95,equal_kw_reduction,0.3,1.4,1.5,0.7924149659238113,4.474031112949035,-3.681616147025224,2.599205368010192,1.7213072764519974
p008,Q95,equal_kw_reduction,0.3,1.5,1.6,0.008438090392359765,0.18634155856672718,-0.17790346817436742,0.12657135588536872,1.4722253488023804
p008,Q95,fairness_qp,0.0,1.3,1.4,0.3477630412462296,3.098949993681932,-2.7511869524357024,1.5703470112347628,1.9734173221020936
p008,Q95,fairness_qp,0.05,1.1,1.2,2.1811475816036556,3.17362459196386,-0.9924770103602043,0.07354161797121922,43.154130674767984
p008,Q95,fairness_qp,0.05,1.2,1.3,1.5946714520748833,3.1582881317470806,-1.5636166796721973,0.4955246191393342,6.37362506273178
p008,Q95,fairness_qp,0.05,1.3,1.4,0.7298205318676463,3.081981728334841,-2.352161196467195,1.1882895206133461,2.5936286358429292
p008,Q95,fairness_qp,0.05,1.4,1.5,0.16821436374167553,2.9547812783284613,-2.7865669145867855,1.5753535010641362,1.8756306291461151
p008,Q95,fairness_qp,0.05,1.5,1.6,0.018794382747461258,2.7883621448776816,-2.7695677621302206,1.5524402546053182,1.796115590668303
p008,Q95,fairness_qp,0.1,1.0,1.1,2.2561816609889087,2.881277659426206,-0.6250959984372972,0.1504121107325923,19.155888747207584
p008,Q95,fairness_qp,0.1,1.1,1.2,1.8196046527165568,2.969559437782966,-1.1499547850664094,0.4350845468583178,6.825246861157728
p008,Q95,fairness_qp,0.1,1.2,1.3,1.4370097989597763,2.9706009213377182,-1.533591122377942,0.6531862722544413,4.547861838989406
p008,Q95,fairness_qp,0.1,1.3,1.4,0.7298205318676463,2.8981748126447533,-2.1683542807771072,1.1882895206133461,2.438946706480113
p008,Q95,fairness_qp,0.1,1.4,1.5,0.5448649577518144,2.7781212259013337,-2.2332562681495194,1.1987029070539972,2.3176061470719276
p008,Q95,fairness_qp,0.1,1.5,1.6,0.17337969582440632,2.621364548035833,-2.4479848522114267,1.3978549415283732,1.8752765184416853
p008,Q95,fairness_qp,0.1,1.6,1.7,0.08781282706327165,2.439113081218358,-2.3513002541550865,1.3171924059490538,1.8517515514075151
p008,Q95,fairness_qp,0.1,1.7,1.8,0.0586934533496411,2.241793799936061,-2.1831003465864196,1.1891108272170312,1.885269016667442
p008,Q95,fairness_qp,0.2,1.0,1.1,1.6545332180585293,2.2148448389579523,-0.560311620899423,0.752060553662972,2.945035247720906
p008,Q95,fairness_qp,0.2,1.1,1.2,1.550098824707729,2.381465159022416,-0.8313663343146871,0.7045903748671457,3.379928599608608
p008,Q95,fairness_qp,0.2,1.2,1.3,1.4370097989597763,2.4336469995818177,-0.9966372006220414,0.6531862722544413,3.7258085525621985
p008,Q95,fairness_qp,0.2,1.3,1.4,0.7298205318676463,2.3736571334246266,-1.6438366015569805,1.1882895206133461,1.9975410808970548
p008,Q95,fairness_qp,0.2,1.4,1.5,0.5448649577518144,2.27489360412865,-1.7300286463768355,1.1987029070539972,1.8977960182974463
p008,Q95,fairness_qp,0.2,1.5,1.6,0.491010824172744,2.146244947097753,-1.655234122925009,1.0802238131800355,1.9868520957517988
p008,Q95,fairness_qp,0.2,1.6,1.7,0.4390641353163513,1.9968473501233917,-1.5577832148070403,0.9659410976959742,2.0672558139273733
p008,Q95,fairness_qp,0.2,1.7,1.8,0.31276158093399703,1.8352045102476913,-1.5224429293136943,0.9350426996326753,1.9626959399486656
p008,Q95,fairness_qp,0.2,1.8,1.9,0.06884702745553473,1.6685872275826323,-1.5997402001270977,1.0327054118330348,1.6157436655831192
p008,Q95,fairness_qp,0.2,1.9,2.0,0.06045480695960476,1.5027656922783696,-1.442310885318765,0.9068221043940644,1.657178056199361
p008,Q95,fairness_qp,0.3,1.0,1.1,1.6545332180585293,2.157089864510797,-0.5025566464522679,0.752060553662972,2.8682396038517326
p008,Q95,fairness_qp,0.3,1.1,1.2,1.550098824707729,2.193688066737514,-0.6435892420297851,0.7045903748671457,3.113423266889142
p008,Q95,fairness_qp,0.3,1.2,1.3,1.4370097989597763,2.1831999397203816,-0.7461901407606053,0.6531862722544413,3.3423849098744394
p008,Q95,fairness_qp,0.3,1.3,1.4,0.7298205318676463,2.130528120656165,-1.400707588788519,1.1882895206133461,1.7929368926492546
p008,Q95,fairness_qp,0.3,1.4,1.5,0.5448649577518144,2.0426473467821253,-1.497782389030311,1.1987029070539972,1.704048046235456
p008,Q95,fairness_qp,0.3,1.5,1.6,0.491010824172744,1.9276347429857954,-1.4366239188130514,1.0802238131800355,1.784477179142251
p008,Q95,fairness_qp,0.3,1.6,1.7,0.4390641353163513,1.7937684398082674,-1.354704304491916,0.9659410976959742,1.857016379245982
p008,Q95,fairness_qp,0.3,1.7,1.8,0.3899388376770868,1.6487440484104914,-1.2588052107334047,0.8578654428895854,1.9219145171030032
p008,Q95,fairness_qp,0.3,1.8,1.9,0.34423513727767363,1.4991382036796534,-1.15490306640198,0.7573173020108959,1.9795377706266704
p008,Q95,fairness_qp,0.3,1.9,2.0,0.3022740347980238,1.3501674089922213,-1.0478933741941976,0.6650028765556454,2.030318148374571
p008,Q95,flat_level,0.05,1.0,1.1,0.6777421875000036,13.292007953659208,-12.614265766159205,2.9368828124999995,4.525889796176268
p008,Q95,flat_level,0.1,1.0,1.1,1.1295703125000014,13.173329311215683,-12.043758998715681,2.4850546875000017,5.301021896008344
p008,Q95,flat_level,0.1,1.1,1.2,0.2259140624999989,14.716301064730153,-14.490387002230154,3.3887109374999973,4.342743106789457
p008,Q95,flat_level,0.2,1.0,1.1,1.1295703125000014,12.283239492890182,-11.15366918039018,2.4850546875000017,4.942844740872598
p008,Q95,flat_level,0.2,1.1,1.2,1.1295703125000014,13.721956398194465,-12.592386085694462,2.485054687499995,5.521792525217614
p008,Q95,flat_level,0.2,1.2,1.3,0.2259140624999989,15.254908929353828,-15.028994866853829,3.3887109375000044,4.501684921112811
p008,Q95,flat_level,0.2,1.3,1.4,0.07367062909434396,5.288129963476037,-5.214459334381694,1.1050594364151525,4.785380577022081
p008,Q95,flat_level,0.3,1.0,1.1,1.1295703125000014,10.799756462347828,-9.670186149847826,2.4850546875000017,4.345882815646414
p008,Q95,flat_level,0.3,1.1,1.2,1.1295703125000014,13.340355743167894,-12.210785430667892,2.485054687499995,5.368234272779127
p008,Q95,flat_level,0.3,1.2,1.3,1.1295703125000014,15.18121371713472,-14.051643404634717,2.4850546875000017,6.109005887676147
p008,Q95,flat_level,0.3,1.3,1.4,0.07367062909433703,5.2496609607052065,-5.175990331610869,1.1050594364151594,4.750568872327119
p008,Q95,max_export_lp,0.1,1.2,1.3,3.821465418413217e-06,4.3223536382031025e-06,-5.008882197898856e-07,2.5476435891458316e-07,16.966084489284043
p008,Q95,max_export_lp,0.1,1.4,1.5,3.442661270641745e-05,4.2017498404212095e-05,-7.590885697794647e-06,2.295107513761163e-06,18.307420524868963
p008,Q95,max_export_lp,0.1,1.5,1.6,3.458066909906021e-05,4.237218542008092e-05,-7.791516321020708e-06,2.30537793716179e-06,18.37971325094158
p008,Q95,max_export_lp,0.1,1.8,1.9,9.698449383865881e-06,1.1809847773325277e-05,-2.1113983894593957e-06,6.465632924890219e-07,18.265571074816002
p008,Q95,max_export_lp,0.2,1.1,1.2,5.486331909609898e-07,1.7170971831903525e-06,-1.1684639922293627e-06,2.493787260027247e-07,6.885499860848562
p008,Q95,max_export_lp,0.2,1.2,1.3,2.8024079723465434e-06,4.918784379803753e-06,-2.11637640745721e-06,1.2738218049812566e-06,3.8614383586220127
p008,Q95,max_export_lp,0.2,1.4,1.5,2.5246182651372795e-05,5.840690015662675e-05,-3.3160717505253956e-05,1.1475537568805816e-05,5.089687503215135
p008,Q95,max_export_lp,0.2,1.5,1.6,2.5359157340004712e-05,5.940938664281137e-05,-3.4050229302806656e-05,1.152688969621729e-05,5.15398240188829
p008,Q95,max_export_lp,0.2,1.8,1.9,7.112196213909794e-06,1.632430284698172e-05,-9.212106633071926e-06,3.2328164624451095e-06,5.049560665326169
p008,Q95,max_export_lp,0.3,1.1,1.2,5.486331909609898e-07,1.530956746792489e-06,-9.823235558314991e-07,2.493787260027247e-07,6.1390831982025675
p008,Q95,max_export_lp,0.3,1.2,1.3,2.8024079723465434e-06,4.510023576820288e-06,-1.7076156044737445e-06,1.2738218049812566e-06,3.5405451211338383
p008,Q95,max_export_lp,0.3,1.4,1.5,2.5246182651372795e-05,5.290533206664394e-05,-2.7659149415271145e-05,1.1475537568805816e-05,4.610270477477026
p008,Q95,max_export_lp,0.3,1.5,1.6,2.5359157336535265e-05,5.377858348226683e-05,-2.8419426145731563e-05,1.1526889699686738e-05,4.665489553849756
p008,Q95,max_export_lp,0.3,1.8,1.9,7.112196217379241e-06,1.47899024659226e-05,-7.677706248543359e-06,3.2328164589756625e-06,4.574927978004935
p008,Q95,weighted_proportional,0.0,1.1,1.2,2.387422730830133,5.568114915949093,-3.1806921851189607,0.5421650872473871,10.270146578819435
p008,Q95,weighted_proportional,0.05,1.0,1.1,2.8850570251635066,5.139753774763944,-2.2546967496004378,0.07670014182311474,67.01100744529526
p008,Q95,weighted_proportional,0.05,1.1,1.2,1.9558072749180575,5.5681149159491,-3.612307641031043,0.9737805431594624,5.718038787141066
p008,Q95,weighted_proportional,0.05,1.2,1.3,0.4972339033913406,5.981162655048382,-5.483928751657041,2.3979188998596648,2.494313988433229
p008,Q95,weighted_proportional,0.05,1.3,1.4,0.011081694343849369,6.3781100324201905,-6.3670283380763415,2.847521202245157,2.239881489694021
p008,Q95,weighted_proportional,0.1,1.0,1.1,2.469846776757493,4.818519163841076,-2.3486723870835835,0.4919103902291284,9.79552223240628
p008,Q95,weighted_proportional,0.1,1.1,1.2,1.8107797172105187,5.22010773370226,-3.4093280164917417,1.1188081008670012,4.665775774824143
p008,Q95,weighted_proportional,0.1,1.2,1.3,0.904735251015941,5.607339989107972,-4.702604738092031,1.9904175522350644,2.8171676756022475
p008,Q95,weighted_proportional,0.1,1.3,1.4,0.22298945841221773,5.979478155393861,-5.756488696981643,2.6356134381767884,2.2687235042822604
p008,Q95,weighted_proportional,0.1,1.4,1.5,0.05833307580703495,6.3358885300628245,-6.27755545425579,2.761760531367098,2.2941484093577436
p008,Q95,weighted_proportional,0.2,1.0,1.1,2.0362080523032984,3.533580720150184,-1.4973726678468857,0.925549114683323,3.817820863411662
p008,Q95,weighted_proportional,0.2,1.1,1.2,1.8107797172105256,3.8280790047150184,-2.0172992875044926,1.1188081008669943,3.4215689015377504
p008,Q95,weighted_proportional,0.2,1.2,1.3,0.904735251015941,4.112049325345778,-3.2073140743298367,1.9904175522350644,2.0659229621082806
p008,Q95,weighted_proportional,0.2,1.3,1.4,0.8933134051840665,4.384950647288839,-3.4916372421047726,1.9652894914049397,2.231198338191968
p008,Q95,weighted_proportional,0.2,1.4,1.5,0.40958815367653223,4.6463182553795335,-4.236730101703001,2.410505453497601,1.9275286221144232
p008,Q95,weighted_proportional,0.2,1.5,1.6,0.17373648602102276,4.895764025789603,-4.722027539768581,2.606047290315397,1.8786167250238555
p008,Q95,weighted_proportional,0.2,1.6,1.7,0.009559489337632177,62.034964009214555,-62.02540451987693,0.14339234006441326,432.62397406547547
p008,Q95,weighted_proportional,0.3,1.0,1.1,2.036208052303302,3.5335807201501876,-1.4973726678468857,0.9255491146833196,3.81782086341168
p008,Q95,weighted_proportional,0.3,1.1,1.2,1.810779717210522,3.828079004715015,-2.0172992875044926,1.1188081008669977,3.4215689015377366
p008,Q95,weighted_proportional,0.3,1.2,1.3,0.904735251015941,4.112049325345778,-3.2073140743298367,1.9904175522350644,2.0659229621082806
p008,Q95,weighted_proportional,0.3,1.3,1.4,0.8933134051840665,4.384950647288839,-3.4916372421047726,1.9652894914049397,2.231198338191968
p008,Q95,weighted_proportional,0.3,1.4,1.5,0.8812792522419135,4.646318255379541,-3.765039003137627,1.9388143549322194,2.3964740324722706
p008,Q95,weighted_proportional,0.3,1.5,1.6,0.605701637455644,4.895764025789603,-4.2900623883339595,2.1740821388807756,2.2518762921763193
p008,Q95,weighted_proportional,0.3,1.6,1.7,0.009559489337632177,55.240414010409424,-55.23085452107179,0.14339234006441326,385.2396438024157
p009,Q0,equal_kw_reduction,0.05,1.1,1.2,0.7799631442467342,4.7995858691348285,-4.0196227248880945,6.266009113733789,0.7659717344832988
p009,Q0,equal_kw_reduction,0.1,1.1,1.2,1.7872687815211759,4.272662360828836,-2.48539357930766,5.258703476459347,0.8124934938726746
p009,Q0,equal_kw_reduction,0.1,1.2,1.3,0.34817873772556573,4.706639780534469,-4.358461042808903,6.67917786686277,0.7046735203572579
p009,Q0,equal_kw_reduction,0.2,1.1,1.2,2.201866330618918,3.7915582880276855,-1.5896919574087676,4.844105927361605,0.7827158086307164
p009,Q0,equal_kw_reduction,0.2,1.2,1.3,1.8319247386890254,4.176669617579051,-2.344744878890026,5.195431865899311,0.8039119221239339
p009,Q0,equal_kw_reduction,0.2,1.3,1.4,0.4380084889364366,4.574299537041304,-4.136291048104868,6.570127334046452,0.6962269229299785
p009,Q0,equal_kw_reduction,0.2,1.4,1.5,0.07339796100236384,0.8077596781863594,-0.7343617171839956,1.1009694150354439,0.7336803976160909
p009,Q0,equal_kw_reduction,0.3,1.1,1.2,2.201866330618918,3.665554840389218,-1.4636885097703,4.844105927361605,0.7567041050206146
p009,Q0,equal_kw_reduction,0.3,1.2,1.3,2.1960489389338536,4.037867908233545,-1.8418189692996911,4.831307665654483,0.8357712213069226
p009,Q0,equal_kw_reduction,0.3,1.3,1.4,1.8811967886916137,4.435437751344279,-2.554240962652665,5.126939034291275,0.8651239505049846
p009,Q0,equal_kw_reduction,0.3,1.4,1.5,0.07339796100236384,0.7833560625312153,-0.7099581015288514,1.1009694150354439,0.7115148266911634
p009,Q0,fairness_qp,0.0,1.1,1.2,2.535058075702729,4.240735192197892,-1.7056771164951634,3.0908093425554006,1.3720468402272146
p009,Q0,fairness_qp,0.05,1.1,1.2,2.7087303465941903,4.218513847790762,-1.509783501196571,2.917137071663939,1.4461143731530295
p009,Q0,fairness_qp,0.05,1.2,1.3,0.3896064554514411,4.395892370869181,-4.00628591541774,5.045053905906024,0.8713271360139684
p009,Q0,fairness_qp,0.1,1.1,1.2,2.7087303465941903,3.9862553959141844,-1.277525049319994,2.917137071663939,1.3664957449669717
p009,Q0,fairness_qp,0.1,1.2,1.3,1.374276436945987,4.155069597181926,-2.7807931602359393,4.060383924411479,1.023319389134901
p009,Q0,fairness_qp,0.1,1.3,1.4,0.3160006020148931,4.203136584322281,-3.887135982307388,4.740009030223313,0.8867359866874054
p009,Q0,fairness_qp,0.1,1.4,1.5,0.05481379149055443,4.101558786947429,-4.046744995456875,4.543102905748109,0.9028100115799664
p009,Q0,fairness_qp,0.2,1.1,1.2,2.7087303465941903,3.3133116051970446,-0.6045812586028543,2.917137071663939,1.135809365072834
p009,Q0,fairness_qp,0.2,1.2,1.3,1.6983313629242018,3.4547762059658065,-1.7564448430416046,3.7363289984332635,0.9246445394435235
p009,Q0,fairness_qp,0.2,1.3,1.4,1.5800030100744378,3.4874750366519214,-1.9074720265774836,3.4760066221637684,1.0032993074337164
p009,Q0,fairness_qp,0.2,1.4,1.5,0.5066249595396533,3.398427243846619,-2.8918022843069657,4.0912917376990094,0.8306489641234761
p009,Q0,fairness_qp,0.2,1.5,1.6,0.26232878296809925,3.27588988385423,-3.0135611008861307,3.934931744521503,0.8325150463956996
p009,Q0,fairness_qp,0.2,1.6,1.7,0.10755271415803513,1.3751960637906206,-1.2676433496325856,1.6132907123704021,0.8524167735212771
p009,Q0,fairness_qp,0.3,1.1,1.2,2.7087303465941903,2.9155054446360906,-0.2067750980419003,2.917137071663939,0.999440675227881
p009,Q0,fairness_qp,0.3,1.2,1.3,1.6983313629242018,3.0379542677534537,-1.3396229048292518,3.7363289984332635,0.8130853222581159
p009,Q0,fairness_qp,0.3,1.3,1.4,1.5800030100744378,3.079548165771384,-1.4995451556969464,3.4760066221637684,0.8859442747132644
p009,Q0,fairness_qp,0.3,1.4,1.5,1.4368489678870806,3.009348914213547,-1.5724999463264666,3.1610677293515828,0.9520039340728846
p009,Q0,fairness_qp,0.3,1.5,1.6,1.1394172746206772,2.9019444514584576,-1.7625271768377804,3.057843252868925,0.9490167452945143
p009,Q0,fairness_qp,0.3,1.6,1.7,0.10755271415802126,1.2134447836670836,-1.1058920695090624,1.613290712370416,0.7521550668844819
p009,Q0,max_export_lp,0.05,1.0,1.1,1.3554843749998269,4.69259168353714,-3.3371073085373126,5.873765624994601,0.7989068653963279
p009,Q0,max_export_lp,0.1,1.0,1.1,2.2591406249983654,4.433791674330931,-2.1746510493325655,4.9701093749960625,0.8920913685796791
p009,Q0,max_export_lp,0.1,1.1,1.2,0.4518281250010525,5.174564383039481,-4.722736258038429,6.777421874992501,0.763500410404245
p009,Q0,max_export_lp,0.2,1.0,1.1,2.259140624998351,3.3985916375068035,-1.1394510125084523,4.970109374996076,0.6838062064800107
p009,Q0,max_export_lp,0.2,1.1,1.2,2.2591406249979906,4.7307229980498855,-2.471582373051895,4.9701093749955625,0.9518347869465366
p009,Q0,max_export_lp,0.2,1.2,1.3,0.4518281250020656,5.4703571074556505,-5.018528982453585,6.777421874981898,0.8071442516584172
p009,Q0,max_export_lp,0.2,1.3,1.4,0.15060937500119276,1.9472609177255407,-1.796651542724348,2.259140625017933,0.8619476344949015
p009,Q0,max_export_lp,0.3,1.0,1.1,2.259140624998351,3.37304806285979,-1.1139074378614389,4.970109374996076,0.6786667673410011
p009,Q0,max_export_lp,0.3,1.1,1.2,2.2591406249979906,3.7567273675752633,-1.4975867425772726,4.9701093749955625,0.7558641237303992
p009,Q0,max_export_lp,0.3,1.2,1.3,2.259140624994993,4.16165025513382,-1.9025096301388267,4.97010937498897,0.8373357488019174
p009,Q0,max_export_lp,0.3,1.3,1.4,0.15060937500827043,1.4813856463366526,-1.3307762713283822,2.2591406250108554,0.6557297186090549
p009,Q0,weighted_proportional,0.0,1.1,1.2,4.774845461583993,5.451951185129062,-0.6771057235450684,1.0843301744869749,5.0279438066071735
p009,Q0,weighted_proportional,0.05,1.1,1.2,3.911614549762174,5.451951185128964,-1.5403366353667902,1.9475610863087938,2.799373649153172
p009,Q0,weighted_proportional,0.05,1.2,1.3,0.994467806789745,5.856381791493892,-4.861913984704147,4.79583779979402,1.2211384195990578
p009,Q0,weighted_proportional,0.05,1.3,1.4,0.022163388683077434,6.245047930426212,-6.222884541743134,5.695042404570971,1.0965761950102064
p009,Q0,weighted_proportional,0.1,1.1,1.2,3.621559434366178,5.111204236058514,-1.4896448016923358,2.23761620170479,2.2842184607728537
p009,Q0,weighted_proportional,0.1,1.2,1.3,1.8094705020574309,5.490357929525736,-3.6808874274683046,3.980835104526334,1.379197526489612
p009,Q0,weighted_proportional,0.1,1.3,1.4,0.4459789168106826,5.854732434774343,-5.40875351796366,5.271226876443366,1.1106963467914102
p009,Q0,weighted_proportional,0.1,1.4,1.5,0.1166661516047024,6.203707281672674,-6.087041130067972,5.523521061772008,1.123143591251638
p009,Q0,weighted_proportional,0.2,1.1,1.2,3.621559434366178,3.748216439776325,-0.1266570054101468,2.23761620170479,1.6750935379001293
p009,Q0,weighted_proportional,0.2,1.2,1.3,1.809470502057417,4.026262481651985,-2.216791979594568,3.980835104526348,1.0114115194256563
p009,Q0,weighted_proportional,0.2,1.3,1.4,1.7866268103918919,4.293470452168005,-2.506843641776113,3.9305789828621567,1.0923251945548234
p009,Q0,weighted_proportional,0.2,1.4,1.5,0.8191763072548514,4.549385339893394,-3.730209032638543,4.821010906121859,0.9436579647883504
p009,Q0,weighted_proportional,0.2,1.5,1.6,0.3474729720704117,4.793627079928392,-4.44615410785798,5.212094581056162,0.9197122203713016
p009,Q0,weighted_proportional,0.2,1.6,1.7,0.01911897869824597,60.740771379583805,-60.72165240088556,0.28678468047367567,211.79921911888624
p009,Q0,weighted_proportional,0.3,1.1,1.2,3.621559434366178,3.748216439776325,-0.1266570054101468,2.23761620170479,1.6750935379001293
p009,Q0,weighted_proportional,0.3,1.2,1.3,1.809470502057417,4.026262481651985,-2.216791979594568,3.980835104526348,1.0114115194256563
p009,Q0,weighted_proportional,0.3,1.3,1.4,1.7866268103918919,4.293470452168005,-2.506843641776113,3.9305789828621567,1.0923251945548234
p009,Q0,weighted_proportional,0.3,1.4,1.5,1.7625585041802228,4.5493853398934085,-2.7868268357131853,3.8776287091964874,1.1732390285598335
p009,Q0,weighted_proportional,0.3,1.5,1.6,1.2114032751450454,4.793627079928392,-3.5822238047833466,4.348164277981528,1.1024484756021347
p009,Q0,weighted_proportional,0.3,1.6,1.7,0.01911897869824597,54.08797139481039,-54.06885241611214,0.28678468047367567,188.60132732848396
p009,Q95,equal_kw_reduction,0.05,1.1,1.2,0.7799631442467342,4.7995858691348285,-4.0196227248880945,6.266009113733789,0.7659717344832988
p009,Q95,equal_kw_reduction,0.1,1.1,1.2,1.7872687815211759,4.272662360828836,-2.48539357930766,5.258703476459347,0.8124934938726746
p009,Q95,equal_kw_reduction,0.1,1.2,1.3,0.34817873772556573,4.706639780534469,-4.358461042808903,6.67917786686277,0.7046735203572579
p009,Q95,equal_kw_reduction,0.2,1.1,1.2,2.201866330618918,3.7915582880276855,-1.5896919574087676,4.844105927361605,0.7827158086307164
p009,Q95,equal_kw_reduction,0.2,1.2,1.3,1.8319247386890254,4.176669617579051,-2.344744878890026,5.195431865899311,0.8039119221239339
p009,Q95,equal_kw_reduction,0.2,1.3,1.4,0.4380084889364366,4.574299537041304,-4.136291048104868,6.570127334046452,0.6962269229299785
p009,Q95,equal_kw_reduction,0.2,1.4,1.5,0.07339796100236384,0.8077596781863594,-0.7343617171839956,1.1009694150354439,0.7336803976160909
p009,Q95,equal_kw_reduction,0.3,1.1,1.2,2.201866330618918,3.665554840389218,-1.4636885097703,4.844105927361605,0.7567041050206146
p009,Q95,equal_kw_reduction,0.3,1.2,1.3,2.1960489389338536,4.037867908233545,-1.8418189692996911,4.831307665654483,0.8357712213069226
p009,Q95,equal_kw_reduction,0.3,1.3,1.4,1.8811967886916137,4.435437751344279,-2.554240962652665,5.126939034291275,0.8651239505049846
p009,Q95,equal_kw_reduction,0.3,1.4,1.5,0.07339796100236384,0.7833560625312153,-0.7099581015288514,1.1009694150354439,0.7115148266911634
p009,Q95,fairness_qp,0.0,1.1,1.2,2.535061707629821,4.240729474039168,-1.7056677664093467,3.0908083205150176,1.37204544387034
p009,Q95,fairness_qp,0.05,1.1,1.2,2.7087325241564457,4.218508497583054,-1.509775973426608,2.9171375039883927,1.4461123247757055
p009,Q95,fairness_qp,0.05,1.2,1.3,0.3896067748390547,4.395902197946319,-4.0062954231072645,5.045048193005733,0.8713300705512852
p009,Q95,fairness_qp,0.1,1.1,1.2,2.708732524156432,3.9862518098011113,-1.2775192856446793,2.917137503988407,1.3664943131240732
p009,Q95,fairness_qp,0.1,1.2,1.3,1.3742763553615533,4.155075674430936,-2.7807993190693825,4.060378612483234,1.0233222245966336
p009,Q95,fairness_qp,0.1,1.3,1.4,0.3160014149289625,4.2031556213125985,-3.887154206383636,4.7400212239345345,0.8867377217825405
p009,Q95,fairness_qp,0.1,1.4,1.5,0.05481337954854615,4.101534819814956,-4.04672144026641,4.543091310152208,0.9028070403624665
p009,Q95,fairness_qp,0.2,1.1,1.2,2.7087325241564457,3.3133088347466337,-0.604576310590188,2.9171375039883927,1.1358082470286657
p009,Q95,fairness_qp,0.2,1.2,1.3,1.698329677451496,3.4547811367803964,-1.7564514593289005,3.7363252903932915,0.9246467767844542
p009,Q95,fairness_qp,0.2,1.3,1.4,1.580007074644854,3.4874890310142153,-1.9074819563693612,3.4760155642186428,1.0033007524228825
p009,Q95,fairness_qp,0.2,1.4,1.5,0.5066225613004627,3.398409328607299,-2.8917867673068365,4.091282128400292,0.8306465362084651
p009,Q95,fairness_qp,0.2,1.5,1.6,0.26232973011657,3.275898599684621,-3.0135688695680507,3.934945951748439,0.8325142555589665
p009,Q95,fairness_qp,0.2,1.6,1.7,0.1075521063200191,1.375200497780893,-1.2676483914608738,1.6132815948003558,0.8524243394415433
p009,Q95,fairness_qp,0.3,1.1,1.2,2.708732524156439,2.9155015134017597,-0.2067689892453206,2.9171375039883998,0.9994391794749464
p009,Q95,fairness_qp,0.3,1.2,1.3,1.698329677451496,3.0379615921293928,-1.3396319146778968,3.7363252903932915,0.8130880895034737
p009,Q95,fairness_qp,0.3,1.3,1.4,1.580007074644854,3.0795620685904606,-1.4995549939456065,3.4760155642186428,0.8859459952627401
p009,Q95,fairness_qp,0.3,1.4,1.5,1.4368452155314737,3.0093299645112257,-1.5724847489797522,3.161059474169281,0.9520004255225444
p009,Q95,fairness_qp,0.3,1.5,1.6,1.13941957588555,2.90195229877295,-1.7625327228874,3.057856105979459,0.9490153225648361
p009,Q95,fairness_qp,0.3,1.6,1.7,0.10755210632003298,1.2134493398798378,-1.105897233559805,1.613281594800342,0.7521621419291113
p009,Q95,max_export_lp,0.05,1.0,1.1,1.3554843749993828,4.692591372001898,-3.3371069970025147,5.873765624990646,0.798906812358447
p009,Q95,max_export_lp,0.1,1.0,1.1,2.2591406249968804,4.433788555588847,-2.1746479305919664,4.970109374993148,0.8920907410805138
p009,Q95,max_export_lp,0.1,1.1,1.2,0.45182812500302316,5.174566525417506,-4.7227384004144835,6.777421875005324,0.7635007265079602
p009,Q95,max_export_lp,0.2,1.0,1.1,2.2591406249968804,3.398577289936644,-1.1394366649397636,4.970109374993148,0.6838033197089006
p009,Q95,max_export_lp,0.2,1.1,1.2,2.259140625002612,4.73073519527574,-2.471594570273128,4.970109375005735,0.9518372410607726
p009,Q95,max_export_lp,0.2,1.2,1.3,0.45182812499883207,5.470339794753587,-5.018511669754755,6.777421874975875,0.8071416971919074
p009,Q95,max_export_lp,0.2,1.3,1.4,0.15060937500055438,1.9472666231450386,-1.7966572481444842,2.259140625008385,0.861950159980772
p009,Q95,max_export_lp,0.3,1.0,1.1,2.2591406249968804,3.373035297687399,-1.1138946726905186,4.970109374993148,0.6786641989527744
p009,Q95,max_export_lp,0.3,1.1,1.2,2.259140625002612,3.7567653857524945,-1.4976247607498827,4.970109375005735,0.7558717730931545
p009,Q95,max_export_lp,0.3,1.2,1.3,2.2591406249920927,4.16158376192087,-1.9024431369287775,4.970109374982615,0.8373223701813257
p009,Q95,max_export_lp,0.3,1.3,1.4,0.15060937500729898,1.4814086629502954,-1.3307992879429964,2.2591406250016406,0.6557399068281637
p009,Q95,weighted_proportional,0.0,1.1,1.2,4.774845461674893,5.451951183322812,-0.6771057216479193,1.084330174480161,5.027943804972995
p009,Q95,weighted_proportional,0.05,1.1,1.2,3.91161454984526,5.451951183322895,-1.5403366334776347,1.947561086309793,2.7993736482243867
p009,Q95,weighted_proportional,0.05,1.2,1.3,0.994467806786678,5.856381792859508,-4.86191398607283,4.795837799720911,1.2211384199024231
p009,Q95,weighted_proportional,0.05,1.3,1.4,0.022163388688267727,6.245047931541404,-6.222884542853135,5.695042404492839,1.0965761952210684
p009,Q95,weighted_proportional,0.1,1.1,1.2,3.621559434426533,5.11120423436516,-1.4896447999386275,2.2376162017285206,2.2842184599918616
p009,Q95,weighted_proportional,0.1,1.2,1.3,1.8094705020336304,5.490357930805781,-3.6808874287721505,3.980835104473959,1.3791975268293095
p009,Q95,weighted_proportional,0.1,1.3,1.4,0.44597891682687796,5.854732435819937,-5.408753518993059,5.271226876354229,1.110696347008551
p009,Q95,weighted_proportional,0.1,1.4,1.5,0.1166661516144446,6.203707269095596,-6.087041117481151,5.5235210626086575,1.1231435888045114
p009,Q95,weighted_proportional,0.2,1.1,1.2,3.621559434426533,3.748216438534388,-0.1266570041078552,2.2376162017285206,1.6750935373273372
p009,Q95,weighted_proportional,0.2,1.2,1.3,1.8094705020336304,4.026262482590762,-2.2167919805571312,3.980835104473959,1.0114115196747908
p009,Q95,weighted_proportional,0.2,1.3,1.4,1.7866268103690908,4.293470452934795,-2.5068436425657037,3.9305789828120163,1.0923251947638406
p009,Q95,weighted_proportional,0.2,1.4,1.5,0.8191763073467362,4.549385330670064,-3.7302090233233276,4.821010906876366,0.9436579627275113
p009,Q95,weighted_proportional,0.2,1.5,1.6,0.34747297204426597,4.793627084608704,-4.446154112564438,5.212094580664184,0.9197122213384404
p009,Q95,weighted_proportional,0.2,1.6,1.7,0.019118978681231802,60.74077143387535,-60.72165245519412,0.28678468021835213,211.79921949676162
p009,Q95,weighted_proportional,0.3,1.1,1.2,3.621559434426533,3.748216438534388,-0.1266570041078552,2.2376162017285206,1.6750935373273372
p009,Q95,weighted_proportional,0.3,1.2,1.3,1.8094705020336304,4.026262482590762,-2.2167919805571312,3.980835104473959,1.0114115196747908
p009,Q95,weighted_proportional,0.3,1.3,1.4,1.7866268103690908,4.293470452934795,-2.5068436425657037,3.9305789828120163,1.0923251947638406
p009,Q95,weighted_proportional,0.3,1.4,1.5,1.7625585044447196,4.549385330670161,-2.7868268262254414,3.877628709778383,1.1732390260051924
p009,Q95,weighted_proportional,0.3,1.5,1.6,1.2114032749462877,4.79362708460862,-3.5822238096623327,4.348164277762162,1.1024484767341223
p009,Q95,weighted_proportional,0.3,1.6,1.7,0.019118978681231802,54.087971435356486,-54.06885245667525,0.28678468021835213,188.60132763777682
p010,Q0,equal_kw_reduction,0.0,1.1,1.2,1.7603357961062938,4.749549377445483,-2.9892135813391896,1.6846624404135007,2.8192884601141257
p010,Q0,equal_kw_reduction,0.05,1.0,1.1,3.334431193951,3.9855399949918007,-0.6511088010408006,0.12763725121678338,31.225523559909842
p010,Q0,equal_kw_reduction,0.05,1.1,1.2,1.7366878724522916,4.43149919592023,-2.6948113234679383,1.7083103640675028,2.5940831883550652
p010,Q0,equal_kw_reduction,0.05,1.2,1.3,0.15128517487078552,4.885692721875168,-4.734407547004382,3.2763276635263336,1.4912100447904113
p010,Q0,equal_kw_reduction,0.1,1.0,1.1,2.782116866371372,3.5183355458182146,-0.7362186794468428,0.6799515787964117,5.174391317755378
p010,Q0,equal_kw_reduction,0.1,1.1,1.2,1.7366878724522916,3.9120172327620217,-2.17532936030973,1.7083103640675028,2.289992096897119
p010,Q0,equal_kw_reduction,0.1,1.2,1.3,0.6967164422964495,4.312967976966495,-3.6162515346700452,2.7308963961006696,1.5793231786913622
p010,Q0,equal_kw_reduction,0.1,1.3,1.4,0.13231092007433276,4.722740111203064,-4.590429191128731,3.2775340209033126,1.4409431240324522
p010,Q0,equal_kw_reduction,0.2,1.0,1.1,2.380172056052853,3.156013728091777,-0.7758416720389238,1.08189638911493,2.9171127289496046
p010,Q0,equal_kw_reduction,0.2,1.1,1.2,1.7366878724522916,3.5091536694964454,-1.7724657970441537,1.7083103640675028,2.054166352501145
p010,Q0,equal_kw_reduction,0.2,1.2,1.3,1.0711290119991002,3.8688140931597284,-2.797685081160628,2.356483826398019,1.6417740914748256
p010,Q0,equal_kw_reduction,0.2,1.3,1.4,0.7423589891084464,4.236387471024935,-3.494028481916489,2.6674859518691987,1.5881573689474742
p010,Q0,equal_kw_reduction,0.2,1.4,1.5,0.21197627087087695,4.613409029240116,-4.401432758369239,3.1796440630631264,1.4509199576243652
p010,Q0,equal_kw_reduction,0.2,1.5,1.6,0.008438090392359765,0.1921465915439291,-0.18370850115156934,0.12657135588536872,1.518089066833965
p010,Q0,equal_kw_reduction,0.3,1.0,1.1,2.38017205605285,3.0511310966446286,-0.6709590405917787,1.0818963891149336,2.820169405631038
p010,Q0,equal_kw_reduction,0.3,1.1,1.2,1.7366878724522952,3.392535269603817,-1.655847397151522,1.7083103640674995,1.985901005439179
p010,Q0,equal_kw_reduction,0.3,1.2,1.3,1.0711290119991002,3.7402432320576553,-2.669114220058555,2.356483826398019,1.5872136231780416
p010,Q0,equal_kw_reduction,0.3,1.3,1.4,1.0655765440555145,4.105162416710363,-3.0395858726548486,2.3442683969221307,1.7511486407017942
p010,Q0,equal_kw_reduction,0.3,1.4,1.5,0.7924149659238113,4.474031112949035,-3.681616147025224,2.599205368010192,1.7213072764519974
p010,Q0,equal_kw_reduction,0.3,1.5,1.6,0.008438090392359765,0.18634155856672718,-0.17790346817436742,0.12657135588536872,1.4722253488023804
p010,Q0,fairness_qp,0.0,1.3,1.4,0.3478108237370478,3.098914102080873,-2.751103278343825,1.5702682169457112,1.9734934889712612
p010,Q0,fairness_qp,0.05,1.1,1.2,2.181131209467148,3.173611393818422,-0.9924801843512743,0.07354049246850736,43.15461166074561
p010,Q0,fairness_qp,0.05,1.2,1.3,1.594655484153197,3.158256918938708,-1.563601434785511,0.4955108126136684,6.373739661259592
p010,Q0,fairness_qp,0.05,1.3,1.4,0.729828759114759,3.0819449938518373,-2.3521162347370783,1.1882502815679998,2.593683369285587
p010,Q0,fairness_qp,0.05,1.4,1.5,0.1682312259518176,2.9547034166603066,-2.786472190708489,1.5752912570601643,1.875655313528766
p010,Q0,fairness_qp,0.05,1.5,1.6,0.018802143752646994,2.78827550755327,-2.769473363800623,1.552382566100026,1.796126527340562
p010,Q0,fairness_qp,0.1,1.0,1.1,2.2561789813702395,2.8812987093516442,-0.6251197279814047,0.15041193209134468,19.156051446781767
p010,Q0,fairness_qp,0.1,1.1,1.2,1.8195927506906504,2.9695466338371874,-1.1499538831465372,0.43507895124500484,6.825305212627845
p010,Q0,fairness_qp,0.1,1.2,1.3,1.4369893290272218,2.970572572694369,-1.533583243667147,0.6531769677396437,4.547883222175156
p010,Q0,fairness_qp,0.1,1.3,1.4,0.729828759114759,2.898135971418525,-2.168307212303766,1.1882502815679998,2.4389945589528343
p010,Q0,fairness_qp,0.1,1.4,1.5,0.5448507759412413,2.7780501123259027,-2.2331993363846614,1.1986717070707407,2.3176071445907196
p010,Q0,fairness_qp,0.1,1.5,1.6,0.17340761937637006,2.6212817294261335,-2.4478741100497636,1.397777090476303,1.8753217142319256
p010,Q0,fairness_qp,0.1,1.6,1.7,0.0878095170050372,2.4390176068437226,-2.3512080898386856,1.3171427550756065,1.8517488688640424
p010,Q0,fairness_qp,0.1,1.7,1.8,0.05870764488181274,2.241689311365154,-2.1829816664833412,1.1890438101676004,1.88528739832486
p010,Q0,fairness_qp,0.2,1.0,1.1,1.6545312530048402,2.214861689529543,-0.560330436524703,0.7520596604567442,2.945061151377809
p010,Q0,fairness_qp,0.2,1.1,1.2,1.5500867950807609,2.381448819434393,-0.8313620243536324,0.7045849068548944,3.3799316395587224
p010,Q0,fairness_qp,0.2,1.2,1.3,1.4369893290272218,2.433619582385166,-0.9966302533579441,0.6531769677396437,3.72581965161271
p010,Q0,fairness_qp,0.2,1.3,1.4,0.7298287591147521,2.3736246406603696,-1.6437958815456177,1.1882502815680067,1.9975796997313993
p010,Q0,fairness_qp,0.2,1.4,1.5,0.5448507759412482,2.2748328130327637,-1.7299820370915153,1.1986717070707336,1.8977947002619338
p010,Q0,fairness_qp,0.2,1.5,1.6,0.490995221828959,2.14617583309442,-1.655180611265461,1.080189488023714,1.9868512486832346
p010,Q0,fairness_qp,0.2,1.6,1.7,0.43904758502519986,1.9967678950004522,-1.5577203099752523,0.9659046870554439,2.0672514811866067
p010,Q0,fairness_qp,0.2,1.7,1.8,0.31281504546783884,1.8351179192243814,-1.5223028737565425,0.9349364095815743,1.96282645580749
p010,Q0,fairness_qp,0.2,1.8,1.9,0.06884343588258596,1.6684878981884574,-1.5996444623058714,1.032651538238831,1.6157317705002736
p010,Q0,fairness_qp,0.2,1.9,2.0,0.06045191008276912,1.5026896886588745,-1.4422377785761054,0.9067786512414675,1.6571736515869087
p010,Q0,fairness_qp,0.3,1.0,1.1,1.6545312530048402,2.157107965960678,-0.5025767129558378,0.7520596604567442,2.8682670795700083
p010,Q0,fairness_qp,0.3,1.1,1.2,1.5500867950807609,2.193678692840404,-0.6435918977596433,0.7045849068548944,3.113434124827458
p010,Q0,fairness_qp,0.3,1.2,1.3,1.4369893290272218,2.183177970921685,-0.746188641894463,0.6531769677396437,3.3423988884309517
p010,Q0,fairness_qp,0.3,1.3,1.4,0.7298287591147521,2.1305034451805023,-1.4006746860657504,1.1882502815680067,1.792975333756374
p010,Q0,fairness_qp,0.3,1.4,1.5,0.5448507759412482,2.042593002116962,-1.4977422261757134,1.1986717070707336,1.704047063151736
p010,Q0,fairness_qp,0.3,1.5,1.6,0.490995221828959,1.9275750116768617,-1.4365797898479027,1.080189488023714,1.7844785873666498
p010,Q0,fairness_qp,0.3,1.6,1.7,0.43904758502519986,1.793698836936343,-1.354651251911143,0.9659046870554439,1.8570143213658337
p010,Q0,fairness_qp,0.3,1.7,1.8,0.3899223297029464,1.6486670523085112,-1.2587447226055648,0.8578291253464667,1.921906127450073
p010,Q0,fairness_qp,0.3,1.8,1.9,0.3442171794129367,1.4990485217868665,-1.1548313423739298,0.7572777947084802,1.9795226167485032
p010,Q0,fairness_qp,0.3,1.9,2.0,0.3022595504138248,1.3501018164651934,-1.0478422660513687,0.6649710109104118,2.030316802256942
p010,Q0,flat_level,0.05,1.0,1.1,0.6777421875000036,13.292007953659208,-12.614265766159205,2.9368828124999995,4.525889796176268
p010,Q0,flat_level,0.1,1.0,1.1,1.1295703125000014,13.173329311215683,-12.043758998715681,2.4850546875000017,5.301021896008344
p010,Q0,flat_level,0.1,1.1,1.2,0.2259140624999989,14.716301064730153,-14.490387002230154,3.3887109374999973,4.342743106789457
p010,Q0,flat_level,0.2,1.0,1.1,1.1295703125000014,12.283239492890182,-11.15366918039018,2.4850546875000017,4.942844740872598
p010,Q0,flat_level,0.2,1.1,1.2,1.1295703125000014,13.721956398194465,-12.592386085694462,2.485054687499995,5.521792525217614
p010,Q0,flat_level,0.2,1.2,1.3,0.2259140624999989,15.254908929353828,-15.028994866853829,3.3887109375000044,4.501684921112811
p010,Q0,flat_level,0.2,1.3,1.4,0.07367062909434396,5.288129963476037,-5.214459334381694,1.1050594364151525,4.785380577022081
p010,Q0,flat_level,0.3,1.0,1.1,1.1295703125000014,10.799756462347828,-9.670186149847826,2.4850546875000017,4.345882815646414
p010,Q0,flat_level,0.3,1.1,1.2,1.1295703125000014,13.340355743167894,-12.210785430667892,2.485054687499995,5.368234272779127
p010,Q0,flat_level,0.3,1.2,1.3,1.1295703125000014,15.18121371713472,-14.051643404634717,2.4850546875000017,6.109005887676147
p010,Q0,flat_level,0.3,1.3,1.4,0.07367062909433703,5.2496609607052065,-5.175990331610869,1.1050594364151594,4.750568872327119
p010,Q0,max_export_lp,0.1,1.8,1.9,1.5469834885317724e-05,1.676727126587174e-05,-1.2974363805540179e-06,1.0313223261504412e-06,16.258031888495996
p010,Q0,max_export_lp,0.2,1.0,1.1,4.487573437850223e-07,7.009964032855809e-06,-6.5612066890707865e-06,2.0398061018056524e-07,34.365835197034336
p010,Q0,max_export_lp,0.2,1.1,1.2,8.147691722693029e-07,5.809443624077426e-06,-4.994674451808123e-06,3.703496259666039e-07,15.686376377227095
p010,Q0,max_export_lp,0.2,1.8,1.9,1.1344545580715959e-05,1.6703309235754915e-05,-5.358763655038956e-06,5.156611630752206e-06,3.239202490283017
p010,Q0,max_export_lp,0.2,1.9,2.0,1.2738366021725067e-06,1.551416329778621e-05,-1.4240326695613703e-05,5.790166332508839e-07,26.79398553834641
p010,Q0,max_export_lp,0.3,1.0,1.1,4.487573437850223e-07,5.983987617919073e-06,-5.535230274134051e-06,2.0398061018056524e-07,29.336060974726962
p010,Q0,max_export_lp,0.3,1.1,1.2,8.147691722693029e-07,4.981761034944521e-06,-4.166991862675218e-06,3.703496259666039e-07,13.451508211847765
p010,Q0,max_export_lp,0.3,1.8,1.9,1.1344545580715959e-05,1.5188624413742247e-05,-3.844078833026288e-06,5.156611630752206e-06,2.9454660349371027
p010,Q0,max_export_lp,0.3,1.9,2.0,1.2738366021725067e-06,1.321455412803263e-05,-1.1940717525860123e-05,5.790166332508839e-07,22.822408492549908
p010,Q0,weighted_proportional,0.0,1.1,1.2,2.387422730793169,5.568114917665838,-3.180692186872669,0.5421650872447364,10.270146582036109
p010,Q0,weighted_proportional,0.05,1.0,1.1,2.8850570252128525,5.139753772448516,-2.2546967472356627,0.0767001418254254,67.01100741308844
p010,Q0,weighted_proportional,0.05,1.1,1.2,1.9558072748825719,5.568114917665769,-3.612307642783197,0.9737805431553337,5.7180387889282
p010,Q0,weighted_proportional,0.05,1.2,1.3,0.4972339033946227,5.981162653497574,-5.483928750102951,2.397918899898224,2.4943139877463887
p010,Q0,weighted_proportional,0.05,1.3,1.4,0.01108169434139994,6.378110031297305,-6.367028336955904,2.847521202283418,2.239881489269586
p010,Q0,weighted_proportional,0.1,1.0,1.1,2.4698467767966803,4.818519161670476,-2.3486723848737956,0.49191039024159766,9.795522227745385
p010,Q0,weighted_proportional,0.1,1.1,1.2,1.8107797171842828,5.220107735311605,-3.4093280181273222,1.118808100853623,4.665775776318379
p010,Q0,weighted_proportional,0.1,1.2,1.3,0.9047352510290139,5.607339987653996,-4.702604736624982,1.9904175522638332,2.8171676748310417
p010,Q0,weighted_proportional,0.1,1.3,1.4,0.22298945840465434,5.979478154341356,-5.756488695936701,2.6356134382201635,2.268723503845584
p010,Q0,weighted_proportional,0.1,1.4,1.5,0.0583330758023512,6.335888544564093,-6.277555468761742,2.761760530893102,2.2941484150022173
p010,Q0,weighted_proportional,0.2,1.0,1.1,2.0362080523388184,3.533580718558339,-1.4973726662195208,0.9255491146994594,3.8178208616252083
p010,Q0,weighted_proportional,0.2,1.1,1.2,1.8107797171842828,3.8280790058951437,-2.017299288710861,1.118808100853623,3.4215689026334486
p010,Q0,weighted_proportional,0.2,1.2,1.3,0.9047352510290139,4.112049324279714,-3.2073140732507,1.9904175522638332,2.0659229615428223
p010,Q0,weighted_proportional,0.2,1.3,1.4,0.893313405195259,4.38495064651688,-3.4916372413216212,1.9652894914295587,2.2311983377712212
p010,Q0,weighted_proportional,0.2,1.4,1.5,0.4095881536278628,4.646318266013652,-4.236730112385789,2.4105054530675907,1.9275286268698473
p010,Q0,weighted_proportional,0.2,1.5,1.6,0.17373648603543485,4.895764020485381,-4.722027534449946,2.6060472905315506,1.8786167228326858
p010,Q0,weighted_proportional,0.2,1.6,1.7,0.009559489348449912,62.03496400810694,-62.025404518758485,0.14339234022670705,432.62397356810015
p010,Q0,weighted_proportional,0.3,1.0,1.1,2.036208052338815,3.5335807185583357,-1.4973726662195208,0.925549114699463,3.8178208616251905
p010,Q0,weighted_proportional,0.3,1.1,1.2,1.810779717184286,3.8280790058951473,-2.017299288710861,1.1188081008536195,3.4215689026334624
p010,Q0,weighted_proportional,0.3,1.2,1.3,0.9047352510290139,4.112049324279714,-3.2073140732507,1.9904175522638332,2.0659229615428223
p010,Q0,weighted_proportional,0.3,1.3,1.4,0.893313405195259,4.38495064651688,-3.4916372413216212,1.9652894914295587,2.2311983377712212
p010,Q0,weighted_proportional,0.3,1.4,1.5,0.8812792520923249,4.646318266013548,-3.765039013921223,1.9388143546031287,2.396474038363843
p010,Q0,weighted_proportional,0.3,1.5,1.6,0.6057016375709754,4.895764020485492,-4.290062382914517,2.17408213899601,2.2518762896172606
p010,Q0,weighted_proportional,0.3,1.6,1.7,0.009559489348449912,55.24041400864655,-55.2308545192981,0.14339234022670705,385.23964335410113
p010,Q95,equal_kw_reduction,0.0,1.1,1.2,1.7603357961062938,4.749549377445483,-2.9892135813391896,1.6846624404135007,2.8192884601141257
p010,Q95,equal_kw_reduction,0.05,1.0,1.1,3.334431193951,3.9855399949918007,-0.6511088010408006,0.12763725121678338,31.225523559909842
p010,Q95,equal_kw_reduction,0.05,1.1,1.2,1.7366878724522916,4.43149919592023,-2.6948113234679383,1.7083103640675028,2.5940831883550652
p010,Q95,equal_kw_reduction,0.05,1.2,1.3,0.15128517487078552,4.885692721875168,-4.734407547004382,3.2763276635263336,1.4912100447904113
p010,Q95,equal_kw_reduction,0.1,1.0,1.1,2.782116866371372,3.5183355458182146,-0.7362186794468428,0.6799515787964117,5.174391317755378
p010,Q95,equal_kw_reduction,0.1,1.1,1.2,1.7366878724522916,3.9120172327620217,-2.17532936030973,1.7083103640675028,2.289992096897119
p010,Q95,equal_kw_reduction,0.1,1.2,1.3,0.6967164422964495,4.312967976966495,-3.6162515346700452,2.7308963961006696,1.5793231786913622
p010,Q95,equal_kw_reduction,0.1,1.3,1.4,0.13231092007433276,4.722740111203064,-4.590429191128731,3.2775340209033126,1.4409431240324522
p010,Q95,equal_kw_reduction,0.2,1.0,1.1,2.380172056052853,3.156013728091777,-0.7758416720389238,1.08189638911493,2.9171127289496046
p010,Q95,equal_kw_reduction,0.2,1.1,1.2,1.7366878724522916,3.5091536694964454,-1.7724657970441537,1.7083103640675028,2.054166352501145
p010,Q95,equal_kw_reduction,0.2,1.2,1.3,1.0711290119991002,3.8688140931597284,-2.797685081160628,2.356483826398019,1.6417740914748256
p010,Q95,equal_kw_reduction,0.2,1.3,1.4,0.7423589891084464,4.236387471024935,-3.494028481916489,2.6674859518691987,1.5881573689474742
p010,Q95,equal_kw_reduction,0.2,1.4,1.5,0.21197627087087695,4.613409029240116,-4.401432758369239,3.1796440630631264,1.4509199576243652
p010,Q95,equal_kw_reduction,0.2,1.5,1.6,0.008438090392359765,0.1921465915439291,-0.18370850115156934,0.12657135588536872,1.518089066833965
p010,Q95,equal_kw_reduction,0.3,1.0,1.1,2.38017205605285,3.0511310966446286,-0.6709590405917787,1.0818963891149336,2.820169405631038
p010,Q95,equal_kw_reduction,0.3,1.1,1.2,1.7366878724522952,3.392535269603817,-1.655847397151522,1.7083103640674995,1.985901005439179
p010,Q95,equal_kw_reduction,0.3,1.2,1.3,1.0711290119991002,3.7402432320576553,-2.669114220058555,2.356483826398019,1.5872136231780416
p010,Q95,equal_kw_reduction,0.3,1.3,1.4,1.0655765440555145,4.105162416710363,-3.0395858726548486,2.3442683969221307,1.7511486407017942
p010,Q95,equal_kw_reduction,0.3,1.4,1.5,0.7924149659238113,4.474031112949035,-3.681616147025224,2.599205368010192,1.7213072764519974
p010,Q95,equal_kw_reduction,0.3,1.5,1.6,0.008438090392359765,0.18634155856672718,-0.17790346817436742,0.12657135588536872,1.4722253488023804
p010,Q95,fairness_qp,0.0,1.3,1.4,0.34781062233846943,3.098906944621234,-2.7510963222827645,1.5702699176950927,1.9734867933851385
p010,Q95,fairness_qp,0.05,1.1,1.2,2.181132703210631,3.173625057084184,-0.9924923538735531,0.07354031495018787,43.15490162414754
p010,Q95,fairness_qp,0.05,1.2,1.3,1.5946582853894886,3.1582643790960265,-1.5636060937065377,0.4955110530690393,6.373751623772532
p010,Q95,fairness_qp,0.05,1.3,1.4,0.7298291521374151,3.081938744439225,-2.35210959230181,1.188251387896147,2.5936756950866577
p010,Q95,fairness_qp,0.05,1.4,1.5,0.16823102996178785,2.954717486872718,-2.7864864569109304,1.5752951202072651,1.8756596455932393
p010,Q95,fairness_qp,0.05,1.5,1.6,0.018801808258493702,2.7882766574267235,-2.7694748491682297,1.5523830836160004,1.796126669283157
p010,Q95,fairness_qp,0.1,1.0,1.1,2.2561772934622177,2.8812960005642414,-0.6251187071020237,0.15041181956414532,19.156047768808957
p010,Q95,fairness_qp,0.1,1.1,1.2,1.8195946947250143,2.9695568707550426,-1.1499621760300283,0.4350783234358044,6.8253385903129224
p010,Q95,fairness_qp,0.1,1.2,1.3,1.4369914201902423,2.970576531223207,-1.5335851110329646,0.6531779182682856,4.547882664341809
p010,Q95,fairness_qp,0.1,1.3,1.4,0.7298291521374081,2.8981333826188296,-2.1683042304814215,1.188251387896154,2.4389901094498945
p010,Q95,fairness_qp,0.1,1.4,1.5,0.5448519219278316,2.778059697304887,-2.233207775377055,1.1986742282412213,2.3176102662864877
p010,Q95,fairness_qp,0.1,1.5,1.6,0.17340628877612202,2.6212829291724846,-2.4478766403963625,1.397778603098372,1.8753205431547197
p010,Q95,fairness_qp,0.1,1.6,1.7,0.08780942280490339,2.4390147050265614,-2.351205282221658,1.3171413420735996,1.8517486522644382
p010,Q95,fairness_qp,0.1,1.7,1.8,0.05870739221142812,2.2416907811067603,-2.182983388895332,1.1890438851004312,1.8852885155852919
p010,Q95,fairness_qp,0.2,1.0,1.1,1.6545300152056228,2.2148587976738785,-0.5603287824682557,0.7520590978207404,2.94505950940814
p010,Q95,fairness_qp,0.2,1.1,1.2,1.5500876999855646,2.38145883737308,-0.8313711373875154,0.7045853181752542,3.379943884639292
p010,Q95,fairness_qp,0.2,1.2,1.3,1.4369914201902423,2.4336250622452873,-0.9966336420550448,0.6531779182682856,3.725822619198989
p010,Q95,fairness_qp,0.2,1.3,1.4,0.7298291521374081,2.3736222081723115,-1.6437930560349034,1.188251387896154,1.9975757927578806
p010,Q95,fairness_qp,0.2,1.4,1.5,0.5448519219278316,2.2748417942755688,-1.729989872347737,1.1986742282412213,1.8977982012789043
p010,Q95,fairness_qp,0.2,1.5,1.6,0.4909952787107777,2.146176689378339,-1.655181410667561,1.0801896131637165,1.9868518112227564
p010,Q95,fairness_qp,0.2,1.6,1.7,0.43904711402453084,1.9967658623838356,-1.5577187483593047,0.965903650853972,2.067251594523388
p010,Q95,fairness_qp,0.2,1.7,1.8,0.31281402367770716,1.835119182185971,-1.5223051585082636,0.9349372536341521,1.9628260346378994
p010,Q95,fairness_qp,0.2,1.8,1.9,0.0688437733658287,1.6685004888312982,-1.5996567154654695,1.0326566004874373,1.615736042401441
p010,Q95,fairness_qp,0.2,1.9,2.0,0.06045112703133293,1.5026669733232274,-1.4422158462918944,0.9067669054700147,1.657170066814837
p010,Q95,fairness_qp,0.3,1.0,1.1,1.6545300152056228,2.157105334852437,-0.5025753196468141,0.7520590978207404,2.86826572685994
p010,Q95,fairness_qp,0.3,1.1,1.2,1.5500876999855646,2.1936886719739097,-0.6436009719883451,0.7045853181752542,3.1134464704078115
p010,Q95,fairness_qp,0.3,1.2,1.3,1.4369914201902354,2.1831837627906623,-0.7461923426004269,0.6531779182682926,3.342402891663463
p010,Q95,fairness_qp,0.3,1.3,1.4,0.7298291521374151,2.130498524427302,-1.4006693722898866,1.188251387896147,1.7929695232247496
p010,Q95,fairness_qp,0.3,1.4,1.5,0.5448519219278316,2.0426034341408177,-1.4977515122129859,1.1986742282412213,1.704052181999331
p010,Q95,fairness_qp,0.3,1.5,1.6,0.4909952787107777,1.9275757795310724,-1.4365805008202948,1.0801896131637165,1.7844790914860647
p010,Q95,fairness_qp,0.3,1.6,1.7,0.43904711402453084,1.7936970167071673,-1.3546499026826364,0.965903650853972,1.857014429049242
p010,Q95,fairness_qp,0.3,1.7,1.8,0.3899222741599595,1.6486686413990648,-1.2587463672391053,0.8578290031518998,1.9219082536745697
p010,Q95,fairness_qp,0.3,1.8,1.9,0.3442188668291435,1.4990616319575933,-1.1548427651284499,0.7572815070241226,1.979530224960111
p010,Q95,fairness_qp,0.3,1.9,2.0,0.3022556351566716,1.350080419677817,-1.0478247845211452,0.6649623973446761,2.0303109244506907
p010,Q95,flat_level,0.05,1.0,1.1,0.6777421875000036,13.292007953659208,-12.614265766159205,2.9368828124999995,4.525889796176268
p010,Q95,flat_level,0.1,1.0,1.1,1.1295703125000014,13.173329311215683,-12.043758998715681,2.4850546875000017,5.301021896008344
p010,Q95,flat_level,0.1,1.1,1.2,0.2259140624999989,14.716301064730153,-14.490387002230154,3.3887109374999973,4.342743106789457
p010,Q95,flat_level,0.2,1.0,1.1,1.1295703125000014,12.283239492890182,-11.15366918039018,2.4850546875000017,4.942844740872598
p010,Q95,flat_level,0.2,1.1,1.2,1.1295703125000014,13.721956398194465,-12.592386085694462,2.485054687499995,5.521792525217614
p010,Q95,flat_level,0.2,1.2,1.3,0.2259140624999989,15.254908929353828,-15.028994866853829,3.3887109375000044,4.501684921112811
p010,Q95,flat_level,0.2,1.3,1.4,0.07367062909434396,5.288129963476037,-5.214459334381694,1.1050594364151525,4.785380577022081
p010,Q95,flat_level,0.3,1.0,1.1,1.1295703125000014,10.799756462347828,-9.670186149847826,2.4850546875000017,4.345882815646414
p010,Q95,flat_level,0.3,1.1,1.2,1.1295703125000014,13.340355743167894,-12.210785430667892,2.485054687499995,5.368234272779127
p010,Q95,flat_level,0.3,1.2,1.3,1.1295703125000014,15.18121371713472,-14.051643404634717,2.4850546875000017,6.109005887676147
p010,Q95,flat_level,0.3,1.3,1.4,0.07367062909433703,5.2496609607052065,-5.175990331610869,1.1050594364151594,4.750568872327119
p010,Q95,max_export_lp,0.1,1.3,1.4,4.9961716361290875e-06,9.18600056437624e-06,-4.189828928247152e-06,3.3307810676230787e-07,27.579118464641628
p010,Q95,max_export_lp,0.2,1.3,1.4,3.6638591986715152e-06,2.1942452726325667e-05,-1.8278593527654152e-05,1.6653905442198802e-06,13.175559812370727
p010,Q95,max_export_lp,0.2,1.5,1.6,5.01528769902837e-07,4.6907206521784595e-06,-4.1891918822756224e-06,2.279676239447248e-07,20.576258027393468
p010,Q95,max_export_lp,0.3,1.3,1.4,3.6638591986715152e-06,1.8890754498873674e-05,-1.5226895300202159e-05,1.6653905442198802e-06,11.343137839012218
p010,Q95,max_export_lp,0.3,1.5,1.6,5.01528769902837e-07,4.003927585316536e-06,-3.5023988154136987e-06,2.279676239447248e-07,17.56357993311965
p010,Q95,weighted_proportional,0.0,1.1,1.2,2.387422730831215,5.56811491602123,-3.180692185190015,0.5421650872444104,10.270146579008877
p010,Q95,weighted_proportional,0.05,1.0,1.1,2.8850570251624865,5.139753774810664,-2.2546967496481773,0.07670014182305229,67.01100744595894
p010,Q95,weighted_proportional,0.05,1.1,1.2,1.9558072749181477,5.568114916021355,-3.6123076411032073,0.9737805431574778,5.718038787226919
p010,Q95,weighted_proportional,0.05,1.2,1.3,0.4972339033922496,5.981162654941599,-5.48392875154935,2.3979188998613994,2.494313988386893
p010,Q95,weighted_proportional,0.05,1.3,1.4,0.011081694343870185,6.378110032378245,-6.367028338034375,2.8475212022463503,2.239881489678351
p010,Q95,weighted_proportional,0.1,1.0,1.1,2.4698467767567434,4.818519163884958,-2.3486723871282145,0.49191039022879535,9.795522232502119
p010,Q95,weighted_proportional,0.1,1.1,1.2,1.8107797172103381,5.220107733770026,-3.4093280165596873,1.1188081008652873,4.66577577489186
p010,Q95,weighted_proportional,0.1,1.2,1.3,0.9047352510167667,5.607339989007768,-4.702604737991001,1.9904175522368825,2.817167675549331
p010,Q95,weighted_proportional,0.1,1.3,1.4,0.22298945841237733,5.979478155354497,-5.756488696942119,2.635613438177843,2.268723504266417
p010,Q95,weighted_proportional,0.1,1.4,1.5,0.05833307580697944,6.3358885302523955,-6.277555454445416,2.761760531360881,2.2941484094315494
p010,Q95,weighted_proportional,0.2,1.0,1.1,2.036208052302556,3.533580720182304,-1.4973726678797483,0.9255491146829831,3.8178208634477686
p010,Q95,weighted_proportional,0.2,1.1,1.2,1.8107797172103381,3.828079004764791,-2.0172992875544526,1.1188081008652873,3.421568901587458
p010,Q95,weighted_proportional,0.2,1.2,1.3,0.9047352510167667,4.112049325272219,-3.207314074255452,1.9904175522368825,2.065922962069437
p010,Q95,weighted_proportional,0.2,1.3,1.4,0.8933134051844414,4.384950647259904,-3.4916372420754627,1.9652894914057792,2.231198338176292
p010,Q95,weighted_proportional,0.2,1.4,1.5,0.4095881536759216,4.646318255518366,-4.236730101842445,2.410505453491939,1.927528622176546
p010,Q95,weighted_proportional,0.2,1.5,1.6,0.17373648602123093,4.895764025715205,-4.722027539693974,2.6060472903184086,1.878616724993136
p010,Q95,weighted_proportional,0.2,1.6,1.7,0.009559489337764016,62.034964009046604,-62.025404519708836,0.1433923400664533,432.6239740581492
p010,Q95,weighted_proportional,0.3,1.0,1.1,2.036208052302556,3.533580720182304,-1.4973726678797483,0.9255491146829831,3.8178208634477686
p010,Q95,weighted_proportional,0.3,1.1,1.2,1.8107797172103381,3.828079004764791,-2.0172992875544526,1.1188081008652873,3.421568901587458
p010,Q95,weighted_proportional,0.3,1.2,1.3,0.9047352510167667,4.112049325272219,-3.207314074255452,1.9904175522368825,2.065922962069437
p010,Q95,weighted_proportional,0.3,1.3,1.4,0.8933134051844414,4.384950647260126,-3.4916372420756847,1.9652894914057792,2.2311983381764047
p010,Q95,weighted_proportional,0.3,1.4,1.5,0.8812792522399568,4.646318255518138,-3.765039003278181,1.9388143549279035,2.396474032549091
p010,Q95,weighted_proportional,0.3,1.5,1.6,0.6057016374571983,4.895764025715218,-4.29006238825802,2.174082138882441,2.25187629214038
p010,Q95,weighted_proportional,0.3,1.6,1.7,0.009559489337764016,55.240414010274556,-55.23085452093679,0.1433923400664533,385.2396437959943
p011,Q0,equal_kw_reduction,0.0,1.1,1.2,1.7603357961062938,4.749549377445483,-2.9892135813391896,1.6846624404135007,2.8192884601141257
p011,Q0,equal_kw_reduction,0.05,1.0,1.1,3.334431193951,3.9855399949918007,-0.6511088010408006,0.12763725121678338,31.225523559909842
p011,Q0,equal_kw_reduction,0.05,1.1,1.2,1.7366878724522916,4.43149919592023,-2.6948113234679383,1.7083103640675028,2.5940831883550652
p011,Q0,equal_kw_reduction,0.05,1.2,1.3,0.15128517487078552,4.885692721875168,-4.734407547004382,3.2763276635263336,1.4912100447904113
p011,Q0,equal_kw_reduction,0.1,1.0,1.1,2.782116866371372,3.5183355458182146,-0.7362186794468428,0.6799515787964117,5.174391317755378
p011,Q0,equal_kw_reduction,0.1,1.1,1.2,1.7366878724522916,3.9120172327620217,-2.17532936030973,1.7083103640675028,2.289992096897119
p011,Q0,equal_kw_reduction,0.1,1.2,1.3,0.6967164422964495,4.312967976966495,-3.6162515346700452,2.7308963961006696,1.5793231786913622
p011,Q0,equal_kw_reduction,0.1,1.3,1.4,0.13231092007433276,4.722740111203064,-4.590429191128731,3.2775340209033126,1.4409431240324522
p011,Q0,equal_kw_reduction,0.2,1.0,1.1,2.380172056052853,3.156013728091777,-0.7758416720389238,1.08189638911493,2.9171127289496046
p011,Q0,equal_kw_reduction,0.2,1.1,1.2,1.7366878724522916,3.5091536694964454,-1.7724657970441537,1.7083103640675028,2.054166352501145
p011,Q0,equal_kw_reduction,0.2,1.2,1.3,1.0711290119991002,3.8688140931597284,-2.797685081160628,2.356483826398019,1.6417740914748256
p011,Q0,equal_kw_reduction,0.2,1.3,1.4,0.7423589891084464,4.236387471024935,-3.494028481916489,2.6674859518691987,1.5881573689474742
p011,Q0,equal_kw_reduction,0.2,1.4,1.5,0.21197627087087695,4.613409029240116,-4.401432758369239,3.1796440630631264,1.4509199576243652
p011,Q0,equal_kw_reduction,0.2,1.5,1.6,0.008438090392359765,0.1921465915439291,-0.18370850115156934,0.12657135588536872,1.518089066833965
p011,Q0,equal_kw_reduction,0.3,1.0,1.1,2.38017205605285,3.0511310966446286,-0.6709590405917787,1.0818963891149336,2.820169405631038
p011,Q0,equal_kw_reduction,0.3,1.1,1.2,1.7366878724522952,3.392535269603817,-1.655847397151522,1.7083103640674995,1.985901005439179
p011,Q0,equal_kw_reduction,0.3,1.2,1.3,1.0711290119991002,3.7402432320576553,-2.669114220058555,2.356483826398019,1.5872136231780416
p011,Q0,equal_kw_reduction,0.3,1.3,1.4,1.0655765440555145,4.105162416710363,-3.0395858726548486,2.3442683969221307,1.7511486407017942
p011,Q0,equal_kw_reduction,0.3,1.4,1.5,0.7924149659238113,4.474031112949035,-3.681616147025224,2.599205368010192,1.7213072764519974
p011,Q0,equal_kw_reduction,0.3,1.5,1.6,0.008438090392359765,0.18634155856672718,-0.17790346817436742,0.12657135588536872,1.4722253488023804
p011,Q0,fairness_qp,0.0,1.3,1.4,0.3478341234605595,3.098882915291527,-2.751048791830968,1.57022800094328,1.973524171922766
p011,Q0,fairness_qp,0.05,1.1,1.2,2.1811278533478,3.1736270468721988,-0.9924991935243987,0.07354017492190029,43.155010852810626
p011,Q0,fairness_qp,0.05,1.2,1.3,1.5946442287923106,3.1582297178859435,-1.563585489093633,0.4955038489966798,6.373774339555344
p011,Q0,fairness_qp,0.05,1.3,1.4,0.7298322101739128,3.081914763930986,-2.3520825537570733,1.1882299142299269,2.593702386232488
p011,Q0,fairness_qp,0.05,1.4,1.5,0.1682399680882976,2.9546779598369004,-2.7864379917486026,1.5752615250975224,1.8756745548355724
p011,Q0,fairness_qp,0.05,1.5,1.6,0.018805969116929278,2.7882333303762206,-2.7694273612592912,1.552354564654232,1.7961317561476462
p011,Q0,fairness_qp,0.1,1.0,1.1,2.2561772784872764,2.881307889763613,-0.6251306112763366,0.15041181856582236,19.15612694026907
p011,Q0,fairness_qp,0.1,1.1,1.2,1.8195905768152374,2.9695567143463926,-1.1499661375311554,0.4350774514544631,6.825351910146504
p011,Q0,fairness_qp,0.1,1.2,1.3,1.436976803479928,2.970548978887655,-1.533572175407727,0.6531712743090625,4.547886742309603
p011,Q0,fairness_qp,0.1,1.3,1.4,0.7298322101739128,2.8981101382570746,-2.168277928083162,1.1882299142299269,2.439014624653087
p011,Q0,fairness_qp,0.1,1.4,1.5,0.5448442166205714,2.7780223256184957,-2.233178108997924,1.1986572765652488,2.317611864484664
p011,Q0,fairness_qp,0.1,1.5,1.6,0.1734214098284212,2.6212414640676904,-2.447820054239269,1.3977391239427401,1.8753438457626463
p011,Q0,fairness_qp,0.1,1.6,1.7,0.08780774726566132,2.4389679770686348,-2.3511602298029732,1.317116208984892,1.8517485096841677
p011,Q0,fairness_qp,0.1,1.7,1.8,0.05871475099056972,2.241646054511444,-2.182931303520874,1.189016931631072,1.8852936361775725
p011,Q0,fairness_qp,0.2,1.0,1.1,1.6545300042240043,2.2148686689073065,-0.560338664683302,0.7520590928290944,2.9450726545641746
p011,Q0,fairness_qp,0.2,1.1,1.2,1.550084269435422,2.3814556628241577,-0.8313713933887357,0.7045837588342784,3.3799468593545714
p011,Q0,fairness_qp,0.2,1.2,1.3,1.436976803479928,2.433598701981954,-0.9966218985020259,0.6531712743090625,3.725820160349615
p011,Q0,fairness_qp,0.2,1.3,1.4,0.7298322101739128,2.3736020282852306,-1.643769818111318,1.1882299142299269,1.9975949097557646
p011,Q0,fairness_qp,0.2,1.4,1.5,0.5448442166205645,2.274810039363105,-1.7299658227425407,1.1986572765652557,1.8977985482902653
p011,Q0,fairness_qp,0.2,1.5,1.6,0.49098766680349265,2.146142249262954,-1.6551545824594616,1.0801728669676685,1.986850730001897
p011,Q0,fairness_qp,0.2,1.6,1.7,0.43903873632829965,1.9967266745331766,-1.557687938204877,0.9658852199222536,2.0672504696716425
p011,Q0,fairness_qp,0.2,1.7,1.8,0.31284223412614276,1.8350817179245138,-1.522239483798371,0.9348894484954989,1.9628863293704708
p011,Q0,fairness_qp,0.2,1.8,1.9,0.06884186468953529,1.6684478690674533,-1.5996060043779181,1.0326279703430017,1.615729882382767
p011,Q0,fairness_qp,0.2,1.9,2.0,0.06045008599177282,1.5026398015105662,-1.4421897155187935,0.9067512898765298,1.6571686396113947
p011,Q0,fairness_qp,0.3,1.0,1.1,1.6545300042240043,2.1571156579137734,-0.5025856536897688,0.7520590928290944,2.868279472294045
p011,Q0,fairness_qp,0.3,1.1,1.2,1.550084269435422,2.193690234446873,-0.6436059650114512,0.7045837588342784,3.1134555784769944
p011,Q0,fairness_qp,0.3,1.2,1.3,1.436976803479928,2.183158738276847,-0.746181934796919,0.6531712743090625,3.342398577748593
p011,Q0,fairness_qp,0.3,1.3,1.4,0.7298322101739128,2.130482004262961,-1.4006497940890483,1.1882299142299269,1.792988022561015
p011,Q0,fairness_qp,0.3,1.4,1.5,0.5448442166205645,2.0425760819592007,-1.4977318653386362,1.1986572765652557,1.704053462063976
p011,Q0,fairness_qp,0.3,1.5,1.6,0.49098766680349265,1.9275459254026115,-1.4365582585991188,1.0801728669676685,1.7844791184338333
p011,Q0,fairness_qp,0.3,1.6,1.7,0.4390387363282927,1.7936631657234496,-1.354624429395157,0.9658852199222606,1.857014817834994
p011,Q0,fairness_qp,0.3,1.7,1.8,0.3899161508192639,1.6486334254518231,-1.2587172746325592,0.8578155318023778,1.9218973827482908
p011,Q0,fairness_qp,0.3,1.8,1.9,0.3442093234476695,1.4990145595293602,-1.1548052360816907,0.7572605115848674,1.9795229469870004
p011,Q0,fairness_qp,0.3,1.9,2.0,0.30225042995884327,1.3500574111382988,-1.0478069811794555,0.6649509459094594,2.030311287536877
p011,Q0,flat_level,0.05,1.0,1.1,0.6777421875000036,13.292007953659208,-12.614265766159205,2.9368828124999995,4.525889796176268
p011,Q0,flat_level,0.1,1.0,1.1,1.1295703125000014,13.173329311215683,-12.043758998715681,2.4850546875000017,5.301021896008344
p011,Q0,flat_level,0.1,1.1,1.2,0.2259140624999989,14.716301064730153,-14.490387002230154,3.3887109374999973,4.342743106789457
p011,Q0,flat_level,0.2,1.0,1.1,1.1295703125000014,12.283239492890182,-11.15366918039018,2.4850546875000017,4.942844740872598
p011,Q0,flat_level,0.2,1.1,1.2,1.1295703125000014,13.721956398194465,-12.592386085694462,2.485054687499995,5.521792525217614
p011,Q0,flat_level,0.2,1.2,1.3,0.2259140624999989,15.254908929353828,-15.028994866853829,3.3887109375000044,4.501684921112811
p011,Q0,flat_level,0.2,1.3,1.4,0.07367062909434396,5.288129963476037,-5.214459334381694,1.1050594364151525,4.785380577022081
p011,Q0,flat_level,0.3,1.0,1.1,1.1295703125000014,10.799756462347828,-9.670186149847826,2.4850546875000017,4.345882815646414
p011,Q0,flat_level,0.3,1.1,1.2,1.1295703125000014,13.340355743167894,-12.210785430667892,2.485054687499995,5.368234272779127
p011,Q0,flat_level,0.3,1.2,1.3,1.1295703125000014,15.18121371713472,-14.051643404634717,2.4850546875000017,6.109005887676147
p011,Q0,flat_level,0.3,1.3,1.4,0.07367062909433703,5.2496609607052065,-5.175990331610869,1.1050594364151594,4.750568872327119
p011,Q0,weighted_proportional,0.0,1.1,1.2,2.3874227307930234,5.568114917717207,-3.1806921869241833,0.5421650872435985,10.270146582152412
p011,Q0,weighted_proportional,0.05,1.0,1.1,2.8850570252129843,5.13975377244243,-2.2546967472294455,0.07670014182543927,67.01100741299697
p011,Q0,weighted_proportional,0.05,1.1,1.2,1.9558072748820863,5.568114917717241,-3.6123076428351553,0.9737805431545357,5.718038788985744
p011,Q0,weighted_proportional,0.05,1.2,1.3,0.49723390339493495,5.981162653474794,-5.483928750079858,2.3979188998984395,2.494313987736665
p011,Q0,weighted_proportional,0.05,1.3,1.4,0.011081694341441573,6.378110031320883,-6.367028336979441,2.8475212022826475,2.2398814892784724
p011,Q0,weighted_proportional,0.1,1.0,1.1,2.4698467767967776,4.8185191616648,-2.3486723848680224,0.4919103902416462,9.795522227732878
p011,Q0,weighted_proportional,0.1,1.1,1.2,1.8107797171838316,5.220107735360004,-3.409328018176172,1.1188081008527904,4.665775776365112
p011,Q0,weighted_proportional,0.1,1.2,1.3,0.9047352510291804,5.607339987632624,-4.702604736603444,1.990417552264194,2.817167674819794
p011,Q0,weighted_proportional,0.1,1.3,1.4,0.22298945840475842,5.97947815436322,-5.756488695958462,2.635613438219331,2.2687235038545963
p011,Q0,weighted_proportional,0.1,1.4,1.5,0.058333075802434464,6.335888544646777,-6.2775554688443425,2.7617605308901534,2.294148415034606
p011,Q0,weighted_proportional,0.2,1.0,1.1,2.0362080523389157,3.5335807185542176,-1.497372666215302,0.9255491146995081,3.8178208616205547
p011,Q0,weighted_proportional,0.2,1.1,1.2,1.8107797171838316,3.8280790059306637,-2.017299288746832,1.1188081008527904,3.4215689026677434
p011,Q0,weighted_proportional,0.2,1.2,1.3,0.9047352510291804,4.112049324263671,-3.2073140732344907,1.990417552264194,2.065922961534388
p011,Q0,weighted_proportional,0.2,1.3,1.4,0.8933134051950231,4.384950646533298,-3.4916372413382746,1.9652894914290662,2.231198337780134
p011,Q0,weighted_proportional,0.2,1.4,1.5,0.4095881536280224,4.646318266074208,-4.236730112446185,2.410505453064565,1.927528626897388
p011,Q0,weighted_proportional,0.2,1.5,1.6,0.1737364860352475,4.895764020540927,-4.7220275345056795,2.606047290528754,1.8786167228560158
p011,Q0,weighted_proportional,0.2,1.6,1.7,0.00955948934890094,62.03496400798593,-62.02540451863703,0.14339234023344472,432.6239735469283
p011,Q0,weighted_proportional,0.3,1.0,1.1,2.0362080523389157,3.5335807185539956,-1.49737266621508,0.9255491146995081,3.817820861620315
p011,Q0,weighted_proportional,0.3,1.1,1.2,1.8107797171838316,3.8280790059306637,-2.017299288746832,1.1188081008527904,3.4215689026677434
p011,Q0,weighted_proportional,0.3,1.2,1.3,0.9047352510291804,4.112049324263893,-3.2073140732347127,1.990417552264194,2.0659229615344996
p011,Q0,weighted_proportional,0.3,1.3,1.4,0.8933134051950231,4.384950646533298,-3.4916372413382746,1.9652894914290662,2.231198337780134
p011,Q0,weighted_proportional,0.3,1.4,1.5,0.8812792520914368,4.646318266074388,-3.7650390139829515,1.938814354601151,2.3964740383976677
p011,Q0,weighted_proportional,0.3,1.5,1.6,0.6057016375718358,4.895764020540754,-4.290062382968918,2.1740821389921656,2.2518762896466606
p011,Q0,weighted_proportional,0.3,1.6,1.7,0.00955948934890094,55.240414008518435,-55.23085451916954,0.14339234023344472,385.23964333510617
p011,Q95,equal_kw_reduction,0.0,1.1,1.2,1.7603357961062938,4.749549377445483,-2.9892135813391896,1.6846624404135007,2.8192884601141257
p011,Q95,equal_kw_reduction,0.05,1.0,1.1,3.334431193951,3.9855399949918007,-0.6511088010408006,0.12763725121678338,31.225523559909842
p011,Q95,equal_kw_reduction,0.05,1.1,1.2,1.7366878724522916,4.43149919592023,-2.6948113234679383,1.7083103640675028,2.5940831883550652
p011,Q95,equal_kw_reduction,0.05,1.2,1.3,0.15128517487078552,4.885692721875168,-4.734407547004382,3.2763276635263336,1.4912100447904113
p011,Q95,equal_kw_reduction,0.1,1.0,1.1,2.782116866371372,3.5183355458182146,-0.7362186794468428,0.6799515787964117,5.174391317755378
p011,Q95,equal_kw_reduction,0.1,1.1,1.2,1.7366878724522916,3.9120172327620217,-2.17532936030973,1.7083103640675028,2.289992096897119
p011,Q95,equal_kw_reduction,0.1,1.2,1.3,0.6967164422964495,4.312967976966495,-3.6162515346700452,2.7308963961006696,1.5793231786913622
p011,Q95,equal_kw_reduction,0.1,1.3,1.4,0.13231092007433276,4.722740111203064,-4.590429191128731,3.2775340209033126,1.4409431240324522
p011,Q95,equal_kw_reduction,0.2,1.0,1.1,2.380172056052853,3.156013728091777,-0.7758416720389238,1.08189638911493,2.9171127289496046
p011,Q95,equal_kw_reduction,0.2,1.1,1.2,1.7366878724522916,3.5091536694964454,-1.7724657970441537,1.7083103640675028,2.054166352501145
p011,Q95,equal_kw_reduction,0.2,1.2,1.3,1.0711290119991002,3.8688140931597284,-2.797685081160628,2.356483826398019,1.6417740914748256
p011,Q95,equal_kw_reduction,0.2,1.3,1.4,0.7423589891084464,4.236387471024935,-3.494028481916489,2.6674859518691987,1.5881573689474742
p011,Q95,equal_kw_reduction,0.2,1.4,1.5,0.21197627087087695,4.613409029240116,-4.401432758369239,3.1796440630631264,1.4509199576243652
p011,Q95,equal_kw_reduction,0.2,1.5,1.6,0.008438090392359765,0.1921465915439291,-0.18370850115156934,0.12657135588536872,1.518089066833965
p011,Q95,equal_kw_reduction,0.3,1.0,1.1,2.38017205605285,3.0511310966446286,-0.6709590405917787,1.0818963891149336,2.820169405631038
p011,Q95,equal_kw_reduction,0.3,1.1,1.2,1.7366878724522952,3.392535269603817,-1.655847397151522,1.7083103640674995,1.985901005439179
p011,Q95,equal_kw_reduction,0.3,1.2,1.3,1.0711290119991002,3.7402432320576553,-2.669114220058555,2.356483826398019,1.5872136231780416
p011,Q95,equal_kw_reduction,0.3,1.3,1.4,1.0655765440555145,4.105162416710363,-3.0395858726548486,2.3442683969221307,1.7511486407017942
p011,Q95,equal_kw_reduction,0.3,1.4,1.5,0.7924149659238113,4.474031112949035,-3.681616147025224,2.599205368010192,1.7213072764519974
p011,Q95,equal_kw_reduction,0.3,1.5,1.6,0.008438090392359765,0.18634155856672718,-0.17790346817436742,0.12657135588536872,1.4722253488023804
p011,Q95,fairness_qp,0.0,1.3,1.4,0.347832645988054,3.098885125648841,-2.751052479660787,1.5702304238160922,1.9735225344301361
p011,Q95,fairness_qp,0.05,1.1,1.2,2.1811261657666905,3.173624802477827,-0.9924986367111366,0.07353973597582636,43.155237918192235
p011,Q95,fairness_qp,0.05,1.2,1.3,1.5946518287458522,3.1582523486052283,-1.563600519859376,0.49550474965290997,6.373808426291602
p011,Q95,fairness_qp,0.05,1.3,1.4,0.7298319515593177,3.081916878483609,-2.3520849269242916,1.1882311182448286,2.593701537657085
p011,Q95,fairness_qp,0.05,1.4,1.5,0.1682395594991143,2.954685331130455,-2.7864457716313407,1.5752650877510348,1.875674992168323
p011,Q95,fairness_qp,0.05,1.5,1.6,0.018805620558358382,2.7882357600448535,-2.769430139486495,1.5523562013734642,1.7961314275537605
p011,Q95,fairness_qp,0.1,1.0,1.1,2.256175159972968,2.881305372880411,-0.6251302129074432,0.1504116773315342,19.156128194285735
p011,Q95,fairness_qp,0.1,1.1,1.2,1.819590338980319,2.9695553176344798,-1.149964978654161,0.435075562762198,6.825378329183633
p011,Q95,fairness_qp,0.1,1.2,1.3,1.4369826476491459,2.970564292280056,-1.5335816446309103,0.6531739307496163,4.547891690764331
p011,Q95,fairness_qp,0.1,1.3,1.4,0.7298319515593177,2.898111872308956,-2.1682799207496384,1.1882311182448286,2.439013612595707
p011,Q95,fairness_qp,0.1,1.4,1.5,0.5448452022656716,2.778028487040958,-2.2331832847752864,1.1986594449844776,2.317612812100215
p011,Q95,fairness_qp,0.1,1.5,1.6,0.1734200961041807,2.6212440585234518,-2.447823962419271,1.397741725827642,1.8753422110020646
p011,Q95,fairness_qp,0.1,1.6,1.7,0.08780747239980902,2.438959872186813,-2.3511523997870043,1.3171120859971213,1.8517481527324955
p011,Q95,fairness_qp,0.1,1.7,1.8,0.05871459678780805,2.241639108786893,-2.1829245119990848,1.1890109458595477,1.8852972856077366
p011,Q95,fairness_qp,0.2,1.0,1.1,1.6545284506468416,2.2148659215539546,-0.5603374709071129,0.7520583866576607,2.945071766831009
p011,Q95,fairness_qp,0.2,1.1,1.2,1.5500828074479847,2.381455699496139,-0.8313728920481545,0.7045830942945321,3.3799500992577536
p011,Q95,fairness_qp,0.2,1.2,1.3,1.4369826476491459,2.4336141456119535,-0.9966314979628077,0.6531739307496163,3.725828651518612
p011,Q95,fairness_qp,0.2,1.3,1.4,0.7298319515593177,2.3736037382383888,-1.6437717866790713,1.1882311182448286,1.9975943247004924
p011,Q95,fairness_qp,0.2,1.4,1.5,0.5448452022656716,2.2748155315420253,-1.7299703292763535,1.1986594449844776,1.8977996970369542
p011,Q95,fairness_qp,0.2,1.5,1.6,0.49098806935369416,2.1461442165257374,-1.6551561471720433,1.0801737525781285,1.9868509222737365
p011,Q95,fairness_qp,0.2,1.6,1.7,0.43903736199903814,1.996720220727298,-1.5576828587282598,0.9658821963978923,2.067250259062395
p011,Q95,fairness_qp,0.2,1.7,1.8,0.3128412335667158,1.8350766959061433,-1.5222354623394274,0.93488430908064,1.962891748296372
p011,Q95,fairness_qp,0.2,1.8,1.9,0.06884235956717416,1.6684614319104687,-1.5996190723432946,1.0326353935077026,1.6157314018096587
p011,Q95,fairness_qp,0.2,1.9,2.0,0.0604497310423488,1.5026275200551373,-1.4421777890127885,0.9067459656351556,1.6571648256549778
p011,Q95,fairness_qp,0.3,1.0,1.1,1.6545284506468452,2.1571132219251368,-0.5025847712782916,0.7520583866576571,2.8682789264699355
p011,Q95,fairness_qp,0.3,1.1,1.2,1.5500828074479813,2.1936886189833116,-0.6436058115353305,0.7045830942945357,3.113456222192989
p011,Q95,fairness_qp,0.3,1.2,1.3,1.4369826476491494,2.1831755552771566,-0.7461929076280072,0.6531739307496127,3.3424107308931372
p011,Q95,fairness_qp,0.3,1.3,1.4,0.7298319515593177,2.1304835238834805,-1.400651572324163,1.1882311182448286,1.7929874846490144
p011,Q95,fairness_qp,0.3,1.4,1.5,0.5448452022656716,2.0425813330467517,-1.49773613078108,1.1986594449844776,1.704054760168517
p011,Q95,fairness_qp,0.3,1.5,1.6,0.49098806935369416,1.9275475431534197,-1.4365594737997256,1.0801737525781285,1.7844791530555182
p011,Q95,fairness_qp,0.3,1.6,1.7,0.43903736199903814,1.793657154214444,-1.3546197922154057,0.9658821963978923,1.8570144070401233
p011,Q95,fairness_qp,0.3,1.7,1.8,0.38991423207729997,1.6486308467484403,-1.2587166146711404,0.8578113105700558,1.9219038341343948
p011,Q95,fairness_qp,0.3,1.8,1.9,0.34421179783589856,1.4990269986273133,-1.1548152007914148,0.7572659552389782,1.9795251433880319
p011,Q95,fairness_qp,0.3,1.9,2.0,0.30224865521172317,1.3500454191072708,-1.0477967638955477,0.6649470414657812,2.0303051745764407
p011,Q95,flat_level,0.05,1.0,1.1,0.6777421875000036,13.292007953659208,-12.614265766159205,2.9368828124999995,4.525889796176268
p011,Q95,flat_level,0.1,1.0,1.1,1.1295703125000014,13.173329311215683,-12.043758998715681,2.4850546875000017,5.301021896008344
p011,Q95,flat_level,0.1,1.1,1.2,0.2259140624999989,14.716301064730153,-14.490387002230154,3.3887109374999973,4.342743106789457
p011,Q95,flat_level,0.2,1.0,1.1,1.1295703125000014,12.283239492890182,-11.15366918039018,2.4850546875000017,4.942844740872598
p011,Q95,flat_level,0.2,1.1,1.2,1.1295703125000014,13.721956398194465,-12.592386085694462,2.485054687499995,5.521792525217614
p011,Q95,flat_level,0.2,1.2,1.3,0.2259140624999989,15.254908929353828,-15.028994866853829,3.3887109375000044,4.501684921112811
p011,Q95,flat_level,0.2,1.3,1.4,0.07367062909434396,5.288129963476037,-5.214459334381694,1.1050594364151525,4.785380577022081
p011,Q95,flat_level,0.3,1.0,1.1,1.1295703125000014,10.799756462347828,-9.670186149847826,2.4850546875000017,4.345882815646414
p011,Q95,flat_level,0.3,1.1,1.2,1.1295703125000014,13.340355743167894,-12.210785430667892,2.485054687499995,5.368234272779127
p011,Q95,flat_level,0.3,1.2,1.3,1.1295703125000014,15.18121371713472,-14.051643404634717,2.4850546875000017,6.109005887676147
p011,Q95,flat_level,0.3,1.3,1.4,0.07367062909433703,5.2496609607052065,-5.175990331610869,1.1050594364151594,4.750568872327119
p011,Q95,weighted_proportional,0.0,1.1,1.2,2.387422730831111,5.568114915977161,-3.18069218514605,0.5421650872456246,10.270146578904592
p011,Q95,weighted_proportional,0.05,1.0,1.1,2.8850570251625838,5.139753774806098,-2.2546967496435144,0.07670014182305923,67.01100744589336
p011,Q95,weighted_proportional,0.05,1.1,1.2,1.9558072749184252,5.568114915977223,-3.6123076410587984,0.9737805431583104,5.71803878717671
p011,Q95,weighted_proportional,0.05,1.2,1.3,0.49723390339186796,5.9811626549929535,-5.483928751601086,2.3979188998605045,2.4943139884092407
p011,Q95,weighted_proportional,0.05,1.3,1.4,0.011081694343877124,6.378110032441091,-6.367028338097214,2.847521202244491,2.2398814897018844
p011,Q95,weighted_proportional,0.1,1.0,1.1,2.469846776756813,4.818519163880809,-2.3486723871239956,0.4919103902288301,9.795522232492992
p011,Q95,weighted_proportional,0.1,1.1,1.2,1.8107797172106506,5.220107733728593,-3.409328016517943,1.1188081008660853,4.665775774851499
p011,Q95,weighted_proportional,0.1,1.2,1.3,0.9047352510163642,5.60733998905577,-4.7026047380394065,1.9904175522360081,2.8171676755746855
p011,Q95,weighted_proportional,0.1,1.3,1.4,0.22298945841228018,5.979478155413463,-5.756488697001183,2.6356134381760876,2.2687235042903016
p011,Q95,weighted_proportional,0.1,1.4,1.5,0.0583330758070974,6.335888530306915,-6.277555454499817,2.761760531358806,2.2941484094530136
p011,Q95,weighted_proportional,0.2,1.0,1.1,2.036208052302625,3.533580720179265,-1.4973726678766397,0.9255491146830177,3.8178208634443416
p011,Q95,weighted_proportional,0.2,1.1,1.2,1.8107797172106506,3.828079004734239,-2.0172992875235884,1.1188081008660853,3.42156890155771
p011,Q95,weighted_proportional,0.2,1.2,1.3,0.9047352510163642,4.112049325307787,-3.207314074291423,1.9904175522360081,2.0659229620882145
p011,Q95,weighted_proportional,0.2,1.3,1.4,0.8933134051838654,4.384950647303071,-3.4916372421192055,1.9652894914045025,2.2311983381997056
p011,Q95,weighted_proportional,0.2,1.4,1.5,0.40958815367628243,4.646318255558474,-4.236730101882191,2.410505453489621,1.9275286221950376
p011,Q95,weighted_proportional,0.2,1.5,1.6,0.17373648602148073,4.895764025624416,-4.722027539602935,2.6060472903222944,1.8786167249554973
p011,Q95,weighted_proportional,0.2,1.6,1.7,0.009559489337750138,62.034964009015944,-62.0254045196782,0.1433923400662035,432.6239740586891
p011,Q95,weighted_proportional,0.3,1.0,1.1,2.0362080523026287,3.5335807201792684,-1.4973726678766397,0.9255491146830143,3.81782086344436
p011,Q95,weighted_proportional,0.3,1.1,1.2,1.810779717210647,3.8280790047342355,-2.0172992875235884,1.1188081008660886,3.421568901557696
p011,Q95,weighted_proportional,0.3,1.2,1.3,0.9047352510163642,4.112049325307787,-3.207314074291423,1.9904175522360081,2.0659229620882145
p011,Q95,weighted_proportional,0.3,1.3,1.4,0.8933134051838654,4.384950647303071,-3.4916372421192055,1.9652894914045025,2.2311983381997056
p011,Q95,weighted_proportional,0.3,1.4,1.5,0.8812792522393462,4.646318255558605,-3.7650390033192593,1.9388143549265573,2.3964740325716276
p011,Q95,weighted_proportional,0.3,1.5,1.6,0.6057016374584195,4.895764025624291,-4.290062388165872,2.1740821388853555,2.251876292095538
p011,Q95,weighted_proportional,0.3,1.6,1.7,0.009559489337750138,55.240414010253446,-55.2308545209157,0.1433923400662035,385.23964379651824
p012,Q0,equal_kw_reduction,0.05,1.1,1.2,0.6899571541235661,4.8323756759584,-4.142418521834834,7.0776879871286145,0.6827618969282755
p012,Q0,equal_kw_reduction,0.1,1.1,1.2,1.8326610446271208,4.301852332058403,-2.4691912874312827,5.934984096625059,0.7248296308838739
p012,Q0,equal_kw_reduction,0.1,1.2,1.3,0.3483289219964464,4.7386502211134305,-4.390321299116984,7.400579580583141,0.6403079879778876
p012,Q0,equal_kw_reduction,0.2,1.1,1.2,2.427389106641309,3.817461452845672,-1.390072346204363,5.340256034610872,0.7148461474701258
p012,Q0,equal_kw_reduction,0.2,1.2,1.3,1.8776224693970307,4.205075665384625,-2.3274531959875944,5.871286033182558,0.716210322852427
p012,Q0,equal_kw_reduction,0.2,1.3,1.4,0.48309653550826503,4.605667059262464,-4.122570523754199,7.246448032624059,0.6355758074200493
p012,Q0,equal_kw_reduction,0.2,1.4,1.5,0.04360685507696915,0.436558408835816,-0.3929515537588468,0.6541028261543708,0.6674155673695049
p012,Q0,equal_kw_reduction,0.3,1.1,1.2,2.427389106641309,3.690597174956345,-1.263208068315036,5.340256034610872,0.6910899310889066
p012,Q0,equal_kw_reduction,0.3,1.2,1.3,2.4215339070561144,4.065329948408122,-1.643796041352008,5.327374595523474,0.7631019511607403
p012,Q0,equal_kw_reduction,0.3,1.3,1.4,1.9272288478491966,4.466093617430625,-2.538864769581428,5.8023157202831275,0.7697088253606268
p012,Q0,equal_kw_reduction,0.3,1.4,1.5,0.043606855076955275,0.4233693330400745,-0.37976247796311924,0.6541028261543846,0.6472519550621063
p012,Q0,fairness_qp,0.0,1.1,1.2,1.2907856555536696,4.461274020554226,-3.1704883650005566,5.110775458224401,0.872915285952354
p012,Q0,fairness_qp,0.05,1.1,1.2,2.20086047933217,4.437579315366771,-2.2367188360346013,4.200700634445901,1.0563902790354678
p012,Q0,fairness_qp,0.05,1.2,1.3,0.17758747136097097,4.63228426573091,-4.454696794369939,6.007620874298916,0.7710680088932031
p012,Q0,fairness_qp,0.1,1.1,1.2,2.484532468888273,4.19244609866401,-1.707913629775737,3.9170286448897973,1.0703128515880336
p012,Q0,fairness_qp,0.1,1.2,1.3,1.0969254070476442,4.377548527475961,-3.2806231204283165,5.0882829386122435,0.8603194005304027
p012,Q0,fairness_qp,0.1,1.3,1.4,0.2880228872572249,4.424605746597268,-4.136582859340043,5.461709505917733,0.810113709233937
p012,Q0,fairness_qp,0.2,1.1,1.2,2.484532468888273,3.486247995808683,-1.0017155269204103,3.9170286448897973,0.8900236153128174
p012,Q0,fairness_qp,0.2,1.2,1.3,1.9328776080187182,3.641225235446938,-1.7083476274282194,4.252330737641169,0.8562892823023402
p012,Q0,fairness_qp,0.2,1.3,1.4,1.511449823602351,3.673449724806932,-2.161999901204581,4.238282569572608,0.866730725124202
p012,Q0,fairness_qp,0.2,1.4,1.5,0.3264729272051681,3.577032428783544,-3.250559501578376,4.897093908077438,0.730439827360358
p012,Q0,fairness_qp,0.2,1.5,1.6,0.26487290531582164,3.054228384658159,-2.789355479342337,3.9730935797373106,0.7687280259983444
p012,Q0,fairness_qp,0.3,1.1,1.2,2.484532468888273,3.067125889131078,-0.5825934202428051,3.9170286448897973,0.7830236046735292
p012,Q0,fairness_qp,0.3,1.2,1.3,1.9328776080187182,3.201562188727997,-1.2686845807092784,4.252330737641169,0.7528958555335586
p012,Q0,fairness_qp,0.3,1.3,1.4,1.7967913728671736,3.242423329084004,-1.4456319562168307,3.952941020307785,0.8202559341073958
p012,Q0,fairness_qp,0.3,1.4,1.5,1.6323646360258126,3.1655375501566105,-1.5331729141307981,3.5912021992567933,0.8814701524775534
p012,Q0,fairness_qp,0.3,1.5,1.6,0.661683397230356,2.7026793476714053,-2.040995950441049,3.5762830878227763,0.7557229898477592
p012,Q0,max_export_lp,0.05,1.0,1.1,1.4910328124999732,4.692591417235562,-3.201558604735588,6.461142187499616,0.7262789273256247
p012,Q0,max_export_lp,0.1,1.0,1.1,2.485054687499877,4.433789913387887,-1.9487352258880097,5.467120312499713,0.8109918311566552
p012,Q0,max_export_lp,0.1,1.1,1.2,0.49701093750000036,5.174567610678707,-4.677556673178707,7.45516406249841,0.6940917151251238
p012,Q0,max_export_lp,0.2,1.0,1.1,2.485054687499877,3.3985838979974647,-0.9135292104975878,5.467120312499713,0.6216405902440333
p012,Q0,max_export_lp,0.2,1.1,1.2,2.485054687499502,4.7307401895173715,-2.245685502017869,5.467120312498908,0.8653074962886719
p012,Q0,max_export_lp,0.2,1.2,1.3,0.49701093749975056,5.470342966429106,-4.973332028929356,7.455164062488182,0.7337656046972848
p012,Q0,max_export_lp,0.2,1.3,1.4,0.16567031250049047,1.9472694678116658,-1.7815991553111754,2.4850546875075237,0.7835921992383801
p012,Q0,max_export_lp,0.3,1.0,1.1,2.485054687499877,3.3730414737579983,-0.8879867862581214,5.467120312499713,0.6169685832678803
p012,Q0,max_export_lp,0.3,1.1,1.2,2.485054687499502,3.756768966986637,-1.271714279487135,5.467120312498908,0.6871568124077913
p012,Q0,max_export_lp,0.3,1.2,1.3,2.485054687496227,4.161600081400943,-1.676545393904716,5.467120312491705,0.7612051397318242
p012,Q0,max_export_lp,0.3,1.3,1.4,0.16567031250401543,1.4814145827864862,-1.3157442702824707,2.4850546875039985,0.5961295702004958
p012,Q0,weighted_proportional,0.0,1.1,1.2,5.2523300077457895,5.428718438782634,-0.17638843103684465,1.1927631919217556,4.551379918117689
p012,Q0,weighted_proportional,0.05,1.1,1.2,4.302776004737218,5.428718438782731,-1.1259424340455126,2.1423171949303264,2.5340404547139372
p012,Q0,weighted_proportional,0.05,1.2,1.3,1.0939145874701572,5.831425619601427,-4.73751103213127,5.275421579739356,1.1053951862344888
p012,Q0,weighted_proportional,0.05,1.3,1.4,0.024379727554299513,6.218435509955475,-6.1940557824011755,6.2645466450421265,0.992639350028123
p012,Q0,weighted_proportional,0.1,1.1,1.2,3.9837153778007894,5.0894235363587175,-1.1057081585579276,2.4613778218667557,2.0677132503366757
p012,Q0,weighted_proportional,0.1,1.2,1.3,1.990417552252974,5.466961518376487,-3.476543966123513,4.37891861495654,1.2484729676645854
p012,Q0,weighted_proportional,0.1,1.3,1.4,0.4905768085044504,5.829783290583423,-5.339206482078973,5.798349564091976,1.005421150647093
p012,Q0,weighted_proportional,0.1,1.4,1.5,0.12833276676701977,6.177271028542014,-6.048938261774994,6.075873167983664,1.0166886071770982
p012,Q0,weighted_proportional,0.2,1.2,1.3,1.990417552252974,4.009105113476116,-2.0186875612231425,4.37891861495654,0.9155468429540352
p012,Q0,weighted_proportional,0.2,1.3,1.4,1.9652894914363728,4.27517441309444,-2.3098849216580675,4.323636881160054,0.9887912723945933
p012,Q0,weighted_proportional,0.2,1.4,1.5,0.9010939379899968,4.529998754264311,-3.6289048162743143,5.303111996760687,0.8542151772452442
p012,Q0,weighted_proportional,0.2,1.5,1.6,0.3822202692802118,4.773199691405508,-4.390979422125296,5.733304039203135,0.832539083705899
p012,Q0,weighted_proportional,0.2,1.6,1.7,0.02103087656489533,60.48193287152535,-60.46090199496046,0.3154631484733883,191.7242415293635
p012,Q0,weighted_proportional,0.3,1.2,1.3,1.990417552252974,4.009105113475894,-2.0186875612229205,4.37891861495654,0.9155468429539845
p012,Q0,weighted_proportional,0.3,1.3,1.4,1.9652894914363728,4.27517441309444,-2.3098849216580675,4.323636881160054,0.9887912723945933
p012,Q0,weighted_proportional,0.3,1.4,1.5,1.9388143546095886,4.5299987542642555,-2.591184399654667,4.265391580141095,1.0620358457486352
p012,Q0,weighted_proportional,0.3,1.5,1.6,1.3325436026606212,4.773199691405619,-3.4406560887449977,4.782980705822726,0.9979550378689173
p012,Q0,weighted_proportional,0.3,1.6,1.7,0.02103087656489533,53.85748288511903,-53.83645200855413,0.3154631484733883,170.725116850415
p012,Q95,equal_kw_reduction,0.05,1.1,1.2,0.6899571541235661,4.8323756759584,-4.142418521834834,7.0776879871286145,0.6827618969282755
p012,Q95,equal_kw_reduction,0.1,1.1,1.2,1.8326610446271208,4.301852332058403,-2.4691912874312827,5.934984096625059,0.7248296308838739
p012,Q95,equal_kw_reduction,0.1,1.2,1.3,0.3483289219964464,4.7386502211134305,-4.390321299116984,7.400579580583141,0.6403079879778876
p012,Q95,equal_kw_reduction,0.2,1.1,1.2,2.427389106641309,3.817461452845672,-1.390072346204363,5.340256034610872,0.7148461474701258
p012,Q95,equal_kw_reduction,0.2,1.2,1.3,1.8776224693970307,4.205075665384625,-2.3274531959875944,5.871286033182558,0.716210322852427
p012,Q95,equal_kw_reduction,0.2,1.3,1.4,0.48309653550826503,4.605667059262464,-4.122570523754199,7.246448032624059,0.6355758074200493
p012,Q95,equal_kw_reduction,0.2,1.4,1.5,0.04360685507696915,0.436558408835816,-0.3929515537588468,0.6541028261543708,0.6674155673695049
p012,Q95,equal_kw_reduction,0.3,1.1,1.2,2.427389106641309,3.690597174956345,-1.263208068315036,5.340256034610872,0.6910899310889066
p012,Q95,equal_kw_reduction,0.3,1.2,1.3,2.4215339070561144,4.065329948408122,-1.643796041352008,5.327374595523474,0.7631019511607403
p012,Q95,equal_kw_reduction,0.3,1.3,1.4,1.9272288478491966,4.466093617430625,-2.538864769581428,5.8023157202831275,0.7697088253606268
p012,Q95,equal_kw_reduction,0.3,1.4,1.5,0.043606855076955275,0.4233693330400745,-0.37976247796311924,0.6541028261543846,0.6472519550621063
p012,Q95,fairness_qp,0.0,1.1,1.2,1.290783025645545,4.461289513113184,-3.170506487467639,5.110776867952152,0.8729180765234206
p012,Q95,fairness_qp,0.05,1.1,1.2,2.200858759378324,4.437593780248397,-2.236735020870073,4.200701134219373,1.0563935967972753
p012,Q95,fairness_qp,0.05,1.2,1.3,0.17758738325299173,4.6322855555245015,-4.4546981722715095,6.00761784861413,0.7710686119279544
p012,Q95,fairness_qp,0.1,1.1,1.2,2.484531101366358,4.192455766141897,-1.7079246647755397,3.917028792231339,1.070315279391567
p012,Q95,fairness_qp,0.1,1.2,1.3,1.0969248600036507,4.377549193445657,-3.280624333442006,5.088280371863471,0.8603199653957896
p012,Q95,fairness_qp,0.1,1.3,1.4,0.28802299376129437,4.424611232248465,-4.136588238487171,5.461717526086124,0.8101135240179932
p012,Q95,fairness_qp,0.2,1.1,1.2,2.484531101366358,3.4862556564756315,-1.0017245551092735,3.917028792231339,0.8900255375681532
p012,Q95,fairness_qp,0.2,1.2,1.3,1.9328766349584747,3.641225692215394,-1.7083490572569193,4.252328596908647,0.8562898207966544
p012,Q95,fairness_qp,0.2,1.3,1.4,1.5114507575356428,3.6734544786281855,-2.1620037210925425,4.2382897623117755,0.8667303758449255
p012,Q95,fairness_qp,0.2,1.4,1.5,0.326472609003689,3.5770255861150986,-3.2505529771114094,4.897089135055391,0.7304391420015758
p012,Q95,fairness_qp,0.2,1.5,1.6,0.26487285222311086,3.0542289643357283,-2.7893561121126176,3.9730927833467184,0.7687283259876482
p012,Q95,fairness_qp,0.3,1.1,1.2,2.484531101366358,3.0671365402652335,-0.5826054388988755,3.917028792231339,0.783026294406694
p012,Q95,fairness_qp,0.3,1.2,1.3,1.9328766349584747,3.201563169127147,-1.2686865341686726,4.252328596908647,0.752896465116693
p012,Q95,fairness_qp,0.3,1.3,1.4,1.796793912452313,3.242427212107171,-1.4456332996548582,3.952946607395105,0.8202557570702558
p012,Q95,fairness_qp,0.3,1.4,1.5,1.632363045018459,3.165530731516042,-1.533167686497583,3.591198699040621,0.8814691129069815
p012,Q95,fairness_qp,0.3,1.5,1.6,0.6616830112916722,2.7026823371913005,-2.0409993258996284,3.576282624278157,0.7557239237312277
p012,Q95,max_export_lp,0.05,1.0,1.1,1.4910328124999317,4.692591580866407,-3.201558768366475,6.461142187498909,0.7262789526510787
p012,Q95,max_export_lp,0.1,1.0,1.1,2.485054687499641,4.433789698498433,-1.9487350109987922,5.467120312499199,0.8109917918509467
p012,Q95,max_export_lp,0.1,1.1,1.2,0.4970109374999171,5.174565168324305,-4.677554230824388,7.455164062493982,0.6940913875198145
p012,Q95,max_export_lp,0.2,1.0,1.1,2.485054687499641,3.3985821690269287,-0.9135274815272876,5.467120312499199,0.6216402739952371
p012,Q95,max_export_lp,0.2,1.1,1.2,2.4850546874981005,4.730728971992837,-2.2456742844947364,5.467120312495799,0.8653054444732365
p012,Q95,max_export_lp,0.2,1.2,1.3,0.49701093750201264,5.470339274452868,-4.973328336950855,7.455164062501226,0.7337651094719913
p012,Q95,max_export_lp,0.2,1.3,1.4,0.1656703124999631,1.9472730978645076,-1.7816027853645444,2.4850546874994466,0.7835936599946318
p012,Q95,max_export_lp,0.3,1.0,1.1,2.485054687499641,3.3730392737662402,-0.8879845862665992,5.467120312499199,0.6169681808638146
p012,Q95,max_export_lp,0.3,1.1,1.2,2.4850546874981005,3.7567565142870296,-1.271701826788929,5.467120312495799,0.6871545346643433
p012,Q95,max_export_lp,0.3,1.2,1.3,2.485054687501001,4.1615854671208234,-1.6765307796198226,5.467120312502239,0.7612024666082597
p012,Q95,max_export_lp,0.3,1.3,1.4,0.1656703125009762,1.4814285929764526,-1.3157582804754764,2.4850546874984336,0.5961352079811669
p012,Q95,weighted_proportional,0.0,1.1,1.2,5.252330006546221,5.428718461830559,-0.17638845528433755,1.1927631919283894,4.551379937415512
p012,Q95,weighted_proportional,0.05,1.1,1.2,4.3027760036147,5.428718461830434,-1.125942458215734,2.1423171948599107,2.534040465555534
p012,Q95,weighted_proportional,0.05,1.2,1.3,1.0939145874654526,5.831425620404743,-4.73751103293929,5.275421579695461,1.1053951863959617
p012,Q95,weighted_proportional,0.05,1.3,1.4,0.024379727556922415,6.2184355114371375,-6.194055783880215,6.264546644938668,0.9926393502810319
p012,Q95,weighted_proportional,0.1,1.1,1.2,3.983715376978142,5.0894235579661276,-1.1057081809879854,2.4613778214964688,2.0677132594263234
p012,Q95,weighted_proportional,0.1,1.2,1.3,1.9904175522377914,5.466961519129357,-3.4765439668915654,4.378918614923122,1.2484729678460438
p012,Q95,weighted_proportional,0.1,1.3,1.4,0.4905768085086415,5.8297832919725066,-5.339206483463865,5.798349563986949,1.0054211509048696
p012,Q95,weighted_proportional,0.1,1.4,1.5,0.12833276677594319,6.177271016856737,-6.048938250080793,6.075873168844642,1.0166886051098027
p012,Q95,weighted_proportional,0.2,1.2,1.3,1.9904175522377914,4.009105114028036,-2.0186875617902444,4.378918614923122,0.9155468430870624
p012,Q95,weighted_proportional,0.2,1.3,1.4,1.9652894914048702,4.275174414113208,-2.3098849227083385,4.32363688109072,0.9887912726460771
p012,Q95,weighted_proportional,0.2,1.4,1.5,0.9010939380800637,4.5299987456948605,-3.6289048076147967,5.303111997540522,0.8542151755037013
p012,Q95,weighted_proportional,0.2,1.5,1.6,0.38222026924912555,4.7731996963864125,-4.390979427137287,5.733304038737009,0.8325390846423527
p012,Q95,weighted_proportional,0.2,1.6,1.7,0.02103087655053182,60.48193291954435,-60.460902042993816,0.31546314825786625,191.72424181256548
p012,Q95,weighted_proportional,0.3,1.2,1.3,1.9904175522377914,4.009105114028036,-2.0186875617902444,4.378918614923122,0.9155468430870624
p012,Q95,weighted_proportional,0.3,1.3,1.4,1.9652894914048702,4.275174414113208,-2.3098849227083385,4.32363688109072,0.9887912726460771
p012,Q95,weighted_proportional,0.3,1.4,1.5,1.9388143548814267,4.529998745694944,-2.591184390813517,4.265391580739158,1.0620358435906911
p012,Q95,weighted_proportional,0.3,1.5,1.6,1.332543602447764,4.773199696386385,-3.440656093938621,4.78298070553837,0.9979550389695991
p012,Q95,weighted_proportional,0.3,1.6,1.7,0.02103087655053182,53.85748292089271,-53.836452044342174,0.31546314825786625,170.7251170804536
p013,Q0,equal_kw_reduction,0.05,1.1,1.2,0.7799631442467342,4.7995858691348285,-4.0196227248880945,6.266009113733789,0.7659717344832988
p013,Q0,equal_kw_reduction,0.1,1.1,1.2,1.7872687815211759,4.272662360828836,-2.48539357930766,5.258703476459347,0.8124934938726746
p013,Q0,equal_kw_reduction,0.1,1.2,1.3,0.34817873772556573,4.706639780534469,-4.358461042808903,6.67917786686277,0.7046735203572579
p013,Q0,equal_kw_reduction,0.2,1.1,1.2,2.201866330618918,3.7915582880276855,-1.5896919574087676,4.844105927361605,0.7827158086307164
p013,Q0,equal_kw_reduction,0.2,1.2,1.3,1.8319247386890254,4.176669617579051,-2.344744878890026,5.195431865899311,0.8039119221239339
p013,Q0,equal_kw_reduction,0.2,1.3,1.4,0.4380084889364366,4.574299537041304,-4.136291048104868,6.570127334046452,0.6962269229299785
p013,Q0,equal_kw_reduction,0.2,1.4,1.5,0.07339796100236384,0.8077596781863594,-0.7343617171839956,1.1009694150354439,0.7336803976160909
p013,Q0,equal_kw_reduction,0.3,1.1,1.2,2.201866330618918,3.665554840389218,-1.4636885097703,4.844105927361605,0.7567041050206146
p013,Q0,equal_kw_reduction,0.3,1.2,1.3,2.1960489389338536,4.037867908233545,-1.8418189692996911,4.831307665654483,0.8357712213069226
p013,Q0,equal_kw_reduction,0.3,1.3,1.4,1.8811967886916137,4.435437751344279,-2.554240962652665,5.126939034291275,0.8651239505049846
p013,Q0,equal_kw_reduction,0.3,1.4,1.5,0.07339796100236384,0.7833560625312153,-0.7099581015288514,1.1009694150354439,0.7115148266911634
p013,Q0,fairness_qp,0.0,1.1,1.2,2.535063909804694,4.240746037243073,-1.7056821274383793,3.090813041276508,1.3720487071232372
p013,Q0,fairness_qp,0.05,1.1,1.2,2.7087355133896263,4.218524388752421,-1.5097888753627942,2.9171414376915754,1.4461158222381805
p013,Q0,fairness_qp,0.05,1.2,1.3,0.38960529960109513,4.395891447029468,-4.006286147428373,5.045051095521877,0.8713274382753783
p013,Q0,fairness_qp,0.1,1.1,1.2,2.70873551338964,3.9862642290535293,-1.2775287156638893,2.9171414376915616,1.3664967277719666
p013,Q0,fairness_qp,0.1,1.2,1.3,1.374275264376057,4.1550689017871845,-2.7807936374111275,4.060381130746915,1.0233199219460591
p013,Q0,fairness_qp,0.1,1.3,1.4,0.3160006841381596,4.2031478016343184,-3.887147117496159,4.740010262072242,0.8867381227560429
p013,Q0,fairness_qp,0.1,1.4,1.5,0.05481372608687196,4.101539617853117,-4.046725891766245,4.543093092960415,0.9028077421984834
p013,Q0,fairness_qp,0.2,1.1,1.2,2.70873551338964,3.3133185645106282,-0.6045830511209882,2.9171414376915616,1.1358100507915638
p013,Q0,fairness_qp,0.2,1.2,1.3,1.6983301234759218,3.45477514421183,-1.7564450207359084,3.7363262716470502,0.9246449300823222
p013,Q0,fairness_qp,0.2,1.3,1.4,1.5800034206907565,3.4874820657981864,-1.90747864510743,3.4760075255196448,1.003301068882705
p013,Q0,fairness_qp,0.2,1.4,1.5,0.5066240805379901,3.398413708512085,-2.891789627974095,4.091282738509297,0.8306474828846304
p013,Q0,fairness_qp,0.2,1.5,1.6,0.26232915751067676,3.2758900096895305,-3.0135608521788537,3.9349373626602206,0.8325138897445777
p013,Q0,fairness_qp,0.2,1.6,1.7,0.10755289236860643,1.3752106396493768,-1.2676577472807704,1.6132933855292353,0.8524243959496827
p013,Q0,fairness_qp,0.3,1.1,1.2,2.70873551338964,2.9155129006048357,-0.20677738721519567,2.9171414376915616,0.9994417353009751
p013,Q0,fairness_qp,0.3,1.2,1.3,1.6983301234759218,3.0379535706957506,-1.3396234472198287,3.7363262716470502,0.8130857290887922
p013,Q0,fairness_qp,0.3,1.3,1.4,1.5800034206907565,3.0795563820087413,-1.4995529613179848,3.4760075255196448,0.8859464081707832
p013,Q0,fairness_qp,0.3,1.4,1.5,1.4368458809522755,3.009334501978933,-1.5724886210266575,3.1610609380950114,0.9520014200651521
p013,Q0,fairness_qp,0.3,1.5,1.6,1.1394198570963965,2.901944054398226,-1.762524197301829,3.057846663074501,0.9490155570719416
p013,Q0,fairness_qp,0.3,1.6,1.7,0.10755289236860643,1.2134588952989744,-1.105906002930368,1.6132933855292353,0.752162567691247
p013,Q0,max_export_lp,0.05,1.0,1.1,1.3554843750001322,4.6925917951443905,-3.3371074201442585,5.873765624999222,0.7989068843966706
p013,Q0,max_export_lp,0.1,1.0,1.1,2.2591406249999055,4.433792199483061,-2.174651574483155,4.970109374999448,0.8920914742411585
p013,Q0,max_export_lp,0.1,1.1,1.2,0.4518281249998035,5.174565628231292,-4.722737503231489,6.777421874993611,0.7635005941305919
p013,Q0,max_export_lp,0.2,1.0,1.1,2.2591406249998918,3.3985938168379497,-1.139453191838058,4.9701093749994625,0.6838066449671075
p013,Q0,max_export_lp,0.2,1.1,1.2,2.259140624997949,4.730732113027727,-2.4715914880297785,4.970109374995466,0.9518366209057609
p013,Q0,max_export_lp,0.2,1.2,1.3,0.45182812500203784,5.470346441606086,-5.018518316604048,6.777421875000522,0.8071426779236263
p013,Q0,max_export_lp,0.2,1.3,1.4,0.1506093749992221,1.9472645838454206,-1.7966552088461984,2.259140624988387,0.861949257300187
p013,Q0,max_export_lp,0.3,1.0,1.1,2.2591406249998918,3.3730496364408196,-1.1139090114409278,4.9701093749994625,0.6786670839494724
p013,Q0,max_export_lp,0.3,1.1,1.2,2.259140624997949,3.7567674117616328,-1.4976267867636839,4.970109374995466,0.7558721807334593
p013,Q0,max_export_lp,0.3,1.2,1.3,2.2591406250007937,4.161611395383097,-1.902470770382303,4.970109375001766,0.8373279301085035
p013,Q0,max_export_lp,0.3,1.3,1.4,0.1506093750004711,1.4813975277007396,-1.3307881527002685,2.259140624987138,0.655734977856535
p013,Q0,weighted_proportional,0.0,1.1,1.2,4.774845461585533,5.451951185085083,-0.6771057234995492,1.08433017448753,5.027943806564041
p013,Q0,weighted_proportional,0.05,1.1,1.2,3.911614549763784,5.451951185085055,-1.540336635321271,1.9475610863092796,2.799373649129928
p013,Q0,weighted_proportional,0.05,1.2,1.3,0.9944678067893564,5.856381791569887,-4.86191398478053,4.795837799790287,1.2211384196158543
p013,Q0,weighted_proportional,0.05,1.3,1.4,0.02216338868329948,6.245047930474174,-6.222884541790874,5.695042404567599,1.0965761950192774
p013,Q0,weighted_proportional,0.1,1.1,1.2,3.6215594343673994,5.111204236017325,-1.4896448016499253,2.2376162017056638,2.2842184607535536
p013,Q0,weighted_proportional,0.1,1.2,1.3,1.8094705020561404,5.490357929596831,-3.680887427540691,3.980835104523503,1.3791975265084522
p013,Q0,weighted_proportional,0.1,1.3,1.4,0.44597891681139035,5.85473243481946,-5.408753518008069,5.271226876439508,1.1106963468007822
p013,Q0,weighted_proportional,0.1,1.4,1.5,0.11666615160511873,6.203707281712393,-6.0870411301072735,5.523521061768427,1.1231435912595569
p013,Q0,weighted_proportional,0.2,1.1,1.2,3.6215594343673994,3.7482164397457938,-0.12665700537839442,2.2376162017056638,1.6750935378858303
p013,Q0,weighted_proportional,0.2,1.2,1.3,1.8094705020561404,4.026262481704443,-2.2167919796483027,3.980835104523503,1.0114115194395568
p013,Q0,weighted_proportional,0.2,1.3,1.4,1.7866268103909067,4.293470452200992,-2.506843641810086,3.9305789828599917,1.0923251945638175
p013,Q0,weighted_proportional,0.2,1.4,1.5,0.8191763072563224,4.549385339922177,-3.7302090326658544,4.821010906117223,0.9436579647952279
p013,Q0,weighted_proportional,0.2,1.5,1.6,0.3474729720687464,4.793627080192958,-4.446154108124212,5.212094581030987,0.9197122204265039
p013,Q0,weighted_proportional,0.2,1.6,1.7,0.019118978700535805,60.74077137977128,-60.72165240107075,0.28678468050810646,211.79921909411175
p013,Q0,weighted_proportional,0.3,1.1,1.2,3.6215594343674065,3.748216439745801,-0.12665700537839442,2.237616201705657,1.6750935378858385
p013,Q0,weighted_proportional,0.3,1.2,1.3,1.8094705020561404,4.026262481704443,-2.2167919796483027,3.980835104523503,1.0114115194395568
p013,Q0,weighted_proportional,0.3,1.3,1.4,1.7866268103909067,4.293470452200992,-2.506843641810086,3.9305789828599917,1.0923251945638175
p013,Q0,weighted_proportional,0.3,1.4,1.5,1.7625585041792373,4.549385339922177,-2.7868268357429393,3.8776287091943082,1.173239028567912
p013,Q0,weighted_proportional,0.3,1.5,1.6,1.2114032751458226,4.793627080192958,-3.5822238050471356,4.348164277953911,1.1024484756699822
p013,Q0,weighted_proportional,0.3,1.6,1.7,0.019118978700549683,54.087971394848886,-54.06885241614834,0.2867846805080926,188.60132730598426
p013,Q95,equal_kw_reduction,0.05,1.1,1.2,0.7799631442467342,4.7995858691348285,-4.0196227248880945,6.266009113733789,0.7659717344832988
p013,Q95,equal_kw_reduction,0.1,1.1,1.2,1.7872687815211759,4.272662360828836,-2.48539357930766,5.258703476459347,0.8124934938726746
p013,Q95,equal_kw_reduction,0.1,1.2,1.3,0.34817873772556573,4.706639780534469,-4.358461042808903,6.67917786686277,0.7046735203572579
p013,Q95,equal_kw_reduction,0.2,1.1,1.2,2.201866330618918,3.7915582880276855,-1.5896919574087676,4.844105927361605,0.7827158086307164
p013,Q95,equal_kw_reduction,0.2,1.2,1.3,1.8319247386890254,4.176669617579051,-2.344744878890026,5.195431865899311,0.8039119221239339
p013,Q95,equal_kw_reduction,0.2,1.3,1.4,0.4380084889364366,4.574299537041304,-4.136291048104868,6.570127334046452,0.6962269229299785
p013,Q95,equal_kw_reduction,0.2,1.4,1.5,0.07339796100236384,0.8077596781863594,-0.7343617171839956,1.1009694150354439,0.7336803976160909
p013,Q95,equal_kw_reduction,0.3,1.1,1.2,2.201866330618918,3.665554840389218,-1.4636885097703,4.844105927361605,0.7567041050206146
p013,Q95,equal_kw_reduction,0.3,1.2,1.3,2.1960489389338536,4.037867908233545,-1.8418189692996911,4.831307665654483,0.8357712213069226
p013,Q95,equal_kw_reduction,0.3,1.3,1.4,1.8811967886916137,4.435437751344279,-2.554240962652665,5.126939034291275,0.8651239505049846
p013,Q95,equal_kw_reduction,0.3,1.4,1.5,0.07339796100236384,0.7833560625312153,-0.7099581015288514,1.1009694150354439,0.7115148266911634
p013,Q95,fairness_qp,0.0,1.1,1.2,2.5350687385505415,4.240723025705509,-1.7056542871549674,3.0907953654979723,1.372049108473497
p013,Q95,fairness_qp,0.05,1.1,1.2,2.708733309471606,4.218502123374352,-1.5097688139027454,2.917130794576908,1.4461134657440653
p013,Q95,fairness_qp,0.05,1.2,1.3,0.3896108232818857,4.395880139151223,-4.006269315869337,5.045029169845019,0.8713289836709234
p013,Q95,fairness_qp,0.1,1.1,1.2,2.70873330947162,3.9862459983942418,-1.2775126889226218,2.9171307945768943,1.3664954639006557
p013,Q95,fairness_qp,0.1,1.2,1.3,1.374278658195935,4.155057520182178,-2.780778861986244,4.06036133493097,1.0233221079209243
p013,Q95,fairness_qp,0.1,1.3,1.4,0.31600398729920987,4.2031924853900975,-3.8871884980908877,4.740059809488092,0.8867382805965112
p013,Q95,fairness_qp,0.1,1.4,1.5,0.05481255278673436,4.101525417480892,-4.0467128646941575,4.543077492601522,0.9028077166106665
p013,Q95,fairness_qp,0.2,1.1,1.2,2.70873330947162,3.3133041607687903,-0.6045708512971704,2.9171307945768943,1.135809257140065
p013,Q95,fairness_qp,0.2,1.2,1.3,1.6983249978521493,3.454765338122487,-1.7564403402703377,3.736314995274756,0.9246450961687279
p013,Q95,fairness_qp,0.2,1.3,1.4,1.5800199364960354,3.4875200635166026,-1.9075001270205671,3.476043860291267,1.0033015127790632
p013,Q95,fairness_qp,0.2,1.4,1.5,0.5066183389837164,3.3984014735420063,-2.89178313455829,4.091271706404539,0.8306467322182726
p013,Q95,fairness_qp,0.2,1.5,1.6,0.26232712313076223,3.275865162555042,-3.0135380394242794,3.9349068469613364,0.8325140314528086
p013,Q95,fairness_qp,0.2,1.6,1.7,0.10755480177741805,1.3752335931082467,-1.2676787913308285,1.6133220266613402,0.8524234904014784
p013,Q95,fairness_qp,0.3,1.1,1.2,2.70873330947162,2.915497080172455,-0.20676377070083518,2.9171307945768943,0.9994399584662174
p013,Q95,fairness_qp,0.3,1.2,1.3,1.6983249978521493,3.037945856949817,-1.3396208590976677,3.736314995274756,0.8130861184862217
p013,Q95,fairness_qp,0.3,1.3,1.4,1.5800199364960354,3.079591115591973,-1.4995711790959376,3.476043860291267,0.8859471397273814
p013,Q95,fairness_qp,0.3,1.4,1.5,1.4368406391838255,3.009323568855318,-1.5724829296714926,3.1610494062044303,0.9520014343808394
p013,Q95,fairness_qp,0.3,1.5,1.6,1.1394173229306581,2.9019228853675028,-1.7625055624368446,3.0578166471614403,0.9490179498045923
p013,Q95,fairness_qp,0.3,1.6,1.7,0.10755480177741805,1.2134780445127031,-1.105923242735285,1.6133220266613402,0.7521610840607643
p013,Q95,max_export_lp,0.05,1.0,1.1,1.355484374998786,4.692591681603423,-3.3371073066046364,5.873765624981736,0.7989068650688652
p013,Q95,max_export_lp,0.1,1.0,1.1,2.2591406249939103,4.4337899265740885,-2.174649301580178,4.970109374986611,0.8920910169277779
p013,Q95,max_export_lp,0.1,1.1,1.2,0.4518281250059514,5.174565325131011,-4.72273720012506,6.777421875011277,0.7635005494065398
p013,Q95,max_export_lp,0.2,1.0,1.1,2.2591406249939103,3.3985829064573645,-1.1394422814634542,4.970109374986611,0.6838044497695828
p013,Q95,max_export_lp,0.2,1.1,1.2,2.2591406250053874,4.7307325745215705,-2.471591949516183,4.970109375011841,0.9518367137564854
p013,Q95,max_export_lp,0.2,1.2,1.3,0.4518281250005668,5.47034332829012,-5.018515203289553,6.777421874999592,0.8071422185579157
p013,Q95,max_export_lp,0.2,1.3,1.4,0.1506093749993609,1.947264685435407,-1.796655310436046,2.2591406249902746,0.8619493022678877
p013,Q95,max_export_lp,0.3,1.0,1.1,2.2591406249939103,3.373039675677508,-1.1138990506835977,4.970109374986611,0.6786650798176035
p013,Q95,max_export_lp,0.3,1.1,1.2,2.2591406250053874,3.7567738168617497,-1.4976331918563623,4.970109375011841,0.7558734694551464
p013,Q95,max_export_lp,0.3,1.2,1.3,2.2591406250000445,4.161598238485443,-1.9024576134853977,4.970109375000114,0.8373252829039293
p013,Q95,max_export_lp,0.3,1.3,1.4,0.15060937499987437,1.4813984176464818,-1.3307890426466074,2.259140624989761,0.6557353717868695
p013,Q95,weighted_proportional,0.0,1.1,1.2,4.774845461664498,5.451951183325296,-0.6771057216607979,1.0843301744914158,5.0279438049230984
p013,Q95,weighted_proportional,0.05,1.1,1.2,3.911614549839029,5.451951183325102,-1.5403366334860724,1.9475610863168846,2.7993736482153264
p013,Q95,weighted_proportional,0.05,1.2,1.3,0.9944678067835971,5.856381792953905,-4.861913986170308,4.795837799719663,1.2211384199224242
p013,Q95,weighted_proportional,0.05,1.3,1.4,0.022163388687837515,6.245047931609363,-6.222884542921525,5.6950424044897305,1.0965761952336002
p013,Q95,weighted_proportional,0.1,1.1,1.2,3.6215594344229105,5.111204234367533,-1.4896447999446227,2.2376162017330032,2.2842184599883466
p013,Q95,weighted_proportional,0.1,1.2,1.3,1.8094705020322706,5.490357930894127,-3.6808874288618565,3.9808351044709895,1.3791975268525314
p013,Q95,weighted_proportional,0.1,1.3,1.4,0.4459789168249212,5.854732435883705,-5.408753519058784,5.271226876352647,1.1106963470209819
p013,Q95,weighted_proportional,0.1,1.4,1.5,0.11666615161423644,6.2037072685833525,-6.087041116969116,5.523521062644074,1.1231435887045713
p013,Q95,weighted_proportional,0.2,1.1,1.2,3.6215594344229105,3.7482164385360948,-0.12665700411318426,2.2376162017330032,1.6750935373247444
p013,Q95,weighted_proportional,0.2,1.2,1.3,1.8094705020322706,4.026262482655793,-2.2167919806235226,3.9808351044709895,1.0114115196918814
p013,Q95,weighted_proportional,0.2,1.3,1.4,1.7866268103679805,4.293470452981424,-2.5068436426134433,3.9305789828095876,1.0923251947763788
p013,Q95,weighted_proportional,0.2,1.4,1.5,0.8191763073480823,4.5493853302943785,-3.730209022946296,4.821010906910228,0.9436579626429565
p013,Q95,weighted_proportional,0.2,1.5,1.6,0.34747297204201777,4.793627085001695,-4.446154112959677,5.212094580630114,0.9197122214198522
p013,Q95,weighted_proportional,0.2,1.6,1.7,0.019118978681079146,60.74077142933394,-60.72165245065286,0.2867846802162288,211.79921948249412
p013,Q95,weighted_proportional,0.3,1.1,1.2,3.6215594344229176,3.748216438536102,-0.12665700411318426,2.237616201732996,1.6750935373247526
p013,Q95,weighted_proportional,0.3,1.2,1.3,1.8094705020322706,4.026262482655793,-2.2167919806235226,3.9808351044709895,1.0114115196918814
p013,Q95,weighted_proportional,0.3,1.3,1.4,1.7866268103679805,4.293470452981424,-2.5068436426134433,3.9305789828095876,1.0923251947763788
p013,Q95,weighted_proportional,0.3,1.4,1.5,1.7625585044557246,4.549385330294364,-2.7868268258386397,3.8776287098025857,1.1732390259009555
p013,Q95,weighted_proportional,0.3,1.5,1.6,1.2114032749343666,4.793627085001709,-3.582223810067342,4.348164277737765,1.1024484768307112
p013,Q95,weighted_proportional,0.3,1.6,1.7,0.019118978681093024,54.08797143203167,-54.06885245335058,0.28678468021621495,188.60132762758892
p014,Q0,equal_kw_reduction,0.05,1.1,1.2,0.3371199232490574,5.028083976578973,-4.690964053329916,13.931192503168766,0.3609227261367104
p014,Q0,equal_kw_reduction,0.1,1.1,1.2,2.2402492196473833,4.433747809134747,-2.1934985894873638,12.02806320677044,0.36861693631931103
p014,Q0,equal_kw_reduction,0.1,1.2,1.3,0.3490066465979269,4.883689622378117,-4.534682975780191,13.900005326704878,0.35134444250863034
p014,Q0,equal_kw_reduction,0.2,1.2,1.3,2.2865898347232125,4.333783552297993,-2.04719371757478,11.962422138579592,0.3622831147482463
p014,Q0,equal_kw_reduction,0.2,1.3,1.4,0.6633183982665269,3.5007143443835096,-2.837395946116983,9.94977597399782,0.3518385090812173
p014,Q0,equal_kw_reduction,0.3,1.3,1.4,2.1117169913326403,3.394952581713545,-1.2832355903809045,8.501377380931707,0.39934147486833194
p014,Q0,fairness_qp,0.05,1.0,1.1,2.7109687503527047,5.833230047627924,-3.1222612972752195,11.74753124373451,0.49654943890777475
p014,Q0,fairness_qp,0.1,1.0,1.1,4.518281248585609,5.423225016883137,-0.9049437682975281,9.940218745501605,0.5455840717124449
p014,Q0,fairness_qp,0.1,1.1,1.2,0.9036562522034275,6.065226133833951,-5.161569881630523,13.554843754777696,0.44745821077399967
p014,Q0,fairness_qp,0.2,1.1,1.2,4.518281252181594,4.997963499501684,-0.4796822473200901,9.94021875479953,0.5028021638948812
p014,Q0,fairness_qp,0.2,1.2,1.3,0.9036562500082668,5.469297708866671,-4.565641458858405,13.554843749774893,0.40349396937589205
p014,Q0,fairness_qp,0.2,1.3,1.4,0.3012187500103791,1.8996757114290719,-1.5984569614186928,4.518281250155853,0.4204421120007845
p014,Q0,fairness_qp,0.3,1.2,1.3,4.518281249932227,4.8617991828802944,-0.34351793294806754,9.940218749850931,0.4891038422019841
p014,Q0,fairness_qp,0.3,1.3,1.4,0.3012187500864294,1.6792152953222783,-1.377996545235849,4.518281250079803,0.37164912991917437
p014,Q0,max_export_lp,0.05,1.0,1.1,2.7109687499995703,4.692590402659374,-1.981621652659804,11.747531249993532,0.3994533236642344
p014,Q0,max_export_lp,0.1,1.1,1.2,0.9036562500015499,5.174574673593613,-4.270918423592063,13.554843749995687,0.3817509643809254
p014,Q0,max_export_lp,0.2,1.1,1.2,4.518281249999145,4.730772132191918,-0.2124908821927729,9.940218749998092,0.4759223364367938
p014,Q0,max_export_lp,0.2,1.2,1.3,0.9036562500019107,5.470346471001003,-4.566690220999092,13.554843749990164,0.40357134113072846
p014,Q0,max_export_lp,0.2,1.3,1.4,0.3012187499982222,1.9472656724353055,-1.6460469224370833,4.518281249973444,0.430974869580496
p014,Q0,max_export_lp,0.3,1.3,1.4,0.3012187500026353,1.4814016113000317,-1.1801828612973964,4.51828124996903,0.32786839272349094
p014,Q0,weighted_proportional,0.05,1.2,1.3,1.988935613577797,5.606820067635327,-3.6178844540575295,9.59167559956553,0.5845506355416458
p014,Q0,weighted_proportional,0.05,1.3,1.4,0.044326777367625914,5.978923729169278,-5.934596951801652,11.390084809098283,0.5249235479259448
p014,Q0,weighted_proportional,0.1,1.2,1.3,3.6189410041072847,5.256393813408117,-1.6374528093008323,7.9616702090360425,0.6602124523372507
p014,Q0,weighted_proportional,0.1,1.3,1.4,0.8919578336246403,5.605240996096078,-4.713283162471438,10.542453752841269,0.5316827683105012
p014,Q0,weighted_proportional,0.1,1.4,1.5,0.23333230321351262,5.939344755178738,-5.7060124519652256,11.047042123575851,0.5376411793074809
p014,Q0,weighted_proportional,0.2,1.2,1.3,3.6189410041072847,3.8546887964990564,-0.23574779239177168,7.9616702090360425,0.48415579838062167
p014,Q0,weighted_proportional,0.2,1.3,1.4,3.5732536207706,4.110510063804085,-0.5372564430334847,7.861157965695309,0.522888622991882
p014,Q0,weighted_proportional,0.2,1.4,1.5,1.6383526145283822,4.355519487131088,-2.7171668726027054,9.642021812260982,0.45172263369001353
p014,Q0,weighted_proportional,0.2,1.5,1.6,0.6949459441309425,4.58935319943471,-3.8944072553037667,10.424189161964248,0.44025996920511845
p014,Q0,weighted_proportional,0.2,1.6,1.7,0.03823795740823255,58.15238628340016,-58.114148325991934,0.5735693611233494,101.3868421589105
p014,Q0,weighted_proportional,0.3,1.2,1.3,3.6189410041072847,3.8546887964992784,-0.23574779239199373,7.9616702090360425,0.48415579838064954
p014,Q0,weighted_proportional,0.3,1.3,1.4,3.5732536207706,4.110510063803863,-0.5372564430332627,7.861157965695309,0.5228886229918538
p014,Q0,weighted_proportional,0.3,1.4,1.5,3.5251170083716863,4.355519487131004,-0.8304024787593178,7.755257418417677,0.5616215235856956
p014,Q0,weighted_proportional,0.3,1.5,1.6,2.4228065502876484,4.58935319943482,-2.166546649147172,8.696328555807542,0.5277345686726589
p014,Q0,weighted_proportional,0.3,1.6,1.7,0.03823795740823255,51.783086284980875,-51.74484832757265,0.5735693611233494,90.28216950703653
p014,Q95,equal_kw_reduction,0.05,1.1,1.2,0.3371199232490574,5.028083976578973,-4.690964053329916,13.931192503168766,0.3609227261367104
p014,Q95,equal_kw_reduction,0.1,1.1,1.2,2.2402492196473833,4.433747809134747,-2.1934985894873638,12.02806320677044,0.36861693631931103
p014,Q95,equal_kw_reduction,0.1,1.2,1.3,0.3490066465979269,4.883689622378117,-4.534682975780191,13.900005326704878,0.35134444250863034
p014,Q95,equal_kw_reduction,0.2,1.2,1.3,2.2865898347232125,4.333783552297993,-2.04719371757478,11.962422138579592,0.3622831147482463
p014,Q95,equal_kw_reduction,0.2,1.3,1.4,0.6633183982665269,3.5007143443835096,-2.837395946116983,9.94977597399782,0.3518385090812173
p014,Q95,equal_kw_reduction,0.3,1.3,1.4,2.1117169913326403,3.394952581713545,-1.2832355903809045,8.501377380931707,0.39934147486833194
p014,Q95,fairness_qp,0.05,1.0,1.1,2.7109687500593562,5.8332198525841985,-3.1222511025248423,11.747531249957005,0.49654857079912407
p014,Q95,fairness_qp,0.1,1.0,1.1,4.518281250040113,5.423218565613064,-0.9049373155729512,9.940218749976248,0.5455834224599959
p014,Q95,fairness_qp,0.1,1.1,1.2,0.9036562500240042,6.0652402743302245,-5.1615840243062205,13.554843750052308,0.4474592541361326
p014,Q95,fairness_qp,0.2,1.1,1.2,4.518281250023848,4.997975904784346,-0.47969465476049855,9.940218750052466,0.5028034121238999
p014,Q95,fairness_qp,0.2,1.2,1.3,0.9036562499949718,5.469299223735819,-4.565642973740847,13.554843749921886,0.4034940811300268
p014,Q95,fairness_qp,0.2,1.3,1.4,0.3012187499031316,1.8996721884029788,-1.5984534384998472,4.518281248547113,0.42044133242343706
p014,Q95,fairness_qp,0.3,1.2,1.3,4.518281249974026,4.861801094580037,-0.3435198446060106,9.940218749942831,0.48910403451714773
p014,Q95,fairness_qp,0.3,1.3,1.4,0.30121874992408704,1.6792112891628463,-1.3779925392387593,4.518281248526157,0.3716482433913554
p014,Q95,max_export_lp,0.05,1.0,1.1,2.7109687499954904,4.69259174325426,-1.9816229932587692,11.74753124993222,0.3994534377834777
p014,Q95,max_export_lp,0.1,1.1,1.2,0.9036562500225886,5.174564932574899,-4.27090868255231,13.5548437500497,0.3817502457419272
p014,Q95,max_export_lp,0.2,1.1,1.2,4.518281250022599,4.730729455598687,-0.2124482055760879,9.94021875004969,0.47591804310896463
p014,Q95,max_export_lp,0.2,1.2,1.3,0.903656249999274,5.470346087756484,-4.56668983775721,13.554843749989137,0.4035713128571377
p014,Q95,max_export_lp,0.2,1.3,1.4,0.3012187500007202,1.947265120387176,-1.6460463703864558,4.518281250010858,0.43097474739592545
p014,Q95,max_export_lp,0.3,1.3,1.4,0.3012187500036345,1.4814004158761607,-1.1801816658725262,4.518281250007944,0.32786812814575367
p014,Q95,weighted_proportional,0.05,1.2,1.3,1.988935613568804,5.606820068869117,-3.617884455300313,9.591675599431749,0.5845506356784302
p014,Q95,weighted_proportional,0.05,1.3,1.4,0.04432677737653545,5.978923729923369,-5.934596952546833,11.39008480898443,0.5249235479973977
p014,Q95,weighted_proportional,0.1,1.2,1.3,3.6189410040626813,5.256393814564775,-1.6374528105020936,7.961670208937871,0.6602124524906697
p014,Q95,weighted_proportional,0.1,1.3,1.4,0.8919578336537004,5.605240996803262,-4.713283163149562,10.542453752707265,0.531682768384339
p014,Q95,weighted_proportional,0.1,1.4,1.5,0.23333230322897247,5.93934474491864,-5.706012441689667,11.047042125004126,0.5376411783092049
p014,Q95,weighted_proportional,0.2,1.2,1.3,3.6189410040626813,3.8546887973475163,-0.23574779328483508,7.961670208937871,0.48415579849315965
p014,Q95,weighted_proportional,0.2,1.3,1.4,3.573253620737793,4.110510064322392,-0.5372564435845995,7.861157965623172,0.522888623062613
p014,Q95,weighted_proportional,0.2,1.4,1.5,1.6383526146804828,4.355519479606884,-2.7171668649264014,9.642021813552615,0.45172263284914593
p014,Q95,weighted_proportional,0.2,1.5,1.6,0.6949459440933059,4.589353202725521,-3.8944072586322154,10.424189161399921,0.4402599695446424
p014,Q95,weighted_proportional,0.2,1.6,1.7,0.03823795737109559,58.15238628580219,-58.11414832843109,0.5735693605661563,101.38684226159046
p014,Q95,weighted_proportional,0.3,1.2,1.3,3.6189410040626813,3.8546887973475163,-0.23574779328483508,7.961670208937871,0.48415579849315965
p014,Q95,weighted_proportional,0.3,1.3,1.4,3.573253620737793,4.110510064322392,-0.5372564435845995,7.861157965623172,0.522888623062613
p014,Q95,weighted_proportional,0.3,1.4,1.5,3.5251170088228534,4.355519479606995,-0.8304024707841418,7.755257419410244,0.561621522543634
p014,Q95,weighted_proportional,0.3,1.5,1.6,2.4228065499509457,4.589353202725216,-2.1665466527742705,8.696328555542282,0.5277345690671222
p014,Q95,weighted_proportional,0.3,1.6,1.7,0.03823795737109559,51.783086287507466,-51.74484833013637,0.5735693605661563,90.28216959914604
p015,Q0,equal_kw_reduction,0.05,1.1,1.2,0.7799631442467342,4.7995858691348285,-4.0196227248880945,6.266009113733789,0.7659717344832988
p015,Q0,equal_kw_reduction,0.1,1.1,1.2,1.7872687815211759,4.272662360828836,-2.48539357930766,5.258703476459347,0.8124934938726746
p015,Q0,equal_kw_reduction,0.1,1.2,1.3,0.34817873772556573,4.706639780534469,-4.358461042808903,6.67917786686277,0.7046735203572579
p015,Q0,equal_kw_reduction,0.2,1.1,1.2,2.201866330618918,3.7915582880276855,-1.5896919574087676,4.844105927361605,0.7827158086307164
p015,Q0,equal_kw_reduction,0.2,1.2,1.3,1.8319247386890254,4.176669617579051,-2.344744878890026,5.195431865899311,0.8039119221239339
p015,Q0,equal_kw_reduction,0.2,1.3,1.4,0.4380084889364366,4.574299537041304,-4.136291048104868,6.570127334046452,0.6962269229299785
p015,Q0,equal_kw_reduction,0.2,1.4,1.5,0.07339796100236384,0.8077596781863594,-0.7343617171839956,1.1009694150354439,0.7336803976160909
p015,Q0,equal_kw_reduction,0.3,1.1,1.2,2.201866330618918,3.665554840389218,-1.4636885097703,4.844105927361605,0.7567041050206146
p015,Q0,equal_kw_reduction,0.3,1.2,1.3,2.1960489389338536,4.037867908233545,-1.8418189692996911,4.831307665654483,0.8357712213069226
p015,Q0,equal_kw_reduction,0.3,1.3,1.4,1.8811967886916137,4.435437751344279,-2.554240962652665,5.126939034291275,0.8651239505049846
p015,Q0,equal_kw_reduction,0.3,1.4,1.5,0.07339796100236384,0.7833560625312153,-0.7099581015288514,1.1009694150354439,0.7115148266911634
p015,Q0,fairness_qp,0.0,1.1,1.2,2.5350591660248387,4.240734847317601,-1.705675681292762,3.0908134175871433,1.3720449196924183
p015,Q0,fairness_qp,0.05,1.1,1.2,2.7087323696380476,4.21851367254418,-1.5097813029061324,2.9171402139739344,1.4461127553404172
p015,Q0,fairness_qp,0.05,1.2,1.3,0.38960518200402416,4.395892988243929,-4.006287806239905,5.0450515233754905,0.8713276698714013
p015,Q0,fairness_qp,0.1,1.1,1.2,2.708732369638062,3.986255986733717,-1.277523617095655,2.9171402139739206,1.3664944755272412
p015,Q0,fairness_qp,0.1,1.2,1.3,1.374275189689439,4.155070118157162,-2.7807949284677225,4.060381515690076,1.0233201245009098
p015,Q0,fairness_qp,0.1,1.3,1.4,0.31600070878974595,4.203147519603004,-3.887146810813258,4.740010631846189,0.8867379940803883
p015,Q0,fairness_qp,0.1,1.4,1.5,0.054813658524832665,4.101543238195282,-4.046729579670449,4.54309500839245,0.902808158451124
p015,Q0,fairness_qp,0.2,1.1,1.2,2.708732369638062,3.3133122986897803,-0.6045799290517184,2.9171402139739206,1.1358083793223528
p015,Q0,fairness_qp,0.2,1.2,1.3,1.6983302204311017,3.4547760303062085,-1.7564458098751068,3.736326484948413,0.9246451144522796
p015,Q0,fairness_qp,0.2,1.3,1.4,1.5800035439487297,3.4874818612723595,-1.9074783173236298,3.4760077966872056,1.0033009317746897
p015,Q0,fairness_qp,0.2,1.4,1.5,0.5066239257816851,3.398416626860662,-2.891792701078977,4.091284741135598,0.8306477896029745
p015,Q0,fairness_qp,0.2,1.5,1.6,0.26232850757161585,3.275877969887195,-3.013549462315579,3.9349276135742377,0.8325128926352969
p015,Q0,fairness_qp,0.2,1.6,1.7,0.10755335903774033,1.375214504208924,-1.267661145171184,1.6133003855662298,0.852423092756069
p015,Q0,fairness_qp,0.3,1.1,1.2,2.708732369638062,2.9155052075307832,-0.20677283789272138,2.9171402139739206,0.9994395173617965
p015,Q0,fairness_qp,0.3,1.2,1.3,1.6983302204311017,3.037954672209367,-1.3396244517782652,3.736326484948413,0.8130859774828568
p015,Q0,fairness_qp,0.3,1.3,1.4,1.5800035439487297,3.079555836202133,-1.4995522922534033,3.4760077966872056,0.8859461820359237
p015,Q0,fairness_qp,0.3,1.4,1.5,1.4368464584116474,3.0093381732166495,-1.5724917148050022,3.1610622085056357,0.9520021988555828
p015,Q0,fairness_qp,0.3,1.5,1.6,1.1394184749416447,2.9019309951393013,-1.7625125201976566,3.057837646204209,0.9490140847541597
p015,Q0,fairness_qp,0.3,1.6,1.7,0.1075533590377542,1.21346079584847,-1.1059074368107158,1.613300385566216,0.7521604821426884
p015,Q0,max_export_lp,0.05,1.0,1.1,1.3554843750000627,4.692591632247514,-3.3371072572474514,5.873765624998445,0.7989068566638214
p015,Q0,max_export_lp,0.1,1.0,1.1,2.2591406249996284,4.433791399307302,-2.1746507743076737,4.97010937499888,0.892091313243645
p015,Q0,max_export_lp,0.1,1.1,1.2,0.4518281250002476,5.174566465206226,-4.722738340205979,6.777421874996762,0.7635007176248267
p015,Q0,max_export_lp,0.2,1.0,1.1,2.2591406249996284,3.398590467547952,-1.1394498425483235,4.97010937499888,0.6838059710806098
p015,Q0,max_export_lp,0.2,1.1,1.2,2.259140624999059,4.7307356284952,-2.471595003496141,4.97010937499795,0.9518373282272388
p015,Q0,max_export_lp,0.2,1.2,1.3,0.45182812500120517,5.470345221451941,-5.018517096450736,6.777421874999106,0.8071424978915988
p015,Q0,max_export_lp,0.2,1.3,1.4,0.1506093749986115,1.9472640064147062,-1.7966546314160947,2.259140624979186,0.8619490017061894
p015,Q0,max_export_lp,0.3,1.0,1.1,2.2591406249996284,3.3730471552239907,-1.1139065302243623,4.97010937499888,0.6786665847217398
p015,Q0,max_export_lp,0.3,1.1,1.2,2.259140624999059,3.756770368661247,-1.4976297436621877,4.97010937499795,0.7558727756696092
p015,Q0,max_export_lp,0.3,1.2,1.3,2.2591406250001,4.161607119220978,-1.902466494220878,4.970109375000212,0.8373270697329072
p015,Q0,max_export_lp,0.3,1.3,1.4,0.1506093749997217,1.4813955079513996,-1.330786132951678,2.259140624978076,0.6557340838248066
p015,Q0,weighted_proportional,0.0,1.1,1.2,4.774845461585936,5.451951185066833,-0.6771057234808975,1.0843301744880574,5.027943806544766
p015,Q0,weighted_proportional,0.05,1.1,1.2,3.911614549764325,5.451951185066722,-1.5403366353023973,1.9475610863096682,2.7993736491199566
p015,Q0,weighted_proportional,0.05,1.2,1.3,0.9944678067891899,5.856381791579491,-4.8619139847903,4.795837799789954,1.2211384196179416
p015,Q0,weighted_proportional,0.05,1.3,1.4,0.02216338868329948,6.245047930339171,-6.222884541655871,5.695042404575634,1.0965761949940247
p015,Q0,weighted_proportional,0.1,1.1,1.2,3.6215594343678434,5.111204236000005,-1.4896448016321617,2.2376162017061496,2.2842184607453175
p015,Q0,weighted_proportional,0.1,1.2,1.3,1.8094705020559876,5.490357929605782,-3.680887427549795,3.9808351045231563,1.379197526510821
p015,Q0,weighted_proportional,0.1,1.3,1.4,0.44597891681187607,5.854732434692936,-5.40875351788106,5.271226876447058,1.1106963467751887
p015,Q0,weighted_proportional,0.1,1.4,1.5,0.11666615160461913,6.203707281583329,-6.08704112997871,5.523521061778281,1.1231435912341872
p015,Q0,weighted_proportional,0.2,1.1,1.2,3.6215594343678434,3.7482164397331372,-0.12665700536529378,2.2376162017061496,1.6750935378798104
p015,Q0,weighted_proportional,0.2,1.2,1.3,1.8094705020559876,4.026262481710951,-2.216791979654964,3.9808351045231563,1.0114115194412798
p015,Q0,weighted_proportional,0.2,1.3,1.4,1.7866268103934186,4.293470452108247,-2.5068436417148288,3.9305789828655153,1.0923251945386867
p015,Q0,weighted_proportional,0.2,1.4,1.5,0.819176307254893,4.549385339827711,-3.7302090325728177,4.821010906128007,0.9436579647735226
p015,Q0,weighted_proportional,0.2,1.5,1.6,0.34747297207021743,4.793627079965502,-4.446154107895284,5.212094581053192,0.9197122203789455
p015,Q0,weighted_proportional,0.2,1.6,1.7,0.019118978697968414,60.74077138068265,-60.721652401984684,0.2867846804695817,211.79921912574133
p015,Q0,weighted_proportional,0.3,1.1,1.2,3.6215594343678505,3.7482164397331443,-0.12665700536529378,2.2376162017061425,1.6750935378798186
p015,Q0,weighted_proportional,0.3,1.2,1.3,1.8094705020559876,4.026262481710951,-2.216791979654964,3.9808351045231563,1.0114115194412798
p015,Q0,weighted_proportional,0.3,1.3,1.4,1.7866268103934186,4.293470452108247,-2.5068436417148288,3.9305789828655153,1.0923251945386867
p015,Q0,weighted_proportional,0.3,1.4,1.5,1.7625585041821519,4.549385339827835,-2.786826835645684,3.8776287092007475,1.173239028541634
p015,Q0,weighted_proportional,0.3,1.5,1.6,1.21140327514295,4.793627079965376,-3.5822238048224264,4.34816427798046,1.1024484756109112
p015,Q0,weighted_proportional,0.3,1.6,1.7,0.019118978697982292,54.08797139562792,-54.068852416929936,0.28678468046956784,188.6013273340361
p015,Q95,equal_kw_reduction,0.05,1.1,1.2,0.7799631442467342,4.7995858691348285,-4.0196227248880945,6.266009113733789,0.7659717344832988
p015,Q95,equal_kw_reduction,0.1,1.1,1.2,1.7872687815211759,4.272662360828836,-2.48539357930766,5.258703476459347,0.8124934938726746
p015,Q95,equal_kw_reduction,0.1,1.2,1.3,0.34817873772556573,4.706639780534469,-4.358461042808903,6.67917786686277,0.7046735203572579
p015,Q95,equal_kw_reduction,0.2,1.1,1.2,2.201866330618918,3.7915582880276855,-1.5896919574087676,4.844105927361605,0.7827158086307164
p015,Q95,equal_kw_reduction,0.2,1.2,1.3,1.8319247386890254,4.176669617579051,-2.344744878890026,5.195431865899311,0.8039119221239339
p015,Q95,equal_kw_reduction,0.2,1.3,1.4,0.4380084889364366,4.574299537041304,-4.136291048104868,6.570127334046452,0.6962269229299785
p015,Q95,equal_kw_reduction,0.2,1.4,1.5,0.07339796100236384,0.8077596781863594,-0.7343617171839956,1.1009694150354439,0.7336803976160909
p015,Q95,equal_kw_reduction,0.3,1.1,1.2,2.201866330618918,3.665554840389218,-1.4636885097703,4.844105927361605,0.7567041050206146
p015,Q95,equal_kw_reduction,0.3,1.2,1.3,2.1960489389338536,4.037867908233545,-1.8418189692996911,4.831307665654483,0.8357712213069226
p015,Q95,equal_kw_reduction,0.3,1.3,1.4,1.8811967886916137,4.435437751344279,-2.554240962652665,5.126939034291275,0.8651239505049846
p015,Q95,equal_kw_reduction,0.3,1.4,1.5,0.07339796100236384,0.7833560625312153,-0.7099581015288514,1.1009694150354439,0.7115148266911634
p015,Q95,fairness_qp,0.0,1.1,1.2,2.535061952351911,4.240728490969389,-1.7056665386174785,3.0908086748832746,1.3720449684998834
p015,Q95,fairness_qp,0.05,1.1,1.2,2.7087328031429605,4.218507607046868,-1.5097748039039072,2.917137824092225,1.4461118608132995
p015,Q95,fairness_qp,0.05,1.2,1.3,0.3896066640989848,4.395903321181393,-4.006296657082409,5.045055962557998,0.8713289513150486
p015,Q95,fairness_qp,0.1,1.1,1.2,2.7087328031429605,3.9862513399601953,-1.2775185368172348,2.917137824092225,1.366494002113412
p015,Q95,fairness_qp,0.1,1.2,1.3,1.374276745445241,4.155076994827561,-2.7808002493823203,4.060385881211742,1.0233207178790504
p015,Q95,fairness_qp,0.1,1.3,1.4,0.3160007627501238,4.203150764066798,-3.887150001316675,4.740011441251732,0.8867385271451665
p015,Q95,fairness_qp,0.1,1.4,1.5,0.05481353090361352,4.101534585349981,-4.046721054446367,4.543089472250072,0.9028073539829711
p015,Q95,fairness_qp,0.2,1.1,1.2,2.7087328031429605,3.3133084909506563,-0.6045756878076958,2.917137824092225,1.1358080045401056
p015,Q95,fairness_qp,0.2,1.2,1.3,1.6983320708303107,3.454782859808103,-1.7564507889777925,3.7363305558266724,0.9246459348786724
p015,Q95,fairness_qp,0.2,1.3,1.4,1.5800038137505772,3.4874848557760045,-1.9074810420254273,3.4760083902512786,1.003301621928449
p015,Q95,fairness_qp,0.2,1.4,1.5,0.5066230613115785,3.3984087648311343,-2.891785703519556,4.0912799418421075,0.8306468423426908
p015,Q95,fairness_qp,0.2,1.5,1.6,0.2623299890137931,3.275902347908671,-3.013572358894878,3.934949835206869,0.8325143864855522
p015,Q95,fairness_qp,0.2,1.6,1.7,0.10755210418038341,1.3751991965160055,-1.267647092335622,1.6132815627057235,0.8524235498046497
p015,Q95,fairness_qp,0.3,1.1,1.2,2.7087328031429605,2.915500837541413,-0.20676803439845237,2.917137824092225,0.9994388381182086
p015,Q95,fairness_qp,0.3,1.2,1.3,1.6983320708303107,3.0379623581968107,-1.3396302873665,3.7363305558266724,0.8130871486890308
p015,Q95,fairness_qp,0.3,1.3,1.4,1.5800038137505772,3.0795595835799854,-1.4995557698294082,3.4760083902512786,0.8859471088208064
p015,Q95,fairness_qp,0.3,1.4,1.5,1.4368446884855253,3.0093293023229357,-1.5724846138374104,3.161058314668161,0.9520005652407101
p015,Q95,fairness_qp,0.3,1.5,1.6,1.1394208618398516,2.901955851347476,-1.7625349895076248,3.0578589623808106,0.949015597857414
p015,Q95,fairness_qp,0.3,1.6,1.7,0.10755210418036953,1.2134477497675322,-1.1058956455871627,1.6132815627057373,0.7521611712541868
p015,Q95,max_export_lp,0.05,1.0,1.1,1.3554843749994938,4.69259085847834,-3.3371064834788466,5.87376562499238,0.7989067249315771
p015,Q95,max_export_lp,0.1,1.0,1.1,2.259140624997463,4.433784943456392,-2.1746443184589292,4.9701093749944105,0.8920900143090671
p015,Q95,max_export_lp,0.1,1.1,1.2,0.45182812500228764,5.174570318455099,-4.722742193452811,6.777421875001896,0.7635012861662314
p015,Q95,max_export_lp,0.2,1.0,1.1,2.259140624997463,3.3985612833695997,-1.1394206583721367,4.9701093749944105,0.6838000991423698
p015,Q95,max_export_lp,0.2,1.1,1.2,2.2591406250013075,4.730752409971214,-2.471611784969907,4.970109375002877,0.951840704706519
p015,Q95,max_export_lp,0.2,1.2,1.3,0.45182812500083047,5.47034648197392,-5.01851835697309,6.777421874996609,0.8071426838803151
p015,Q95,max_export_lp,0.2,1.3,1.4,0.15060937499905558,1.9472624284067597,-1.796653053407704,2.2591406249858337,0.8619483032044409
p015,Q95,max_export_lp,0.3,1.0,1.1,2.259140624997463,3.3730217421159834,-1.1138811171185203,4.9701093749944105,0.6786614715334663
p015,Q95,max_export_lp,0.3,1.1,1.2,2.2591406250013075,3.756783422775509,-1.4976427977742013,4.970109375002877,0.7558754021934043
p015,Q95,max_export_lp,0.3,1.2,1.3,2.259140624999198,4.16161095910604,-1.9024703341068427,4.970109374998241,0.8373278423289253
p015,Q95,max_export_lp,0.3,1.3,1.4,0.15060937500067928,1.481390236817051,-1.330780861816372,2.25914062498421,0.6557317505754673
p015,Q95,weighted_proportional,0.0,1.1,1.2,4.774845461661487,5.451951183392673,-0.677105721731186,1.0843301744912353,5.027943804986071
p015,Q95,weighted_proportional,0.05,1.1,1.2,3.9116145498361563,5.451951183392617,-1.5403366335564606,1.9475610863165653,2.799373648250452
p015,Q95,weighted_proportional,0.05,1.2,1.3,0.9944678067838053,5.85638179290815,-4.861913986124344,4.795837799721994,1.22113841991229
p015,Q95,weighted_proportional,0.05,1.3,1.4,0.02216338868768486,6.245047931654507,-6.222884542966822,5.695042404487399,1.0965761952419761
p015,Q95,weighted_proportional,0.1,1.1,1.2,3.6215594344207873,5.111204234430692,-1.4896448000099038,2.2376162017319343,2.2842184600176627
p015,Q95,weighted_proportional,0.1,1.2,1.3,1.8094705020330615,5.490357930851397,-3.6808874288183357,3.980835104472738,1.3791975268411918
p015,Q95,weighted_proportional,0.1,1.3,1.4,0.44597891682418567,5.854732435926047,-5.408753519101861,5.271226876350898,1.1106963470293827
p015,Q95,weighted_proportional,0.1,1.4,1.5,0.11666615161423644,6.203707267940755,-6.087041116326519,5.523521062687831,1.1231435885793357
p015,Q95,weighted_proportional,0.2,1.1,1.2,3.6215594344207873,3.7482164385823773,-0.12665700416158998,2.2376162017319343,1.6750935373462281
p015,Q95,weighted_proportional,0.2,1.2,1.3,1.8094705020330615,4.026262482624388,-2.216791980591326,3.980835104472738,1.011411519683548
p015,Q95,weighted_proportional,0.2,1.3,1.4,1.7866268103672034,4.293470453012621,-2.5068436426454177,3.930578982807881,1.0923251947847903
p015,Q95,weighted_proportional,0.2,1.4,1.5,0.8191763073508579,4.549385329823089,-3.7302090224722306,4.8210109069512095,0.9436579625371776
p015,Q95,weighted_proportional,0.2,1.5,1.6,0.34747297204114347,4.7936270851704625,-4.446154113129319,5.212094580617083,0.9197122214545317
p015,Q95,weighted_proportional,0.2,1.6,1.7,0.019118978679219523,60.740771419907624,-60.7216524412284,0.28678468018836223,211.7992194702055
p015,Q95,weighted_proportional,0.3,1.1,1.2,3.6215594344207873,3.7482164385823773,-0.12665700416158998,2.2376162017319343,1.6750935373462281
p015,Q95,weighted_proportional,0.3,1.2,1.3,1.8094705020330615,4.026262482624388,-2.216791980591326,3.980835104472738,1.011411519683548
p015,Q95,weighted_proportional,0.3,1.3,1.4,1.7866268103672034,4.293470453012621,-2.5068436426454177,3.930578982807881,1.0923251947847903
p015,Q95,weighted_proportional,0.3,1.4,1.5,1.762558504469408,4.549385329823102,-2.7868268253536943,3.877628709832659,1.1732390257703227
p015,Q95,weighted_proportional,0.3,1.5,1.6,1.2114032749225845,4.793627085170671,-3.5822238102480863,4.348164277735641,1.102448476870108
p015,Q95,weighted_proportional,0.3,1.6,1.7,0.0191189786792334,54.08797142519906,-54.06885244651982,0.28678468018834835,188.60132762209022
p016,Q0,equal_kw_reduction,0.0,1.2,1.3,0.6991050976212255,4.830819453414073,-4.131714355792848,1.53811563618542,3.1407387973733063
p016,Q0,equal_kw_reduction,0.05,1.1,1.2,2.0201956469676174,4.080635418394176,-2.0604397714265588,0.2333577819933659,17.486605261401497
p016,Q0,equal_kw_reduction,0.05,1.2,1.3,0.8779857318761825,4.5073270793015014,-3.629341347425319,1.359235001930463,3.3160763759761474
p016,Q0,equal_kw_reduction,0.05,1.3,1.4,0.054477147738409004,4.939074587869665,-4.884597440131255,2.166217365644565,2.2800456991074056
p016,Q0,equal_kw_reduction,0.1,1.0,1.1,2.1530681226032584,3.22009856208701,-1.0670304394837515,0.11667759208860984,27.598260338125016
p016,Q0,equal_kw_reduction,0.1,1.1,1.2,1.685045114056226,3.592521133897429,-1.9074760198412033,0.5685083149047574,6.31920596359138
p016,Q0,equal_kw_reduction,0.1,1.2,1.3,0.961295890922538,3.9681731224471344,-3.006877231524596,1.2759248428841075,3.1100367271456633
p016,Q0,equal_kw_reduction,0.1,1.3,1.4,0.35670199804008207,4.348276192191497,-3.991574194151415,1.8639925153428918,2.332775564493942
p016,Q0,equal_kw_reduction,0.1,1.4,1.5,0.06629311565197263,4.764946572283757,-4.698653456631785,2.1376254312813168,2.229083965111509
p016,Q0,equal_kw_reduction,0.2,1.0,1.1,1.6611762391691813,2.8613375809849564,-1.2001613418157753,0.6085694755226869,4.701743508458778
p016,Q0,equal_kw_reduction,0.2,1.1,1.2,1.549317982410675,3.1922674206099897,-1.6429494381993148,0.7042354465503081,4.532954761432824
p016,Q0,equal_kw_reduction,0.2,1.2,1.3,0.961295890922538,3.526066877826646,-2.564770986904108,1.2759248428841075,2.76353807004518
p016,Q0,equal_kw_reduction,0.2,1.3,1.4,0.6939670354321782,3.8638215077352913,-3.169854472303113,1.5267274779507956,2.5307866423688075
p016,Q0,equal_kw_reduction,0.2,1.4,1.5,0.4029173717912324,4.206680322051091,-3.803762950259859,1.8010011751420572,2.335745462086821
p016,Q0,equal_kw_reduction,0.2,1.5,1.6,0.1293607064686425,4.302085483027477,-4.172724776558834,1.9404105970296723,2.2171005918092757
p016,Q0,equal_kw_reduction,0.3,1.0,1.1,1.560450178850658,2.8000857061627573,-1.2396355273120996,0.7092955358412103,3.9476996042868246
p016,Q0,equal_kw_reduction,0.3,1.1,1.2,1.549317982410675,3.1239314207802957,-1.5746134383696209,0.7042354465503081,4.435919032594638
p016,Q0,equal_kw_reduction,0.3,1.2,1.3,0.961295890922538,3.450585323867002,-2.4892894329444637,1.2759248428841075,2.7043797627353032
p016,Q0,equal_kw_reduction,0.3,1.3,1.4,0.6939670354321782,3.787159097992491,-3.0931920625603126,1.5267274779507956,2.4805730902778356
p016,Q0,equal_kw_reduction,0.3,1.4,1.5,0.6887245459166538,4.129493527151008,-3.4407689812343545,1.5151940010166356,2.72538930617484
p016,Q0,equal_kw_reduction,0.3,1.5,1.6,0.44599103234322507,4.223148134714923,-3.7771571023716977,1.6237802711550897,2.600812566660113
p016,Q0,fairness_qp,0.0,1.4,1.5,0.07649139152540382,2.562361219424738,-2.485869827899334,0.9644080968310431,2.6569262823947897
p016,Q0,fairness_qp,0.05,1.2,1.3,1.1979642720702615,2.797456816464993,-1.5994925443947317,0.07358142571702031,38.01851879336318
p016,Q0,fairness_qp,0.05,1.3,1.4,0.8016126575709666,2.6933915354352584,-1.8917788778642919,0.3543431394312929,7.601082780262228
p016,Q0,fairness_qp,0.05,1.4,1.5,0.3539653619334185,2.548288533425015,-2.1943231714915967,0.6869341264230284,3.7096548786917096
p016,Q0,fairness_qp,0.05,1.5,1.6,0.11818127966711778,2.3732439962682594,-2.2550627166011417,0.8108515823309314,2.9268537522563185
p016,Q0,fairness_qp,0.05,1.6,1.7,0.03226931507318079,2.179061916831166,-2.1467926017579853,0.7901695387070133,2.757714401895135
p016,Q0,fairness_qp,0.1,1.0,1.1,1.4338675960963756,2.619600992479102,-1.1857333963827266,0.058179668240163074,45.026055866553
p016,Q0,fairness_qp,0.1,1.1,1.2,1.2980928954772901,2.657432032409937,-1.3593391369326469,0.08653952636515291,30.707725637380097
p016,Q0,fairness_qp,0.1,1.2,1.3,0.8977483888074934,2.6318065570387383,-1.734058168231245,0.3737973089797883,7.0407316848314805
p016,Q0,fairness_qp,0.1,1.3,1.4,0.7947196104390528,2.5335173083803273,-1.7387976979412745,0.3612361865632068,7.0134648814786695
p016,Q0,fairness_qp,0.1,1.4,1.5,0.3539653619334185,2.396774367482736,-2.0428090055493175,0.6869341264230284,3.4890890920838484
p016,Q0,fairness_qp,0.1,1.5,1.6,0.2903227693743897,2.23198582945942,-1.9416630600850304,0.6387100926236594,3.4945209966715685
p016,Q0,fairness_qp,0.1,1.6,1.7,0.18047968865398875,2.049261489057718,-1.8687818004037293,0.6419591651262053,3.1921991310067916
p016,Q0,fairness_qp,0.1,1.7,1.8,0.04516440347972217,1.8575617974058574,-1.812397393926135,0.6774660521958187,2.7419260218059414
p016,Q0,fairness_qp,0.1,1.8,1.9,0.03940397871274662,1.6642922183082478,-1.624888239595501,0.5910596806912027,2.8157769387381912
p016,Q0,fairness_qp,0.1,1.9,2.0,0.034148913854434304,1.4752193075255744,-1.44107039367114,0.5122337078165493,2.879973115814369
p016,Q0,fairness_qp,0.2,1.0,1.1,1.1660756373548555,2.001776709029044,-0.8357010716741886,0.32597162698168314,6.140953823387601
p016,Q0,fairness_qp,0.2,1.1,1.2,0.9519347900166786,2.1020566437457697,-1.1501218537290914,0.4326976318257646,4.858026689159718
p016,Q0,fairness_qp,0.2,1.2,1.3,0.8741876672287568,2.158402037651344,-1.2842143704225872,0.3973580305585249,5.431882261489727
p016,Q0,fairness_qp,0.2,1.3,1.4,0.7947196104390528,2.0774059445390556,-1.2826863341000028,0.3612361865632068,5.750824590148209
p016,Q0,fairness_qp,0.2,1.4,1.5,0.353965361933415,1.9650292249985026,-1.6110638630650875,0.686934126423032,2.8605788377856576
p016,Q0,fairness_qp,0.2,1.5,1.6,0.29032276937439316,1.8297696048041185,-1.5394468354297253,0.638710092623656,2.864788933094666
p016,Q0,fairness_qp,0.2,1.6,1.7,0.25701214180631066,1.679881515621949,-1.4228693738156384,0.5654267119738834,2.9709977969692054
p016,Q0,fairness_qp,0.2,1.7,1.8,0.2258220173986039,1.5226978360139767,-1.2968758186153728,0.49680843827693694,3.064959688074332
p016,Q0,fairness_qp,0.2,1.8,1.9,0.19701989356373656,1.3642608448914337,-1.1672409513276971,0.4334437658402128,3.14749213717925
p016,Q0,fairness_qp,0.2,1.9,2.0,0.17074456927218193,1.2092912403253684,-1.0385466710531865,0.37563805239880166,3.219299090182447
p016,Q0,fairness_qp,0.3,1.0,1.1,1.0257824942313705,1.9651413878617636,-0.9393588936303932,0.4662647701051681,4.2146469428057305
p016,Q0,fairness_qp,0.3,1.1,1.2,0.9519347900166786,1.9701222084207715,-1.0181874184040929,0.4326976318257646,4.553115301574115
p016,Q0,fairness_qp,0.3,1.2,1.3,0.8741876672287568,1.9337938716815355,-1.0596062044527788,0.3973580305585249,4.866628387913546
p016,Q0,fairness_qp,0.3,1.3,1.4,0.7947196104390528,1.8619015153541127,-1.06718190491506,0.3612361865632068,5.154249725278643
p016,Q0,fairness_qp,0.3,1.4,1.5,0.3539653619334185,1.7616233383544802,-1.4076579764210617,0.6869341264230284,2.564472007712768
p016,Q0,fairness_qp,0.3,1.5,1.6,0.2903227693743897,1.6406330014343933,-1.3503102320600036,0.6387100926236594,2.5686661607226027
p016,Q0,fairness_qp,0.3,1.6,1.7,0.25701214180631066,1.5064062301272316,-1.249394088320921,0.5654267119738834,2.664193604982729
p016,Q0,fairness_qp,0.3,1.7,1.8,0.22582201739860738,1.3655128091770545,-1.1396907917784471,0.49680843827693344,2.748570080478149
p016,Q0,fairness_qp,0.3,1.8,1.9,0.1970198935637331,1.2234498331110017,-1.0264299395472687,0.43344376584021627,2.8226264386093662
p016,Q0,fairness_qp,0.3,1.9,2.0,0.17074456927218193,1.0844442345280778,-0.913699665255896,0.37563805239880166,2.886939242717513
p016,Q0,flat_level,0.05,1.0,1.1,0.4518281249999978,13.292007953659258,-12.84017982865926,1.9579218750000043,6.788834694264411
p016,Q0,flat_level,0.1,1.0,1.1,0.7530468749999998,13.173329311215845,-12.420282436215846,1.6567031250000024,7.951532844012609
p016,Q0,flat_level,0.1,1.1,1.2,0.15060937499999927,14.716301064730096,-14.565691689730098,2.259140624999996,6.514114660184168
p016,Q0,flat_level,0.2,1.0,1.1,0.7530468749999998,12.283239492890344,-11.530192617890345,1.6567031250000024,7.41426711130899
p016,Q0,flat_level,0.2,1.1,1.2,0.7530468749999998,13.721956398194404,-12.968909523194405,1.6567031249999955,8.282688787826391
p016,Q0,flat_level,0.2,1.2,1.3,0.15060937499999927,15.254908929353995,-15.104299554353995,2.259140625000003,6.752527381669291
p016,Q0,flat_level,0.2,1.3,1.4,0.0502031249999986,5.397436440447396,-5.347233315447397,0.7530468749999998,7.167464097699625
p016,Q0,flat_level,0.3,1.0,1.1,0.7530468750000032,10.799756462347993,-10.04670958734799,1.6567031249999988,6.51882422346973
p016,Q0,flat_level,0.3,1.1,1.2,0.7530468749999963,13.34035574316783,-12.587308868167835,1.6567031249999988,8.05235140916864
p016,Q0,flat_level,0.3,1.2,1.3,0.7530468749999998,15.18121371713488,-14.428166842134882,1.6567031250000024,9.163508831514312
p016,Q0,flat_level,0.3,1.3,1.4,0.05020312500000207,5.354614524877031,-5.304411399877029,0.7530468749999963,7.11059922382263
p016,Q0,weighted_proportional,0.0,1.1,1.2,1.5916151538620804,5.606836161908935,-4.015221008046854,0.3614433914960157,15.512349357674564
p016,Q0,weighted_proportional,0.05,1.0,1.1,1.923371350141933,5.175496149166857,-3.2521247990249247,0.05113342788361924,101.21551328313829
p016,Q0,weighted_proportional,0.05,1.1,1.2,1.3038715165882044,5.606836161908966,-4.3029646453207615,0.6491870287698918,8.63670392880931
p016,Q0,weighted_proportional,0.05,1.2,1.3,0.3314892689297334,6.022756274291222,-5.691267005361489,1.598612599930039,3.7674895559779773
p016,Q0,weighted_proportional,0.05,1.3,1.4,0.007387796227761867,6.422464064732666,-6.4150762685049045,1.8983474681917232,3.3831867834240086
p016,Q0,weighted_proportional,0.1,1.0,1.1,1.6465645178644768,4.852027639844033,-3.205463121979557,0.32794026016107547,14.795461946211933
p016,Q0,weighted_proportional,0.1,1.1,1.2,1.2071864781226862,5.256408901789696,-4.049222423667009,0.7458720672354098,7.047333091950586
p016,Q0,weighted_proportional,0.1,1.2,1.3,0.6031568340186776,5.646334007147865,-5.0431771731291875,1.3269450348410947,4.255137823266379
p016,Q0,weighted_proportional,0.1,1.3,1.4,0.14865963893727352,6.021060060686908,-5.872400421749635,1.7570756254822115,3.426750660794404
p016,Q0,weighted_proportional,0.1,1.4,1.5,0.03888871720154202,6.379948965496269,-6.341060248294728,1.841173687264344,3.4651532387342208
p016,Q0,weighted_proportional,0.2,1.0,1.1,1.3574720348925664,3.5581536025521903,-2.2006815676596236,0.6170327431329857,5.7665555712418985
p016,Q0,weighted_proportional,0.2,1.1,1.2,1.2071864781226862,3.85469986131249,-2.6475133831898034,0.7458720672354098,5.168044267430491
p016,Q0,weighted_proportional,0.2,1.2,1.3,0.6031568340186776,4.14064493857513,-3.537488104556452,1.3269450348410947,3.1204344037286993
p016,Q0,weighted_proportional,0.2,1.3,1.4,0.5955422701310886,4.415444044503614,-3.819901774372525,1.3101929942883963,3.3700714808826837
p016,Q0,weighted_proportional,0.2,1.4,1.5,0.2730587690852986,4.67862924136404,-4.405570472278741,1.6070036353805877,2.9113992889356455
p016,Q0,weighted_proportional,0.2,1.5,1.6,0.1158243240237701,4.929809667293148,-4.813985343269378,1.7373648603565273,2.837521225266116
p016,Q0,weighted_proportional,0.2,1.6,1.7,0.006372992898656671,62.46636152985211,-62.459988536953446,0.09559489347988476,653.4487278130226
p016,Q0,weighted_proportional,0.3,1.0,1.1,1.3574720348925664,3.5581536025521903,-2.2006815676596236,0.6170327431329857,5.7665555712418985
p016,Q0,weighted_proportional,0.3,1.1,1.2,1.2071864781226862,3.85469986131249,-2.6475133831898034,0.7458720672354098,5.168044267430491
p016,Q0,weighted_proportional,0.3,1.2,1.3,0.6031568340186776,4.14064493857513,-3.537488104556452,1.3269450348410947,3.1204344037286993
p016,Q0,weighted_proportional,0.3,1.3,1.4,0.5955422701310886,4.415444044503614,-3.819901774372525,1.3101929942883963,3.3700714808826837
p016,Q0,weighted_proportional,0.3,1.4,1.5,0.5875195013955898,4.678629241364103,-4.091109739968513,1.2925429030702964,3.619709048148826
p016,Q0,weighted_proportional,0.3,1.5,1.6,0.40380109171347933,4.929809667293089,-4.52600857557961,1.4493880926668181,3.4013041035975604
p016,Q0,weighted_proportional,0.3,1.6,1.7,0.00637299289866014,55.62456153114295,-55.6181885382443,0.09559489347988129,581.8779592327239
p016,Q95,equal_kw_reduction,0.0,1.2,1.3,0.6991050976212255,4.830819453414073,-4.131714355792848,1.53811563618542,3.1407387973733063
p016,Q95,equal_kw_reduction,0.05,1.1,1.2,2.0201956469676174,4.080635418394176,-2.0604397714265588,0.2333577819933659,17.486605261401497
p016,Q95,equal_kw_reduction,0.05,1.2,1.3,0.8779857318761825,4.5073270793015014,-3.629341347425319,1.359235001930463,3.3160763759761474
p016,Q95,equal_kw_reduction,0.05,1.3,1.4,0.054477147738409004,4.939074587869665,-4.884597440131255,2.166217365644565,2.2800456991074056
p016,Q95,equal_kw_reduction,0.1,1.0,1.1,2.1530681226032584,3.22009856208701,-1.0670304394837515,0.11667759208860984,27.598260338125016
p016,Q95,equal_kw_reduction,0.1,1.1,1.2,1.685045114056226,3.592521133897429,-1.9074760198412033,0.5685083149047574,6.31920596359138
p016,Q95,equal_kw_reduction,0.1,1.2,1.3,0.961295890922538,3.9681731224471344,-3.006877231524596,1.2759248428841075,3.1100367271456633
p016,Q95,equal_kw_reduction,0.1,1.3,1.4,0.35670199804008207,4.348276192191497,-3.991574194151415,1.8639925153428918,2.332775564493942
p016,Q95,equal_kw_reduction,0.1,1.4,1.5,0.06629311565197263,4.764946572283757,-4.698653456631785,2.1376254312813168,2.229083965111509
p016,Q95,equal_kw_reduction,0.2,1.0,1.1,1.6611762391691813,2.8613375809849564,-1.2001613418157753,0.6085694755226869,4.701743508458778
p016,Q95,equal_kw_reduction,0.2,1.1,1.2,1.549317982410675,3.1922674206099897,-1.6429494381993148,0.7042354465503081,4.532954761432824
p016,Q95,equal_kw_reduction,0.2,1.2,1.3,0.961295890922538,3.526066877826646,-2.564770986904108,1.2759248428841075,2.76353807004518
p016,Q95,equal_kw_reduction,0.2,1.3,1.4,0.6939670354321782,3.8638215077352913,-3.169854472303113,1.5267274779507956,2.5307866423688075
p016,Q95,equal_kw_reduction,0.2,1.4,1.5,0.4029173717912324,4.206680322051091,-3.803762950259859,1.8010011751420572,2.335745462086821
p016,Q95,equal_kw_reduction,0.2,1.5,1.6,0.1293607064686425,4.302085483027477,-4.172724776558834,1.9404105970296723,2.2171005918092757
p016,Q95,equal_kw_reduction,0.3,1.0,1.1,1.560450178850658,2.8000857061627573,-1.2396355273120996,0.7092955358412103,3.9476996042868246
p016,Q95,equal_kw_reduction,0.3,1.1,1.2,1.549317982410675,3.1239314207802957,-1.5746134383696209,0.7042354465503081,4.435919032594638
p016,Q95,equal_kw_reduction,0.3,1.2,1.3,0.961295890922538,3.450585323867002,-2.4892894329444637,1.2759248428841075,2.7043797627353032
p016,Q95,equal_kw_reduction,0.3,1.3,1.4,0.6939670354321782,3.787159097992491,-3.0931920625603126,1.5267274779507956,2.4805730902778356
p016,Q95,equal_kw_reduction,0.3,1.4,1.5,0.6887245459166538,4.129493527151008,-3.4407689812343545,1.5151940010166356,2.72538930617484
p016,Q95,equal_kw_reduction,0.3,1.5,1.6,0.44599103234322507,4.223148134714923,-3.7771571023716977,1.6237802711550897,2.600812566660113
p016,Q95,fairness_qp,0.0,1.4,1.5,0.07648560410387917,2.5623609739030413,-2.485875369799162,0.9644143463948471,2.656908810493751
p016,Q95,fairness_qp,0.05,1.2,1.3,1.1979656327491297,2.7974518910140223,-1.5994862582648928,0.07358169292636871,38.01831379190147
p016,Q95,fairness_qp,0.05,1.3,1.4,0.801612628283075,2.6933911001117172,-1.8917784718286423,0.35434468079116943,7.601048487867802
p016,Q95,fairness_qp,0.05,1.4,1.5,0.35396333606980623,2.5482883775673306,-2.1943250414975246,0.6869366144289201,3.709641215857787
p016,Q95,fairness_qp,0.05,1.5,1.6,0.1181794387279042,2.3732515962295517,-2.2550721575016475,0.8108489664979055,2.9268725672547085
p016,Q95,fairness_qp,0.05,1.6,1.7,0.03226920302370692,2.179042944531442,-2.146773741507735,0.7901696356763799,2.7576900530557538
p016,Q95,fairness_qp,0.1,1.0,1.1,1.433868701383234,2.619599951106444,-1.1857312497232098,0.058179758669996834,45.02596798252732
p016,Q95,fairness_qp,0.1,1.1,1.2,1.2980940210247753,2.657441142725158,-1.3593471217003827,0.08653960140165076,30.707804284784547
p016,Q95,fairness_qp,0.1,1.2,1.3,0.89774884611531,2.6318032624770735,-1.7340544163617633,0.3737984795601883,7.040700822468984
p016,Q95,fairness_qp,0.1,1.3,1.4,0.7947206499885409,2.5335190372322085,-1.7387983872436674,0.36123665908570357,7.013460493308155
p016,Q95,fairness_qp,0.1,1.4,1.5,0.3539633360698097,2.396774724337372,-2.0428113882675625,0.6869366144289166,3.4890769744890164
p016,Q95,fairness_qp,0.1,1.5,1.6,0.2903213766330647,2.2319875926553845,-1.9416662160223197,0.638707028592745,3.494540521298308
p016,Q95,fairness_qp,0.1,1.6,1.7,0.18047923951359374,2.0492491117164517,-1.8687698722028578,0.641959599186493,3.192177692043721
p016,Q95,fairness_qp,0.1,1.7,1.8,0.04516382146890416,1.8575580017752245,-1.8123941803063204,0.6774573220335762,2.741955753314834
p016,Q95,fairness_qp,0.1,1.8,1.9,0.039404102089513754,1.664297933167181,-1.6248938310776673,0.591061531342682,2.8157777911658144
p016,Q95,fairness_qp,0.1,1.9,2.0,0.03414939586896676,1.47523792188773,-1.4410885260187634,0.5122409380345292,2.879968804422827
p016,Q95,fairness_qp,0.2,1.0,1.1,1.166076396619916,2.0017751621828026,-0.8356987655628867,0.3259720634333149,6.1409408557869005
p016,Q95,fairness_qp,0.2,1.1,1.2,0.9519356154181688,2.102066838953302,-1.1501312235351335,0.4326980070082573,4.8580460388235345
p016,Q95,fairness_qp,0.2,1.2,1.3,0.8741887864019069,2.1584013992544047,-1.2842126128524978,0.3973585392735915,5.431873700764463
p016,Q95,fairness_qp,0.2,1.3,1.4,0.7947206499885409,2.077406900125929,-1.2826862501373881,0.36123665908570357,5.750819712993368
p016,Q95,fairness_qp,0.2,1.4,1.5,0.3539633360698097,1.965029954677358,-1.6110666186075484,0.6869366144289166,2.860569539317659
p016,Q95,fairness_qp,0.2,1.5,1.6,0.2903213766330647,1.8297701431391997,-1.5394487665061352,0.638707028592745,2.8648035190261
p016,Q95,fairness_qp,0.2,1.6,1.7,0.25701213709377824,1.679872817232527,-1.422860680138749,0.5654267016063086,2.9709824676836316
p016,Q95,fairness_qp,0.2,1.7,1.8,0.22581910734452426,1.5226945143671373,-1.296875407022613,0.49680203615795615,3.0649924991108586
p016,Q95,fairness_qp,0.2,1.8,1.9,0.19702051044756183,1.3642653958647575,-1.1672448854171957,0.43344512298463395,3.1474927817174265
p016,Q95,fairness_qp,0.2,1.9,2.0,0.17074697934484073,1.2093069578069797,-1.038559978462139,0.37564335455865516,3.219295491671347
p016,Q95,fairness_qp,0.3,1.0,1.1,1.0257833162865966,1.9651398295732898,-0.9393565132866932,0.4662651437666344,4.214640223153463
p016,Q95,fairness_qp,0.3,1.1,1.2,0.9519356154181688,1.9701307426105361,-1.0181951271923673,0.4326980070082573,4.5531310768735285
p016,Q95,fairness_qp,0.3,1.2,1.3,0.8741887864019033,1.9337903601903856,-1.0596015737884823,0.397358539273595,4.866613320366835
p016,Q95,fairness_qp,0.3,1.3,1.4,0.7947206499885409,1.861900829908565,-1.0671801799200242,0.36123665908570357,5.1542410856668575
p016,Q95,fairness_qp,0.3,1.4,1.5,0.3539633360698097,1.76162316955826,-1.4076598334884505,0.6869366144289166,2.5644624737651847
p016,Q95,fairness_qp,0.3,1.5,1.6,0.2903213766330647,1.6406391228559156,-1.350317746222851,0.638707028592745,2.5686880673142345
p016,Q95,fairness_qp,0.3,1.6,1.7,0.25701213709377824,1.5063922623435553,-1.2493801252497772,0.5654267016063086,2.6641689507483073
p016,Q95,fairness_qp,0.3,1.7,1.8,0.22581910734452426,1.3655188954528747,-1.1396997881083504,0.49680203615795615,2.7486177512740984
p016,Q95,fairness_qp,0.3,1.8,1.9,0.19702051044756183,1.2234539005551124,-1.0264333901075506,0.43344512298463395,2.822626984773999
p016,Q95,fairness_qp,0.3,1.9,2.0,0.1707469793448442,1.084456823987185,-0.9137098446423408,0.3756433545586517,2.8869320083176437
p016,Q95,flat_level,0.05,1.0,1.1,0.4518281249999978,13.292007953659258,-12.84017982865926,1.9579218750000043,6.788834694264411
p016,Q95,flat_level,0.1,1.0,1.1,0.7530468749999998,13.173329311215845,-12.420282436215846,1.6567031250000024,7.951532844012609
p016,Q95,flat_level,0.1,1.1,1.2,0.15060937499999927,14.716301064730096,-14.565691689730098,2.259140624999996,6.514114660184168
p016,Q95,flat_level,0.2,1.0,1.1,0.7530468749999998,12.283239492890344,-11.530192617890345,1.6567031250000024,7.41426711130899
p016,Q95,flat_level,0.2,1.1,1.2,0.7530468749999998,13.721956398194404,-12.968909523194405,1.6567031249999955,8.282688787826391
p016,Q95,flat_level,0.2,1.2,1.3,0.15060937499999927,15.254908929353995,-15.104299554353995,2.259140625000003,6.752527381669291
p016,Q95,flat_level,0.2,1.3,1.4,0.0502031249999986,5.397436440447396,-5.347233315447397,0.7530468749999998,7.167464097699625
p016,Q95,flat_level,0.3,1.0,1.1,0.7530468750000032,10.799756462347993,-10.04670958734799,1.6567031249999988,6.51882422346973
p016,Q95,flat_level,0.3,1.1,1.2,0.7530468749999963,13.34035574316783,-12.587308868167835,1.6567031249999988,8.05235140916864
p016,Q95,flat_level,0.3,1.2,1.3,0.7530468749999998,15.18121371713488,-14.428166842134882,1.6567031250000024,9.163508831514312
p016,Q95,flat_level,0.3,1.3,1.4,0.05020312500000207,5.354614524877031,-5.304411399877029,0.7530468749999963,7.11059922382263
p016,Q95,weighted_proportional,0.0,1.1,1.2,1.5916151538845242,5.606836159897006,-4.0152210060124816,0.3614433915048836,15.5123493517276
p016,Q95,weighted_proportional,0.05,1.0,1.1,1.923371350111093,5.1754961513533555,-3.252124801242262,0.051133427882217586,101.21551332867342
p016,Q95,weighted_proportional,0.05,1.1,1.2,1.3038715166120187,5.6068361598970755,-4.302964643285057,0.6491870287773892,8.63670392561047
p016,Q95,weighted_proportional,0.05,1.2,1.3,0.3314892689256187,6.022756276021498,-5.691267007095879,1.5986125999038168,3.7674895571221363
p016,Q95,weighted_proportional,0.05,1.3,1.4,0.007387796229104543,6.4224640660558405,-6.415076269826736,1.8983474681631383,3.3831867841719654
p016,Q95,weighted_proportional,0.1,1.0,1.1,1.646564517839861,4.852027641893759,-3.2054631240538978,0.3279402601534497,14.795461952806283
p016,Q95,weighted_proportional,0.1,1.1,1.2,1.207186478140887,5.25640889990342,-4.049222421762533,0.7458720672485208,7.047333089297753
p016,Q95,weighted_proportional,0.1,1.2,1.3,0.6031568340091955,5.6463340087701885,-5.043177174760993,1.3269450348202398,4.255137824555855
p016,Q95,weighted_proportional,0.1,1.3,1.4,0.14865963894093726,6.02106006192736,-5.8724004229864235,1.7570756254513056,3.4267506615606536
p016,Q95,weighted_proportional,0.1,1.4,1.5,0.0388887172045882,6.379948949603809,-6.3410602323992205,1.8411736876090408,3.465153229453789
p016,Q95,weighted_proportional,0.2,1.0,1.1,1.3574720348704001,3.5581536040554704,-2.20068156918507,0.6170327431229105,5.766555573772363
p016,Q95,weighted_proportional,0.2,1.1,1.2,1.207186478140887,3.854699859929145,-2.647513381788258,0.7458720672485208,5.168044265484979
p016,Q95,weighted_proportional,0.2,1.2,1.3,0.6031568340091991,4.140644939764692,-3.537488105755493,1.3269450348202365,3.1204344046742163
p016,Q95,weighted_proportional,0.2,1.3,1.4,0.5955422701225781,4.415444045413479,-3.8199017752909015,1.3101929942696648,3.370071481625317
p016,Q95,weighted_proportional,0.2,1.4,1.5,0.2730587691192089,4.678629229709522,-4.405570460590313,1.60700363569442,2.911399281114749
p016,Q95,weighted_proportional,0.2,1.5,1.6,0.11582432401264706,4.929809673451756,-4.813985349439109,1.7373648601896745,2.837521229083424
p016,Q95,weighted_proportional,0.2,1.6,1.7,0.006372992891089807,62.466361535857956,-62.45998854296686,0.09559489336639568,653.4487286516149
p016,Q95,weighted_proportional,0.3,1.0,1.1,1.3574720348704037,3.5581536040554735,-2.20068156918507,0.617032743122907,5.7665555737724015
p016,Q95,weighted_proportional,0.3,1.1,1.2,1.207186478140887,3.854699859929145,-2.647513381788258,0.7458720672485208,5.168044265484979
p016,Q95,weighted_proportional,0.3,1.2,1.3,0.6031568340091991,4.140644939764914,-3.537488105755715,1.3269450348202365,3.1204344046743837
p016,Q95,weighted_proportional,0.3,1.3,1.4,0.5955422701225745,4.415444045413254,-3.8199017752906794,1.3101929942696682,3.3700714816251356
p016,Q95,weighted_proportional,0.3,1.4,1.5,0.5875195015042599,4.678629229709515,-4.0911097282052555,1.292542903309369,3.619709038462524
p016,Q95,weighted_proportional,0.3,1.5,1.6,0.40380109162759664,4.929809673451767,-4.52600858182417,1.4493880925747251,3.4013041080628335
p016,Q95,weighted_proportional,0.3,1.6,1.7,0.0063729928910932765,55.624561536551056,-55.61818854365996,0.09559489336639221,581.8779599800954
p017,Q0,equal_kw_reduction,0.0,1.6,1.7,0.14689391985709366,4.550431683187339,-4.403537763330245,0.6544906628862084,6.952630405941314
p017,Q0,equal_kw_reduction,0.05,1.4,1.5,0.8258306407307441,3.6014593974094384,-2.775628756678694,0.00021445410526219066,16793.613687209716
p017,Q0,equal_kw_reduction,0.05,1.5,1.6,0.6789623685193157,3.927245472266123,-3.2482831037468074,0.13461244593939575,29.174460391531845
p017,Q0,equal_kw_reduction,0.05,1.6,1.7,0.2623827363321396,4.254269567970343,-3.991886831638203,0.5390018464111624,7.8928664090792235
p017,Q0,equal_kw_reduction,0.05,1.7,1.8,0.01933808356961199,4.579568002506066,-4.560229918936454,0.7701021830015877,5.946701754118549
p017,Q0,equal_kw_reduction,0.1,1.3,1.4,0.8300026008208773,2.8765413105254924,-2.046538709704615,0.008830385678011698,325.754889470829
p017,Q0,equal_kw_reduction,0.1,1.4,1.5,0.7735594599877077,3.170662818771888,-2.3971033587841806,0.052485634848298615,60.41010703092732
p017,Q0,equal_kw_reduction,0.1,1.5,1.6,0.559332684940364,3.457479267449673,-2.898146582509309,0.25424212951834746,13.599159486272958
p017,Q0,equal_kw_reduction,0.1,1.6,1.7,0.3055179020536921,3.772071765460799,-3.466553863407107,0.49586668068960993,7.607028083062401
p017,Q0,equal_kw_reduction,0.1,1.7,1.8,0.12669235093914696,4.099803735576887,-3.9731113846377397,0.6627479156320528,6.186068094483503
p017,Q0,equal_kw_reduction,0.1,1.8,1.9,0.03024181690891234,4.375450636223462,-4.34520881931455,0.7474687943156196,5.853690039635183
p017,Q0,equal_kw_reduction,0.2,1.1,1.2,0.841891019745019,2.0042258922219855,-1.1623348724769667,0.023642065299297153,84.77372288966517
p017,Q0,equal_kw_reduction,0.2,1.2,1.3,0.7987313808380127,2.2803671564537877,-1.481635775615775,0.053248758722534116,42.8247946273491
p017,Q0,equal_kw_reduction,0.2,1.3,1.4,0.7510843821306613,2.5482404000852656,-1.7971560179546042,0.08774860436822768,29.040238513559096
p017,Q0,equal_kw_reduction,0.2,1.4,1.5,0.5679060026997536,2.8087936927163777,-2.240887690016624,0.25813909213625275,10.88093116572139
p017,Q0,equal_kw_reduction,0.2,1.5,1.6,0.5593326849403658,3.0628756554037673,-2.5035429704634016,0.2542421295183457,12.047081501426597
p017,Q0,equal_kw_reduction,0.2,1.6,1.7,0.30551790205369034,3.3112516266051752,-3.005733724551485,0.49586668068961165,6.677705430822962
p017,Q0,equal_kw_reduction,0.2,1.7,1.8,0.24670008330350024,3.5546170686118015,-3.3079169853083012,0.5427401832676995,6.549389888934265
p017,Q0,equal_kw_reduction,0.2,1.8,1.9,0.16957418083718076,3.7936087963001928,-3.624034615463012,0.6081364303873512,6.23808837415621
p017,Q0,equal_kw_reduction,0.2,1.9,2.0,0.04788542337731856,4.028814478994518,-3.9809290556171995,0.7182813506597594,5.60896433590257
p017,Q0,equal_kw_reduction,0.3,1.0,1.1,0.8245726884548548,1.6660270298845363,-0.8414543414296816,0.05497151256365733,30.30709820755373
p017,Q0,equal_kw_reduction,0.3,1.1,1.2,0.8114372672290461,1.9427465703745797,-1.1313093031455335,0.05409581781527003,35.913064056241815
p017,Q0,equal_kw_reduction,0.3,1.2,1.3,0.7321430847506885,2.210417243679227,-1.4782741589285386,0.11983705480985829,18.44518998890975
p017,Q0,equal_kw_reduction,0.3,1.3,1.4,0.5766976782179862,2.4700735166469543,-1.8933758384289678,0.2621353082809027,9.422895117967235
p017,Q0,equal_kw_reduction,0.3,1.4,1.5,0.5679060026997536,2.722634376988848,-2.1547283742890944,0.25813909213625275,10.547160271067229
p017,Q0,equal_kw_reduction,0.3,1.5,1.6,0.559332684940364,2.9689224144405917,-2.4095897295002278,0.25424212951834746,11.677539124082655
p017,Q0,equal_kw_reduction,0.3,1.6,1.7,0.3055179020536921,3.2096794908196333,-2.904161588765941,0.49586668068960993,6.472867840920224
p017,Q0,equal_kw_reduction,0.3,1.7,1.8,0.24670008330350024,3.445579735218843,-3.198879651915343,0.5427401832676995,6.348488358598935
p017,Q0,equal_kw_reduction,0.3,1.8,1.9,0.2430345660076657,3.67724042831547,-3.4342058623078042,0.5346760452168663,6.8775110858463275
p017,Q0,equal_kw_reduction,0.3,1.9,2.0,0.2154000382068328,3.9052312127676196,-3.689831174560787,0.550766735830245,7.090535718139799
p017,Q0,fairness_qp,0.0,1.5,1.6,0.21125194709353465,1.9139740517377066,-1.702722104644172,0.102727614991166,18.63154373731248
p017,Q0,fairness_qp,0.05,1.3,1.4,0.37868284156624027,2.2518052810028433,-1.873122439436603,0.024686622214043635,91.21560906464735
p017,Q0,fairness_qp,0.05,1.4,1.5,0.2676337031625349,2.0875963818895067,-1.8199626787269718,0.09002839431922725,23.18819965273624
p017,Q0,fairness_qp,0.05,1.5,1.6,0.1773380933115451,1.903412552141652,-1.726074458830107,0.13664146877315556,13.929977255305927
p017,Q0,fairness_qp,0.05,1.6,1.7,0.0852997926880459,1.708684789240392,-1.6233849965523461,0.18765954391370201,9.105237887747162
p017,Q0,fairness_qp,0.05,1.7,1.8,0.04125337063933844,1.5113541514997446,-1.470100780860406,0.1937483659617198,7.800603344434673
p017,Q0,fairness_qp,0.05,1.8,1.9,0.012519272255812411,1.317661905531115,-1.3051426332753024,0.1877890838371879,7.016711933445079
p017,Q0,fairness_qp,0.05,1.9,2.0,0.00955643473206369,1.1321835041176591,-1.1226270693855955,0.15936380028436747,7.104395741676593
p017,Q0,fairness_qp,0.1,1.0,1.1,0.5426963146533456,2.3234174270878922,-1.7807211124345468,0.0005007834528586441,4639.565093105666
p017,Q0,fairness_qp,0.1,1.1,1.2,0.4661740615651529,2.3010014377936847,-1.8348273762285316,0.031078270771010136,74.03891467282223
p017,Q0,fairness_qp,0.1,1.2,1.3,0.42211089755860365,2.2445170716489558,-1.8224061740903519,0.028140726503906796,79.76045221637571
p017,Q0,fairness_qp,0.1,1.3,1.4,0.27941238343784025,2.1184070176257475,-1.838994634187907,0.1239570803424437,17.08984280505348
p017,Q0,fairness_qp,0.1,1.4,1.5,0.24589269201871072,1.9638487691186133,-1.7179560770999025,0.11176940546305143,17.570539639023306
p017,Q0,fairness_qp,0.1,1.5,1.6,0.1773380933115451,1.790537170074262,-1.613199076762717,0.13664146877315556,13.103907519076882
p017,Q0,fairness_qp,0.1,1.6,1.7,0.0852997926880459,1.607340478161726,-1.52204068547368,0.18765954391370201,8.565194418786849
p017,Q0,fairness_qp,0.1,1.7,1.8,0.07343804268783102,1.4217156465456369,-1.348277603857806,0.16156369391322722,8.799722339285047
p017,Q0,fairness_qp,0.1,1.8,1.9,0.06259636127906205,1.239526938033671,-1.176930576754609,0.13771199481393825,9.000864011216942
p017,Q0,fairness_qp,0.1,1.9,2.0,0.048783253616783984,1.0650735976277457,-1.0162903440109616,0.12013698139964717,8.865493249615422
p017,Q0,fairness_qp,0.2,1.0,1.1,0.5072441456631305,1.7815523109319864,-1.274308165268856,0.03595295244307375,49.55232296298376
p017,Q0,fairness_qp,0.2,1.1,1.2,0.34186097848111235,1.7893309660503955,-1.4474699875692831,0.15539135385505068,11.514996952272432
p017,Q0,fairness_qp,0.2,1.2,1.3,0.30954799154297474,1.842476869227167,-1.532928877684192,0.14070363251953572,13.094735624336861
p017,Q0,fairness_qp,0.2,1.3,1.4,0.27731650634894683,1.7388240377273612,-1.4615075313784143,0.1260529574313371,13.794393032583342
p017,Q0,fairness_qp,0.2,1.4,1.5,0.24589269201871072,1.611880824273014,-1.3659881322543033,0.11176940546305143,14.421485178301921
p017,Q0,fairness_qp,0.2,1.5,1.6,0.17733809331154338,1.4695871624567005,-1.2922490691451571,0.1366414687731573,10.75505976078468
p017,Q0,fairness_qp,0.2,1.6,1.7,0.08529979268804763,1.3192110896073466,-1.233911296919299,0.18765954391370027,7.029810805753728
p017,Q0,fairness_qp,0.2,1.7,1.8,0.07343804268783102,1.1668628483316144,-1.0934248056437834,0.16156369391322722,7.222308552553362
p017,Q0,fairness_qp,0.2,1.8,1.9,0.06259636127906205,1.0173483582179028,-0.9547519969388407,0.13771199481393825,7.38750723633359
p017,Q0,fairness_qp,0.2,1.9,2.0,0.052787573442633975,0.8741911516359033,-0.8214035781932694,0.11613266157379717,7.527521885653103
p017,Q0,fairness_qp,0.3,1.0,1.1,0.3734480049480153,1.7432912612423161,-1.3698432562943008,0.16974909315818892,10.269811925403015
p017,Q0,fairness_qp,0.3,1.1,1.2,0.34186097848111235,1.713616587194722,-1.3717556087136096,0.15539135385505068,11.02774732751982
p017,Q0,fairness_qp,0.3,1.2,1.3,0.30954799154297563,1.6492437287483575,-1.339695737205382,0.14070363251953485,11.72140121200767
p017,Q0,fairness_qp,0.3,1.3,1.4,0.2773165063489451,1.55669026491485,-1.2793737585659049,0.12605295743133882,12.349494185908178
p017,Q0,fairness_qp,0.3,1.4,1.5,0.24589269201871244,1.4431802287494748,-1.1972875367307623,0.1117694054630497,12.91212226432198
p017,Q0,fairness_qp,0.3,1.5,1.6,0.17733809331154338,1.3158571605696914,-1.138519067258148,0.1366414687731573,9.629998655490057
p017,Q0,fairness_qp,0.3,1.6,1.7,0.0852997926880459,1.1812408884318923,-1.0959410957438465,0.18765954391370201,6.294595328309565
p017,Q0,fairness_qp,0.3,1.7,1.8,0.07343804268783102,1.044822867985514,-0.9713848252976831,0.16156369391322722,6.466940948668014
p017,Q0,fairness_qp,0.3,1.8,1.9,0.06259636127906379,0.9109185617588756,-0.8483222004798119,0.13771199481393653,6.614663907741828
p017,Q0,fairness_qp,0.3,1.9,2.0,0.052787573442633975,0.7826916059217124,-0.7299040324790784,0.11613266157379717,6.739633754319378
p017,Q0,flat_level,0.05,1.0,1.1,0.18073124999999982,13.29200795365919,-13.111276703659192,0.7831687500000004,16.972086735660973
p017,Q0,flat_level,0.1,1.0,1.1,0.30121875000000026,13.173329311215733,-12.872110561215733,0.6626812499999999,19.878832110031382
p017,Q0,flat_level,0.1,1.1,1.2,0.06024374999999936,14.716301064730075,-14.656057314730075,0.9036562500000008,16.28528665046035
p017,Q0,flat_level,0.2,1.0,1.1,0.30121874999999854,12.28323949289023,-11.982020742890231,0.6626812500000017,18.535667778272284
p017,Q0,flat_level,0.2,1.1,1.2,0.30121875000000026,13.721956398194514,-13.420737648194514,0.6626812499999999,20.706721969566086
p017,Q0,flat_level,0.2,1.2,1.3,0.060243750000001095,15.254908929353752,-15.19466517935375,0.903656249999999,16.881318454172998
p017,Q0,flat_level,0.2,1.3,1.4,0.020081249999999787,5.397436440447685,-5.377355190447686,0.30121875000000026,17.918660244250002
p017,Q0,flat_level,0.3,1.0,1.1,0.30121875000000026,10.799756462347878,-10.498537712347877,0.6626812499999999,16.297060558674143
p017,Q0,flat_level,0.3,1.1,1.2,0.30121875000000026,13.340355743167944,-13.039136993167944,0.6626812499999999,20.130878522921762
p017,Q0,flat_level,0.3,1.2,1.3,0.30121875000000026,15.181213717134769,-14.879994967134769,0.6626812499999999,22.908772078785645
p017,Q0,flat_level,0.3,1.3,1.4,0.020081249999999787,5.354614524877095,-5.334533274877096,0.30121875000000026,17.776498059556687
p017,Q0,weighted_proportional,0.0,1.1,1.2,0.6366460615448485,5.653301654935666,-5.0166555933908175,0.14457735659857002,39.102261847493075
p017,Q0,weighted_proportional,0.05,1.0,1.1,0.7693485400567576,5.218387001234481,-4.449038461177723,0.020453371153446656,255.13578969866373
p017,Q0,weighted_proportional,0.05,1.1,1.2,0.521548606635348,5.653301654935507,-5.131753048300158,0.2596748115080705,21.7706970580002
p017,Q0,weighted_proportional,0.05,1.2,1.3,0.13259570757187186,6.072668619062107,-5.940072911490235,0.6394450399723611,9.496779612716344
p017,Q0,weighted_proportional,0.05,1.3,1.4,0.0029551184910752565,6.475688905065057,-6.472733786573981,0.7593389872766337,8.528060607410781
p017,Q0,weighted_proportional,0.1,1.0,1.1,0.6586258071457786,4.892237813657179,-4.2336120065114,0.1311761040644257,37.29519067935125
p017,Q0,weighted_proportional,0.1,1.1,1.2,0.4828745912491359,5.299970301502263,-4.8170957102531275,0.29834882689428255,17.764341012073977
p017,Q0,weighted_proportional,0.1,1.2,1.3,0.24126273360757303,5.693126830370921,-5.451864096763348,0.53077801393666,10.726003490887448
p017,Q0,weighted_proportional,0.1,1.3,1.4,0.059463855574780344,6.070958348498266,-6.011494492923486,0.7028302501929287,8.637872867355629
p017,Q0,weighted_proportional,0.1,1.4,1.5,0.015555486880593564,6.432821470711227,-6.417265983830633,0.7364694749059948,8.73467494566877
p017,Q0,weighted_proportional,0.2,1.0,1.1,0.5429888139570158,3.587641063348671,-3.044652249391655,0.2468130972531884,14.535861764533344
p017,Q0,weighted_proportional,0.2,1.1,1.2,0.4828745912491359,3.886644887768196,-3.4037702965190597,0.29834882689428255,13.02718340885381
p017,Q0,weighted_proportional,0.2,1.2,1.3,0.24126273360757303,4.174959675605206,-3.933696941997633,0.53077801393666,7.865735893317205
p017,Q0,weighted_proportional,0.2,1.3,1.4,0.23821690805240875,4.452036122232035,-4.213819214179626,0.5240771977153003,8.49500062517614
p017,Q0,weighted_proportional,0.2,1.4,1.5,0.10922350763403407,4.717402411854973,-4.608178904220939,0.6428014541525542,7.338817268349559
p017,Q0,weighted_proportional,0.2,1.5,1.6,0.046329729609441775,4.970664443628982,-4.92433471401954,0.6949459441416336,7.152591486476731
p017,Q0,weighted_proportional,0.2,1.6,1.7,0.002549197159489383,62.98403855378999,-62.981489356630505,0.03823795739233554,1647.1601217489347
p017,Q0,weighted_proportional,0.3,1.0,1.1,0.5429888139570149,3.58764106334867,-3.044652249391655,0.24681309725318926,14.53586176453329
p017,Q0,weighted_proportional,0.3,1.1,1.2,0.4828745912491359,3.886644887768196,-3.4037702965190597,0.29834882689428255,13.02718340885381
p017,Q0,weighted_proportional,0.3,1.2,1.3,0.24126273360757303,4.174959675605206,-3.933696941997633,0.53077801393666,7.865735893317205
p017,Q0,weighted_proportional,0.3,1.3,1.4,0.23821690805241047,4.452036122232037,-4.213819214179626,0.5240771977152985,8.495000625176171
p017,Q0,weighted_proportional,0.3,1.4,1.5,0.23500780055830778,4.717402411854933,-4.482394611296625,0.5170171612282806,9.12426659232698
p017,Q0,weighted_proportional,0.3,1.5,1.6,0.16152043668516725,4.970664443628934,-4.809144006943766,0.579755237065908,8.573729266828263
p017,Q0,weighted_proportional,0.3,1.6,1.7,0.002549197159489383,56.085538556499905,-56.08298935934042,0.03823795739233554,1466.7503805457388
p017,Q95,equal_kw_reduction,0.0,1.6,1.7,0.14689391985709366,4.550431683187339,-4.403537763330245,0.6544906628862084,6.952630405941314
p017,Q95,equal_kw_reduction,0.05,1.4,1.5,0.8258306407307441,3.6014593974094384,-2.775628756678694,0.00021445410526219066,16793.613687209716
p017,Q95,equal_kw_reduction,0.05,1.5,1.6,0.6789623685193157,3.927245472266123,-3.2482831037468074,0.13461244593939575,29.174460391531845
p017,Q95,equal_kw_reduction,0.05,1.6,1.7,0.2623827363321396,4.254269567970343,-3.991886831638203,0.5390018464111624,7.8928664090792235
p017,Q95,equal_kw_reduction,0.05,1.7,1.8,0.01933808356961199,4.579568002506066,-4.560229918936454,0.7701021830015877,5.946701754118549
p017,Q95,equal_kw_reduction,0.1,1.3,1.4,0.8300026008208773,2.8765413105254924,-2.046538709704615,0.008830385678011698,325.754889470829
p017,Q95,equal_kw_reduction,0.1,1.4,1.5,0.7735594599877077,3.170662818771888,-2.3971033587841806,0.052485634848298615,60.41010703092732
p017,Q95,equal_kw_reduction,0.1,1.5,1.6,0.559332684940364,3.457479267449673,-2.898146582509309,0.25424212951834746,13.599159486272958
p017,Q95,equal_kw_reduction,0.1,1.6,1.7,0.3055179020536921,3.772071765460799,-3.466553863407107,0.49586668068960993,7.607028083062401
p017,Q95,equal_kw_reduction,0.1,1.7,1.8,0.12669235093914696,4.099803735576887,-3.9731113846377397,0.6627479156320528,6.186068094483503
p017,Q95,equal_kw_reduction,0.1,1.8,1.9,0.03024181690891234,4.375450636223462,-4.34520881931455,0.7474687943156196,5.853690039635183
p017,Q95,equal_kw_reduction,0.2,1.1,1.2,0.841891019745019,2.0042258922219855,-1.1623348724769667,0.023642065299297153,84.77372288966517
p017,Q95,equal_kw_reduction,0.2,1.2,1.3,0.7987313808380127,2.2803671564537877,-1.481635775615775,0.053248758722534116,42.8247946273491
p017,Q95,equal_kw_reduction,0.2,1.3,1.4,0.7510843821306613,2.5482404000852656,-1.7971560179546042,0.08774860436822768,29.040238513559096
p017,Q95,equal_kw_reduction,0.2,1.4,1.5,0.5679060026997536,2.8087936927163777,-2.240887690016624,0.25813909213625275,10.88093116572139
p017,Q95,equal_kw_reduction,0.2,1.5,1.6,0.5593326849403658,3.0628756554037673,-2.5035429704634016,0.2542421295183457,12.047081501426597
p017,Q95,equal_kw_reduction,0.2,1.6,1.7,0.30551790205369034,3.3112516266051752,-3.005733724551485,0.49586668068961165,6.677705430822962
p017,Q95,equal_kw_reduction,0.2,1.7,1.8,0.24670008330350024,3.5546170686118015,-3.3079169853083012,0.5427401832676995,6.549389888934265
p017,Q95,equal_kw_reduction,0.2,1.8,1.9,0.16957418083718076,3.7936087963001928,-3.624034615463012,0.6081364303873512,6.23808837415621
p017,Q95,equal_kw_reduction,0.2,1.9,2.0,0.04788542337731856,4.028814478994518,-3.9809290556171995,0.7182813506597594,5.60896433590257
p017,Q95,equal_kw_reduction,0.3,1.0,1.1,0.8245726884548548,1.6660270298845363,-0.8414543414296816,0.05497151256365733,30.30709820755373
p017,Q95,equal_kw_reduction,0.3,1.1,1.2,0.8114372672290461,1.9427465703745797,-1.1313093031455335,0.05409581781527003,35.913064056241815
p017,Q95,equal_kw_reduction,0.3,1.2,1.3,0.7321430847506885,2.210417243679227,-1.4782741589285386,0.11983705480985829,18.44518998890975
p017,Q95,equal_kw_reduction,0.3,1.3,1.4,0.5766976782179862,2.4700735166469543,-1.8933758384289678,0.2621353082809027,9.422895117967235
p017,Q95,equal_kw_reduction,0.3,1.4,1.5,0.5679060026997536,2.722634376988848,-2.1547283742890944,0.25813909213625275,10.547160271067229
p017,Q95,equal_kw_reduction,0.3,1.5,1.6,0.559332684940364,2.9689224144405917,-2.4095897295002278,0.25424212951834746,11.677539124082655
p017,Q95,equal_kw_reduction,0.3,1.6,1.7,0.3055179020536921,3.2096794908196333,-2.904161588765941,0.49586668068960993,6.472867840920224
p017,Q95,equal_kw_reduction,0.3,1.7,1.8,0.24670008330350024,3.445579735218843,-3.198879651915343,0.5427401832676995,6.348488358598935
p017,Q95,equal_kw_reduction,0.3,1.8,1.9,0.2430345660076657,3.67724042831547,-3.4342058623078042,0.5346760452168663,6.8775110858463275
p017,Q95,equal_kw_reduction,0.3,1.9,2.0,0.2154000382068328,3.9052312127676196,-3.689831174560787,0.550766735830245,7.090535718139799
p017,Q95,fairness_qp,0.0,1.5,1.6,0.21125530007098242,1.9139668435127974,-1.702711543441815,0.10272326176129394,18.632263137831735
p017,Q95,fairness_qp,0.05,1.3,1.4,0.37868262219706816,2.2518097664009136,-1.8731271442038455,0.024686595239728493,91.21589042692464
p017,Q95,fairness_qp,0.05,1.4,1.5,0.26763180260528163,2.0875890490203197,-1.8199572464150382,0.09002737348808888,23.18838113495024
p017,Q95,fairness_qp,0.05,1.5,1.6,0.17733903809920465,1.9034053979591503,-1.7260663598599457,0.1366395237330717,13.930123188057172
p017,Q95,fairness_qp,0.05,1.6,1.7,0.08529948432261548,1.7086842830816245,-1.6233847987590089,0.18765886550975613,9.105268106785992
p017,Q95,fairness_qp,0.05,1.7,1.8,0.041254499191007224,1.511334537304782,-1.4700800381137746,0.19374393423977898,7.80068053864511
p017,Q95,fairness_qp,0.05,1.8,1.9,0.012518818575855961,1.3176166103926121,-1.3050977918167561,0.1877822786378342,7.016725007016396
p017,Q95,fairness_qp,0.05,1.9,2.0,0.009557428610116464,1.1320927600728983,-1.1225353314627817,0.1593486512987928,7.104501675073008
p017,Q95,fairness_qp,0.1,1.0,1.1,0.5426965905966727,2.3234188023733924,-1.7807222117767196,0.0005007984579053285,4639.428827499733
p017,Q95,fairness_qp,0.1,1.1,1.2,0.46617431438454593,2.3010034991746005,-1.8348291847900544,0.031078287625636337,74.03894084809592
p017,Q95,fairness_qp,0.1,1.2,1.3,0.42211024599578956,2.2445154212837672,-1.8224051752879777,0.028140683066385855,79.76051668642148
p017,Q95,fairness_qp,0.1,1.3,1.4,0.2794122603880841,2.118408902601959,-1.8389966422138748,0.12395695704871257,17.089875010157495
p017,Q95,fairness_qp,0.1,1.4,1.5,0.2458906835641917,1.9638406211782855,-1.7179499376140939,0.11176849252917884,17.570610256424416
p017,Q95,fairness_qp,0.1,1.5,1.6,0.1773390380992064,1.7905304977774046,-1.6131914596781982,0.13663952373306998,13.104045219560835
p017,Q95,fairness_qp,0.1,1.6,1.7,0.08529948432261548,1.6073362132076834,-1.5220367288850678,0.18765886550975613,8.565202655582077
p017,Q95,fairness_qp,0.1,1.7,1.8,0.07343701044711971,1.4216967641804361,-1.3482597537333163,0.1615614229836665,8.79972915517194
p017,Q95,fairness_qp,0.1,1.8,1.9,0.0625940928792798,1.239483339997731,-1.176889247118451,0.13770700433441035,9.000873601082379
p017,Q95,fairness_qp,0.1,1.9,2.0,0.04878634443477095,1.0649864493173407,-1.0162001048825697,0.12011973547413832,8.866040581205171
p017,Q95,fairness_qp,0.2,1.0,1.1,0.5072443584070441,1.7815525982442515,-1.2743082398372074,0.035953030647534016,49.552223168881774
p017,Q95,fairness_qp,0.2,1.1,1.2,0.3418611638820006,1.789336107751987,-1.4474749438699863,0.15539143812818168,11.515023796072803
p017,Q95,fairness_qp,0.2,1.2,1.3,0.3095475137302444,1.8424767634370713,-1.532929249706827,0.140703415331931,13.09475508530135
p017,Q95,fairness_qp,0.2,1.3,1.4,0.27731633698779845,1.7388260409418876,-1.4615097039540892,0.1260528804489982,13.794417348879447
p017,Q95,fairness_qp,0.2,1.4,1.5,0.2458906835641917,1.6118720799550723,-1.3659813963908807,0.11176849252917884,14.421524738148088
p017,Q95,fairness_qp,0.2,1.5,1.6,0.17733903809920465,1.4695816615927937,-1.292242623493589,0.1366395237330717,10.755172598988663
p017,Q95,fairness_qp,0.2,1.6,1.7,0.08529948432261722,1.3192094385095463,-1.2339099541869292,0.1876588655097544,7.029827420761928
p017,Q95,fairness_qp,0.2,1.7,1.8,0.07343701044711971,1.1668468822036653,-1.0934098717565455,0.1615614229836665,7.222311246426883
p017,Q95,fairness_qp,0.2,1.8,1.9,0.06259409287927807,1.01731211822125,-0.9547180253419718,0.1377070043344121,7.38751179098179
p017,Q95,fairness_qp,0.2,1.9,2.0,0.052783149971534146,0.8741188508741264,-0.8213357009025923,0.11612292993737512,7.527530104050398
p017,Q95,fairness_qp,0.3,1.0,1.1,0.3734482049750224,1.7432917682015805,-1.3698435632265582,0.1697491840795557,10.269809411187264
p017,Q95,fairness_qp,0.3,1.1,1.2,0.3418611638820006,1.7136190512388842,-1.3717578873568836,0.15539143812818168,11.027757203877139
p017,Q95,fairness_qp,0.3,1.2,1.3,0.30954751373024525,1.6492451664080745,-1.3396976526778293,0.14070341533193015,11.721429522640788
p017,Q95,fairness_qp,0.3,1.3,1.4,0.27731633698779845,1.5566937871074327,-1.2793774501196342,0.1260528804489982,12.349529670107627
p017,Q95,fairness_qp,0.3,1.4,1.5,0.2458906835641917,1.4431752550189292,-1.1972845714547375,0.11176849252917884,12.912183231264095
p017,Q95,fairness_qp,0.3,1.5,1.6,0.17733903809920465,1.3158522049149957,-1.138513166815791,0.1366395237330717,9.630099468771142
p017,Q95,fairness_qp,0.3,1.6,1.7,0.08529948432261548,1.181241279509188,-1.0959417951865724,0.18765886550975613,6.294620167826692
p017,Q95,fairness_qp,0.3,1.7,1.8,0.07343701044712145,1.044809354798306,-0.9713723443511846,0.16156142298366477,6.466948207703922
p017,Q95,fairness_qp,0.3,1.8,1.9,0.06259409287927807,0.9108873898441752,-0.8482932969648971,0.1377070043344121,6.614677258043803
p017,Q95,fairness_qp,0.3,1.9,2.0,0.052783149971534146,0.7826291278870117,-0.7298459779154776,0.11612292993737512,6.739660533101276
p017,Q95,flat_level,0.05,1.0,1.1,0.18073124999999982,13.29200795365919,-13.111276703659192,0.7831687500000004,16.972086735660973
p017,Q95,flat_level,0.1,1.0,1.1,0.30121875000000026,13.173329311215733,-12.872110561215733,0.6626812499999999,19.878832110031382
p017,Q95,flat_level,0.1,1.1,1.2,0.06024374999999936,14.716301064730075,-14.656057314730075,0.9036562500000008,16.28528665046035
p017,Q95,flat_level,0.2,1.0,1.1,0.30121874999999854,12.28323949289023,-11.982020742890231,0.6626812500000017,18.535667778272284
p017,Q95,flat_level,0.2,1.1,1.2,0.30121875000000026,13.721956398194514,-13.420737648194514,0.6626812499999999,20.706721969566086
p017,Q95,flat_level,0.2,1.2,1.3,0.060243750000001095,15.254908929353752,-15.19466517935375,0.903656249999999,16.881318454172998
p017,Q95,flat_level,0.2,1.3,1.4,0.020081249999999787,5.397436440447685,-5.377355190447686,0.30121875000000026,17.918660244250002
p017,Q95,flat_level,0.3,1.0,1.1,0.30121875000000026,10.799756462347878,-10.498537712347877,0.6626812499999999,16.297060558674143
p017,Q95,flat_level,0.3,1.1,1.2,0.30121875000000026,13.340355743167944,-13.039136993167944,0.6626812499999999,20.130878522921762
p017,Q95,flat_level,0.3,1.2,1.3,0.30121875000000026,15.181213717134769,-14.879994967134769,0.6626812499999999,22.908772078785645
p017,Q95,flat_level,0.3,1.3,1.4,0.020081249999999787,5.354614524877095,-5.334533274877096,0.30121875000000026,17.776498059556687
p017,Q95,weighted_proportional,0.0,1.1,1.2,0.636646061553111,5.653301652634442,-5.0166555910813315,0.1445773566046849,39.10226182992235
p017,Q95,weighted_proportional,0.05,1.0,1.1,0.7693485400450916,5.218387003320914,-4.449038463275823,0.020453371152931443,255.13578980709977
p017,Q95,weighted_proportional,0.05,1.1,1.2,0.5215486066450069,5.653301652634347,-5.13175304598934,0.25967481151278893,21.770697048742917
p017,Q95,weighted_proportional,0.05,1.2,1.3,0.13259570756942418,6.072668621196838,-5.940072913627414,0.6394450399601139,9.496779616236648
p017,Q95,weighted_proportional,0.05,1.3,1.4,0.002955118491611286,6.4756889064662495,-6.472733787974638,0.7593389872646867,8.528060609390238
p017,Q95,weighted_proportional,0.1,1.0,1.1,0.6586258071364249,4.892237815613364,-4.233612008476939,0.13117610406159808,37.295190695067845
p017,Q95,weighted_proportional,0.1,1.1,1.2,0.4828745912567288,5.299970299344699,-4.817095708087971,0.29834882690106707,17.76434100443833
p017,Q95,weighted_proportional,0.1,1.2,1.3,0.24126273360297948,5.693126832372056,-5.451864098769077,0.5307780139265587,10.726003494861768
p017,Q95,weighted_proportional,0.1,1.3,1.4,0.059463855576213226,6.070958349811983,-6.0114944942357695,0.7028302501800847,8.637872869382662
p017,Q95,weighted_proportional,0.1,1.4,1.5,0.015555486881842565,6.4328214536812105,-6.417265966799368,0.7364694750526326,8.734674920805755
p017,Q95,weighted_proportional,0.2,1.0,1.1,0.5429888139486406,3.5876410647831416,-3.044652250834501,0.24681309724938238,14.535861770569467
p017,Q95,weighted_proportional,0.2,1.1,1.2,0.48287459125672705,3.8866448861861693,-3.4037702949294424,0.2983488269010688,13.02718340325489
p017,Q95,weighted_proportional,0.2,1.2,1.3,0.24126273360298123,4.17495967707277,-3.933696943469789,0.530778013926557,7.865735896231855
p017,Q95,weighted_proportional,0.2,1.3,1.4,0.23821690804884388,4.452036123195474,-4.21381921514663,0.5240771977074541,8.495000627141675
p017,Q95,weighted_proportional,0.2,1.4,1.5,0.10922350764827442,4.717402399366326,-4.608178891718051,0.6428014542862008,7.338817247395259
p017,Q95,weighted_proportional,0.2,1.5,1.6,0.04632972960457067,4.9706644504066855,-4.924334720802115,0.6949459440685618,7.152591496981657
p017,Q95,weighted_proportional,0.2,1.6,1.7,0.002549197156366881,62.984038557990175,-62.981489360833805,0.03823795734550495,1647.1601238760795
p017,Q95,weighted_proportional,0.3,1.0,1.1,0.5429888139486414,3.5876410647831425,-3.044652250834501,0.24681309724938152,14.53586177056952
p017,Q95,weighted_proportional,0.3,1.1,1.2,0.48287459125672705,3.8866448861861693,-3.4037702949294424,0.2983488269010688,13.02718340325489
p017,Q95,weighted_proportional,0.3,1.2,1.3,0.24126273360298123,4.17495967707277,-3.933696943469789,0.530778013926557,7.865735896231855
p017,Q95,weighted_proportional,0.3,1.3,1.4,0.23821690804884216,4.452036123195472,-4.21381921514663,0.5240771977074559,8.495000627141643
p017,Q95,weighted_proportional,0.3,1.4,1.5,0.23500780060452425,4.7174023993662875,-4.482394598761763,0.517017161329951,9.124266566377527
p017,Q95,weighted_proportional,0.3,1.5,1.6,0.16152043664832172,4.970664450406637,-4.809144013758315,0.5797552370248107,8.573729279126661
p017,Q95,weighted_proportional,0.3,1.6,1.7,0.002549197156366881,56.08553856062526,-56.0829893634689,0.03823795734550495,1466.7503824499763
p018,Q0,equal_kw_reduction,0.0,1.1,1.2,1.7603357961062938,4.749549377445483,-2.9892135813391896,1.6846624404135007,2.8192884601141257
p018,Q0,equal_kw_reduction,0.05,1.0,1.1,3.334431193951,3.9855399949918007,-0.6511088010408006,0.12763725121678338,31.225523559909842
p018,Q0,equal_kw_reduction,0.05,1.1,1.2,1.7366878724522916,4.43149919592023,-2.6948113234679383,1.7083103640675028,2.5940831883550652
p018,Q0,equal_kw_reduction,0.05,1.2,1.3,0.15128517487078552,4.885692721875168,-4.734407547004382,3.2763276635263336,1.4912100447904113
p018,Q0,equal_kw_reduction,0.1,1.0,1.1,2.782116866371372,3.5183355458182146,-0.7362186794468428,0.6799515787964117,5.174391317755378
p018,Q0,equal_kw_reduction,0.1,1.1,1.2,1.7366878724522916,3.9120172327620217,-2.17532936030973,1.7083103640675028,2.289992096897119
p018,Q0,equal_kw_reduction,0.1,1.2,1.3,0.6967164422964495,4.312967976966495,-3.6162515346700452,2.7308963961006696,1.5793231786913622
p018,Q0,equal_kw_reduction,0.1,1.3,1.4,0.13231092007433276,4.722740111203064,-4.590429191128731,3.2775340209033126,1.4409431240324522
p018,Q0,equal_kw_reduction,0.2,1.0,1.1,2.380172056052853,3.156013728091777,-0.7758416720389238,1.08189638911493,2.9171127289496046
p018,Q0,equal_kw_reduction,0.2,1.1,1.2,1.7366878724522916,3.5091536694964454,-1.7724657970441537,1.7083103640675028,2.054166352501145
p018,Q0,equal_kw_reduction,0.2,1.2,1.3,1.0711290119991002,3.8688140931597284,-2.797685081160628,2.356483826398019,1.6417740914748256
p018,Q0,equal_kw_reduction,0.2,1.3,1.4,0.7423589891084464,4.236387471024935,-3.494028481916489,2.6674859518691987,1.5881573689474742
p018,Q0,equal_kw_reduction,0.2,1.4,1.5,0.21197627087087695,4.613409029240116,-4.401432758369239,3.1796440630631264,1.4509199576243652
p018,Q0,equal_kw_reduction,0.2,1.5,1.6,0.008438090392359765,0.1921465915439291,-0.18370850115156934,0.12657135588536872,1.518089066833965
p018,Q0,equal_kw_reduction,0.3,1.0,1.1,2.38017205605285,3.0511310966446286,-0.6709590405917787,1.0818963891149336,2.820169405631038
p018,Q0,equal_kw_reduction,0.3,1.1,1.2,1.7366878724522952,3.392535269603817,-1.655847397151522,1.7083103640674995,1.985901005439179
p018,Q0,equal_kw_reduction,0.3,1.2,1.3,1.0711290119991002,3.7402432320576553,-2.669114220058555,2.356483826398019,1.5872136231780416
p018,Q0,equal_kw_reduction,0.3,1.3,1.4,1.0655765440555145,4.105162416710363,-3.0395858726548486,2.3442683969221307,1.7511486407017942
p018,Q0,equal_kw_reduction,0.3,1.4,1.5,0.7924149659238113,4.474031112949035,-3.681616147025224,2.599205368010192,1.7213072764519974
p018,Q0,equal_kw_reduction,0.3,1.5,1.6,0.008438090392359765,0.18634155856672718,-0.17790346817436742,0.12657135588536872,1.4722253488023804
p018,Q0,fairness_qp,0.0,1.3,1.4,0.34799264581262396,3.098729650335176,-2.750737004522552,1.5699461038087212,1.973780910578774
p018,Q0,fairness_qp,0.05,1.1,1.2,2.1810823066525304,3.1736168616002742,-0.9925345549477438,0.07353556655299853,43.157576807584476
p018,Q0,fairness_qp,0.05,1.2,1.3,1.5946043702088768,3.158163405869288,-1.5635590356604112,0.4954589191305536,6.374218495069842
p018,Q0,fairness_qp,0.05,1.3,1.4,0.7298531014364035,3.081760869605474,-2.3519077681690703,1.1880856481849418,2.5938878011981137
p018,Q0,fairness_qp,0.05,1.4,1.5,0.16830142097275236,2.954449466557832,-2.7861480455850796,1.5750557298262051,1.8757745587096348
p018,Q0,fairness_qp,0.05,1.5,1.6,0.01883260908702028,2.787935469945317,-2.769102860858297,1.5521574566408833,1.7961679454730417
p018,Q0,fairness_qp,0.1,1.0,1.1,2.25615835686499,2.8813658438948675,-0.6252074870298774,0.15041055712432944,19.156672902375657
p018,Q0,fairness_qp,0.1,1.1,1.2,1.8195619899181934,2.9695420171480733,-1.14998002722988,0.4350558832873358,6.825656498907332
p018,Q0,fairness_qp,0.1,1.2,1.3,1.4369185114208594,2.9704776320642057,-1.5335591206433463,0.6531447779185712,4.547962002437599
p018,Q0,fairness_qp,0.1,1.3,1.4,0.7298531014364035,2.8979574981243124,-2.1681043966879088,1.1880856481849418,2.4391823119415426
p018,Q0,fairness_qp,0.1,1.4,1.5,0.544799109624676,2.7778029751251916,-2.2330038655005158,1.1985580411742816,2.3176207406723934
p018,Q0,fairness_qp,0.1,1.5,1.6,0.17351731545607596,2.6209572457610157,-2.44743993030494,1.3974727502718276,1.87549792670462
p018,Q0,fairness_qp,0.1,1.6,1.7,0.08779673684858325,2.438645295094549,-2.350848558245966,1.3169510527287902,1.85173571184863
p018,Q0,fairness_qp,0.1,1.7,1.8,0.0587630556304411,2.241271101428001,-2.18250804579756,1.1887705347310566,1.885368989175912
p018,Q0,fairness_qp,0.2,1.0,1.1,1.6545161283676584,2.2149126023338765,-0.5603964739662182,0.752052785621661,2.9451557718824057
p018,Q0,fairness_qp,0.2,1.1,1.2,1.5500497878288,2.381428583866474,-0.831378796037674,0.7045680853767291,3.379983614490764
p018,Q0,fairness_qp,0.2,1.2,1.3,1.4369185114208594,2.433534273709792,-0.9966157622889327,0.6531447779185712,3.7258726640438447
p018,Q0,fairness_qp,0.2,1.3,1.4,0.7298531014364035,2.373471124271817,-1.6436180228354136,1.1880856481849418,1.9977272917131932
p018,Q0,fairness_qp,0.2,1.4,1.5,0.544799109624676,2.274625983122884,-1.729826873498208,1.1985580411742816,1.8978021130243554
p018,Q0,fairness_qp,0.2,1.5,1.6,0.49093439553996726,2.145905287231055,-1.6549708916910877,1.0800556701879362,1.9868469250827174
p018,Q0,fairness_qp,0.2,1.6,1.7,0.4389836842429301,1.9964593778079438,-1.5574756935650136,0.9657641053344435,2.0672329472387787
p018,Q0,fairness_qp,0.2,1.7,1.8,0.31302307191935497,1.834772149031133,-1.521749077111778,0.934510518442143,1.9633509873059036
p018,Q0,fairness_qp,0.2,1.8,1.9,0.06882966957248715,1.6681233593455609,-1.5992936897730736,1.0324450435872379,1.6157018426372158
p018,Q0,fairness_qp,0.2,1.9,2.0,0.060438120982928,1.5023103445254566,-1.4418722235425285,0.9065718147439755,1.6571333016234606
p018,Q0,fairness_qp,0.3,1.0,1.1,1.6545161283676584,2.1571649245773066,-0.5026487962096482,0.752052785621661,2.8683690371469783
p018,Q0,fairness_qp,0.3,1.1,1.2,1.5500497878288,2.19368325156466,-0.6436334637358598,0.7045680853767291,3.113514927931639
p018,Q0,fairness_qp,0.3,1.2,1.3,1.4369185114208594,2.183114114260476,-0.7461956028396166,0.6531447779185712,3.342465848410487
p018,Q0,fairness_qp,0.3,1.3,1.4,0.7298531014364035,2.1303766346055104,-1.4005235331691068,1.1880856481849418,1.793117051670578
p018,Q0,fairness_qp,0.3,1.4,1.5,0.544799109624676,2.0424186523956207,-1.497619542770945,1.1985580411742816,1.7040632011400723
p018,Q0,fairness_qp,0.3,1.5,1.6,0.49093439553996726,1.9273404931908003,-1.436406097650833,1.0800556701879362,1.7844825469555947
p018,Q0,fairness_qp,0.3,1.6,1.7,0.4389836842429301,1.7934284636654114,-1.3544447794224812,0.9657641053344435,1.857004680293381
p018,Q0,fairness_qp,0.3,1.7,1.8,0.3898542469879668,1.64836258730712,-1.2585083403191533,0.857679343373531,1.9218867751012578
p018,Q0,fairness_qp,0.3,1.8,1.9,0.34414834786241494,1.4987272052811793,-1.1545788574187643,0.7571263652973101,1.9794941425565806
p018,Q0,fairness_qp,0.3,1.9,2.0,0.3021906049146608,1.3497654974276088,-1.047574892512948,0.6648193308122428,2.030274143470728
p018,Q0,flat_level,0.05,1.0,1.1,0.6777421875000036,13.292007953659208,-12.614265766159205,2.9368828124999995,4.525889796176268
p018,Q0,flat_level,0.1,1.0,1.1,1.1295703125000014,13.173329311215683,-12.043758998715681,2.4850546875000017,5.301021896008344
p018,Q0,flat_level,0.1,1.1,1.2,0.2259140624999989,14.716301064730153,-14.490387002230154,3.3887109374999973,4.342743106789457
p018,Q0,flat_level,0.2,1.0,1.1,1.1295703125000014,12.283239492890182,-11.15366918039018,2.4850546875000017,4.942844740872598
p018,Q0,flat_level,0.2,1.1,1.2,1.1295703125000014,13.721956398194465,-12.592386085694462,2.485054687499995,5.521792525217614
p018,Q0,flat_level,0.2,1.2,1.3,0.2259140624999989,15.254908929353828,-15.028994866853829,3.3887109375000044,4.501684921112811
p018,Q0,flat_level,0.2,1.3,1.4,0.07367062909434396,5.288129963476037,-5.214459334381694,1.1050594364151525,4.785380577022081
p018,Q0,flat_level,0.3,1.0,1.1,1.1295703125000014,10.799756462347828,-9.670186149847826,2.4850546875000017,4.345882815646414
p018,Q0,flat_level,0.3,1.1,1.2,1.1295703125000014,13.340355743167894,-12.210785430667892,2.485054687499995,5.368234272779127
p018,Q0,flat_level,0.3,1.2,1.3,1.1295703125000014,15.18121371713472,-14.051643404634717,2.4850546875000017,6.109005887676147
p018,Q0,flat_level,0.3,1.3,1.4,0.07367062909433703,5.2496609607052065,-5.175990331610869,1.1050594364151594,4.750568872327119
p018,Q0,max_export_lp,0.2,1.4,1.5,1.363129913112271e-05,1.4573788106875263e-05,-9.424889757525534e-07,6.196045058970423e-06,2.3521113820461697
p018,Q0,max_export_lp,0.3,1.4,1.5,1.363129913112271e-05,1.5662386873560585e-05,-2.031087742437876e-06,6.196045058970423e-06,2.5278039014395346
p018,Q0,weighted_proportional,0.0,1.1,1.2,2.3874227307932387,5.568114917669682,-3.1806921868764437,0.5421650872445699,10.270146582046353
p018,Q0,weighted_proportional,0.05,1.0,1.1,2.8850570252127903,5.139753772451339,-2.2546967472385493,0.07670014182541846,67.01100741313131
p018,Q0,weighted_proportional,0.05,1.1,1.2,1.9558072748825859,5.56811491766978,-3.6123076427871936,0.9737805431552227,5.7180387889329705
p018,Q0,weighted_proportional,0.05,1.2,1.3,0.49723390339433127,5.981162653690017,-5.483928750295686,2.397918899893277,2.4943139878317897
p018,Q0,weighted_proportional,0.05,1.3,1.4,0.011081694341739945,6.378110031107796,-6.367028336766056,2.847521202288213,2.2398814891992624
p018,Q0,weighted_proportional,0.1,1.0,1.1,2.469846776796632,4.818519161673314,-2.348672384876682,0.4919103902415768,9.795522227751569
p018,Q0,weighted_proportional,0.1,1.1,1.2,1.8107797171842828,5.220107735315158,-3.409328018130875,1.1188081008535258,4.6657757763219605
p018,Q0,weighted_proportional,0.1,1.2,1.3,0.9047352510273763,5.607339987834435,-4.702604736807059,1.9904175522602319,2.8171676749267927
p018,Q0,weighted_proportional,0.1,1.3,1.4,0.2229894584063266,5.9794781541636155,-5.756488695757289,2.635613438223626,2.2687235037751656
p018,Q0,weighted_proportional,0.1,1.4,1.5,0.058333075802365075,6.335888544532799,-6.277555468730434,2.7617605308941084,2.29414841499005
p018,Q0,weighted_proportional,0.2,1.0,1.1,2.03620805233877,3.533580718560289,-1.4973726662215192,0.9255491146994387,3.817820861627401
p018,Q0,weighted_proportional,0.2,1.1,1.2,1.8107797171842757,3.828079005898023,-2.0172992887137475,1.1188081008535327,3.4215689026362983
p018,Q0,weighted_proportional,0.2,1.2,1.3,0.9047352510273832,4.112049324411754,-3.207314073384371,1.990417552260225,2.0659229616129053
p018,Q0,weighted_proportional,0.2,1.3,1.4,0.893313405196855,4.3849506463865815,-3.4916372411897267,1.9652894914330976,2.2311983377009037
p018,Q0,weighted_proportional,0.2,1.4,1.5,0.4095881536280016,4.646318265990698,-4.236730112362697,2.4105054530684717,1.9275286268596201
p018,Q0,weighted_proportional,0.2,1.5,1.6,0.17373648603566383,4.895764020410781,-4.722027534375117,2.6060472905350407,1.8786167228015438
p018,Q0,weighted_proportional,0.2,1.6,1.7,0.009559489348172356,62.03496400831427,-62.0254045189661,0.14339234022251596,432.6239735821909
p018,Q0,weighted_proportional,0.3,1.0,1.1,2.03620805233877,3.533580718560289,-1.4973726662215192,0.9255491146994387,3.817820861627401
p018,Q0,weighted_proportional,0.3,1.1,1.2,1.8107797171842757,3.828079005898023,-2.0172992887137475,1.1188081008535327,3.4215689026362983
p018,Q0,weighted_proportional,0.3,1.2,1.3,0.9047352510273832,4.112049324411754,-3.207314073384371,1.990417552260225,2.0659229616129053
p018,Q0,weighted_proportional,0.3,1.3,1.4,0.893313405196855,4.3849506463865815,-3.4916372411897267,1.9652894914330976,2.2311983377009037
p018,Q0,weighted_proportional,0.3,1.4,1.5,0.881279252092651,4.646318265990781,-3.7650390138981304,1.9388143546038226,2.396474038351243
p018,Q0,weighted_proportional,0.3,1.5,1.6,0.6057016375710169,4.895764020410927,-4.29006238283991,2.1740821389996876,2.2518762895791538
p018,Q0,weighted_proportional,0.3,1.6,1.7,0.009559489348172356,55.240414008822576,-55.230854519474406,0.14339234022251596,385.23964336658855
p018,Q95,equal_kw_reduction,0.0,1.1,1.2,1.7603357961062938,4.749549377445483,-2.9892135813391896,1.6846624404135007,2.8192884601141257
p018,Q95,equal_kw_reduction,0.05,1.0,1.1,3.334431193951,3.9855399949918007,-0.6511088010408006,0.12763725121678338,31.225523559909842
p018,Q95,equal_kw_reduction,0.05,1.1,1.2,1.7366878724522916,4.43149919592023,-2.6948113234679383,1.7083103640675028,2.5940831883550652
p018,Q95,equal_kw_reduction,0.05,1.2,1.3,0.15128517487078552,4.885692721875168,-4.734407547004382,3.2763276635263336,1.4912100447904113
p018,Q95,equal_kw_reduction,0.1,1.0,1.1,2.782116866371372,3.5183355458182146,-0.7362186794468428,0.6799515787964117,5.174391317755378
p018,Q95,equal_kw_reduction,0.1,1.1,1.2,1.7366878724522916,3.9120172327620217,-2.17532936030973,1.7083103640675028,2.289992096897119
p018,Q95,equal_kw_reduction,0.1,1.2,1.3,0.6967164422964495,4.312967976966495,-3.6162515346700452,2.7308963961006696,1.5793231786913622
p018,Q95,equal_kw_reduction,0.1,1.3,1.4,0.13231092007433276,4.722740111203064,-4.590429191128731,3.2775340209033126,1.4409431240324522
p018,Q95,equal_kw_reduction,0.2,1.0,1.1,2.380172056052853,3.156013728091777,-0.7758416720389238,1.08189638911493,2.9171127289496046
p018,Q95,equal_kw_reduction,0.2,1.1,1.2,1.7366878724522916,3.5091536694964454,-1.7724657970441537,1.7083103640675028,2.054166352501145
p018,Q95,equal_kw_reduction,0.2,1.2,1.3,1.0711290119991002,3.8688140931597284,-2.797685081160628,2.356483826398019,1.6417740914748256
p018,Q95,equal_kw_reduction,0.2,1.3,1.4,0.7423589891084464,4.236387471024935,-3.494028481916489,2.6674859518691987,1.5881573689474742
p018,Q95,equal_kw_reduction,0.2,1.4,1.5,0.21197627087087695,4.613409029240116,-4.401432758369239,3.1796440630631264,1.4509199576243652
p018,Q95,equal_kw_reduction,0.2,1.5,1.6,0.008438090392359765,0.1921465915439291,-0.18370850115156934,0.12657135588536872,1.518089066833965
p018,Q95,equal_kw_reduction,0.3,1.0,1.1,2.38017205605285,3.0511310966446286,-0.6709590405917787,1.0818963891149336,2.820169405631038
p018,Q95,equal_kw_reduction,0.3,1.1,1.2,1.7366878724522952,3.392535269603817,-1.655847397151522,1.7083103640674995,1.985901005439179
p018,Q95,equal_kw_reduction,0.3,1.2,1.3,1.0711290119991002,3.7402432320576553,-2.669114220058555,2.356483826398019,1.5872136231780416
p018,Q95,equal_kw_reduction,0.3,1.3,1.4,1.0655765440555145,4.105162416710363,-3.0395858726548486,2.3442683969221307,1.7511486407017942
p018,Q95,equal_kw_reduction,0.3,1.4,1.5,0.7924149659238113,4.474031112949035,-3.681616147025224,2.599205368010192,1.7213072764519974
p018,Q95,equal_kw_reduction,0.3,1.5,1.6,0.008438090392359765,0.18634155856672718,-0.17790346817436742,0.12657135588536872,1.4722253488023804
p018,Q95,fairness_qp,0.0,1.3,1.4,0.3479827155116605,3.098706485468325,-2.7507237699566645,1.5699435056167679,1.9737694218818194
p018,Q95,fairness_qp,0.05,1.1,1.2,2.181078618283344,3.173630893502338,-0.9925522752189941,0.0735357369089501,43.15766764439771
p018,Q95,fairness_qp,0.05,1.2,1.3,1.5946086419514685,3.1581731246640223,-1.5635644827125539,0.4954618519936588,6.374200378810279
p018,Q95,fairness_qp,0.05,1.3,1.4,0.7298454624195052,3.081737109746803,-2.3518916473272977,1.188080758708923,2.593878477668218
p018,Q95,fairness_qp,0.05,1.4,1.5,0.16830162111678565,2.95444414367161,-2.786142522554824,1.5750483392187598,1.8757799809096936
p018,Q95,fairness_qp,0.05,1.5,1.6,0.01883322087797845,2.7879410560527895,-2.769107835174811,1.5521607369212778,1.7961677484399527
p018,Q95,fairness_qp,0.1,1.0,1.1,2.2561613618583136,2.8813712941242047,-0.625209932265891,0.15041075745722207,19.15668362313572
p018,Q95,fairness_qp,0.1,1.1,1.2,1.8195580103569782,2.969551007941204,-1.149992997584226,0.4350563448353162,6.8256699234332086
p018,Q95,fairness_qp,0.1,1.2,1.3,1.436923464587271,2.9704871648328703,-1.5335637002455993,0.6531470293578562,4.547960920458163
p018,Q95,fairness_qp,0.1,1.3,1.4,0.7298454624195052,2.8979329215311838,-2.1680874591116783,1.188080758708923,2.4391716642901797
p018,Q95,fairness_qp,0.1,1.4,1.5,0.5447968626048627,2.7777965672130813,-2.2329997046082184,1.1985530977306826,2.3176249533479223
p018,Q95,fairness_qp,0.1,1.5,1.6,0.17352000587437383,2.620961943032442,-2.447441937158068,1.3974739519248824,1.8754996752693138
p018,Q95,fairness_qp,0.1,1.6,1.7,0.0877973115488706,2.4386622445599357,-2.3508649330110654,1.316959673233059,1.8517364609754243
p018,Q95,fairness_qp,0.1,1.7,1.8,0.058762849466653666,2.241332510032834,-2.1825696605661804,1.1888039948966256,1.8853675792263238
p018,Q95,fairness_qp,0.2,1.0,1.1,1.654518332029429,2.214915995561204,-0.5603976635317753,0.7520537872861068,2.9451563611614056
p018,Q95,fairness_qp,0.2,1.1,1.2,1.5500473691947083,2.3814387676395,-0.8313913984447918,0.7045669859975858,3.380003342432596
p018,Q95,fairness_qp,0.2,1.2,1.3,1.436923464587271,2.4335419940813354,-0.9966185294940644,0.6531470293578562,3.7258716409900554
p018,Q95,fairness_qp,0.2,1.3,1.4,0.7298454624195052,2.373453094444929,-1.6436076320254234,1.188080758708923,1.9977203376512378
p018,Q95,fairness_qp,0.2,1.4,1.5,0.5447968626048558,2.2746203941914276,-1.7298235315865718,1.1985530977306897,1.8978052774617469
p018,Q95,fairness_qp,0.2,1.5,1.6,0.49093561181227235,2.145909605045272,-1.6549739932329999,1.080058345986984,1.9868460005133215
p018,Q95,fairness_qp,0.2,1.6,1.7,0.438986557744353,1.9964734216482427,-1.5574868639038897,0.9657704270375767,2.0672339572172085
p018,Q95,fairness_qp,0.2,1.7,1.8,0.31302432563933,1.8348225117375412,-1.521798186098211,0.9345425187239492,1.9633376491450165
p018,Q95,fairness_qp,0.2,1.8,1.9,0.06883275598685429,1.6682009940166067,-1.5993682380297525,1.0324913398027866,1.6157045872513036
p018,Q95,fairness_qp,0.2,1.9,2.0,0.060466892409391515,1.5030624592809323,-1.4425955668715407,0.9070033861409212,1.6571740329174482
p018,Q95,fairness_qp,0.3,1.0,1.1,1.654518332029429,2.157168553766551,-0.502650221737122,0.7520537872861068,2.8683700424553416
p018,Q95,fairness_qp,0.3,1.1,1.2,1.550047369194705,2.1936938134090345,-0.6436464442143297,0.7045669859975894,3.1135347766869965
p018,Q95,fairness_qp,0.3,1.2,1.3,1.4369234645872746,2.183120757208095,-0.7461972926208205,0.6531470293578527,3.3424644973957083
p018,Q95,fairness_qp,0.3,1.3,1.4,0.7298454624195052,2.1303607087596115,-1.400515246340106,1.188080758708923,1.7931110264546792
p018,Q95,fairness_qp,0.3,1.4,1.5,0.5447968626048558,2.0424151918207665,-1.4976183292159106,1.1985530977306897,1.70406734227113
p018,Q95,fairness_qp,0.3,1.5,1.6,0.49093561181227235,1.9273444738660341,-1.4364088620537618,1.080058345986984,1.7844818115865577
p018,Q95,fairness_qp,0.3,1.6,1.7,0.438986557744353,1.793441588071626,-1.3544550303272729,0.9657704270375767,1.8570061143545926
p018,Q95,fairness_qp,0.3,1.7,1.8,0.3898646388635213,1.6484080758442516,-1.2585434369807302,0.857702205499758,1.9218885823941334
p018,Q95,fairness_qp,0.3,1.8,1.9,0.3441637799342645,1.4987970248644122,-1.1546332449301477,0.7571603158553764,1.9794975957914498
p018,Q95,fairness_qp,0.3,1.9,2.0,0.30233446204697145,1.350459452276187,-1.0481249902292156,0.6651358165033414,2.030351424128132
p018,Q95,flat_level,0.05,1.0,1.1,0.6777421875000036,13.292007953659208,-12.614265766159205,2.9368828124999995,4.525889796176268
p018,Q95,flat_level,0.1,1.0,1.1,1.1295703125000014,13.173329311215683,-12.043758998715681,2.4850546875000017,5.301021896008344
p018,Q95,flat_level,0.1,1.1,1.2,0.2259140624999989,14.716301064730153,-14.490387002230154,3.3887109374999973,4.342743106789457
p018,Q95,flat_level,0.2,1.0,1.1,1.1295703125000014,12.283239492890182,-11.15366918039018,2.4850546875000017,4.942844740872598
p018,Q95,flat_level,0.2,1.1,1.2,1.1295703125000014,13.721956398194465,-12.592386085694462,2.485054687499995,5.521792525217614
p018,Q95,flat_level,0.2,1.2,1.3,0.2259140624999989,15.254908929353828,-15.028994866853829,3.3887109375000044,4.501684921112811
p018,Q95,flat_level,0.2,1.3,1.4,0.07367062909434396,5.288129963476037,-5.214459334381694,1.1050594364151525,4.785380577022081
p018,Q95,flat_level,0.3,1.0,1.1,1.1295703125000014,10.799756462347828,-9.670186149847826,2.4850546875000017,4.345882815646414
p018,Q95,flat_level,0.3,1.1,1.2,1.1295703125000014,13.340355743167894,-12.210785430667892,2.485054687499995,5.368234272779127
p018,Q95,flat_level,0.3,1.2,1.3,1.1295703125000014,15.18121371713472,-14.051643404634717,2.4850546875000017,6.109005887676147
p018,Q95,flat_level,0.3,1.3,1.4,0.07367062909433703,5.2496609607052065,-5.175990331610869,1.1050594364151594,4.750568872327119
p018,Q95,weighted_proportional,0.0,1.1,1.2,2.3874227308269687,5.568114915927722,-3.180692185100753,0.5421650872513839,10.270146578704304
p018,Q95,weighted_proportional,0.05,1.0,1.1,2.8850570251664696,5.139753774625687,-2.2546967494592174,0.07670014182331597,67.01100744331688
p018,Q95,weighted_proportional,0.05,1.1,1.2,1.9558072749163435,5.568114915927625,-3.612307641011281,0.9737805431620089,5.718038787104058
p018,Q95,weighted_proportional,0.05,1.2,1.3,0.4972339033901957,5.981162655147823,-5.483928751757627,2.3979188998584506,2.494313988475962
p018,Q95,weighted_proportional,0.05,1.3,1.4,0.011081694343745285,6.37811003242586,-6.367028338082115,2.8475212022452263,2.239881489695957
p018,Q95,weighted_proportional,0.1,1.0,1.1,2.4698467767596646,4.818519163711354,-2.348672386951689,0.49191039023012073,9.795522232122808
p018,Q95,weighted_proportional,0.1,1.1,1.2,1.8107797172095959,5.220107733682464,-3.409328016472868,1.1188081008687567,4.665775774799127
p018,Q95,weighted_proportional,0.1,1.2,1.3,0.9047352510152054,5.6073399892009395,-4.702604738185734,1.9904175522334409,2.817167675651253
p018,Q95,weighted_proportional,0.1,1.3,1.4,0.2229894584118014,5.979478155399217,-5.756488696987416,2.6356134381771703,2.2687235042839644
p018,Q95,weighted_proportional,0.1,1.4,1.5,0.058333075806937806,6.335888529200306,-6.277555453393369,2.761760531396096,2.294148409021348
p018,Q95,weighted_proportional,0.2,1.0,1.1,2.036208052305477,3.5335807200551073,-1.4973726677496302,0.9255491146843084,3.817820863304873
p018,Q95,weighted_proportional,0.2,1.1,1.2,1.8107797172095959,3.8280790047003217,-2.017299287490726,1.1188081008687567,3.4215689015192243
p018,Q95,weighted_proportional,0.2,1.2,1.3,0.9047352510152054,4.112049325414098,-3.2073140743988926,1.9904175522334409,2.0659229621442905
p018,Q95,weighted_proportional,0.2,1.3,1.4,0.8933134051840528,4.384950647292822,-3.4916372421087694,1.9652894914049188,2.231198338194018
p018,Q95,weighted_proportional,0.2,1.4,1.5,0.4095881536779408,4.646318254746783,-4.236730101068842,2.4105054535250927,1.9275286218299426
p018,Q95,weighted_proportional,0.2,1.5,1.6,0.1737364860201207,4.895764026130428,-4.722027540110307,2.6060472903017966,1.8786167251644414
p018,Q95,weighted_proportional,0.2,1.6,1.7,0.009559489336626037,62.03496401043724,-62.02540452110061,0.1433923400494183,432.62397411924303
p018,Q95,weighted_proportional,0.3,1.0,1.1,2.036208052305477,3.5335807200551073,-1.4973726677496302,0.9255491146843084,3.817820863304873
p018,Q95,weighted_proportional,0.3,1.1,1.2,1.8107797172095959,3.8280790047003217,-2.017299287490726,1.1188081008687567,3.4215689015192243
p018,Q95,weighted_proportional,0.3,1.2,1.3,0.9047352510152054,4.112049325414098,-3.2073140743988926,1.9904175522334409,2.0659229621442905
p018,Q95,weighted_proportional,0.3,1.3,1.4,0.8933134051840528,4.384950647292822,-3.4916372421087694,1.9652894914049188,2.231198338194018
p018,Q95,weighted_proportional,0.3,1.4,1.5,0.881279252250948,4.646318254746644,-3.765039002495696,1.9388143549520855,2.3964740321212803
p018,Q95,weighted_proportional,0.3,1.5,1.6,0.6057016374471091,4.895764026130567,-4.290062388683458,2.1740821388748084,2.2518762923393316
p018,Q95,weighted_proportional,0.3,1.6,1.7,0.009559489336632976,55.24041401139386,-55.23085452205723,0.14339234004941137,385.23964384958526
p019,Q0,equal_kw_reduction,0.0,1.2,1.3,0.6991050976212255,4.830819453414073,-4.131714355792848,1.53811563618542,3.1407387973733063
p019,Q0,equal_kw_reduction,0.05,1.1,1.2,2.0201956469676174,4.080635418394176,-2.0604397714265588,0.2333577819933659,17.486605261401497
p019,Q0,equal_kw_reduction,0.05,1.2,1.3,0.8779857318761825,4.5073270793015014,-3.629341347425319,1.359235001930463,3.3160763759761474
p019,Q0,equal_kw_reduction,0.05,1.3,1.4,0.054477147738409004,4.939074587869665,-4.884597440131255,2.166217365644565,2.2800456991074056
p019,Q0,equal_kw_reduction,0.1,1.0,1.1,2.1530681226032584,3.22009856208701,-1.0670304394837515,0.11667759208860984,27.598260338125016
p019,Q0,equal_kw_reduction,0.1,1.1,1.2,1.685045114056226,3.592521133897429,-1.9074760198412033,0.5685083149047574,6.31920596359138
p019,Q0,equal_kw_reduction,0.1,1.2,1.3,0.961295890922538,3.9681731224471344,-3.006877231524596,1.2759248428841075,3.1100367271456633
p019,Q0,equal_kw_reduction,0.1,1.3,1.4,0.35670199804008207,4.348276192191497,-3.991574194151415,1.8639925153428918,2.332775564493942
p019,Q0,equal_kw_reduction,0.1,1.4,1.5,0.06629311565197263,4.764946572283757,-4.698653456631785,2.1376254312813168,2.229083965111509
p019,Q0,equal_kw_reduction,0.2,1.0,1.1,1.6611762391691813,2.8613375809849564,-1.2001613418157753,0.6085694755226869,4.701743508458778
p019,Q0,equal_kw_reduction,0.2,1.1,1.2,1.549317982410675,3.1922674206099897,-1.6429494381993148,0.7042354465503081,4.532954761432824
p019,Q0,equal_kw_reduction,0.2,1.2,1.3,0.961295890922538,3.526066877826646,-2.564770986904108,1.2759248428841075,2.76353807004518
p019,Q0,equal_kw_reduction,0.2,1.3,1.4,0.6939670354321782,3.8638215077352913,-3.169854472303113,1.5267274779507956,2.5307866423688075
p019,Q0,equal_kw_reduction,0.2,1.4,1.5,0.4029173717912324,4.206680322051091,-3.803762950259859,1.8010011751420572,2.335745462086821
p019,Q0,equal_kw_reduction,0.2,1.5,1.6,0.1293607064686425,4.302085483027477,-4.172724776558834,1.9404105970296723,2.2171005918092757
p019,Q0,equal_kw_reduction,0.3,1.0,1.1,1.560450178850658,2.8000857061627573,-1.2396355273120996,0.7092955358412103,3.9476996042868246
p019,Q0,equal_kw_reduction,0.3,1.1,1.2,1.549317982410675,3.1239314207802957,-1.5746134383696209,0.7042354465503081,4.435919032594638
p019,Q0,equal_kw_reduction,0.3,1.2,1.3,0.961295890922538,3.450585323867002,-2.4892894329444637,1.2759248428841075,2.7043797627353032
p019,Q0,equal_kw_reduction,0.3,1.3,1.4,0.6939670354321782,3.787159097992491,-3.0931920625603126,1.5267274779507956,2.4805730902778356
p019,Q0,equal_kw_reduction,0.3,1.4,1.5,0.6887245459166538,4.129493527151008,-3.4407689812343545,1.5151940010166356,2.72538930617484
p019,Q0,equal_kw_reduction,0.3,1.5,1.6,0.44599103234322507,4.223148134714923,-3.7771571023716977,1.6237802711550897,2.600812566660113
p019,Q0,fairness_qp,0.0,1.4,1.5,0.07653275568422768,2.562310821034891,-2.4857780653506634,0.9643399524117379,2.6570617702053667
p019,Q0,fairness_qp,0.05,1.2,1.3,1.1979535428759265,2.797426424154634,-1.5994728812787073,0.07358008680982339,38.018797550279054
p019,Q0,fairness_qp,0.05,1.3,1.4,0.8016043033197313,2.6933500446229726,-1.8917457413032412,0.354331552038855,7.601214255759046
p019,Q0,fairness_qp,0.05,1.4,1.5,0.35397250466157393,2.5482375757953126,-2.1942650711337386,0.6869002034343916,3.7097638973675227
p019,Q0,fairness_qp,0.05,1.5,1.6,0.11819612018398873,2.3731754073917366,-2.254979287207748,0.8108016124067606,2.926949541142709
p019,Q0,fairness_qp,0.05,1.6,1.7,0.032275769687343386,2.1789514329273487,-2.1466756632400052,0.7901258066850652,2.7577272055813933
p019,Q0,fairness_qp,0.1,1.0,1.1,1.4338670906187054,2.619604827242043,-1.185737736623338,0.05817964320969579,45.02614115044073
p019,Q0,fairness_qp,0.1,1.1,1.2,1.2980845011715396,2.657447963841611,-1.3593634626700712,0.08653896674476816,30.708108310089926
p019,Q0,fairness_qp,0.1,1.2,1.3,0.897742430591094,2.6317828410524178,-1.7340404104613238,0.37379119909465575,7.04078332348849
p019,Q0,fairness_qp,0.1,1.3,1.4,0.7947059005590298,2.5334786511232514,-1.7387727505642214,0.3612299547995565,7.0134788587205
p019,Q0,fairness_qp,0.1,1.4,1.5,0.35397250466157393,2.39672260097629,-2.042750096314716,0.6869002034343916,3.4891860404074113
p019,Q0,fairness_qp,0.1,1.5,1.6,0.2903117914346103,2.2319148093528467,-1.9416030179182364,0.6386859411561391,3.4945419423397204
p019,Q0,fairness_qp,0.1,1.6,1.7,0.18050317727265341,2.0491595693211266,-1.8686563920484733,0.6418983990997551,3.1923425454791863
p019,Q0,fairness_qp,0.1,1.7,1.8,0.04516127134085793,1.8574696129836679,-1.8123083416428099,0.6774190701128758,2.741980104980163
p019,Q0,fairness_qp,0.1,1.8,1.9,0.039403278033190575,1.6642506175895584,-1.6248473395563678,0.5910491704978691,2.8157566251005486
p019,Q0,fairness_qp,0.1,1.9,2.0,0.03415141718730863,1.4753048020672428,-1.441153384879934,0.5122712578096433,2.8799289040250162
p019,Q0,fairness_qp,0.2,1.0,1.1,1.1660752401253422,2.0017738667222793,-0.8356986265969368,0.3259714937030589,6.140947614719276
p019,Q0,fairness_qp,0.2,1.1,1.2,0.9519286341924602,2.1020707507145504,-1.1501421165220904,0.43269483372384776,4.858090707078151
p019,Q0,fairness_qp,0.2,1.2,1.3,0.8741793704089562,2.1583808557774087,-1.2842014853684525,0.3973542592767936,5.431880508103222
p019,Q0,fairness_qp,0.2,1.3,1.4,0.7947059005590263,2.0773733027891796,-1.2826674022301532,0.36122995479956,5.750833437780311
p019,Q0,fairness_qp,0.2,1.4,1.5,0.3539725046615774,1.964985687400507,-1.6110131827389296,0.6869002034343881,2.860656726517042
p019,Q0,fairness_qp,0.2,1.5,1.6,0.2903117914346068,1.829709370583056,-1.5393975791484493,0.6386859411561425,2.8648029535000186
p019,Q0,fairness_qp,0.2,1.6,1.7,0.25700049261637853,1.6797976949407891,-1.4227972023244106,0.5654010837560299,2.970984214925241
p019,Q0,fairness_qp,0.2,1.7,1.8,0.2258063567042931,1.5226148558978512,-1.296808499193558,0.4967739847494407,3.0650052189544845
p019,Q0,fairness_qp,0.2,1.8,1.9,0.19701639016595635,1.364226774318862,-1.1672103841529058,0.43343605836510324,3.147469500956265
p019,Q0,fairness_qp,0.2,1.9,2.0,0.17075708593654662,1.2093640253815658,-1.0386069394450193,0.37566558906040537,3.2192568619509774
p019,Q0,fairness_qp,0.3,1.0,1.1,1.025782129507026,1.9651399389986404,-0.9393578094916144,0.4662646043213752,4.214645333970404
p019,Q0,fairness_qp,0.3,1.1,1.2,0.9519286341924602,1.9701416389782331,-1.018213004785773,0.43269483372384776,4.553189651059265
p019,Q0,fairness_qp,0.3,1.2,1.3,0.8741793704089528,1.9337719726761313,-1.0595926022671787,0.397354259276797,4.866619464947187
p019,Q0,fairness_qp,0.3,1.3,1.4,0.7947059005590298,1.8618727197749554,-1.0671668192159256,0.3612299547995565,5.154258928521288
p019,Q0,fairness_qp,0.3,1.4,1.5,0.35397250466157393,1.761588689461583,-1.407616184800009,0.6869002034343916,2.5645482133415016
p019,Q0,fairness_qp,0.3,1.5,1.6,0.2903117914346103,1.6405865853568562,-1.350274793922246,0.6386859411561391,2.5686906187211394
p019,Q0,fairness_qp,0.3,1.6,1.7,0.25700049261637503,1.5063294977120425,-1.2493290050956674,0.5654010837560335,2.6641786529755094
p019,Q0,fairness_qp,0.3,1.7,1.8,0.2258063567042931,1.3654607393543614,-1.1396543826500682,0.4967739847494407,2.7486558903503426
p019,Q0,fairness_qp,0.3,1.8,1.9,0.19701639016595635,1.2234179868322939,-1.0264015966663376,0.43343605836510324,2.822603157307582
p019,Q0,fairness_qp,0.3,1.9,2.0,0.17075708593654662,1.084501222321444,-0.9137441363848975,0.37566558906040537,2.886879325396666
p019,Q0,flat_level,0.05,1.0,1.1,0.4518281249999978,13.292007953659258,-12.84017982865926,1.9579218750000043,6.788834694264411
p019,Q0,flat_level,0.1,1.0,1.1,0.7530468749999998,13.173329311215845,-12.420282436215846,1.6567031250000024,7.951532844012609
p019,Q0,flat_level,0.1,1.1,1.2,0.15060937499999927,14.716301064730096,-14.565691689730098,2.259140624999996,6.514114660184168
p019,Q0,flat_level,0.2,1.0,1.1,0.7530468749999998,12.283239492890344,-11.530192617890345,1.6567031250000024,7.41426711130899
p019,Q0,flat_level,0.2,1.1,1.2,0.7530468749999998,13.721956398194404,-12.968909523194405,1.6567031249999955,8.282688787826391
p019,Q0,flat_level,0.2,1.2,1.3,0.15060937499999927,15.254908929353995,-15.104299554353995,2.259140625000003,6.752527381669291
p019,Q0,flat_level,0.2,1.3,1.4,0.0502031249999986,5.397436440447396,-5.347233315447397,0.7530468749999998,7.167464097699625
p019,Q0,flat_level,0.3,1.0,1.1,0.7530468750000032,10.799756462347993,-10.04670958734799,1.6567031249999988,6.51882422346973
p019,Q0,flat_level,0.3,1.1,1.2,0.7530468749999963,13.34035574316783,-12.587308868167835,1.6567031249999988,8.05235140916864
p019,Q0,flat_level,0.3,1.2,1.3,0.7530468749999998,15.18121371713488,-14.428166842134882,1.6567031250000024,9.163508831514312
p019,Q0,flat_level,0.3,1.3,1.4,0.05020312500000207,5.354614524877031,-5.304411399877029,0.7530468749999963,7.11059922382263
p019,Q0,weighted_proportional,0.0,1.1,1.2,1.591615153861463,5.606836161957611,-4.015221008096148,0.3614433914958838,15.512349357814895
p019,Q0,weighted_proportional,0.05,1.0,1.1,1.9233713501425123,5.175496149126137,-3.2521247989836244,0.051133427883657406,101.21551328226639
p019,Q0,weighted_proportional,0.05,1.1,1.2,1.3038715165875834,5.606836161957639,-4.302964645370055,0.6491870287697633,8.636703928885993
p019,Q0,weighted_proportional,0.05,1.2,1.3,0.3314892689297924,6.022756274267079,-5.691267005337286,1.5986125999303997,3.767489555962024
p019,Q0,weighted_proportional,0.05,1.3,1.4,0.00738779622774452,6.4224640648136955,-6.415076268585951,1.898347468190193,3.3831867834694194
p019,Q0,weighted_proportional,0.1,1.0,1.1,1.6465645178649,4.852027639805821,-3.2054631219409213,0.32794026016126976,14.795461946086645
p019,Q0,weighted_proportional,0.1,1.1,1.2,1.2071864781222215,5.256408901835194,-4.049222423712973,0.7458720672351253,7.047333092014274
p019,Q0,weighted_proportional,0.1,1.2,1.3,0.6031568340188094,5.646334007125571,-5.043177173106761,1.3269450348413827,4.255137823248654
p019,Q0,weighted_proportional,0.1,1.3,1.4,0.14865963893710352,6.021060060762678,-5.872400421825574,1.7570756254808342,3.4267506608402125
p019,Q0,weighted_proportional,0.1,1.4,1.5,0.03888871720162182,6.379948965505453,-6.341060248303831,1.8411736872639763,3.465153238739901
p019,Q0,weighted_proportional,0.2,1.0,1.1,1.3574720348929898,3.5581536025241918,-2.200681567631202,0.61703274313318,5.766555571194707
p019,Q0,weighted_proportional,0.2,1.1,1.2,1.2071864781222215,3.8546998613457757,-2.6475133832235542,0.7458720672351253,5.1680442674770894
p019,Q0,weighted_proportional,0.2,1.2,1.3,0.6031568340188094,4.140644938558831,-3.537488104540021,1.3269450348413827,3.1204344037157385
p019,Q0,weighted_proportional,0.2,1.3,1.4,0.5955422701306063,4.415444044559309,-3.8199017744287023,1.3101929942873312,3.3700714809279324
p019,Q0,weighted_proportional,0.2,1.4,1.5,0.27305876908559346,4.678629241370552,-4.405570472284959,1.6070036353800048,2.911399288940754
p019,Q0,weighted_proportional,0.2,1.5,1.6,0.11582432402382561,4.9298096672632274,-4.813985343239402,1.7373648603573877,2.8375212252474893
p019,Q0,weighted_proportional,0.2,1.6,1.7,0.006372992898698304,62.466361529763994,-62.459988536865296,0.09559489348047456,653.4487278080692
p019,Q0,weighted_proportional,0.3,1.0,1.1,1.3574720348929898,3.5581536025241918,-2.200681567631202,0.61703274313318,5.766555571194707
p019,Q0,weighted_proportional,0.3,1.1,1.2,1.2071864781222215,3.8546998613457757,-2.6475133832235542,0.7458720672351253,5.1680442674770894
p019,Q0,weighted_proportional,0.3,1.2,1.3,0.6031568340188094,4.140644938558831,-3.537488104540021,1.3269450348413827,3.1204344037157385
p019,Q0,weighted_proportional,0.3,1.3,1.4,0.5955422701306063,4.415444044559309,-3.8199017744287023,1.3101929942873312,3.3700714809279324
p019,Q0,weighted_proportional,0.3,1.4,1.5,0.5875195013954997,4.6786292413704516,-4.091109739974952,1.2925429030700986,3.619709048154292
p019,Q0,weighted_proportional,0.3,1.5,1.6,0.4038010917139234,4.929809667263335,-4.526008575549412,1.44938809266729,3.4013041035759244
p019,Q0,weighted_proportional,0.3,1.6,1.7,0.006372992898698304,55.62456153107261,-55.61818853817391,0.09559489348047456,581.8779592283769
p019,Q95,equal_kw_reduction,0.0,1.2,1.3,0.6991050976212255,4.830819453414073,-4.131714355792848,1.53811563618542,3.1407387973733063
p019,Q95,equal_kw_reduction,0.05,1.1,1.2,2.0201956469676174,4.080635418394176,-2.0604397714265588,0.2333577819933659,17.486605261401497
p019,Q95,equal_kw_reduction,0.05,1.2,1.3,0.8779857318761825,4.5073270793015014,-3.629341347425319,1.359235001930463,3.3160763759761474
p019,Q95,equal_kw_reduction,0.05,1.3,1.4,0.054477147738409004,4.939074587869665,-4.884597440131255,2.166217365644565,2.2800456991074056
p019,Q95,equal_kw_reduction,0.1,1.0,1.1,2.1530681226032584,3.22009856208701,-1.0670304394837515,0.11667759208860984,27.598260338125016
p019,Q95,equal_kw_reduction,0.1,1.1,1.2,1.685045114056226,3.592521133897429,-1.9074760198412033,0.5685083149047574,6.31920596359138
p019,Q95,equal_kw_reduction,0.1,1.2,1.3,0.961295890922538,3.9681731224471344,-3.006877231524596,1.2759248428841075,3.1100367271456633
p019,Q95,equal_kw_reduction,0.1,1.3,1.4,0.35670199804008207,4.348276192191497,-3.991574194151415,1.8639925153428918,2.332775564493942
p019,Q95,equal_kw_reduction,0.1,1.4,1.5,0.06629311565197263,4.764946572283757,-4.698653456631785,2.1376254312813168,2.229083965111509
p019,Q95,equal_kw_reduction,0.2,1.0,1.1,1.6611762391691813,2.8613375809849564,-1.2001613418157753,0.6085694755226869,4.701743508458778
p019,Q95,equal_kw_reduction,0.2,1.1,1.2,1.549317982410675,3.1922674206099897,-1.6429494381993148,0.7042354465503081,4.532954761432824
p019,Q95,equal_kw_reduction,0.2,1.2,1.3,0.961295890922538,3.526066877826646,-2.564770986904108,1.2759248428841075,2.76353807004518
p019,Q95,equal_kw_reduction,0.2,1.3,1.4,0.6939670354321782,3.8638215077352913,-3.169854472303113,1.5267274779507956,2.5307866423688075
p019,Q95,equal_kw_reduction,0.2,1.4,1.5,0.4029173717912324,4.206680322051091,-3.803762950259859,1.8010011751420572,2.335745462086821
p019,Q95,equal_kw_reduction,0.2,1.5,1.6,0.1293607064686425,4.302085483027477,-4.172724776558834,1.9404105970296723,2.2171005918092757
p019,Q95,equal_kw_reduction,0.3,1.0,1.1,1.560450178850658,2.8000857061627573,-1.2396355273120996,0.7092955358412103,3.9476996042868246
p019,Q95,equal_kw_reduction,0.3,1.1,1.2,1.549317982410675,3.1239314207802957,-1.5746134383696209,0.7042354465503081,4.435919032594638
p019,Q95,equal_kw_reduction,0.3,1.2,1.3,0.961295890922538,3.450585323867002,-2.4892894329444637,1.2759248428841075,2.7043797627353032
p019,Q95,equal_kw_reduction,0.3,1.3,1.4,0.6939670354321782,3.787159097992491,-3.0931920625603126,1.5267274779507956,2.4805730902778356
p019,Q95,equal_kw_reduction,0.3,1.4,1.5,0.6887245459166538,4.129493527151008,-3.4407689812343545,1.5151940010166356,2.72538930617484
p019,Q95,equal_kw_reduction,0.3,1.5,1.6,0.44599103234322507,4.223148134714923,-3.7771571023716977,1.6237802711550897,2.600812566660113
p019,Q95,fairness_qp,0.0,1.4,1.5,0.07654029315547206,2.5623101661560037,-2.4857698730005318,0.9643379003437292,2.6570667452173065
p019,Q95,fairness_qp,0.05,1.2,1.3,1.1979458008691268,2.797419698211512,-1.599473897342385,0.07357981276075523,38.018847741666896
p019,Q95,fairness_qp,0.05,1.3,1.4,0.8016032320442463,2.6933475065889954,-1.8917442745447488,0.3543294706281619,7.601251744073612
p019,Q95,fairness_qp,0.05,1.4,1.5,0.3539770454018057,2.548238266101795,-2.194261220699989,0.6869011480973957,3.709759800460372
p019,Q95,fairness_qp,0.05,1.5,1.6,0.11819663803337016,2.373176122220884,-2.2549794841875137,0.810801171875486,2.9269520130705122
p019,Q95,fairness_qp,0.05,1.6,1.7,0.03227589310921333,2.1789533346600507,-2.146677441550837,0.790128976244437,2.757718549972482
p019,Q95,fairness_qp,0.1,1.0,1.1,1.4338670248627352,2.619622327524697,-1.1857553026619616,0.058179705635100915,45.02639363551935
p019,Q95,fairness_qp,0.1,1.1,1.2,1.2980869691068333,2.6574437650603926,-1.359356795953559,0.08653913127379051,30.708001408667172
p019,Q95,fairness_qp,0.1,1.2,1.3,0.8977360117349876,2.6317710306462163,-1.7340350189112286,0.3737896018948944,7.040781812294077
p019,Q95,fairness_qp,0.1,1.3,1.4,0.7947037330872792,2.5334741181656932,-1.7387703850784142,0.36122896958512907,7.013485438544379
p019,Q95,fairness_qp,0.1,1.4,1.5,0.3539770454018022,2.396728461644019,-2.0427514162422167,0.6869011480973991,3.4891897739326168
p019,Q95,fairness_qp,0.1,1.5,1.6,0.29031181559651886,2.2319153246438925,-1.9416035090473738,0.6386859943123373,3.494542458296677
p019,Q95,fairness_qp,0.1,1.6,1.7,0.18050387677145605,2.049163605744,-1.8686597289725437,0.6419009925821944,3.1923359356413643
p019,Q95,fairness_qp,0.1,1.7,1.8,0.04516134651925616,1.857445787655159,-1.812284441135903,0.6774201977888319,2.7419403698296123
p019,Q95,fairness_qp,0.1,1.8,1.9,0.03940252678869341,1.6642237686124197,-1.6248212418237262,0.5910379018303942,2.8157648831969317
p019,Q95,fairness_qp,0.1,1.9,2.0,0.034148562604821575,1.4751944533471644,-1.441045890742343,0.5122284390723341,2.8799542173386548
p019,Q95,fairness_qp,0.2,1.0,1.1,1.16607498730132,2.0017924427502902,-0.8357174554489699,0.325971743196516,6.1409999011585645
p019,Q95,fairness_qp,0.2,1.1,1.2,0.9519304440116783,2.10206481718736,-1.150134373175682,0.4326956563689456,4.8580677578953955
p019,Q95,fairness_qp,0.2,1.2,1.3,0.8741738593705459,2.1583729090908705,-1.2841990497203248,0.3973517542593362,5.431894753086163
p019,Q95,fairness_qp,0.2,1.3,1.4,0.7947037330872792,2.0773698292774894,-1.2826660961902103,0.36122896958512907,5.750839506763108
p019,Q95,fairness_qp,0.2,1.4,1.5,0.3539770454018022,1.964989395068676,-1.6110123496668738,0.6869011480973991,2.8606581900632526
p019,Q95,fairness_qp,0.2,1.5,1.6,0.29031181559651886,1.8297097290859674,-1.5393979134894487,0.6386859943123373,2.8648032763830775
p019,Q95,fairness_qp,0.2,1.6,1.7,0.2570015216730136,1.6798016127078061,-1.4228000910347927,0.5654033476806368,2.970979247998064
p019,Q95,fairness_qp,0.2,1.7,1.8,0.22580673259628078,1.5226024561424099,-1.2967957235461292,0.4967748117118073,3.064975156239832
p019,Q95,fairness_qp,0.2,1.8,1.9,0.19701263394346358,1.3642039658905563,-1.1671913319470928,0.43342779467562403,3.1474768869207437
p019,Q95,fairness_qp,0.2,1.9,2.0,0.17074281302411135,1.2092708772201317,-1.0385280641960204,0.37563418865304427,3.219277993721383
p019,Q95,fairness_qp,0.3,1.0,1.1,1.0257821272172605,1.9651583398019243,-0.9393762125846639,0.46626460328057573,4.214684807672149
p019,Q95,fairness_qp,0.3,1.1,1.2,0.9519304440116783,1.9701350209998802,-1.018204576988202,0.4326956563689456,4.553165699726853
p019,Q95,fairness_qp,0.3,1.2,1.3,0.8741738593705459,1.933768325523659,-1.0595944661531131,0.3973517542593362,4.866640966838573
p019,Q95,fairness_qp,0.3,1.3,1.4,0.7947037330872792,1.8618713448134843,-1.0671676117262052,0.36122896958512907,5.154269179882889
p019,Q95,fairness_qp,0.3,1.4,1.5,0.3539770454018057,1.7615882392321771,-1.4076111938303715,0.6869011480973957,2.5645440309882868
p019,Q95,fairness_qp,0.3,1.5,1.6,0.29031181559651537,1.64058710266584,-1.3502752870693246,0.6386859943123407,2.5686912148938297
p019,Q95,fairness_qp,0.3,1.6,1.7,0.25700152167301704,1.5063304636982466,-1.2493289420252296,0.5654033476806333,2.6641696938609103
p019,Q95,fairness_qp,0.3,1.7,1.8,0.22580673259627732,1.3654379730270936,-1.1396312404308162,0.4967748117118108,2.748605486502025
p019,Q95,fairness_qp,0.3,1.8,1.9,0.19701263394346358,1.223399915759607,-1.0263872818161435,0.43342779467562403,2.822615279380492
p019,Q95,fairness_qp,0.3,1.9,2.0,0.17074281302411135,1.0844257352896798,-0.9136829222655685,0.37563418865304427,2.8869196895475167
p019,Q95,flat_level,0.05,1.0,1.1,0.4518281249999978,13.292007953659258,-12.84017982865926,1.9579218750000043,6.788834694264411
p019,Q95,flat_level,0.1,1.0,1.1,0.7530468749999998,13.173329311215845,-12.420282436215846,1.6567031250000024,7.951532844012609
p019,Q95,flat_level,0.1,1.1,1.2,0.15060937499999927,14.716301064730096,-14.565691689730098,2.259140624999996,6.514114660184168
p019,Q95,flat_level,0.2,1.0,1.1,0.7530468749999998,12.283239492890344,-11.530192617890345,1.6567031250000024,7.41426711130899
p019,Q95,flat_level,0.2,1.1,1.2,0.7530468749999998,13.721956398194404,-12.968909523194405,1.6567031249999955,8.282688787826391
p019,Q95,flat_level,0.2,1.2,1.3,0.15060937499999927,15.254908929353995,-15.104299554353995,2.259140625000003,6.752527381669291
p019,Q95,flat_level,0.2,1.3,1.4,0.0502031249999986,5.397436440447396,-5.347233315447397,0.7530468749999998,7.167464097699625
p019,Q95,flat_level,0.3,1.0,1.1,0.7530468750000032,10.799756462347993,-10.04670958734799,1.6567031249999988,6.51882422346973
p019,Q95,flat_level,0.3,1.1,1.2,0.7530468749999963,13.34035574316783,-12.587308868167835,1.6567031249999988,8.05235140916864
p019,Q95,flat_level,0.3,1.2,1.3,0.7530468749999998,15.18121371713488,-14.428166842134882,1.6567031250000024,9.163508831514312
p019,Q95,flat_level,0.3,1.3,1.4,0.05020312500000207,5.354614524877031,-5.304411399877029,0.7530468749999963,7.11059922382263
p019,Q95,weighted_proportional,0.0,1.1,1.2,1.5916151538837193,5.606836159908191,-4.015221006024472,0.361443391505574,15.512349351728917
p019,Q95,weighted_proportional,0.05,1.0,1.1,1.9233713501118492,5.1754961513003765,-3.2521248011885273,0.05113342788226616,101.21551332754119
p019,Q95,weighted_proportional,0.05,1.1,1.2,1.3038715166114774,5.606836159908302,-4.302964643296825,0.6491870287778159,8.636703925622088
p019,Q95,weighted_proportional,0.05,1.2,1.3,0.33148926892539665,6.022756276069016,-5.691267007143619,1.598612599903241,3.767489557153218
p019,Q95,weighted_proportional,0.05,1.3,1.4,0.007387796229111482,6.422464066110249,-6.415076269881137,1.8983474681620802,3.383186784202512
p019,Q95,weighted_proportional,0.1,1.0,1.1,1.6465645178404125,4.852027641844129,-3.2054631240037157,0.3279402601537029,14.795461952643517
p019,Q95,weighted_proportional,0.1,1.1,1.2,1.2071864781405504,5.256408899913741,-4.049222421773191,0.7458720672487429,7.047333089309493
p019,Q95,weighted_proportional,0.1,1.2,1.3,0.6031568340089493,5.646334008815018,-5.043177174806068,1.3269450348196883,4.255137824591407
p019,Q95,weighted_proportional,0.1,1.3,1.4,0.14865963894089562,6.021060061978167,-5.872400423037272,1.757075625450296,3.426750661591538
p019,Q95,weighted_proportional,0.1,1.4,1.5,0.038888717204661055,6.379948949248166,-6.341060232043505,1.8411736876167497,3.4651532292461193
p019,Q95,weighted_proportional,0.2,1.0,1.1,1.3574720348709552,3.558153604018944,-2.2006815691479886,0.6170327431231603,5.766555573710832
p019,Q95,weighted_proportional,0.2,1.1,1.2,1.207186478140547,3.8546998599370204,-2.6475133817964736,0.7458720672487463,5.168044265493975
p019,Q95,weighted_proportional,0.2,1.2,1.3,0.6031568340089527,4.1406449397975305,-3.5374881057885776,1.3269450348196847,3.120434404700261
p019,Q95,weighted_proportional,0.2,1.3,1.4,0.595542270122245,4.415444045450672,-3.819901775328427,1.3101929942689465,3.3700714816555513
p019,Q95,weighted_proportional,0.2,1.4,1.5,0.27305876911998606,4.678629229448731,-4.405570460328745,1.6070036357014248,2.9113992809397744
p019,Q95,weighted_proportional,0.2,1.5,1.6,0.11582432401265746,4.9298096734597605,-4.813985349447103,1.7373648601898342,2.8375212290877703
p019,Q95,weighted_proportional,0.2,1.6,1.7,0.0063729928906665345,62.466361536095334,-62.45998854320467,0.09559489336002577,653.4487286976403
p019,Q95,weighted_proportional,0.3,1.0,1.1,1.3574720348709552,3.558153604018944,-2.2006815691479886,0.6170327431231603,5.766555573710832
p019,Q95,weighted_proportional,0.3,1.1,1.2,1.2071864781405504,3.854699859937024,-2.6475133817964736,0.7458720672487429,5.168044265494005
p019,Q95,weighted_proportional,0.3,1.2,1.3,0.6031568340089493,4.140644939797527,-3.5374881057885776,1.3269450348196883,3.12043440470025
p019,Q95,weighted_proportional,0.3,1.3,1.4,0.5955422701222485,4.415444045450675,-3.819901775328427,1.3101929942689432,3.370071481655563
p019,Q95,weighted_proportional,0.3,1.4,1.5,0.5875195015066885,4.678629229448821,-4.091109727942133,1.2925429033147222,3.6197090382458414
p019,Q95,weighted_proportional,0.3,1.5,1.6,0.4038010916259521,4.929809673459892,-4.52600858183394,1.4493880925765397,3.4013041080641817
p019,Q95,weighted_proportional,0.3,1.6,1.7,0.006372992890670004,55.624561536781336,-55.61818854389067,0.0955948933600223,581.8779600212774
p020,Q0,equal_kw_reduction,0.05,1.1,1.2,0.9297819554789505,4.7276201307417525,-3.797838175262802,4.914063397523746,0.9620592467577963
p020,Q0,equal_kw_reduction,0.1,1.0,1.1,3.790191272896974,3.791731879027864,-0.001540606130889799,2.071535710844459,1.8303965793001797
p020,Q0,equal_kw_reduction,0.1,1.1,1.2,1.7115033989458308,4.208597395624687,-2.4970939966788563,4.132341954056866,1.0184533231798396
p020,Q0,equal_kw_reduction,0.1,1.2,1.3,0.34784886903312107,4.636496665573156,-4.288647796540035,5.477641555499929,0.8464403189941836
p020,Q0,equal_kw_reduction,0.2,1.1,1.2,1.826201672813346,3.7347070722565516,-1.9085053994432055,4.017643680189351,0.9295764805306318
p020,Q0,equal_kw_reduction,0.2,1.2,1.3,1.7554886276658008,4.114424654972658,-2.358936027306857,4.070001796867249,1.0109147023324663
p020,Q0,equal_kw_reduction,0.2,1.3,1.4,0.36291112146603216,4.505676607243554,-4.142765485777522,5.443666821990469,0.8276914724174945
p020,Q0,equal_kw_reduction,0.2,1.4,1.5,0.12287584603377921,1.6202140664035718,-1.4973382203697927,1.8431376905066188,0.8790521048691851
p020,Q0,equal_kw_reduction,0.3,1.1,1.2,1.8262016728133392,3.6105929399460406,-1.7843912671327011,4.017643680189358,0.8986842107849314
p020,Q0,equal_kw_reduction,0.3,1.2,1.3,1.8204657576665826,3.9776915093390137,-2.1572257516724314,4.0050246668664675,0.993175283599729
p020,Q0,equal_kw_reduction,0.3,1.3,1.4,1.8040277414652501,4.368370101903704,-2.564342360438454,4.002550201991251,1.0913967049633655
p020,Q0,equal_kw_reduction,0.3,1.4,1.5,0.12287584603377921,1.5712650009532951,-1.448389154919516,1.8431376905066188,0.8524946394652726
p020,Q0,fairness_qp,0.05,1.1,1.2,3.1304211604682095,3.857353311938004,-0.7269321514697946,1.2848378149882058,3.0022102921787157
p020,Q0,fairness_qp,0.05,1.2,1.3,0.9159550474396663,4.000167333238471,-3.084212285798804,3.327934137336848,1.2019971454241494
p020,Q0,fairness_qp,0.05,1.3,1.4,0.08569663804924854,4.011395727017697,-3.9256990889684484,3.7969099538528175,1.0564895601348765
p020,Q0,fairness_qp,0.1,1.1,1.2,2.8819881932129823,3.6412483190067304,-0.7592601257937481,1.533270782243433,2.374824043590638
p020,Q0,fairness_qp,0.1,1.2,1.3,1.3262153702426616,3.7812988747940315,-2.4550835045513697,2.9176738145338525,1.2959978102960619
p020,Q0,fairness_qp,0.1,1.3,1.4,0.585449464190875,3.781441538034232,-3.1959920738433567,3.297157127711191,1.1468793847441598
p020,Q0,fairness_qp,0.1,1.4,1.5,0.2195571635553728,3.702776039128275,-3.483218875572902,3.3589202443105037,1.1023709316707386
p020,Q0,fairness_qp,0.2,1.1,1.2,2.881988193212975,3.0084595671034107,-0.1264713738904355,1.53327078224344,1.962118891159926
p020,Q0,fairness_qp,0.2,1.2,1.3,1.3262153702426616,3.140919666033221,-1.814704295790559,2.9176738145338525,1.0765150135657078
p020,Q0,fairness_qp,0.2,1.3,1.4,1.2133145599693973,3.1304371197740934,-1.917122559804696,2.6692920319326685,1.1727593243169943
p020,Q0,fairness_qp,0.2,1.4,1.5,1.1018834922131016,3.0644029487489064,-1.962519456535805,2.476593915652775,1.2373457470685896
p020,Q0,fairness_qp,0.2,1.5,1.6,0.20417929357788994,2.9489614327129834,-2.7447821391350935,3.062689403668391,0.9628666325683605
p020,Q0,fairness_qp,0.2,1.6,1.7,0.18486245032962173,2.7957278020439085,-2.6108653517142866,2.7729367549442565,1.008219100943797
p020,Q0,fairness_qp,0.2,1.7,1.8,0.10889183161122418,1.6941143667239533,-1.5852225351127291,1.6333774741683627,1.0371848476645087
p020,Q0,fairness_qp,0.3,1.2,1.3,1.3262153702426616,2.7642628814736616,-1.4380475112309998,2.9176738145338525,0.9474201220520254
p020,Q0,fairness_qp,0.3,1.3,1.4,1.2133145599693973,2.7732223607375985,-1.559907800768201,2.6692920319326685,1.038935540795692
p020,Q0,fairness_qp,0.3,1.4,1.5,1.1182741899580864,2.7162924497379852,-1.5980182597798986,2.46020321790779,1.1040927147668633
p020,Q0,fairness_qp,0.3,1.5,1.6,1.0208964678894636,2.615036210256126,-1.5941397423666626,2.245972229356817,1.164322593162694
p020,Q0,fairness_qp,0.3,1.6,1.7,0.8578483282730629,2.479868547213597,-1.6220202189405342,2.0999508770008153,1.180917408294515
p020,Q0,fairness_qp,0.3,1.7,1.8,0.10889183161122418,1.5001672360821505,-1.3912754044709263,1.6333774741683627,0.9184449154020344
p020,Q0,max_export_lp,0.05,1.0,1.1,1.1295703125003762,4.692591298352748,-3.563020985852372,4.894804687493239,0.9586881597835419
p020,Q0,max_export_lp,0.1,1.0,1.1,1.8826171874984712,4.433788993855583,-2.551171806357111,4.141757812495143,1.0705089951129974
p020,Q0,max_export_lp,0.1,1.1,1.2,0.37652343750169126,5.174568826250531,-4.7980453887488395,5.6478515624948376,0.9162012791931021
p020,Q0,max_export_lp,0.2,1.0,1.1,1.8826171874984712,3.398579775868528,-1.5159625883700567,4.141757812495143,0.820564583862305
p020,Q0,max_export_lp,0.2,1.1,1.2,1.8826171874989153,4.7307460932716,-2.8481289057726844,4.141757812497613,1.1422073205238448
p020,Q0,max_export_lp,0.2,1.2,1.3,0.3341995069156209,4.827463051701251,-4.493263544785631,5.012992603689918,0.9629902601786997
p020,Q0,max_export_lp,0.2,1.4,1.5,3.5674196235957467e-07,5.1910404794131004e-06,-4.834298517053526e-06,5.351129463149196e-06,0.9700831413557539
p020,Q0,max_export_lp,0.2,1.7,1.8,1.7282556344366817e-05,0.00025391935028207246,-0.00023663679393770565,0.00025923834515162447,0.9794822217892148
p020,Q0,max_export_lp,0.3,1.0,1.1,1.8826171874984712,3.3730377874344533,-1.490420599935982,4.141757812495143,0.8143976398761024
p020,Q0,max_export_lp,0.3,1.1,1.2,1.8826171874989153,3.7567790195881314,-1.8741618320892162,4.141757812497613,0.9070494195126954
p020,Q0,max_export_lp,0.3,1.2,1.3,1.6709975345642267,3.6712513827107314,-2.000253848146505,3.6761945760413126,0.9986553504640922
p020,Q0,max_export_lp,0.3,1.4,1.5,1.7837098256756612e-06,3.362748947355332e-06,-1.5790391216796706e-06,3.924161599833109e-06,0.8569343697513238
p020,Q0,max_export_lp,0.3,1.7,1.8,8.641278171489519e-05,0.00017269247532675225,-8.627969361185706e-05,0.0001901081197810961,0.9083908437241005
p020,Q0,weighted_proportional,0.0,1.1,1.2,3.9790378846511905,5.490672429410412,-1.5116345447592217,0.9036084787385836,6.076384361814823
p020,Q0,weighted_proportional,0.05,1.0,1.1,4.808428375358588,5.068269018901596,-0.25984064354300784,0.12783356970930138,39.64740271610221
p020,Q0,weighted_proportional,0.05,1.1,1.2,3.259678791466297,5.490672429410398,-2.230993637944101,1.6229675719234768,3.383106677173513
p020,Q0,weighted_proportional,0.05,1.2,1.3,0.8287231723243873,5.897975412360125,-5.069252240035738,3.9965314998200925,1.4757735332814534
p020,Q0,weighted_proportional,0.05,1.3,1.4,0.018469490569807123,6.289401964104415,-6.270932473534607,4.7458686704705055,1.3252372538747228
p020,Q0,weighted_proportional,0.1,1.0,1.1,4.116411294663946,4.751502205220303,-0.6350909105563574,0.8198506504039429,5.795570452837018
p020,Q0,weighted_proportional,0.1,1.1,1.2,3.0179661953034924,5.147505402572375,-2.1295392072688824,1.8646801680862815,2.7605299239360988
p020,Q0,weighted_proportional,0.1,1.2,1.3,1.5078920850451552,5.529351949087387,-4.021459864042232,3.317362587099325,1.666791556217015
p020,Q0,weighted_proportional,0.1,1.3,1.4,0.3716490973442524,5.896314341347998,-5.524665244003746,4.392689063696061,1.342301778215727
p020,Q0,weighted_proportional,0.1,1.4,1.5,0.09722179300478834,6.2477677025051594,-6.150545909500371,4.6029342181528525,1.3573445559715982
p020,Q0,weighted_proportional,0.2,1.0,1.1,3.3936800872341744,3.4844349504948857,-0.09075486326071136,1.542581857833715,2.258833093880776
p020,Q0,weighted_proportional,0.2,1.1,1.2,3.0179661953034995,3.7748372952196783,-0.7568710999161787,1.8646801680862746,2.024388610886446
p020,Q0,weighted_proportional,0.2,1.2,1.3,1.5078920850451483,4.054858095997426,-2.5469660109522785,3.317362587099332,1.222313807892478
p020,Q0,weighted_proportional,0.2,1.3,1.4,1.4888556753250985,4.323963850321758,-2.835108174996659,3.275482485715214,1.3200998232105043
p020,Q0,weighted_proportional,0.2,1.4,1.5,0.6826469227165094,4.581696315170511,-3.8990493924540015,4.017509088441132,1.1404320971799704
p020,Q0,weighted_proportional,0.2,1.5,1.6,0.2895608100587019,4.827672726795622,-4.53811191673692,4.34341215088057,1.111493120867398
p020,Q0,weighted_proportional,0.2,1.6,1.7,0.015932482248737223,61.172168892665965,-61.15623641041723,0.23898723373097508,255.96416987497628
p020,Q0,weighted_proportional,0.3,1.0,1.1,3.3936800872341744,3.4844349504948857,-0.09075486326071136,1.542581857833715,2.258833093880776
p020,Q0,weighted_proportional,0.3,1.1,1.2,3.0179661953034995,3.7748372952196783,-0.7568710999161787,1.8646801680862746,2.024388610886446
p020,Q0,weighted_proportional,0.3,1.2,1.3,1.5078920850451483,4.054858095997426,-2.5469660109522785,3.317362587099332,1.222313807892478
p020,Q0,weighted_proportional,0.3,1.3,1.4,1.4888556753250985,4.323963850321758,-2.835108174996659,3.275482485715214,1.3200998232105043
p020,Q0,weighted_proportional,0.3,1.4,1.5,1.4687987534867664,4.581696315170635,-3.1128975616838694,3.231357257670875,1.4178860304889562
p020,Q0,weighted_proportional,0.3,1.5,1.6,1.0095027292884515,4.827672726795511,-3.8181699975070593,3.62347023165082,1.3323340384104845
p020,Q0,weighted_proportional,0.3,1.6,1.7,0.015932482248730284,54.472118910902196,-54.45618642865347,0.23898723373098202,227.92899043393754
p020,Q95,equal_kw_reduction,0.05,1.1,1.2,0.9297819554789505,4.7276201307417525,-3.797838175262802,4.914063397523746,0.9620592467577963
p020,Q95,equal_kw_reduction,0.1,1.0,1.1,3.790191272896974,3.791731879027864,-0.001540606130889799,2.071535710844459,1.8303965793001797
p020,Q95,equal_kw_reduction,0.1,1.1,1.2,1.7115033989458308,4.208597395624687,-2.4970939966788563,4.132341954056866,1.0184533231798396
p020,Q95,equal_kw_reduction,0.1,1.2,1.3,0.34784886903312107,4.636496665573156,-4.288647796540035,5.477641555499929,0.8464403189941836
p020,Q95,equal_kw_reduction,0.2,1.1,1.2,1.826201672813346,3.7347070722565516,-1.9085053994432055,4.017643680189351,0.9295764805306318
p020,Q95,equal_kw_reduction,0.2,1.2,1.3,1.7554886276658008,4.114424654972658,-2.358936027306857,4.070001796867249,1.0109147023324663
p020,Q95,equal_kw_reduction,0.2,1.3,1.4,0.36291112146603216,4.505676607243554,-4.142765485777522,5.443666821990469,0.8276914724174945
p020,Q95,equal_kw_reduction,0.2,1.4,1.5,0.12287584603377921,1.6202140664035718,-1.4973382203697927,1.8431376905066188,0.8790521048691851
p020,Q95,equal_kw_reduction,0.3,1.1,1.2,1.8262016728133392,3.6105929399460406,-1.7843912671327011,4.017643680189358,0.8986842107849314
p020,Q95,equal_kw_reduction,0.3,1.2,1.3,1.8204657576665826,3.9776915093390137,-2.1572257516724314,4.0050246668664675,0.993175283599729
p020,Q95,equal_kw_reduction,0.3,1.3,1.4,1.8040277414652501,4.368370101903704,-2.564342360438454,4.002550201991251,1.0913967049633655
p020,Q95,equal_kw_reduction,0.3,1.4,1.5,0.12287584603377921,1.5712650009532951,-1.448389154919516,1.8431376905066188,0.8524946394652726
p020,Q95,fairness_qp,0.05,1.1,1.2,3.130417996306395,3.8573581046258134,-0.7269401083194182,1.2848395620987454,3.0022099399904363
p020,Q95,fairness_qp,0.05,1.2,1.3,0.9159538762368441,4.00015733129884,-3.0842034550619957,3.327928317622568,1.2019962419612764
p020,Q95,fairness_qp,0.05,1.3,1.4,0.08569689141394582,4.0114028180348384,-3.9257059266208927,3.796914075782455,1.0564902807836605
p020,Q95,fairness_qp,0.1,1.1,1.2,2.88198611758448,3.6412507040145328,-0.7592645864300529,1.5332714408206605,2.37482457904884
p020,Q95,fairness_qp,0.1,1.2,1.3,1.326213185581071,3.78128863817645,-2.455075452595379,2.917669008278341,1.295996436692356
p020,Q95,fairness_qp,0.1,1.3,1.4,0.585450751105554,3.781449372063983,-3.195998620958429,3.297160216090847,1.1468806864797474
p020,Q95,fairness_qp,0.1,1.4,1.5,0.21955714346416633,3.7027789232448316,-3.4832217797806653,3.3589242348851105,1.1023704806403536
p020,Q95,fairness_qp,0.2,1.1,1.2,2.88198611758448,3.008463574295829,-0.12647745671134913,1.5332714408206605,1.962120661874191
p020,Q95,fairness_qp,0.2,1.2,1.3,1.3262131855810642,3.140912679823575,-1.814699494242511,2.917669008278348,1.0765143924522673
p020,Q95,fairness_qp,0.2,1.3,1.4,1.2133159272488745,3.130441994069803,-1.917126066820929,2.6692950399475266,1.1727598288015932
p020,Q95,fairness_qp,0.2,1.4,1.5,1.1018836600035082,3.0644054762703905,-1.9625218162668823,2.4765977183457686,1.2373448677475343
p020,Q95,fairness_qp,0.2,1.5,1.6,0.2041771329971548,2.94892427840944,-2.744747145412285,3.06265699495728,0.9628646901252399
p020,Q95,fairness_qp,0.2,1.6,1.7,0.18486379856756663,2.795748657084249,-2.610884858516682,2.772956978513472,1.008219268725545
p020,Q95,fairness_qp,0.2,1.7,1.8,0.10889237543769414,1.6941300608791927,-1.5852376854414985,1.6333856315655093,1.0371892761511947
p020,Q95,fairness_qp,0.3,1.2,1.3,1.3262131855810642,2.764256182533113,-1.4380429969520492,2.917669008278348,0.9474193867399098
p020,Q95,fairness_qp,0.3,1.3,1.4,1.2133159272488745,2.7732269821742412,-1.559911054925367,2.6692950399475266,1.0389361013568428
p020,Q95,fairness_qp,0.3,1.4,1.5,1.1182754307341516,2.716294358829231,-1.5980189280950796,2.4602059476151252,1.10409226571554
p020,Q95,fairness_qp,0.3,1.5,1.6,1.02088566498576,2.6150022816859297,-1.5941166167001697,2.245948462968675,1.1643198073340661
p020,Q95,fairness_qp,0.3,1.6,1.7,0.8578572458483175,2.4798880960078677,-1.6220308501595504,2.0999635312327207,1.180919601280944
p020,Q95,fairness_qp,0.3,1.7,1.8,0.10889237543770108,1.5001819591899321,-1.391289583752231,1.6333856315655024,0.918449342395707
p020,Q95,max_export_lp,0.05,1.0,1.1,1.1295703124998835,4.692591655497235,-3.5630213429973523,4.89480468749677,0.9586882327468418
p020,Q95,max_export_lp,0.1,1.0,1.1,1.8826171874990054,4.433789925696055,-2.5511727381970495,4.141757812497648,1.070509220099062
p020,Q95,max_export_lp,0.1,1.1,1.2,0.3765234374984022,5.17456529757189,-4.7980418600734875,5.647851562461975,0.9162006544159645
p020,Q95,max_export_lp,0.2,1.0,1.1,1.8826171874990125,3.3985830064910614,-1.5159658189920489,4.141757812497642,0.8205653638742298
p020,Q95,max_export_lp,0.2,1.1,1.2,1.8826171874876187,4.730730745322272,-2.848113557834653,4.1417578124727585,1.1422036148699573
p020,Q95,max_export_lp,0.2,1.2,1.3,0.33420522095611166,4.827547166601325,-4.493341945645213,5.013078314169202,0.9629905746647757
p020,Q95,max_export_lp,0.2,1.4,1.5,4.810197802573857e-06,7.178017758652233e-05,-6.696997978394847e-05,7.215296701085228e-05,0.9948333458792641
p020,Q95,max_export_lp,0.2,1.5,1.6,6.796306017964326e-07,9.901572256554303e-06,-9.22194165475787e-06,1.0194459013068702e-05,0.9712700049959556
p020,Q95,max_export_lp,0.2,1.7,1.8,1.4044873319907225e-06,2.059579853885829e-05,-1.9191311206867567e-05,2.106730996598305e-05,0.9776188118992838
p020,Q95,max_export_lp,0.2,1.9,2.0,2.7465411889249225e-07,4.0256316474751586e-06,-3.7509775285826663e-06,4.119811755631808e-06,0.9771397059518788
p020,Q95,max_export_lp,0.3,1.0,1.1,1.8826171874990125,3.3730398487505573,-1.4904226612515448,4.141757812497642,0.8143981375667358
p020,Q95,max_export_lp,0.3,1.1,1.2,1.8826171874876187,3.756765876285269,-1.87414868879765,4.1417578124727585,0.9070462461546882
p020,Q95,max_export_lp,0.3,1.2,1.3,1.671026104726657,3.6713087055767133,-2.0002826008500563,3.6762574303986564,0.9986538688011828
p020,Q95,max_export_lp,0.3,1.4,1.5,2.405098900593039e-05,5.2605558159557475e-05,-2.8554569153627085e-05,5.291217580749574e-05,0.9942051589589928
p020,Q95,max_export_lp,0.3,1.5,1.6,3.3981530020432693e-06,6.4556445952823616e-06,-3.0574915932390923e-06,7.475936612821865e-06,0.8635231850695984
p020,Q95,max_export_lp,0.3,1.7,1.8,7.022436653014719e-06,1.3875223657533464e-05,-6.8527870045187456e-06,1.5449360644959054e-05,0.8981098944091765
p020,Q95,max_export_lp,0.3,1.9,2.0,1.3732705875235673e-06,2.7054684950678087e-06,-1.3321979075442414e-06,3.021195287000733e-06,0.8954960663114367
p020,Q95,weighted_proportional,0.0,1.1,1.2,3.9790378847181715,5.490672427520736,-1.5116345428025646,0.9036084787454601,6.076384359677327
p020,Q95,weighted_proportional,0.05,1.0,1.1,4.808428375271297,5.068269021323631,-0.2598406460523339,0.12783356970511722,39.6474027363467
p020,Q95,weighted_proportional,0.05,1.1,1.2,3.259678791531245,5.490672427520465,-2.23099363598922,1.6229675719323864,3.383106675990449
p020,Q95,weighted_proportional,0.05,1.2,1.3,0.8287231723188917,5.8979754136900056,-5.069252241371114,3.996531499765213,1.4757735336344773
p020,Q95,weighted_proportional,0.05,1.3,1.4,0.01846949057315167,6.28940196521887,-6.2709324746457185,4.745868670408028,1.3252372541269954
p020,Q95,weighted_proportional,0.1,1.0,1.1,4.116411294594932,4.751502207490751,-0.6350909128958193,0.8198506503814817,5.795570455765141
p020,Q95,weighted_proportional,0.1,1.1,1.2,3.017966195351697,5.147505400800702,-2.1295392054490048,1.8646801681119345,2.760529922948
p020,Q95,weighted_proportional,0.1,1.2,1.3,1.5078920850262814,5.529351950334167,-4.021459865307886,3.3173625870578234,1.6667915566137022
p020,Q95,weighted_proportional,0.1,1.3,1.4,0.3716490973539391,5.8963143423926345,-5.524665245038696,4.39268906362724,1.3423017784745692
p020,Q95,weighted_proportional,0.1,1.4,1.5,0.09722179301182438,6.247767688265592,-6.150545895253767,4.602934218941139,1.357344552645558
p020,Q95,weighted_proportional,0.2,1.0,1.1,3.3936800871712802,3.4844349521599427,-0.09075486498866248,1.5425818578051338,2.258833095002024
p020,Q95,weighted_proportional,0.2,1.1,1.2,3.017966195351704,3.774837293920516,-0.7568710985688121,1.8646801681119276,2.024388610161875
p020,Q95,weighted_proportional,0.2,1.2,1.3,1.5078920850262814,4.054858096911813,-2.546966011885532,3.3173625870578234,1.2223138081834088
p020,Q95,weighted_proportional,0.2,1.3,1.4,1.4888556753066133,4.323963851087978,-2.8351081757813645,3.275482485674566,1.3200998234608123
p020,Q95,weighted_proportional,0.2,1.4,1.5,0.6826469227943777,4.581696304727906,-3.899049381933528,4.017509089158586,1.1404320943770363
p020,Q95,weighted_proportional,0.2,1.5,1.6,0.2895608100353525,4.827672731904167,-4.538111921868815,4.343412150530218,1.1114931221332136
p020,Q95,weighted_proportional,0.2,1.6,1.7,0.015932482229419342,61.172168963166904,-61.15623648093749,0.23898723344130401,255.9641704802235
p020,Q95,weighted_proportional,0.3,1.0,1.1,3.3936800871712873,3.48443495215995,-0.09075486498866248,1.5425818578051267,2.2588330950020388
p020,Q95,weighted_proportional,0.3,1.1,1.2,3.017966195351697,3.774837293920509,-0.7568710985688121,1.8646801681119345,2.0243886101618633
p020,Q95,weighted_proportional,0.3,1.2,1.3,1.5078920850262814,4.054858096911813,-2.546966011885532,3.3173625870578234,1.2223138081834088
p020,Q95,weighted_proportional,0.3,1.3,1.4,1.4888556753066204,4.323963851087763,-2.8351081757811425,3.2754824856745595,1.3200998234607495
p020,Q95,weighted_proportional,0.3,1.4,1.5,1.4687987537352967,4.581696304728163,-3.112897550992866,3.231357258217667,1.4178860270174236
p020,Q95,weighted_proportional,0.3,1.5,1.6,1.009502729094426,4.827672731904133,-3.8181700028097065,3.6234702314711447,1.3323340398864203
p020,Q95,weighted_proportional,0.3,1.6,1.7,0.015932482229419342,54.47211896360693,-54.456186481377514,0.23898723344130401,227.92899093074547
p021,Q0,equal_kw_reduction,0.05,1.1,1.2,0.7799631442467342,4.7995858691348285,-4.0196227248880945,6.266009113733789,0.7659717344832988
p021,Q0,equal_kw_reduction,0.1,1.1,1.2,1.7872687815211759,4.272662360828836,-2.48539357930766,5.258703476459347,0.8124934938726746
p021,Q0,equal_kw_reduction,0.1,1.2,1.3,0.34817873772556573,4.706639780534469,-4.358461042808903,6.67917786686277,0.7046735203572579
p021,Q0,equal_kw_reduction,0.2,1.1,1.2,2.201866330618918,3.7915582880276855,-1.5896919574087676,4.844105927361605,0.7827158086307164
p021,Q0,equal_kw_reduction,0.2,1.2,1.3,1.8319247386890254,4.176669617579051,-2.344744878890026,5.195431865899311,0.8039119221239339
p021,Q0,equal_kw_reduction,0.2,1.3,1.4,0.4380084889364366,4.574299537041304,-4.136291048104868,6.570127334046452,0.6962269229299785
p021,Q0,equal_kw_reduction,0.2,1.4,1.5,0.07339796100236384,0.8077596781863594,-0.7343617171839956,1.1009694150354439,0.7336803976160909
p021,Q0,equal_kw_reduction,0.3,1.1,1.2,2.201866330618918,3.665554840389218,-1.4636885097703,4.844105927361605,0.7567041050206146
p021,Q0,equal_kw_reduction,0.3,1.2,1.3,2.1960489389338536,4.037867908233545,-1.8418189692996911,4.831307665654483,0.8357712213069226
p021,Q0,equal_kw_reduction,0.3,1.3,1.4,1.8811967886916137,4.435437751344279,-2.554240962652665,5.126939034291275,0.8651239505049846
p021,Q0,equal_kw_reduction,0.3,1.4,1.5,0.07339796100236384,0.7833560625312153,-0.7099581015288514,1.1009694150354439,0.7115148266911634
p021,Q0,fairness_qp,0.0,1.1,1.2,2.5350597770526644,4.240734036435725,-1.705674259383061,3.090814400265887,1.372044221118847
p021,Q0,fairness_qp,0.05,1.1,1.2,2.7087330968067898,4.218512939264937,-1.5097798424581477,2.917141080511762,1.4461120744029534
p021,Q0,fairness_qp,0.05,1.2,1.3,0.3896048749169184,4.395893823316968,-4.00628894840005,5.04504942387865,0.8713281979975909
p021,Q0,fairness_qp,0.1,1.1,1.2,2.7087330968067898,3.986255560385829,-1.2775224635790394,2.917141080511762,1.3664939234569038
p021,Q0,fairness_qp,0.1,1.2,1.3,1.374274793608257,4.155070084851789,-2.780795291243532,4.060379505187312,1.0233206229968175
p021,Q0,fairness_qp,0.1,1.3,1.4,0.3160007747161492,4.20314830641387,-3.887147531697721,4.740011620742293,0.8867379750760296
p021,Q0,fairness_qp,0.1,1.4,1.5,0.05481368159250544,4.101539478231955,-4.04672579663945,4.543090965770102,0.9028081341833094
p021,Q0,fairness_qp,0.2,1.1,1.2,2.7087330968067898,3.313312131271215,-0.6045790344644253,2.917141080511762,1.1358079845387359
p021,Q0,fairness_qp,0.2,1.2,1.3,1.698329468373616,3.4547759459985783,-1.7564464776249622,3.7363248304219527,0.9246455013410656
p021,Q0,fairness_qp,0.2,1.3,1.4,1.5800038735807598,3.487482564259292,-1.9074786906785324,3.4760085218776826,1.0033009246983697
p021,Q0,fairness_qp,0.2,1.4,1.5,0.5066237668301943,3.398413393757349,-2.891789626927155,4.0912808805324135,0.830647783174227
p021,Q0,fairness_qp,0.2,1.5,1.6,0.2623290939928469,3.2758837168464225,-3.013554622853576,3.93493640989262,0.8325124920978884
p021,Q0,fairness_qp,0.2,1.6,1.7,0.10755304704393454,1.3752112232529312,-1.2676581762089967,1.6132957056592123,0.8524235317982224
p021,Q0,fairness_qp,0.3,1.1,1.2,2.7087330968067964,2.9155046500493538,-0.20677155324255736,2.917141080511755,0.9994390293725136
p021,Q0,fairness_qp,0.3,1.2,1.3,1.698329468373616,3.0379553842811435,-1.3396259159075274,3.7363248304219527,0.8130865281159346
p021,Q0,fairness_qp,0.3,1.3,1.4,1.5800038735807598,3.0795566327313506,-1.4995527591505908,3.4760085218776826,0.8859462263538481
p021,Q0,fairness_qp,0.3,1.4,1.5,1.436845202300821,3.0093348581448214,-1.5724896558440005,3.161059445061787,0.9520019823879017
p021,Q0,fairness_qp,0.3,1.5,1.6,1.1394201585222112,2.9019356511106458,-1.7625154925884345,3.0578453453632553,0.9490132179218866
p021,Q0,fairness_qp,0.3,1.6,1.7,0.10755304704394841,1.2134592640448556,-1.105906217000907,1.6132957056591986,0.75216171455005
p021,Q0,max_export_lp,0.05,1.0,1.1,1.35548437499948,4.692591491631856,-3.3371071166323762,5.873765624989424,0.7989068327254384
p021,Q0,max_export_lp,0.1,1.0,1.1,2.259140624996631,4.433790259433662,-2.1746496344370314,4.970109374992274,0.8920910838990449
p021,Q0,max_export_lp,0.1,1.1,1.2,0.4518281250033701,5.17456761501027,-4.7227394900069,6.777421875004977,0.7635008872760293
p021,Q0,max_export_lp,0.2,1.0,1.1,2.259140624996631,3.398585330641829,-1.1394447056451984,4.970109374992274,0.6838049375215435
p021,Q0,max_export_lp,0.2,1.1,1.2,2.259140625002612,4.730741016043163,-2.4716003910405515,4.970109375005735,0.9518384122155671
p021,Q0,max_export_lp,0.2,1.2,1.3,0.4518281250006778,5.470344734193403,-5.018516609192725,6.7774218749980655,0.8071424259973434
p021,Q0,max_export_lp,0.2,1.3,1.4,0.15060937499901395,1.9472655630081852,-1.7966561880091714,2.259140624985334,0.8619496907240233
p021,Q0,max_export_lp,0.3,1.0,1.1,2.259140624996631,3.3730425024499358,-1.113901877453305,4.970109374992274,0.6786656485714018
p021,Q0,max_export_lp,0.3,1.1,1.2,2.259140625002612,3.756776331599834,-1.4976357065972223,4.970109375005735,0.7558739754284581
p021,Q0,max_export_lp,0.3,1.2,1.3,2.2591406249996004,4.161604885974002,-1.9024642609744014,4.970109374999144,0.8373266203975077
p021,Q0,max_export_lp,0.3,1.3,1.4,0.1506093750000964,1.4814014236057411,-1.3307920486056446,2.2591406249842514,0.655736702364895
p021,Q0,weighted_proportional,0.0,1.1,1.2,4.774845461585228,5.451951185109202,-0.6771057235239741,1.0843301744866418,5.027943806590404
p021,Q0,weighted_proportional,0.05,1.1,1.2,3.9116145497632147,5.451951185109355,-1.54033663534614,1.9475610863086552,2.799373649143303
p021,Q0,weighted_proportional,0.05,1.2,1.3,0.9944678067890372,5.856381791725443,-4.861913984936406,4.795837799781877,1.2211384196504314
p021,Q0,weighted_proportional,0.05,1.3,1.4,0.022163388683896224,6.245047930413264,-6.222884541729368,5.695042404569861,1.0965761950081465
p021,Q0,weighted_proportional,0.1,1.1,1.2,3.621559434366914,5.111204236039709,-1.489644801672796,2.237616201704956,2.28421846076428
p021,Q0,weighted_proportional,0.1,1.2,1.3,1.8094705020534203,5.490357929742881,-3.680887427689461,3.980835104517494,1.3791975265472225
p021,Q0,weighted_proportional,0.1,1.3,1.4,0.4459789168139716,5.854732434762533,-5.408753517948561,5.271226876439786,1.1106963467899242
p021,Q0,weighted_proportional,0.1,1.4,1.5,0.11666615160553506,6.203707281611334,-6.087041130005799,5.523521061774408,1.1231435912400447
p021,Q0,weighted_proportional,0.2,1.1,1.2,3.621559434366914,3.748216439762628,-0.1266570053957139,2.237616201704956,1.6750935378938832
p021,Q0,weighted_proportional,0.2,1.2,1.3,1.8094705020534203,4.026262481811413,-2.2167919797579927,3.980835104517494,1.0114115194679547
p021,Q0,weighted_proportional,0.2,1.3,1.4,1.7866268103917948,4.293470452159026,-2.5068436417672313,3.9305789828619626,1.092325194552593
p021,Q0,weighted_proportional,0.2,1.4,1.5,0.819176307258418,4.5493853398483335,-3.730209032589915,4.821010906121526,0.9436579647790688
p021,Q0,weighted_proportional,0.2,1.5,1.6,0.3474729720689268,4.793627080160498,-4.446154108091571,5.212094581034013,0.9197122204197422
p021,Q0,weighted_proportional,0.2,1.6,1.7,0.01911897870036927,60.74077137996474,-60.72165240126437,0.28678468050542805,211.79921909676443
p021,Q0,weighted_proportional,0.3,1.1,1.2,3.6215594343669206,3.7482164397626345,-0.1266570053957139,2.2376162017049492,1.6750935378938914
p021,Q0,weighted_proportional,0.3,1.2,1.3,1.8094705020534063,4.026262481811399,-2.2167919797579927,3.980835104517508,1.0114115194679478
p021,Q0,weighted_proportional,0.3,1.3,1.4,1.7866268103918088,4.29347045215904,-2.5068436417672313,3.930578982861949,1.0923251945526002
p021,Q0,weighted_proportional,0.3,1.4,1.5,1.7625585041812357,4.549385339848458,-2.786826835667222,3.877628709198708,1.1732390285475696
p021,Q0,weighted_proportional,0.3,1.5,1.6,1.2114032751461141,4.793627080160387,-3.582223805014273,4.348164277956826,1.1024484756617525
p021,Q0,weighted_proportional,0.3,1.6,1.7,0.01911897870036927,54.08797139499836,-54.068852416298,0.28678468050542805,188.60132730825777
p021,Q95,equal_kw_reduction,0.05,1.1,1.2,0.7799631442467342,4.7995858691348285,-4.0196227248880945,6.266009113733789,0.7659717344832988
p021,Q95,equal_kw_reduction,0.1,1.1,1.2,1.7872687815211759,4.272662360828836,-2.48539357930766,5.258703476459347,0.8124934938726746
p021,Q95,equal_kw_reduction,0.1,1.2,1.3,0.34817873772556573,4.706639780534469,-4.358461042808903,6.67917786686277,0.7046735203572579
p021,Q95,equal_kw_reduction,0.2,1.1,1.2,2.201866330618918,3.7915582880276855,-1.5896919574087676,4.844105927361605,0.7827158086307164
p021,Q95,equal_kw_reduction,0.2,1.2,1.3,1.8319247386890254,4.176669617579051,-2.344744878890026,5.195431865899311,0.8039119221239339
p021,Q95,equal_kw_reduction,0.2,1.3,1.4,0.4380084889364366,4.574299537041304,-4.136291048104868,6.570127334046452,0.6962269229299785
p021,Q95,equal_kw_reduction,0.2,1.4,1.5,0.07339796100236384,0.8077596781863594,-0.7343617171839956,1.1009694150354439,0.7336803976160909
p021,Q95,equal_kw_reduction,0.3,1.1,1.2,2.201866330618918,3.665554840389218,-1.4636885097703,4.844105927361605,0.7567041050206146
p021,Q95,equal_kw_reduction,0.3,1.2,1.3,2.1960489389338536,4.037867908233545,-1.8418189692996911,4.831307665654483,0.8357712213069226
p021,Q95,equal_kw_reduction,0.3,1.3,1.4,1.8811967886916137,4.435437751344279,-2.554240962652665,5.126939034291275,0.8651239505049846
p021,Q95,equal_kw_reduction,0.3,1.4,1.5,0.07339796100236384,0.7833560625312153,-0.7099581015288514,1.1009694150354439,0.7115148266911634
p021,Q95,fairness_qp,0.0,1.1,1.2,2.5350565193009293,4.240731518431587,-1.7056749991306575,3.0908148738044012,1.3720431962370443
p021,Q95,fairness_qp,0.05,1.1,1.2,2.7087310050832594,4.218510125921088,-1.5097791208378286,2.917140388022071,1.4461114532720152
p021,Q95,fairness_qp,0.05,1.2,1.3,0.38960472693612413,4.395886620619807,-4.006281893683683,5.045043736638444,0.8713277525615317
p021,Q95,fairness_qp,0.1,1.1,1.2,2.708731005083273,3.986252055943926,-1.2775210508606527,2.9171403880220574,1.3664930465162735
p021,Q95,fairness_qp,0.1,1.2,1.3,1.374274310522311,4.155062555438099,-2.7807882449157884,4.060374153052257,1.0233201175105164
p021,Q95,fairness_qp,0.1,1.3,1.4,0.3160010318247475,4.203154350704091,-3.887153318879344,4.740015477371351,0.8867385287600402
p021,Q95,fairness_qp,0.1,1.4,1.5,0.0548137595890591,4.101533366301272,-4.046719606712212,4.54308774046766,0.9028074297942271
p021,Q95,fairness_qp,0.2,1.1,1.2,2.708731005083273,3.31331021225266,-0.6045792071693867,2.9171403880220574,1.1358075963218286
p021,Q95,fairness_qp,0.2,1.2,1.3,1.6983276448670481,3.4547708852000203,-1.7564432403329722,3.7363208187075196,0.9246451396524097
p021,Q95,fairness_qp,0.2,1.3,1.4,1.580005159123779,3.4874858523506607,-1.9074806932268817,3.4760113500723193,1.0033010543185086
p021,Q95,fairness_qp,0.2,1.4,1.5,0.5066238821097718,3.3984093967575206,-2.891785514647749,4.091277617946948,0.8306474686171219
p021,Q95,fairness_qp,0.2,1.5,1.6,0.26232969095731085,3.2758970565095606,-3.01356736555225,3.934945364359538,0.8325139876606024
p021,Q95,fairness_qp,0.2,1.6,1.7,0.10755272485245271,1.3752071076645196,-1.2676543828120668,1.6132908727869015,0.8524235343183334
p021,Q95,fairness_qp,0.3,1.1,1.2,2.7087310050832594,2.9155029189218142,-0.20677191383855487,2.917140388022071,0.9994386731927675
p021,Q95,fairness_qp,0.3,1.2,1.3,1.698327644867062,3.037950591932084,-1.3396229470650223,3.736320818707506,0.813086118494234
p021,Q95,fairness_qp,0.3,1.3,1.4,1.580005159123779,3.0795594091731076,-1.4995542500493286,3.4760113500723193,0.885946304263085
p021,Q95,fairness_qp,0.3,1.4,1.5,1.4368442187677188,3.009331058693332,-1.5724868399256131,3.161057281289001,0.9520014320861029
p021,Q95,fairness_qp,0.3,1.5,1.6,1.139421854299369,2.901950829417785,-1.7625289751184159,3.0578532010174797,0.9490157436112958
p021,Q95,fairness_qp,0.3,1.6,1.7,0.10755272485245271,1.2134547375611122,-1.1059020127086594,1.6132908727869015,0.7521611620258614
p021,Q95,max_export_lp,0.05,1.0,1.1,1.3554843749987304,4.6925915714827875,-3.337107196484057,5.873765624980806,0.7989068463211147
p021,Q95,max_export_lp,0.1,1.0,1.1,2.2591406249936052,4.433789261662325,-2.174648636668719,4.970109374985931,0.8920908831457808
p021,Q95,max_export_lp,0.1,1.1,1.2,0.45182812500639546,5.174565885429708,-4.722737760423312,6.777421875013956,0.7635006320775999
p021,Q95,max_export_lp,0.2,1.0,1.1,2.2591406249936052,3.398580022380304,-1.139439397386699,4.970109374985931,0.6838038694852514
p021,Q95,max_export_lp,0.2,1.1,1.2,2.259140625006359,4.730733040784904,-2.471592415778545,4.970109375013992,0.9518368075695689
p021,Q95,max_export_lp,0.2,1.2,1.3,0.45182812499916514,5.470343557910374,-5.018515432911208,6.777421874987074,0.8071422524395836
p021,Q95,max_export_lp,0.2,1.3,1.4,0.15060937499913885,1.947268428823229,-1.79665905382409,2.259140624987083,0.8619509592654787
p021,Q95,max_export_lp,0.3,1.0,1.1,2.2591406249936052,3.3730372860229507,-1.1138966610293455,4.970109374985931,0.6786645990124711
p021,Q95,max_export_lp,0.3,1.1,1.2,2.259140625006359,3.7567656890953733,-1.4976250640890143,4.970109375013992,0.7558718341253399
p021,Q95,max_export_lp,0.3,1.2,1.3,2.259140624995701,4.1616005493115145,-1.9024599243158136,4.970109374990539,0.8373257478502546
p021,Q95,max_export_lp,0.3,1.3,1.4,0.1506093750026083,1.48141189970602,-1.3308025247034116,2.2591406249836132,0.6557413395709997
p021,Q95,weighted_proportional,0.0,1.1,1.2,4.774845461663194,5.451951183468099,-0.6771057218049048,1.0843301744855176,5.027943805082144
p021,Q95,weighted_proportional,0.05,1.1,1.2,3.9116145498359622,5.4519511834679175,-1.5403366336319557,1.947561086312749,2.7993736482946017
p021,Q95,weighted_proportional,0.05,1.2,1.3,0.9944678067853735,5.856381792859758,-4.861913986074384,4.795837799722633,1.2211384199020372
p021,Q95,weighted_proportional,0.05,1.3,1.4,0.022163388687906904,6.245047931530384,-6.222884542842477,5.695042404494324,1.0965761952188477
p021,Q95,weighted_proportional,0.1,1.1,1.2,3.621559434420163,5.1112042345011215,-1.4896448000809581,2.2376162017285486,2.2842184600525948
p021,Q95,weighted_proportional,0.1,1.2,1.3,1.8094705020337554,5.490357930806128,-3.6808874287723725,3.9808351044742505,1.3791975268292958
p021,Q95,weighted_proportional,0.1,1.3,1.4,0.44597891682550406,5.854732435809681,-5.408753518984177,5.271226876356727,1.110696347006079
p021,Q95,weighted_proportional,0.1,1.4,1.5,0.11666615161401439,6.203707267757569,-6.0870411161435545,5.5235210627007785,1.123143588543538
p021,Q95,weighted_proportional,0.2,1.1,1.2,3.621559434420163,3.7482164386341554,-0.1266570042139925,2.2376162017285486,1.675093537371903
p021,Q95,weighted_proportional,0.2,1.2,1.3,1.8094705020337554,4.026262482591108,-2.2167919805573533,3.9808351044742505,1.011411519674804
p021,Q95,weighted_proportional,0.2,1.3,1.4,1.7866268103694378,4.293470452926925,-2.506843642557488,3.9305789828127935,1.0923251947616228
p021,Q95,weighted_proportional,0.2,1.4,1.5,0.8191763073507469,4.549385329689085,-3.7302090223383377,4.821010906964046,0.9436579625068691
p021,Q95,weighted_proportional,0.2,1.5,1.6,0.34747297204260064,4.793627084944768,-4.4461541129021676,5.21209458063912,0.9197122214073409
p021,Q95,weighted_proportional,0.2,1.6,1.7,0.0191189786767354,60.74077143646056,-60.721652457783826,0.28678468015098935,211.79921955552555
p021,Q95,weighted_proportional,0.3,1.1,1.2,3.62155943442017,3.7482164386341625,-0.1266570042139925,2.2376162017285415,1.6750935373719111
p021,Q95,weighted_proportional,0.3,1.2,1.3,1.8094705020337554,4.026262482591108,-2.2167919805573533,3.9808351044742505,1.011411519674804
p021,Q95,weighted_proportional,0.3,1.3,1.4,1.7866268103694378,4.2934704529271475,-2.50684364255771,3.9305789828127935,1.0923251947616792
p021,Q95,weighted_proportional,0.3,1.4,1.5,1.7625585044733771,4.54938532968896,-2.7868268252155826,3.877628709841416,1.1732390257330791
p021,Q95,weighted_proportional,0.3,1.5,1.6,1.2114032749199755,4.793627084944685,-3.5822238100247095,4.348164277761746,1.1024484768115166
p021,Q95,weighted_proportional,0.3,1.6,1.7,0.0191189786767354,54.087971437445425,-54.06885245876869,0.28678468015098935,188.60132768936134
p022,Q0,equal_kw_reduction,0.05,1.1,1.2,0.9297819554789505,4.7276201307417525,-3.797838175262802,4.914063397523746,0.9620592467577963
p022,Q0,equal_kw_reduction,0.1,1.0,1.1,3.790191272896974,3.791731879027864,-0.001540606130889799,2.071535710844459,1.8303965793001797
p022,Q0,equal_kw_reduction,0.1,1.1,1.2,1.7115033989458308,4.208597395624687,-2.4970939966788563,4.132341954056866,1.0184533231798396
p022,Q0,equal_kw_reduction,0.1,1.2,1.3,0.34784886903312107,4.636496665573156,-4.288647796540035,5.477641555499929,0.8464403189941836
p022,Q0,equal_kw_reduction,0.2,1.1,1.2,1.826201672813346,3.7347070722565516,-1.9085053994432055,4.017643680189351,0.9295764805306318
p022,Q0,equal_kw_reduction,0.2,1.2,1.3,1.7554886276658008,4.114424654972658,-2.358936027306857,4.070001796867249,1.0109147023324663
p022,Q0,equal_kw_reduction,0.2,1.3,1.4,0.36291112146603216,4.505676607243554,-4.142765485777522,5.443666821990469,0.8276914724174945
p022,Q0,equal_kw_reduction,0.2,1.4,1.5,0.12287584603377921,1.6202140664035718,-1.4973382203697927,1.8431376905066188,0.8790521048691851
p022,Q0,equal_kw_reduction,0.3,1.1,1.2,1.8262016728133392,3.6105929399460406,-1.7843912671327011,4.017643680189358,0.8986842107849314
p022,Q0,equal_kw_reduction,0.3,1.2,1.3,1.8204657576665826,3.9776915093390137,-2.1572257516724314,4.0050246668664675,0.993175283599729
p022,Q0,equal_kw_reduction,0.3,1.3,1.4,1.8040277414652501,4.368370101903704,-2.564342360438454,4.002550201991251,1.0913967049633655
p022,Q0,equal_kw_reduction,0.3,1.4,1.5,0.12287584603377921,1.5712650009532951,-1.448389154919516,1.8431376905066188,0.8524946394652726
p022,Q0,fairness_qp,0.05,1.1,1.2,3.1304207252189213,3.8573616192291853,-0.726940894010264,1.2848373752255005,3.00221778538485
p022,Q0,fairness_qp,0.05,1.2,1.3,0.9159324396791069,4.000070399769212,-3.0841379600901053,3.3275925564520277,1.2020914014888286
p022,Q0,fairness_qp,0.05,1.3,1.4,0.08571943834703027,4.0112118119539835,-3.9254923736069536,3.7967284527989156,1.0564916247821077
p022,Q0,fairness_qp,0.1,1.1,1.2,2.881987822686907,3.641253929298274,-0.7592661066113671,1.5332702777575147,2.374828484005959
p022,Q0,fairness_qp,0.1,1.2,1.3,1.3261015612909821,3.7811797822845383,-2.455078220993556,2.917423434840152,1.296068214551691
p022,Q0,fairness_qp,0.1,1.3,1.4,0.5855307465847461,3.7812671666182034,-3.195736420033457,3.2969171445611996,1.1469099770541755
p022,Q0,fairness_qp,0.1,1.4,1.5,0.2195898826504103,3.702570708747847,-3.482980826097437,3.358717399833448,1.102376374068104
p022,Q0,fairness_qp,0.2,1.1,1.2,2.881987822686907,3.0084654849766994,-0.1264776622897923,1.5332702777575147,1.9621233963895344
p022,Q0,fairness_qp,0.2,1.2,1.3,1.3261015612909752,3.1407925500460605,-1.8146909887550855,2.9174234348401593,1.076563831132089
p022,Q0,fairness_qp,0.2,1.3,1.4,1.2132649659831116,3.1302918652230045,-1.9170268992398931,2.6691829251628345,1.1727528434687706
p022,Q0,fairness_qp,0.2,1.4,1.5,1.1020037357568762,3.064232319123797,-1.9622285833669206,2.4763035467269825,1.237421932046215
p022,Q0,fairness_qp,0.2,1.5,1.6,0.20416868404395105,2.948775722812394,-2.744607038768443,3.062530260659238,0.9628560281319939
p022,Q0,fairness_qp,0.2,1.6,1.7,0.18485100641420227,2.795522293073352,-2.6106712866591497,2.772765096213048,1.0082074016624722
p022,Q0,fairness_qp,0.2,1.7,1.8,0.10895723569821769,1.6951400464059878,-1.5861828107077702,1.6343585354732375,1.0371898268424624
p022,Q0,fairness_qp,0.3,1.2,1.3,1.3261015612909752,2.764199024209872,-1.438097462918897,2.9174234348401593,0.947479543490168
p022,Q0,fairness_qp,0.3,1.3,1.4,1.2132649659831116,2.7730953342797666,-1.5598303682966552,2.6691829251628345,1.038930418794955
p022,Q0,fairness_qp,0.3,1.4,1.5,1.118221025776203,2.716142328524587,-1.597921302748384,2.4600862567076556,1.1040841844950644
p022,Q0,fairness_qp,0.3,1.5,1.6,1.0208434202197483,2.6148717042782725,-1.594028284058524,2.245855524483441,1.1643098479719471
p022,Q0,fairness_qp,0.3,1.6,1.7,0.8580527302190846,2.4796868102074723,-1.6216340799883877,2.0995633724081655,1.181048804144126
p022,Q0,fairness_qp,0.3,1.7,1.8,0.10895723569821075,1.5010828386858368,-1.392125602987626,1.6343585354732446,0.9184538191010724
p022,Q0,max_export_lp,0.05,1.0,1.1,1.1295703124995573,4.69259124205696,-3.5630209295574033,4.894804687480901,0.9586881482848278
p022,Q0,max_export_lp,0.1,1.0,1.1,1.8826171874943634,4.433788800800566,-2.5511716133062023,4.141757812486095,1.0705089485034807
p022,Q0,max_export_lp,0.1,1.1,1.2,0.37652343750482764,5.174568727373652,-4.798045289868824,5.647851562489315,0.9162012616870084
p022,Q0,max_export_lp,0.2,1.0,1.1,1.8826171874943565,3.3985790357757564,-1.5159618482813997,4.141757812486102,0.8205644051735969
p022,Q0,max_export_lp,0.2,1.1,1.2,1.8826171874981728,4.730745029169384,-2.848127841671211,4.141757812495969,1.142207063603864
p022,Q0,max_export_lp,0.2,1.2,1.3,0.33343292590309187,4.815751802930639,-4.482318877027547,5.001493888439866,0.9628626787011497
p022,Q0,max_export_lp,0.2,1.5,1.6,9.55620521603251e-06,0.00014108992379968655,-0.00013153371858365404,0.00014334307825436543,0.9842813864323423
p022,Q0,max_export_lp,0.2,1.9,2.0,5.087582022333947e-07,7.508205224215914e-06,-6.999447021982519e-06,7.631373047378709e-06,0.9838603325511518
p022,Q0,max_export_lp,0.3,1.0,1.1,1.8826171874943565,3.3730374017170996,-1.490420214222743,4.141757812486102,0.814397546748979
p022,Q0,max_export_lp,0.3,1.1,1.2,1.8826171874981728,3.756772869706118,-1.8741556822079453,4.141757812495969,0.9070479346647636
p022,Q0,max_export_lp,0.3,1.2,1.3,1.6671646294821736,3.6619265551250253,-1.9947619256428517,3.667762184860784,0.9984089399907533
p022,Q0,max_export_lp,0.3,1.5,1.6,4.778102608710144e-05,9.806285434371675e-05,-5.028182825661531e-05,0.0001051182573832965,0.932881278521833
p022,Q0,max_export_lp,0.3,1.9,2.0,2.5437910111669737e-06,5.2093212521420185e-06,-2.6655302409750448e-06,5.59634023844513e-06,0.930844271467912
p022,Q0,weighted_proportional,0.0,1.1,1.2,3.979037884654757,5.490672429319831,-1.5116345446650747,0.9036084787385212,6.076384361715
p022,Q0,weighted_proportional,0.05,1.0,1.1,4.808428375355243,5.068269018993508,-0.259840643638265,0.12783356970907933,39.64740271689007
p022,Q0,weighted_proportional,0.05,1.1,1.2,3.259678791469621,5.490672429320019,-2.230993637850398,1.6229675719236571,3.3831066771174494
p022,Q0,weighted_proportional,0.05,1.2,1.3,0.8287231723244428,5.897975412346636,-5.069252240022193,3.9965314998206547,1.4757735332778708
p022,Q0,weighted_proportional,0.05,1.3,1.4,0.01846949056977243,6.289401964193198,-6.270932473623425,4.745868670466197,1.3252372538946333
p022,Q0,weighted_proportional,0.1,1.0,1.1,4.11641129466149,4.751502205306443,-0.6350909106449532,0.8198506504028327,5.795570452949934
p022,Q0,weighted_proportional,0.1,1.1,1.2,3.017966195305935,5.147505402487554,-2.129539207181619,1.864680168087343,2.760529923889039
p022,Q0,weighted_proportional,0.1,1.2,1.3,1.5078920850453426,5.5293519490749174,-4.021459864029575,3.317362587099755,1.6667915562130402
p022,Q0,weighted_proportional,0.1,1.3,1.4,0.371649097343843,5.8963143414310775,-5.524665244087235,4.392689063692126,1.3423017782358422
p022,Q0,weighted_proportional,0.1,1.4,1.5,0.09722179300502426,6.247767702641953,-6.150545909636929,4.602934218144624,1.3573445560037436
p022,Q0,weighted_proportional,0.2,1.0,1.1,3.393680087231718,3.4844349505579326,-0.09075486332621452,1.5425818578326047,2.258833093923273
p022,Q0,weighted_proportional,0.2,1.1,1.2,3.017966195305935,3.7748372951574987,-0.7568710998515638,1.864680168087343,2.02438861085194
p022,Q0,weighted_proportional,0.2,1.2,1.3,1.5078920850453426,4.054858095988295,-2.5469660109429526,3.317362587099755,1.2223138078895694
p022,Q0,weighted_proportional,0.2,1.3,1.4,1.4888556753237387,4.323963850383014,-2.8351081750592755,3.2754824857122307,1.3200998232304084
p022,Q0,weighted_proportional,0.2,1.4,1.5,0.6826469227169605,4.58169631527066,-3.8990493925536995,4.017509088432687,1.1404320972072957
p022,Q0,weighted_proportional,0.2,1.5,1.6,0.2895608100577929,4.827672726962579,-4.538111916904786,4.3434121508669215,1.1114931209093297
p022,Q0,weighted_proportional,0.2,1.6,1.7,0.01593248225038174,61.17216889199659,-61.156236409746214,0.2389872337556706,255.9641698457256
p022,Q0,weighted_proportional,0.3,1.0,1.1,3.3936800872317248,3.4844349505579393,-0.09075486332621452,1.5425818578325978,2.2588330939232875
p022,Q0,weighted_proportional,0.3,1.1,1.2,3.0179661953059282,3.774837295157492,-0.7568710998515638,1.8646801680873502,2.0243886108519287
p022,Q0,weighted_proportional,0.3,1.2,1.3,1.5078920850453426,4.054858095988295,-2.5469660109429526,3.317362587099755,1.2223138078895694
p022,Q0,weighted_proportional,0.3,1.3,1.4,1.4888556753237456,4.323963850383021,-2.8351081750592755,3.2754824857122236,1.3200998232304133
p022,Q0,weighted_proportional,0.3,1.4,1.5,1.4687987534842615,4.581696315270493,-3.112897561786232,3.2313572576653864,1.4178860305222671
p022,Q0,weighted_proportional,0.3,1.5,1.6,1.0095027292904846,4.827672726962745,-3.8181699976722605,3.6234702316342293,1.3323340384627378
p022,Q0,weighted_proportional,0.3,1.6,1.7,0.01593248225038174,54.47211891032609,-54.4561864280757,0.2389872337556706,227.9289904079807
p022,Q95,equal_kw_reduction,0.05,1.1,1.2,0.9297819554789505,4.7276201307417525,-3.797838175262802,4.914063397523746,0.9620592467577963
p022,Q95,equal_kw_reduction,0.1,1.0,1.1,3.790191272896974,3.791731879027864,-0.001540606130889799,2.071535710844459,1.8303965793001797
p022,Q95,equal_kw_reduction,0.1,1.1,1.2,1.7115033989458308,4.208597395624687,-2.4970939966788563,4.132341954056866,1.0184533231798396
p022,Q95,equal_kw_reduction,0.1,1.2,1.3,0.34784886903312107,4.636496665573156,-4.288647796540035,5.477641555499929,0.8464403189941836
p022,Q95,equal_kw_reduction,0.2,1.1,1.2,1.826201672813346,3.7347070722565516,-1.9085053994432055,4.017643680189351,0.9295764805306318
p022,Q95,equal_kw_reduction,0.2,1.2,1.3,1.7554886276658008,4.114424654972658,-2.358936027306857,4.070001796867249,1.0109147023324663
p022,Q95,equal_kw_reduction,0.2,1.3,1.4,0.36291112146603216,4.505676607243554,-4.142765485777522,5.443666821990469,0.8276914724174945
p022,Q95,equal_kw_reduction,0.2,1.4,1.5,0.12287584603377921,1.6202140664035718,-1.4973382203697927,1.8431376905066188,0.8790521048691851
p022,Q95,equal_kw_reduction,0.3,1.1,1.2,1.8262016728133392,3.6105929399460406,-1.7843912671327011,4.017643680189358,0.8986842107849314
p022,Q95,equal_kw_reduction,0.3,1.2,1.3,1.8204657576665826,3.9776915093390137,-2.1572257516724314,4.0050246668664675,0.993175283599729
p022,Q95,equal_kw_reduction,0.3,1.3,1.4,1.8040277414652501,4.368370101903704,-2.564342360438454,4.002550201991251,1.0913967049633655
p022,Q95,equal_kw_reduction,0.3,1.4,1.5,0.12287584603377921,1.5712650009532951,-1.448389154919516,1.8431376905066188,0.8524946394652726
p022,Q95,fairness_qp,0.05,1.1,1.2,3.1304188518620144,3.8573585776547556,-0.7269397257927412,1.2848394647209729,3.002210535689339
p022,Q95,fairness_qp,0.05,1.2,1.3,0.9159311879976471,4.000063507141154,-3.0841323191435066,3.3275870675456427,1.2020913129980142
p022,Q95,fairness_qp,0.05,1.3,1.4,0.08571965203509058,4.011216548538546,-3.9254968965034553,3.7967329073745892,1.0564916327791598
p022,Q95,fairness_qp,0.1,1.1,1.2,2.8819867256900804,3.641251592082631,-0.7592648663925505,1.5332715908929067,2.3748249258059584
p022,Q95,fairness_qp,0.1,1.2,1.3,1.3260994548572742,3.781171511839973,-2.455072056982699,2.9174188006860153,1.2960674384325113
p022,Q95,fairness_qp,0.1,1.3,1.4,0.5855318931034734,3.7812731211820036,-3.1957412280785302,3.2969206663062063,1.1469105580324608
p022,Q95,fairness_qp,0.1,1.4,1.5,0.21958980457198463,3.702572157292472,-3.4829823527204873,3.358718955466328,1.1023762947675397
p022,Q95,fairness_qp,0.2,1.1,1.2,2.8819867256900804,3.008463851335144,-0.12647712564506364,1.5332715908929067,1.962120650512512
p022,Q95,fairness_qp,0.2,1.2,1.3,1.326099454857281,3.1407873661562986,-1.8146879112990177,2.9174188006860087,1.0765637643171995
p022,Q95,fairness_qp,0.2,1.3,1.4,1.2132664248155205,3.130295486039561,-1.9170290612240404,2.669186134594159,1.172752789874473
p022,Q95,fairness_qp,0.2,1.4,1.5,1.1020035157903452,3.0642335607982965,-1.962230045007951,2.476305244247967,1.2374215852088453
p022,Q95,fairness_qp,0.2,1.5,1.6,0.20416779964869264,2.9487638298239873,-2.7445960301752947,3.062516994730376,0.9628563155397597
p022,Q95,fairness_qp,0.2,1.6,1.7,0.18485191811494495,2.7955304524045905,-2.6106785342896455,2.7727787717242713,1.0082053717780632
p022,Q95,fairness_qp,0.2,1.7,1.8,0.10895703884672425,1.6951388701308412,-1.586181831284117,1.6343555827007665,1.0371909810040423
p022,Q95,fairness_qp,0.3,1.2,1.3,1.326099454857281,2.764194646457489,-1.4380951916002083,2.9174188006860087,0.9474795479509182
p022,Q95,fairness_qp,0.3,1.3,1.4,1.2132664248155276,2.7730982867782625,-1.559831861962735,2.669186134594152,1.0389302757261287
p022,Q95,fairness_qp,0.3,1.4,1.5,1.118221487511971,2.7161434196260257,-1.5979219321140548,2.4600872725263416,1.1040841721183055
p022,Q95,fairness_qp,0.3,1.5,1.6,1.0208389982434563,2.614861920525846,-1.5940229222823898,2.245845796135612,1.164310535044389
p022,Q95,fairness_qp,0.3,1.6,1.7,0.8580564977985552,2.4796949357942313,-1.621638437995676,2.099574192040661,1.181046588015123
p022,Q95,fairness_qp,0.3,1.7,1.8,0.10895703884671731,1.501080048691976,-1.3921230098452586,1.6343555827007736,0.9184537713705119
p022,Q95,max_export_lp,0.05,1.0,1.1,1.129570312498121,4.692591445495012,-3.563021132996891,4.894804687470278,0.9586881898489451
p022,Q95,max_export_lp,0.1,1.0,1.1,1.8826171874901791,4.433788303254818,-2.551171115764639,4.14175781247822,1.07050882837639
p022,Q95,max_export_lp,0.1,1.1,1.2,0.37652343750985834,5.174566957504213,-4.798043519994355,5.647851562520838,0.9162009483115061
p022,Q95,max_export_lp,0.2,1.0,1.1,1.8826171874901791,3.398575734293821,-1.5159585468036418,4.14175781247822,0.8205636080542055
p022,Q95,max_export_lp,0.2,1.1,1.2,1.8826171875095943,4.73073798959478,-2.8481208020851856,4.141757812521102,1.142205363938256
p022,Q95,max_export_lp,0.2,1.2,1.3,0.3334324298568045,4.815742898784801,-4.482310468927997,5.0014864478478485,0.9628623308290732
p022,Q95,max_export_lp,0.2,1.4,1.5,2.1236567088189773e-06,3.121107318426741e-05,-2.9087416475448435e-05,3.185485068779581e-05,0.9797902834378991
p022,Q95,max_export_lp,0.2,1.6,1.7,6.610988423361164e-07,1.0063879618549265e-05,-9.402780776213149e-06,9.916482593408382e-06,1.0148638414631876
p022,Q95,max_export_lp,0.2,1.7,1.8,9.792105522266059e-06,0.00014453690150989518,-0.00013474479598762912,0.0001468815829311354,0.9840369270643038
p022,Q95,max_export_lp,0.2,1.8,1.9,7.237630848810905e-06,0.00010688184439583415,-9.964421354702324e-05,0.00010856446269053022,0.9845012055234642
p022,Q95,max_export_lp,0.3,1.0,1.1,1.8826171874901863,3.373033620411657,-1.4904164329214709,4.141757812478213,0.8143966337793684
p022,Q95,max_export_lp,0.3,1.1,1.2,1.8826171875095874,3.7567716979446315,-1.8741545104350443,4.141757812521109,0.9070476517452057
p022,Q95,max_export_lp,0.3,1.2,1.3,1.667162149282704,3.661915711527804,-1.9947535622450996,3.6677567284219488,0.9984074688354103
p022,Q95,max_export_lp,0.3,1.4,1.5,1.0618283564911568e-05,2.120496909313596e-05,-1.0586685528224393e-05,2.336022383170322e-05,0.9077382668036654
p022,Q95,max_export_lp,0.3,1.6,1.7,3.305494197802794e-06,8.055507469406642e-06,-4.750013271603848e-06,7.2720872379417045e-06,1.1077297625608074
p022,Q95,max_export_lp,0.3,1.7,1.8,4.8960527646024765e-05,0.00010032332210807571,-5.136279446205094e-05,0.0001077131608073767,0.9313933539419921
p022,Q95,max_export_lp,0.3,1.8,1.9,3.618815423017674e-05,7.436074776073776e-05,-3.8172593530561016e-05,7.961393930916438e-05,0.9340166860978084
p022,Q95,weighted_proportional,0.0,1.1,1.2,3.9790378847184007,5.4906724276029,-1.511634542884499,0.9036084787417618,6.076384359793125
p022,Q95,weighted_proportional,0.05,1.0,1.1,4.808428375271082,5.068269021328967,-0.25984064605788504,0.12783356970510334,39.64740273639274
p022,Q95,weighted_proportional,0.05,1.1,1.2,3.259678791530302,5.490672427602789,-2.230993636072487,1.6229675719298606,3.3831066760464377
p022,Q95,weighted_proportional,0.05,1.2,1.3,0.8287231723201269,5.897975413574668,-5.06925224125454,3.996531499768953,1.4757735336042366
p022,Q95,weighted_proportional,0.05,1.3,1.4,0.018469490573075342,6.289401965249214,-6.270932474676139,4.745868670406702,1.3252372541337594
p022,Q95,weighted_proportional,0.1,1.0,1.1,4.116411294594773,4.751502207495699,-0.6350909129009263,0.8198506503814124,5.795570455771666
p022,Q95,weighted_proportional,0.1,1.1,1.2,3.017966195350705,5.147505400877647,-2.1295392055269424,1.8646801681094574,2.7605299229929314
p022,Q95,weighted_proportional,0.1,1.2,1.3,1.5078920850278357,5.529351950226475,-4.02145986519864,3.317362587061244,1.6667915565795204
p022,Q95,weighted_proportional,0.1,1.3,1.4,0.37164909735352275,5.896314342420863,-5.5246652450673395,4.392689063626255,1.3423017784812963
p022,Q95,weighted_proportional,0.1,1.4,1.5,0.09722179301183825,6.2477676883331075,-6.150545895321269,4.602934218937309,1.3573445526613555
p022,Q95,weighted_proportional,0.2,1.0,1.1,3.3936800871711275,3.4844349521635647,-0.09075486499243723,1.5425818578050574,2.2588330950044844
p022,Q95,weighted_proportional,0.2,1.1,1.2,3.0179661953506978,3.7748372939770194,-0.7568710986263216,1.8646801681094645,2.0243886101948507
p022,Q95,weighted_proportional,0.2,1.2,1.3,1.5078920850278357,4.054858096832543,-2.5469660118047077,3.317362587061244,1.222313808158253
p022,Q95,weighted_proportional,0.2,1.3,1.4,1.4888556753061832,4.323963851108864,-2.835108175802681,3.275482485673595,1.3200998234675805
p022,Q95,weighted_proportional,0.2,1.4,1.5,0.6826469227941695,4.581696304777435,-3.899049381983266,4.017509089154977,1.1404320943903892
p022,Q95,weighted_proportional,0.2,1.5,1.6,0.28956081003547046,4.827672731875642,-4.538111921840171,4.343412150532099,1.1114931221261648
p022,Q95,weighted_proportional,0.2,1.6,1.7,0.015932482229544243,61.17216896311263,-61.15623648088309,0.238987233443122,255.96417047804923
p022,Q95,weighted_proportional,0.3,1.0,1.1,3.3936800871711275,3.4844349521635647,-0.09075486499243723,1.5425818578050574,2.2588330950044844
p022,Q95,weighted_proportional,0.3,1.1,1.2,3.0179661953506978,3.7748372939770194,-0.7568710986263216,1.8646801681094645,2.0243886101948507
p022,Q95,weighted_proportional,0.3,1.2,1.3,1.5078920850278357,4.054858096832765,-2.5469660118049298,3.317362587061244,1.22231380815832
p022,Q95,weighted_proportional,0.3,1.3,1.4,1.4888556753061832,4.323963851108642,-2.8351081758024588,3.275482485673595,1.3200998234675128
p022,Q95,weighted_proportional,0.3,1.4,1.5,1.4687987537341103,4.581696304777602,-3.112897551043492,3.231357258215037,1.4178860270338776
p022,Q95,weighted_proportional,0.3,1.5,1.6,1.0095027290955294,4.827672731875482,-3.8181700027799526,3.6234702314720395,1.3323340398781842
p022,Q95,weighted_proportional,0.3,1.6,1.7,0.015932482229544243,54.472118963561314,-54.45618648133177,0.238987233443122,227.92899092882072
p023,Q0,equal_kw_reduction,0.0,1.1,1.2,1.7603357961062938,4.749549377445483,-2.9892135813391896,1.6846624404135007,2.8192884601141257
p023,Q0,equal_kw_reduction,0.05,1.0,1.1,3.334431193951,3.9855399949918007,-0.6511088010408006,0.12763725121678338,31.225523559909842
p023,Q0,equal_kw_reduction,0.05,1.1,1.2,1.7366878724522916,4.43149919592023,-2.6948113234679383,1.7083103640675028,2.5940831883550652
p023,Q0,equal_kw_reduction,0.05,1.2,1.3,0.15128517487078552,4.885692721875168,-4.734407547004382,3.2763276635263336,1.4912100447904113
p023,Q0,equal_kw_reduction,0.1,1.0,1.1,2.782116866371372,3.5183355458182146,-0.7362186794468428,0.6799515787964117,5.174391317755378
p023,Q0,equal_kw_reduction,0.1,1.1,1.2,1.7366878724522916,3.9120172327620217,-2.17532936030973,1.7083103640675028,2.289992096897119
p023,Q0,equal_kw_reduction,0.1,1.2,1.3,0.6967164422964495,4.312967976966495,-3.6162515346700452,2.7308963961006696,1.5793231786913622
p023,Q0,equal_kw_reduction,0.1,1.3,1.4,0.13231092007433276,4.722740111203064,-4.590429191128731,3.2775340209033126,1.4409431240324522
p023,Q0,equal_kw_reduction,0.2,1.0,1.1,2.380172056052853,3.156013728091777,-0.7758416720389238,1.08189638911493,2.9171127289496046
p023,Q0,equal_kw_reduction,0.2,1.1,1.2,1.7366878724522916,3.5091536694964454,-1.7724657970441537,1.7083103640675028,2.054166352501145
p023,Q0,equal_kw_reduction,0.2,1.2,1.3,1.0711290119991002,3.8688140931597284,-2.797685081160628,2.356483826398019,1.6417740914748256
p023,Q0,equal_kw_reduction,0.2,1.3,1.4,0.7423589891084464,4.236387471024935,-3.494028481916489,2.6674859518691987,1.5881573689474742
p023,Q0,equal_kw_reduction,0.2,1.4,1.5,0.21197627087087695,4.613409029240116,-4.401432758369239,3.1796440630631264,1.4509199576243652
p023,Q0,equal_kw_reduction,0.2,1.5,1.6,0.008438090392359765,0.1921465915439291,-0.18370850115156934,0.12657135588536872,1.518089066833965
p023,Q0,equal_kw_reduction,0.3,1.0,1.1,2.38017205605285,3.0511310966446286,-0.6709590405917787,1.0818963891149336,2.820169405631038
p023,Q0,equal_kw_reduction,0.3,1.1,1.2,1.7366878724522952,3.392535269603817,-1.655847397151522,1.7083103640674995,1.985901005439179
p023,Q0,equal_kw_reduction,0.3,1.2,1.3,1.0711290119991002,3.7402432320576553,-2.669114220058555,2.356483826398019,1.5872136231780416
p023,Q0,equal_kw_reduction,0.3,1.3,1.4,1.0655765440555145,4.105162416710363,-3.0395858726548486,2.3442683969221307,1.7511486407017942
p023,Q0,equal_kw_reduction,0.3,1.4,1.5,0.7924149659238113,4.474031112949035,-3.681616147025224,2.599205368010192,1.7213072764519974
p023,Q0,equal_kw_reduction,0.3,1.5,1.6,0.008438090392359765,0.18634155856672718,-0.17790346817436742,0.12657135588536872,1.4722253488023804
p023,Q0,fairness_qp,0.0,1.3,1.4,0.3481098713332409,3.0986124737893697,-2.7505026024561285,1.5697451231017485,1.9739589747325639
p023,Q0,fairness_qp,0.05,1.1,1.2,2.1810328572797326,3.173604768847496,-0.9925719115677634,0.07353222933823012,43.159371032390396
p023,Q0,fairness_qp,0.05,1.2,1.3,1.5945738358849186,3.1581099541713313,-1.5635361182864127,0.495425623370134,6.374538992731706
p023,Q0,fairness_qp,0.05,1.3,1.4,0.7298708875108986,3.0816442447478067,-2.351773357236908,1.1879841069240906,2.59401133970281
p023,Q0,fairness_qp,0.05,1.4,1.5,0.1683450361857214,2.954285640050111,-2.7859406038643897,1.574906035192787,1.875848827824494
p023,Q0,fairness_qp,0.05,1.5,1.6,0.018851800344985015,2.787736531016036,-2.7688847306710507,1.5520258228140584,1.7961921058513357
p023,Q0,fairness_qp,0.1,1.0,1.1,2.2561521473721293,2.881419135648159,-0.6252669882760298,0.15041014315814172,19.157079935883218
p023,Q0,fairness_qp,0.1,1.1,1.2,1.8195258513514154,2.9695216534482634,-1.1499958020968482,0.4350392352665475,6.825870893297348
p023,Q0,fairness_qp,0.1,1.2,1.3,1.4368746282378484,2.970421474416639,-1.5335468461787904,0.6531248310172044,4.548014917439868
p023,Q0,fairness_qp,0.1,1.3,1.4,0.7298708875108986,2.8978463288581793,-2.1679754413472807,1.1879841069240906,2.439297219523615
p023,Q0,fairness_qp,0.1,1.4,1.5,0.5447659598057861,2.7776454455800055,-2.2328794857742196,1.1984851115727224,2.3176303307890214
p023,Q0,fairness_qp,0.1,1.5,1.6,0.17358705282737724,2.6207672575352876,-2.4471802047079105,1.3972905703316663,1.8756064867117885
p023,Q0,fairness_qp,0.1,1.6,1.7,0.08778909543848135,2.4384228981499807,-2.3506338027114992,1.316836431577234,1.8517280048436784
p023,Q0,fairness_qp,0.1,1.7,1.8,0.05879691595905845,2.241022792731806,-2.1822258767727476,1.1886075322077305,1.885418636519415
p023,Q0,fairness_qp,0.2,1.0,1.1,1.6545115747395625,2.214953345131058,-0.5604417703914955,0.7520507157907086,2.9452180532828143
p023,Q0,fairness_qp,0.2,1.1,1.2,1.5500134970498487,2.3814023402088798,-0.831388843159031,0.7045515895681143,3.380025501991507
p023,Q0,fairness_qp,0.2,1.2,1.3,1.4368746282378484,2.4334834158488348,-0.9966087876109864,0.6531248310172044,3.725908586355267
p023,Q0,fairness_qp,0.2,1.3,1.4,0.7298708875108986,2.3733762865962085,-1.64350539908531,1.1879841069240906,1.9978182138659382
p023,Q0,fairness_qp,0.2,1.4,1.5,0.5447659598057861,2.274493170343665,-1.7297272105378791,1.1984851115727224,1.8978067798931118
p023,Q0,fairness_qp,0.2,1.5,1.6,0.4908992572371998,2.1457470703691652,-1.6548478131319655,1.0799783659218436,1.9868426424797934
p023,Q0,fairness_qp,0.2,1.6,1.7,0.43894547719240673,1.9962744647736148,-1.557328987581208,0.9656800498233087,2.0672214002338296
p023,Q0,fairness_qp,0.2,1.7,1.8,0.31315044184667545,1.8345666078642062,-1.5214161660175307,0.9342540063201135,1.963670046318869
p023,Q0,fairness_qp,0.2,1.8,1.9,0.06882115587304727,1.66789809793412,-1.5990769420610729,1.0323173380957922,1.6156835077581058
p023,Q0,fairness_qp,0.2,1.9,2.0,0.060428821490557394,1.5020602655449604,-1.4416314440544031,0.9064323223583539,1.657112426923284
p023,Q0,fairness_qp,0.3,1.0,1.1,1.654511574739559,2.157209361244805,-0.5026977865052462,0.752050715790712,2.868436018941486
p023,Q0,fairness_qp,0.3,1.1,1.2,1.5500134970498487,2.1936759006311175,-0.6436624035812688,0.7045515895681143,3.1135773917930227
p023,Q0,fairness_qp,0.3,1.2,1.3,1.4368746282378517,2.1830778972014264,-0.7462032689635745,0.653124831017201,3.342512477747048
p023,Q0,fairness_qp,0.3,1.3,1.4,0.7298708875108986,2.130296075730266,-1.4004251882193675,1.1879841069240906,1.7932025044055466
p023,Q0,fairness_qp,0.3,1.4,1.5,0.5447659598057861,2.0423057958144293,-1.4975398360086434,1.1984851115727224,1.704072729893487
p023,Q0,fairness_qp,0.3,1.5,1.6,0.4908992572371998,1.927203316079297,-1.4363040588420972,1.0799783659218436,1.7844832608607695
p023,Q0,fairness_qp,0.3,1.6,1.7,0.43894547719240673,1.7932660165006915,-1.3543205393082847,0.9656800498233087,1.85699809872722
p023,Q0,fairness_qp,0.3,1.7,1.8,0.389813890052125,1.6481816175174733,-1.2583677274653482,0.8575905581146639,1.9218747243916174
p023,Q0,fairness_qp,0.3,1.8,1.9,0.3441057793652641,1.4985284398581906,-1.1544226604929264,0.7570327146035755,1.9794764624444317
p023,Q0,fairness_qp,0.3,1.9,2.0,0.30214410745278003,1.3495458797442363,-1.0474017722914564,0.6647170363961313,2.0302561930126135
p023,Q0,flat_level,0.05,1.0,1.1,0.6777421875000036,13.292007953659208,-12.614265766159205,2.9368828124999995,4.525889796176268
p023,Q0,flat_level,0.1,1.0,1.1,1.1295703125000014,13.173329311215683,-12.043758998715681,2.4850546875000017,5.301021896008344
p023,Q0,flat_level,0.1,1.1,1.2,0.2259140624999989,14.716301064730153,-14.490387002230154,3.3887109374999973,4.342743106789457
p023,Q0,flat_level,0.2,1.0,1.1,1.1295703125000014,12.283239492890182,-11.15366918039018,2.4850546875000017,4.942844740872598
p023,Q0,flat_level,0.2,1.1,1.2,1.1295703125000014,13.721956398194465,-12.592386085694462,2.485054687499995,5.521792525217614
p023,Q0,flat_level,0.2,1.2,1.3,0.2259140624999989,15.254908929353828,-15.028994866853829,3.3887109375000044,4.501684921112811
p023,Q0,flat_level,0.2,1.3,1.4,0.07367062909434396,5.288129963476037,-5.214459334381694,1.1050594364151525,4.785380577022081
p023,Q0,flat_level,0.3,1.0,1.1,1.1295703125000014,10.799756462347828,-9.670186149847826,2.4850546875000017,4.345882815646414
p023,Q0,flat_level,0.3,1.1,1.2,1.1295703125000014,13.340355743167894,-12.210785430667892,2.485054687499995,5.368234272779127
p023,Q0,flat_level,0.3,1.2,1.3,1.1295703125000014,15.18121371713472,-14.051643404634717,2.4850546875000017,6.109005887676147
p023,Q0,flat_level,0.3,1.3,1.4,0.07367062909433703,5.2496609607052065,-5.175990331610869,1.1050594364151594,4.750568872327119
p023,Q0,weighted_proportional,0.0,1.1,1.2,2.3874227307919065,5.568114917754503,-3.180692186962597,0.5421650872439038,10.27014658221542
p023,Q0,weighted_proportional,0.05,1.0,1.1,2.885057025214039,5.139753772393303,-2.2546967471792634,0.07670014182550172,67.0110074123019
p023,Q0,weighted_proportional,0.05,1.1,1.2,1.9558072748811286,5.5681149177542535,-3.612307642873125,0.9737805431546814,5.718038789022897
p023,Q0,weighted_proportional,0.05,1.2,1.3,0.49723390339447004,5.981162653705921,-5.483928750311451,2.397918899892652,2.4943139878390714
p023,Q0,weighted_proportional,0.05,1.3,1.4,0.011081694341809334,6.378110031160713,-6.367028336818903,2.847521202286492,2.2398814892191994
p023,Q0,weighted_proportional,0.1,1.0,1.1,2.4698467767975476,4.818519161618719,-2.348672384821171,0.4919103902419931,9.795522227632292
p023,Q0,weighted_proportional,0.1,1.1,1.2,1.8107797171831586,5.2201077353946355,-3.409328018211477,1.1188081008526516,4.665775776396645
p023,Q0,weighted_proportional,0.1,1.2,1.3,0.9047352510272235,5.6073399878493815,-4.702604736822158,1.9904175522598988,2.8171676749347734
p023,Q0,weighted_proportional,0.1,1.3,1.4,0.22298945840651396,5.979478154213319,-5.756488695806805,2.635613438221787,2.2687235037956066
p023,Q0,weighted_proportional,0.1,1.4,1.5,0.05833307580253855,6.33588854464244,-6.277555468839902,2.761760530890077,2.294148415033099
p023,Q0,weighted_proportional,0.2,1.0,1.1,2.0362080523396857,3.5335807185203487,-1.497372666180663,0.925549114699855,3.8178208615825304
p023,Q0,weighted_proportional,0.2,1.1,1.2,1.8107797171831517,3.828079005956185,-2.0172992887730334,1.1188081008526585,3.4215689026909577
p023,Q0,weighted_proportional,0.2,1.2,1.3,0.9047352510272305,4.112049324422704,-3.207314073395473,1.990417552259892,2.065922961618752
p023,Q0,weighted_proportional,0.2,1.3,1.4,0.8933134051963415,4.38495064642315,-3.491637241226808,1.9652894914319596,2.2311983377208024
p023,Q0,weighted_proportional,0.2,1.4,1.5,0.4095881536284596,4.646318266071092,-4.236730112442633,2.410505453064156,1.927528626896423
p023,Q0,weighted_proportional,0.2,1.5,1.6,0.17373648603516423,4.895764020567267,-4.722027534532103,2.6060472905274494,1.8786167228670634
p023,Q0,weighted_proportional,0.2,1.6,1.7,0.00955948934908829,62.03496400785467,-62.02540451850558,0.1433923402363521,432.6239735372411
p023,Q0,weighted_proportional,0.3,1.0,1.1,2.0362080523396857,3.5335807185203487,-1.497372666180663,0.925549114699855,3.8178208615825304
p023,Q0,weighted_proportional,0.3,1.1,1.2,1.8107797171831517,3.828079005956185,-2.0172992887730334,1.1188081008526585,3.4215689026909577
p023,Q0,weighted_proportional,0.3,1.2,1.3,0.9047352510272305,4.112049324422704,-3.207314073395473,1.990417552259892,2.065922961618752
p023,Q0,weighted_proportional,0.3,1.3,1.4,0.8933134051963415,4.38495064642315,-3.491637241226808,1.9652894914319596,2.2311983377208024
p023,Q0,weighted_proportional,0.3,1.4,1.5,0.8812792520914436,4.646318266071065,-3.765039013979621,1.9388143546011718,2.3964740383959278
p023,Q0,weighted_proportional,0.3,1.5,1.6,0.6057016375721758,4.895764020567295,-4.290062382995119,2.174082138990438,2.2518762896606583
p023,Q0,weighted_proportional,0.3,1.6,1.7,0.00955948934909523,55.24041400840517,-55.230854519056074,0.14339234023634517,385.23964332652383
p023,Q95,equal_kw_reduction,0.0,1.1,1.2,1.7603357961062938,4.749549377445483,-2.9892135813391896,1.6846624404135007,2.8192884601141257
p023,Q95,equal_kw_reduction,0.05,1.0,1.1,3.334431193951,3.9855399949918007,-0.6511088010408006,0.12763725121678338,31.225523559909842
p023,Q95,equal_kw_reduction,0.05,1.1,1.2,1.7366878724522916,4.43149919592023,-2.6948113234679383,1.7083103640675028,2.5940831883550652
p023,Q95,equal_kw_reduction,0.05,1.2,1.3,0.15128517487078552,4.885692721875168,-4.734407547004382,3.2763276635263336,1.4912100447904113
p023,Q95,equal_kw_reduction,0.1,1.0,1.1,2.782116866371372,3.5183355458182146,-0.7362186794468428,0.6799515787964117,5.174391317755378
p023,Q95,equal_kw_reduction,0.1,1.1,1.2,1.7366878724522916,3.9120172327620217,-2.17532936030973,1.7083103640675028,2.289992096897119
p023,Q95,equal_kw_reduction,0.1,1.2,1.3,0.6967164422964495,4.312967976966495,-3.6162515346700452,2.7308963961006696,1.5793231786913622
p023,Q95,equal_kw_reduction,0.1,1.3,1.4,0.13231092007433276,4.722740111203064,-4.590429191128731,3.2775340209033126,1.4409431240324522
p023,Q95,equal_kw_reduction,0.2,1.0,1.1,2.380172056052853,3.156013728091777,-0.7758416720389238,1.08189638911493,2.9171127289496046
p023,Q95,equal_kw_reduction,0.2,1.1,1.2,1.7366878724522916,3.5091536694964454,-1.7724657970441537,1.7083103640675028,2.054166352501145
p023,Q95,equal_kw_reduction,0.2,1.2,1.3,1.0711290119991002,3.8688140931597284,-2.797685081160628,2.356483826398019,1.6417740914748256
p023,Q95,equal_kw_reduction,0.2,1.3,1.4,0.7423589891084464,4.236387471024935,-3.494028481916489,2.6674859518691987,1.5881573689474742
p023,Q95,equal_kw_reduction,0.2,1.4,1.5,0.21197627087087695,4.613409029240116,-4.401432758369239,3.1796440630631264,1.4509199576243652
p023,Q95,equal_kw_reduction,0.2,1.5,1.6,0.008438090392359765,0.1921465915439291,-0.18370850115156934,0.12657135588536872,1.518089066833965
p023,Q95,equal_kw_reduction,0.3,1.0,1.1,2.38017205605285,3.0511310966446286,-0.6709590405917787,1.0818963891149336,2.820169405631038
p023,Q95,equal_kw_reduction,0.3,1.1,1.2,1.7366878724522952,3.392535269603817,-1.655847397151522,1.7083103640674995,1.985901005439179
p023,Q95,equal_kw_reduction,0.3,1.2,1.3,1.0711290119991002,3.7402432320576553,-2.669114220058555,2.356483826398019,1.5872136231780416
p023,Q95,equal_kw_reduction,0.3,1.3,1.4,1.0655765440555145,4.105162416710363,-3.0395858726548486,2.3442683969221307,1.7511486407017942
p023,Q95,equal_kw_reduction,0.3,1.4,1.5,0.7924149659238113,4.474031112949035,-3.681616147025224,2.599205368010192,1.7213072764519974
p023,Q95,equal_kw_reduction,0.3,1.5,1.6,0.008438090392359765,0.18634155856672718,-0.17790346817436742,0.12657135588536872,1.4722253488023804
p023,Q95,fairness_qp,0.0,1.3,1.4,0.3481115953962305,3.098612394073455,-2.7505007986772245,1.5697436827913982,1.9739607351458452
p023,Q95,fairness_qp,0.05,1.1,1.2,2.1810417359684267,3.1736273749920287,-0.9925856390236021,0.073532378196621,43.159591092048544
p023,Q95,fairness_qp,0.05,1.2,1.3,1.5945704177157545,3.1581040680214585,-1.563533650305704,0.49542493574205454,6.374535959299677
p023,Q95,fairness_qp,0.05,1.3,1.4,0.7298716227072191,3.08164456646088,-2.3517729437536605,1.1879836554804095,2.5940125962546943
p023,Q95,fairness_qp,0.05,1.4,1.5,0.16834546282723517,2.9542872992787683,-2.785941836451533,1.5749066735741766,1.8758491209984858
p023,Q95,fairness_qp,0.05,1.5,1.6,0.01885182380045175,2.787735666563977,-2.7688838427635254,1.5520256933490364,1.7961916987008544
p023,Q95,fairness_qp,0.1,1.0,1.1,2.2561495719430615,2.8814155817573353,-0.6252660098142737,0.1504099714628726,19.157078175954496
p023,Q95,fairness_qp,0.1,1.1,1.2,1.8195337192432466,2.9695402148961354,-1.1500064956528888,0.43504039492180124,6.825895364107307
p023,Q95,fairness_qp,0.1,1.2,1.3,1.4368718055022405,2.9704132426924406,-1.5335414371902,0.6531235479555684,4.548011248393262
p023,Q95,fairness_qp,0.1,1.3,1.4,0.7298716227072191,2.8978479697855457,-2.1679763470783264,1.1879836554804095,2.439299527747865
p023,Q95,fairness_qp,0.1,1.4,1.5,0.5447662926254468,2.7776473074771975,-2.232881014851751,1.198485843775965,2.3176304683966116
p023,Q95,fairness_qp,0.1,1.5,1.6,0.17358714002364134,2.620766489899791,-2.4471793498761496,1.397290377125847,1.875606196680872
p023,Q95,fairness_qp,0.1,1.6,1.7,0.08778897366369665,2.438420740682026,-2.3506317670183297,1.3168346049554704,1.851728935058236
p023,Q95,fairness_qp,0.1,1.7,1.8,0.05879706781490579,2.2410195515184945,-2.1822224837035886,1.1886061193953843,1.8854181506809404
p023,Q95,fairness_qp,0.2,1.0,1.1,1.6545096860915813,2.214949904330004,-0.5604402182384227,0.7520498573143526,2.945216840064059
p023,Q95,fairness_qp,0.2,1.1,1.2,1.550019703488472,2.381419579393109,-0.831399875904637,0.7045544106765756,3.3800364362296142
p023,Q95,fairness_qp,0.2,1.2,1.3,1.4368718055022405,2.4334785438922117,-0.9966067383899713,0.6531235479555684,3.7259084464334156
p023,Q95,fairness_qp,0.2,1.3,1.4,0.7298716227072191,2.373376673493584,-1.6435050507863647,1.1879836554804095,1.9978192987291665
p023,Q95,fairness_qp,0.2,1.4,1.5,0.5447662926254468,2.274494441165002,-1.7297281485395555,1.198485843775965,1.8978066808022953
p023,Q95,fairness_qp,0.2,1.5,1.6,0.49089922410921333,2.145746539530417,-1.654847315421204,1.0799782930402748,1.986842285033221
p023,Q95,fairness_qp,0.2,1.6,1.7,0.43894486831849017,1.9962728823564522,-1.557328014037962,0.965678710300677,2.0672226290821776
p023,Q95,fairness_qp,0.2,1.7,1.8,0.3131509704602728,1.8345646523053802,-1.5214136818451074,0.9342522167500172,1.9636717145689837
p023,Q95,fairness_qp,0.2,1.8,1.9,0.06882130561178951,1.6679014195707178,-1.5990801139589284,1.032319584176815,1.6156832100601135
p023,Q95,fairness_qp,0.2,1.9,2.0,0.06042958050933578,1.5020735446544808,-1.441643964145145,0.9064437076400436,1.657106262632877
p023,Q95,fairness_qp,0.3,1.0,1.1,1.6545096860915813,2.1572061897132504,-0.5026965036216691,0.7520498573143526,2.8684350761222874
p023,Q95,fairness_qp,0.3,1.1,1.2,1.5500197034884686,2.1936920970670113,-0.6436723935785427,0.7045544106765791,3.1135879129057225
p023,Q95,fairness_qp,0.3,1.2,1.3,1.436871805502244,2.1830743826341155,-0.7462025771318714,0.6531235479555648,3.3425136629473364
p023,Q95,fairness_qp,0.3,1.3,1.4,0.7298716227072191,2.130296020925411,-1.4004243982181919,1.1879836554804095,1.793203139704762
p023,Q95,fairness_qp,0.3,1.4,1.5,0.5447662926254468,2.0423068695363185,-1.4975405769108718,1.198485843775965,1.7040725847055485
p023,Q95,fairness_qp,0.3,1.5,1.6,0.49089922410921333,1.9272027239526854,-1.436303499843472,1.0799782930402748,1.7844828330089553
p023,Q95,fairness_qp,0.3,1.6,1.7,0.43894486831849017,1.7932654148345648,-1.3543205465160746,0.965678710300677,1.8570000515763754
p023,Q95,fairness_qp,0.3,1.7,1.8,0.38981349600321347,1.6481800471313117,-1.2583665511280984,0.8575896912070766,1.9218748359853322
p023,Q95,fairness_qp,0.3,1.8,1.9,0.3441065280589406,1.4985311985187266,-1.154424670459786,0.7570343617296638,1.9794757996121854
p023,Q95,fairness_qp,0.3,1.9,2.0,0.3021479025466789,1.3495553266151816,-1.0474074240685027,0.6647253856027004,2.030244903903515
p023,Q95,flat_level,0.05,1.0,1.1,0.6777421875000036,13.292007953659208,-12.614265766159205,2.9368828124999995,4.525889796176268
p023,Q95,flat_level,0.1,1.0,1.1,1.1295703125000014,13.173329311215683,-12.043758998715681,2.4850546875000017,5.301021896008344
p023,Q95,flat_level,0.1,1.1,1.2,0.2259140624999989,14.716301064730153,-14.490387002230154,3.3887109374999973,4.342743106789457
p023,Q95,flat_level,0.2,1.0,1.1,1.1295703125000014,12.283239492890182,-11.15366918039018,2.4850546875000017,4.942844740872598
p023,Q95,flat_level,0.2,1.1,1.2,1.1295703125000014,13.721956398194465,-12.592386085694462,2.485054687499995,5.521792525217614
p023,Q95,flat_level,0.2,1.2,1.3,0.2259140624999989,15.254908929353828,-15.028994866853829,3.3887109375000044,4.501684921112811
p023,Q95,flat_level,0.2,1.3,1.4,0.07367062909434396,5.288129963476037,-5.214459334381694,1.1050594364151525,4.785380577022081
p023,Q95,flat_level,0.3,1.0,1.1,1.1295703125000014,10.799756462347828,-9.670186149847826,2.4850546875000017,4.345882815646414
p023,Q95,flat_level,0.3,1.1,1.2,1.1295703125000014,13.340355743167894,-12.210785430667892,2.485054687499995,5.368234272779127
p023,Q95,flat_level,0.3,1.2,1.3,1.1295703125000014,15.18121371713472,-14.051643404634717,2.4850546875000017,6.109005887676147
p023,Q95,flat_level,0.3,1.3,1.4,0.07367062909433703,5.2496609607052065,-5.175990331610869,1.1050594364151594,4.750568872327119
p023,Q95,weighted_proportional,0.0,1.1,1.2,2.3874227308280997,5.568114915880891,-3.1806921850527914,0.5421650872513215,10.27014657861911
p023,Q95,weighted_proportional,0.05,1.0,1.1,2.885057025165415,5.139753774674814,-2.2546967495093995,0.07670014182323964,67.01100744402407
p023,Q95,weighted_proportional,0.05,1.1,1.2,1.9558072749173774,5.568114915881141,-3.6123076409637633,0.9737805431620437,5.718038787056119
p023,Q95,weighted_proportional,0.05,1.2,1.3,0.4972339033902859,5.981162655100396,-5.48392875171011,2.39791889985963,2.4943139884549566
p023,Q95,weighted_proportional,0.05,1.3,1.4,0.011081694343675896,6.378110032519715,-6.3670283381760395,2.847521202242652,2.2398814897309425
p023,Q95,weighted_proportional,0.1,1.0,1.1,2.4698467767588874,4.818519163757428,-2.3486723869985404,0.4919103902297668,9.795522232223519
p023,Q95,weighted_proportional,0.1,1.1,1.2,1.810779717210359,5.220107733638818,-3.409328016428459,1.118808100869062,4.665775774758844
p023,Q95,weighted_proportional,0.1,1.2,1.3,0.9047352510155939,5.607339989156475,-4.702604738140881,1.9904175522343222,2.8171676756276667
p023,Q95,weighted_proportional,0.1,1.3,1.4,0.2229894584113365,5.979478155487349,-5.756488697076012,2.635613438174991,2.268723504319279
p023,Q95,weighted_proportional,0.1,1.4,1.5,0.05833307580702801,6.335888529143332,-6.277555453336303,2.7617605313978095,2.2941484089992943
p023,Q95,weighted_proportional,0.2,1.0,1.1,2.0362080523047,3.533580720088969,-1.4973726677842691,0.9255491146839545,3.8178208633429183
p023,Q95,weighted_proportional,0.2,1.1,1.2,1.810779717210359,3.828079004668222,-2.0172992874578632,1.118808100869062,3.4215689014896
p023,Q95,weighted_proportional,0.2,1.2,1.3,0.9047352510155939,4.112049325381624,-3.20731407436603,1.9904175522343222,2.0659229621270607
p023,Q95,weighted_proportional,0.2,1.3,1.4,0.893313405183227,4.384950647357277,-3.4916372421740505,1.9652894914031007,2.231198338228879
p023,Q95,weighted_proportional,0.2,1.4,1.5,0.40958815367841267,4.646318254705066,-4.236730101026653,2.410505453526425,1.927528621811571
p023,Q95,weighted_proportional,0.2,1.5,1.6,0.1737364860202109,4.895764026099876,-4.722027540079665,2.606047290303157,1.8786167251517376
p023,Q95,weighted_proportional,0.2,1.6,1.7,0.009559489336515015,62.03496401024106,-62.025404520904544,0.14339234004771134,432.62397412302494
p023,Q95,weighted_proportional,0.3,1.0,1.1,2.0362080523047,3.533580720088969,-1.4973726677842691,0.9255491146839545,3.8178208633429183
p023,Q95,weighted_proportional,0.3,1.1,1.2,1.8107797172103521,3.8280790046682154,-2.0172992874578632,1.118808100869069,3.4215689014895725
p023,Q95,weighted_proportional,0.3,1.2,1.3,0.9047352510156009,4.112049325381631,-3.20731407436603,1.990417552234315,2.0659229621270714
p023,Q95,weighted_proportional,0.3,1.3,1.4,0.893313405183227,4.384950647357277,-3.4916372421740505,1.9652894914031007,2.231198338228879
p023,Q95,weighted_proportional,0.3,1.4,1.5,0.88127925225151,4.646318254705017,-3.7650390024535074,1.9388143549533277,2.396474032098275
p023,Q95,weighted_proportional,0.3,1.5,1.6,0.605701637447116,4.895764026099932,-4.2900623886528155,2.1740821388762517,2.2518762923237454
p023,Q95,weighted_proportional,0.3,1.6,1.7,0.009559489336515015,55.24041401126007,-55.230854521923554,0.14339234004771134,385.23964385321955
p024,Q0,equal_kw_reduction,0.0,1.1,1.2,0.5617627636619813,4.939881725630917,-4.378118961968935,4.081312888994049,1.2103658454984287
p024,Q0,equal_kw_reduction,0.05,1.0,1.1,3.932536091256461,4.150178897384254,-0.21764280612779352,0.7281053863556347,5.699970052627996
p024,Q0,equal_kw_reduction,0.05,1.1,1.2,1.2437314555797454,4.609086074360815,-3.365354618781069,3.3993441970762843,1.3558750768236436
p024,Q0,equal_kw_reduction,0.05,1.2,1.3,0.046136694437870496,5.0787540842621715,-5.032617389824301,4.578961235351141,1.109149831855413
p024,Q0,equal_kw_reduction,0.1,1.0,1.1,3.3049170761768334,3.663674672571199,-0.35875759639436566,1.3557244014352627,2.7023742205219454
p024,Q0,equal_kw_reduction,0.1,1.1,1.2,1.6616221778282536,4.068786510620121,-2.407164332791867,2.9814534748277763,1.3646989781905465
p024,Q0,equal_kw_reduction,0.1,1.2,1.3,0.4736153983633043,4.483397744241093,-4.009782345877788,4.151482531425707,1.0799510079358081
p024,Q0,equal_kw_reduction,0.1,1.3,1.4,0.05828682382605366,4.909289904176633,-4.85100308035058,4.548344237239446,1.0793575965473226
p024,Q0,equal_kw_reduction,0.2,1.0,1.1,3.2041910158583167,3.286385681899963,-0.08219466604164616,1.456450461753779,2.256434920513997
p024,Q0,equal_kw_reduction,0.2,1.1,1.2,1.6616221778282536,3.649778685678146,-1.988156507849892,2.9814534748277763,1.2241608720354005
p024,Q0,equal_kw_reduction,0.2,1.2,1.3,1.4453431030590629,4.021692827489945,-2.576349724430882,3.1797548267299485,1.264780791802695
p024,Q0,equal_kw_reduction,0.2,1.3,1.4,0.5210617366208301,4.403726174207277,-3.882664437586447,4.08556932444467,1.077873320582035
p024,Q0,equal_kw_reduction,0.2,1.4,1.5,0.17199738250946173,2.827404872083175,-2.6554074895737134,2.5799607376419744,1.0959100387966985
p024,Q0,equal_kw_reduction,0.3,1.1,1.2,1.6616221778282536,3.5284869468792115,-1.8668647690509577,2.9814534748277763,1.18347878867472
p024,Q0,equal_kw_reduction,0.3,1.2,1.3,1.44534310305907,3.8880414042197984,-2.4426983011607284,3.1797548267299414,1.2227488017427617
p024,Q0,equal_kw_reduction,0.3,1.3,1.4,1.4395722065829661,4.268726161199325,-2.829153954616359,3.1670588544825335,1.3478518579335947
p024,Q0,equal_kw_reduction,0.3,1.4,1.5,0.4583619125473268,2.7419847853133934,-2.283622872766067,2.2935962076041094,1.1954958663703368
p024,Q0,fairness_qp,0.0,1.2,1.3,1.473127300607349,3.568471430313594,-2.0953441297062447,1.567387354437344,2.2767004086201736
p024,Q0,fairness_qp,0.05,1.1,1.2,2.8158481056166362,3.5226860915844593,-0.7068379859678231,0.43748926021248274,8.05205158607445
p024,Q0,fairness_qp,0.05,1.2,1.3,1.5025835674292234,3.5490133604288503,-2.0464297929996267,1.5379310876154697,2.3076543474594313
p024,Q0,fairness_qp,0.05,1.3,1.4,0.38632776272982255,3.5036950280189285,-3.117367265289106,2.425465858696685,1.444545185188311
p024,Q0,fairness_qp,0.05,1.4,1.5,0.027519939008506522,3.3962150149862076,-3.3686950759777012,2.5472967179101245,1.333262431151939
p024,Q0,fairness_qp,0.1,1.1,1.2,2.2366694390075144,3.311208453091567,-1.0745390140840527,1.0166679268216043,3.256922310358855
p024,Q0,fairness_qp,0.1,1.2,1.3,1.5025835674292303,3.346110267080496,-1.8435266996512656,1.5379310876154628,2.1757218473739193
p024,Q0,fairness_qp,0.1,1.3,1.4,0.8786855066957797,3.30239883672067,-2.4237133300248903,1.9331081147307279,1.7083363375051983
p024,Q0,fairness_qp,0.1,1.4,1.5,0.2710057970914531,3.200421552314772,-2.929415755223319,2.3038108598271783,1.3891858954753142
p024,Q0,fairness_qp,0.1,1.5,1.6,0.14605933046166197,3.051641684133105,-2.905582353671443,2.190889956924874,1.3928776634753393
p024,Q0,fairness_qp,0.1,1.6,1.7,0.021753317489429935,2.8685749847857585,-2.8468216672963287,2.082821528687752,1.3772543375778614
p024,Q0,fairness_qp,0.2,1.0,1.1,2.3672752851013406,2.4069571038011843,-0.039681818699843774,1.0760342205006144,2.236877840819385
p024,Q0,fairness_qp,0.2,1.1,1.2,2.2366694390075215,2.7034688846226396,-0.4667994456151181,1.0166679268215975,2.659146426576549
p024,Q0,fairness_qp,0.2,1.2,1.3,1.5025835674292234,2.76732642199435,-1.2647428545651263,1.5379310876154697,1.799382588907174
p024,Q0,fairness_qp,0.2,1.3,1.4,0.8786855066957866,2.730140582201779,-1.8514550755059922,1.9331081147307208,1.4123062033610487
p024,Q0,fairness_qp,0.2,1.4,1.5,0.8046302052870726,2.6451269716296424,-1.8404967663425698,1.7701864516315586,1.494264612177809
p024,Q0,fairness_qp,0.2,1.5,1.6,0.730296652308289,2.5216860206952534,-1.7913893683869642,1.606652635078247,1.5695278280064828
p024,Q0,fairness_qp,0.2,1.6,1.7,0.2185491978438231,2.370101115121495,-2.151551917277672,1.8860256483333586,1.2566643074106143
p024,Q0,fairness_qp,0.2,1.7,1.8,0.11766698938959347,2.2003491740300656,-2.082682184640472,1.7650048408439576,1.246653336643509
p024,Q0,fairness_qp,0.2,1.8,1.9,0.10466739533038921,2.0212234868574668,-1.9165560915270774,1.570010929955866,1.2873945322879279
p024,Q0,fairness_qp,0.2,1.9,2.0,0.06950800430666204,1.3712826147020407,-1.3017746103953787,1.0426200645999169,1.3152275323113423
p024,Q0,fairness_qp,0.3,1.1,1.2,2.2366694390075215,2.4349649173818766,-0.19829547837435513,1.0166679268215975,2.3950444910702475
p024,Q0,fairness_qp,0.3,1.2,1.3,1.5025835674292234,2.4533241083407114,-0.9507405409114877,1.5379310876154697,1.595210687979875
p024,Q0,fairness_qp,0.3,1.3,1.4,0.8786855066957797,2.4221078392614377,-1.5434223325656582,1.9331081147307279,1.2529603599531862
p024,Q0,fairness_qp,0.3,1.4,1.5,0.8046302052870726,2.3478825659914784,-1.5432523607044057,1.7701864516315586,1.3263476080880998
p024,Q0,fairness_qp,0.3,1.5,1.6,0.730296652308296,2.2391174524078044,-1.5088208000995085,1.6066526350782402,1.3936537391598434
p024,Q0,fairness_qp,0.3,1.6,1.7,0.657679639430371,2.105042988241164,-1.4473633488107929,1.4468952067468108,1.4548690039371464
p024,Q0,fairness_qp,0.3,1.7,1.8,0.5883349469479813,1.9546000175001341,-1.3662650705521528,1.2943368832855697,1.5101169121740081
p024,Q0,fairness_qp,0.3,1.8,1.9,0.3997439961854546,1.7956600985130424,-1.395916102327588,1.2749343291008006,1.4084334051774299
p024,Q0,fairness_qp,0.3,1.9,2.0,0.06950800430666204,1.216930475364364,-1.147422471057702,1.0426200645999169,1.1671849762754518
p024,Q0,flat_level,0.05,1.0,1.1,0.7894744132313711,8.075142155346514,-7.285667742115143,2.2031161984705645,3.6653273944208644
p024,Q0,flat_level,0.1,1.0,1.1,0.9351845661568561,8.00304267181643,-7.067858105659575,2.057406045545079,3.8898703001021575
p024,Q0,flat_level,0.2,1.0,1.1,0.9351845661568561,7.462296545342507,-6.527111979185651,2.057406045545079,3.6270412257710083
p024,Q0,flat_level,0.3,1.0,1.1,0.9351845661568561,6.561053001218932,-5.625868435062076,2.057406045545079,3.1889927685522466
p024,Q0,max_export_lp,0.05,1.0,1.1,0.8212706584654825,3.3571309885639318,-2.5358603300984495,2.6800598769180923,1.2526328301382694
p024,Q0,max_export_lp,0.05,1.1,1.2,7.773577212488725e-06,0.00012375042977852413,-0.0001159768525660354,0.00011660365818733087,1.061291143882566
p024,Q0,max_export_lp,0.05,1.4,1.5,1.1091906559901332e-06,1.7653700640218872e-05,-1.654450998422874e-05,1.6637859846790892e-05,1.0610559773181354
p024,Q0,max_export_lp,0.05,1.6,1.7,2.6142175854615424e-06,4.158025376094221e-05,-3.896603617548067e-05,3.9213263781923136e-05,1.06036197323902
p024,Q0,max_export_lp,0.05,1.9,2.0,1.7912304139944268e-06,2.8514777788979373e-05,-2.6723547374984946e-05,2.6868456216855297e-05,1.0612733965374346
p024,Q0,max_export_lp,0.1,1.0,1.1,1.0941657923097745,3.1714873675474307,-2.077321575237656,2.4071647430738,1.3175198650914262
p024,Q0,max_export_lp,0.1,1.1,1.2,3.8867886062443624e-05,0.00011439621476483364,-7.552832870239001e-05,8.550934933737597e-05,1.3378211347800686
p024,Q0,max_export_lp,0.1,1.4,1.5,5.54595328688956e-06,1.6285846483887756e-05,-1.0739893196998196e-05,1.2201097215891465e-05,1.3347854046008305
p024,Q0,max_export_lp,0.1,1.6,1.7,1.3071087927307712e-05,3.812597786784222e-05,-2.5054889940534508e-05,2.8756393440076966e-05,1.3258261314058644
p024,Q0,max_export_lp,0.1,1.9,2.0,8.956152076911028e-06,2.6353552042002182e-05,-1.7397399965091154e-05,1.9703534553938695e-05,1.3375037849102136
p024,Q0,max_export_lp,0.2,1.0,1.1,1.0941657923097745,2.4289128834817584,-1.3347470911719839,2.4071647430738,1.0090347536331008
p024,Q0,max_export_lp,0.2,1.1,1.2,3.8867886062443624e-05,7.697935537620548e-05,-3.811146931376186e-05,8.550934933737597e-05,0.9002448968765332
p024,Q0,max_export_lp,0.2,1.4,1.5,5.54595328688956e-06,1.0814429830807715e-05,-5.268476543918155e-06,1.2201097215891465e-05,0.8863489602166542
p024,Q0,max_export_lp,0.2,1.6,1.7,1.3071087927307712e-05,2.4308874406464565e-05,-1.1237786479156853e-05,2.8756393440076966e-05,0.8453380795863635
p024,Q0,max_export_lp,0.2,1.9,2.0,8.956152076911028e-06,1.7708648804293237e-05,-8.752496727382209e-06,1.9703534553938695e-05,0.8987549292648772
p024,Q0,max_export_lp,0.3,1.0,1.1,1.0941657923097745,2.41106081877792,-1.3168950264681456,2.4071647430738,1.0016185330544285
p024,Q0,max_export_lp,0.3,1.1,1.2,3.8867886062443624e-05,7.856507004688762e-05,-3.9697183984443996e-05,8.550934933737597e-05,0.9187892394890085
p024,Q0,max_export_lp,0.3,1.4,1.5,5.545953279950666e-06,1.1053888276935098e-05,-5.5079349969844316e-06,1.220109722283036e-05,0.9059749361107757
p024,Q0,max_export_lp,0.3,1.6,1.7,1.3071087927307712e-05,2.4929265478312868e-05,-1.1858177551005156e-05,2.8756393440076966e-05,0.866912101834358
p024,Q0,max_export_lp,0.3,1.9,2.0,8.956152069972134e-06,1.808627228538917e-05,-9.130120215417037e-06,1.970353456087759e-05,0.917920194953266
p024,Q0,weighted_proportional,0.0,1.1,1.2,3.183230307721635,5.529393673571553,-2.346163365849918,0.7228867829918648,7.649045194444757
p024,Q0,weighted_proportional,0.05,1.0,1.1,3.846742700286211,5.104011395644016,-1.257268695357805,0.10226685576739808,49.9087544771386
p024,Q0,weighted_proportional,0.05,1.1,1.2,2.607743033173994,5.529393673571727,-2.9216506403977327,1.298374057539506,4.258706219107803
p024,Q0,weighted_proportional,0.05,1.2,1.3,0.6629785378593835,5.939569032987126,-5.276590495127742,3.1972251998581975,1.857726203725204
p024,Q0,weighted_proportional,0.05,1.3,1.4,0.014775592455655573,6.333755997553918,-6.318980405098262,3.7966949363826203,1.6682288421066915
p024,Q0,weighted_proportional,0.1,1.0,1.1,3.2931290357306673,4.785010683416322,-1.4918816476856556,0.6558805203229421,7.295552368379964
p024,Q0,weighted_proportional,0.1,1.1,1.2,2.4143729562435823,5.183806568973548,-2.7694336127299657,1.4917441344699176,3.47499711860143
p024,Q0,weighted_proportional,0.1,1.2,1.3,1.2063136680367446,5.568345968425308,-4.362032300388563,2.6538900696808367,2.098182600719016
p024,Q0,weighted_proportional,0.1,1.3,1.4,0.29731927787503276,5.937896247706812,-5.640576969831779,3.514151250963243,1.6897099252854326
p024,Q0,weighted_proportional,0.1,1.4,1.5,0.07777743440326446,6.291828123506788,-6.214050689103523,3.6823473745248996,1.708646003099739
p024,Q0,weighted_proportional,0.2,1.0,1.1,2.7149440697868537,3.5090078345052094,-0.7940637647183557,1.2340654862667555,2.8434535067669033
p024,Q0,weighted_proportional,0.2,1.1,1.2,2.4143729562435823,3.801458150580528,-1.3870851943369455,1.4917441344699176,2.548331220307666
p024,Q0,weighted_proportional,0.2,1.2,1.3,1.2063136680367446,4.083453710178646,-2.8771400421419013,2.6538900696808367,1.538667240527311
p024,Q0,weighted_proportional,0.2,1.3,1.4,1.191084540261962,4.354457248318407,-3.1633727080564444,2.620385988576314,1.6617617661298187
p024,Q0,weighted_proportional,0.2,1.4,1.5,0.5461175381710759,4.614007290571543,-4.0678897524004665,3.2140072707570884,1.4355932958062885
p024,Q0,weighted_proportional,0.2,1.5,1.6,0.2316486480473598,4.8617183735846154,-4.630069725537256,3.4747297207103274,1.3991644715868004
p024,Q0,weighted_proportional,0.2,1.6,1.7,0.012745985797896209,61.603566484615484,-61.59082049881759,0.1911897869685264,322.21159645288293
p024,Q0,weighted_proportional,0.3,1.0,1.1,2.7149440697868537,3.5090078345052094,-0.7940637647183557,1.2340654862667555,2.8434535067669033
p024,Q0,weighted_proportional,0.3,1.1,1.2,2.4143729562435823,3.801458150580528,-1.3870851943369455,1.4917441344699176,2.548331220307666
p024,Q0,weighted_proportional,0.3,1.2,1.3,1.2063136680367446,4.083453710178646,-2.8771400421419013,2.6538900696808367,1.538667240527311
p024,Q0,weighted_proportional,0.3,1.3,1.4,1.191084540261962,4.354457248318407,-3.1633727080564444,2.620385988576314,1.6617617661298187
p024,Q0,weighted_proportional,0.3,1.4,1.5,1.1750390027900557,4.614007290571618,-3.438968287781563,2.5850858061381086,1.7848565334334263
p024,Q0,weighted_proportional,0.3,1.5,1.6,0.8076021834283811,4.861718373584546,-4.054116190156165,2.8987761853293064,1.677162382590861
p024,Q0,weighted_proportional,0.3,1.6,1.7,0.012745985797903148,54.85626648491191,-54.84352049911401,0.19118978696851946,286.92048542291815
p024,Q95,equal_kw_reduction,0.0,1.1,1.2,0.5617627636619813,4.939881725630917,-4.378118961968935,4.081312888994049,1.2103658454984287
p024,Q95,equal_kw_reduction,0.05,1.0,1.1,3.932536091256461,4.150178897384254,-0.21764280612779352,0.7281053863556347,5.699970052627996
p024,Q95,equal_kw_reduction,0.05,1.1,1.2,1.2437314555797454,4.609086074360815,-3.365354618781069,3.3993441970762843,1.3558750768236436
p024,Q95,equal_kw_reduction,0.05,1.2,1.3,0.046136694437870496,5.0787540842621715,-5.032617389824301,4.578961235351141,1.109149831855413
p024,Q95,equal_kw_reduction,0.1,1.0,1.1,3.3049170761768334,3.663674672571199,-0.35875759639436566,1.3557244014352627,2.7023742205219454
p024,Q95,equal_kw_reduction,0.1,1.1,1.2,1.6616221778282536,4.068786510620121,-2.407164332791867,2.9814534748277763,1.3646989781905465
p024,Q95,equal_kw_reduction,0.1,1.2,1.3,0.4736153983633043,4.483397744241093,-4.009782345877788,4.151482531425707,1.0799510079358081
p024,Q95,equal_kw_reduction,0.1,1.3,1.4,0.05828682382605366,4.909289904176633,-4.85100308035058,4.548344237239446,1.0793575965473226
p024,Q95,equal_kw_reduction,0.2,1.0,1.1,3.2041910158583167,3.286385681899963,-0.08219466604164616,1.456450461753779,2.256434920513997
p024,Q95,equal_kw_reduction,0.2,1.1,1.2,1.6616221778282536,3.649778685678146,-1.988156507849892,2.9814534748277763,1.2241608720354005
p024,Q95,equal_kw_reduction,0.2,1.2,1.3,1.4453431030590629,4.021692827489945,-2.576349724430882,3.1797548267299485,1.264780791802695
p024,Q95,equal_kw_reduction,0.2,1.3,1.4,0.5210617366208301,4.403726174207277,-3.882664437586447,4.08556932444467,1.077873320582035
p024,Q95,equal_kw_reduction,0.2,1.4,1.5,0.17199738250946173,2.827404872083175,-2.6554074895737134,2.5799607376419744,1.0959100387966985
p024,Q95,equal_kw_reduction,0.3,1.1,1.2,1.6616221778282536,3.5284869468792115,-1.8668647690509577,2.9814534748277763,1.18347878867472
p024,Q95,equal_kw_reduction,0.3,1.2,1.3,1.44534310305907,3.8880414042197984,-2.4426983011607284,3.1797548267299414,1.2227488017427617
p024,Q95,equal_kw_reduction,0.3,1.3,1.4,1.4395722065829661,4.268726161199325,-2.829153954616359,3.1670588544825335,1.3478518579335947
p024,Q95,equal_kw_reduction,0.3,1.4,1.5,0.4583619125473268,2.7419847853133934,-2.283622872766067,2.2935962076041094,1.1954958663703368
p024,Q95,fairness_qp,0.0,1.2,1.3,1.4731288957083033,3.5684767363731993,-2.095347840664896,1.5673879892775244,2.276702871774628
p024,Q95,fairness_qp,0.05,1.1,1.2,2.815847387858138,3.5226894032833953,-0.7068420154252575,0.437488787001665,8.052067865387345
p024,Q95,fairness_qp,0.05,1.2,1.3,1.5025848624486902,3.5490178394484913,-2.0464329769998013,1.5379320225371376,2.3076558569823202
p024,Q95,fairness_qp,0.05,1.3,1.4,0.38632784383231533,3.5036998649471545,-3.1173720211148392,2.425469614594791,1.444544942498691
p024,Q95,fairness_qp,0.05,1.4,1.5,0.027519659518457362,3.396208695375533,-3.3686890358570754,2.547289134983359,1.3332639191733213
p024,Q95,fairness_qp,0.1,1.1,1.2,2.2366686202161117,3.311211046269538,-1.0745424260534264,1.016667554643691,3.256926053305606
p024,Q95,fairness_qp,0.1,1.2,1.3,1.5025848624486902,3.3461117934833124,-1.8435269310346225,1.5379320225371376,2.1757215172379385
p024,Q95,fairness_qp,0.1,1.3,1.4,0.8786867057584691,3.3024028159843177,-2.4237161102258487,1.9331107526686375,1.7083360647730028
p024,Q95,fairness_qp,0.1,1.4,1.5,0.2710041877302047,3.2004161917541727,-2.929412004023968,2.3038046067716116,1.3891873392158065
p024,Q95,fairness_qp,0.1,1.5,1.6,0.14605956869380432,3.0516454029146516,-2.9055858342208474,2.190893530407023,1.3928770889873952
p024,Q95,fairness_qp,0.1,1.6,1.7,0.021753291168290223,2.8685755128362787,-2.8468222216679884,2.082821379432172,1.377254689798855
p024,Q95,fairness_qp,0.2,1.0,1.1,2.367276400516996,2.4069635515649583,-0.03968715104796239,1.0760347275077173,2.236882778997201
p024,Q95,fairness_qp,0.2,1.1,1.2,2.2366686202161117,2.703471143801553,-0.46680252358544116,1.016667554643691,2.6591496221683126
p024,Q95,fairness_qp,0.2,1.2,1.3,1.5025848624486833,2.7673295275881666,-1.2647446651394834,1.5379320225371447,1.7993835143785293
p024,Q95,fairness_qp,0.2,1.3,1.4,0.878686705758476,2.730144386204954,-1.8514576804464777,1.9331107526686306,1.4123062439314613
p024,Q95,fairness_qp,0.2,1.4,1.5,0.8046277482818137,2.6451208980413505,-1.8404931497595367,1.7701810462200027,1.494265743998147
p024,Q95,fairness_qp,0.2,1.5,1.6,0.7302978434690077,2.5216892189007245,-1.7913913754317168,1.6066552556318197,1.5695272586084847
p024,Q95,fairness_qp,0.2,1.6,1.7,0.21854908158570885,2.3701015224820847,-2.151552440896376,1.886025589014753,1.2566645629236715
p024,Q95,fairness_qp,0.2,1.7,1.8,0.11766714587176097,2.2003528092328777,-2.082685663361117,1.7650071880763383,1.246653738351637
p024,Q95,fairness_qp,0.2,1.8,1.9,0.1046700132311118,2.021279317227731,-1.9166093039966192,1.5700501984666908,1.2873978928837497
p024,Q95,fairness_qp,0.2,1.9,2.0,0.0695052148509262,1.371218766615709,-1.3017135517647827,1.0425782227639209,1.3152190758220017
p024,Q95,fairness_qp,0.3,1.1,1.2,2.2366686202161117,2.434967302704552,-0.1982986824884403,1.016667554643691,2.3950477140562723
p024,Q95,fairness_qp,0.3,1.2,1.3,1.5025848624486902,2.4533277562565,-0.95074289380781,1.5379320225371376,1.5952120901996873
p024,Q95,fairness_qp,0.3,1.3,1.4,0.8786867057584691,2.4221113091316693,-1.5434246033732002,1.9331107526686375,1.2529604451208871
p024,Q95,fairness_qp,0.3,1.4,1.5,0.8046277482818207,2.3478780070049705,-1.54325025872315,1.7701810462199958,1.3263490827780446
p024,Q95,fairness_qp,0.3,1.5,1.6,0.7302978434690077,2.2391201962869145,-1.5088223528179068,1.6066552556318197,1.393653173845547
p024,Q95,fairness_qp,0.3,1.6,1.7,0.6576795845626426,2.1050436734958433,-1.4473640889332007,1.4468950860378194,1.4548695989149425
p024,Q95,fairness_qp,0.3,1.7,1.8,0.5883357293587771,1.9546035039001848,-1.3662677745414076,1.2943386045893222,1.5101175974893808
p024,Q95,fairness_qp,0.3,1.8,1.9,0.39974592676715603,1.795712230404964,-1.3959663036378078,1.2749742849306467,1.4084301555169352
p024,Q95,fairness_qp,0.3,1.9,2.0,0.0695052148509262,1.2168686941975566,-1.1473634793466303,1.0425782227639209,1.1671725608957992
p024,Q95,flat_level,0.05,1.0,1.1,0.7894744132313711,8.075142155346514,-7.285667742115143,2.2031161984705645,3.6653273944208644
p024,Q95,flat_level,0.1,1.0,1.1,0.9351845661568561,8.00304267181643,-7.067858105659575,2.057406045545079,3.8898703001021575
p024,Q95,flat_level,0.2,1.0,1.1,0.9351845661568561,7.462296545342507,-6.527111979185651,2.057406045545079,3.6270412257710083
p024,Q95,flat_level,0.3,1.0,1.1,0.9351845661568561,6.561053001218932,-5.625868435062076,2.057406045545079,3.1889927685522466
p024,Q95,max_export_lp,0.05,1.0,1.1,0.821284893622376,3.357357393640459,-2.536072500018083,2.680273404317042,1.2526175084350935
p024,Q95,max_export_lp,0.05,1.3,1.4,1.3528558620579112e-06,2.155180415380764e-05,-2.019894829174973e-05,2.0292837944746456e-05,1.0620399281997477
p024,Q95,max_export_lp,0.05,1.5,1.6,1.7093746418339606e-06,2.721685632423032e-05,-2.550748168239636e-05,2.5640619571998258e-05,1.061474206885135
p024,Q95,max_export_lp,0.05,1.6,1.7,8.321992261972611e-07,1.3244948277035817e-05,-1.2412749050838556e-05,1.2482988420714491e-05,1.0610398592581338
p024,Q95,max_export_lp,0.1,1.0,1.1,1.0942369681067738,3.171693903004133,-2.0774569348973593,2.4073213298326444,1.3175199603389165
p024,Q95,max_export_lp,0.1,1.3,1.4,6.764279310289556e-06,2.141100003544283e-05,-1.4646720725153273e-05,1.4881414496514811e-05,1.4387745224391961
p024,Q95,max_export_lp,0.1,1.5,1.6,8.546873195292015e-06,2.6606614009216933e-05,-1.8059740813924918e-05,1.8803121018540203e-05,1.4150105178274581
p024,Q95,max_export_lp,0.1,1.6,1.7,4.160996137925199e-06,1.2180397059025072e-05,-8.019400921099873e-06,9.154191508986553e-06,1.3305814114843164
p024,Q95,max_export_lp,0.2,1.0,1.1,1.0942369681067667,2.4290399404591003,-1.3348029723523336,2.4073213298326515,1.0090218993024744
p024,Q95,max_export_lp,0.2,1.3,1.4,6.76427931722845e-06,2.0847783679944776e-05,-1.4083504362716326e-05,1.4881414489575917e-05,1.4009275593088386
p024,Q95,max_export_lp,0.2,1.5,1.6,8.546873188353121e-06,2.4165643909557222e-05,-1.56187707212041e-05,1.8803121025479097e-05,1.2851932334430896
p024,Q95,max_export_lp,0.2,1.6,1.7,4.160996144864093e-06,7.922192388210014e-06,-3.761196243345921e-06,9.15419150204766e-06,0.8654169389440821
p024,Q95,max_export_lp,0.3,1.0,1.1,1.0942369681067667,2.4111921364412883,-1.3169551683345215,2.4073213298326515,1.001607931006413
p024,Q95,max_export_lp,0.3,1.3,1.4,6.764279310289556e-06,2.0720018097108994e-05,-1.3955738786819438e-05,1.4881414496514811e-05,1.3923419781070925
p024,Q95,max_export_lp,0.3,1.5,1.6,8.546873195292015e-06,2.4174984444846892e-05,-1.5628111249554877e-05,1.8803121018540203e-05,1.2856899884338318
p024,Q95,max_export_lp,0.3,1.6,1.7,4.160996137925199e-06,8.110155359786209e-06,-3.9491592218610094e-06,9.154191508986553e-06,0.8859499336259867
p024,Q95,weighted_proportional,0.0,1.1,1.2,3.1832303077728787,5.529393671736306,-2.346163363963427,0.722886782997631,7.649045191844968
p024,Q95,weighted_proportional,0.05,1.0,1.1,3.8467427002185848,5.104011398007112,-1.2572686977885272,0.10226685576419231,49.90875450181024
p024,Q95,weighted_proportional,0.05,1.1,1.2,2.607743033223829,5.529393671736625,-2.921650638512796,1.2983740575466807,4.258706217670886
p024,Q95,weighted_proportional,0.05,1.2,1.3,0.6629785378549844,5.9395690343023375,-5.276590496447353,3.1972251998151764,1.8577262041615614
p024,Q95,weighted_proportional,0.05,1.3,1.4,0.014775592458257658,6.333755998894561,-6.318980406436303,3.7966949363242506,1.6682288424854466
p024,Q95,weighted_proportional,0.1,1.0,1.1,3.293129035677078,4.785010685631585,-1.4918816499545073,0.6558805203056989,7.295552371949305
p024,Q95,weighted_proportional,0.1,1.1,1.2,2.4143729562806153,5.1838065672530975,-2.7694336109724826,1.4917441344898945,3.4749971174015792
p024,Q95,weighted_proportional,0.1,1.2,1.3,1.206313668021923,5.568345969658599,-4.362032301636676,2.6538900696482375,2.0981826012094995
p024,Q95,weighted_proportional,0.1,1.3,1.4,0.2973192778819647,5.93789624896341,-5.640576971081446,3.5141512509005435,1.6897099256731631
p024,Q95,weighted_proportional,0.1,1.4,1.5,0.07777743440934987,6.29182810880375,-6.2140506743944,3.6823473751708136,1.7086459988071847
p024,Q95,weighted_proportional,0.2,1.0,1.1,2.7149440697381637,3.5090078361298476,-0.7940637663916839,1.2340654862446134,2.843453508134414
p024,Q95,weighted_proportional,0.2,1.1,1.2,2.4143729562806153,3.801458149318822,-1.3870851930382067,1.4917441344898945,2.5483312194277468
p024,Q95,weighted_proportional,0.2,1.2,1.3,1.206313668021923,4.083453711083089,-2.877140043061166,2.6538900696482375,1.5386672408870101
p024,Q95,weighted_proportional,0.2,1.3,1.4,1.1910845402445316,4.354457249240003,-3.163372708995471,2.6203859885379766,1.6617617665058335
p024,Q95,weighted_proportional,0.2,1.4,1.5,0.5461175382361836,4.614007279789327,-4.067889741553143,3.21400727134398,1.4355932921893853
p024,Q95,weighted_proportional,0.2,1.5,1.6,0.23164864802732027,4.861718379070394,-4.630069731043074,3.474729720409728,1.3991644732866064
p024,Q95,weighted_proportional,0.2,1.6,1.7,0.01274598578327596,61.603566487904665,-61.59082050212139,0.19118978674920878,322.21159683970205
p024,Q95,weighted_proportional,0.3,1.0,1.1,2.7149440697381566,3.5090078361300625,-0.7940637663919059,1.2340654862446203,2.843453508134572
p024,Q95,weighted_proportional,0.3,1.1,1.2,2.4143729562806153,3.801458149318822,-1.3870851930382067,1.4917441344898945,2.5483312194277468
p024,Q95,weighted_proportional,0.3,1.2,1.3,1.206313668021923,4.083453711082867,-2.877140043060944,2.6538900696482375,1.5386672408869264
p024,Q95,weighted_proportional,0.3,1.3,1.4,1.1910845402445385,4.354457249239788,-3.163372708995249,2.6203859885379694,1.6617617665057558
p024,Q95,weighted_proportional,0.3,1.4,1.5,1.1750390029938025,4.614007279789487,-3.438968276795684,2.585085806586361,1.784856528953034
p024,Q95,weighted_proportional,0.3,1.5,1.6,0.8076021832696956,4.861718379070457,-4.054116195800761,2.8987761851673524,1.6771623845770554
p024,Q95,weighted_proportional,0.3,1.6,1.7,0.012745985783282898,54.8562664882808,-54.843520502497526,0.19118978674920184,286.920485769671
p025,Q0,equal_kw_reduction,0.0,1.4,1.5,0.8994187581385614,4.450930199577621,-3.551511441439059,0.14649444901938813,30.382927335277753
p025,Q0,equal_kw_reduction,0.05,1.3,1.4,1.0405394857292538,3.7945125404087574,-2.753973054679504,0.01909101511633933,198.75907683720638
p025,Q0,equal_kw_reduction,0.05,1.4,1.5,0.7383752260734597,4.152876837998818,-3.414501611925358,0.30753798108448976,13.503622620380991
p025,Q0,equal_kw_reduction,0.05,1.5,1.6,0.17850785568375438,4.51037790966026,-4.331870053976505,0.8538456313338592,5.282427811470143
p025,Q0,equal_kw_reduction,0.05,1.6,1.7,0.0016266914976865998,4.8814361693123205,-4.879809477814634,1.017288835385651,4.798476105816873
p025,Q0,equal_kw_reduction,0.1,1.2,1.3,1.0453744218047492,3.0206309832806513,-1.9752565614759021,0.028168796313489397,107.23322891273631
p025,Q0,equal_kw_reduction,0.1,1.3,1.4,0.9170395340773827,3.340623480551289,-2.423583946473906,0.14259096676821037,23.428016207938757
p025,Q0,equal_kw_reduction,0.1,1.4,1.5,0.6641299115388213,3.656121235367146,-2.9919913238283247,0.38178329561912827,9.576430601653504
p025,Q0,equal_kw_reduction,0.1,1.5,1.6,0.3226104646930038,3.981008330576515,-3.6583978658835115,0.7097430223246097,5.609084140817029
p025,Q0,equal_kw_reduction,0.1,1.6,1.7,0.07018898642095761,4.370047618241543,-4.299858631820586,0.9487265404623801,4.606224693694894
p025,Q0,equal_kw_reduction,0.1,1.7,1.8,0.013249158567478492,4.683783788457567,-4.6705346298900885,0.9923158929875143,4.7200531822143255
p025,Q0,equal_kw_reduction,0.2,1.0,1.1,1.0584189751248456,2.093633993350856,-1.03521501822601,0.04370098225671762,47.90816785425977
p025,Q0,equal_kw_reduction,0.2,1.1,1.2,1.0197110688657356,2.387607561650972,-1.3678964927852366,0.06798073792438353,35.121824719036745
p025,Q0,equal_kw_reduction,0.2,1.2,1.3,0.8937715817318882,2.6758850558410585,-1.7821134741091704,0.1797716363863503,14.884912379004373
p025,Q0,equal_kw_reduction,0.2,1.3,1.4,0.7284959693313452,2.9593566702709304,-2.2308607009395853,0.3311345315142478,8.937022233042455
p025,Q0,equal_kw_reduction,0.2,1.4,1.5,0.6641299115388195,3.2388465291568087,-2.574716617617989,0.38178329561913,8.483468413421386
p025,Q0,equal_kw_reduction,0.2,1.5,1.6,0.3226104646930055,3.5151258270161283,-3.192515362323123,0.709743022324608,4.9526740192571435
p025,Q0,equal_kw_reduction,0.2,1.6,1.7,0.3184111021510422,3.7889242647522052,-3.470513162601163,0.7005044247322956,5.40885129483683
p025,Q0,equal_kw_reduction,0.2,1.7,1.8,0.11584444999210124,4.060940199566902,-3.9450957495748007,0.8897206015628916,4.564287027223396
p025,Q0,equal_kw_reduction,0.2,1.8,1.9,0.05080759284529189,3.5244661157089237,-3.473658522863632,0.7621138926793749,4.624592399592543
p025,Q0,equal_kw_reduction,0.3,1.0,1.1,1.0332374600452157,2.029412091714116,-0.9961746316689002,0.0688824973363476,29.461941279577346
p025,Q0,equal_kw_reduction,0.3,1.1,1.2,0.8742029381413339,2.3143680658951347,-1.4401651277538008,0.21348886864878525,10.840696662749885
p025,Q0,equal_kw_reduction,0.3,1.2,1.3,0.7380609624562887,2.593802692164771,-1.8557417297084822,0.3354822556619497,7.731564481843797
p025,Q0,equal_kw_reduction,0.3,1.3,1.4,0.7284959693313452,2.8685788582995095,-2.1400828889681645,0.3311345315142478,8.662880446753052
p025,Q0,equal_kw_reduction,0.3,1.4,1.5,0.6641299115388213,3.145400443066845,-2.4812705315280237,0.38178329561912827,8.238706300562546
p025,Q0,equal_kw_reduction,0.3,1.5,1.6,0.3226104646930038,3.4180824759635873,-3.0954720112705836,0.7097430223246097,4.815943754921884
p025,Q0,equal_kw_reduction,0.3,1.6,1.7,0.3184111021510439,3.684322061123806,-3.365910958972762,0.7005044247322938,5.2595271793348255
p025,Q0,equal_kw_reduction,0.3,1.7,1.8,0.3142390786109346,3.948828353566792,-3.6345892749558573,0.6913259729440582,5.711962964085438
p025,Q0,equal_kw_reduction,0.3,1.8,1.9,0.15363171422645877,3.427164903925599,-3.2735331896991404,0.659289771298208,5.198267974303873
p025,Q0,fairness_qp,0.0,1.5,1.6,0.13982758305799634,1.9903514965780265,-1.8505239135200302,0.26470070019658093,7.519252858416637
p025,Q0,fairness_qp,0.05,1.2,1.3,0.5693754858172185,2.452700468928164,-1.8833249831109455,0.005576683278281369,439.8134781080917
p025,Q0,fairness_qp,0.05,1.3,1.4,0.4833959545049553,2.323458206518785,-1.84006225201383,0.03310340930316215,70.18788262080427
p025,Q0,fairness_qp,0.05,1.4,1.5,0.31578327046845495,2.162178994103219,-1.846395723634764,0.1435378502129322,15.063476225230627
p025,Q0,fairness_qp,0.05,1.5,1.6,0.17885043216380425,1.9793796693949786,-1.8005292372311743,0.22567785109077304,8.770819377391291
p025,Q0,fairness_qp,0.05,1.6,1.7,0.10649361905489506,1.7846672513634945,-1.6781736323085994,0.24645708660976304,7.241290059511713
p025,Q0,fairness_qp,0.05,1.7,1.8,0.019070555494672334,1.586252434946046,-1.5671818794513737,0.2860583324200867,5.54520618758477
p025,Q0,fairness_qp,0.05,1.8,1.9,0.01633415496493304,1.3906494269025869,-1.374315271937654,0.24501232447397997,5.675834592762587
p025,Q0,fairness_qp,0.05,1.9,2.0,0.0012967641740673636,1.2026097158275555,-1.2013129516534882,0.22037399403017008,5.457130824896305
p025,Q0,fairness_qp,0.1,1.0,1.1,0.6847766829833294,2.3720471708336635,-1.6872704878503342,0.00536382390264184,442.2306201486893
p025,Q0,fairness_qp,0.1,1.1,1.2,0.593745544607548,2.359234923109731,-1.765489378502183,0.0395830363071701,59.60217161719799
p025,Q0,fairness_qp,0.1,1.2,1.3,0.5167109254139071,2.3075804877484476,-1.7908695623345405,0.05824124368159281,39.62107163033952
p025,Q0,fairness_qp,0.1,1.3,1.4,0.35509331261807975,2.1858162763220923,-1.8307229637040123,0.16140605119003767,13.542344046001947
p025,Q0,fairness_qp,0.1,1.4,1.5,0.3157832704684532,2.033990725160431,-1.7182074546919779,0.14353785021293392,14.170413742041346
p025,Q0,fairness_qp,0.1,1.5,1.6,0.17885043216380425,1.8619678176159307,-1.6831173854521264,0.22567785109077304,8.250556306772891
p025,Q0,fairness_qp,0.1,1.6,1.7,0.11029709552020685,1.6787795045798086,-1.5684824090596017,0.24265361014445125,6.918419650053565
p025,Q0,fairness_qp,0.1,1.7,1.8,0.09535277747336167,1.4921345576183793,-1.3967817801450177,0.2097761104413974,7.112986099698034
p025,Q0,fairness_qp,0.1,1.8,1.9,0.08167077482466,1.3081498826848832,-1.2264791078602233,0.17967570461425303,7.280616405503231
p025,Q0,fairness_qp,0.1,1.9,2.0,0.01904147908403722,1.1312946607456749,-1.1122531816616377,0.20262927912020023,5.583075978247882
p025,Q0,fairness_qp,0.2,1.0,1.1,0.6255514295950282,1.8178340468489318,-1.1922826172539036,0.06458907729094306,28.144604677667935
p025,Q0,fairness_qp,0.2,1.1,1.2,0.4354133993788676,1.8404983050949817,-1.405084905716114,0.19791518153585047,9.299429638557529
p025,Q0,fairness_qp,0.2,1.2,1.3,0.3952796162531563,1.8940175384676,-1.4987379222144437,0.1796725528423436,10.541496230253568
p025,Q0,fairness_qp,0.2,1.3,1.4,0.3550933126180815,1.7939059744615065,-1.438812661843425,0.16140605119003593,11.114242379608191
p025,Q0,fairness_qp,0.2,1.4,1.5,0.3157832704684532,1.669198740025815,-1.353415469557362,0.14353785021293392,11.628979656234304
p025,Q0,fairness_qp,0.2,1.5,1.6,0.17885043216380425,1.5279690436429318,-1.3491186114791276,0.22567785109077304,6.770576005832075
p025,Q0,fairness_qp,0.2,1.6,1.7,0.11029709552020511,1.3776150229853554,-1.2673179274651503,0.24265361014445297,5.677290447750824
p025,Q0,fairness_qp,0.2,1.7,1.8,0.0953527774733634,1.2244507227536297,-1.1290979452802663,0.20977611044139566,5.836940727794167
p025,Q0,fairness_qp,0.2,1.8,1.9,0.08167077482466,1.073486414223534,-0.9918156393988742,0.17967570461425303,5.974577456246571
p025,Q0,fairness_qp,0.2,1.9,2.0,0.06927211193882496,0.9283843006604141,-0.8591121887215891,0.1523986462654125,6.0918146152267685
p025,Q0,fairness_qp,0.3,1.0,1.1,0.4744715984841049,1.7796710663779742,-1.3051994678938694,0.21566890840186634,8.251866620764023
p025,Q0,fairness_qp,0.3,1.1,1.2,0.43541339937886936,1.7554862349906213,-1.320072835611752,0.19791518153584875,8.869891745382082
p025,Q0,fairness_qp,0.3,1.2,1.3,0.3952796162531563,1.6955359120325013,-1.300256295779345,0.1796725528423436,9.43681093862052
p025,Q0,fairness_qp,0.3,1.3,1.4,0.35509331261807975,1.6062110817186646,-1.2511177691005848,0.16140605119003767,9.951368426872234
p025,Q0,fairness_qp,0.3,1.4,1.5,0.3157832704684532,1.4947299510675998,-1.1789466805991466,0.14353785021293392,10.41348988333192
p025,Q0,fairness_qp,0.3,1.5,1.6,0.17885043216380597,1.3683666538974946,-1.1895162217336885,0.2256778510907713,6.063362652930948
p025,Q0,fairness_qp,0.3,1.6,1.7,0.11029709552020511,1.233762818634264,-1.1234657231140588,0.24265361014445297,5.084461005545306
p025,Q0,fairness_qp,0.3,1.7,1.8,0.09535277747336167,1.096596456087789,-1.0012436786144274,0.2097761104413974,5.227461095452678
p025,Q0,fairness_qp,0.3,1.8,1.9,0.08167077482466,0.9613722297060253,-0.8797014548813653,0.17967570461425303,5.350596686235358
p025,Q0,fairness_qp,0.3,1.9,2.0,0.06927211193882496,0.8313747451107155,-0.7621026331718905,0.1523986462654125,5.455263320796305
p025,Q0,flat_level,0.05,1.0,1.1,0.2259140624999989,13.292007953659313,-13.066093891159314,0.9789609375000021,13.577669388528879
p025,Q0,flat_level,0.1,1.0,1.1,0.3765234374999999,13.173329311215788,-12.796805873715789,0.8283515625000012,15.90306568802515
p025,Q0,flat_level,0.1,1.1,1.2,0.07530468749999963,14.716301064730041,-14.640996377230042,1.129570312499998,13.028229320368286
p025,Q0,flat_level,0.2,1.0,1.1,0.3765234374999999,12.283239492890287,-11.906716055390287,0.8283515625000012,14.828534222617911
p025,Q0,flat_level,0.2,1.1,1.2,0.3765234374999999,13.721956398194347,-13.345432960694348,0.8283515624999978,16.56537757565271
p025,Q0,flat_level,0.2,1.2,1.3,0.07530468749999963,15.254908929353938,-15.179604241853939,1.1295703125000014,13.505054763338531
p025,Q0,flat_level,0.2,1.3,1.4,0.0251015624999993,5.397436440447526,-5.372334877947527,0.3765234374999999,14.334928195399595
p025,Q0,flat_level,0.3,1.0,1.1,0.3765234375000016,10.799756462347935,-10.423233024847933,0.8283515624999994,13.03764844693939
p025,Q0,flat_level,0.3,1.1,1.2,0.37652343749999817,13.340355743167775,-12.963832305667777,0.8283515624999994,16.104702818337213
p025,Q0,flat_level,0.3,1.2,1.3,0.3765234374999999,15.181213717134824,-14.804690279634825,0.8283515625000012,18.327017663028556
p025,Q0,flat_level,0.3,1.3,1.4,0.025101562500001035,5.354614524877159,-5.329512962377159,0.37652343749999817,14.221198447645602
p025,Q0,weighted_proportional,0.0,1.1,1.2,0.7958075769310246,5.645557406117869,-4.849749829186845,0.18072169574804597,31.238957684353792
p025,Q0,weighted_proportional,0.05,1.0,1.1,0.9616856750709769,5.211238525886496,-4.249552850815519,0.025566713941811356,203.82903089333385
p025,Q0,weighted_proportional,0.05,1.1,1.2,0.6519357582941004,5.645557406117788,-4.993621647823687,0.32459351438497014,17.392699348336695
p025,Q0,weighted_proportional,0.05,1.2,1.3,0.1657446344648615,6.06434989496343,-5.898605260498568,0.7993062999650888,7.587016260510271
p025,Q0,weighted_proportional,0.05,1.3,1.4,0.0036938981138739946,6.46681809829501,-6.463124200181136,0.9491737340962015,6.81310266602845
p025,Q0,weighted_proportional,0.1,1.0,1.1,0.8232822589322453,4.885536118018674,-4.062253859086429,0.16397013008054295,29.79528110161817
p025,Q0,weighted_proportional,0.1,1.1,1.2,0.6035932390613449,5.292710068235401,-4.689116829174056,0.3729360336177257,14.192005038753212
p025,Q0,weighted_proportional,0.1,1.2,1.3,0.3015784170093596,5.685328026528177,-5.3837496095188175,0.6634725174205908,8.569048268391372
p025,Q0,weighted_proportional,0.1,1.3,1.4,0.07432981946862982,6.062641967151769,-5.988312147683139,0.8785378127414457,6.900832131782139
p025,Q0,weighted_proportional,0.1,1.4,1.5,0.01944435860074499,6.424009386428236,-6.404565027827491,0.9205868436333291,6.97816770992974
p025,Q0,weighted_proportional,0.2,1.0,1.1,0.6787360174462919,3.5827264865469064,-2.9039904691006146,0.3085163715664963,11.61275970009488
p025,Q0,weighted_proportional,0.2,1.1,1.2,0.6035932390613431,3.8813207167058863,-3.277727477644543,0.3729360336177274,10.407470361752107
p025,Q0,weighted_proportional,0.2,1.2,1.3,0.3015784170093596,4.169240552787409,-3.8676621357780494,0.6634725174205908,6.283968730153791
p025,Q0,weighted_proportional,0.2,1.3,1.4,0.2977711350656501,4.445937442577897,-4.148166307512247,0.6550964971444254,6.7866909103587005
p025,Q0,weighted_proportional,0.2,1.4,1.5,0.1365293845426111,4.710940216714083,-4.574410832171472,0.803501817691463,5.863011275131973
p025,Q0,weighted_proportional,0.2,1.5,1.6,0.057912162011775764,4.963855314282218,-4.905943152270442,0.8686824301766365,5.714234732792829
p025,Q0,weighted_proportional,0.2,1.6,1.7,0.0031864964493387438,62.897759057311184,-62.89457256086184,0.04779744674010197,1315.922990600669
p025,Q0,weighted_proportional,0.3,1.0,1.1,0.6787360174462919,3.5827264865469064,-2.9039904691006146,0.3085163715664963,11.61275970009488
p025,Q0,weighted_proportional,0.3,1.1,1.2,0.6035932390613449,3.881320716705888,-3.277727477644543,0.3729360336177257,10.40747036175216
p025,Q0,weighted_proportional,0.3,1.2,1.3,0.3015784170093596,4.169240552787409,-3.8676621357780494,0.6634725174205908,6.283968730153791
p025,Q0,weighted_proportional,0.3,1.3,1.4,0.2977711350656484,4.445937442577895,-4.148166307512247,0.6550964971444272,6.78669091035868
p025,Q0,weighted_proportional,0.3,1.4,1.5,0.2937597506981471,4.710940216714171,-4.417180466016024,0.646271451535927,7.289414077502824
p025,Q0,weighted_proportional,0.3,1.5,1.6,0.20190054585624007,4.963855314282132,-4.761954768425891,0.7246940463321722,6.849587545813629
p025,Q0,weighted_proportional,0.3,1.6,1.7,0.0031864964493404785,56.00870905778629,-56.00552256133695,0.04779744674010024,1171.7929068959477
p025,Q95,equal_kw_reduction,0.0,1.4,1.5,0.8994187581385614,4.450930199577621,-3.551511441439059,0.14649444901938813,30.382927335277753
p025,Q95,equal_kw_reduction,0.05,1.3,1.4,1.0405394857292538,3.7945125404087574,-2.753973054679504,0.01909101511633933,198.75907683720638
p025,Q95,equal_kw_reduction,0.05,1.4,1.5,0.7383752260734597,4.152876837998818,-3.414501611925358,0.30753798108448976,13.503622620380991
p025,Q95,equal_kw_reduction,0.05,1.5,1.6,0.17850785568375438,4.51037790966026,-4.331870053976505,0.8538456313338592,5.282427811470143
p025,Q95,equal_kw_reduction,0.05,1.6,1.7,0.0016266914976865998,4.8814361693123205,-4.879809477814634,1.017288835385651,4.798476105816873
p025,Q95,equal_kw_reduction,0.1,1.2,1.3,1.0453744218047492,3.0206309832806513,-1.9752565614759021,0.028168796313489397,107.23322891273631
p025,Q95,equal_kw_reduction,0.1,1.3,1.4,0.9170395340773827,3.340623480551289,-2.423583946473906,0.14259096676821037,23.428016207938757
p025,Q95,equal_kw_reduction,0.1,1.4,1.5,0.6641299115388213,3.656121235367146,-2.9919913238283247,0.38178329561912827,9.576430601653504
p025,Q95,equal_kw_reduction,0.1,1.5,1.6,0.3226104646930038,3.981008330576515,-3.6583978658835115,0.7097430223246097,5.609084140817029
p025,Q95,equal_kw_reduction,0.1,1.6,1.7,0.07018898642095761,4.370047618241543,-4.299858631820586,0.9487265404623801,4.606224693694894
p025,Q95,equal_kw_reduction,0.1,1.7,1.8,0.013249158567478492,4.683783788457567,-4.6705346298900885,0.9923158929875143,4.7200531822143255
p025,Q95,equal_kw_reduction,0.2,1.0,1.1,1.0584189751248456,2.093633993350856,-1.03521501822601,0.04370098225671762,47.90816785425977
p025,Q95,equal_kw_reduction,0.2,1.1,1.2,1.0197110688657356,2.387607561650972,-1.3678964927852366,0.06798073792438353,35.121824719036745
p025,Q95,equal_kw_reduction,0.2,1.2,1.3,0.8937715817318882,2.6758850558410585,-1.7821134741091704,0.1797716363863503,14.884912379004373
p025,Q95,equal_kw_reduction,0.2,1.3,1.4,0.7284959693313452,2.9593566702709304,-2.2308607009395853,0.3311345315142478,8.937022233042455
p025,Q95,equal_kw_reduction,0.2,1.4,1.5,0.6641299115388195,3.2388465291568087,-2.574716617617989,0.38178329561913,8.483468413421386
p025,Q95,equal_kw_reduction,0.2,1.5,1.6,0.3226104646930055,3.5151258270161283,-3.192515362323123,0.709743022324608,4.9526740192571435
p025,Q95,equal_kw_reduction,0.2,1.6,1.7,0.3184111021510422,3.7889242647522052,-3.470513162601163,0.7005044247322956,5.40885129483683
p025,Q95,equal_kw_reduction,0.2,1.7,1.8,0.11584444999210124,4.060940199566902,-3.9450957495748007,0.8897206015628916,4.564287027223396
p025,Q95,equal_kw_reduction,0.2,1.8,1.9,0.05080759284529189,3.5244661157089237,-3.473658522863632,0.7621138926793749,4.624592399592543
p025,Q95,equal_kw_reduction,0.3,1.0,1.1,1.0332374600452157,2.029412091714116,-0.9961746316689002,0.0688824973363476,29.461941279577346
p025,Q95,equal_kw_reduction,0.3,1.1,1.2,0.8742029381413339,2.3143680658951347,-1.4401651277538008,0.21348886864878525,10.840696662749885
p025,Q95,equal_kw_reduction,0.3,1.2,1.3,0.7380609624562887,2.593802692164771,-1.8557417297084822,0.3354822556619497,7.731564481843797
p025,Q95,equal_kw_reduction,0.3,1.3,1.4,0.7284959693313452,2.8685788582995095,-2.1400828889681645,0.3311345315142478,8.662880446753052
p025,Q95,equal_kw_reduction,0.3,1.4,1.5,0.6641299115388213,3.145400443066845,-2.4812705315280237,0.38178329561912827,8.238706300562546
p025,Q95,equal_kw_reduction,0.3,1.5,1.6,0.3226104646930038,3.4180824759635873,-3.0954720112705836,0.7097430223246097,4.815943754921884
p025,Q95,equal_kw_reduction,0.3,1.6,1.7,0.3184111021510439,3.684322061123806,-3.365910958972762,0.7005044247322938,5.2595271793348255
p025,Q95,equal_kw_reduction,0.3,1.7,1.8,0.3142390786109346,3.948828353566792,-3.6345892749558573,0.6913259729440582,5.711962964085438
p025,Q95,equal_kw_reduction,0.3,1.8,1.9,0.15363171422645877,3.427164903925599,-3.2735331896991404,0.659289771298208,5.198267974303873
p025,Q95,fairness_qp,0.0,1.5,1.6,0.13982798464875523,1.9903583033034304,-1.850530318654675,0.26470120096564775,7.519264348036463
p025,Q95,fairness_qp,0.05,1.2,1.3,0.5693738916046163,2.452696714215339,-1.8833228226107224,0.005576639196400862,439.8162814259703
p025,Q95,fairness_qp,0.05,1.3,1.4,0.4833962798078024,2.3234591826403648,-1.8400629028325621,0.03310330069169164,70.18814239341134
p025,Q95,fairness_qp,0.05,1.4,1.5,0.31578333030017786,2.1621927973209267,-1.8464094670207487,0.14353787740917223,15.063569535428842
p025,Q95,fairness_qp,0.05,1.5,1.6,0.17885086474778503,1.9793862675272536,-1.8005354027794684,0.225678320866618,8.770830356794105
p025,Q95,fairness_qp,0.05,1.6,1.7,0.10649356461063172,1.784674699788224,-1.6781811351775922,0.24645827302205958,7.24128542290193
p025,Q95,fairness_qp,0.05,1.7,1.8,0.019070677003570763,1.586261373358818,-1.5671906963552473,0.2860601550535614,5.545202102899682
p025,Q95,fairness_qp,0.05,1.8,1.9,0.01633403030460931,1.390632677516223,-1.3742986472116137,0.2450104545691431,5.675809548460634
p025,Q95,fairness_qp,0.05,1.9,2.0,0.0012966652794231537,1.202603844663138,-1.201307179383715,0.22037276502631825,5.457134616972818
p025,Q95,fairness_qp,0.1,1.0,1.1,0.6847771712655114,2.372047510766291,-1.6872703395007793,0.00536386576180381,442.22723239229555
p025,Q95,fairness_qp,0.1,1.1,1.2,0.593745791392996,2.3592458683990394,-1.7655000770060436,0.03958305275953214,59.60242335859002
p025,Q95,fairness_qp,0.1,1.2,1.3,0.5167095658403527,2.307573817863147,-1.7908642520227946,0.058240964960664526,39.62114672072593
p025,Q95,fairness_qp,0.1,1.3,1.4,0.35509346159340316,2.185816451056588,-1.830722989463185,0.1614061189060909,13.54233944704622
p025,Q95,fairness_qp,0.1,1.4,1.5,0.31578333030017786,2.0339996915645244,-1.7182163612643464,0.14353787740917223,14.17047352432529
p025,Q95,fairness_qp,0.1,1.5,1.6,0.17885086474778503,1.861973384496455,-1.6831225197486699,0.225678320866618,8.250563799599217
p025,Q95,fairness_qp,0.1,1.6,1.7,0.11029744926021462,1.6787861967982252,-1.5684887475380105,0.24265438837247666,6.91842504089097
p025,Q95,fairness_qp,0.1,1.7,1.8,0.09535338501785381,1.492143224339309,-1.396789839321455,0.2097774470392784,7.1129820931604835
p025,Q95,fairness_qp,0.1,1.8,1.9,0.08167015152304828,1.3081361930721274,-1.2264660415490791,0.17967433335070415,7.280595779469471
p025,Q95,fairness_qp,0.1,1.9,2.0,0.019041000511803297,1.1312889930056789,-1.1122479924938755,0.20262842979393814,5.583071408864674
p025,Q95,fairness_qp,0.2,1.0,1.1,0.6255517591658953,1.8178334360682245,-1.1922816769023292,0.06458927786141995,28.144507823241064
p025,Q95,fairness_qp,0.2,1.1,1.2,0.4354135803548622,1.840509624075273,-1.4050960437204107,0.19791526379766589,9.299482964370426
p025,Q95,fairness_qp,0.2,1.2,1.3,0.3952784899256996,1.894014075561657,-1.4987355856359574,0.17967204087531752,10.541506994268508
p025,Q95,fairness_qp,0.2,1.3,1.4,0.35509346159340316,1.7939066975586893,-1.438813235965286,0.1614061189060909,11.114242196743591
p025,Q95,fairness_qp,0.2,1.4,1.5,0.31578333030017786,1.6692060007563059,-1.353422670456128,0.14353787740917223,11.629028036955225
p025,Q95,fairness_qp,0.2,1.5,1.6,0.17885086474778328,1.527973784826166,-1.3491229200783827,0.2256783208666197,6.77058292067508
p025,Q95,fairness_qp,0.2,1.6,1.7,0.11029744926021635,1.377620538638708,-1.2673230893784915,0.24265438837247494,5.677294970342995
p025,Q95,fairness_qp,0.2,1.7,1.8,0.09535338501785381,1.224457974870346,-1.129104589852492,0.2097774470392784,5.836938108228003
p025,Q95,fairness_qp,0.2,1.8,1.9,0.08167015152304828,1.0734754737483625,-0.9918053222253143,0.17967433335070415,5.974562163272696
p025,Q95,fairness_qp,0.2,1.9,2.0,0.06927169697054474,0.928379556181606,-0.8591078592110613,0.15239773333519668,6.091819975692474
p025,Q95,fairness_qp,0.3,1.0,1.1,0.4744719629562796,1.7796705900500527,-1.3051986270937732,0.2156690740710357,8.251858073373452
p025,Q95,fairness_qp,0.3,1.1,1.2,0.43541358035486394,1.7554967824251964,-1.3200832020703324,0.19791526379766416,8.869941351364911
p025,Q95,fairness_qp,0.3,1.2,1.3,0.39527848992569786,1.6955339535049563,-1.3002554635792585,0.17967204087531927,9.436826927799784
p025,Q95,fairness_qp,0.3,1.3,1.4,0.35509346159340316,1.6062119133194996,-1.2511184517260965,0.1614061189060909,9.951369404117965
p025,Q95,fairness_qp,0.3,1.4,1.5,0.31578333030017786,1.4947401551567585,-1.1789568248565807,0.14353787740917223,10.413559000150318
p025,Q95,fairness_qp,0.3,1.5,1.6,0.17885086474778503,1.3683713335210825,-1.1895204687732974,0.225678320866618,6.063370767145273
p025,Q95,fairness_qp,0.3,1.6,1.7,0.11029744926021635,1.2337680214500828,-1.1234705721898663,0.24265438837247494,5.084466140197088
p025,Q95,fairness_qp,0.3,1.7,1.8,0.09535338501785381,1.096602596321699,-1.0012492113038451,0.2097774470392784,5.22745705889143
p025,Q95,fairness_qp,0.3,1.8,1.9,0.08167015152304655,0.9613603328612018,-0.8796901813381552,0.17967433335070587,5.350571308283221
p025,Q95,fairness_qp,0.3,1.9,2.0,0.06927169697054474,0.831370705608651,-0.7620990086381063,0.15239773333519668,5.4552694939370445
p025,Q95,flat_level,0.05,1.0,1.1,0.2259140624999989,13.292007953659313,-13.066093891159314,0.9789609375000021,13.577669388528879
p025,Q95,flat_level,0.1,1.0,1.1,0.3765234374999999,13.173329311215788,-12.796805873715789,0.8283515625000012,15.90306568802515
p025,Q95,flat_level,0.1,1.1,1.2,0.07530468749999963,14.716301064730041,-14.640996377230042,1.129570312499998,13.028229320368286
p025,Q95,flat_level,0.2,1.0,1.1,0.3765234374999999,12.283239492890287,-11.906716055390287,0.8283515625000012,14.828534222617911
p025,Q95,flat_level,0.2,1.1,1.2,0.3765234374999999,13.721956398194347,-13.345432960694348,0.8283515624999978,16.56537757565271
p025,Q95,flat_level,0.2,1.2,1.3,0.07530468749999963,15.254908929353938,-15.179604241853939,1.1295703125000014,13.505054763338531
p025,Q95,flat_level,0.2,1.3,1.4,0.0251015624999993,5.397436440447526,-5.372334877947527,0.3765234374999999,14.334928195399595
p025,Q95,flat_level,0.3,1.0,1.1,0.3765234375000016,10.799756462347935,-10.423233024847933,0.8283515624999994,13.03764844693939
p025,Q95,flat_level,0.3,1.1,1.2,0.37652343749999817,13.340355743167775,-12.963832305667777,0.8283515624999994,16.104702818337213
p025,Q95,flat_level,0.3,1.2,1.3,0.3765234374999999,15.181213717134824,-14.804690279634825,0.8283515625000012,18.327017663028556
p025,Q95,flat_level,0.3,1.3,1.4,0.025101562500001035,5.354614524877159,-5.329512962377159,0.37652343749999817,14.221198447645602
p025,Q95,weighted_proportional,0.0,1.1,1.2,0.7958075769412786,5.645557404016923,-4.8497498270756445,0.1807216957541522,31.238957671672978
p025,Q95,weighted_proportional,0.05,1.0,1.1,0.961685675056466,5.211238527960092,-4.249552852903626,0.025566713941169508,203.82903097955625
p025,Q95,weighted_proportional,0.05,1.1,1.2,0.6519357583056208,5.645557404016998,-4.993621645711377,0.32459351438981,17.392699341605294
p025,Q95,weighted_proportional,0.05,1.2,1.3,0.1657446344623167,6.064349896846266,-5.898605262383949,0.7993062999513498,7.587016262996269
p025,Q95,weighted_proportional,0.05,1.3,1.4,0.003693898114510638,6.4668180997757965,-6.4631242016612855,0.9491737340805665,6.813102667700757
p025,Q95,weighted_proportional,0.1,1.0,1.1,0.8232822589206036,4.8855361199625795,-4.062253861041976,0.16397013007703187,29.79528111411141
p025,Q95,weighted_proportional,0.1,1.1,1.2,0.6035932390703029,5.292710066265942,-4.6891168271956385,0.3729360336251278,14.19200503319057
p025,Q95,weighted_proportional,0.1,1.2,1.3,0.3015784170042699,5.6853280282934495,-5.383749611289179,0.6634725174093966,8.569048271196605
p025,Q95,weighted_proportional,0.1,1.3,1.4,0.07432981947023791,6.062641968539602,-5.988312149069364,0.8785378127248392,6.9008321334922895
p025,Q95,weighted_proportional,0.1,1.4,1.5,0.019444358602318385,6.424009369693864,-6.404565011091545,0.9205868438136086,6.978167690385259
p025,Q95,weighted_proportional,0.2,1.0,1.1,0.6787360174358749,3.582726487972674,-2.903990470536799,0.30851637156176054,11.612759704894506
p025,Q95,weighted_proportional,0.2,1.1,1.2,0.6035932390703013,3.8813207152615625,-3.277727476191261,0.3729360336251295,10.407470357672693
p025,Q95,weighted_proportional,0.2,1.2,1.3,0.3015784170042717,4.169240554081948,-3.8676621370776765,0.6634725174093948,6.2839687322109885
p025,Q95,weighted_proportional,0.2,1.3,1.4,0.2977711350609612,4.4459374435957235,-4.148166308534762,0.655096497134116,6.78669091201921
p025,Q95,weighted_proportional,0.2,1.4,1.5,0.13652938456027233,4.710940204442241,-4.574410819881969,0.8035018178556546,5.863011258660948
p025,Q95,weighted_proportional,0.2,1.5,1.6,0.057912162005877704,4.9638553208486185,-4.9059431588427405,0.8686824300881759,5.714234740933761
p025,Q95,weighted_proportional,0.2,1.6,1.7,0.0031864964454442896,62.897759062962315,-62.89457256651687,0.04779744668167822,1315.922992327378
p025,Q95,weighted_proportional,0.3,1.0,1.1,0.6787360174358732,3.582726487972672,-2.903990470536799,0.30851637156176226,11.612759704894435
p025,Q95,weighted_proportional,0.3,1.1,1.2,0.6035932390703029,3.8813207152615643,-3.277727476191261,0.3729360336251278,10.407470357672747
p025,Q95,weighted_proportional,0.3,1.2,1.3,0.3015784170042699,4.169240554081947,-3.8676621370776765,0.6634725174093966,6.28396873221097
p025,Q95,weighted_proportional,0.3,1.3,1.4,0.2977711350609629,4.445937443595725,-4.148166308534762,0.6550964971341142,6.78669091201923
p025,Q95,weighted_proportional,0.3,1.4,1.5,0.2937597507549766,4.710940204442196,-4.4171804536872195,0.6462714516609503,7.289414057103778
p025,Q95,weighted_proportional,0.3,1.5,1.6,0.20190054581117195,4.963855320848663,-4.761954775037491,0.7246940462828817,6.849587555340617
p025,Q95,weighted_proportional,0.3,1.6,1.7,0.0031864964454460243,56.008709062971135,-56.00552256652569,0.047797446681676486,1171.792908436728
p026,Q0,equal_kw_reduction,0.05,1.1,1.2,0.3371199232490574,5.028083976578973,-4.690964053329916,13.931192503168766,0.3609227261367104
p026,Q0,equal_kw_reduction,0.1,1.1,1.2,2.2402492196473833,4.433747809134747,-2.1934985894873638,12.02806320677044,0.36861693631931103
p026,Q0,equal_kw_reduction,0.1,1.2,1.3,0.3490066465979269,4.883689622378117,-4.534682975780191,13.900005326704878,0.35134444250863034
p026,Q0,equal_kw_reduction,0.2,1.2,1.3,2.2865898347232125,4.333783552297993,-2.04719371757478,11.962422138579592,0.3622831147482463
p026,Q0,equal_kw_reduction,0.2,1.3,1.4,0.6633183982665269,3.5007143443835096,-2.837395946116983,9.94977597399782,0.3518385090812173
p026,Q0,equal_kw_reduction,0.3,1.3,1.4,2.1117169913326403,3.394952581713545,-1.2832355903809045,8.501377380931707,0.39934147486833194
p026,Q0,fairness_qp,0.05,1.0,1.1,2.710968750172488,5.8332665928057805,-3.1222978426332926,11.747531239645086,0.4965525499621496
p026,Q0,fairness_qp,0.1,1.0,1.1,4.518281247303301,5.423258038666001,-0.9049767913626994,9.940218742514272,0.5455873939142556
p026,Q0,fairness_qp,0.1,1.1,1.2,0.9036562535519876,6.065194297095234,-5.161538043543246,13.554843757372842,0.4474558619531274
p026,Q0,fairness_qp,0.2,1.1,1.2,4.518281253414025,4.997945202608656,-0.47966394919463085,9.940218757510804,0.5028003230645423
p026,Q0,fairness_qp,0.2,1.2,1.3,0.903656250154955,5.46929875336441,-4.565642503209455,13.554843750117257,0.4034940464228588
p026,Q0,fairness_qp,0.2,1.3,1.4,0.3012187500092134,1.899676522746474,-1.5984577727372606,4.518281250138117,0.42044229156571505
p026,Q0,fairness_qp,0.3,1.2,1.3,4.518281250085049,4.861800306758229,-0.3435190566731805,9.940218750187164,0.4891039552491425
p026,Q0,fairness_qp,0.3,1.3,1.4,0.3012187500791297,1.6792177611232029,-1.3779990110440732,4.518281250068201,0.37164967565882623
p026,Q0,max_export_lp,0.05,1.0,1.1,2.7109687500000144,4.692591995752365,-1.9816232457523508,11.747531249999998,0.39945345927488946
p026,Q0,max_export_lp,0.1,1.1,1.2,0.9036562499993295,5.174564845715102,-4.270908595715772,13.554843749989942,0.3817502393355837
p026,Q0,max_export_lp,0.2,1.1,1.2,4.518281249996647,4.730729293435543,-0.21244804343889534,9.940218749992624,0.4759180267978562
p026,Q0,max_export_lp,0.2,1.2,1.3,0.9036562500030765,5.470347164226758,-4.566690914223681,13.55484375000321,0.4035713922726304
p026,Q0,max_export_lp,0.2,1.3,1.4,0.30121874999974874,1.9472648436537898,-1.646046093654041,4.518281249996314,0.43097468614982265
p026,Q0,max_export_lp,0.3,1.3,1.4,0.30121875000085896,1.481398599678413,-1.180179849677554,4.518281249995204,0.3278677261801676
p026,Q0,weighted_proportional,0.05,1.2,1.3,1.988935613589815,5.606820067465712,-3.617884453875897,9.591675599569443,0.5845506355237238
p026,Q0,weighted_proportional,0.05,1.3,1.4,0.044326777369374515,5.978923728937213,-5.934596951567839,11.390084809123291,0.524923547904418
p026,Q0,weighted_proportional,0.1,1.2,1.3,3.6189410041122527,5.2563938132492165,-1.6374528091369633,7.961670209047006,0.6602124523163834
p026,Q0,weighted_proportional,0.1,1.3,1.4,0.8919578336333278,5.605240995878724,-4.713283162245396,10.542453752859338,0.5316827682889729
p026,Q0,weighted_proportional,0.1,1.4,1.5,0.23333230321359588,5.939344754932129,-5.706012451718534,11.047042123610822,0.5376411792834553
p026,Q0,weighted_proportional,0.2,1.2,1.3,3.6189410041122527,3.854688796382788,-0.23574779227053533,7.961670209047006,0.4841557983653515
p026,Q0,weighted_proportional,0.2,1.3,1.4,3.5732536207789547,4.110510063644352,-0.537256442865397,7.861157965713711,0.5228886229703387
p026,Q0,weighted_proportional,0.2,1.4,1.5,1.638352614530908,4.355519486950427,-2.7171668724195186,9.64202181229351,0.4517226336697527
p026,Q0,weighted_proportional,0.2,1.5,1.6,0.6949459441387973,4.589353198840157,-3.8944072547013597,10.42418916208182,0.440259969143117
p026,Q0,weighted_proportional,0.2,1.6,1.7,0.038237957398268296,58.1523862819851,-58.114148324586836,0.5735693609741632,101.38684218281425
p026,Q0,weighted_proportional,0.3,1.2,1.3,3.6189410041122527,3.854688796382788,-0.23574779227053533,7.961670209047006,0.4841557983653515
p026,Q0,weighted_proportional,0.3,1.3,1.4,3.5732536207789547,4.110510063644352,-0.537256442865397,7.861157965713711,0.5228886229703387
p026,Q0,weighted_proportional,0.3,1.4,1.5,3.52511700838265,4.355519486950343,-0.8304024785676933,7.755257418441769,0.5616215235606556
p026,Q0,weighted_proportional,0.3,1.5,1.6,2.4228065502870377,4.58935319884024,-2.1665466485532026,8.69632855593358,0.5277345685966389
p026,Q0,weighted_proportional,0.3,1.6,1.7,0.03823795739829605,51.78308628414782,-51.744848326749526,0.5735693609741355,90.28216952907101
p026,Q95,equal_kw_reduction,0.05,1.1,1.2,0.3371199232490574,5.028083976578973,-4.690964053329916,13.931192503168766,0.3609227261367104
p026,Q95,equal_kw_reduction,0.1,1.1,1.2,2.2402492196473833,4.433747809134747,-2.1934985894873638,12.02806320677044,0.36861693631931103
p026,Q95,equal_kw_reduction,0.1,1.2,1.3,0.3490066465979269,4.883689622378117,-4.534682975780191,13.900005326704878,0.35134444250863034
p026,Q95,equal_kw_reduction,0.2,1.2,1.3,2.2865898347232125,4.333783552297993,-2.04719371757478,11.962422138579592,0.3622831147482463
p026,Q95,equal_kw_reduction,0.2,1.3,1.4,0.6633183982665269,3.5007143443835096,-2.837395946116983,9.94977597399782,0.3518385090812173
p026,Q95,equal_kw_reduction,0.3,1.3,1.4,2.1117169913326403,3.394952581713545,-1.2832355903809045,8.501377380931707,0.39934147486833194
p026,Q95,fairness_qp,0.05,1.0,1.1,2.710968750055276,5.833221834843139,-3.1222530847878627,11.747531249827304,0.49654873954294787
p026,Q95,fairness_qp,0.1,1.0,1.1,4.518281250000866,5.423220405096352,-0.9049391550954855,9.940218749881712,0.545583607519793
p026,Q95,fairness_qp,0.1,1.1,1.2,0.9036562500275291,6.065234903773753,-5.161578653746224,13.554843749542329,0.4474588579435703
p026,Q95,fairness_qp,0.2,1.1,1.2,4.518281249865586,4.997973078979701,-0.479691829114115,9.940218749704272,0.5028031278615869
p026,Q95,fairness_qp,0.2,1.2,1.3,0.903656250201279,5.46930147765512,-4.565645227453841,13.554843750428258,0.4034942473964202
p026,Q95,fairness_qp,0.2,1.3,1.4,0.3012187499958352,1.8996716300077598,-1.5984528800119246,4.5182812499375835,0.42044120870828977
p026,Q95,fairness_qp,0.3,1.2,1.3,4.518281250196737,4.86180316471832,-0.34352191452158287,9.9402187504328,0.4891042427518646
p026,Q95,fairness_qp,0.3,1.3,1.4,0.3012187500003871,1.6792104035396327,-1.3779916535392456,4.518281249933032,0.3716480472667613
p026,Q95,max_export_lp,0.05,1.0,1.1,2.7109687499993482,4.6925918071860915,-1.9816230571867433,11.747531249989867,0.3994534432236679
p026,Q95,max_export_lp,0.1,1.1,1.2,0.9036562500032708,5.174564510981472,-4.270908260978201,13.55484375000618,0.38175021464036524
p026,Q95,max_export_lp,0.2,1.1,1.2,4.518281250002976,4.730727295186532,-0.21244604518355636,9.940218750006474,0.47591782577052955
p026,Q95,max_export_lp,0.2,1.2,1.3,0.9036562499973311,5.470347912633899,-4.566691662636568,13.554843749954582,0.40357144748734036
p026,Q95,max_export_lp,0.2,1.3,1.4,0.3012187500030239,1.9472660512666329,-1.646047301263609,4.51828125004547,0.43097495341774855
p026,Q95,max_export_lp,0.3,1.3,1.4,0.3012187500153751,1.4814039525402056,-1.1801852025248305,4.518281250033118,0.32786891088936687
p026,Q95,weighted_proportional,0.05,1.2,1.3,1.9889356135752712,5.606820068697949,-3.6178844551226774,9.591675599443295,0.5845506356598811
p026,Q95,weighted_proportional,0.05,1.3,1.4,0.04432677737672974,5.978923729912017,-5.934596952535287,11.390084808985373,0.5249235479963575
p026,Q95,weighted_proportional,0.1,1.2,1.3,3.618941004068316,5.25639381440432,-1.6374528103360042,7.96167020895025,0.6602124524694898
p026,Q95,weighted_proportional,0.1,1.3,1.4,0.8919578336545608,5.605240996792577,-4.713283163138016,10.542453752707543,0.5316827683833114
p026,Q95,weighted_proportional,0.1,1.4,1.5,0.23333230322911125,5.93934474379279,-5.706012440563679,11.047042125164191,0.5376411781995005
p026,Q95,weighted_proportional,0.2,1.2,1.3,3.618941004068288,3.854688797229888,-0.23574779316160033,7.961670208950277,0.4841557984776309
p026,Q95,weighted_proportional,0.2,1.3,1.4,3.5732536207381815,4.110510064314566,-0.5372564435763838,7.861157965623922,0.5228886230615675
p026,Q95,weighted_proportional,0.2,1.4,1.5,1.6383526146910021,4.355519478781406,-2.7171668640904034,9.6420218137023,0.45172263275652064
p026,Q95,weighted_proportional,0.2,1.5,1.6,0.6949459440864503,4.589353203307528,-3.8944072592210777,10.424189161296837,0.44025996960482844
p026,Q95,weighted_proportional,0.2,1.6,1.7,0.03823795736807023,58.1523862872671,-58.11414832989903,0.5735693605210257,101.38684227212198
p026,Q95,weighted_proportional,0.3,1.2,1.3,3.618941004068288,3.854688797229888,-0.23574779316160033,7.961670208950277,0.4841557984776309
p026,Q95,weighted_proportional,0.3,1.3,1.4,3.5732536207381815,4.110510064314566,-0.5372564435763838,7.861157965623922,0.5228886230615675
p026,Q95,weighted_proportional,0.3,1.4,1.5,3.525117008872897,4.355519478781517,-0.8304024699086199,7.755257419520406,0.5616215224292151
p026,Q95,weighted_proportional,0.3,1.5,1.6,2.422806549904566,4.589353203307445,-2.1665466534028788,8.696328555478722,0.5277345691379305
p026,Q95,weighted_proportional,0.3,1.6,1.7,0.03823795736807023,51.78308628864331,-51.744848331275236,0.5735693605210257,90.28216960823008
p027,Q0,equal_kw_reduction,0.05,1.1,1.2,0.7799631442467342,4.7995858691348285,-4.0196227248880945,6.266009113733789,0.7659717344832988
p027,Q0,equal_kw_reduction,0.1,1.1,1.2,1.7872687815211759,4.272662360828836,-2.48539357930766,5.258703476459347,0.8124934938726746
p027,Q0,equal_kw_reduction,0.1,1.2,1.3,0.34817873772556573,4.706639780534469,-4.358461042808903,6.67917786686277,0.7046735203572579
p027,Q0,equal_kw_reduction,0.2,1.1,1.2,2.201866330618918,3.7915582880276855,-1.5896919574087676,4.844105927361605,0.7827158086307164
p027,Q0,equal_kw_reduction,0.2,1.2,1.3,1.8319247386890254,4.176669617579051,-2.344744878890026,5.195431865899311,0.8039119221239339
p027,Q0,equal_kw_reduction,0.2,1.3,1.4,0.4380084889364366,4.574299537041304,-4.136291048104868,6.570127334046452,0.6962269229299785
p027,Q0,equal_kw_reduction,0.2,1.4,1.5,0.07339796100236384,0.8077596781863594,-0.7343617171839956,1.1009694150354439,0.7336803976160909
p027,Q0,equal_kw_reduction,0.3,1.1,1.2,2.201866330618918,3.665554840389218,-1.4636885097703,4.844105927361605,0.7567041050206146
p027,Q0,equal_kw_reduction,0.3,1.2,1.3,2.1960489389338536,4.037867908233545,-1.8418189692996911,4.831307665654483,0.8357712213069226
p027,Q0,equal_kw_reduction,0.3,1.3,1.4,1.8811967886916137,4.435437751344279,-2.554240962652665,5.126939034291275,0.8651239505049846
p027,Q0,equal_kw_reduction,0.3,1.4,1.5,0.07339796100236384,0.7833560625312153,-0.7099581015288514,1.1009694150354439,0.7115148266911634
p027,Q0,fairness_qp,0.0,1.1,1.2,2.535073111013919,4.240731568482314,-1.7056584574683953,3.0908100260754883,1.3720453643884811
p027,Q0,fairness_qp,0.05,1.1,1.2,2.7087408969706517,4.218511523066015,-1.5097706260953636,2.9171422401187557,1.446111014077353
p027,Q0,fairness_qp,0.05,1.2,1.3,0.38960624185141457,4.395893374431303,-4.006287132579889,5.045047296424604,0.8713284764538576
p027,Q0,fairness_qp,0.1,1.1,1.2,2.7087408969706654,3.986258181509175,-1.2775172845385097,2.917142240118742,1.3664942787798084
p027,Q0,fairness_qp,0.1,1.2,1.3,1.374275839623379,4.155069959960428,-2.780794120337049,4.06037769865264,1.0233210475319108
p027,Q0,fairness_qp,0.1,1.3,1.4,0.3160009335561459,4.203148160778311,-3.887147227222165,4.740014003342133,0.8867374986265265
p027,Q0,fairness_qp,0.1,1.4,1.5,0.05481384367188313,4.101545527657055,-4.046731683985172,4.543099267074968,0.902807816105193
p027,Q0,fairness_qp,0.2,1.1,1.2,2.7087408969706654,3.3133131325713965,-0.604572235600731,2.917142240118742,1.135807876285295
p027,Q0,fairness_qp,0.2,1.2,1.3,1.698329230711254,3.4547756065469724,-1.7564463758357185,3.7363243075647645,0.9246455398832073
p027,Q0,fairness_qp,0.2,1.3,1.4,1.5800046677807156,3.4874827047566006,-1.9074780369758848,3.4760102691175634,1.0033004608015585
p027,Q0,fairness_qp,0.2,1.4,1.5,0.5066249441092324,3.3984183071276015,-2.891793363018369,4.091288166637619,0.8306475048225593
p027,Q0,fairness_qp,0.2,1.5,1.6,0.26232859568418865,3.2758838357977855,-3.0135552401135968,3.9349289352627883,0.8325141037341277
p027,Q0,fairness_qp,0.2,1.6,1.7,0.10755317855726254,1.3752133579481018,-1.2676601793908393,1.6132976783589519,0.8524238126636184
p027,Q0,fairness_qp,0.3,1.1,1.2,2.708740896970659,2.9155029533317127,-0.20676205636105394,2.917142240118749,0.9994380504438585
p027,Q0,fairness_qp,0.3,1.2,1.3,1.698329230711254,3.0379550103160344,-1.3396257796047806,3.7363243075647645,0.8130865418093463
p027,Q0,fairness_qp,0.3,1.3,1.4,1.5800046677807156,3.079556331030159,-1.4995516632494432,3.4760102691175634,0.8859456942317808
p027,Q0,fairness_qp,0.3,1.4,1.5,1.4368478471083885,3.0093385041668337,-1.5724906570584452,3.161065263638463,0.9520013834523023
p027,Q0,fairness_qp,0.3,1.5,1.6,1.139418192685024,2.901939083505764,-1.7625208908207401,3.057839338261953,0.9490162047412206
p027,Q0,fairness_qp,0.3,1.6,1.7,0.10755317855726254,1.2134608962881543,-1.1059077177308918,1.6132976783589519,0.7521618065690692
p027,Q0,max_export_lp,0.05,1.0,1.1,1.3554843749999101,4.692591840642884,-3.3371074656429744,5.873765624995919,0.7989068921431718
p027,Q0,max_export_lp,0.1,1.0,1.1,2.2591406249987953,4.433792918323825,-2.17465229332503,4.970109374997033,0.8920916188743777
p027,Q0,max_export_lp,0.1,1.1,1.2,0.4518281250001782,5.174564737404921,-4.722736612404743,6.777421874984882,0.7635004626912744
p027,Q0,max_export_lp,0.2,1.0,1.1,2.2591406249987953,3.3985972290486997,-1.1394566040499043,4.970109374997033,0.6838073315138519
p027,Q0,max_export_lp,0.2,1.1,1.2,2.259140624995326,4.730727615565811,-2.4715869905704846,4.970109374989734,0.951835716004858
p027,Q0,max_export_lp,0.2,1.2,1.3,0.45182812500416114,5.470337214993403,-5.018509089989243,6.777421874984799,0.8071413165505023
p027,Q0,max_export_lp,0.2,1.3,1.4,0.15060937500006866,1.9472749316268994,-1.7966655566268308,2.2591406250010855,0.861953837701433
p027,Q0,max_export_lp,0.3,1.0,1.1,2.2591406249987953,3.373053093709305,-1.1139124687105095,4.970109374997033,0.6786677795619575
p027,Q0,max_export_lp,0.3,1.1,1.2,2.259140624995326,3.756759987034619,-1.497619362039293,4.970109374989734,0.7558706868583508
p027,Q0,max_export_lp,0.3,1.2,1.3,2.259140624996561,4.1615777843648925,-1.902437159368331,4.970109374992399,0.8373211674785843
p027,Q0,max_export_lp,0.3,1.3,1.4,0.15060937500767368,1.4814355657337823,-1.3308261907261087,2.2591406249934805,0.6557518152452585
p027,Q0,weighted_proportional,0.0,1.1,1.2,4.774845461588212,5.4519511852778315,-0.6771057236896194,1.0843301744747484,5.027943806801066
p027,Q0,weighted_proportional,0.05,1.1,1.2,3.9116145497623127,5.451951185277873,-1.54033663551556,1.9475610863006476,2.7993736492413404
p027,Q0,weighted_proportional,0.05,1.2,1.3,0.9944678067908969,5.856381792025286,-4.86191398523439,4.79583779976242,1.2211384197179072
p027,Q0,weighted_proportional,0.05,1.3,1.4,0.02216338868574197,6.245047930749953,-6.222884542064211,5.6950424045457,1.0965761950719184
p027,Q0,weighted_proportional,0.1,1.1,1.2,3.6215594343652486,5.111204236198138,-1.48964480183289,2.237616201697712,2.2842184608424776
p027,Q0,weighted_proportional,0.1,1.2,1.3,1.8094705020479247,5.490357930023823,-3.6808874279758985,3.9808351045053927,1.3791975266219887
p027,Q0,weighted_proportional,0.1,1.3,1.4,0.44597891681993906,5.854732435078031,-5.4087535182580915,5.271226876411503,1.1106963468557365
p027,Q0,weighted_proportional,0.1,1.4,1.5,0.11666615160878246,6.203707281688301,-6.087041130079518,5.523521061762182,1.1231435912564651
p027,Q0,weighted_proportional,0.2,1.1,1.2,3.6215594343652486,3.748216439878424,-0.1266570055131755,2.237616201697712,1.675093537951056
p027,Q0,weighted_proportional,0.2,1.2,1.3,1.8094705020479107,4.026262482017512,-2.216791979969601,3.9808351045054065,1.0114115195227986
p027,Q0,weighted_proportional,0.2,1.3,1.4,1.7866268103848282,4.293470452390535,-2.506843642005707,3.9305789828466136,1.092325194615758
p027,Q0,weighted_proportional,0.2,1.4,1.5,0.8191763072708108,4.549385339904913,-3.730209032634102,4.821010906100154,0.9436579647949881
p027,Q0,weighted_proportional,0.2,1.5,1.6,0.34747297207234074,4.793627079569498,-4.446154107497158,5.212094581085084,0.9197122202973405
p027,Q0,weighted_proportional,0.2,1.6,1.7,0.01911897870075785,60.74077137643617,-60.72165239773541,0.28678468051134,211.7992190800944
p027,Q0,weighted_proportional,0.3,1.1,1.2,3.6215594343652486,3.748216439878424,-0.1266570055131755,2.237616201697712,1.675093537951056
p027,Q0,weighted_proportional,0.3,1.2,1.3,1.8094705020479107,4.026262482017512,-2.216791979969601,3.9808351045054065,1.0114115195227986
p027,Q0,weighted_proportional,0.3,1.3,1.4,1.7866268103848282,4.293470452390535,-2.506843642005707,3.9305789828466136,1.092325194615758
p027,Q0,weighted_proportional,0.3,1.4,1.5,1.7625585041784326,4.549385339904941,-2.786826835726508,3.877628709192532,1.1732390285640044
p027,Q0,weighted_proportional,0.3,1.5,1.6,1.2114032751647241,4.793627079569484,-3.5822238044047605,4.3481642779927,1.1024484755167598
p027,Q0,weighted_proportional,0.3,1.6,1.7,0.01911897870075785,54.087971392393946,-54.06885241369319,0.28678468051134,188.6013272952884
p027,Q95,equal_kw_reduction,0.05,1.1,1.2,0.7799631442467342,4.7995858691348285,-4.0196227248880945,6.266009113733789,0.7659717344832988
p027,Q95,equal_kw_reduction,0.1,1.1,1.2,1.7872687815211759,4.272662360828836,-2.48539357930766,5.258703476459347,0.8124934938726746
p027,Q95,equal_kw_reduction,0.1,1.2,1.3,0.34817873772556573,4.706639780534469,-4.358461042808903,6.67917786686277,0.7046735203572579
p027,Q95,equal_kw_reduction,0.2,1.1,1.2,2.201866330618918,3.7915582880276855,-1.5896919574087676,4.844105927361605,0.7827158086307164
p027,Q95,equal_kw_reduction,0.2,1.2,1.3,1.8319247386890254,4.176669617579051,-2.344744878890026,5.195431865899311,0.8039119221239339
p027,Q95,equal_kw_reduction,0.2,1.3,1.4,0.4380084889364366,4.574299537041304,-4.136291048104868,6.570127334046452,0.6962269229299785
p027,Q95,equal_kw_reduction,0.2,1.4,1.5,0.07339796100236384,0.8077596781863594,-0.7343617171839956,1.1009694150354439,0.7336803976160909
p027,Q95,equal_kw_reduction,0.3,1.1,1.2,2.201866330618918,3.665554840389218,-1.4636885097703,4.844105927361605,0.7567041050206146
p027,Q95,equal_kw_reduction,0.3,1.2,1.3,2.1960489389338536,4.037867908233545,-1.8418189692996911,4.831307665654483,0.8357712213069226
p027,Q95,equal_kw_reduction,0.3,1.3,1.4,1.8811967886916137,4.435437751344279,-2.554240962652665,5.126939034291275,0.8651239505049846
p027,Q95,equal_kw_reduction,0.3,1.4,1.5,0.07339796100236384,0.7833560625312153,-0.7099581015288514,1.1009694150354439,0.7115148266911634
p027,Q95,fairness_qp,0.0,1.1,1.2,2.535055142475456,4.240725600129141,-1.7056704576536852,3.0908082759978917,1.3720442102672934
p027,Q95,fairness_qp,0.05,1.1,1.2,2.7087279967012154,4.2185039989856286,-1.509776002284413,2.9171354217721324,1.4461118148649155
p027,Q95,fairness_qp,0.05,1.2,1.3,0.3896067887506627,4.395899136159787,-4.006292347409124,5.045055359794118,0.8713282258887199
p027,Q95,fairness_qp,0.1,1.1,1.2,2.7087279967012154,3.986245491810619,-1.2775174951094037,2.9171354217721324,1.366493122691237
p027,Q95,fairness_qp,0.1,1.2,1.3,1.3742768152845697,4.155077146046016,-2.780800330761446,4.060385333260211,1.0233208932192093
p027,Q95,fairness_qp,0.1,1.3,1.4,0.31600059836095484,4.203145068346236,-3.887144469985282,4.740008975414142,0.8867377868158997
p027,Q95,fairness_qp,0.1,1.4,1.5,0.054813750105131565,4.101541251971652,-4.0467275018665205,4.543094454290561,0.902807831366592
p027,Q95,fairness_qp,0.2,1.1,1.2,2.7087279967012154,3.3133054343862653,-0.6045774376850499,2.9171354217721324,1.1358078921044616
p027,Q95,fairness_qp,0.2,1.2,1.3,1.698331921420243,3.454780275270158,-1.7564483538499154,3.7363302271245376,0.9246453244923539
p027,Q95,fairness_qp,0.2,1.3,1.4,1.5800029918047187,3.4874805592768343,-1.9074775674721156,3.4760065819703785,1.0033009078193265
p027,Q95,fairness_qp,0.2,1.4,1.5,0.5066242631952822,3.398415179646036,-2.891790916450754,4.091283941200411,0.83064759828156
p027,Q95,fairness_qp,0.2,1.5,1.6,0.26232946187683404,3.275894386051317,-3.0135649241744833,3.934941928152344,0.8325140360049779
p027,Q95,fairness_qp,0.2,1.6,1.7,0.10755252541504168,1.3752043066028592,-1.2676517811878174,1.613287881225639,0.8524233787450853
p027,Q95,fairness_qp,0.3,1.1,1.2,2.7087279967012226,2.915498850088939,-0.2067708533877166,2.9171354217721253,0.9994389798735528
p027,Q95,fairness_qp,0.3,1.2,1.3,1.698331921420243,3.0379586315531224,-1.3396267101328796,3.7363302271245376,0.8130862228125701
p027,Q95,fairness_qp,0.3,1.3,1.4,1.5800029918047187,3.0795549233033626,-1.4995519314986439,3.4760065819703785,0.885946229007919
p027,Q95,fairness_qp,0.3,1.4,1.5,1.4368463138736547,3.009336151539546,-1.5724898376658913,3.1610618905220376,0.9520016550648951
p027,Q95,fairness_qp,0.3,1.5,1.6,1.1394199111984527,2.9019483753167377,-1.7625284641182848,3.0578514788307256,0.949015475541146
p027,Q95,fairness_qp,0.3,1.6,1.7,0.10755252541504168,1.2134522013702438,-1.105899675955202,1.613287881225639,0.7521609847142506
p027,Q95,max_export_lp,0.05,1.0,1.1,1.355484374999452,4.692591700905538,-3.3371073259060857,5.8737656249916865,0.7989068683536688
p027,Q95,max_export_lp,0.1,1.0,1.1,2.2591406249972272,4.433790371903404,-2.1746497469061765,4.970109374993911,0.8920911065279797
p027,Q95,max_export_lp,0.1,1.1,1.2,0.4518281250018297,5.174564031530549,-4.722735906528719,6.7774218749919735,0.7635003585396072
p027,Q95,max_export_lp,0.2,1.0,1.1,2.2591406249972272,3.3985850558953117,-1.1394444308980844,4.970109374993911,0.6838048822415453
p027,Q95,max_export_lp,0.2,1.1,1.2,2.259140624998074,4.730723437419399,-2.4715828124213246,4.9701093749957295,0.9518348753488878
p027,Q95,max_export_lp,0.2,1.2,1.3,0.4518281250036754,5.47035157270194,-5.018523447698264,6.777421874995068,0.8071434350109599
p027,Q95,max_export_lp,0.2,1.3,1.4,0.15060937499887517,1.9472648057981963,-1.796655430799321,2.25914062498303,0.8619493555487823
p027,Q95,max_export_lp,0.3,1.0,1.1,2.2591406249972272,3.373041648662603,-1.1139010236653757,4.970109374993911,0.6786654767867629
p027,Q95,max_export_lp,0.3,1.1,1.2,2.259140624998074,3.7567447834023495,-1.4976041584042754,4.9701093749957295,0.7558676278438193
p027,Q95,max_export_lp,0.3,1.2,1.3,2.2591406249996004,4.161629902495523,-1.9024892774959223,4.970109374999144,0.8373316537920737
p027,Q95,max_export_lp,0.3,1.3,1.4,0.15060937500295524,1.4813981893404131,-1.330788814337458,2.2591406249789503,0.6557352707311951
p027,Q95,weighted_proportional,0.0,1.1,1.2,4.774845461667954,5.4519511833835965,-0.6771057217156429,1.0843301744846157,5.027943805008396
p027,Q95,weighted_proportional,0.05,1.1,1.2,3.911614549840153,5.451951183383291,-1.5403366335431379,1.947561086312416,2.7993736482516276
p027,Q95,weighted_proportional,0.05,1.2,1.3,0.9944678067855817,5.856381792863519,-4.861913986077937,4.795837799722174,1.2211384199029378
p027,Q95,weighted_proportional,0.05,1.3,1.4,0.022163388687976293,6.245047931583744,-6.222884542895768,5.695042404490952,1.0965761952288666
p027,Q95,weighted_proportional,0.1,1.1,1.2,3.6215594344231605,5.111204234421962,-1.4896447999988016,2.237616201729409,2.28421846001634
p027,Q95,weighted_proportional,0.1,1.2,1.3,1.809470502033672,5.490357930809376,-3.680887428775703,3.9808351044740844,1.3791975268301693
p027,Q95,weighted_proportional,0.1,1.3,1.4,0.4459789168255873,5.854732435859725,-5.408753519034137,5.2712268763533405,1.1106963470162863
p027,Q95,weighted_proportional,0.1,1.4,1.5,0.11666615161429195,6.203707267759179,-6.087041116144887,5.523521062700112,1.123143588543965
p027,Q95,weighted_proportional,0.2,1.1,1.2,3.6215594344231605,3.7482164385760908,-0.12665700415293024,2.237616201729409,1.6750935373453093
p027,Q95,weighted_proportional,0.2,1.2,1.3,1.809470502033672,4.02626248259369,-2.216791980560018,3.9808351044740844,1.0114115196754947
p027,Q95,weighted_proportional,0.2,1.3,1.4,1.7866268103684106,4.293470452963646,-2.5068436425952356,3.9305789828105175,1.0923251947715975
p027,Q95,weighted_proportional,0.2,1.4,1.5,0.8191763073518293,4.549385329690167,-3.7302090223383377,4.8210109069625755,0.9436579625073815
p027,Q95,weighted_proportional,0.2,1.5,1.6,0.34747297204297534,4.7936270848816385,-4.446154112838663,5.212094580644644,0.919712221394254
p027,Q95,weighted_proportional,0.2,1.6,1.7,0.01911897867666601,60.74077143465016,-60.7216524559735,0.286784680150004,211.7992195499405
p027,Q95,weighted_proportional,0.3,1.1,1.2,3.6215594344231676,3.748216438576098,-0.12665700415293024,2.2376162017294017,1.6750935373453177
p027,Q95,weighted_proportional,0.3,1.2,1.3,1.809470502033672,4.02626248259369,-2.216791980560018,3.9808351044740844,1.0114115196754947
p027,Q95,weighted_proportional,0.3,1.3,1.4,1.7866268103684106,4.293470452963646,-2.5068436425952356,3.9305789828105175,1.0923251947715975
p027,Q95,weighted_proportional,0.3,1.4,1.5,1.7625585044732524,4.549385329690167,-2.786826825216915,3.877628709841152,1.1732390257334704
p027,Q95,weighted_proportional,0.3,1.5,1.6,1.2114032749215435,4.7936270848816385,-3.5822238099600945,4.348164277766076,1.1024484767959193
p027,Q95,weighted_proportional,0.3,1.6,1.7,0.019118978676679887,54.087971436120654,-54.068852457443974,0.28678468014999015,188.60132768539907
p028,Q0,equal_kw_reduction,0.05,1.1,1.2,0.3371199232490574,5.028083976578973,-4.690964053329916,13.931192503168766,0.3609227261367104
p028,Q0,equal_kw_reduction,0.1,1.1,1.2,2.2402492196473833,4.433747809134747,-2.1934985894873638,12.02806320677044,0.36861693631931103
p028,Q0,equal_kw_reduction,0.1,1.2,1.3,0.3490066465979269,4.883689622378117,-4.534682975780191,13.900005326704878,0.35134444250863034
p028,Q0,equal_kw_reduction,0.2,1.2,1.3,2.2865898347232125,4.333783552297993,-2.04719371757478,11.962422138579592,0.3622831147482463
p028,Q0,equal_kw_reduction,0.2,1.3,1.4,0.6633183982665269,3.5007143443835096,-2.837395946116983,9.94977597399782,0.3518385090812173
p028,Q0,equal_kw_reduction,0.3,1.3,1.4,2.1117169913326403,3.394952581713545,-1.2832355903809045,8.501377380931707,0.39934147486833194
p028,Q0,fairness_qp,0.05,1.0,1.1,2.710968750848947,5.833221070223965,-3.1222523193750185,11.747531249868242,0.49654867445356987
p028,Q0,fairness_qp,0.1,1.0,1.1,4.518281250706579,5.4232199230824225,-0.9049386723758435,9.94021875001061,0.5455835590214385
p028,Q0,fairness_qp,0.1,1.1,1.2,0.9036562501394396,6.065233198723208,-5.161576948583768,13.554843749813722,0.4474587321455889
p028,Q0,fairness_qp,0.2,1.1,1.2,4.518281249985378,4.997970420694886,-0.47968917070950745,9.940218749967784,0.5028028604210631
p028,Q0,fairness_qp,0.2,1.2,1.3,0.9036562501324452,5.469305750844922,-4.565649500712476,13.55484374952215,0.40349456267526
p028,Q0,fairness_qp,0.2,1.3,1.4,0.30121875003996657,1.8996657174057408,-1.5984469673657742,4.5182812505991095,0.42043990005134163
p028,Q0,fairness_qp,0.3,1.2,1.3,4.518281249892064,4.861808602445228,-0.34352735255316347,9.940218749762531,0.489104789827827
p028,Q0,fairness_qp,0.3,1.3,1.4,0.3012187502803576,1.6792035150551554,-1.3779847647747978,4.518281250358719,0.3716465226510277
p028,Q0,max_export_lp,0.05,1.0,1.1,2.7109687499990986,4.692591990978379,-1.98162324097928,11.747531249986398,0.39945345886896977
p028,Q0,max_export_lp,0.1,1.1,1.2,0.9036562500032153,5.174563920262831,-4.270907670259616,13.554843749990303,0.3817501710609193
p028,Q0,max_export_lp,0.2,1.1,1.2,4.518281249997952,4.730723667247999,-0.2124424172500472,9.940218749995566,0.475917460795328
p028,Q0,max_export_lp,0.2,1.2,1.3,0.9036562500064627,5.470348960218613,-4.56669271021215,13.554843750012925,0.4035715247705011
p028,Q0,max_export_lp,0.2,1.3,1.4,0.3012187499972785,1.947268100623345,-1.6460493506260665,4.518281249959233,0.4309754069959489
p028,Q0,max_export_lp,0.3,1.3,1.4,0.3012187499976948,1.481410504961339,-1.1801917549636443,4.518281249958816,0.3278703610968976
p028,Q0,weighted_proportional,0.05,1.2,1.3,1.988935613586873,5.606820067306007,-3.6178844537191335,9.591675599592286,0.5845506355056812
p028,Q0,weighted_proportional,0.05,1.3,1.4,0.04432677736709856,5.978923729375474,-5.934596952008375,11.390084809073775,0.5249235479451774
p028,Q0,weighted_proportional,0.1,1.2,1.3,3.618941004118498,5.256393813099142,-1.637452808980644,7.961670209060662,0.6602124522964014
p028,Q0,weighted_proportional,0.1,1.3,1.4,0.8919578336209211,5.605240996289757,-4.713283162668835,10.542453752819952,0.5316827683299475
p028,Q0,weighted_proportional,0.1,1.4,1.5,0.23333230321453957,5.939344754872011,-5.706012451657472,11.047042123617318,0.5376411792776972
p028,Q0,weighted_proportional,0.2,1.2,1.3,3.618941004118498,3.854688796272904,-0.235747792154406,7.961670209060662,0.4841557983507194
p028,Q0,weighted_proportional,0.2,1.3,1.4,3.573253620762773,4.110510063945694,-0.5372564431829208,7.8611579656781005,0.5228886230110404
p028,Q0,weighted_proportional,0.2,1.4,1.5,1.6383526145351268,4.35551948690624,-2.717166872371113,9.642021812296731,0.45172263366501914
p028,Q0,weighted_proportional,0.2,1.5,1.6,0.694945944138603,4.589353198853285,-3.8944072547146824,10.42418916207885,0.44025996914450183
p028,Q0,weighted_proportional,0.2,1.6,1.7,0.038237957398962186,58.152386283797235,-58.11414832639827,0.5735693609843495,101.38684218417306
p028,Q0,weighted_proportional,0.3,1.2,1.3,3.618941004118498,3.854688796272904,-0.235747792154406,7.961670209060662,0.4841557983507194
p028,Q0,weighted_proportional,0.3,1.3,1.4,3.573253620762773,4.110510063945694,-0.5372564431829208,7.8611579656781005,0.5228886230110404
p028,Q0,weighted_proportional,0.3,1.4,1.5,3.525117008384954,4.35551948690624,-0.830402478521286,7.755257418446904,0.5616215235545968
p028,Q0,weighted_proportional,0.3,1.5,1.6,2.4228065502887866,4.589353198853313,-2.166546648564527,8.696328555928668,0.5277345685984404
p028,Q0,weighted_proportional,0.3,1.6,1.7,0.038237957398962186,51.78308628546277,-51.74484832806381,0.5735693609843495,90.28216952975585
p028,Q95,equal_kw_reduction,0.05,1.1,1.2,0.3371199232490574,5.028083976578973,-4.690964053329916,13.931192503168766,0.3609227261367104
p028,Q95,equal_kw_reduction,0.1,1.1,1.2,2.2402492196473833,4.433747809134747,-2.1934985894873638,12.02806320677044,0.36861693631931103
p028,Q95,equal_kw_reduction,0.1,1.2,1.3,0.3490066465979269,4.883689622378117,-4.534682975780191,13.900005326704878,0.35134444250863034
p028,Q95,equal_kw_reduction,0.2,1.2,1.3,2.2865898347232125,4.333783552297993,-2.04719371757478,11.962422138579592,0.3622831147482463
p028,Q95,equal_kw_reduction,0.2,1.3,1.4,0.6633183982665269,3.5007143443835096,-2.837395946116983,9.94977597399782,0.3518385090812173
p028,Q95,equal_kw_reduction,0.3,1.3,1.4,2.1117169913326403,3.394952581713545,-1.2832355903809045,8.501377380931707,0.39934147486833194
p028,Q95,fairness_qp,0.05,1.0,1.1,2.7109687500564417,5.833221831869572,-3.122253081813131,11.747531249826276,0.4965487392898687
p028,Q95,fairness_qp,0.1,1.0,1.1,4.518281250001616,5.4232204138632,-0.9049391638615845,9.940218749881103,0.5455836084017838
p028,Q95,fairness_qp,0.1,1.1,1.2,0.9036562500299716,6.065234986345258,-5.1615787363152865,13.554843749572026,0.4474588640342504
p028,Q95,fairness_qp,0.2,1.1,1.2,4.518281249875633,4.997973162653047,-0.4796919127774135,9.940218749726364,0.5028031362781258
p028,Q95,fairness_qp,0.2,1.2,1.3,0.903656250121454,5.469301693158624,-4.56564544303717,13.554843749352564,0.4034942633270753
p028,Q95,fairness_qp,0.2,1.3,1.4,0.30121875006483556,1.8996713791206155,-1.59845262905578,4.518281250972256,0.4204411530848902
p028,Q95,fairness_qp,0.3,1.2,1.3,4.5182812498356375,4.861803282619731,-0.34352203278409377,9.94021874963838,0.4891042546520016
p028,Q95,fairness_qp,0.3,1.3,1.4,0.3012187503506347,1.6792102401675113,-1.3779914898168766,4.5182812506864565,0.371648011046765
p028,Q95,max_export_lp,0.05,1.0,1.1,2.710968749993464,4.692591846534061,-1.9816230965405968,11.747531249901911,0.3994534465761258
p028,Q95,max_export_lp,0.1,1.1,1.2,0.9036562500314427,5.174564650515384,-4.2709084004839415,13.55484375005317,0.3817502249330677
p028,Q95,max_export_lp,0.2,1.1,1.2,4.518281250026429,4.730728277861945,-0.21244702783551617,9.940218750058182,0.4759179246265838
p028,Q95,max_export_lp,0.2,1.2,1.3,0.9036562500059908,5.470344184262732,-4.566687934256741,13.55484375000962,0.4035711724274837
p028,Q95,max_export_lp,0.2,1.3,1.4,0.3012187500002761,1.9472675528485195,-1.6460488028482434,4.518281250004113,0.430975285756447
p028,Q95,max_export_lp,0.3,1.3,1.4,0.3012187500013863,1.4814087945381194,-1.180190044536733,4.518281250003003,0.32786998253752675
p028,Q95,weighted_proportional,0.05,1.2,1.3,1.9889356135751601,5.606820068748908,-3.6178844551737477,9.59167559943741,0.5845506356655525
p028,Q95,weighted_proportional,0.05,1.3,1.4,0.04432677737717383,5.978923729841407,-5.934596952464233,11.390084808993256,0.524923547989795
p028,Q95,weighted_proportional,0.1,1.2,1.3,3.6189410040664285,5.256393814452171,-1.6374528103857422,7.961670208946142,0.6602124524758406
p028,Q95,weighted_proportional,0.1,1.3,1.4,0.8919578336568645,5.605240996726268,-4.713283163069404,10.542453752713566,0.531682768376718
p028,Q95,weighted_proportional,0.1,1.4,1.5,0.23333230322902798,5.939344743907505,-5.706012440678476,11.047042125148037,0.5376411782106708
p028,Q95,weighted_proportional,0.2,1.2,1.3,3.6189410040664285,3.8546887972648882,-0.23574779319845973,7.961670208946142,0.4841557984822784
p028,Q95,weighted_proportional,0.2,1.3,1.4,3.573253620740763,4.110510064266077,-0.5372564435253135,7.861157965629667,0.5228886230550172
p028,Q95,weighted_proportional,0.2,1.4,1.5,1.6383526146896699,4.355519478865339,-2.7171668641756686,9.642021813687396,0.45172263276592384
p028,Q95,weighted_proportional,0.2,1.5,1.6,0.6949459440863393,4.589353203311192,-3.8944072592248524,10.424189161295033,0.44025996960525615
p028,Q95,weighted_proportional,0.2,1.6,1.7,0.03823795736912494,58.1523862872797,-58.11414832991058,0.5735693605368741,101.38684226934251
p028,Q95,weighted_proportional,0.3,1.2,1.3,3.6189410040664285,3.854688797264666,-0.2357477931982377,7.961670208946142,0.48415579848225054
p028,Q95,weighted_proportional,0.3,1.3,1.4,3.573253620740763,4.110510064266077,-0.5372564435253135,7.861157965629667,0.5228886230550172
p028,Q95,weighted_proportional,0.3,1.4,1.5,3.5251170088678174,4.355519478865477,-0.8304024699976598,7.755257419509248,0.5616215224408494
p028,Q95,weighted_proportional,0.3,1.5,1.6,2.422806549908202,4.589353203311303,-2.166546653403101,8.69632855547317,0.527734569138711
p028,Q95,weighted_proportional,0.3,1.6,1.7,0.03823795736912494,51.78308628863082,-51.74484833126169,0.5735693605368741,90.2821696057137
p029,Q0,equal_kw_reduction,0.05,1.1,1.2,0.47973382346103155,4.889875699005924,-4.410141875544893,8.972540612853768,0.5449822865110077
p029,Q0,equal_kw_reduction,0.1,1.1,1.2,1.9384542110384984,4.3530397034109996,-2.4145854923725008,7.513820225276302,0.5793377500259432
p029,Q0,equal_kw_reduction,0.1,1.2,1.3,0.3485921124225244,4.794860864914735,-4.446268752492211,9.084730209725903,0.5277934241549042
p029,Q0,equal_kw_reduction,0.2,1.1,1.2,2.953835761348375,3.862885098737487,-0.9090493373891118,6.498438674966425,0.5944328002383503
p029,Q0,equal_kw_reduction,0.2,1.2,1.3,1.9839510948243961,4.2549569605544315,-2.271005865730036,7.449371227324031,0.5711833698054138
p029,Q0,equal_kw_reduction,0.2,1.3,1.4,0.5622594672882453,4.445056433251854,-3.8827969659636086,8.433892009323818,0.5270468756699475
p029,Q0,equal_kw_reduction,0.3,1.1,1.2,2.953835761348375,3.734511273703764,-0.7806755123553888,6.498438674966425,0.5746782358799529
p029,Q0,equal_kw_reduction,0.3,1.2,1.3,2.947913225671381,4.113553557031399,-1.1656403313600183,6.485409096477046,0.6342781921445684
p029,Q0,equal_kw_reduction,0.3,1.3,1.4,2.0080473364412765,4.3107491653969205,-2.3027018289556445,6.988104140170787,0.6168696228518953
p029,Q0,fairness_qp,0.05,1.1,1.2,0.9744681960437845,4.980396096367731,-4.005927900323947,7.376459892327908,0.6751742935046295
p029,Q0,fairness_qp,0.1,1.1,1.2,2.2654075623582544,4.786770582833929,-2.5213630204756754,6.085520526013438,0.7865835900761794
p029,Q0,fairness_qp,0.1,1.2,1.3,0.5041217159436895,5.0118324522994975,-4.507710736355808,7.561825739155329,0.6627807390942771
p029,Q0,fairness_qp,0.1,1.3,1.4,0.012251417741832027,5.0568325463306865,-5.044581128588854,7.466744793854341,0.6772472725320433
p029,Q0,fairness_qp,0.2,1.1,1.2,2.6096650276161566,3.894619286110665,-1.2849542584945084,5.741263060755536,0.6783558330104008
p029,Q0,fairness_qp,0.2,1.2,1.3,2.5206085797184477,4.079234654051661,-1.5586260743332137,5.545338875380571,0.7356150355683552
p029,Q0,fairness_qp,0.2,1.3,1.4,0.5164429341921045,4.105369736457185,-3.58892680226508,6.962553277404068,0.5896356656660067
p029,Q0,fairness_qp,0.2,1.4,1.5,0.3480641539643503,3.2543270146418726,-2.906262860677522,5.220962309465254,0.6233193847697379
p029,Q0,fairness_qp,0.3,1.1,1.2,2.6096650276161566,3.4240223157604306,-0.814357288144274,5.741263060755536,0.5963883346794142
p029,Q0,fairness_qp,0.3,1.2,1.3,2.5206085797184334,3.584674424379,-1.0640658446605666,5.545338875380584,0.6464301830666713
p029,Q0,fairness_qp,0.3,1.3,1.4,2.3371863161238124,3.619215609008158,-1.2820292928843458,5.14180989547236,0.7038797004523781
p029,Q0,fairness_qp,0.3,1.4,1.5,0.9370707720326582,2.8731734891705023,-1.9361027171378442,4.631955691396946,0.620293819845238
p029,Q0,max_export_lp,0.05,1.0,1.1,1.807312499999783,4.69259189845396,-2.885279398454177,7.8316874999967565,0.5991801764888989
p029,Q0,max_export_lp,0.1,1.0,1.1,3.012187499998917,4.433792844402304,-1.4216053444033872,6.626812499997622,0.6690687030007103
p029,Q0,max_export_lp,0.1,1.1,1.2,0.6024375000009824,5.174565101996861,-4.572127601995879,9.03656250000083,0.5726253873634345
p029,Q0,max_export_lp,0.2,1.0,1.1,3.012187499998917,3.398596628197123,-0.3864091281982063,6.626812499997622,0.5128554079654951
p029,Q0,max_export_lp,0.2,1.1,1.2,3.012187500000568,4.730730058135318,-1.7185425581347502,6.626812500001245,0.7138771555909316
p029,Q0,max_export_lp,0.2,1.2,1.3,0.6024375000003718,5.470345677143149,-4.867908177142777,9.036562499999054,0.6053569238461772
p029,Q0,max_export_lp,0.2,1.3,1.4,0.20081249999834294,1.947263224908874,-1.746450724910531,3.012187499975172,0.6464614918310777
p029,Q0,max_export_lp,0.3,1.0,1.1,3.012187499998917,3.3730519766730778,-0.3608644766741609,6.626812499997622,0.5090006661082214
p029,Q0,max_export_lp,0.3,1.1,1.2,3.012187500000568,3.756767856956028,-0.7445803569554599,6.626812500001245,0.5669042027302451
p029,Q0,max_export_lp,0.3,1.2,1.3,3.012187499999819,4.161608555681539,-1.1494210556817208,6.626812499999607,0.6279955190646765
p029,Q0,max_export_lp,0.3,1.3,1.4,0.20081249999891193,1.4813926010285168,-1.2805801010296047,3.012187499974603,0.4917995978142154
p029,Q0,weighted_proportional,0.05,1.1,1.2,5.21548606635211,5.374508696811192,-0.1590226304590825,2.596748115067715,2.069707364231991
p029,Q0,weighted_proportional,0.05,1.2,1.3,1.3259570757227501,5.773194550327487,-4.447237474604737,6.39445039970668,0.9028445275910357
p029,Q0,weighted_proportional,0.05,1.3,1.4,0.029551184912754436,6.156339863505264,-6.12678867859251,7.593389872734835,0.8107498714915842
p029,Q0,weighted_proportional,0.1,1.1,1.2,4.828745912488746,5.03860190326047,-0.20985599077172346,2.983488268931078,1.688829131902602
p029,Q0,weighted_proportional,0.1,1.2,1.3,2.412627336071699,5.412369890932162,-2.999742554860463,5.307780139357732,1.0197049894359576
p029,Q0,weighted_proportional,0.1,1.3,1.4,0.5946385557540346,5.771568622036094,-5.176930066282059,7.028302501893554,0.821189557575407
p029,Q0,weighted_proportional,0.1,1.4,1.5,0.15555486880977631,6.115586439283533,-5.960031570473756,7.364694749051326,0.8303923852473728
p029,Q0,weighted_proportional,0.2,1.2,1.3,2.412627336071699,3.969071253350304,-1.5564439172786049,5.307780139357732,0.747783658919712
p029,Q0,weighted_proportional,0.2,1.3,1.4,2.382169080514876,4.2324836561598715,-1.8503145756449957,5.240771977132713,0.8076069087965763
p029,Q0,weighted_proportional,0.2,1.4,1.5,1.0922350763554607,4.484763388807752,-3.392528312452292,6.428014541505641,0.6976902992128703
p029,Q0,weighted_proportional,0.2,1.5,1.6,0.46329729609619064,4.72553578588876,-4.262238489792569,6.949459441442846,0.6799860947037407
p029,Q0,weighted_proportional,0.2,1.6,1.7,0.02549197159727734,59.87797633502621,-59.852484363428935,0.38237957395918787,156.59303062411254
p029,Q0,weighted_proportional,0.3,1.2,1.3,2.412627336071685,3.9690712533502897,-1.5564439172786049,5.307780139357746,0.7477836589197074
p029,Q0,weighted_proportional,0.3,1.3,1.4,2.382169080514876,4.2324836561598715,-1.8503145756449957,5.240771977132713,0.8076069087965763
p029,Q0,weighted_proportional,0.3,1.4,1.5,2.3500780055815964,4.48476338880785,-2.1346853832262536,5.170171612279506,0.8674302760388523
p029,Q0,weighted_proportional,0.3,1.5,1.6,1.615204366870071,4.72553578588869,-3.1103314190186193,5.797552370668965,0.8150915220354314
p029,Q0,weighted_proportional,0.3,1.6,1.7,0.02549197159727734,53.31967634912914,-53.29418437753186,0.38237957395918787,139.44174840997144
p029,Q95,equal_kw_reduction,0.05,1.1,1.2,0.47973382346103155,4.889875699005924,-4.410141875544893,8.972540612853768,0.5449822865110077
p029,Q95,equal_kw_reduction,0.1,1.1,1.2,1.9384542110384984,4.3530397034109996,-2.4145854923725008,7.513820225276302,0.5793377500259432
p029,Q95,equal_kw_reduction,0.1,1.2,1.3,0.3485921124225244,4.794860864914735,-4.446268752492211,9.084730209725903,0.5277934241549042
p029,Q95,equal_kw_reduction,0.2,1.1,1.2,2.953835761348375,3.862885098737487,-0.9090493373891118,6.498438674966425,0.5944328002383503
p029,Q95,equal_kw_reduction,0.2,1.2,1.3,1.9839510948243961,4.2549569605544315,-2.271005865730036,7.449371227324031,0.5711833698054138
p029,Q95,equal_kw_reduction,0.2,1.3,1.4,0.5622594672882453,4.445056433251854,-3.8827969659636086,8.433892009323818,0.5270468756699475
p029,Q95,equal_kw_reduction,0.3,1.1,1.2,2.953835761348375,3.734511273703764,-0.7806755123553888,6.498438674966425,0.5746782358799529
p029,Q95,equal_kw_reduction,0.3,1.2,1.3,2.947913225671381,4.113553557031399,-1.1656403313600183,6.485409096477046,0.6342781921445684
p029,Q95,equal_kw_reduction,0.3,1.3,1.4,2.0080473364412765,4.3107491653969205,-2.3027018289556445,6.988104140170787,0.6168696228518953
p029,Q95,fairness_qp,0.05,1.1,1.2,0.9744656360776704,4.980375718006636,-4.005910081928965,7.37643916579303,0.6751734280006364
p029,Q95,fairness_qp,0.1,1.1,1.2,2.2654040589790703,4.786751137635326,-2.5213470786562553,6.085500742891631,0.7865829518181635
p029,Q95,fairness_qp,0.1,1.2,1.3,0.5041224099078812,5.011842836481206,-4.507720426573325,7.561836148618218,0.6627811999598835
p029,Q95,fairness_qp,0.1,1.3,1.4,0.012251667190724125,5.056830760647071,-5.044579093456347,7.466745953894572,0.6772469281627943
p029,Q95,fairness_qp,0.2,1.1,1.2,2.6096577505845957,3.894603914286712,-1.2849461637021165,5.741247051286106,0.6783550471694606
p029,Q95,fairness_qp,0.2,1.2,1.3,2.5206120495394058,4.079242713019903,-1.558630663480498,5.545346508986693,0.735615476221216
p029,Q95,fairness_qp,0.2,1.3,1.4,0.5164440200807613,4.105368794907624,-3.5889247748268627,6.962553601004534,0.5896355030308585
p029,Q95,fairness_qp,0.2,1.4,1.5,0.3480643157990071,3.254330173015102,-2.906265857216095,5.220964736984913,0.6233196998940976
p029,Q95,fairness_qp,0.3,1.1,1.2,2.6096577505845957,3.424008306831608,-0.8143505562470121,5.741247051286106,0.5963875576586781
p029,Q95,fairness_qp,0.3,1.2,1.3,2.5206120495394058,3.5846819371659344,-1.0640698876265287,5.545346508986693,0.6464306479958756
p029,Q95,fairness_qp,0.3,1.3,1.4,2.3371867565891575,3.6192142226832287,-1.2820274660940711,5.141810864496138,0.7038792981814368
p029,Q95,fairness_qp,0.3,1.4,1.5,0.9370715792906131,2.8731771714144845,-1.9361055921238712,4.631957473493306,0.6202943761587704
p029,Q95,max_export_lp,0.05,1.0,1.1,1.8073124999996164,4.692591432638851,-2.8852789326392347,7.831687499994356,0.5991801170108273
p029,Q95,max_export_lp,0.1,1.0,1.1,3.0121874999981118,4.4337884197810515,-1.4216009197829393,6.62681249999586,0.6690680353161979
p029,Q95,max_export_lp,0.1,1.1,1.2,0.6024375000018845,5.174566512569201,-4.572129012567316,9.036562500004134,0.5726255434593447
p029,Q95,max_export_lp,0.2,1.0,1.1,3.0121874999981118,3.398576368349407,-0.38638886835129505,6.62681249999586,0.5128523507118287
p029,Q95,max_export_lp,0.2,1.1,1.2,3.0121875000018865,4.7307356570719525,-1.7185481570700656,6.626812500004132,0.7138780004819818
p029,Q95,max_export_lp,0.2,1.2,1.3,0.6024374999997195,5.4703488560853835,-4.8679113560856635,9.03656249999593,0.605357275633057
p029,Q95,max_export_lp,0.2,1.3,1.4,0.20081250000007766,1.9472606791121478,-1.74644817911207,3.0121875000011094,0.6464606466600868
p029,Q95,max_export_lp,0.3,1.0,1.1,3.0121874999981255,3.3730342506631814,-0.3608467506650559,6.626812499995846,0.5089979912160327
p029,Q95,max_export_lp,0.3,1.1,1.2,3.0121875000018727,3.7567653232292164,-0.7445778232273437,6.626812500004145,0.5669038203852707
p029,Q95,max_export_lp,0.3,1.2,1.3,3.0121874999986393,4.161619563552307,-1.1494320635536681,6.626812499997012,0.6279971801758665
p029,Q95,max_export_lp,0.3,1.3,1.4,0.20081250000116013,1.4813833442341022,-1.2805708442329422,3.012187500000027,0.49179652469645035
p029,Q95,weighted_proportional,0.05,1.1,1.2,5.2154860664546385,5.3745086950194585,-0.15902262856481997,2.5967481150793588,2.0697073635327197
p029,Q95,weighted_proportional,0.05,1.2,1.3,1.3259570757156864,5.773194551457736,-4.44723747574205,6.394450399629687,0.9028445277786612
p029,Q95,weighted_proportional,0.05,1.3,1.4,0.02955118491755615,6.156339864332963,-6.126788679415407,7.593389872657327,0.8107498716088622
p029,Q95,weighted_proportional,0.1,1.1,1.2,4.828745912564533,5.038601901580772,-0.2098559890162388,2.983488268969464,1.6888291313178754
p029,Q95,weighted_proportional,0.1,1.2,1.3,2.412627336045428,5.412369891991689,-2.999742555946261,5.307780139299945,1.0197049896466772
p029,Q95,weighted_proportional,0.1,1.3,1.4,0.5946385557686895,5.77156862281214,-5.17693006704345,7.028302501806194,0.8211895576960315
p029,Q95,weighted_proportional,0.1,1.4,1.5,0.15555486881912994,6.11558642663923,-5.9600315578201,7.364694750197326,0.8303923834012771
p029,Q95,weighted_proportional,0.2,1.2,1.3,2.412627336045428,3.969071254127168,-1.5564439180817402,5.307780139299945,0.7477836590742167
p029,Q95,weighted_proportional,0.2,1.3,1.4,2.3821690804921443,4.23248365672911,-1.8503145762369666,5.24077197708274,0.8076069089128947
p029,Q95,weighted_proportional,0.2,1.4,1.5,1.0922350764650672,4.484763379535309,-3.3925283030702413,6.428014542551389,0.6976902976568609
p029,Q95,weighted_proportional,0.2,1.5,1.6,0.4632972960577214,4.725535790978411,-4.262238494920689,6.949459440865849,0.6799860954925792
p029,Q95,weighted_proportional,0.2,1.6,1.7,0.02549197157288019,59.877976382396575,-59.85248441082369,0.3823795735932306,156.59303089786334
p029,Q95,weighted_proportional,0.3,1.2,1.3,2.412627336045428,3.969071254127168,-1.5564439180817402,5.307780139299945,0.7477836590742167
p029,Q95,weighted_proportional,0.3,1.3,1.4,2.382169080492158,4.232483656728903,-1.8503145762367446,5.2407719770827255,0.8076069089128571
p029,Q95,weighted_proportional,0.3,1.4,1.5,2.350078005942641,4.484763379535267,-2.1346853735926263,5.170171613073816,0.8674302741121096
p029,Q95,weighted_proportional,0.3,1.5,1.6,1.61520436658015,4.7255357909784665,-3.110331424398316,5.79755237034342,0.8150915229591186
p029,Q95,weighted_proportional,0.3,1.6,1.7,0.02549197157288019,53.31967638464298,-53.2941844130701,0.3823795735932306,139.44174863630036
p030,Q0,equal_kw_reduction,0.05,1.1,1.2,0.3371199232490574,5.028083976578973,-4.690964053329916,13.931192503168766,0.3609227261367104
p030,Q0,equal_kw_reduction,0.1,1.1,1.2,2.2402492196473833,4.433747809134747,-2.1934985894873638,12.02806320677044,0.36861693631931103
p030,Q0,equal_kw_reduction,0.1,1.2,1.3,0.3490066465979269,4.883689622378117,-4.534682975780191,13.900005326704878,0.35134444250863034
p030,Q0,equal_kw_reduction,0.2,1.2,1.3,2.2865898347232125,4.333783552297993,-2.04719371757478,11.962422138579592,0.3622831147482463
p030,Q0,equal_kw_reduction,0.2,1.3,1.4,0.6633183982665269,3.5007143443835096,-2.837395946116983,9.94977597399782,0.3518385090812173
p030,Q0,equal_kw_reduction,0.3,1.3,1.4,2.1117169913326403,3.394952581713545,-1.2832355903809045,8.501377380931707,0.39934147486833194
p030,Q0,fairness_qp,0.05,1.0,1.1,2.710968750919224,5.833192728600584,-3.12222397768136,11.747531249565679,0.49654626190641066
p030,Q0,fairness_qp,0.1,1.0,1.1,4.518281250684875,5.423196878627468,-0.904915627942593,9.940218749800028,0.5455812407283862
p030,Q0,fairness_qp,0.1,1.1,1.2,0.903656250211271,6.065254859794922,-5.161598609583651,13.554843749419621,0.447460330190425
p030,Q0,fairness_qp,0.2,1.1,1.2,4.518281249884653,4.997984669600136,-0.4797034197154826,9.940218749746238,0.5028042938921972
p030,Q0,fairness_qp,0.2,1.2,1.3,0.9036562502255097,5.469299202639416,-4.565642952413906,13.55484374815652,0.4034940796262037
p030,Q0,fairness_qp,0.2,1.3,1.4,0.30121875016800304,1.8996768300950928,-1.5984580799270898,4.518281252520295,0.42044235936739305
p030,Q0,fairness_qp,0.3,1.2,1.3,4.5182812494943825,4.861801871909988,-0.3435206224156051,9.940218748887647,0.4891041127695549
p030,Q0,fairness_qp,0.3,1.3,1.4,0.3012187508991404,1.6792177569163458,-1.3779990060172054,4.518281251789158,0.37164967458619486
p030,Q0,max_export_lp,0.05,1.0,1.1,2.7109687499993482,4.6925919713916295,-1.9816232213922813,11.747531249989867,0.3994534572015441
p030,Q0,max_export_lp,0.1,1.1,1.2,0.9036562500028544,5.174564873385385,-4.27090862338253,13.554843749999906,0.38175024137666064
p030,Q0,max_export_lp,0.2,1.1,1.2,4.518281250000866,4.730729346737572,-0.21244809673670595,9.940218750001895,0.4759180321596716
p030,Q0,max_export_lp,0.2,1.2,1.3,0.9036562500024381,5.4703464715997185,-4.56669022159728,13.554843750004181,0.403571341174481
p030,Q0,max_export_lp,0.2,1.3,1.4,0.3012187499993879,1.9472639518321455,-1.6460452018327576,4.518281249990874,0.4309744887696131
p030,Q0,max_export_lp,0.3,1.3,1.4,0.301218749999721,1.4813953593421636,-1.1801766093424426,4.518281249990541,0.3278670090192515
p030,Q0,weighted_proportional,0.05,1.2,1.3,1.9889356135805725,5.606820067783541,-3.6178844542029687,9.591675599544297,0.5845506355583922
p030,Q0,weighted_proportional,0.05,1.3,1.4,0.04432677736976309,5.978923728636287,-5.934596951266524,11.390084809159873,0.5249235478763121
p030,Q0,weighted_proportional,0.1,1.2,1.3,3.6189410041015115,5.256393813547117,-1.6374528094456053,7.961670209023358,0.6602124523557611
p030,Q0,weighted_proportional,0.1,1.3,1.4,0.8919578336371581,5.605240995596561,-4.713283161959403,10.542453752892477,0.5316827682605371
p030,Q0,weighted_proportional,0.1,1.4,1.5,0.233332303211653,5.939344755608977,-5.706012452397324,11.04704212351859,0.5376411793492137
p030,Q0,weighted_proportional,0.2,1.2,1.3,3.6189410041015115,3.854688796601197,-0.23574779249968536,7.961670209023358,0.484155798394222
p030,Q0,weighted_proportional,0.2,1.3,1.4,3.573253620790501,4.110510063437406,-0.5372564426469051,7.861157965739135,0.5228886229423225
p030,Q0,weighted_proportional,0.2,1.4,1.5,1.63835261451728,4.355519487446613,-2.717166872929333,9.642021812212963,0.45172263372498705
p030,Q0,weighted_proportional,0.2,1.5,1.6,0.6949459441364103,4.58935319900386,-3.894407254867449,10.424189162046126,0.4402599691603286
p030,Q0,weighted_proportional,0.2,1.6,1.7,0.03823795740462432,58.15238628300332,-58.11414832559869,0.5735693610691428,101.38684216780042
p030,Q0,weighted_proportional,0.3,1.2,1.3,3.6189410041015115,3.854688796601197,-0.23574779249968536,7.961670209023358,0.484155798394222
p030,Q0,weighted_proportional,0.3,1.3,1.4,3.573253620790501,4.110510063437406,-0.5372564426469051,7.861157965739135,0.5228886229423225
p030,Q0,weighted_proportional,0.3,1.4,1.5,3.5251170083532015,4.3555194874466965,-0.830402479093495,7.755257418377043,0.5616215236293451
p030,Q0,weighted_proportional,0.3,1.5,1.6,2.422806550300499,4.589353199003804,-2.1665466487033047,8.696328555882038,0.5277345686185752
p030,Q0,weighted_proportional,0.3,1.6,1.7,0.03823795740462432,51.78308628476411,-51.744848327359485,0.5735693610691428,90.28216951519093
p030,Q95,equal_kw_reduction,0.05,1.1,1.2,0.3371199232490574,5.028083976578973,-4.690964053329916,13.931192503168766,0.3609227261367104
p030,Q95,equal_kw_reduction,0.1,1.1,1.2,2.2402492196473833,4.433747809134747,-2.1934985894873638,12.02806320677044,0.36861693631931103
p030,Q95,equal_kw_reduction,0.1,1.2,1.3,0.3490066465979269,4.883689622378117,-4.534682975780191,13.900005326704878,0.35134444250863034
p030,Q95,equal_kw_reduction,0.2,1.2,1.3,2.2865898347232125,4.333783552297993,-2.04719371757478,11.962422138579592,0.3622831147482463
p030,Q95,equal_kw_reduction,0.2,1.3,1.4,0.6633183982665269,3.5007143443835096,-2.837395946116983,9.94977597399782,0.3518385090812173
p030,Q95,equal_kw_reduction,0.3,1.3,1.4,2.1117169913326403,3.394952581713545,-1.2832355903809045,8.501377380931707,0.39934147486833194
p030,Q95,fairness_qp,0.05,1.0,1.1,2.71096875006549,5.833222261343085,-3.122253511277595,11.747531249939547,0.49654877584369933
p030,Q95,fairness_qp,0.1,1.0,1.1,4.518281250040667,5.423220603997525,-0.9049393539568573,9.94021874996437,0.5455836275249943
p030,Q95,fairness_qp,0.1,1.1,1.2,0.9036562500226997,6.0652356676050285,-5.161579417582329,13.554843749943812,0.4474589142814848
p030,Q95,fairness_qp,0.2,1.1,1.2,4.518281249989542,4.99797329239926,-0.4796920424097184,9.940218749976971,0.5028031493181012
p030,Q95,fairness_qp,0.2,1.2,1.3,0.9036562499152578,5.469296102175253,-4.565639852259995,13.554843748198236,0.4034938508901848
p030,Q95,fairness_qp,0.2,1.3,1.4,0.3012187501142405,1.8996721016381057,-1.5984533515238653,4.518281251713635,0.420441312925711
p030,Q95,fairness_qp,0.3,1.2,1.3,4.51828124941045,4.861797890399311,-0.34351664098886125,9.940218748703044,0.48910371223305893
p030,Q95,fairness_qp,0.3,1.3,1.4,0.3012187506190589,1.679210962640676,-1.377992212021617,4.518281251208816,0.371648170903797
p030,Q95,max_export_lp,0.05,1.0,1.1,2.7109687499993482,4.692591386182193,-1.9816226361828448,11.747531249989867,0.39945340738601914
p030,Q95,max_export_lp,0.1,1.1,1.2,0.903656250003243,5.174567577033967,-4.270911327030724,13.554843750005514,0.3817504408364621
p030,Q95,max_export_lp,0.2,1.1,1.2,4.518281250002754,4.730741239297509,-0.2124599892947554,9.940218750006002,0.4759192285677468
p030,Q95,max_export_lp,0.2,1.2,1.3,0.903656250000634,5.47034602435656,-4.566689774355925,13.554843750001405,0.4035713081794832
p030,Q95,max_export_lp,0.2,1.3,1.4,0.3012187499996932,1.9472657487834832,-1.64604699878379,4.518281249995454,0.43097488647601173
p030,Q95,max_export_lp,0.3,1.3,1.4,0.3012187499996932,1.4814013366205858,-1.1801825866208926,4.518281249995454,0.3278683319286679
p030,Q95,weighted_proportional,0.05,1.2,1.3,1.98893561357108,5.60682006887761,-3.6178844553065304,9.59167559942764,0.5845506356795661
p030,Q95,weighted_proportional,0.05,1.3,1.4,0.0443267773772571,5.97892372980885,-5.934596952431592,11.390084808997141,0.5249235479867576
p030,Q95,weighted_proportional,0.1,1.2,1.3,3.6189410040620986,5.256393814572852,-1.6374528105107533,7.9616702089366225,0.6602124524917878
p030,Q95,weighted_proportional,0.1,1.3,1.4,0.8919578336573919,5.605240996695709,-4.713283163038318,10.542453752717007,0.5316827683736458
p030,Q95,weighted_proportional,0.1,1.4,1.5,0.2333323032288337,5.939344744047198,-5.706012440818364,11.047042125128526,0.5376411782242658
p030,Q95,weighted_proportional,0.2,1.2,1.3,3.6189410040620986,3.854688797353373,-0.23574779329127438,7.9616702089366225,0.4841557984939712
p030,Q95,weighted_proportional,0.2,1.3,1.4,3.573253620742012,4.110510064243567,-0.5372564435015548,7.861157965632387,0.5228886230519728
p030,Q95,weighted_proportional,0.2,1.4,1.5,1.6383526146876992,4.355519478968173,-2.7171668642804736,9.64202181366966,0.45172263277742
p030,Q95,weighted_proportional,0.2,1.5,1.6,0.6949459440870054,4.589353203254793,-3.894407259167787,10.42418916130497,0.44025996959942604
p030,Q95,weighted_proportional,0.2,1.6,1.7,0.03823795736951352,58.152386287310954,-58.11414832994144,0.5735693605426473,101.3868422683765
p030,Q95,weighted_proportional,0.3,1.2,1.3,3.6189410040620986,3.854688797353373,-0.23574779329127438,7.9616702089366225,0.4841557984939712
p030,Q95,weighted_proportional,0.3,1.3,1.4,3.573253620742012,4.110510064243567,-0.5372564435015548,7.861157965632387,0.5228886230519728
p030,Q95,weighted_proportional,0.3,1.4,1.5,3.5251170088616557,4.355519478968118,-0.8304024701064616,7.755257419495703,0.5616215224550652
p030,Q95,weighted_proportional,0.3,1.5,1.6,2.422806549913059,4.589353203254875,-2.1665466533418165,8.696328555478916,0.5277345691318738
p030,Q95,weighted_proportional,0.3,1.6,1.7,0.03823795736951352,51.78308628864586,-51.74484833127635,0.5735693605426473,90.28216960483121
