profile_id,method_id,penalty_to_export_value_ratio,control_id,trajectory_count,interval_count,mean_selected_gamma,externality_interval_share,productive_high_request_interval_share,mean_private_utility_gain_mw_equivalent,mean_coalition_delivery_gain_mw,mean_outside_delivery_loss_mw,mean_total_delivery_change_mw,mean_system_delivery_loss_mw,mean_incremental_coalition_idle_award_mw,mean_reported_total_idle_award_mw,mean_request_attenuation_mw,mean_redistribution_mw,mean_jain_norm_change,terminal_mean_score,solver_pass_rate,ac_numerical_pass_rate,matched_q_pair_pass_rate,maximum_loading_ratio,minimum_voltage_pu,maximum_mva_excess,externality_gate_interval_share,replay_attempt_rate,replay_valid_rate,mean_replay_outsider_allocation_gain_mw,mean_replay_outsider_delivery_gain_mw,mean_replay_total_delivery_gain_mw,mean_replay_redistribution_mw
CLUSTERED_SHORTFALL,weighted_proportional,0.0,NO_FEEDBACK,6,96,1.7,0.6875,0.20833333333333334,0.02861374260017803,0.02861374260017803,0.03795646490941216,-0.009342722309234127,0.010714650830222517,0.022296466496928558,0.055902389464181114,0.0,0.05305980630085305,-0.010270725243797463,1.0,1.0,1.0,1.0,0.9090909086412845,0.955472141209247,0.0,0.0,0.0,1.0,0.0,0.0,0.0,0.0
CLUSTERED_SHORTFALL,weighted_proportional,0.0,DELIVERY_RATIO_CF_BETA_050,6,96,1.7,0.3541666666666667,0.5416666666666666,0.02793205914463129,0.027932059144631288,0.027864799198549197,6.725994608209468e-05,0.003876253423513031,0.010259859675987566,0.04851801815615708,0.019985731159093738,0.03938465047402287,-0.006575562489781994,0.9714820741542143,1.0,1.0,1.0,0.9090909179135591,0.955472141209247,0.0,0.0,0.0,1.0,0.0,0.0,0.0,0.0
CLUSTERED_SHORTFALL,weighted_proportional,0.0,EXTERNALITY_CF_BETA_025,6,96,1.7,0.25,0.6041666666666666,0.024019754419234724,0.02401975441923472,0.021726103765895715,0.002293650653339014,0.0036904892088463113,0.009250613546607056,0.04938488887181262,0.03373820432114231,0.03488639763210291,-0.005172888401947268,0.881161111610062,1.0,1.0,1.0,0.9090909158091265,0.955472141209247,0.0,0.8958333333333334,1.0,1.0,0.07852865293902901,0.07596271622981038,0.03172273565276431,0.08607676119394385
CLUSTERED_SHORTFALL,weighted_proportional,0.0,EXTERNALITY_CF_BETA_050,6,96,1.7,0.20833333333333334,0.625,0.024721240890342045,0.02472124089034204,0.018560903532943852,0.00616033735739821,0.0028881669214124947,0.006351387916304907,0.04353242462318808,0.053177536568641694,0.03862038131657077,-0.00667085237745876,0.8980286153157553,1.0,1.0,1.0,0.9090909180199556,0.955472141209247,0.0,0.9375,1.0,1.0,0.06787884729943859,0.0657664195293323,0.02839105950684548,0.07439331597255676
CLUSTERED_SHORTFALL,weighted_proportional,0.0,EXTERNALITY_CF_BETA_100,6,96,1.7,0.4166666666666667,0.2708333333333333,0.01621045279942077,0.016210452799420766,0.04030381608865586,-0.024093363289235076,0.028279210005471817,0.01585940383582162,0.05982873611371541,0.11133045000000003,0.06945016213643627,-0.02182959160225149,0.9016666666666667,1.0,1.0,1.0,0.9090909149920772,0.9551319718739029,0.0,1.0,1.0,1.0,0.07596402097582239,0.07540981054359978,0.05194138666022222,0.07963059048645767
CLUSTERED_SHORTFALL,weighted_proportional,0.0,UNIFORM_MATCHED_EXTERNALITY_CF_BETA_050,6,96,1.7,0.6875,0.20833333333333334,0.028613742600213,0.02861374260021299,0.03795646490880729,-0.009342722308594278,0.010714650829606057,0.02229646649701476,0.05590238946449874,0.053177536568641694,0.05305980630049548,-0.010270725243797487,0.7539018016103086,1.0,1.0,1.0,0.909090916106267,0.9554721411772096,0.0,0.0,0.0,1.0,0.0,0.0,0.0,0.0
CLUSTERED_SHORTFALL,weighted_proportional,1.0,NO_FEEDBACK,6,96,1.2,0.25,0.5,0.011560260590365273,0.021555254473831692,0.02224457617202231,-0.0006893216981905906,0.0034728758457850764,0.00999499388346642,0.05074268445862345,0.0,0.03195299775830165,-0.00387407510186479,1.0,1.0,1.0,1.0,0.9090909054653987,0.9555592412402187,0.0,0.0,0.0,1.0,0.0,0.0,0.0,0.0
CLUSTERED_SHORTFALL,weighted_proportional,1.0,DELIVERY_RATIO_CF_BETA_050,6,96,1.2,0.1875,0.6458333333333334,0.014755617896260028,0.021415742435784868,0.019697088245126296,0.0017186541906585885,0.0018973256375251907,0.0066601245395248405,0.048623863202524265,0.005205941309080167,0.028334039059938237,-0.003222659237769243,0.9710692745576694,1.0,1.0,1.0,0.9090909201951235,0.9555592412402187,0.0,0.0,0.0,1.0,0.0,0.0,0.0,0.0
CLUSTERED_SHORTFALL,weighted_proportional,1.0,EXTERNALITY_CF_BETA_025,6,96,1.2,0.08333333333333333,0.6458333333333334,0.013152767299992875,0.019726673968664527,0.016905133506217012,0.002821540462447527,0.0023834064593176766,0.006573906668671651,0.048796523328222284,0.013621328178490147,0.027861351033470982,-0.003184316010648553,0.8821708188508638,1.0,1.0,1.0,0.9090909173722268,0.9555592412402187,0.0,0.8958333333333334,1.0,1.0,0.07521101088168207,0.07138652397503463,0.02954782618117403,0.08292311600188247
CLUSTERED_SHORTFALL,weighted_proportional,1.0,EXTERNALITY_CF_BETA_050,6,96,1.2,0.08333333333333333,0.6875,0.015399928344698319,0.01824033657097367,0.012254804866605434,0.005985531704368244,0.002324319285046494,0.002840408226275353,0.04293718593748077,0.04584488908996585,0.030627442768862576,-0.004406415188067933,0.8908709547254774,1.0,1.0,1.0,0.9090909167749689,0.955507636230719,0.0,1.0,1.0,1.0,0.06653503421297068,0.06568828299156296,0.03069414467674224,0.07223317923263609
CLUSTERED_SHORTFALL,weighted_proportional,1.0,EXTERNALITY_CF_BETA_100,6,96,1.2,0.1875,0.2916666666666667,0.003131448058403541,0.011255870091057591,0.02760491308670422,-0.01634904299564661,0.020213669917684356,0.00812442203265405,0.05491694792761965,0.09991425937500002,0.062276295934763665,-0.016651806644183812,0.9016666666666667,1.0,1.0,1.0,0.9090909177321453,0.9552162216449963,0.0,1.0,1.0,1.0,0.06829807301622877,0.06812399584907826,0.04634313241527371,0.07249794218882648
CLUSTERED_SHORTFALL,weighted_proportional,1.0,UNIFORM_MATCHED_EXTERNALITY_CF_BETA_050,6,96,1.2,0.25,0.5,0.011560260590471631,0.021555254473955284,0.02224457617147073,-0.0006893216975154386,0.0034728758456753724,0.009994993883483655,0.050742684458904806,0.045844889089965896,0.03195299775796421,-0.0038740751018647678,0.7477724997942091,1.0,1.0,1.0,0.9090909211769254,0.9555592412071089,0.0,0.0,0.0,1.0,0.0,0.0,0.0,0.0
CLUSTERED_SHORTFALL,weighted_proportional,10.0,NO_FEEDBACK,6,96,1.0,0.0,0.0,0.0,0.0,0.0,0.0,0.0,0.0,0.0508588615624399,0.0,0.0,0.0,1.0,1.0,1.0,1.0,0.9090908986590723,0.9556770734851585,0.0,0.0,0.0,1.0,0.0,0.0,0.0,0.0
CLUSTERED_SHORTFALL,weighted_proportional,10.0,DELIVERY_RATIO_CF_BETA_050,6,96,1.0,0.0,0.0,0.0,0.0,0.0,0.0,0.0,0.0,0.0508588615624399,0.0,0.0,0.0,0.9676233534129218,1.0,1.0,1.0,0.9090908986590723,0.9556770734851585,0.0,0.0,0.0,1.0,0.0,0.0,0.0,0.0
CLUSTERED_SHORTFALL,weighted_proportional,10.0,EXTERNALITY_CF_BETA_025,6,96,1.0,0.0,0.25,0.0007991679842792072,-4.837635385849694e-05,-0.000555036535490781,0.0005066601816322916,0.001596276413608523,-8.475443381377042e-05,0.05003324445862637,0.011869620749635268,0.008483110591721738,-0.00043093773800360197,0.8683999629621392,1.0,1.0,1.0,0.9090909132740778,0.9556339665006113,0.0,1.0,1.0,1.0,0.07238865757700762,0.07238865757700762,0.03793241762847423,0.07843907099208368
CLUSTERED_SHORTFALL,weighted_proportional,10.0,EXTERNALITY_CF_BETA_050,6,96,1.0,0.0,0.5416666666666666,0.007885845354974892,0.00047249388637683455,-0.004518747907833087,0.004991241794209948,0.0013221391826840415,-0.0007413351468598058,0.044812997527575754,0.031092908354187127,0.01989541910616615,-0.0014510767747546692,0.8953014628092447,1.0,1.0,1.0,0.9090909161172867,0.9556108026163845,0.0,1.0,1.0,1.0,0.06244933268183433,0.061597878830567394,0.033189262910392724,0.06783547306479236
CLUSTERED_SHORTFALL,weighted_proportional,10.0,EXTERNALITY_CF_BETA_100,6,96,1.0,0.020833333333333332,0.25,-0.0017056436907772847,-0.0018966195887533555,0.009068287267816427,-0.010964906856569777,0.015727272715229668,-1.909758979760715e-05,0.051153304081637735,0.08391954375000006,0.057067479808865916,-0.012680235962479225,0.91,1.0,1.0,1.0,0.9090909178666108,0.9553317640808262,0.0,1.0,1.0,1.0,0.05923590807020698,0.05923590807020698,0.042643544488293585,0.06349078786687905
CLUSTERED_SHORTFALL,weighted_proportional,10.0,UNIFORM_MATCHED_EXTERNALITY_CF_BETA_050,6,96,1.0,0.0,0.0,5.4924814696377666e-14,-2.7564891558543025e-14,1.686804450458379e-13,-1.962249807085925e-13,2.678343657969151e-13,-8.248944423939567e-15,0.05085886156235945,0.03109290835418707,2.4623592010872275e-13,-9.71445146547012e-17,0.7366792018796833,1.0,1.0,1.0,0.9090909137770393,0.9556770734522052,0.0,0.0,0.0,1.0,0.0,0.0,0.0,0.0
CLUSTERED_SHORTFALL,equal_kw_reduction,0.0,NO_FEEDBACK,6,96,1.5466666666666666,0.7083333333333334,0.1875,0.025560409312899764,0.025560409312899764,0.039403122739463614,-0.013842713426563855,0.015102402865337835,0.04142316479452948,0.11668401556812612,0.0,0.05933015061679071,-0.04014376912643347,1.0,1.0,1.0,1.0,0.9090909054336962,0.9559799595302261,0.0,0.0,0.0,1.0,0.0,0.0,0.0,0.0
CLUSTERED_SHORTFALL,equal_kw_reduction,0.0,DELIVERY_RATIO_CF_BETA_050,6,96,1.5466666666666666,0.4166666666666667,0.4791666666666667,0.024214131086258344,0.024214131086258344,0.02284039272879902,0.0013737383574593393,0.003644410338197785,0.016214417200278615,0.09588452010257287,0.030102801821037233,0.03598332392771866,-0.020893251974795083,0.956488271733363,1.0,1.0,1.0,0.9090909195562756,0.9559799595302261,0.0,0.0,0.0,1.0,0.0,0.0,0.0,0.0
CLUSTERED_SHORTFALL,equal_kw_reduction,0.0,EXTERNALITY_CF_BETA_025,6,96,1.5466666666666666,0.2708333333333333,0.5208333333333334,0.018759494959310518,0.018759494959310518,0.017390759446690125,0.0013687355126204004,0.003626173838854186,0.008621780774959857,0.08820340839729414,0.054308243899936874,0.0295328722938497,-0.010122019445181605,0.8822414853185828,1.0,1.0,1.0,0.909090919672656,0.9559786045100545,0.0,1.0,1.0,1.0,0.05305222082826864,0.050935743501898646,0.023258469118843106,0.08446645180430917
CLUSTERED_SHORTFALL,equal_kw_reduction,0.0,EXTERNALITY_CF_BETA_050,6,96,1.5466666666666666,0.10416666666666667,0.7708333333333334,0.02096107502856512,0.02096107502856512,0.00951399397675595,0.011447081051809171,0.0005322653429006471,0.0061823056271334805,0.06578379365058898,0.0781372413305283,0.04186043047731891,-0.00540189137967501,0.9044128926595052,1.0,1.0,1.0,0.9090909228146851,0.9557947208356041,0.0,1.0,1.0,1.0,0.044574084307254486,0.042386624741659835,0.018206630880468113,0.0672689359095176
CLUSTERED_SHORTFALL,equal_kw_reduction,0.0,EXTERNALITY_CF_BETA_100,6,96,1.5466666666666666,0.5,0.08333333333333333,0.011729691010657415,0.011729691010657408,0.04076777656938993,-0.0290380855587325,0.029467735231278488,0.022453960388078523,0.08836789649085112,0.11196635625000002,0.07234297733791258,-0.012697500994284155,0.9033333333333333,1.0,1.0,1.0,0.909090920990753,0.9555068557504063,0.0,1.0,1.0,1.0,0.05268315238698893,0.051729078540890656,0.035745875017346246,0.07851712620069223
CLUSTERED_SHORTFALL,equal_kw_reduction,0.0,UNIFORM_MATCHED_EXTERNALITY_CF_BETA_050,6,96,1.5466666666666666,0.7708333333333334,0.125,0.02503102093616313,0.02503102093616313,0.04549376215073689,-0.020462741214573744,0.020928288758467643,0.035483123093116686,0.10253003957034734,0.07813724133052825,0.06384977964429278,-0.014493080535879057,0.740355193857177,1.0,1.0,1.0,0.9090909260854669,0.9558022324145014,0.0,0.0,0.0,1.0,0.0,0.0,0.0,0.0
CLUSTERED_SHORTFALL,equal_kw_reduction,1.0,NO_FEEDBACK,6,96,1.1733333333333336,0.2708333333333333,0.4791666666666667,0.004575043425969161,0.011536209838990846,0.011924301655286754,-0.00038809181629589445,0.0022988432257119995,0.00696116641302168,0.09033864341094133,0.0,0.01755260550441015,-0.006404580332655933,1.0,1.0,1.0,1.0,0.9090909204315043,0.9560352814823647,0.0,0.0,0.0,1.0,0.0,0.0,0.0,0.0
CLUSTERED_SHORTFALL,equal_kw_reduction,1.0,DELIVERY_RATIO_CF_BETA_050,6,96,1.1733333333333336,0.25,0.5625,0.006213762323858269,0.011534405842745746,0.010661519599533029,0.0008728862432127171,0.0014079265309233692,0.005320643518887472,0.08909550537550974,0.0019549750001320357,0.01587540644604934,-0.005000425578744601,0.9563384625060359,1.0,1.0,1.0,0.9090909209714477,0.9560352814823647,0.0,0.0,0.0,1.0,0.0,0.0,0.0,0.0
CLUSTERED_SHORTFALL,equal_kw_reduction,1.0,EXTERNALITY_CF_BETA_025,6,96,1.1733333333333336,0.16666666666666666,0.5625,0.006508514609633108,0.009792630850408976,0.010260868221693267,-0.00046823737128427745,0.003043356513295861,0.003284116240775866,0.085209208228872,0.015958183632549378,0.01740399975144046,-0.0005572875969122615,0.8831175847784873,1.0,1.0,1.0,0.9090909204315043,0.9559820441012337,0.0,1.0,1.0,1.0,0.049683910812382666,0.04803141347551495,0.02228674109442391,0.08031889571117286
CLUSTERED_SHORTFALL,equal_kw_reduction,1.0,EXTERNALITY_CF_BETA_050,6,96,1.1733333333333336,0.020833333333333332,0.875,0.010482112199437238,0.010250362070154477,0.00026535204785533363,0.00998501002229917,0.00035283929866994357,-0.00023175012928276328,0.06109738187458488,0.04514341277046207,0.030184994671915596,0.006556555094198793,0.8954483964708116,1.0,1.0,1.0,0.9090909279688917,0.9558020581085781,0.0,1.0,1.0,1.0,0.04046492869021103,0.03951400146776174,0.017016105833437874,0.062030103099559884
CLUSTERED_SHORTFALL,equal_kw_reduction,1.0,EXTERNALITY_CF_BETA_100,6,96,1.1733333333333336,0.25,0.08333333333333333,0.0009932174519450036,0.003354019045365663,0.02442338869812012,-0.021069369652754456,0.021360363185516925,0.0023608015934206564,0.07111668327295295,0.090215015625,0.05897049042464244,0.007862898411847055,0.9072222222222223,1.0,1.0,1.0,0.9090909204315043,0.9555483119056318,0.0,1.0,1.0,1.0,0.04020369816514605,0.04001753631127967,0.02602886112879765,0.06265452831029052
CLUSTERED_SHORTFALL,equal_kw_reduction,1.0,UNIFORM_MATCHED_EXTERNALITY_CF_BETA_050,6,96,1.1733333333333336,0.5208333333333334,0.10416666666666667,0.005636676193265165,0.010806332878394775,0.017769979710508813,-0.0069636468321140205,0.007697273048206957,0.005169656685129607,0.08289305467487916,0.04514341277046202,0.024094630284233424,0.007475908944459898,0.7362392755155684,1.0,1.0,1.0,0.9090909204315043,0.9559229371786299,0.0,0.0,0.0,1.0,0.0,0.0,0.0,0.0
CLUSTERED_SHORTFALL,equal_kw_reduction,10.0,NO_FEEDBACK,6,96,1.0666666666666667,0.0,0.3333333333333333,0.0004981143621184214,0.00033658806899101177,0.00029680456362161147,3.97835053694053e-05,0.0,-1.6152629312741133e-05,0.08741129136177554,0.0,0.00042673610349935887,0.005134243114991259,1.0,1.0,1.0,1.0,0.9090909133436922,0.9560783685457737,0.0,0.0,0.0,1.0,0.0,0.0,0.0,0.0
CLUSTERED_SHORTFALL,equal_kw_reduction,10.0,DELIVERY_RATIO_CF_BETA_050,6,96,1.0666666666666667,0.0,0.3333333333333333,0.0004981143621184214,0.00033658806899101177,0.00029680456362161147,3.97835053694053e-05,0.0,-1.6152629312741133e-05,0.08741129136177554,0.0,0.00042673610349935887,0.005134243114991259,0.9552976889698709,1.0,1.0,1.0,0.9090909133436922,0.9560783685457737,0.0,0.0,0.0,1.0,0.0,0.0,0.0,0.0
CLUSTERED_SHORTFALL,equal_kw_reduction,10.0,EXTERNALITY_CF_BETA_025,6,96,1.0666666666666667,0.020833333333333332,0.25,0.004030820061688626,-6.628689936971654e-05,0.0019871264426163473,-0.0020534133419860497,0.00278161120533676,-0.00040971069610583485,0.08455754149469104,0.011088060068482892,0.007818293532804188,0.007619558316042624,0.8825073955545667,1.0,1.0,1.0,0.9090909206562247,0.9560093412573657,0.0,1.0,1.0,1.0,0.04646633725142465,0.0455483437193977,0.023102309718639125,0.07673495637343714
CLUSTERED_SHORTFALL,equal_kw_reduction,10.0,EXTERNALITY_CF_BETA_050,6,96,1.0666666666666667,0.0,0.7916666666666666,0.03480212917105415,0.0011412828223624288,-0.0077960943145398654,0.008937377136902324,0.0,-0.003366084634869173,0.06008374953768519,0.03897120533752446,0.025210219956389845,0.015278414900979136,0.9026133473714193,1.0,1.0,1.0,0.9090909244389364,0.9558363050781199,0.0,1.0,1.0,1.0,0.037273550522731375,0.036655908255286404,0.017332136139432727,0.0583405360881351
CLUSTERED_SHORTFALL,equal_kw_reduction,10.0,EXTERNALITY_CF_BETA_100,6,96,1.0666666666666667,0.0,0.08333333333333333,0.024033412920911934,-0.003085486792922984,0.01657392683895226,-0.019659413631875223,0.01967479677232599,-0.0027118899713834926,0.06767459677698838,0.08259418125000002,0.055472994703258525,0.01586490635301004,0.91,1.0,1.0,1.0,0.9090909168278611,0.9555828193588595,0.0,1.0,1.0,1.0,0.03577695318882076,0.035642110915203085,0.02379760245925262,0.0576480292108798
CLUSTERED_SHORTFALL,equal_kw_reduction,10.0,UNIFORM_MATCHED_EXTERNALITY_CF_BETA_050,6,96,1.0666666666666667,0.0,0.020833333333333332,0.008643283665249968,-0.0006316630002865153,0.006120477429230639,-0.006752140429517134,0.006755005475852241,-0.0009274946665536488,0.08121373026207913,0.03897120533752446,0.010535083854687606,0.017423481475968356,0.7312724663334155,1.0,1.0,1.0,0.9090909227815426,0.955951204105556,0.0,0.0,0.0,1.0,0.0,0.0,0.0,0.0
CLUSTERED_SHORTFALL,flat_level,0.0,NO_FEEDBACK,6,96,1.1066666666666667,0.0,0.0,-0.007848589589782936,-0.007848589589782936,0.04500167971579544,-0.052850269305578394,0.052850269305578394,0.0068002582355420815,0.04503648049989637,0.0,0.034267686595132324,-0.023929770226804942,1.0,1.0,1.0,1.0,0.9090909101921024,0.9539511012365637,0.0,0.0,0.0,1.0,0.0,0.0,0.0,0.0
CLUSTERED_SHORTFALL,flat_level,0.0,DELIVERY_RATIO_CF_BETA_050,6,96,1.1066666666666667,0.0625,0.020833333333333332,-0.00285976966521862,-0.002859769665218618,0.022606103467711473,-0.025465873132930115,0.025574278265759046,0.002793118583682535,0.04267846783946472,0.005937894267552095,0.017588175119394495,-0.011181780611124353,0.9561843002218046,1.0,1.0,1.0,0.9090909204253999,0.9539511012365637,0.0,0.0,0.0,1.0,0.0,0.0,0.0,0.0
CLUSTERED_SHORTFALL,flat_level,0.0,EXTERNALITY_CF_BETA_025,6,96,1.1066666666666667,0.08333333333333333,0.5,0.0002990358728288626,0.0002990358728288632,0.0069485690216673805,-0.006649533148838542,0.013599032814017115,0.0014409020734753913,0.042083687265270266,0.011012364677619346,0.015486807308347518,-0.0038739904516430224,0.9050205223035945,1.0,1.0,1.0,0.9090909185664197,0.9539511012365637,0.0,1.0,1.0,1.0,0.14098667305430404,0.1330772701863547,0.1330772701863547,0.09153518015978716
CLUSTERED_SHORTFALL,flat_level,0.0,EXTERNALITY_CF_BETA_050,6,96,1.1066666666666667,0.020833333333333332,0.8333333333333334,0.00866742236465518,0.00866742236465518,-0.03297505243793759,0.04164247480259275,0.005183905457277094,0.0011844833096851758,0.03523043778212684,0.030772129260635397,0.0397756997947356,0.008054469605691375,0.8930424414740669,1.0,1.0,1.0,0.9090909203821895,0.9539511012365637,0.0,1.0,1.0,1.0,0.10181752473474122,0.0962709515423648,0.09627095154236477,0.06852398125843402
CLUSTERED_SHORTFALL,flat_level,0.0,EXTERNALITY_CF_BETA_100,6,96,1.1066666666666667,0.041666666666666664,0.6458333333333334,0.00649919125040441,0.006499191250404413,-0.02297541452163625,0.02947460577204064,0.0158941375551846,0.004408785890036969,0.03740412621847935,0.05036377500000003,0.054341802623444006,-0.0025631764399625923,0.9133333333333334,1.0,1.0,1.0,0.9090909206849703,0.9539511012365637,0.0,1.0,1.0,1.0,0.12571415404531636,0.12282955782172765,0.12282955782172766,0.08155914013189786
CLUSTERED_SHORTFALL,flat_level,0.0,UNIFORM_MATCHED_EXTERNALITY_CF_BETA_050,6,96,1.1066666666666667,0.0625,0.3333333333333333,-0.0025790430103345328,-0.002579043010334531,0.02566087869935342,-0.028239921709687966,0.0355322522446082,0.007264919556078751,0.04571046646420832,0.03077212926063542,0.03221280505146678,-0.013585536643843002,0.7349414089732367,1.0,1.0,1.0,0.9090909176650669,0.9539511012365637,0.0,0.0,0.0,1.0,0.0,0.0,0.0,0.0
CLUSTERED_SHORTFALL,flat_level,1.0,NO_FEEDBACK,6,96,1.0,0.0,0.0,0.0,0.0,0.0,0.0,0.0,0.0,0.041655670009937265,0.0,0.0,0.0,1.0,1.0,1.0,1.0,0.9090909069966064,0.9543941331679278,0.0,0.0,0.0,1.0,0.0,0.0,0.0,0.0
CLUSTERED_SHORTFALL,flat_level,1.0,DELIVERY_RATIO_CF_BETA_050,6,96,1.0,0.0,0.0,0.0,0.0,0.0,0.0,0.0,0.0,0.041655670009937265,0.0,0.0,0.0,0.9577107706670122,1.0,1.0,1.0,0.9090909069966064,0.9543941331679278,0.0,0.0,0.0,1.0,0.0,0.0,0.0,0.0
CLUSTERED_SHORTFALL,flat_level,1.0,EXTERNALITY_CF_BETA_025,6,96,1.0,0.0,0.7083333333333334,0.0019300414673602089,0.0019624216382045524,-0.008721060108622251,0.01068348174682679,0.0,3.238017084434161e-05,0.04173547696774562,0.003245337872314513,0.008418129380393751,0.0036638876602675605,0.9087959330785087,1.0,1.0,1.0,0.9090909160417858,0.9543941331679278,0.0,1.0,1.0,1.0,0.1318563606565887,0.12382005286673488,0.12382005286673488,0.08679591881216715
CLUSTERED_SHORTFALL,flat_level,1.0,EXTERNALITY_CF_BETA_050,6,96,1.0,0.0,0.8958333333333334,0.009987259245283086,0.009959237139736093,-0.04698697006258423,0.0569462072023203,0.0,-2.8022105546997663e-05,0.03492026882476074,0.025905067437744234,0.04168907423955451,0.014266891354218068,0.8947551472981771,1.0,1.0,1.0,0.9090909203821895,0.9543941331679278,0.0,1.0,1.0,1.0,0.09525251649697548,0.09064679797637887,0.09064679797637887,0.06508639266086812
CLUSTERED_SHORTFALL,flat_level,1.0,EXTERNALITY_CF_BETA_100,6,96,1.0,0.0,0.8333333333333334,0.010149310063004761,0.010775084532816845,-0.0515170846484971,0.06229216918131392,0.0,0.0006257744698120801,0.035743688272810985,0.04699012500000008,0.05398850005205324,0.010986693501885428,0.91,1.0,1.0,1.0,0.9090909172734621,0.9543941331679278,0.0,1.0,1.0,1.0,0.10381050568490481,0.10251076517687545,0.10251076517687546,0.0697770969788579
CLUSTERED_SHORTFALL,flat_level,1.0,UNIFORM_MATCHED_EXTERNALITY_CF_BETA_050,6,96,1.0,0.0,0.8958333333333334,0.0037854702592175354,0.0040030926172492515,-0.016675686039520413,0.02067877865676966,0.0,0.0002176223580317118,0.04252482941215771,0.025905067437744234,0.017514933444493872,0.007769345205550046,0.72331416574421,1.0,1.0,1.0,0.9090909176650669,0.9543941331679278,0.0,0.0,0.0,1.0,0.0,0.0,0.0,0.0
CLUSTERED_SHORTFALL,flat_level,10.0,NO_FEEDBACK,6,96,1.0,0.0,0.0,0.0,0.0,0.0,0.0,0.0,0.0,0.041655670009937265,0.0,0.0,0.0,1.0,1.0,1.0,1.0,0.9090909069966064,0.9543941331679278,0.0,0.0,0.0,1.0,0.0,0.0,0.0,0.0
CLUSTERED_SHORTFALL,flat_level,10.0,DELIVERY_RATIO_CF_BETA_050,6,96,1.0,0.0,0.0,0.0,0.0,0.0,0.0,0.0,0.0,0.041655670009937265,0.0,0.0,0.0,0.9577107706670122,1.0,1.0,1.0,0.9090909069966064,0.9543941331679278,0.0,0.0,0.0,1.0,0.0,0.0,0.0,0.0
CLUSTERED_SHORTFALL,flat_level,10.0,EXTERNALITY_CF_BETA_025,6,96,1.0,0.0,0.6458333333333334,0.0016386199297611344,0.0019624216382045524,-0.008721060108622251,0.01068348174682679,0.0,3.238017084434161e-05,0.04173547696774562,0.003245337872314513,0.008418129380393751,0.0036638876602675605,0.9087959330785087,1.0,1.0,1.0,0.9090909160417858,0.9543941331679278,0.0,1.0,1.0,1.0,0.1318563606565887,0.12382005286673488,0.12382005286673488,0.08679591881216715
CLUSTERED_SHORTFALL,flat_level,10.0,EXTERNALITY_CF_BETA_050,6,96,1.0,0.0,0.8125,0.010239458195206068,0.009959237139736093,-0.04698697006258423,0.0569462072023203,0.0,-2.8022105546997663e-05,0.03492026882476074,0.025905067437744234,0.04168907423955451,0.014266891354218068,0.8947551472981771,1.0,1.0,1.0,0.9090909203821895,0.9543941331679278,0.0,1.0,1.0,1.0,0.09525251649697548,0.09064679797637887,0.09064679797637887,0.06508639266086812
CLUSTERED_SHORTFALL,flat_level,10.0,EXTERNALITY_CF_BETA_100,6,96,1.0,0.0,0.7291666666666666,0.004517339834696044,0.010775084532816845,-0.0515170846484971,0.06229216918131392,0.0,0.0006257744698120801,0.035743688272810985,0.04699012500000008,0.05398850005205324,0.010986693501885428,0.91,1.0,1.0,1.0,0.9090909172734621,0.9543941331679278,0.0,1.0,1.0,1.0,0.10381050568490481,0.10251076517687545,0.10251076517687546,0.0697770969788579
CLUSTERED_SHORTFALL,flat_level,10.0,UNIFORM_MATCHED_EXTERNALITY_CF_BETA_050,6,96,1.0,0.0,0.8125,0.0018268690369321302,0.0040030926172492515,-0.016675686039520413,0.02067877865676966,0.0,0.0002176223580317118,0.04252482941215771,0.025905067437744234,0.017514933444493872,0.007769345205550046,0.72331416574421,1.0,1.0,1.0,0.9090909176650669,0.9543941331679278,0.0,0.0,0.0,1.0,0.0,0.0,0.0,0.0
CLUSTERED_SHORTFALL,max_export_lp,0.0,NO_FEEDBACK,6,96,1.46,0.5208333333333334,0.0625,0.010235762079816945,0.010235762079816945,0.0335252131288406,-0.023289451049023663,0.023724071463056124,0.048109231355271787,0.15150744390519622,0.0,0.05161045446359386,-0.03726894259973096,1.0,1.0,1.0,1.0,0.9090909082102405,0.9562697768674739,0.0,0.0,0.0,1.0,0.0,0.0,0.0,0.0
CLUSTERED_SHORTFALL,max_export_lp,0.0,DELIVERY_RATIO_CF_BETA_050,6,96,1.46,0.2916666666666667,0.2916666666666667,0.010958782693049287,0.010958782693049285,0.015056852455146092,-0.004098069762096823,0.006243990169833504,0.018221343944276738,0.12322786143984658,0.034238258045605784,0.0256836493905091,-0.016146140358404823,0.9458936965521177,1.0,1.0,1.0,0.909090918543083,0.9562224893902282,0.0,0.0,0.0,1.0,0.0,0.0,0.0,0.0
CLUSTERED_SHORTFALL,max_export_lp,0.0,EXTERNALITY_CF_BETA_025,6,96,1.46,0.22916666666666666,0.3125,0.008590412407433778,0.008590412407433775,0.011914863809688642,-0.003324451402254872,0.005980896971977133,0.010026164918484706,0.11335387763803763,0.055374116952774825,0.022276333978416163,-0.008920919343035428,0.8879635580191906,1.0,1.0,1.0,0.909090919273173,0.9561812831549972,0.0,1.0,1.0,1.0,0.04905529174526773,0.04383484942466689,0.04383484942403019,0.08120458469197105
CLUSTERED_SHORTFALL,max_export_lp,0.0,EXTERNALITY_CF_BETA_050,6,96,1.46,0.14583333333333334,0.5208333333333334,0.00895986449584466,0.00895986449584466,0.004440668497074274,0.004519195998770376,0.004111794743221385,0.003267821865571992,0.08186232928750199,0.10571981352624892,0.043542226860523676,-0.0005945538354076262,0.8687608676486546,1.0,1.0,1.0,0.9090909177302394,0.9559531863352655,0.0,1.0,1.0,1.0,0.0360699125215817,0.033828330486119045,0.03382833048537362,0.058966120904914564
CLUSTERED_SHORTFALL,max_export_lp,0.0,EXTERNALITY_CF_BETA_100,6,96,1.46,0.3958333333333333,0.14583333333333334,0.005966724876355793,0.005966724876355789,0.026261361227175987,-0.0202946363508202,0.02165959366749558,0.022449148838897037,0.10247881192520027,0.10545668437499998,0.06367587612995462,-0.01304165015708206,0.9061111111111111,1.0,1.0,1.0,0.9090909242706579,0.9557257741109078,0.0,1.0,1.0,1.0,0.04604313968392576,0.04306707363410941,0.043067073633502206,0.07426097580486661
CLUSTERED_SHORTFALL,max_export_lp,0.0,UNIFORM_MATCHED_EXTERNALITY_CF_BETA_050,6,96,1.46,0.6666666666666666,0.020833333333333332,0.012912905237603092,0.012912905237603092,0.043896088737826695,-0.03098318350022361,0.031142031003847742,0.03568904984809559,0.12218243709301552,0.10571981352624892,0.06578757014638899,-0.00804607040378111,0.719833894508401,1.0,1.0,1.0,0.9090909177908372,0.9558906177067829,0.0,0.0,0.0,1.0,0.0,0.0,0.0,0.0
CLUSTERED_SHORTFALL,max_export_lp,1.0,NO_FEEDBACK,6,96,1.1666666666666667,0.0,0.22916666666666666,-6.281599022768073e-10,-3.451440308685147e-10,6.246077067201551e-10,-9.697517395583037e-10,1.0828568738444991e-08,2.830158722033742e-10,0.10737146982663286,0.0,6.142762693071275e-08,2.8097622413921403e-08,1.0,1.0,1.0,1.0,0.9090909076611658,0.956265611819685,0.0,0.0,0.0,1.0,0.0,0.0,0.0,0.0
CLUSTERED_SHORTFALL,max_export_lp,1.0,DELIVERY_RATIO_CF_BETA_050,6,96,1.1666666666666667,0.0,0.19791666666666666,-3.723514113360138e-09,-2.149423161323681e-09,5.440237283465087e-10,-2.693446889134865e-09,1.0684001447436309e-08,1.5740909551648318e-09,0.10737147161328524,0.0006754795888949441,6.152991728306446e-08,3.346164916331884e-08,0.9478895579319399,1.0,1.0,1.0,0.9090909227606523,0.9562656111243013,0.0,0.0,0.0,1.0,0.0,0.0,0.0,0.0
CLUSTERED_SHORTFALL,max_export_lp,1.0,EXTERNALITY_CF_BETA_025,6,96,1.1666666666666667,0.0,0.25,-0.00017521282568752728,-0.0006079557425301321,0.002066142509067459,-0.0026740982515976036,0.0032510560209155306,-0.00043274291684260315,0.10481257909300379,0.014828586466708031,0.006310792966217875,0.001988313263217112,0.8841751399787606,1.0,1.0,1.0,0.9090909237823638,0.9561887118431728,0.0,1.0,1.0,1.0,0.04267572096704214,0.04236090995900695,0.042360909958364466,0.07374415003034422
CLUSTERED_SHORTFALL,max_export_lp,1.0,EXTERNALITY_CF_BETA_050,6,96,1.1666666666666667,0.0,0.4479166666666667,0.004186766292560105,-0.0006392237298475171,-0.0038061632524086612,0.0031669395225611386,0.0033876094779224535,-0.004825990022407619,0.07563203473735784,0.06329714375352863,0.03391511016583231,0.008511370005656809,0.8744783782958984,1.0,1.0,1.0,0.9090909281114762,0.9559547952214668,0.0,1.0,1.0,1.0,0.03171558709115459,0.031241356110214863,0.031241356108640334,0.05367381091504348
CLUSTERED_SHORTFALL,max_export_lp,1.0,EXTERNALITY_CF_BETA_100,6,96,1.1666666666666667,0.0,0.13541666666666666,0.00130730307131084,-0.0032694891064275373,0.008694268520918636,-0.011963757627346172,0.013073941235951634,-0.004576792177738375,0.07821761816356936,0.08182440000000003,0.04900396727085221,0.005575753651218893,0.91,1.0,1.0,1.0,0.9090909225505737,0.9557326485327514,0.0,1.0,1.0,1.0,0.031370144894744906,0.03001078741076904,0.03001078740996706,0.05479388152955811
CLUSTERED_SHORTFALL,max_export_lp,1.0,UNIFORM_MATCHED_EXTERNALITY_CF_BETA_050,6,96,1.1666666666666667,0.0,0.07291666666666667,-0.0009634302149178782,-0.0030602318157187326,0.012220841079057305,-0.015281072894776046,0.015303547576844448,-0.002096801600800852,0.09645617684895247,0.06329714375352863,0.03516028182558093,0.011246501644026607,0.7256221021395483,1.0,1.0,1.0,0.909090917691762,0.9560014711195144,0.0,0.0,0.0,1.0,0.0,0.0,0.0,0.0
CLUSTERED_SHORTFALL,max_export_lp,10.0,NO_FEEDBACK,6,96,1.1533333333333333,0.0,0.22916666666666666,-3.1753027546911907e-09,-3.451440308685147e-10,6.246077067201551e-10,-9.697517395583037e-10,1.0828568738444991e-08,2.830158722033742e-10,0.10737146982663286,0.0,6.142762693071275e-08,2.8097622413921403e-08,1.0,1.0,1.0,1.0,0.9090909076611658,0.956265611819685,0.0,0.0,0.0,1.0,0.0,0.0,0.0,0.0
CLUSTERED_SHORTFALL,max_export_lp,10.0,DELIVERY_RATIO_CF_BETA_050,6,96,1.1533333333333333,0.0,0.19791666666666666,-1.789033271307816e-08,-2.149423161323681e-09,5.440237283465087e-10,-2.693446889134865e-09,1.0684001447436309e-08,1.5740909551648318e-09,0.10737147161328524,0.0006754795888949441,6.152991728306446e-08,3.346164916331884e-08,0.9478895579319399,1.0,1.0,1.0,0.9090909227606523,0.9562656111243013,0.0,0.0,0.0,1.0,0.0,0.0,0.0,0.0
CLUSTERED_SHORTFALL,max_export_lp,10.0,EXTERNALITY_CF_BETA_025,6,96,1.1533333333333333,0.0,0.25,0.003719473425895898,-0.0006079557425301321,0.002066142509067459,-0.0026740982515976036,0.0032510560209155306,-0.00043274291684260315,0.10481257909300379,0.014828586466708031,0.006310792966217875,0.001988313263217112,0.8841751399787606,1.0,1.0,1.0,0.9090909237823638,0.9561887118431728,0.0,1.0,1.0,1.0,0.04267572096704214,0.04236090995900695,0.042360909958364466,0.07374415003034422
CLUSTERED_SHORTFALL,max_export_lp,10.0,EXTERNALITY_CF_BETA_050,6,96,1.1533333333333333,0.0,0.4270833333333333,0.04762067649422868,-0.0006392237298475171,-0.0038061632524086612,0.0031669395225611386,0.0033876094779224535,-0.004825990022407619,0.07563203473735784,0.06329714375352863,0.03391511016583231,0.008511370005656809,0.8744783782958984,1.0,1.0,1.0,0.9090909281114762,0.9559547952214668,0.0,1.0,1.0,1.0,0.03171558709115459,0.031241356110214863,0.031241356108640334,0.05367381091504348
CLUSTERED_SHORTFALL,max_export_lp,10.0,EXTERNALITY_CF_BETA_100,6,96,1.1533333333333333,0.0,0.13541666666666666,0.04249843267095621,-0.0032694891064275373,0.008694268520918636,-0.011963757627346172,0.013073941235951634,-0.004576792177738375,0.07821761816356936,0.08182440000000003,0.04900396727085221,0.005575753651218893,0.91,1.0,1.0,1.0,0.9090909225505737,0.9557326485327514,0.0,1.0,1.0,1.0,0.031370144894744906,0.03001078741076904,0.03001078740996706,0.05479388152955811
CLUSTERED_SHORTFALL,max_export_lp,10.0,UNIFORM_MATCHED_EXTERNALITY_CF_BETA_050,6,96,1.1533333333333333,0.0,0.07291666666666667,0.017907784192289788,-0.0030602318157187326,0.012220841079057305,-0.015281072894776046,0.015303547576844448,-0.002096801600800852,0.09645617684895247,0.06329714375352863,0.03516028182558093,0.011246501644026607,0.7256221021395483,1.0,1.0,1.0,0.909090917691762,0.9560014711195144,0.0,0.0,0.0,1.0,0.0,0.0,0.0,0.0
CLUSTERED_SHORTFALL,fairness_qp,0.0,NO_FEEDBACK,6,96,1.7533333333333332,0.6666666666666666,0.22916666666666666,0.023178590990762447,0.023178590990762443,0.03234715988819762,-0.009168568897435175,0.011410172086243753,0.03006305148820006,0.09977416813678865,0.0,0.047497342320423824,-0.013204888042829247,1.0,1.0,1.0,1.0,0.9090909154323236,0.9559373834956634,0.0,0.0,0.0,1.0,0.0,0.0,0.0,0.0
CLUSTERED_SHORTFALL,fairness_qp,0.0,DELIVERY_RATIO_CF_BETA_050,6,96,1.7533333333333332,0.3541666666666667,0.5208333333333334,0.022410449736990235,0.022410449736990235,0.021767271494766528,0.0006431782422237098,0.0033207803934846777,0.01245955867989068,0.08527132740086409,0.02490109516654934,0.03170152292492442,-0.007714128002887889,0.9701550110964785,1.0,1.0,1.0,0.9090909199161425,0.9559373834956634,0.0,0.0,0.0,1.0,0.0,0.0,0.0,0.0
CLUSTERED_SHORTFALL,fairness_qp,0.0,EXTERNALITY_CF_BETA_025,6,96,1.7533333333333332,0.25,0.5625,0.018218929359069543,0.018218929359069543,0.018002830715552885,0.00021609864351666377,0.0041015951535382554,0.006662689295852955,0.07909070592926558,0.047724769789211176,0.027370000977989754,-0.004927438724323955,0.9022216689722456,1.0,1.0,1.0,0.9090909183118847,0.9559215209033948,0.0,1.0,1.0,1.0,0.04880178052973231,0.04530873446880302,0.027063659989568795,0.07306878046911605
CLUSTERED_SHORTFALL,fairness_qp,0.0,EXTERNALITY_CF_BETA_050,6,96,1.7533333333333332,0.1875,0.6041666666666666,0.01940502567623879,0.01940502567623879,0.015328581149853348,0.004076444526385438,0.0037070622594450736,0.004355753159699459,0.059793858002191204,0.07596944308118822,0.03996852926405275,-0.00438608926572967,0.9156997934977213,1.0,1.0,1.0,0.9090909154323236,0.9557370192705166,0.0,0.9791666666666666,1.0,1.0,0.04223712362215476,0.039172292310657796,0.022233996574535852,0.05948463868023396
CLUSTERED_SHORTFALL,fairness_qp,0.0,EXTERNALITY_CF_BETA_100,6,96,1.7533333333333332,0.4791666666666667,0.125,0.012987706725868438,0.012987706725868438,0.03523942584087317,-0.02225171911500472,0.023051978942174704,0.017225202315451865,0.07779785312235087,0.10869980625000003,0.06388537618977799,-0.017765464722156576,0.9088888888888889,1.0,1.0,1.0,0.909090918867727,0.9554875469238918,0.0,1.0,1.0,1.0,0.0530656457219462,0.05117831670763467,0.03941524691815479,0.07131328431688846
CLUSTERED_SHORTFALL,fairness_qp,0.0,UNIFORM_MATCHED_EXTERNALITY_CF_BETA_050,6,96,1.7533333333333332,0.6875,0.1875,0.023509175179595627,0.023509175179595627,0.038739249926253404,-0.015230074746657775,0.016738995774157286,0.027601194905963713,0.09016108555753101,0.07596944308118825,0.053242071839267886,-0.00984591914640994,0.7513990484356644,1.0,1.0,1.0,0.9090909183620904,0.9557869876953752,0.0,0.0,0.0,1.0,0.0,0.0,0.0,0.0
CLUSTERED_SHORTFALL,fairness_qp,1.0,NO_FEEDBACK,6,96,1.1733333333333336,0.3125,0.4375,0.005723050404585792,0.010296631614943161,0.012614842132788337,-0.0023182105178451797,0.004138584860431821,0.0045735812103573715,0.07978695034705703,0.0,0.015694342373842374,-0.0023011220135973343,1.0,1.0,1.0,1.0,0.9090909070310158,0.9559701082991335,0.0,0.0,0.0,1.0,0.0,0.0,0.0,0.0
CLUSTERED_SHORTFALL,fairness_qp,1.0,DELIVERY_RATIO_CF_BETA_050,6,96,1.1733333333333336,0.2708333333333333,0.4791666666666667,0.006456012199436825,0.010320682024604446,0.011481135267977357,-0.0011604532433729154,0.0031183512646349534,0.0038646698251676224,0.07935512585495218,0.001736014746499812,0.014646515005939102,-0.002041041438334109,0.970439992087223,1.0,1.0,1.0,0.909090913487698,0.9559701082991335,0.0,0.0,0.0,1.0,0.0,0.0,0.0,0.0
CLUSTERED_SHORTFALL,fairness_qp,1.0,EXTERNALITY_CF_BETA_025,6,96,1.1733333333333336,0.1875,0.4791666666666667,0.006714206230793971,0.008748523952643264,0.010897812777009722,-0.002149288824366463,0.004286679738959169,0.002034317721849295,0.0761639350131237,0.01571549671095528,0.015623190168044719,-0.0010691787766290625,0.903899029438746,1.0,1.0,1.0,0.9090909183118847,0.9559279508882864,0.0,1.0,1.0,1.0,0.04705906294357907,0.044023826260879355,0.02720126565432715,0.07002277928162749
CLUSTERED_SHORTFALL,fairness_qp,1.0,EXTERNALITY_CF_BETA_050,6,96,1.1733333333333336,0.14583333333333334,0.6041666666666666,0.010202326484397823,0.009797285263656296,0.0078072258913450794,0.001990059372311219,0.0040944855160901725,-0.0004050412207415245,0.0564515627757334,0.0458473886238098,0.02973687207193,-0.00035956401544018704,0.906396976047092,1.0,1.0,1.0,0.9090909207623461,0.9557397125879201,0.0,1.0,1.0,1.0,0.04035365099195464,0.037233951272347805,0.021899773607824302,0.05606969571610577
CLUSTERED_SHORTFALL,fairness_qp,1.0,EXTERNALITY_CF_BETA_100,6,96,1.1733333333333336,0.3125,0.10416666666666667,0.004117417195003184,0.005795710790513171,0.02302934631544107,-0.017233635524927893,0.01769037957416267,0.0016782935955099905,0.06490658928332556,0.09020664843749998,0.0548650642472599,-0.01069285303216326,0.91,1.0,1.0,1.0,0.909090918828499,0.9555163749346046,0.0,1.0,1.0,1.0,0.04535864248865087,0.04387390505934239,0.03363101140764938,0.060254062711834706
CLUSTERED_SHORTFALL,fairness_qp,1.0,UNIFORM_MATCHED_EXTERNALITY_CF_BETA_050,6,96,1.1733333333333336,0.3125,0.16666666666666666,0.00599066534704563,0.010147054517913857,0.01734431611028993,-0.007197261592376071,0.007952633680734851,0.004156389170868228,0.07396652199473142,0.04584738862380979,0.02220090994974309,-0.0005984123251703971,0.7475796162912848,1.0,1.0,1.0,0.9090909272403002,0.9558663666266296,0.0,0.0,0.0,1.0,0.0,0.0,0.0,0.0
CLUSTERED_SHORTFALL,fairness_qp,10.0,NO_FEEDBACK,6,96,1.0066666666666666,0.0,0.0,0.00020380394178564376,1.6747316590900194e-05,0.0005044936434734962,-0.0004877463268825992,0.0004877463268825992,-1.870566251947443e-05,0.07888199378901976,0.0,0.00044893738234991497,0.00011851672258833545,1.0,1.0,1.0,1.0,0.9090909102228547,0.9560320525315021,0.0,0.0,0.0,1.0,0.0,0.0,0.0,0.0
CLUSTERED_SHORTFALL,fairness_qp,10.0,DELIVERY_RATIO_CF_BETA_050,6,96,1.0066666666666666,0.0,0.0,0.00020380394178564376,1.6747316590900194e-05,0.0005044936434734962,-0.0004877463268825992,0.0004877463268825992,-1.870566251947443e-05,0.07888199378901976,0.0,0.00044893738234991497,0.00011851672258833545,0.9689003235786123,1.0,1.0,1.0,0.9090909102228547,0.9560320525315021,0.0,0.0,0.0,1.0,0.0,0.0,0.0,0.0
CLUSTERED_SHORTFALL,fairness_qp,10.0,EXTERNALITY_CF_BETA_025,6,96,1.0066666666666666,0.020833333333333332,0.16666666666666666,0.002676468753150692,-0.000236006385938514,0.0023528332065306332,-0.002588839592469141,0.003028658290522531,-0.0002912475139089205,0.07671138149060693,0.009835629373902833,0.0062871667932915196,0.000641787381867444,0.891616857094535,1.0,1.0,1.0,0.9090909182595014,0.9559723478860744,0.0,1.0,1.0,1.0,0.048953866879449366,0.04806448042971775,0.031159186608228567,0.07128527109577272
CLUSTERED_SHORTFALL,fairness_qp,10.0,EXTERNALITY_CF_BETA_050,6,96,1.0066666666666666,0.0,0.5416666666666666,0.024407651253706347,0.0005698220023432872,-0.0015935248044900267,0.002163346806833312,0.002820049884778892,-0.0023837829251363058,0.05652136634053731,0.04076672451553353,0.024796477098022088,0.001521866114362146,0.9014388868543838,1.0,1.0,1.0,0.9090909278702283,0.9557995534924542,0.0,1.0,1.0,1.0,0.03988312765490814,0.0379557872007987,0.023967797635248228,0.05519624178049796
CLUSTERED_SHORTFALL,fairness_qp,10.0,EXTERNALITY_CF_BETA_100,6,96,1.0066666666666666,0.020833333333333332,0.0625,0.01452269402678083,-0.001742686982772494,0.012755704584067893,-0.014498391566840388,0.014895709389942514,-0.001626538100955332,0.06363922941030695,0.08317653750000008,0.052609590791433646,-0.008234069002160936,0.91,1.0,1.0,1.0,0.9090909172590728,0.9555862859220976,0.0,1.0,1.0,1.0,0.041752042368181815,0.041570254311167405,0.03355530383787398,0.05670311112589108
CLUSTERED_SHORTFALL,fairness_qp,10.0,UNIFORM_MATCHED_EXTERNALITY_CF_BETA_050,6,96,1.0066666666666666,0.0,0.020833333333333332,0.005086689502444772,-0.00012064283010151826,0.004657698352489734,-0.004778341182591253,0.0050300435684743836,-0.0005207332332546293,0.07365784356479355,0.04076672451553348,0.008467298845741164,0.0017208907483036648,0.7350484755300529,1.0,1.0,1.0,0.9090909165310431,0.9559398883001284,0.0,0.0,0.0,1.0,0.0,0.0,0.0,0.0
INTERMITTENT_SHORTFALL,weighted_proportional,0.0,NO_FEEDBACK,6,96,1.7,0.6458333333333334,0.25,0.02861374260017803,0.02861374260017803,0.03795646490941216,-0.009342722309234141,0.011618657642529277,0.022296466496928558,0.055902389464181114,0.0,0.05305980630085305,-0.010270725243797463,1.0,1.0,1.0,1.0,0.9090909086412845,0.955472141209247,0.0,0.0,0.0,1.0,0.0,0.0,0.0,0.0
INTERMITTENT_SHORTFALL,weighted_proportional,0.0,DELIVERY_RATIO_CF_BETA_050,6,96,1.7,0.5,0.3958333333333333,0.019740295983194888,0.019740295983194888,0.025729133580577098,-0.005988837597382207,0.008483083287732743,0.015417968060268196,0.05495779465450145,0.02466898371936933,0.03617479314213886,-0.005534190656449853,0.9672077632635311,1.0,1.0,1.0,0.9090909242847935,0.955472141209247,0.0,0.0,0.0,1.0,0.0,0.0,0.0,0.0
INTERMITTENT_SHORTFALL,weighted_proportional,0.0,EXTERNALITY_CF_BETA_025,6,96,1.7,0.4583333333333333,0.4375,0.016531907706744824,0.01653190770674482,0.02081041697667178,-0.0042785092699269625,0.006573973638840204,0.012223465003089282,0.05397581334278808,0.0343926328895971,0.029336151454623493,-0.0037250655768701507,0.8662456781129974,1.0,1.0,1.0,0.9090909195807737,0.955472141209247,0.0,0.9791666666666666,1.0,1.0,0.08385633734868492,0.08274817016851016,0.03960606973249766,0.09048712556374276
INTERMITTENT_SHORTFALL,weighted_proportional,0.0,EXTERNALITY_CF_BETA_050,6,96,1.7,0.5,0.2708333333333333,0.01209837292457266,0.012098372924572658,0.020657984705697272,-0.008559611781124623,0.009904802146725832,0.014592289741648126,0.05816714061208824,0.0419864058217049,0.028589925169706806,-0.004220960804095796,0.8634038458930121,1.0,1.0,1.0,0.9090909183821337,0.955472141209247,0.0,0.9791666666666666,1.0,1.0,0.08614532565564116,0.08530570576147563,0.04517598153737529,0.09222109524591487
INTERMITTENT_SHORTFALL,weighted_proportional,0.0,EXTERNALITY_CF_BETA_100,6,96,1.7,0.4166666666666667,0.020833333333333332,0.008016010507452489,0.008016010507452487,0.06470906867475217,-0.05669305816729967,0.05676226443113034,0.023748612204036863,0.09007914968954135,0.152888596875,0.08791461863148115,-0.025807200237070754,0.8566666666666668,1.0,1.0,1.0,0.9090909254014354,0.9552953535409167,0.0,1.0,1.0,1.0,0.09831234937329897,0.09441622482405033,0.08199455578731661,0.10040658404978703
INTERMITTENT_SHORTFALL,weighted_proportional,0.0,UNIFORM_MATCHED_EXTERNALITY_CF_BETA_050,6,96,1.7,0.6458333333333334,0.25,0.02861374260025355,0.028613742600253542,0.03795646490843669,-0.009342722308183149,0.01161865764178979,0.022296466497091345,0.055902389464791834,0.041986405821704896,0.0530598063002605,-0.010270725243797473,0.7614106204538414,1.0,1.0,1.0,0.9090909197445647,0.9554721411772321,0.0,0.0,0.0,1.0,0.0,0.0,0.0,0.0
INTERMITTENT_SHORTFALL,weighted_proportional,1.0,NO_FEEDBACK,6,96,1.2,0.22916666666666666,0.5,0.011560260590365275,0.021555254473831692,0.02224457617202231,-0.0006893216981906115,0.004291558247342103,0.00999499388346642,0.050742684458623455,0.0,0.03195299775830165,-0.00387407510186479,1.0,1.0,1.0,1.0,0.9090909054653987,0.9555592412402187,0.0,0.0,0.0,1.0,0.0,0.0,0.0,0.0
INTERMITTENT_SHORTFALL,weighted_proportional,1.0,DELIVERY_RATIO_CF_BETA_050,6,96,1.2,0.25,0.4583333333333333,0.009669540608599194,0.019679359330634884,0.02096603484732165,-0.0012866755166867708,0.004387121650403854,0.01000981872203569,0.05142933574831996,0.002762025465772066,0.03004727871807392,-0.0035572314825966247,0.9678166205804971,1.0,1.0,1.0,0.9090909179675132,0.9555592412402187,0.0,0.0,0.0,1.0,0.0,0.0,0.0,0.0
INTERMITTENT_SHORTFALL,weighted_proportional,1.0,EXTERNALITY_CF_BETA_025,6,96,1.2,0.22916666666666666,0.4583333333333333,0.006573289570481314,0.016712894440381088,0.01892853839934552,-0.0022156439589644437,0.004742375837713311,0.010139604869899774,0.05252360448404244,0.006950545684165643,0.027127949828961804,-0.0029821913133171556,0.8663212944047215,1.0,1.0,1.0,0.9090909236236479,0.9555592412402187,0.0,0.9791666666666666,1.0,1.0,0.08133022945123988,0.0793957177703633,0.03689328742738487,0.0881781321391304
INTERMITTENT_SHORTFALL,weighted_proportional,1.0,EXTERNALITY_CF_BETA_050,6,96,1.2,0.2708333333333333,0.2708333333333333,0.0010595709342933032,0.011692334919508102,0.01709361175593178,-0.005401276836423684,0.006877645842737719,0.0106327639852148,0.05554736479650141,0.018141909777259862,0.023858034425774083,-0.00285002659522251,0.8634033372667101,1.0,1.0,1.0,0.9090909183821337,0.9555592412402187,0.0,0.9791666666666666,1.0,1.0,0.08236764862731012,0.08126105435460884,0.04149607476436779,0.08883999650702629
INTERMITTENT_SHORTFALL,weighted_proportional,1.0,EXTERNALITY_CF_BETA_100,6,96,1.2,0.20833333333333334,0.020833333333333332,-0.012437396741592908,0.0035578306341734352,0.05416659863287528,-0.05060876799870184,0.05067797426253251,0.015995227375766342,0.08708681647389112,0.14058883125000002,0.0834467323358299,-0.020222474526406926,0.8566666666666668,1.0,1.0,1.0,0.9090909254014354,0.9553711794666567,0.0,1.0,1.0,1.0,0.09111872452684544,0.09084766784514886,0.0807809237395849,0.09413614255315027
INTERMITTENT_SHORTFALL,weighted_proportional,1.0,UNIFORM_MATCHED_EXTERNALITY_CF_BETA_050,6,96,1.2,0.22916666666666666,0.5,0.011560260590352589,0.02155525447387416,0.02224457617175725,-0.0006893216978830982,0.004291558247004101,0.00999499388352157,0.05074268445878425,0.018141909777259862,0.0319529977581651,-0.0038740751018647365,0.7604699651843992,1.0,1.0,1.0,0.9090909205598512,0.9555592412070772,0.0,0.0,0.0,1.0,0.0,0.0,0.0,0.0
INTERMITTENT_SHORTFALL,weighted_proportional,10.0,NO_FEEDBACK,6,96,1.0,0.0,0.0,0.0,0.0,0.0,0.0,0.0,0.0,0.0508588615624399,0.0,0.0,0.0,1.0,1.0,1.0,1.0,0.9090908986590723,0.9556770734851585,0.0,0.0,0.0,1.0,0.0,0.0,0.0,0.0
INTERMITTENT_SHORTFALL,weighted_proportional,10.0,DELIVERY_RATIO_CF_BETA_050,6,96,1.0,0.0,0.0,0.0,0.0,0.0,0.0,0.0,0.0,0.0508588615624399,0.0,0.0,0.0,0.9668092189418003,1.0,1.0,1.0,0.9090908986590723,0.9556770734851585,0.0,0.0,0.0,1.0,0.0,0.0,0.0,0.0
INTERMITTENT_SHORTFALL,weighted_proportional,10.0,EXTERNALITY_CF_BETA_025,6,96,1.0,0.0,0.0,0.0,0.0,0.0,0.0,0.0,0.0,0.0508588615624399,0.0,0.0,0.0,0.8661406402095841,1.0,1.0,1.0,0.9090908986590723,0.9556770734851585,0.0,1.0,1.0,1.0,0.07473659549853474,0.07473659549853474,0.03841308203884804,0.08095948526033069
INTERMITTENT_SHORTFALL,weighted_proportional,10.0,EXTERNALITY_CF_BETA_050,6,96,1.0,0.041666666666666664,0.08333333333333333,-0.0018351454340429334,-0.00023039296871195524,0.0011830497256724306,-0.001413442694384405,0.0017055323007175854,0.00016047524653309785,0.05211892334053156,0.004855965902710049,0.003811328497465768,-0.00012190983580216697,0.8634028625488281,1.0,1.0,1.0,0.9090909144785335,0.9556559744576895,0.0,1.0,1.0,1.0,0.07506626202991663,0.07506626202991663,0.03992209086943408,0.08116467826546538
INTERMITTENT_SHORTFALL,weighted_proportional,10.0,EXTERNALITY_CF_BETA_100,6,96,1.0,0.0,0.020833333333333332,-0.04637158540210525,-0.005854881175578648,0.038174141240390536,-0.0440290224159692,0.0442366412074612,0.00405167042265266,0.08288608124294371,0.12422261250000007,0.07587489944847332,-0.015412671122428728,0.8566666666666668,1.0,1.0,1.0,0.9090909254014354,0.9554746820569558,0.0,1.0,1.0,1.0,0.08220099340014843,0.08220099340014843,0.0761590393200639,0.08556451436158834
INTERMITTENT_SHORTFALL,weighted_proportional,10.0,UNIFORM_MATCHED_EXTERNALITY_CF_BETA_050,6,96,1.0,0.0,0.0,1.480281103134288e-13,-4.824858683879126e-14,3.13200890280733e-13,-3.6146780013623925e-13,3.6586705887131643e-13,-1.9627709469301664e-14,0.05085886156227692,0.004855965902710077,2.684446360947529e-13,-1.0408340855860843e-16,0.7483944594048025,1.0,1.0,1.0,0.9090909200235897,0.9556770734360223,0.0,0.0,0.0,1.0,0.0,0.0,0.0,0.0
INTERMITTENT_SHORTFALL,equal_kw_reduction,0.0,NO_FEEDBACK,6,96,1.5466666666666666,0.6875,0.20833333333333334,0.025560409312899764,0.025560409312899764,0.039403122739463614,-0.01384271342656381,0.015631875397135352,0.04142316479452948,0.11668401556812612,0.0,0.05933015061679071,-0.04014376912643347,1.0,1.0,1.0,1.0,0.9090909054336962,0.9559799595302261,0.0,0.0,0.0,1.0,0.0,0.0,0.0,0.0
INTERMITTENT_SHORTFALL,equal_kw_reduction,0.0,DELIVERY_RATIO_CF_BETA_050,6,96,1.5466666666666666,0.4375,0.4375,0.01734293813767385,0.01734293813767385,0.021252350539338324,-0.003909412401664429,0.006863437603789065,0.020742157177588413,0.10120228978066197,0.03285822058625442,0.03378266369297021,-0.018612808282744066,0.9550965344039627,1.0,1.0,1.0,0.9090909201830376,0.9559799595302261,0.0,0.0,0.0,1.0,0.0,0.0,0.0,0.0
INTERMITTENT_SHORTFALL,equal_kw_reduction,0.0,EXTERNALITY_CF_BETA_025,6,96,1.5466666666666666,0.4375,0.4583333333333333,0.013149097480904835,0.013149097480904834,0.015747354483673436,-0.002598257002768551,0.0046276259927745395,0.01579562356597214,0.098025229015147,0.043318034326804276,0.024998462620830362,-0.011559577916390193,0.8866669426677335,1.0,1.0,1.0,0.9090909262275535,0.9559799595302261,0.0,1.0,1.0,1.0,0.05854113031114628,0.056881547396927225,0.029685926014814762,0.09188099035420287
INTERMITTENT_SHORTFALL,equal_kw_reduction,0.0,EXTERNALITY_CF_BETA_050,6,96,1.5466666666666666,0.4791666666666667,0.2708333333333333,0.011360636635482984,0.01136063663548298,0.018562865190416767,-0.007202228554933752,0.008669160179182836,0.01890278641762053,0.10171241253403696,0.046303113435459176,0.028459940402925033,-0.011683122983006175,0.8837770080566406,1.0,1.0,1.0,0.9090909267374689,0.9559799595302261,0.0,1.0,1.0,1.0,0.06021194163429857,0.058951655510934696,0.0334804948290555,0.09369775742510737
INTERMITTENT_SHORTFALL,equal_kw_reduction,0.0,EXTERNALITY_CF_BETA_100,6,96,1.5466666666666666,0.4375,0.020833333333333332,0.0029490538604792747,0.0029490538604792747,0.08291606446841089,-0.07996701060793159,0.08012189843707537,0.025837795615269134,0.12196804036363458,0.15505737187500002,0.09149166834220646,-0.0018214390093841543,0.8666666666666667,1.0,1.0,1.0,0.9090909225946407,0.9556243136573641,0.0,1.0,1.0,1.0,0.05797276145700825,0.0562770926937261,0.04445437174240476,0.09588176138598208
INTERMITTENT_SHORTFALL,equal_kw_reduction,0.0,UNIFORM_MATCHED_EXTERNALITY_CF_BETA_050,6,96,1.5466666666666666,0.6875,0.20833333333333334,0.0252571250946876,0.0252571250946876,0.04252094946832771,-0.017263824373640088,0.018286085749993856,0.03758469328241815,0.10867849680569835,0.046303113435459155,0.06090214655453913,-0.025202384400626027,0.7600484387775799,1.0,1.0,1.0,0.9090909193080436,0.9558929803935258,0.0,0.0,0.0,1.0,0.0,0.0,0.0,0.0
INTERMITTENT_SHORTFALL,equal_kw_reduction,1.0,NO_FEEDBACK,6,96,1.1733333333333336,0.1875,0.5,0.004575043425969164,0.011536209838990846,0.011924301655286754,-0.0003880918162958667,0.002422145092024014,0.00696116641302168,0.09033864341094133,0.0,0.01755260550441015,-0.006404580332655933,1.0,1.0,1.0,1.0,0.9090909204315043,0.9560352814823647,0.0,0.0,0.0,1.0,0.0,0.0,0.0,0.0
INTERMITTENT_SHORTFALL,equal_kw_reduction,1.0,DELIVERY_RATIO_CF_BETA_050,6,96,1.1733333333333336,0.1875,0.5,0.004331049121202489,0.010998738895147922,0.011262418926660812,-0.000263680031512864,0.0022614536722494797,0.006667689773945427,0.09028320206958523,0.0010049331907343768,0.01667024973355123,-0.005613068158356912,0.9561778714937083,1.0,1.0,1.0,0.9090909215700774,0.9560352814823647,0.0,0.0,0.0,1.0,0.0,0.0,0.0,0.0
INTERMITTENT_SHORTFALL,equal_kw_reduction,1.0,EXTERNALITY_CF_BETA_025,6,96,1.1733333333333336,0.16666666666666666,0.5208333333333334,0.0035056094202100077,0.009758398775230907,0.010028318222553059,-0.00026991944732212186,0.0022008074037913514,0.006252789355020895,0.09028784938158518,0.002975064969683463,0.014988151715600662,-0.004201405749785077,0.8870041209893921,1.0,1.0,1.0,0.9090909204315043,0.9560352814823647,0.0,1.0,1.0,1.0,0.053819559597789605,0.05255191145585025,0.026006654343249672,0.08532633304598769
INTERMITTENT_SHORTFALL,equal_kw_reduction,1.0,EXTERNALITY_CF_BETA_050,6,96,1.1733333333333336,0.125,0.22916666666666666,0.0005979457289130461,0.006921331616317967,0.010637823661813465,-0.003716492045495461,0.004591300235109004,0.00632338588740492,0.09158424335275143,0.010557146131038697,0.014658578666148695,-0.0014508777073753167,0.883777109781901,1.0,1.0,1.0,0.9090909204315043,0.9560054291115351,0.0,1.0,1.0,1.0,0.05333552351582118,0.05232635034689043,0.02756635258119479,0.08483988231713413
INTERMITTENT_SHORTFALL,equal_kw_reduction,1.0,EXTERNALITY_CF_BETA_100,6,96,1.1733333333333336,0.0625,0.0,-0.01404154093768329,-0.00522248835572281,0.0712635085062931,-0.07648599686201589,0.07648599686201589,0.008819052581960475,0.10928112327790392,0.12954916406250003,0.08049405961334098,0.016226086503042452,0.87,1.0,1.0,1.0,0.9090909247893757,0.9556508530399485,0.0,1.0,1.0,1.0,0.049377281585544754,0.048114029890208444,0.03852807376402338,0.08412218049481686
INTERMITTENT_SHORTFALL,equal_kw_reduction,1.0,UNIFORM_MATCHED_EXTERNALITY_CF_BETA_050,6,96,1.1733333333333336,0.3125,0.3541666666666667,0.00483359061885073,0.011352383075120813,0.013332700594655744,-0.0019803175195348874,0.003259332072113333,0.006518792456270076,0.08882701628250132,0.010557146131038692,0.018697283493572543,-0.00327116095167111,0.7590577508323326,1.0,1.0,1.0,0.9090909204315043,0.956013020745843,0.0,0.0,0.0,1.0,0.0,0.0,0.0,0.0
INTERMITTENT_SHORTFALL,equal_kw_reduction,10.0,NO_FEEDBACK,6,96,1.0666666666666667,0.0,0.3333333333333333,0.0004981143621184225,0.00033658806899101177,0.00029680456362161147,3.978350536940992e-05,0.0,-1.6152629312741133e-05,0.08741129136177554,0.0,0.00042673610349935887,0.005134243114991259,1.0,1.0,1.0,1.0,0.9090909133436922,0.9560783685457737,0.0,0.0,0.0,1.0,0.0,0.0,0.0,0.0
INTERMITTENT_SHORTFALL,equal_kw_reduction,10.0,DELIVERY_RATIO_CF_BETA_050,6,96,1.0666666666666667,0.0,0.3333333333333333,0.0004981143621184225,0.00033658806899101177,0.00029680456362161147,3.978350536940992e-05,0.0,-1.6152629312741133e-05,0.08741129136177554,0.0,0.00042673610349935887,0.005134243114991259,0.9568872127272986,1.0,1.0,1.0,0.9090909133436922,0.9560783685457737,0.0,0.0,0.0,1.0,0.0,0.0,0.0,0.0
INTERMITTENT_SHORTFALL,equal_kw_reduction,10.0,EXTERNALITY_CF_BETA_025,6,96,1.0666666666666667,0.0,0.3333333333333333,0.0004981143621184225,0.00033658806899101177,0.00029680456362161147,3.978350536940992e-05,0.0,-1.6152629312741133e-05,0.08741129136177554,0.0,0.00042673610349935887,0.005134243114991259,0.8900458844436797,1.0,1.0,1.0,0.9090909133436922,0.9560783685457737,0.0,1.0,1.0,1.0,0.048293000842233126,0.04723970552741585,0.024042069354981706,0.07945096418822141
INTERMITTENT_SHORTFALL,equal_kw_reduction,10.0,EXTERNALITY_CF_BETA_050,6,96,1.0666666666666667,0.125,0.10416666666666667,-0.0008434342723326159,-6.862758196622301e-05,0.002468230618565352,-0.002536858200531525,0.002559068345960582,7.748066903663887e-05,0.08817435575841844,0.004727634164428761,0.003669164738422145,0.0063330873657930845,0.8853262583414714,1.0,1.0,1.0,0.909090921705402,0.9560476250430069,0.0,1.0,1.0,1.0,0.04805619062070728,0.046952833578152525,0.024411725012238716,0.07938582747251975
INTERMITTENT_SHORTFALL,equal_kw_reduction,10.0,EXTERNALITY_CF_BETA_100,6,96,1.0666666666666667,0.0,0.020833333333333332,-0.03143896187267028,-0.010210969661262207,0.0646687225343751,-0.07487969219563724,0.07488154770264031,0.0021227992211408065,0.1049623589076069,0.12176600625000004,0.07549839077130266,0.022826401610927315,0.87,1.0,1.0,1.0,0.909090922849653,0.9556817088103468,0.0,1.0,1.0,1.0,0.04524964941366436,0.04383685982422611,0.035838457174190326,0.07910520548565352
INTERMITTENT_SHORTFALL,equal_kw_reduction,10.0,UNIFORM_MATCHED_EXTERNALITY_CF_BETA_050,6,96,1.0666666666666667,0.0,0.041666666666666664,0.001099174072147337,0.00019478739627178067,0.0011152766681024814,-0.0009204892718306518,0.0009224084333253058,-9.043866758755611e-05,0.08685397053099514,0.0047276341644287845,0.0015731517210149726,0.006259983914690649,0.7511667817764441,1.0,1.0,1.0,0.9090909173799516,0.9560587029309289,0.0,0.0,0.0,1.0,0.0,0.0,0.0,0.0
INTERMITTENT_SHORTFALL,flat_level,0.0,NO_FEEDBACK,6,96,1.1066666666666667,0.0,0.0,-0.007848589589782936,-0.007848589589782936,0.04500167971579544,-0.05285026930557838,0.05285026930557838,0.0068002582355420815,0.04503648049989637,0.0,0.034267686595132324,-0.023929770226804942,1.0,1.0,1.0,1.0,0.9090909101921024,0.9539511012365637,0.0,0.0,0.0,1.0,0.0,0.0,0.0,0.0
INTERMITTENT_SHORTFALL,flat_level,0.0,DELIVERY_RATIO_CF_BETA_050,6,96,1.1066666666666667,0.0,0.0,-0.0034584838899156603,-0.0034584838899156586,0.022398360400111745,-0.025856844290027384,0.025946818528397007,0.0034239562458304035,0.04342628626233134,0.005953850866277514,0.017446923636745517,-0.010905099596671538,0.9511604085470117,1.0,1.0,1.0,0.9090909169940817,0.9539511012365637,0.0,0.0,0.0,1.0,0.0,0.0,0.0,0.0
INTERMITTENT_SHORTFALL,flat_level,0.0,EXTERNALITY_CF_BETA_025,6,96,1.1066666666666667,0.0,0.0,-0.002588000385522852,-0.002588000385522853,0.0142560679031401,-0.016844068288662944,0.016844068288662944,0.002502819187031807,0.04307501174059163,0.007929996281812646,0.010925921963531357,-0.006712342306075865,0.9096614124563832,1.0,1.0,1.0,0.9090909198884002,0.9539511012365637,0.0,1.0,1.0,1.0,0.14910113356517773,0.14247744507302187,0.14247744507302187,0.09608807265288467
INTERMITTENT_SHORTFALL,flat_level,0.0,EXTERNALITY_CF_BETA_050,6,96,1.1066666666666667,0.0,0.2916666666666667,-0.002185874635941134,-0.002185874635941132,0.013142590116361126,-0.015328464752302248,0.017033853880519343,0.002822817494596864,0.04374112900250821,0.010047862331199664,0.012861133484628709,-0.006243294432395502,0.9110520426432291,1.0,1.0,1.0,0.9090909215841554,0.9539511012365637,0.0,1.0,1.0,1.0,0.15111579283807783,0.14395155419050573,0.14395155419050568,0.09742846092029302
INTERMITTENT_SHORTFALL,flat_level,0.0,EXTERNALITY_CF_BETA_100,6,96,1.1066666666666667,0.08333333333333333,0.75,0.010928504372690008,0.01092850437269001,-0.031484303318904644,0.04241280769159467,0.007806445627611643,0.007323253676040909,0.05969436433044784,0.07482273750000006,0.07390063176653153,0.00701507759731979,0.8999999999999999,1.0,1.0,1.0,0.9090909229911991,0.9539511012365637,0.0,1.0,1.0,1.0,0.23276255980249008,0.21857324321512175,0.21857324321512175,0.14622846206646897
INTERMITTENT_SHORTFALL,flat_level,0.0,UNIFORM_MATCHED_EXTERNALITY_CF_BETA_050,6,96,1.1066666666666667,0.0,0.2708333333333333,-0.005961056148870488,-0.0059610561488704856,0.03874361292894746,-0.04470466907781793,0.04543462846099348,0.0070155153314192574,0.0451915056221725,0.010047862331199678,0.03120198250224591,-0.02028311291943442,0.7575924530847402,1.0,1.0,1.0,0.9090909175357278,0.9539511012365637,0.0,0.0,0.0,1.0,0.0,0.0,0.0,0.0
INTERMITTENT_SHORTFALL,flat_level,1.0,NO_FEEDBACK,6,96,1.0,0.0,0.0,0.0,0.0,0.0,0.0,0.0,0.0,0.041655670009937265,0.0,0.0,0.0,1.0,1.0,1.0,1.0,0.9090909069966064,0.9543941331679278,0.0,0.0,0.0,1.0,0.0,0.0,0.0,0.0
INTERMITTENT_SHORTFALL,flat_level,1.0,DELIVERY_RATIO_CF_BETA_050,6,96,1.0,0.0,0.0,0.0,0.0,0.0,0.0,0.0,0.0,0.041655670009937265,0.0,0.0,0.0,0.9533934819610622,1.0,1.0,1.0,0.9090909069966064,0.9543941331679278,0.0,0.0,0.0,1.0,0.0,0.0,0.0,0.0
INTERMITTENT_SHORTFALL,flat_level,1.0,EXTERNALITY_CF_BETA_025,6,96,1.0,0.0,0.0,0.0,0.0,0.0,0.0,0.0,0.0,0.041655670009937265,0.0,0.0,0.0,0.9127761943521909,1.0,1.0,1.0,0.9090909069966064,0.9543941331679278,0.0,1.0,1.0,1.0,0.13577825217492717,0.12969354290276258,0.12969354290276258,0.08871696109243221
INTERMITTENT_SHORTFALL,flat_level,1.0,EXTERNALITY_CF_BETA_050,6,96,1.0,0.0,0.5625,0.0006078245732126663,0.0006577162241459949,-0.002684724473931824,0.0033424406980778337,0.0,4.989165093332732e-05,0.04204590750258196,0.002541376318359434,0.0029440933113646776,0.001344128551400911,0.9122409057617188,1.0,1.0,1.0,0.9090909215841554,0.9543941331679278,0.0,1.0,1.0,1.0,0.13629006179453843,0.12947879446852076,0.12947879446852073,0.0891679846485602
INTERMITTENT_SHORTFALL,flat_level,1.0,EXTERNALITY_CF_BETA_100,6,96,1.0,0.0,0.7708333333333334,0.011066834964416026,0.014955777071817155,-0.056109615327540406,0.07106539239935758,0.0,0.0038889421074011243,0.06014288560783678,0.07434078750000009,0.0829077146335658,0.018566707062604333,0.8966666666666666,1.0,1.0,1.0,0.9090909170502974,0.9543941331679278,0.0,1.0,1.0,1.0,0.22608974980806984,0.21309793185452164,0.2130979318545216,0.1431163177079533
INTERMITTENT_SHORTFALL,flat_level,1.0,UNIFORM_MATCHED_EXTERNALITY_CF_BETA_050,6,96,1.0,0.0,0.8333333333333334,0.00039234810477540763,0.0004113227177730866,-0.0017785554317535203,0.0021898781495266195,0.0,1.8974612997678024e-05,0.04167710273050601,0.0025413763183594756,0.0017669672563101401,0.000847773517724755,0.7489782016348774,1.0,1.0,1.0,0.9090909136055785,0.9543941331679278,0.0,0.0,0.0,1.0,0.0,0.0,0.0,0.0
INTERMITTENT_SHORTFALL,flat_level,10.0,NO_FEEDBACK,6,96,1.0,0.0,0.0,0.0,0.0,0.0,0.0,0.0,0.0,0.041655670009937265,0.0,0.0,0.0,1.0,1.0,1.0,1.0,0.9090909069966064,0.9543941331679278,0.0,0.0,0.0,1.0,0.0,0.0,0.0,0.0
INTERMITTENT_SHORTFALL,flat_level,10.0,DELIVERY_RATIO_CF_BETA_050,6,96,1.0,0.0,0.0,0.0,0.0,0.0,0.0,0.0,0.0,0.041655670009937265,0.0,0.0,0.0,0.9533934819610622,1.0,1.0,1.0,0.9090909069966064,0.9543941331679278,0.0,0.0,0.0,1.0,0.0,0.0,0.0,0.0
INTERMITTENT_SHORTFALL,flat_level,10.0,EXTERNALITY_CF_BETA_025,6,96,1.0,0.0,0.0,0.0,0.0,0.0,0.0,0.0,0.0,0.041655670009937265,0.0,0.0,0.0,0.9127761943521909,1.0,1.0,1.0,0.9090909069966064,0.9543941331679278,0.0,1.0,1.0,1.0,0.13577825217492717,0.12969354290276258,0.12969354290276258,0.08871696109243221
INTERMITTENT_SHORTFALL,flat_level,10.0,EXTERNALITY_CF_BETA_050,6,96,1.0,0.0,0.5,0.00015879971481272013,0.0006577162241459949,-0.002684724473931824,0.0033424406980778337,0.0,4.989165093332732e-05,0.04204590750258196,0.002541376318359434,0.0029440933113646776,0.001344128551400911,0.9122409057617188,1.0,1.0,1.0,0.9090909215841554,0.9543941331679278,0.0,1.0,1.0,1.0,0.13629006179453843,0.12947879446852076,0.12947879446852073,0.0891679846485602
INTERMITTENT_SHORTFALL,flat_level,10.0,EXTERNALITY_CF_BETA_100,6,96,1.0,0.0,0.5625,-0.023933644002194086,0.014955777071817155,-0.056109615327540406,0.07106539239935758,0.0,0.0038889421074011243,0.06014288560783678,0.07434078750000009,0.0829077146335658,0.018566707062604333,0.8966666666666666,1.0,1.0,1.0,0.9090909170502974,0.9543941331679278,0.0,1.0,1.0,1.0,0.22608974980806984,0.21309793185452164,0.2130979318545216,0.1431163177079533
INTERMITTENT_SHORTFALL,flat_level,10.0,UNIFORM_MATCHED_EXTERNALITY_CF_BETA_050,6,96,1.0,0.0,0.75,0.00022157658779630463,0.0004113227177730866,-0.0017785554317535203,0.0021898781495266195,0.0,1.8974612997678024e-05,0.04167710273050601,0.0025413763183594756,0.0017669672563101401,0.000847773517724755,0.7489782016348774,1.0,1.0,1.0,0.9090909136055785,0.9543941331679278,0.0,0.0,0.0,1.0,0.0,0.0,0.0,0.0
INTERMITTENT_SHORTFALL,max_export_lp,0.0,NO_FEEDBACK,6,96,1.46,0.4166666666666667,0.125,0.010235762079816947,0.010235762079816944,0.0335252131288406,-0.023289451049023673,0.024441176324203878,0.048109231355271787,0.15150744390519622,0.0,0.05161045446359386,-0.03726894259973096,1.0,1.0,1.0,1.0,0.9090909082102405,0.9562697768674739,0.0,0.0,0.0,1.0,0.0,0.0,0.0,0.0
INTERMITTENT_SHORTFALL,max_export_lp,0.0,DELIVERY_RATIO_CF_BETA_050,6,96,1.46,0.25,0.2916666666666667,0.007448481567130488,0.007448481567130488,0.014746071092398722,-0.007297589525268246,0.00915295897550439,0.021032214379662212,0.12631647217148748,0.034977134466183835,0.025158414445904862,-0.015387944827516107,0.9504861609446359,1.0,1.0,1.0,0.9090909233235431,0.9562346422805172,0.0,0.0,0.0,1.0,0.0,0.0,0.0,0.0
INTERMITTENT_SHORTFALL,max_export_lp,0.0,EXTERNALITY_CF_BETA_025,6,96,1.46,0.3125,0.22916666666666666,0.0028957375193347772,0.002895737519334774,0.00927381899913432,-0.006378081479799562,0.006950177530189933,0.015589578675624998,0.12152143169283303,0.04723831333336052,0.015852646313729533,-0.009473163578487778,0.8971586932980506,1.0,1.0,1.0,0.9090909251083295,0.9562583570003695,0.0,1.0,1.0,1.0,0.05264601093609247,0.046803860279717814,0.04680386027924655,0.08708372131469838
INTERMITTENT_SHORTFALL,max_export_lp,0.0,EXTERNALITY_CF_BETA_050,6,96,1.46,0.20833333333333334,0.14583333333333334,0.0024509085742659225,0.0024509085742659207,0.011535710737640897,-0.00908480216337499,0.009810569359461107,0.016200850324243513,0.12241560238090554,0.051694484451484675,0.018648286287397432,-0.00917922026383102,0.8944619835747614,1.0,1.0,1.0,0.9090909172022111,0.9562206011054244,0.0,1.0,1.0,1.0,0.05302474112395181,0.04777626051843662,0.04777626051794759,0.08772017175267317
INTERMITTENT_SHORTFALL,max_export_lp,0.0,EXTERNALITY_CF_BETA_100,6,96,1.46,0.3333333333333333,0.020833333333333332,-0.003089937142633344,-0.0030899371426333457,0.07458177426664751,-0.07767171140928086,0.07790552235176987,0.02555707060006331,0.14087869481416124,0.147259153125,0.08199747288679857,-0.006278458293398951,0.88,1.0,1.0,1.0,0.909090921057303,0.9558281694014038,0.0,1.0,1.0,1.0,0.050455205367864936,0.042880961499177646,0.042880961497944646,0.09566695009162958
INTERMITTENT_SHORTFALL,max_export_lp,0.0,UNIFORM_MATCHED_EXTERNALITY_CF_BETA_050,6,96,1.46,0.4583333333333333,0.08333333333333333,0.011597806575824815,0.011597806575824812,0.037567039511291755,-0.025969232935466952,0.026789502712763032,0.042797035468455875,0.1379155674124272,0.05169448445148469,0.05394798084868222,-0.021725812221199948,0.7536475429391453,1.0,1.0,1.0,0.9090909195694996,0.9561169837132824,0.0,0.0,0.0,1.0,0.0,0.0,0.0,0.0
INTERMITTENT_SHORTFALL,max_export_lp,1.0,NO_FEEDBACK,6,96,1.1666666666666667,0.0,0.1875,-6.281599019876868e-10,-3.451440308685147e-10,6.246077067201551e-10,-9.697517488101621e-10,8.611959705547475e-09,2.830158722033742e-10,0.10737146982663286,0.0,6.142762693071275e-08,2.8097622413921403e-08,1.0,1.0,1.0,1.0,0.9090909076611658,0.956265611819685,0.0,0.0,0.0,1.0,0.0,0.0,0.0,0.0
INTERMITTENT_SHORTFALL,max_export_lp,1.0,DELIVERY_RATIO_CF_BETA_050,6,96,1.1666666666666667,0.0,0.19791666666666666,5.5233713520142875e-09,6.3111595992436705e-09,6.401900866987805e-09,-9.074127791756463e-11,9.57906038055271e-09,7.877882505407177e-10,0.10737146900458557,0.0006547875184690055,8.083508119711821e-08,3.2736027191088146e-08,0.9527337474271902,1.0,1.0,1.0,0.9090909184483399,0.956265611130375,0.0,0.0,0.0,1.0,0.0,0.0,0.0,0.0
INTERMITTENT_SHORTFALL,max_export_lp,1.0,EXTERNALITY_CF_BETA_025,6,96,1.1666666666666667,0.0,0.23958333333333334,1.2047717219109317e-09,2.3869609504966393e-09,9.949653046706086e-10,1.3919956321865416e-09,8.097350604844658e-09,1.1821892296473221e-09,0.1073714674929855,0.0033327478930660786,6.61950739870311e-08,2.230293748411068e-08,0.8906136227643581,1.0,1.0,1.0,0.9090909223672203,0.9562656111877736,0.0,1.0,1.0,1.0,0.04370287277734731,0.04362017924265005,0.043620179241886416,0.07553717013554821
INTERMITTENT_SHORTFALL,max_export_lp,1.0,EXTERNALITY_CF_BETA_050,6,96,1.1666666666666667,0.0,0.052083333333333336,-0.0005357348139504485,-0.0004922917353681672,0.0020523320474276695,-0.00254462378279584,0.0025446260047722047,4.3443078582283723e-05,0.1079295489203465,0.008365333788013496,0.002784966154165628,0.0010236897587042604,0.8853631846110025,1.0,1.0,1.0,0.9090909182429171,0.956231767242437,0.0,1.0,1.0,1.0,0.04387886106681707,0.0437267877738178,0.043726787772738605,0.07590420499412137
INTERMITTENT_SHORTFALL,max_export_lp,1.0,EXTERNALITY_CF_BETA_100,6,96,1.1666666666666667,0.020833333333333332,0.010416666666666666,-0.013270747625188784,-0.01213932388203115,0.0632646629228978,-0.07540398680492896,0.07540398699881483,0.0011314237431576375,0.12281839928326473,0.12162543750000003,0.07069394989119003,0.009633505772948168,0.87,1.0,1.0,1.0,0.9090909230448627,0.9558281694014038,0.0,1.0,1.0,1.0,0.0377471870732527,0.03324191967000551,0.03324191966898507,0.08028279317876895
INTERMITTENT_SHORTFALL,max_export_lp,1.0,UNIFORM_MATCHED_EXTERNALITY_CF_BETA_050,6,96,1.1666666666666667,0.0,0.010416666666666666,-0.0001592054415698567,-0.0004439002070048589,0.001690532187258848,-0.0021344323942637127,0.0021344325881495715,-0.00028469476543499864,0.10622590444896256,0.008365333788013503,0.004729917261748657,0.0018686125067236385,0.7567636763982438,1.0,1.0,1.0,0.9090909232577774,0.9562276122131829,0.0,0.0,0.0,1.0,0.0,0.0,0.0,0.0
INTERMITTENT_SHORTFALL,max_export_lp,10.0,NO_FEEDBACK,6,96,1.1533333333333333,0.0,0.1875,-3.175302756371704e-09,-3.451440308685147e-10,6.246077067201551e-10,-9.697517488101621e-10,8.611959705547475e-09,2.830158722033742e-10,0.10737146982663286,0.0,6.142762693071275e-08,2.8097622413921403e-08,1.0,1.0,1.0,1.0,0.9090909076611658,0.956265611819685,0.0,0.0,0.0,1.0,0.0,0.0,0.0,0.0
INTERMITTENT_SHORTFALL,max_export_lp,10.0,DELIVERY_RATIO_CF_BETA_050,6,96,1.1533333333333333,0.0,0.19791666666666666,-1.5667229093935253e-09,6.3111595992436705e-09,6.401900866987805e-09,-9.074127791756463e-11,9.57906038055271e-09,7.877882505407177e-10,0.10737146900458557,0.0006547875184690055,8.083508119711821e-08,3.2736027191088146e-08,0.9527337474271902,1.0,1.0,1.0,0.9090909184483399,0.956265611130375,0.0,0.0,0.0,1.0,0.0,0.0,0.0,0.0
INTERMITTENT_SHORTFALL,max_export_lp,10.0,EXTERNALITY_CF_BETA_025,6,96,1.1533333333333333,0.0,0.23958333333333334,-9.434931348312135e-09,2.3869609504966393e-09,9.949653046706086e-10,1.3919956321865416e-09,8.097350604844658e-09,1.1821892296473221e-09,0.1073714674929855,0.0033327478930660786,6.61950739870311e-08,2.230293748411068e-08,0.8906136227643581,1.0,1.0,1.0,0.9090909223672203,0.9562656111877736,0.0,1.0,1.0,1.0,0.04370287277734731,0.04362017924265005,0.043620179241886416,0.07553717013554821
INTERMITTENT_SHORTFALL,max_export_lp,10.0,EXTERNALITY_CF_BETA_050,6,96,1.1533333333333333,0.0,0.052083333333333336,-0.0009267225211910063,-0.0004922917353681672,0.0020523320474276695,-0.00254462378279584,0.0025446260047722047,4.3443078582283723e-05,0.1079295489203465,0.008365333788013496,0.002784966154165628,0.0010236897587042604,0.8853631846110025,1.0,1.0,1.0,0.9090909182429171,0.956231767242437,0.0,1.0,1.0,1.0,0.04387886106681707,0.0437267877738178,0.043726787772738605,0.07590420499412137
INTERMITTENT_SHORTFALL,max_export_lp,10.0,EXTERNALITY_CF_BETA_100,6,96,1.1533333333333333,0.020833333333333332,0.010416666666666666,-0.023453561313607527,-0.01213932388203115,0.0632646629228978,-0.07540398680492896,0.07540398699881483,0.0011314237431576375,0.12281839928326473,0.12162543750000003,0.07069394989119003,0.009633505772948168,0.87,1.0,1.0,1.0,0.9090909230448627,0.9558281694014038,0.0,1.0,1.0,1.0,0.0377471870732527,0.03324191967000551,0.03324191966898507,0.08028279317876895
INTERMITTENT_SHORTFALL,max_export_lp,10.0,UNIFORM_MATCHED_EXTERNALITY_CF_BETA_050,6,96,1.1533333333333333,0.0,0.010416666666666666,0.002403047447345127,-0.0004439002070048589,0.001690532187258848,-0.0021344323942637127,0.0021344325881495715,-0.00028469476543499864,0.10622590444896256,0.008365333788013503,0.004729917261748657,0.0018686125067236385,0.7567636763982438,1.0,1.0,1.0,0.9090909232577774,0.9562276122131829,0.0,0.0,0.0,1.0,0.0,0.0,0.0,0.0
INTERMITTENT_SHORTFALL,fairness_qp,0.0,NO_FEEDBACK,6,96,1.7533333333333332,0.625,0.2708333333333333,0.023178590990762447,0.023178590990762443,0.03234715988819762,-0.009168568897435178,0.011481320260529379,0.03006305148820006,0.09977416813678865,0.0,0.047497342320423824,-0.013204888042829247,1.0,1.0,1.0,1.0,0.9090909154323236,0.9559373834956634,0.0,0.0,0.0,1.0,0.0,0.0,0.0,0.0
INTERMITTENT_SHORTFALL,fairness_qp,0.0,DELIVERY_RATIO_CF_BETA_050,6,96,1.7533333333333332,0.4375,0.4583333333333333,0.016219947544583915,0.016219947544583915,0.020372254509625574,-0.00415230696504168,0.006818292873766459,0.016640906067837954,0.08996826586063965,0.028146531578192746,0.0298125510125045,-0.006849966285991594,0.9631446701168649,1.0,1.0,1.0,0.909090918092581,0.9559373834956634,0.0,0.0,0.0,1.0,0.0,0.0,0.0,0.0
INTERMITTENT_SHORTFALL,fairness_qp,0.0,EXTERNALITY_CF_BETA_025,6,96,1.7533333333333332,0.4583333333333333,0.4375,0.012261365404337502,0.012261365404337502,0.015264803419970356,-0.0030034380156328693,0.005104285402767754,0.012699860257496675,0.08736465927068532,0.039841595413405574,0.022339114495896633,-0.004496134924320365,0.9099503710656426,1.0,1.0,1.0,0.9090909187148025,0.9559373834956634,0.0,1.0,1.0,1.0,0.053760680053536784,0.0498023377701877,0.032230879655227807,0.079348398719591
INTERMITTENT_SHORTFALL,fairness_qp,0.0,EXTERNALITY_CF_BETA_050,6,96,1.7533333333333332,0.5,0.25,0.008506485586470408,0.008506485586470408,0.015798568040137875,-0.007292082453667481,0.008499898155722198,0.014296182563259048,0.08984073932381768,0.04756557239627842,0.022701315632624303,-0.004528478849764088,0.9074173312717014,1.0,1.0,1.0,0.9090909194641482,0.9559373834956634,0.0,1.0,1.0,1.0,0.05563651070654179,0.05214474468600241,0.03536176758636045,0.08113011356500072
INTERMITTENT_SHORTFALL,fairness_qp,0.0,EXTERNALITY_CF_BETA_100,6,96,1.7533333333333332,0.4375,0.020833333333333332,0.0044724990178221,0.004472499017822104,0.0729250804732528,-0.06845258145543069,0.06851173497689207,0.02291076997314559,0.11204539783550586,0.1516402125,0.0833929232975742,-0.019160744988870864,0.8733333333333334,1.0,1.0,1.0,0.9090909179944341,0.9556283625007808,0.0,1.0,1.0,1.0,0.06275266303014283,0.05944375132337843,0.053968875783219517,0.09013646820290382
INTERMITTENT_SHORTFALL,fairness_qp,0.0,UNIFORM_MATCHED_EXTERNALITY_CF_BETA_050,6,96,1.7533333333333332,0.6666666666666666,0.22916666666666666,0.023342229703518375,0.02334222970351837,0.03673726942246035,-0.013395039718941975,0.014743361305168548,0.028392000548417312,0.09489774346411405,0.04756557239627839,0.05054137784048771,-0.011004603572552632,0.7607415583077581,1.0,1.0,1.0,0.9090909215879237,0.9558631204084936,0.0,0.0,0.0,1.0,0.0,0.0,0.0,0.0
INTERMITTENT_SHORTFALL,fairness_qp,1.0,NO_FEEDBACK,6,96,1.1733333333333336,0.2708333333333333,0.4375,0.005723050404585792,0.010296631614943161,0.012614842132788337,-0.002318210517845196,0.004172878217812412,0.0045735812103573715,0.07978695034705703,0.0,0.015694342373842374,-0.0023011220135973343,1.0,1.0,1.0,1.0,0.9090909070310158,0.9559701082991335,0.0,0.0,0.0,1.0,0.0,0.0,0.0,0.0
INTERMITTENT_SHORTFALL,fairness_qp,1.0,DELIVERY_RATIO_CF_BETA_050,6,96,1.1733333333333336,0.2708333333333333,0.4375,0.004777615174613872,0.00941115609791436,0.011292332839694783,-0.001881176741780434,0.003706740982902438,0.004633540923300491,0.08023689346171907,0.0020761124295938884,0.014425338123093266,-0.0019677784477025763,0.9646455980891737,1.0,1.0,1.0,0.9090909161839154,0.9559701082991335,0.0,0.0,0.0,1.0,0.0,0.0,0.0,0.0
INTERMITTENT_SHORTFALL,fairness_qp,1.0,EXTERNALITY_CF_BETA_025,6,96,1.1733333333333336,0.22916666666666666,0.4375,0.00448865266715012,0.008897026738499255,0.009781634763705133,-0.000884608025205888,0.0027722535036655747,0.004408374071349139,0.08046173561708224,0.004092868120710576,0.01307533647611153,-0.0016850611284114348,0.9126474912932867,1.0,1.0,1.0,0.9090909144872024,0.9559701082991335,0.0,1.0,1.0,1.0,0.049273033397837236,0.0452191038056902,0.028951676977022098,0.07300109792179378
INTERMITTENT_SHORTFALL,fairness_qp,1.0,EXTERNALITY_CF_BETA_050,6,96,1.1733333333333336,0.1875,0.25,0.0010159253201331882,0.005874116462367428,0.01003930937856727,-0.00416519291619985,0.004945193572166849,0.004858191142234241,0.08191910599142464,0.012329919673633574,0.012302284686218025,-0.001348402211043991,0.8999386427137588,1.0,1.0,1.0,0.909090921489742,0.9559688185278358,0.0,1.0,1.0,1.0,0.05209340001588241,0.049230836615837076,0.03253443251236069,0.07535445505539173
INTERMITTENT_SHORTFALL,fairness_qp,1.0,EXTERNALITY_CF_BETA_100,6,96,1.1733333333333336,0.10416666666666667,0.020833333333333332,-0.011747711470273417,-0.002972132035361497,0.06295801029501591,-0.06593014233037742,0.06594409852595556,0.008775579434911923,0.10254895684567604,0.13092305624999998,0.07452435689814095,-0.012231886403297735,0.8655555555555555,1.0,1.0,1.0,0.9090909171372542,0.9556307821588994,0.0,1.0,1.0,1.0,0.055268115290754864,0.05454442649844469,0.05076184006261727,0.08079982928612917
INTERMITTENT_SHORTFALL,fairness_qp,1.0,UNIFORM_MATCHED_EXTERNALITY_CF_BETA_050,6,96,1.1733333333333336,0.2916666666666667,0.3958333333333333,0.005725599978418661,0.010186188712662058,0.01421821017003115,-0.004032021457369095,0.005365307956544965,0.004460588734243398,0.07863837695670975,0.012329919673633566,0.017328996138194355,-0.0017984516257418526,0.761867985956493,1.0,1.0,1.0,0.909090917499668,0.9559437193356565,0.0,0.0,0.0,1.0,0.0,0.0,0.0,0.0
INTERMITTENT_SHORTFALL,fairness_qp,10.0,NO_FEEDBACK,6,96,1.0066666666666666,0.0,0.0,0.0002038039417856435,1.6747316590900194e-05,0.0005044936434734962,-0.0004877463268825992,0.0004877463268825992,-1.870566251947443e-05,0.07888199378901976,0.0,0.00044893738234991497,0.00011851672258833545,1.0,1.0,1.0,1.0,0.9090909102228547,0.9560320525315021,0.0,0.0,0.0,1.0,0.0,0.0,0.0,0.0
INTERMITTENT_SHORTFALL,fairness_qp,10.0,DELIVERY_RATIO_CF_BETA_050,6,96,1.0066666666666666,0.0,0.0,0.0002038039417856435,1.6747316590900194e-05,0.0005044936434734962,-0.0004877463268825992,0.0004877463268825992,-1.870566251947443e-05,0.07888199378901976,0.0,0.00044893738234991497,0.00011851672258833545,0.9657907525981417,1.0,1.0,1.0,0.9090909102228547,0.9560320525315021,0.0,0.0,0.0,1.0,0.0,0.0,0.0,0.0
INTERMITTENT_SHORTFALL,fairness_qp,10.0,EXTERNALITY_CF_BETA_025,6,96,1.0066666666666666,0.0,0.0,0.0002038039417856435,1.6747316590900194e-05,0.0005044936434734962,-0.0004877463268825992,0.0004877463268825992,-1.870566251947443e-05,0.07888199378901976,0.0,0.00044893738234991497,0.00011851672258833545,0.8884482117765581,1.0,1.0,1.0,0.9090909102228547,0.9560320525315021,0.0,1.0,1.0,1.0,0.05157880010161489,0.051069662855744435,0.03248698031105309,0.074521738217663
INTERMITTENT_SHORTFALL,fairness_qp,10.0,EXTERNALITY_CF_BETA_050,6,96,1.0066666666666666,0.0,0.08333333333333333,-0.0014275881857894353,-0.0002650800069167094,0.002332871844719465,-0.0025979518516361885,0.002659425026667906,0.0001162508178872726,0.07975389390662886,0.004817999789428794,0.0031882123463529226,0.0002408468714113129,0.8851100158691406,1.0,1.0,1.0,0.9090909160652028,0.9560047233979504,0.0,1.0,1.0,1.0,0.051680855925018254,0.05111384549085185,0.03333280247202003,0.07460789642523948
INTERMITTENT_SHORTFALL,fairness_qp,10.0,EXTERNALITY_CF_BETA_100,6,96,1.0066666666666666,0.0,0.0,-0.04268470349771167,-0.007048461999766155,0.05491648032889437,-0.06196494232866052,0.06196494232866052,0.003563624149794551,0.10207419513182027,0.12396155625000006,0.07248211233546649,-0.010275639067139193,0.8655555555555555,1.0,1.0,1.0,0.9090909237969951,0.9557031225431053,0.0,1.0,1.0,1.0,0.050294618932907154,0.05022327091881559,0.048054662620973215,0.0772687111812849
INTERMITTENT_SHORTFALL,fairness_qp,10.0,UNIFORM_MATCHED_EXTERNALITY_CF_BETA_050,6,96,1.0066666666666666,0.0,0.0,0.0003279222906537197,-4.014016278361256e-05,0.0012209906619473532,-0.0012611308247309657,0.0012611308247309657,-3.680624534373321e-05,0.0785398635198879,0.004817999789428785,0.0013173512921389097,0.00032879769713103105,0.7492261550760378,1.0,1.0,1.0,0.9090909270809013,0.9560174008727821,0.0,0.0,0.0,1.0,0.0,0.0,0.0,0.0
SHOCK_AND_RECOVERY,weighted_proportional,0.0,NO_FEEDBACK,6,96,1.7,0.6875,0.20833333333333334,0.028613742600178033,0.02861374260017803,0.03795646490941216,-0.009342722309234143,0.010298491022821729,0.022296466496928558,0.055902389464181114,0.0,0.05305980630085305,-0.010270725243797463,1.0,1.0,1.0,1.0,0.9090909086412845,0.955472141209247,0.0,0.0,0.0,1.0,0.0,0.0,0.0,0.0
SHOCK_AND_RECOVERY,weighted_proportional,0.0,DELIVERY_RATIO_CF_BETA_050,6,96,1.7,0.2916666666666667,0.5833333333333334,0.027972494172231726,0.027972494172231726,0.027984430856511835,-1.1936684280108856e-05,0.003013037341265431,0.01012743408548005,0.048341557323158396,0.02004081298880531,0.03975370742928451,-0.0066736862919911195,0.9686589170103005,1.0,1.0,1.0,0.9090909193123058,0.955472141209247,0.0,0.0,0.0,1.0,0.0,0.0,0.0,0.0
SHOCK_AND_RECOVERY,weighted_proportional,0.0,EXTERNALITY_CF_BETA_025,6,96,1.7,0.20833333333333334,0.625,0.022317881188095023,0.02231788118809502,0.01942373272158219,0.0028941484665128275,0.0017965566586963914,0.006160764160398143,0.04540313499066587,0.04404054614717821,0.03244777829027295,-0.005038714202501913,0.8828808352079552,1.0,1.0,1.0,0.9090909181175165,0.955472141209247,0.0,0.9791666666666666,1.0,1.0,0.0748892987083707,0.07229060610660205,0.02997080302612241,0.08130611838975811
SHOCK_AND_RECOVERY,weighted_proportional,0.0,EXTERNALITY_CF_BETA_050,6,96,1.7,0.16666666666666666,0.6875,0.023326259693018183,0.023326259693018183,0.019895329626508907,0.003430930066509285,0.0035589697938755624,0.004930722103530182,0.044928825893220815,0.06623944470806124,0.039164445805553026,-0.008356566910286264,0.8835099792480469,1.0,1.0,1.0,0.9090909189963818,0.955469752764455,0.0,0.9583333333333334,1.0,1.0,0.07012285216382501,0.06905645792975464,0.031512636952961554,0.07629774951691944
SHOCK_AND_RECOVERY,weighted_proportional,0.0,EXTERNALITY_CF_BETA_100,6,96,1.7,0.3958333333333333,0.3333333333333333,0.019135447927127232,0.01913544792712723,0.03824459857764593,-0.019109150650518703,0.024481871603659958,0.012434717795873164,0.055130118906556974,0.11389080937500001,0.0677964947679552,-0.021762378663357573,0.9072222222222223,1.0,1.0,1.0,0.9090909161908767,0.9551451419365725,0.0,1.0,1.0,1.0,0.07231119176006721,0.07173881324118538,0.046990167422459504,0.07609497824267503
SHOCK_AND_RECOVERY,weighted_proportional,0.0,UNIFORM_MATCHED_EXTERNALITY_CF_BETA_050,6,96,1.7,0.6875,0.20833333333333334,0.02861374260024678,0.028613742600246777,0.03795646490885577,-0.009342722308608999,0.010298491022451698,0.022296466497028784,0.055902389464498714,0.06623944470806122,0.05305980630055065,-0.010270725243797465,0.7547320308041531,1.0,1.0,1.0,0.9090909197890379,0.9554721411770009,0.0,0.0,0.0,1.0,0.0,0.0,0.0,0.0
SHOCK_AND_RECOVERY,weighted_proportional,1.0,NO_FEEDBACK,6,96,1.2,0.25,0.5,0.011560260590365275,0.021555254473831692,0.02224457617202231,-0.0006893216981906231,0.003472875845785104,0.00999499388346642,0.050742684458623455,0.0,0.03195299775830165,-0.00387407510186479,1.0,1.0,1.0,1.0,0.9090909054653987,0.9555592412402187,0.0,0.0,0.0,1.0,0.0,0.0,0.0,0.0
SHOCK_AND_RECOVERY,weighted_proportional,1.0,DELIVERY_RATIO_CF_BETA_050,6,96,1.2,0.20833333333333334,0.6041666666666666,0.014567699308740465,0.021343668466832263,0.01985627460701558,0.0014873938598166797,0.0022693478375896575,0.006775969158091802,0.04865792869770764,0.005066630410126551,0.028801792085885722,-0.0033730979285984675,0.968232127889876,1.0,1.0,1.0,0.9090909196835257,0.9555592412402187,0.0,0.0,0.0,1.0,0.0,0.0,0.0,0.0
SHOCK_AND_RECOVERY,weighted_proportional,1.0,EXTERNALITY_CF_BETA_025,6,96,1.2,0.14583333333333334,0.6041666666666666,0.014087271142441266,0.01881920001130272,0.01566132292167089,0.003157877089631831,0.0018897416689547114,0.004731928868861454,0.04593540740621999,0.020366366513811907,0.026963845027047472,-0.003227110424872403,0.8820061636511752,1.0,1.0,1.0,0.9090909205291987,0.9555592412402187,0.0,0.9583333333333334,1.0,1.0,0.0724294086787138,0.06919770204580496,0.02736546724709402,0.08009852544182237
SHOCK_AND_RECOVERY,weighted_proportional,1.0,EXTERNALITY_CF_BETA_050,6,96,1.2,0.16666666666666666,0.625,0.01555984898172659,0.01853111979301807,0.01420046124135448,0.004330658551663587,0.0030964651451257396,0.0029712708112914804,0.04493298029749498,0.046305155899429344,0.03254325203366119,-0.005875881873153961,0.8835974968804253,1.0,1.0,1.0,0.9090909176088634,0.9554897062129138,0.0,0.9583333333333334,1.0,1.0,0.06771065769387594,0.06636226542865953,0.030466775317654533,0.07426956405118794
SHOCK_AND_RECOVERY,weighted_proportional,1.0,EXTERNALITY_CF_BETA_100,6,96,1.2,0.22916666666666666,0.3333333333333333,0.007369168673449334,0.013535461240806937,0.026441350616160375,-0.012905889375353448,0.01830438039150823,0.006166292567357603,0.05187570459637605,0.10123962187500002,0.06245117297287478,-0.016741314679590436,0.9072222222222223,1.0,1.0,1.0,0.9090909225992674,0.9552296963420998,0.0,1.0,1.0,1.0,0.06594790805941576,0.06570969831115427,0.04323021201836911,0.07015154947428849
SHOCK_AND_RECOVERY,weighted_proportional,1.0,UNIFORM_MATCHED_EXTERNALITY_CF_BETA_050,6,96,1.2,0.25,0.5,0.011560260590328232,0.02155525447375599,0.022244576172375827,-0.000689321698619833,0.003472875846055284,0.009994993883427762,0.05074268445844693,0.046305155899429344,0.031952997758490156,-0.0038740751018647088,0.75388493792699,1.0,1.0,1.0,0.9090909194208877,0.95555924120704,0.0,0.0,0.0,1.0,0.0,0.0,0.0,0.0
SHOCK_AND_RECOVERY,weighted_proportional,10.0,NO_FEEDBACK,6,96,1.0,0.0,0.0,0.0,0.0,0.0,0.0,0.0,0.0,0.0508588615624399,0.0,0.0,0.0,1.0,1.0,1.0,1.0,0.9090908986590723,0.9556770734851585,0.0,0.0,0.0,1.0,0.0,0.0,0.0,0.0
SHOCK_AND_RECOVERY,weighted_proportional,10.0,DELIVERY_RATIO_CF_BETA_050,6,96,1.0,0.0,0.0,0.0,0.0,0.0,0.0,0.0,0.0,0.0508588615624399,0.0,0.0,0.0,0.9654798922619463,1.0,1.0,1.0,0.9090908986590723,0.9556770734851585,0.0,0.0,0.0,1.0,0.0,0.0,0.0,0.0
SHOCK_AND_RECOVERY,weighted_proportional,10.0,EXTERNALITY_CF_BETA_025,6,96,1.0,0.0,0.375,0.0033299398856478884,5.4831582309471364e-05,-0.00133790747901223,0.0013927390613217086,0.0014265252254309982,-0.0003275108303338416,0.04814424968414782,0.01684303420262323,0.011224593065084375,-0.0006023480560473429,0.8668697984229463,1.0,1.0,1.0,0.9090909131674643,0.9556168730074528,0.0,1.0,1.0,1.0,0.07050884496386164,0.07050884496386164,0.036328955894766125,0.0764164918585525
SHOCK_AND_RECOVERY,weighted_proportional,10.0,EXTERNALITY_CF_BETA_050,6,96,1.0,0.0,0.3541666666666667,0.004281892352886388,1.152091293303166e-05,-0.0010692214163701785,0.0010807423293031984,0.003826976529056489,-0.0004270371439953355,0.047034362168831896,0.0362935500869752,0.02466519529606734,-0.003065554330467804,0.8884496561686198,1.0,1.0,1.0,0.9090909162987753,0.9555469117475356,0.0,1.0,1.0,1.0,0.06386718042893191,0.06384713887245654,0.03652785708811635,0.06911041219105199
SHOCK_AND_RECOVERY,weighted_proportional,10.0,EXTERNALITY_CF_BETA_100,6,96,1.0,0.0,0.2916666666666667,-0.0015054084927549627,-0.0012236965852928077,0.00820724867873257,-0.009430945264025353,0.015569321956142537,2.8171190746215557e-05,0.05008575091376725,0.08467259062500006,0.05741104199882946,-0.012796500002606293,0.91,1.0,1.0,1.0,0.9090909185759362,0.9553456690664623,0.0,1.0,1.0,1.0,0.058670675695393915,0.058670675695393915,0.04174874642282219,0.06283917794086642
SHOCK_AND_RECOVERY,weighted_proportional,10.0,UNIFORM_MATCHED_EXTERNALITY_CF_BETA_050,6,96,1.0,0.0,0.0,1.6536186482618564e-13,-4.016174870967448e-14,2.7313080182972405e-13,-3.133118764431231e-13,3.637160017611052e-13,-2.0552271906906783e-14,0.05085886156228408,0.036293550086975185,3.0245473009796187e-13,-7.632783294297951e-17,0.7421125947292234,1.0,1.0,1.0,0.9090909137776392,0.9556770734358914,0.0,0.0,0.0,1.0,0.0,0.0,0.0,0.0
SHOCK_AND_RECOVERY,equal_kw_reduction,0.0,NO_FEEDBACK,6,96,1.5466666666666666,0.6875,0.20833333333333334,0.025560409312899757,0.025560409312899764,0.039403122739463614,-0.013842713426563897,0.015192245579141847,0.04142316479452948,0.11668401556812612,0.0,0.05933015061679071,-0.04014376912643347,1.0,1.0,1.0,1.0,0.9090909054336962,0.9559799595302261,0.0,0.0,0.0,1.0,0.0,0.0,0.0,0.0
SHOCK_AND_RECOVERY,equal_kw_reduction,0.0,DELIVERY_RATIO_CF_BETA_050,6,96,1.5466666666666666,0.4166666666666667,0.4791666666666667,0.024282912987806854,0.024282912987806854,0.02266005020913141,0.0016228627786754046,0.002941052170083752,0.015967474983712756,0.09548593662142986,0.030310333906434086,0.03639931504020912,-0.02090732442181382,0.961835883303047,1.0,1.0,1.0,0.9090909158207847,0.9559799595302261,0.0,0.0,0.0,1.0,0.0,0.0,0.0,0.0
SHOCK_AND_RECOVERY,equal_kw_reduction,0.0,EXTERNALITY_CF_BETA_025,6,96,1.5466666666666666,0.2708333333333333,0.5416666666666666,0.019121660044620382,0.019121660044620386,0.016906634856477972,0.002215025188142377,0.0031872736472500405,0.008236457419490117,0.08528941735291747,0.05806902808359887,0.03302221699026472,-0.009405399351367546,0.894969646275923,1.0,1.0,1.0,0.9090909208760007,0.9559410322577248,0.0,1.0,1.0,1.0,0.05187256081724919,0.04971446736313654,0.022073881160207438,0.08240128218654788
SHOCK_AND_RECOVERY,equal_kw_reduction,0.0,EXTERNALITY_CF_BETA_050,6,96,1.5466666666666666,0.25,0.5625,0.020381540546461522,0.020381540546461522,0.016654854327840942,0.003726686218620564,0.003034816516708755,0.005392126563294838,0.0755091400835353,0.0787226141395569,0.041366397607738935,-0.006009453681256829,0.9007650926378039,1.0,1.0,1.0,0.9090909280052324,0.9558355835069711,0.0,1.0,1.0,1.0,0.04701168961178684,0.045371494699509664,0.021191971031459297,0.07335017668168625
SHOCK_AND_RECOVERY,equal_kw_reduction,0.0,EXTERNALITY_CF_BETA_100,6,96,1.5466666666666666,0.4791666666666667,0.14583333333333334,0.01503400807131646,0.015034008071316461,0.03931728154686269,-0.024283273475546253,0.02625708224753577,0.0186510213661318,0.08362165212015436,0.11424223125000003,0.071733533676979,-0.012828949292420455,0.9183333333333333,1.0,1.0,1.0,0.9090909215443301,0.9555216623602097,0.0,1.0,1.0,1.0,0.05035355979637659,0.04928155110867829,0.032738427561574794,0.0752591677318172
SHOCK_AND_RECOVERY,equal_kw_reduction,0.0,UNIFORM_MATCHED_EXTERNALITY_CF_BETA_050,6,96,1.5466666666666666,0.7916666666666666,0.10416666666666667,0.024923655378405532,0.024923655378405532,0.0457557047297083,-0.020832049351302787,0.021395238960412993,0.03550048911893086,0.10281755698359801,0.0787226141395569,0.06373615732469563,-0.01428091943315994,0.7532643601021304,1.0,1.0,1.0,0.9090909247420071,0.955799666283444,0.0,0.0,0.0,1.0,0.0,0.0,0.0,0.0
SHOCK_AND_RECOVERY,equal_kw_reduction,1.0,NO_FEEDBACK,6,96,1.1733333333333336,0.25,0.5208333333333334,0.00457504342596916,0.011536209838990846,0.011924301655286754,-0.00038809181629594996,0.0021967113321223752,0.00696116641302168,0.09033864341094133,0.0,0.01755260550441015,-0.006404580332655933,1.0,1.0,1.0,1.0,0.9090909204315043,0.9560352814823647,0.0,0.0,0.0,1.0,0.0,0.0,0.0,0.0
SHOCK_AND_RECOVERY,equal_kw_reduction,1.0,DELIVERY_RATIO_CF_BETA_050,6,96,1.1733333333333336,0.2708333333333333,0.6041666666666666,0.0065053672649149205,0.011527047605053305,0.01053132269748829,0.0009957249075649988,0.0012951647503196366,0.005021680340138378,0.08879882159433194,0.0023219871163875547,0.01614409409162691,-0.004946556844547788,0.9629678667902443,1.0,1.0,1.0,0.909090920837613,0.9560352814823647,0.0,0.0,0.0,1.0,0.0,0.0,0.0,0.0
SHOCK_AND_RECOVERY,equal_kw_reduction,1.0,EXTERNALITY_CF_BETA_025,6,96,1.1733333333333336,0.08333333333333333,0.5833333333333334,0.0074170425743956625,0.009029928767702491,0.008722105259043475,0.00030782350865898406,0.0027264003435910713,0.0016128861933068222,0.08147463131361334,0.022469250119889705,0.01927798664963893,0.00124951311044656,0.8948796428182524,1.0,1.0,1.0,0.9090909223203506,0.9559454336795197,0.0,1.0,1.0,1.0,0.04754000892076965,0.04612573764715949,0.020776802412528706,0.07718178773450689
SHOCK_AND_RECOVERY,equal_kw_reduction,1.0,EXTERNALITY_CF_BETA_050,6,96,1.1733333333333336,0.16666666666666666,0.5625,0.0097142562155679,0.009379627326332516,0.008112092659445102,0.0012675346668873748,0.002480802921651879,-0.0003346288892353863,0.0722071431384063,0.044078258872890484,0.030021200831720326,0.005367537595343766,0.9017797258165148,1.0,1.0,1.0,0.9090909204315043,0.9558509074282278,0.0,1.0,1.0,1.0,0.04280425339359318,0.04204830252903416,0.02026119256646088,0.06839925324728639
SHOCK_AND_RECOVERY,equal_kw_reduction,1.0,EXTERNALITY_CF_BETA_100,6,96,1.1733333333333336,0.22916666666666666,0.22916666666666666,0.0039429090639807336,0.005198483586171045,0.024101860445304876,-0.01890337685913386,0.020141489740133498,0.0012555745221903077,0.06952136815762855,0.09150021562500003,0.059667115433619626,0.007397220880805198,0.9205555555555556,1.0,1.0,1.0,0.9090909239147006,0.9555632882117391,0.0,1.0,1.0,1.0,0.03952700530712409,0.03938707680420825,0.02519866210248008,0.0616183940832404
SHOCK_AND_RECOVERY,equal_kw_reduction,1.0,UNIFORM_MATCHED_EXTERNALITY_CF_BETA_050,6,96,1.1733333333333336,0.5208333333333334,0.16666666666666666,0.005400314924450952,0.010707033091286748,0.017995012475199922,-0.007287979383913197,0.007743406523663353,0.0053067181668357945,0.0835619654266101,0.044078258872890456,0.02383749875102847,0.006990378324573114,0.7521567716378739,1.0,1.0,1.0,0.909090924400401,0.9559081591882083,0.0,0.0,0.0,1.0,0.0,0.0,0.0,0.0
SHOCK_AND_RECOVERY,equal_kw_reduction,10.0,NO_FEEDBACK,6,96,1.0666666666666667,0.0,0.3333333333333333,0.0004981143621184212,0.00033658806899101177,0.00029680456362161147,3.9783505369391424e-05,0.0,-1.6152629312741133e-05,0.08741129136177554,0.0,0.00042673610349935887,0.005134243114991259,1.0,1.0,1.0,1.0,0.9090909133436922,0.9560783685457737,0.0,0.0,0.0,1.0,0.0,0.0,0.0,0.0
SHOCK_AND_RECOVERY,equal_kw_reduction,10.0,DELIVERY_RATIO_CF_BETA_050,6,96,1.0666666666666667,0.0,0.3333333333333333,0.000574925905911535,0.00033937193228398893,0.00027142645777648703,6.794547450749329e-05,0.0,-2.355539736275494e-05,0.08730292727572146,0.00011805353152539537,0.0004921957133615437,0.005155865032863384,0.9629922661631761,1.0,1.0,1.0,0.9090909136166636,0.9560765047547212,0.0,0.0,0.0,1.0,0.0,0.0,0.0,0.0
SHOCK_AND_RECOVERY,equal_kw_reduction,10.0,EXTERNALITY_CF_BETA_025,6,96,1.0666666666666667,0.020833333333333332,0.375,0.007600948096208166,-9.094353953218374e-05,0.001305089050383985,-0.0013960325899161768,0.002593407261208963,-0.0007691891635740358,0.08170589209924396,0.014859216709403244,0.010214545032864513,0.008531854998819846,0.8954711572880235,1.0,1.0,1.0,0.9090909189911218,0.955982800362724,0.0,1.0,1.0,1.0,0.04491888684226361,0.043672262541366406,0.02163731248553906,0.07432986449866745
SHOCK_AND_RECOVERY,equal_kw_reduction,10.0,EXTERNALITY_CF_BETA_050,6,96,1.0666666666666667,0.0,0.3958333333333333,0.018387993573940487,-3.42678278045439e-05,0.0007719060418585524,-0.0008061738696630941,0.0027505895426938737,-0.0018422261401745037,0.07292630012783542,0.03611531428527836,0.024874503668793724,0.013708026330212777,0.9036126200358071,1.0,1.0,1.0,0.909090916834529,0.9558790758531258,0.0,1.0,1.0,1.0,0.040968036001862086,0.04085907931876253,0.022245331055314416,0.06625404219657278
SHOCK_AND_RECOVERY,equal_kw_reduction,10.0,EXTERNALITY_CF_BETA_100,6,96,1.0666666666666667,0.0,0.125,0.02409457379142645,-0.0023561136741880265,0.01648190321277407,-0.018838016886962117,0.019704852316769803,-0.0026450687465614485,0.06731024670592177,0.08373881250000004,0.05604513119152212,0.015158169420866993,0.9233333333333333,1.0,1.0,1.0,0.9090909215443301,0.9555979135346262,0.0,1.0,1.0,1.0,0.035922741756835734,0.035829412352677927,0.02397711785100379,0.05754264148221582
SHOCK_AND_RECOVERY,equal_kw_reduction,10.0,UNIFORM_MATCHED_EXTERNALITY_CF_BETA_050,6,96,1.0666666666666667,0.0,0.020833333333333332,0.007289820794839752,-0.0006232371813450198,0.006123446873358977,-0.006746684054704026,0.0067505586403711765,-0.0007913057976184778,0.08219284991297936,0.03611531428527832,0.009769028490984875,0.016277449600168168,0.7453420650345183,1.0,1.0,1.0,0.9090909215851221,0.9559480686382639,0.0,0.0,0.0,1.0,0.0,0.0,0.0,0.0
SHOCK_AND_RECOVERY,flat_level,0.0,NO_FEEDBACK,6,96,1.1066666666666667,0.0,0.0,-0.007848589589782936,-0.007848589589782936,0.04500167971579544,-0.05285026930557837,0.05285026930557837,0.0068002582355420815,0.04503648049989637,0.0,0.034267686595132324,-0.023929770226804942,1.0,1.0,1.0,1.0,0.9090909101921024,0.9539511012365637,0.0,0.0,0.0,1.0,0.0,0.0,0.0,0.0
SHOCK_AND_RECOVERY,flat_level,0.0,DELIVERY_RATIO_CF_BETA_050,6,96,1.1066666666666667,0.0625,0.20833333333333334,-0.002381388377990382,-0.002381388377990379,0.01990430819013659,-0.022285696568126956,0.023739939194916362,0.002786647150464188,0.04179286928163899,0.006698458320802171,0.017950361231486005,-0.010330450338203142,0.950555820356234,1.0,1.0,1.0,0.9090909215841554,0.9539511012365637,0.0,0.0,0.0,1.0,0.0,0.0,0.0,0.0
SHOCK_AND_RECOVERY,flat_level,0.0,EXTERNALITY_CF_BETA_025,6,96,1.1066666666666667,0.0625,0.4791666666666667,0.00037758096329588016,0.0003775809632958812,0.005456191167274396,-0.0050786102039784885,0.01365752589082174,0.0017973819382905813,0.04059495028209018,0.011953729992484896,0.017803158845518318,-0.0040314076355724635,0.9062724413439476,1.0,1.0,1.0,0.9090909170748748,0.9539511012365637,0.0,1.0,1.0,1.0,0.13857448053190058,0.1309104820038333,0.1309104820038333,0.08958471540699538
SHOCK_AND_RECOVERY,flat_level,0.0,EXTERNALITY_CF_BETA_050,6,96,1.1066666666666667,0.020833333333333332,0.7916666666666666,0.004426764387343132,0.004426764387343133,-0.013327457503893974,0.017754221891237126,0.006167761527148698,0.0013141914235422472,0.03670468906785564,0.020791793972969094,0.024265989559226386,0.0015433357716438968,0.9168124643961587,1.0,1.0,1.0,0.9090909190318359,0.9539511012365637,0.0,1.0,1.0,1.0,0.1185404954669577,0.11080135033313972,0.11080135033313972,0.07762259226740666
SHOCK_AND_RECOVERY,flat_level,0.0,EXTERNALITY_CF_BETA_100,6,96,1.1066666666666667,0.020833333333333332,0.6875,0.007880261974272914,0.007880261974272919,-0.025957595676148918,0.03383785765042189,0.012944780563758937,0.00431345391983599,0.037499186053299834,0.051066618750000035,0.055442633483748414,-0.0008286424933341257,0.9205555555555556,1.0,1.0,1.0,0.9090909197694033,0.9539511012365637,0.0,1.0,1.0,1.0,0.12243555803071572,0.11781486793600175,0.11781486793600172,0.07996737204200778
SHOCK_AND_RECOVERY,flat_level,0.0,UNIFORM_MATCHED_EXTERNALITY_CF_BETA_050,6,96,1.1066666666666667,0.0625,0.3125,-0.004039311224048972,-0.0040393112240489715,0.03144643574957742,-0.03548574697362638,0.03942580823198175,0.007091138392189364,0.04495906098814199,0.020791793972969087,0.030706881438423206,-0.016637458134129462,0.7520790110997302,1.0,1.0,1.0,0.909090919920521,0.9539511012365637,0.0,0.0,0.0,1.0,0.0,0.0,0.0,0.0
SHOCK_AND_RECOVERY,flat_level,1.0,NO_FEEDBACK,6,96,1.0,0.0,0.0,0.0,0.0,0.0,0.0,0.0,0.0,0.041655670009937265,0.0,0.0,0.0,1.0,1.0,1.0,1.0,0.9090909069966064,0.9543941331679278,0.0,0.0,0.0,1.0,0.0,0.0,0.0,0.0
SHOCK_AND_RECOVERY,flat_level,1.0,DELIVERY_RATIO_CF_BETA_050,6,96,1.0,0.0,0.5416666666666666,0.0006061083412820709,0.0005662615812682665,-0.002831205525313528,0.0033974671065818,0.0,-3.984676001380751e-05,0.04103011183477322,0.0008082911487579669,0.0021942456144668073,0.0010178871080730387,0.9508417193953843,1.0,1.0,1.0,0.9090909215841554,0.9543941331679278,0.0,0.0,0.0,1.0,0.0,0.0,0.0,0.0
SHOCK_AND_RECOVERY,flat_level,1.0,EXTERNALITY_CF_BETA_025,6,96,1.0,0.0,0.7083333333333334,0.002448757960952962,0.0024427129400985542,-0.011444988056586877,0.013887700996685473,0.0,-6.045020854412242e-06,0.04052118131643964,0.00498372255711535,0.01061316501242014,0.0044339302653442075,0.9077389980146351,1.0,1.0,1.0,0.9090909124848934,0.9543941331679278,0.0,1.0,1.0,1.0,0.12838566118229988,0.12057043567284133,0.12057043567284133,0.08445342124936976
SHOCK_AND_RECOVERY,flat_level,1.0,EXTERNALITY_CF_BETA_050,6,96,1.0,0.0,0.8958333333333334,0.0063038273527751335,0.006077429182920226,-0.027834768327246653,0.033912197510166914,0.0,-0.00022639816985491163,0.03652024842250975,0.013334185327148529,0.024645742301635732,0.008541504978389666,0.9188984171549479,1.0,1.0,1.0,0.9090909190318359,0.9543941331679278,0.0,1.0,1.0,1.0,0.11036641721136374,0.1021936981144816,0.10219369811448159,0.07344333281693674
SHOCK_AND_RECOVERY,flat_level,1.0,EXTERNALITY_CF_BETA_100,6,96,1.0,0.0,0.7916666666666666,0.010859173419252082,0.011684796283907598,-0.052545185514964704,0.06422998179887238,1.1872285875930144e-05,0.0008256228646555116,0.03631001295975729,0.048646828125000076,0.05712035848430188,0.011755211377541687,0.9233333333333333,1.0,1.0,1.0,0.9090909132164567,0.9543941331679278,0.0,1.0,1.0,1.0,0.10328975014258844,0.09975019037949878,0.09975019037949877,0.06979988155117287
SHOCK_AND_RECOVERY,flat_level,1.0,UNIFORM_MATCHED_EXTERNALITY_CF_BETA_050,6,96,1.0,0.0,0.9166666666666666,0.0021205946941129793,0.002167442353999117,-0.009306818872088393,0.011474261226087523,0.0,4.684765988613365e-05,0.041523337109661426,0.013334185327148473,0.00914075898236816,0.0042197642109948405,0.7441576882344177,1.0,1.0,1.0,0.9090909152150897,0.9543941331679278,0.0,0.0,0.0,1.0,0.0,0.0,0.0,0.0
SHOCK_AND_RECOVERY,flat_level,10.0,NO_FEEDBACK,6,96,1.0,0.0,0.0,0.0,0.0,0.0,0.0,0.0,0.0,0.041655670009937265,0.0,0.0,0.0,1.0,1.0,1.0,1.0,0.9090909069966064,0.9543941331679278,0.0,0.0,0.0,1.0,0.0,0.0,0.0,0.0
SHOCK_AND_RECOVERY,flat_level,10.0,DELIVERY_RATIO_CF_BETA_050,6,96,1.0,0.0,0.5,0.0009647291814063393,0.0005662615812682665,-0.002831205525313528,0.0033974671065818,0.0,-3.984676001380751e-05,0.04103011183477322,0.0008082911487579669,0.0021942456144668073,0.0010178871080730387,0.9508417193953843,1.0,1.0,1.0,0.9090909215841554,0.9543941331679278,0.0,0.0,0.0,1.0,0.0,0.0,0.0,0.0
SHOCK_AND_RECOVERY,flat_level,10.0,EXTERNALITY_CF_BETA_025,6,96,1.0,0.0,0.6458333333333334,0.0025031631486426733,0.0024427129400985542,-0.011444988056586877,0.013887700996685473,0.0,-6.045020854412242e-06,0.04052118131643964,0.00498372255711535,0.01061316501242014,0.0044339302653442075,0.9077389980146351,1.0,1.0,1.0,0.9090909124848934,0.9543941331679278,0.0,1.0,1.0,1.0,0.12838566118229988,0.12057043567284133,0.12057043567284133,0.08445342124936976
SHOCK_AND_RECOVERY,flat_level,10.0,EXTERNALITY_CF_BETA_050,6,96,1.0,0.0,0.8125,0.008341410881469339,0.006077429182920226,-0.027834768327246653,0.033912197510166914,0.0,-0.00022639816985491163,0.03652024842250975,0.013334185327148529,0.024645742301635732,0.008541504978389666,0.9188984171549479,1.0,1.0,1.0,0.9090909190318359,0.9543941331679278,0.0,1.0,1.0,1.0,0.11036641721136374,0.1021936981144816,0.10219369811448159,0.07344333281693674
SHOCK_AND_RECOVERY,flat_level,10.0,EXTERNALITY_CF_BETA_100,6,96,1.0,0.0,0.625,0.003428567637352479,0.011684796283907598,-0.052545185514964704,0.06422998179887238,1.1872285875930144e-05,0.0008256228646555116,0.03631001295975729,0.048646828125000076,0.05712035848430188,0.011755211377541687,0.9233333333333333,1.0,1.0,1.0,0.9090909132164567,0.9543941331679278,0.0,1.0,1.0,1.0,0.10328975014258844,0.09975019037949878,0.09975019037949877,0.06979988155117287
SHOCK_AND_RECOVERY,flat_level,10.0,UNIFORM_MATCHED_EXTERNALITY_CF_BETA_050,6,96,1.0,0.0,0.8125,0.001698965755137777,0.002167442353999117,-0.009306818872088393,0.011474261226087523,0.0,4.684765988613365e-05,0.041523337109661426,0.013334185327148473,0.00914075898236816,0.0042197642109948405,0.7441576882344177,1.0,1.0,1.0,0.9090909152150897,0.9543941331679278,0.0,0.0,0.0,1.0,0.0,0.0,0.0,0.0
SHOCK_AND_RECOVERY,max_export_lp,0.0,NO_FEEDBACK,6,96,1.46,0.5208333333333334,0.0625,0.010235762079816947,0.010235762079816945,0.0335252131288406,-0.023289451049023652,0.023846092850893136,0.048109231355271787,0.15150744390519622,0.0,0.05161045446359386,-0.03726894259973096,1.0,1.0,1.0,1.0,0.9090909082102405,0.9562697768674739,0.0,0.0,0.0,1.0,0.0,0.0,0.0,0.0
SHOCK_AND_RECOVERY,max_export_lp,0.0,DELIVERY_RATIO_CF_BETA_050,6,96,1.46,0.20833333333333334,0.375,0.010995961359021705,0.010995961359021702,0.01440377243791003,-0.003407811078888323,0.006575709258665336,0.018057837205752245,0.12144790862787495,0.03635453221585472,0.026651683854360453,-0.015534180382050034,0.9567003358893055,1.0,1.0,1.0,0.909090929647308,0.9562271655078726,0.0,0.0,0.0,1.0,0.0,0.0,0.0,0.0
SHOCK_AND_RECOVERY,max_export_lp,0.0,EXTERNALITY_CF_BETA_025,6,96,1.46,0.20833333333333334,0.3333333333333333,0.00800046136962229,0.008000461369622286,0.01255202932643342,-0.00455156795681113,0.007318925501753071,0.012339032892847367,0.11336794850644717,0.05808293632530647,0.026558393325773384,-0.008875605903031525,0.9076303919243056,1.0,1.0,1.0,0.9090909222900417,0.9561311553917902,0.0,1.0,1.0,1.0,0.04955281563064029,0.04375526598650359,0.04375526598602766,0.0814603820687817
SHOCK_AND_RECOVERY,max_export_lp,0.0,EXTERNALITY_CF_BETA_050,6,96,1.46,0.14583333333333334,0.4375,0.008696343452474973,0.008696343452474971,0.0079380632935561,0.0007582801589188781,0.00519182075310554,0.00802406381044827,0.09697806806315033,0.08333463567123411,0.034900571479406,-0.004519805812319482,0.9096977149115669,1.0,1.0,1.0,0.909090918712,0.95601695977342,0.0,1.0,1.0,1.0,0.042251932432086144,0.039392569953265545,0.03939256993270639,0.06961500025789781
SHOCK_AND_RECOVERY,max_export_lp,0.0,EXTERNALITY_CF_BETA_100,6,96,1.46,0.3333333333333333,0.22916666666666666,0.008471972973402311,0.00847197297340231,0.025318756365760465,-0.016846783392358154,0.0204296604881943,0.019477326783627145,0.09884230575151574,0.10868976562499999,0.06288185388805186,-0.012273377772254804,0.9166666666666666,1.0,1.0,1.0,0.9090909251434722,0.9557413347315011,0.0,1.0,1.0,1.0,0.04425953106226189,0.0415147378127084,0.041514737812186175,0.07155091840714993
SHOCK_AND_RECOVERY,max_export_lp,0.0,UNIFORM_MATCHED_EXTERNALITY_CF_BETA_050,6,96,1.46,0.6041666666666666,0.020833333333333332,0.011970074886501024,0.011970074886501023,0.04082423932504471,-0.02885416443854368,0.02885538502761001,0.039004782883887736,0.1290529389287776,0.08333463567123411,0.0591426191848643,-0.013010407556048218,0.7507832191750125,1.0,1.0,1.0,0.9090909190595307,0.9559728693187958,0.0,0.0,0.0,1.0,0.0,0.0,0.0,0.0
SHOCK_AND_RECOVERY,max_export_lp,1.0,NO_FEEDBACK,6,96,1.1666666666666667,0.0,0.22916666666666666,-6.281599022768073e-10,-3.451440308685147e-10,6.246077067201551e-10,-9.697517326194098e-10,1.0828568743070921e-08,2.830158722033742e-10,0.10737146982663286,0.0,6.142762693071275e-08,2.8097622413921403e-08,1.0,1.0,1.0,1.0,0.9090909076611658,0.956265611819685,0.0,0.0,0.0,1.0,0.0,0.0,0.0,0.0
SHOCK_AND_RECOVERY,max_export_lp,1.0,DELIVERY_RATIO_CF_BETA_050,6,96,1.1666666666666667,0.0,0.3229166666666667,0.000327203710540511,5.0527978031520516e-05,-0.0007053798392278273,0.0007559078172593622,5.025018651183544e-09,-0.0002766757325089886,0.10541220533191263,0.0028947959184541516,0.001597248502624358,0.0005850835259323511,0.9602594714288174,1.0,1.0,1.0,0.9090909200500399,0.9562431230759679,0.0,0.0,0.0,1.0,0.0,0.0,0.0,0.0
SHOCK_AND_RECOVERY,max_export_lp,1.0,EXTERNALITY_CF_BETA_025,6,96,1.1666666666666667,0.0,0.20833333333333334,-2.704881508165524e-05,-0.0007334318197789411,0.0019355012008151623,-0.002668933020594092,0.0035028915473205788,-0.0007063830046972842,0.1025983043939616,0.019066424047207386,0.009473755933720544,0.0030351287608152886,0.9009516923183886,1.0,1.0,1.0,0.9090909205570862,0.9561594436409943,0.0,1.0,1.0,1.0,0.041856861083908424,0.04146045412114439,0.041460454120371075,0.07222758273932166
SHOCK_AND_RECOVERY,max_export_lp,1.0,EXTERNALITY_CF_BETA_050,6,96,1.1666666666666667,0.0,0.4166666666666667,0.0021172616766954684,-0.0006183735820104258,-0.0012974552900539525,0.0006790817080435316,0.002984387013870391,-0.0027356352587058906,0.08840278380669635,0.04142503015136723,0.023495405983443195,0.00572045598763131,0.9112013244628906,1.0,1.0,1.0,0.9090909182597782,0.9560479578289792,0.0,1.0,1.0,1.0,0.036489026399938486,0.03596942124378522,0.03596942122256474,0.06244590511392766
SHOCK_AND_RECOVERY,max_export_lp,1.0,EXTERNALITY_CF_BETA_100,6,96,1.1666666666666667,0.020833333333333332,0.20833333333333334,0.0017113845692891237,-0.0025982341032614845,0.008615161510376501,-0.01121339561363797,0.014224419170563343,-0.004309618672550606,0.07770905172713513,0.08358150937500004,0.04919809989183787,0.005988342784864527,0.9233333333333333,1.0,1.0,1.0,0.9090909192059912,0.9557482161780325,0.0,1.0,1.0,1.0,0.03089558823663334,0.02985821069242404,0.029858210691496356,0.05430231998234807
SHOCK_AND_RECOVERY,max_export_lp,1.0,UNIFORM_MATCHED_EXTERNALITY_CF_BETA_050,6,96,1.1666666666666667,0.0,0.0625,-0.0010347039098229048,-0.002221412332566473,0.007980236977167295,-0.010201649309733747,0.010227154999915361,-0.001186708422743566,0.10072703197537608,0.04142503015136726,0.023158867499780966,0.007937881964378514,0.7514168604612936,1.0,1.0,1.0,0.9090909186857934,0.956066572747133,0.0,0.0,0.0,1.0,0.0,0.0,0.0,0.0
SHOCK_AND_RECOVERY,max_export_lp,10.0,NO_FEEDBACK,6,96,1.1533333333333333,0.0,0.22916666666666666,-3.1753027541129492e-09,-3.451440308685147e-10,6.246077067201551e-10,-9.697517326194098e-10,1.0828568743070921e-08,2.830158722033742e-10,0.10737146982663286,0.0,6.142762693071275e-08,2.8097622413921403e-08,1.0,1.0,1.0,1.0,0.9090909076611658,0.956265611819685,0.0,0.0,0.0,1.0,0.0,0.0,0.0,0.0
SHOCK_AND_RECOVERY,max_export_lp,10.0,DELIVERY_RATIO_CF_BETA_050,6,96,1.1533333333333333,0.0,0.3229166666666667,0.002817285303121407,5.0527978031520516e-05,-0.0007053798392278273,0.0007559078172593622,5.025018651183544e-09,-0.0002766757325089886,0.10541220533191263,0.0028947959184541516,0.001597248502624358,0.0005850835259323511,0.9602594714288174,1.0,1.0,1.0,0.9090909200500399,0.9562431230759679,0.0,0.0,0.0,1.0,0.0,0.0,0.0,0.0
SHOCK_AND_RECOVERY,max_export_lp,10.0,EXTERNALITY_CF_BETA_025,6,96,1.1533333333333333,0.0,0.20833333333333334,0.006330398227193899,-0.0007334318197789411,0.0019355012008151623,-0.002668933020594092,0.0035028915473205788,-0.0007063830046972842,0.1025983043939616,0.019066424047207386,0.009473755933720544,0.0030351287608152886,0.9009516923183886,1.0,1.0,1.0,0.9090909205570862,0.9561594436409943,0.0,1.0,1.0,1.0,0.041856861083908424,0.04146045412114439,0.041460454120371075,0.07222758273932166
SHOCK_AND_RECOVERY,max_export_lp,10.0,EXTERNALITY_CF_BETA_050,6,96,1.1533333333333333,0.0,0.4166666666666667,0.02673797900504848,-0.0006183735820104258,-0.0012974552900539525,0.0006790817080435316,0.002984387013870391,-0.0027356352587058906,0.08840278380669635,0.04142503015136723,0.023495405983443195,0.00572045598763131,0.9112013244628906,1.0,1.0,1.0,0.9090909182597782,0.9560479578289792,0.0,1.0,1.0,1.0,0.036489026399938486,0.03596942124378522,0.03596942122256474,0.06244590511392766
SHOCK_AND_RECOVERY,max_export_lp,10.0,EXTERNALITY_CF_BETA_100,6,96,1.1533333333333333,0.020833333333333332,0.1875,0.04049795262224457,-0.0025982341032614845,0.008615161510376501,-0.01121339561363797,0.014224419170563343,-0.004309618672550606,0.07770905172713513,0.08358150937500004,0.04919809989183787,0.005988342784864527,0.9233333333333333,1.0,1.0,1.0,0.9090909192059912,0.9557482161780325,0.0,1.0,1.0,1.0,0.03089558823663334,0.02985821069242404,0.029858210691496356,0.05430231998234807
SHOCK_AND_RECOVERY,max_export_lp,10.0,UNIFORM_MATCHED_EXTERNALITY_CF_BETA_050,6,96,1.1533333333333333,0.0,0.0625,0.009645671894869185,-0.002221412332566473,0.007980236977167295,-0.010201649309733747,0.010227154999915361,-0.001186708422743566,0.10072703197537608,0.04142503015136726,0.023158867499780966,0.007937881964378514,0.7514168604612936,1.0,1.0,1.0,0.9090909186857934,0.956066572747133,0.0,0.0,0.0,1.0,0.0,0.0,0.0,0.0
SHOCK_AND_RECOVERY,fairness_qp,0.0,NO_FEEDBACK,6,96,1.7533333333333332,0.6666666666666666,0.22916666666666666,0.023178590990762443,0.023178590990762443,0.03234715988819762,-0.009168568897435192,0.010814621544985926,0.03006305148820006,0.09977416813678865,0.0,0.047497342320423824,-0.013204888042829247,1.0,1.0,1.0,1.0,0.9090909154323236,0.9559373834956634,0.0,0.0,0.0,1.0,0.0,0.0,0.0,0.0
SHOCK_AND_RECOVERY,fairness_qp,0.0,DELIVERY_RATIO_CF_BETA_050,6,96,1.7533333333333332,0.3541666666666667,0.5416666666666666,0.022496943749189563,0.022496943749189563,0.02125259213132744,0.0012443516178621157,0.0030451031388259026,0.012282522912617796,0.0838825811268533,0.026073669817337126,0.032444786288329815,-0.007661566811682428,0.9700195458265438,1.0,1.0,1.0,0.9090909191114981,0.9559373834956634,0.0,0.0,0.0,1.0,0.0,0.0,0.0,0.0
SHOCK_AND_RECOVERY,fairness_qp,0.0,EXTERNALITY_CF_BETA_025,6,96,1.7533333333333332,0.25,0.5208333333333334,0.018573478359885993,0.018573478359885997,0.01741517092671213,0.0011583074331738598,0.003756691217559951,0.006602965614488057,0.07640049402580233,0.04995954333585976,0.030022971093523004,-0.005046119879761719,0.9109581150959194,1.0,1.0,1.0,0.9090909208078832,0.9558899486927654,0.0,1.0,1.0,1.0,0.048065097895282426,0.044401745101775025,0.0253796023068129,0.07174386735802342
SHOCK_AND_RECOVERY,fairness_qp,0.0,EXTERNALITY_CF_BETA_050,6,96,1.7533333333333332,0.22916666666666666,0.5416666666666666,0.018203873543681717,0.018203873543681717,0.01586441115964173,0.002339462384039976,0.0028599221155958788,0.0046202091691078025,0.06800875817253033,0.0699694016641617,0.03636898685461839,-0.005929642219340523,0.9113753170437283,1.0,1.0,1.0,0.9090909260441292,0.955796803325284,0.0,1.0,1.0,1.0,0.04524611547571251,0.04287187334439486,0.025424464221347337,0.06535114138564517
SHOCK_AND_RECOVERY,fairness_qp,0.0,EXTERNALITY_CF_BETA_100,6,96,1.7533333333333332,0.4166666666666667,0.2708333333333333,0.01621681691070272,0.016216816910702727,0.03365359481721768,-0.01743677790651497,0.01954126671088476,0.013612145317322478,0.07311859948757012,0.11079495000000002,0.0642660851027751,-0.01779194444690822,0.916111111111111,1.0,1.0,1.0,0.9090909186976974,0.9555123813837844,0.0,1.0,1.0,1.0,0.05042349638226179,0.04854221768758074,0.03593755651136419,0.06807337852302424
SHOCK_AND_RECOVERY,fairness_qp,0.0,UNIFORM_MATCHED_EXTERNALITY_CF_BETA_050,6,96,1.7533333333333332,0.7708333333333334,0.10416666666666667,0.023449564473775344,0.023449564473775348,0.03815222206558247,-0.014702657591807127,0.015483177113002103,0.02786680643232488,0.09104218657710234,0.06996940166416168,0.05272392672588652,-0.01007057333891065,0.7581434439111884,1.0,1.0,1.0,0.9090909178863624,0.9557963893627638,0.0,0.0,0.0,1.0,0.0,0.0,0.0,0.0
SHOCK_AND_RECOVERY,fairness_qp,1.0,NO_FEEDBACK,6,96,1.1733333333333336,0.3125,0.4375,0.005723050404585789,0.010296631614943161,0.012614842132788337,-0.0023182105178451893,0.00414711576258333,0.0045735812103573715,0.07978695034705703,0.0,0.015694342373842374,-0.0023011220135973343,1.0,1.0,1.0,1.0,0.9090909070310158,0.9559701082991335,0.0,0.0,0.0,1.0,0.0,0.0,0.0,0.0
SHOCK_AND_RECOVERY,fairness_qp,1.0,DELIVERY_RATIO_CF_BETA_050,6,96,1.1733333333333336,0.2708333333333333,0.5208333333333334,0.007092548598227176,0.010425212219487641,0.011023980693670596,-0.0005987684741829679,0.0027761417109103243,0.003332663621260465,0.07782266385216056,0.0034530545122100145,0.01486961126494655,-0.001889814143559351,0.971308463310026,1.0,1.0,1.0,0.9090909189088182,0.9559550212102553,0.0,0.0,0.0,1.0,0.0,0.0,0.0,0.0
SHOCK_AND_RECOVERY,fairness_qp,1.0,EXTERNALITY_CF_BETA_025,6,96,1.1733333333333336,0.20833333333333334,0.4791666666666667,0.006560584318485888,0.00857485149304831,0.0106206897319645,-0.0020458382389161958,0.004370950201263157,0.002014267174562422,0.07402620205952133,0.018768794814902526,0.01739388709510779,-0.0009535427793179509,0.9094058321429314,1.0,1.0,1.0,0.9090909161183368,0.955902492227962,0.0,1.0,1.0,1.0,0.04623320402337633,0.04295408341501228,0.02632528671152413,0.06844410139319289
SHOCK_AND_RECOVERY,fairness_qp,1.0,EXTERNALITY_CF_BETA_050,6,96,1.1733333333333336,0.16666666666666666,0.5,0.008836298385103287,0.009225049181455005,0.009328856670600176,-0.00010380748914519168,0.002599283381757328,0.0003887507963517183,0.06552437686861258,0.03905659150543212,0.025633177488999303,-0.002156832839260535,0.9052767096625435,1.0,1.0,1.0,0.9090909222105398,0.9557997713939066,0.0,1.0,1.0,1.0,0.044162491646256165,0.041844669163288974,0.026115470405271134,0.0627080336364433
SHOCK_AND_RECOVERY,fairness_qp,1.0,EXTERNALITY_CF_BETA_100,6,96,1.1733333333333336,0.20833333333333334,0.2708333333333333,0.0059127798854477255,0.007012404583544972,0.022532364339817788,-0.015519959756272824,0.01664249343878926,0.0010996246980972465,0.06368452353782042,0.09049949999999997,0.055134719879525194,-0.010868046146371659,0.9205555555555556,1.0,1.0,1.0,0.9090909169319241,0.9555304439804536,0.0,1.0,1.0,1.0,0.044184850339562855,0.04254255996769591,0.032130871081277185,0.059140531381901
SHOCK_AND_RECOVERY,fairness_qp,1.0,UNIFORM_MATCHED_EXTERNALITY_CF_BETA_050,6,96,1.1733333333333336,0.3125,0.1875,0.0057545283507564006,0.010047925006607738,0.016950738385418534,-0.0069028133788108055,0.007400294285683763,0.004293396655851338,0.07526684038416963,0.03905659150543212,0.021117164513620685,-0.0008164790779673463,0.7562319780181515,1.0,1.0,1.0,0.909090915586451,0.9558692111488608,0.0,0.0,0.0,1.0,0.0,0.0,0.0,0.0
SHOCK_AND_RECOVERY,fairness_qp,10.0,NO_FEEDBACK,6,96,1.0066666666666666,0.0,0.0,0.00020380394178564384,1.6747316590900194e-05,0.0005044936434734962,-0.00048774632688260616,0.00048774632688260616,-1.870566251947443e-05,0.07888199378901976,0.0,0.00044893738234991497,0.00011851672258833545,1.0,1.0,1.0,1.0,0.9090909102228547,0.9560320525315021,0.0,0.0,0.0,1.0,0.0,0.0,0.0,0.0
SHOCK_AND_RECOVERY,fairness_qp,10.0,DELIVERY_RATIO_CF_BETA_050,6,96,1.0066666666666666,0.0,0.020833333333333332,0.0009667441978492914,5.7884721028803764e-05,0.00020591508449901711,-0.0001480303634702219,0.0003993266842899357,-9.088594768204889e-05,0.07779271567199847,0.0012048749998607097,0.0011529666413086818,0.00024156258116596213,0.9709423733632496,1.0,1.0,1.0,0.9090909114975417,0.9560139384233104,0.0,0.0,0.0,1.0,0.0,0.0,0.0,0.0
SHOCK_AND_RECOVERY,fairness_qp,10.0,EXTERNALITY_CF_BETA_025,6,96,1.0066666666666666,0.0,0.22916666666666666,0.00555925038029504,-0.00023513015195242903,0.0018757559833903021,-0.0021108861353427454,0.0029664681797740566,-0.0005794380532247467,0.07438965549478349,0.013320334043387666,0.008351013909969932,0.0008876784903847334,0.8986313254192161,1.0,1.0,1.0,0.909090923294138,0.9559496269569739,0.0,1.0,1.0,1.0,0.047583529626977504,0.04638576872184108,0.02985002617683009,0.069254463833386
SHOCK_AND_RECOVERY,fairness_qp,10.0,EXTERNALITY_CF_BETA_050,6,96,1.0066666666666666,0.020833333333333332,0.25,0.013327371748384116,1.5171373527176423e-05,0.00047356545796007607,-0.0004583940844329175,0.001717672248783363,-0.0013312200374856937,0.06651504856045344,0.03457156819152839,0.021506467679462973,-0.0003846272764000576,0.9023041619194879,1.0,1.0,1.0,0.9090909225237676,0.9558568987144315,0.0,1.0,1.0,1.0,0.04459240698056374,0.04382198322470107,0.029555774365561793,0.06268683220007822
SHOCK_AND_RECOVERY,fairness_qp,10.0,EXTERNALITY_CF_BETA_100,6,96,1.0066666666666666,0.020833333333333332,0.14583333333333334,0.013821346369941747,-0.0011411821679409653,0.012928375295089898,-0.01406955746303088,0.014838472550949083,-0.001496252853788271,0.06362052633359185,0.08405007187500008,0.05301882963661339,-0.00845257619832832,0.9233333333333333,1.0,1.0,1.0,0.9090909163831078,0.9556006693547616,0.0,1.0,1.0,1.0,0.041484112682160484,0.041287652283135044,0.033446623589047396,0.05647283385491999
SHOCK_AND_RECOVERY,fairness_qp,10.0,UNIFORM_MATCHED_EXTERNALITY_CF_BETA_050,6,96,1.0066666666666666,0.0,0.0,0.003251638761793737,-0.00019814345097802916,0.004537149994673158,-0.004735293445651202,0.00479873815507841,-0.00034497822127717656,0.07507497604149217,0.03457156819152834,0.007168547124839073,0.0015100352582387959,0.744000302284058,1.0,1.0,1.0,0.9090909177863163,0.9559410530502578,0.0,0.0,0.0,1.0,0.0,0.0,0.0,0.0
