assumed_forecast_cv,penalty_to_export_value_ratio,method_id,realized_cv_multiplier,realized_mean_bias,cell_count,mean_private_utility_gain_mw_equivalent,mean_total_delivery_change_mw,mean_system_delivery_loss_mw,mean_incremental_own_idle_award_mw
0.0,0.0,equal_kw_reduction,0.5,-0.1,60,0.0012219018074805601,-0.0031919560774681536,0.0031919560774681536,0.0065774530654345
0.0,0.0,equal_kw_reduction,0.5,0.0,60,0.005177166286741792,-0.0034672409848948,0.003723075489378077,0.002622188586173268
0.0,0.0,equal_kw_reduction,0.5,0.1,60,0.00779935487291506,-0.0008450523987214649,0.0029475092998443087,0.0
0.0,0.0,equal_kw_reduction,1.0,-0.1,60,0.0012219018074805601,-0.0031919560774681536,0.0031919560774681536,0.0065774530654345
0.0,0.0,equal_kw_reduction,1.0,0.0,60,0.005177166286741792,-0.0034672409848948,0.003723075489378077,0.002622188586173268
0.0,0.0,equal_kw_reduction,1.0,0.1,60,0.00779935487291506,-0.0008450523987214649,0.0029475092998443087,0.0
0.0,0.0,equal_kw_reduction,1.5,-0.1,60,0.0012219018074805601,-0.0031919560774681536,0.0031919560774681536,0.0065774530654345
0.0,0.0,equal_kw_reduction,1.5,0.0,60,0.005177166286741792,-0.0034672409848948,0.003723075489378077,0.002622188586173268
0.0,0.0,equal_kw_reduction,1.5,0.1,60,0.00779935487291506,-0.0008450523987214649,0.0029475092998443087,0.0
0.0,0.0,fairness_qp,0.5,-0.1,60,0.0019510999989904433,-0.00675515096305449,0.00675515096305449,0.005360405966146102
0.0,0.0,fairness_qp,0.5,0.0,60,0.005795847278893877,-0.0037448886664621208,0.0038711483093379203,0.0015156586862426675
0.0,0.0,fairness_qp,0.5,0.1,60,0.007311505965136546,-0.0022292299802194604,0.0032341553491374944,0.0
0.0,0.0,fairness_qp,1.0,-0.1,60,0.0019510999989904433,-0.00675515096305449,0.00675515096305449,0.005360405966146102
0.0,0.0,fairness_qp,1.0,0.0,60,0.005795847278893877,-0.0037448886664621208,0.0038711483093379203,0.0015156586862426675
0.0,0.0,fairness_qp,1.0,0.1,60,0.007311505965136546,-0.0022292299802194604,0.0032341553491374944,0.0
0.0,0.0,fairness_qp,1.5,-0.1,60,0.0019510999989904433,-0.00675515096305449,0.00675515096305449,0.005360405966146102
0.0,0.0,fairness_qp,1.5,0.0,60,0.005795847278893877,-0.0037448886664621208,0.0038711483093379203,0.0015156586862426675
0.0,0.0,fairness_qp,1.5,0.1,60,0.007311505965136546,-0.0022292299802194604,0.0032341553491374944,0.0
0.0,0.0,flat_level,0.5,-0.1,60,0.0,0.0,0.0,0.0
0.0,0.0,flat_level,0.5,0.0,60,0.0,0.0,0.0,0.0
0.0,0.0,flat_level,0.5,0.1,60,0.0,0.0,0.0,0.0
0.0,0.0,flat_level,1.0,-0.1,60,0.0,0.0,0.0,0.0
0.0,0.0,flat_level,1.0,0.0,60,0.0,0.0,0.0,0.0
0.0,0.0,flat_level,1.0,0.1,60,0.0,0.0,0.0,0.0
0.0,0.0,flat_level,1.5,-0.1,60,0.0,0.0,0.0,0.0
0.0,0.0,flat_level,1.5,0.0,60,0.0,0.0,0.0,0.0
0.0,0.0,flat_level,1.5,0.1,60,0.0,0.0,0.0,0.0
0.0,0.0,max_export_lp,0.5,-0.1,60,1.1545095479416288e-08,5.6715202904437474e-11,8.203033807774318e-11,0.0
0.0,0.0,max_export_lp,0.5,0.0,60,1.1545095479416288e-08,5.663948199341462e-11,8.207626430352851e-11,0.0
0.0,0.0,max_export_lp,0.5,0.1,60,1.1545095479416288e-08,5.663948199341462e-11,8.207626430352851e-11,0.0
0.0,0.0,max_export_lp,1.0,-0.1,60,1.1545095479416288e-08,5.6715202904437474e-11,8.203033807774318e-11,0.0
0.0,0.0,max_export_lp,1.0,0.0,60,1.1545095479416288e-08,5.663948199341462e-11,8.207626430352851e-11,0.0
0.0,0.0,max_export_lp,1.0,0.1,60,1.1545095479416288e-08,5.663948199341462e-11,8.207626430352851e-11,0.0
0.0,0.0,max_export_lp,1.5,-0.1,60,1.1545095479416288e-08,5.6715202904437474e-11,8.203033807774318e-11,0.0
0.0,0.0,max_export_lp,1.5,0.0,60,1.1545095479416288e-08,5.663948199341462e-11,8.207626430352851e-11,0.0
0.0,0.0,max_export_lp,1.5,0.1,60,1.1545095479416288e-08,5.663948199341462e-11,8.207626430352851e-11,0.0
0.0,0.0,weighted_proportional,0.5,-0.1,60,0.0028292517666730827,-0.007737632468119807,0.007737632468119807,0.006780186497857991
0.0,0.0,weighted_proportional,0.5,0.0,60,0.008725106766673077,-0.0018417774681198133,0.0035743345022884714,0.0008843314978579967
0.0,0.0,weighted_proportional,0.5,0.1,60,0.009609438264531074,-0.0009574459702618351,0.003283974977785142,0.0
0.0,0.0,weighted_proportional,1.0,-0.1,60,0.0028292517666730827,-0.007737632468119807,0.007737632468119807,0.006780186497857991
0.0,0.0,weighted_proportional,1.0,0.0,60,0.008725106766673077,-0.0018417774681198133,0.0035743345022884714,0.0008843314978579967
0.0,0.0,weighted_proportional,1.0,0.1,60,0.009609438264531074,-0.0009574459702618351,0.003283974977785142,0.0
0.0,0.0,weighted_proportional,1.5,-0.1,60,0.0028292517666730827,-0.007737632468119807,0.007737632468119807,0.006780186497857991
0.0,0.0,weighted_proportional,1.5,0.0,60,0.008725106766673077,-0.0018417774681198133,0.0035743345022884714,0.0008843314978579967
0.0,0.0,weighted_proportional,1.5,0.1,60,0.009609438264531074,-0.0009574459702618351,0.003283974977785142,0.0
0.0,0.05,equal_kw_reduction,0.5,-0.1,60,0.0008930291542088293,-0.0031919560774681536,0.0031919560774681536,0.0065774530654345
0.0,0.05,equal_kw_reduction,0.5,0.0,60,0.00504605685743313,-0.0034672409848948,0.003723075489378077,0.002622188586173268
0.0,0.05,equal_kw_reduction,0.5,0.1,60,0.00779935487291506,-0.0008450523987214649,0.0029475092998443087,0.0
0.0,0.05,equal_kw_reduction,1.0,-0.1,60,0.0008930291542088293,-0.0031919560774681536,0.0031919560774681536,0.0065774530654345
0.0,0.05,equal_kw_reduction,1.0,0.0,60,0.00504605685743313,-0.0034672409848948,0.003723075489378077,0.002622188586173268
0.0,0.05,equal_kw_reduction,1.0,0.1,60,0.00779935487291506,-0.0008450523987214649,0.0029475092998443087,0.0
0.0,0.05,equal_kw_reduction,1.5,-0.1,60,0.0008930291542088293,-0.0031919560774681536,0.0031919560774681536,0.0065774530654345
0.0,0.05,equal_kw_reduction,1.5,0.0,60,0.00504605685743313,-0.0034672409848948,0.003723075489378077,0.002622188586173268
0.0,0.05,equal_kw_reduction,1.5,0.1,60,0.00779935487291506,-0.0008450523987214649,0.0029475092998443087,0.0
0.0,0.05,fairness_qp,0.5,-0.1,60,0.001683079700683138,-0.00675515096305449,0.00675515096305449,0.005360405966146102
0.0,0.05,fairness_qp,0.5,0.0,60,0.005720064344581745,-0.0037448886664621208,0.0038711483093379203,0.0015156586862426675
0.0,0.05,fairness_qp,0.5,0.1,60,0.007311505965136546,-0.0022292299802194604,0.0032341553491374944,0.0
0.0,0.05,fairness_qp,1.0,-0.1,60,0.001683079700683138,-0.00675515096305449,0.00675515096305449,0.005360405966146102
0.0,0.05,fairness_qp,1.0,0.0,60,0.005720064344581745,-0.0037448886664621208,0.0038711483093379203,0.0015156586862426675
0.0,0.05,fairness_qp,1.0,0.1,60,0.007311505965136546,-0.0022292299802194604,0.0032341553491374944,0.0
0.0,0.05,fairness_qp,1.5,-0.1,60,0.001683079700683138,-0.00675515096305449,0.00675515096305449,0.005360405966146102
0.0,0.05,fairness_qp,1.5,0.0,60,0.005720064344581745,-0.0037448886664621208,0.0038711483093379203,0.0015156586862426675
0.0,0.05,fairness_qp,1.5,0.1,60,0.007311505965136546,-0.0022292299802194604,0.0032341553491374944,0.0
0.0,0.05,flat_level,0.5,-0.1,60,0.0,0.0,0.0,0.0
0.0,0.05,flat_level,0.5,0.0,60,0.0,0.0,0.0,0.0
0.0,0.05,flat_level,0.5,0.1,60,0.0,0.0,0.0,0.0
0.0,0.05,flat_level,1.0,-0.1,60,0.0,0.0,0.0,0.0
0.0,0.05,flat_level,1.0,0.0,60,0.0,0.0,0.0,0.0
0.0,0.05,flat_level,1.0,0.1,60,0.0,0.0,0.0,0.0
0.0,0.05,flat_level,1.5,-0.1,60,0.0,0.0,0.0,0.0
0.0,0.05,flat_level,1.5,0.0,60,0.0,0.0,0.0,0.0
0.0,0.05,flat_level,1.5,0.1,60,0.0,0.0,0.0,0.0
0.0,0.05,max_export_lp,0.5,-0.1,60,1.1545095479416288e-08,5.6715202904437474e-11,8.203033807774318e-11,0.0
0.0,0.05,max_export_lp,0.5,0.0,60,1.1545095479416288e-08,5.663948199341462e-11,8.207626430352851e-11,0.0
0.0,0.05,max_export_lp,0.5,0.1,60,1.1545095479416288e-08,5.663948199341462e-11,8.207626430352851e-11,0.0
0.0,0.05,max_export_lp,1.0,-0.1,60,1.1545095479416288e-08,5.6715202904437474e-11,8.203033807774318e-11,0.0
0.0,0.05,max_export_lp,1.0,0.0,60,1.1545095479416288e-08,5.663948199341462e-11,8.207626430352851e-11,0.0
0.0,0.05,max_export_lp,1.0,0.1,60,1.1545095479416288e-08,5.663948199341462e-11,8.207626430352851e-11,0.0
0.0,0.05,max_export_lp,1.5,-0.1,60,1.1545095479416288e-08,5.6715202904437474e-11,8.203033807774318e-11,0.0
0.0,0.05,max_export_lp,1.5,0.0,60,1.1545095479416288e-08,5.663948199341462e-11,8.207626430352851e-11,0.0
0.0,0.05,max_export_lp,1.5,0.1,60,1.1545095479416288e-08,5.663948199341462e-11,8.207626430352851e-11,0.0
0.0,0.05,weighted_proportional,0.5,-0.1,60,0.0024902424417801833,-0.007737632468119807,0.007737632468119807,0.006780186497857991
0.0,0.05,weighted_proportional,0.5,0.0,60,0.008680890191780177,-0.0018417774681198133,0.0035743345022884714,0.0008843314978579967
0.0,0.05,weighted_proportional,0.5,0.1,60,0.009609438264531074,-0.0009574459702618351,0.003283974977785142,0.0
0.0,0.05,weighted_proportional,1.0,-0.1,60,0.0024902424417801833,-0.007737632468119807,0.007737632468119807,0.006780186497857991
0.0,0.05,weighted_proportional,1.0,0.0,60,0.008680890191780177,-0.0018417774681198133,0.0035743345022884714,0.0008843314978579967
0.0,0.05,weighted_proportional,1.0,0.1,60,0.009609438264531074,-0.0009574459702618351,0.003283974977785142,0.0
0.0,0.05,weighted_proportional,1.5,-0.1,60,0.0024902424417801833,-0.007737632468119807,0.007737632468119807,0.006780186497857991
0.0,0.05,weighted_proportional,1.5,0.0,60,0.008680890191780177,-0.0018417774681198133,0.0035743345022884714,0.0008843314978579967
0.0,0.05,weighted_proportional,1.5,0.1,60,0.009609438264531074,-0.0009574459702618351,0.003283974977785142,0.0
0.0,0.1,equal_kw_reduction,0.5,-0.1,60,0.0005641565009371115,-0.0031919560774681536,0.0031919560774681536,0.0065774530654345
0.0,0.1,equal_kw_reduction,0.5,0.0,60,0.004914947428124467,-0.0034672409848948,0.003723075489378077,0.002622188586173268
0.0,0.1,equal_kw_reduction,0.5,0.1,60,0.00779935487291506,-0.0008450523987214649,0.0029475092998443087,0.0
0.0,0.1,equal_kw_reduction,1.0,-0.1,60,0.0005641565009371115,-0.0031919560774681536,0.0031919560774681536,0.0065774530654345
0.0,0.1,equal_kw_reduction,1.0,0.0,60,0.004914947428124467,-0.0034672409848948,0.003723075489378077,0.002622188586173268
0.0,0.1,equal_kw_reduction,1.0,0.1,60,0.00779935487291506,-0.0008450523987214649,0.0029475092998443087,0.0
0.0,0.1,equal_kw_reduction,1.5,-0.1,60,0.0005641565009371115,-0.0031919560774681536,0.0031919560774681536,0.0065774530654345
0.0,0.1,equal_kw_reduction,1.5,0.0,60,0.004914947428124467,-0.0034672409848948,0.003723075489378077,0.002622188586173268
0.0,0.1,equal_kw_reduction,1.5,0.1,60,0.00779935487291506,-0.0008450523987214649,0.0029475092998443087,0.0
0.0,0.1,fairness_qp,0.5,-0.1,60,0.0014219986529432503,-0.006599339362291216,0.006599339362291216,0.0052910134604719295
0.0,0.1,fairness_qp,0.5,0.0,60,0.0056456097433550964,-0.003579167114194626,0.0037054267570704254,0.0014513670146429785
0.0,0.1,fairness_qp,0.5,0.1,60,0.007242113459462373,-0.0021278000995516503,0.0031327254684696843,0.0
0.0,0.1,fairness_qp,1.0,-0.1,60,0.0014219986529432503,-0.006599339362291216,0.006599339362291216,0.0052910134604719295
0.0,0.1,fairness_qp,1.0,0.0,60,0.0056456097433550964,-0.003579167114194626,0.0037054267570704254,0.0014513670146429785
0.0,0.1,fairness_qp,1.0,0.1,60,0.007242113459462373,-0.0021278000995516503,0.0031327254684696843,0.0
0.0,0.1,fairness_qp,1.5,-0.1,60,0.0014219986529432503,-0.006599339362291216,0.006599339362291216,0.0052910134604719295
0.0,0.1,fairness_qp,1.5,0.0,60,0.0056456097433550964,-0.003579167114194626,0.0037054267570704254,0.0014513670146429785
0.0,0.1,fairness_qp,1.5,0.1,60,0.007242113459462373,-0.0021278000995516503,0.0031327254684696843,0.0
0.0,0.1,flat_level,0.5,-0.1,60,0.0,0.0,0.0,0.0
0.0,0.1,flat_level,0.5,0.0,60,0.0,0.0,0.0,0.0
0.0,0.1,flat_level,0.5,0.1,60,0.0,0.0,0.0,0.0
0.0,0.1,flat_level,1.0,-0.1,60,0.0,0.0,0.0,0.0
0.0,0.1,flat_level,1.0,0.0,60,0.0,0.0,0.0,0.0
0.0,0.1,flat_level,1.0,0.1,60,0.0,0.0,0.0,0.0
0.0,0.1,flat_level,1.5,-0.1,60,0.0,0.0,0.0,0.0
0.0,0.1,flat_level,1.5,0.0,60,0.0,0.0,0.0,0.0
0.0,0.1,flat_level,1.5,0.1,60,0.0,0.0,0.0,0.0
0.0,0.1,max_export_lp,0.5,-0.1,60,1.1545095479416288e-08,5.6715202904437474e-11,8.203033807774318e-11,0.0
0.0,0.1,max_export_lp,0.5,0.0,60,1.1545095479416288e-08,5.663948199341462e-11,8.207626430352851e-11,0.0
0.0,0.1,max_export_lp,0.5,0.1,60,1.1545095479416288e-08,5.663948199341462e-11,8.207626430352851e-11,0.0
0.0,0.1,max_export_lp,1.0,-0.1,60,1.1545095479416288e-08,5.6715202904437474e-11,8.203033807774318e-11,0.0
0.0,0.1,max_export_lp,1.0,0.0,60,1.1545095479416288e-08,5.663948199341462e-11,8.207626430352851e-11,0.0
0.0,0.1,max_export_lp,1.0,0.1,60,1.1545095479416288e-08,5.663948199341462e-11,8.207626430352851e-11,0.0
0.0,0.1,max_export_lp,1.5,-0.1,60,1.1545095479416288e-08,5.6715202904437474e-11,8.203033807774318e-11,0.0
0.0,0.1,max_export_lp,1.5,0.0,60,1.1545095479416288e-08,5.663948199341462e-11,8.207626430352851e-11,0.0
0.0,0.1,max_export_lp,1.5,0.1,60,1.1545095479416288e-08,5.663948199341462e-11,8.207626430352851e-11,0.0
0.0,0.1,weighted_proportional,0.5,-0.1,60,0.0021512331168872818,-0.007737632468119807,0.007737632468119807,0.006780186497857991
0.0,0.1,weighted_proportional,0.5,0.0,60,0.008636673616887277,-0.0018417774681198133,0.0035743345022884714,0.0008843314978579967
0.0,0.1,weighted_proportional,0.5,0.1,60,0.009609438264531074,-0.0009574459702618351,0.003283974977785142,0.0
0.0,0.1,weighted_proportional,1.0,-0.1,60,0.0021512331168872818,-0.007737632468119807,0.007737632468119807,0.006780186497857991
0.0,0.1,weighted_proportional,1.0,0.0,60,0.008636673616887277,-0.0018417774681198133,0.0035743345022884714,0.0008843314978579967
0.0,0.1,weighted_proportional,1.0,0.1,60,0.009609438264531074,-0.0009574459702618351,0.003283974977785142,0.0
0.0,0.1,weighted_proportional,1.5,-0.1,60,0.0021512331168872818,-0.007737632468119807,0.007737632468119807,0.006780186497857991
0.0,0.1,weighted_proportional,1.5,0.0,60,0.008636673616887277,-0.0018417774681198133,0.0035743345022884714,0.0008843314978579967
0.0,0.1,weighted_proportional,1.5,0.1,60,0.009609438264531074,-0.0009574459702618351,0.003283974977785142,0.0
0.0,0.25,equal_kw_reduction,0.5,-0.1,60,-0.00037709095691640604,-0.0030292218981802675,0.0030292218981802675,0.006395971057587856
0.0,0.25,equal_kw_reduction,0.5,0.0,60,0.004537462280346841,-0.0031745190940514942,0.003437440360226455,0.002464328467777259
0.0,0.25,equal_kw_reduction,0.5,0.1,60,0.007617872865068416,-0.0007101906262741616,0.0028197342890886896,0.0
0.0,0.25,equal_kw_reduction,1.0,-0.1,60,-0.00037709095691640604,-0.0030292218981802675,0.0030292218981802675,0.006395971057587856
0.0,0.25,equal_kw_reduction,1.0,0.0,60,0.004537462280346841,-0.0031745190940514942,0.003437440360226455,0.002464328467777259
0.0,0.25,equal_kw_reduction,1.0,0.1,60,0.007617872865068416,-0.0007101906262741616,0.0028197342890886896,0.0
0.0,0.25,equal_kw_reduction,1.5,-0.1,60,-0.00037709095691640604,-0.0030292218981802675,0.0030292218981802675,0.006395971057587856
0.0,0.25,equal_kw_reduction,1.5,0.0,60,0.004537462280346841,-0.0031745190940514942,0.003437440360226455,0.002464328467777259
0.0,0.25,equal_kw_reduction,1.5,0.1,60,0.007617872865068416,-0.0007101906262741616,0.0028197342890886896,0.0
0.0,0.25,fairness_qp,0.5,-0.1,60,0.0007722027794268211,-0.0057511141350547875,0.0057511141350547875,0.004715588878254486
0.0,0.25,fairness_qp,0.5,0.0,60,0.005441334073769439,-0.0027538352946482212,0.0028800949375240212,0.0009802838427803923
0.0,0.25,fairness_qp,0.5,0.1,60,0.00666668887724493,-0.001773551451867831,0.0027784768207858653,0.0
0.0,0.25,fairness_qp,1.0,-0.1,60,0.0007722027794268211,-0.0057511141350547875,0.0057511141350547875,0.004715588878254486
0.0,0.25,fairness_qp,1.0,0.0,60,0.005441334073769439,-0.0027538352946482212,0.0028800949375240212,0.0009802838427803923
0.0,0.25,fairness_qp,1.0,0.1,60,0.00666668887724493,-0.001773551451867831,0.0027784768207858653,0.0
0.0,0.25,fairness_qp,1.5,-0.1,60,0.0007722027794268211,-0.0057511141350547875,0.0057511141350547875,0.004715588878254486
0.0,0.25,fairness_qp,1.5,0.0,60,0.005441334073769439,-0.0027538352946482212,0.0028800949375240212,0.0009802838427803923
0.0,0.25,fairness_qp,1.5,0.1,60,0.00666668887724493,-0.001773551451867831,0.0027784768207858653,0.0
0.0,0.25,flat_level,0.5,-0.1,60,0.0,0.0,0.0,0.0
0.0,0.25,flat_level,0.5,0.0,60,0.0,0.0,0.0,0.0
0.0,0.25,flat_level,0.5,0.1,60,0.0,0.0,0.0,0.0
0.0,0.25,flat_level,1.0,-0.1,60,0.0,0.0,0.0,0.0
0.0,0.25,flat_level,1.0,0.0,60,0.0,0.0,0.0,0.0
0.0,0.25,flat_level,1.0,0.1,60,0.0,0.0,0.0,0.0
0.0,0.25,flat_level,1.5,-0.1,60,0.0,0.0,0.0,0.0
0.0,0.25,flat_level,1.5,0.0,60,0.0,0.0,0.0,0.0
0.0,0.25,flat_level,1.5,0.1,60,0.0,0.0,0.0,0.0
0.0,0.25,max_export_lp,0.5,-0.1,60,1.1545095479416288e-08,5.6715202904437474e-11,8.203033807774318e-11,0.0
0.0,0.25,max_export_lp,0.5,0.0,60,1.1545095479416288e-08,5.663948199341462e-11,8.207626430352851e-11,0.0
0.0,0.25,max_export_lp,0.5,0.1,60,1.1545095479416288e-08,5.663948199341462e-11,8.207626430352851e-11,0.0
0.0,0.25,max_export_lp,1.0,-0.1,60,1.1545095479416288e-08,5.6715202904437474e-11,8.203033807774318e-11,0.0
0.0,0.25,max_export_lp,1.0,0.0,60,1.1545095479416288e-08,5.663948199341462e-11,8.207626430352851e-11,0.0
0.0,0.25,max_export_lp,1.0,0.1,60,1.1545095479416288e-08,5.663948199341462e-11,8.207626430352851e-11,0.0
0.0,0.25,max_export_lp,1.5,-0.1,60,1.1545095479416288e-08,5.6715202904437474e-11,8.203033807774318e-11,0.0
0.0,0.25,max_export_lp,1.5,0.0,60,1.1545095479416288e-08,5.663948199341462e-11,8.207626430352851e-11,0.0
0.0,0.25,max_export_lp,1.5,0.1,60,1.1545095479416288e-08,5.663948199341462e-11,8.207626430352851e-11,0.0
0.0,0.25,weighted_proportional,0.5,-0.1,60,0.0011342051422085846,-0.007737632468119807,0.007737632468119807,0.006780186497857991
0.0,0.25,weighted_proportional,0.5,0.0,60,0.008504023892208579,-0.0018417774681198133,0.0035743345022884714,0.0008843314978579967
0.0,0.25,weighted_proportional,0.5,0.1,60,0.009609438264531074,-0.0009574459702618351,0.003283974977785142,0.0
0.0,0.25,weighted_proportional,1.0,-0.1,60,0.0011342051422085846,-0.007737632468119807,0.007737632468119807,0.006780186497857991
0.0,0.25,weighted_proportional,1.0,0.0,60,0.008504023892208579,-0.0018417774681198133,0.0035743345022884714,0.0008843314978579967
0.0,0.25,weighted_proportional,1.0,0.1,60,0.009609438264531074,-0.0009574459702618351,0.003283974977785142,0.0
0.0,0.25,weighted_proportional,1.5,-0.1,60,0.0011342051422085846,-0.007737632468119807,0.007737632468119807,0.006780186497857991
0.0,0.25,weighted_proportional,1.5,0.0,60,0.008504023892208579,-0.0018417774681198133,0.0035743345022884714,0.0008843314978579967
0.0,0.25,weighted_proportional,1.5,0.1,60,0.009609438264531074,-0.0009574459702618351,0.003283974977785142,0.0
0.0,0.5,equal_kw_reduction,0.5,-0.1,60,-0.0019015096968531466,-0.0028681945830664785,0.0028681945830664785,0.006246823008667413
0.0,0.5,equal_kw_reduction,0.5,0.0,60,0.003926043678100624,-0.002899071470331971,0.003161992736506932,0.0023617874253648984
0.0,0.5,equal_kw_reduction,0.5,0.1,60,0.007468724816147973,-0.0005372840449670087,0.002646827707781537,0.0
0.0,0.5,equal_kw_reduction,1.0,-0.1,60,-0.0019015096968531466,-0.0028681945830664785,0.0028681945830664785,0.006246823008667413
0.0,0.5,equal_kw_reduction,1.0,0.0,60,0.003926043678100624,-0.002899071470331971,0.003161992736506932,0.0023617874253648984
0.0,0.5,equal_kw_reduction,1.0,0.1,60,0.007468724816147973,-0.0005372840449670087,0.002646827707781537,0.0
0.0,0.5,equal_kw_reduction,1.5,-0.1,60,-0.0019015096968531466,-0.0028681945830664785,0.0028681945830664785,0.006246823008667413
0.0,0.5,equal_kw_reduction,1.5,0.0,60,0.003926043678100624,-0.002899071470331971,0.003161992736506932,0.0023617874253648984
0.0,0.5,equal_kw_reduction,1.5,0.1,60,0.007468724816147973,-0.0005372840449670087,0.002646827707781537,0.0
0.0,0.5,fairness_qp,0.5,-0.1,60,-0.00030000176507533467,-0.005615042193075629,0.005615042193075629,0.004502203528131557
0.0,0.5,fairness_qp,0.5,0.0,60,0.005238416571105826,-0.0026481520471070847,0.002854113273705139,0.0008099246373441165
0.0,0.5,fairness_qp,0.5,0.1,60,0.006453303527122,-0.0018382274097629677,0.0027784768207858653,0.0
0.0,0.5,fairness_qp,1.0,-0.1,60,-0.00030000176507533467,-0.005615042193075629,0.005615042193075629,0.004502203528131557
0.0,0.5,fairness_qp,1.0,0.0,60,0.005238416571105826,-0.0026481520471070847,0.002854113273705139,0.0008099246373441165
0.0,0.5,fairness_qp,1.0,0.1,60,0.006453303527122,-0.0018382274097629677,0.0027784768207858653,0.0
0.0,0.5,fairness_qp,1.5,-0.1,60,-0.00030000176507533467,-0.005615042193075629,0.005615042193075629,0.004502203528131557
0.0,0.5,fairness_qp,1.5,0.0,60,0.005238416571105826,-0.0026481520471070847,0.002854113273705139,0.0008099246373441165
0.0,0.5,fairness_qp,1.5,0.1,60,0.006453303527122,-0.0018382274097629677,0.0027784768207858653,0.0
0.0,0.5,flat_level,0.5,-0.1,60,0.0,0.0,0.0,0.0
0.0,0.5,flat_level,0.5,0.0,60,0.0,0.0,0.0,0.0
0.0,0.5,flat_level,0.5,0.1,60,0.0,0.0,0.0,0.0
0.0,0.5,flat_level,1.0,-0.1,60,0.0,0.0,0.0,0.0
0.0,0.5,flat_level,1.0,0.0,60,0.0,0.0,0.0,0.0
0.0,0.5,flat_level,1.0,0.1,60,0.0,0.0,0.0,0.0
0.0,0.5,flat_level,1.5,-0.1,60,0.0,0.0,0.0,0.0
0.0,0.5,flat_level,1.5,0.0,60,0.0,0.0,0.0,0.0
0.0,0.5,flat_level,1.5,0.1,60,0.0,0.0,0.0,0.0
0.0,0.5,max_export_lp,0.5,-0.1,60,1.1545095479416288e-08,5.6715202904437474e-11,8.203033807774318e-11,0.0
0.0,0.5,max_export_lp,0.5,0.0,60,1.1545095479416288e-08,5.663948199341462e-11,8.207626430352851e-11,0.0
0.0,0.5,max_export_lp,0.5,0.1,60,1.1545095479416288e-08,5.663948199341462e-11,8.207626430352851e-11,0.0
0.0,0.5,max_export_lp,1.0,-0.1,60,1.1545095479416288e-08,5.6715202904437474e-11,8.203033807774318e-11,0.0
0.0,0.5,max_export_lp,1.0,0.0,60,1.1545095479416288e-08,5.663948199341462e-11,8.207626430352851e-11,0.0
0.0,0.5,max_export_lp,1.0,0.1,60,1.1545095479416288e-08,5.663948199341462e-11,8.207626430352851e-11,0.0
0.0,0.5,max_export_lp,1.5,-0.1,60,1.1545095479416288e-08,5.6715202904437474e-11,8.203033807774318e-11,0.0
0.0,0.5,max_export_lp,1.5,0.0,60,1.1545095479416288e-08,5.663948199341462e-11,8.207626430352851e-11,0.0
0.0,0.5,max_export_lp,1.5,0.1,60,1.1545095479416288e-08,5.663948199341462e-11,8.207626430352851e-11,0.0
0.0,0.5,weighted_proportional,0.5,-0.1,60,-0.0005608414822559133,-0.007737632468119807,0.007737632468119807,0.006780186497857991
0.0,0.5,weighted_proportional,0.5,0.0,60,0.008282941017744079,-0.0018417774681198133,0.0035743345022884714,0.0008843314978579967
0.0,0.5,weighted_proportional,0.5,0.1,60,0.009609438264531074,-0.0009574459702618351,0.003283974977785142,0.0
0.0,0.5,weighted_proportional,1.0,-0.1,60,-0.0005608414822559133,-0.007737632468119807,0.007737632468119807,0.006780186497857991
0.0,0.5,weighted_proportional,1.0,0.0,60,0.008282941017744079,-0.0018417774681198133,0.0035743345022884714,0.0008843314978579967
0.0,0.5,weighted_proportional,1.0,0.1,60,0.009609438264531074,-0.0009574459702618351,0.003283974977785142,0.0
0.0,0.5,weighted_proportional,1.5,-0.1,60,-0.0005608414822559133,-0.007737632468119807,0.007737632468119807,0.006780186497857991
0.0,0.5,weighted_proportional,1.5,0.0,60,0.008282941017744079,-0.0018417774681198133,0.0035743345022884714,0.0008843314978579967
0.0,0.5,weighted_proportional,1.5,0.1,60,0.009609438264531074,-0.0009574459702618351,0.003283974977785142,0.0
0.0,1.0,equal_kw_reduction,0.5,-0.1,60,-0.003119989805281642,-0.0025251655216446344,0.0025251655216446344,0.004341891612762202
0.0,1.0,equal_kw_reduction,0.5,0.0,60,0.0032574402303169685,-0.0029550711211810817,0.003161992736506932,0.0011531765949628968
0.0,1.0,equal_kw_reduction,0.5,0.1,60,0.0055637934202427625,-0.001801894526218121,0.002646827707781537,0.0
0.0,1.0,equal_kw_reduction,1.0,-0.1,60,-0.003119989805281642,-0.0025251655216446344,0.0025251655216446344,0.004341891612762202
0.0,1.0,equal_kw_reduction,1.0,0.0,60,0.0032574402303169685,-0.0029550711211810817,0.003161992736506932,0.0011531765949628968
0.0,1.0,equal_kw_reduction,1.0,0.1,60,0.0055637934202427625,-0.001801894526218121,0.002646827707781537,0.0
0.0,1.0,equal_kw_reduction,1.5,-0.1,60,-0.003119989805281642,-0.0025251655216446344,0.0025251655216446344,0.004341891612762202
0.0,1.0,equal_kw_reduction,1.5,0.0,60,0.0032574402303169685,-0.0029550711211810817,0.003161992736506932,0.0011531765949628968
0.0,1.0,equal_kw_reduction,1.5,0.1,60,0.0055637934202427625,-0.001801894526218121,0.002646827707781537,0.0
0.0,1.0,fairness_qp,0.5,-0.1,60,-0.001293374716843857,-0.004560797362409237,0.004560797362409237,0.0032444747158343
0.0,1.0,fairness_qp,0.5,0.0,60,0.004956473845953799,-0.0020634439429302914,0.0026105391871165265,0.00011955043443547233
0.0,1.0,fairness_qp,0.5,0.1,60,0.005195574714824743,-0.0019438935084948206,0.0026071150058373164,0.0
0.0,1.0,fairness_qp,1.0,-0.1,60,-0.001293374716843857,-0.004560797362409237,0.004560797362409237,0.0032444747158343
0.0,1.0,fairness_qp,1.0,0.0,60,0.004956473845953799,-0.0020634439429302914,0.0026105391871165265,0.00011955043443547233
0.0,1.0,fairness_qp,1.0,0.1,60,0.005195574714824743,-0.0019438935084948206,0.0026071150058373164,0.0
0.0,1.0,fairness_qp,1.5,-0.1,60,-0.001293374716843857,-0.004560797362409237,0.004560797362409237,0.0032444747158343
0.0,1.0,fairness_qp,1.5,0.0,60,0.004956473845953799,-0.0020634439429302914,0.0026105391871165265,0.00011955043443547233
0.0,1.0,fairness_qp,1.5,0.1,60,0.005195574714824743,-0.0019438935084948206,0.0026071150058373164,0.0
0.0,1.0,flat_level,0.5,-0.1,60,0.0,0.0,0.0,0.0
0.0,1.0,flat_level,0.5,0.0,60,0.0,0.0,0.0,0.0
0.0,1.0,flat_level,0.5,0.1,60,0.0,0.0,0.0,0.0
0.0,1.0,flat_level,1.0,-0.1,60,0.0,0.0,0.0,0.0
0.0,1.0,flat_level,1.0,0.0,60,0.0,0.0,0.0,0.0
0.0,1.0,flat_level,1.0,0.1,60,0.0,0.0,0.0,0.0
0.0,1.0,flat_level,1.5,-0.1,60,0.0,0.0,0.0,0.0
0.0,1.0,flat_level,1.5,0.0,60,0.0,0.0,0.0,0.0
0.0,1.0,flat_level,1.5,0.1,60,0.0,0.0,0.0,0.0
0.0,1.0,max_export_lp,0.5,-0.1,60,1.1545095479416288e-08,5.6715202904437474e-11,8.203033807774318e-11,0.0
0.0,1.0,max_export_lp,0.5,0.0,60,1.1545095479416288e-08,5.663948199341462e-11,8.207626430352851e-11,0.0
0.0,1.0,max_export_lp,0.5,0.1,60,1.1545095479416288e-08,5.663948199341462e-11,8.207626430352851e-11,0.0
0.0,1.0,max_export_lp,1.0,-0.1,60,1.1545095479416288e-08,5.6715202904437474e-11,8.203033807774318e-11,0.0
0.0,1.0,max_export_lp,1.0,0.0,60,1.1545095479416288e-08,5.663948199341462e-11,8.207626430352851e-11,0.0
0.0,1.0,max_export_lp,1.0,0.1,60,1.1545095479416288e-08,5.663948199341462e-11,8.207626430352851e-11,0.0
0.0,1.0,max_export_lp,1.5,-0.1,60,1.1545095479416288e-08,5.6715202904437474e-11,8.203033807774318e-11,0.0
0.0,1.0,max_export_lp,1.5,0.0,60,1.1545095479416288e-08,5.663948199341462e-11,8.207626430352851e-11,0.0
0.0,1.0,max_export_lp,1.5,0.1,60,1.1545095479416288e-08,5.663948199341462e-11,8.207626430352851e-11,0.0
0.0,1.0,weighted_proportional,0.5,-0.1,60,-0.003950934731184909,-0.007737632468119807,0.007737632468119807,0.006780186497857991
0.0,1.0,weighted_proportional,0.5,0.0,60,0.00784077526881508,-0.0018417774681198133,0.0035743345022884714,0.0008843314978579967
0.0,1.0,weighted_proportional,0.5,0.1,60,0.009609438264531074,-0.0009574459702618351,0.003283974977785142,0.0
0.0,1.0,weighted_proportional,1.0,-0.1,60,-0.003950934731184909,-0.007737632468119807,0.007737632468119807,0.006780186497857991
0.0,1.0,weighted_proportional,1.0,0.0,60,0.00784077526881508,-0.0018417774681198133,0.0035743345022884714,0.0008843314978579967
0.0,1.0,weighted_proportional,1.0,0.1,60,0.009609438264531074,-0.0009574459702618351,0.003283974977785142,0.0
0.0,1.0,weighted_proportional,1.5,-0.1,60,-0.003950934731184909,-0.007737632468119807,0.007737632468119807,0.006780186497857991
0.0,1.0,weighted_proportional,1.5,0.0,60,0.00784077526881508,-0.0018417774681198133,0.0035743345022884714,0.0008843314978579967
0.0,1.0,weighted_proportional,1.5,0.1,60,0.009609438264531074,-0.0009574459702618351,0.003283974977785142,0.0
0.0,2.0,equal_kw_reduction,0.5,-0.1,60,-0.004763505409052048,-0.0017285611181272402,0.0017285611181272402,0.0029927036082663043
0.0,2.0,equal_kw_reduction,0.5,0.0,60,0.0026960970037227952,-0.002075266127273978,0.002265228662105175,0.0005061694706746898
0.0,2.0,equal_kw_reduction,0.5,0.1,60,0.004214605415746865,-0.0015690966565992707,0.002255462365503876,0.0
0.0,2.0,equal_kw_reduction,1.0,-0.1,60,-0.004763505409052048,-0.0017285611181272402,0.0017285611181272402,0.0029927036082663043
0.0,2.0,equal_kw_reduction,1.0,0.0,60,0.0026960970037227952,-0.002075266127273978,0.002265228662105175,0.0005061694706746898
0.0,2.0,equal_kw_reduction,1.0,0.1,60,0.004214605415746865,-0.0015690966565992707,0.002255462365503876,0.0
0.0,2.0,equal_kw_reduction,1.5,-0.1,60,-0.004763505409052048,-0.0017285611181272402,0.0017285611181272402,0.0029927036082663043
0.0,2.0,equal_kw_reduction,1.5,0.0,60,0.0026960970037227952,-0.002075266127273978,0.002265228662105175,0.0005061694706746898
0.0,2.0,equal_kw_reduction,1.5,0.1,60,0.004214605415746865,-0.0015690966565992707,0.002255462365503876,0.0
0.0,2.0,fairness_qp,0.5,-0.1,60,-0.004537849432678156,-0.004560797362409237,0.004560797362409237,0.0032444747158343
0.0,2.0,fairness_qp,0.5,0.0,60,0.004836923411518326,-0.0020634439429302914,0.0026105391871165265,0.00011955043443547233
0.0,2.0,fairness_qp,0.5,0.1,60,0.005195574714824743,-0.0019438935084948206,0.0026071150058373164,0.0
0.0,2.0,fairness_qp,1.0,-0.1,60,-0.004537849432678156,-0.004560797362409237,0.004560797362409237,0.0032444747158343
0.0,2.0,fairness_qp,1.0,0.0,60,0.004836923411518326,-0.0020634439429302914,0.0026105391871165265,0.00011955043443547233
0.0,2.0,fairness_qp,1.0,0.1,60,0.005195574714824743,-0.0019438935084948206,0.0026071150058373164,0.0
0.0,2.0,fairness_qp,1.5,-0.1,60,-0.004537849432678156,-0.004560797362409237,0.004560797362409237,0.0032444747158343
0.0,2.0,fairness_qp,1.5,0.0,60,0.004836923411518326,-0.0020634439429302914,0.0026105391871165265,0.00011955043443547233
0.0,2.0,fairness_qp,1.5,0.1,60,0.005195574714824743,-0.0019438935084948206,0.0026071150058373164,0.0
0.0,2.0,flat_level,0.5,-0.1,60,0.0,0.0,0.0,0.0
0.0,2.0,flat_level,0.5,0.0,60,0.0,0.0,0.0,0.0
0.0,2.0,flat_level,0.5,0.1,60,0.0,0.0,0.0,0.0
0.0,2.0,flat_level,1.0,-0.1,60,0.0,0.0,0.0,0.0
0.0,2.0,flat_level,1.0,0.0,60,0.0,0.0,0.0,0.0
0.0,2.0,flat_level,1.0,0.1,60,0.0,0.0,0.0,0.0
0.0,2.0,flat_level,1.5,-0.1,60,0.0,0.0,0.0,0.0
0.0,2.0,flat_level,1.5,0.0,60,0.0,0.0,0.0,0.0
0.0,2.0,flat_level,1.5,0.1,60,0.0,0.0,0.0,0.0
0.0,2.0,max_export_lp,0.5,-0.1,60,1.1545095479416288e-08,5.6715202904437474e-11,8.203033807774318e-11,0.0
0.0,2.0,max_export_lp,0.5,0.0,60,1.1545095479416288e-08,5.663948199341462e-11,8.207626430352851e-11,0.0
0.0,2.0,max_export_lp,0.5,0.1,60,1.1545095479416288e-08,5.663948199341462e-11,8.207626430352851e-11,0.0
0.0,2.0,max_export_lp,1.0,-0.1,60,1.1545095479416288e-08,5.6715202904437474e-11,8.203033807774318e-11,0.0
0.0,2.0,max_export_lp,1.0,0.0,60,1.1545095479416288e-08,5.663948199341462e-11,8.207626430352851e-11,0.0
0.0,2.0,max_export_lp,1.0,0.1,60,1.1545095479416288e-08,5.663948199341462e-11,8.207626430352851e-11,0.0
0.0,2.0,max_export_lp,1.5,-0.1,60,1.1545095479416288e-08,5.6715202904437474e-11,8.203033807774318e-11,0.0
0.0,2.0,max_export_lp,1.5,0.0,60,1.1545095479416288e-08,5.663948199341462e-11,8.207626430352851e-11,0.0
0.0,2.0,max_export_lp,1.5,0.1,60,1.1545095479416288e-08,5.663948199341462e-11,8.207626430352851e-11,0.0
0.0,2.0,weighted_proportional,0.5,-0.1,60,-0.0107311212290429,-0.007737632468119807,0.007737632468119807,0.006780186497857991
0.0,2.0,weighted_proportional,0.5,0.0,60,0.006956443770957083,-0.0018417774681198133,0.0035743345022884714,0.0008843314978579967
0.0,2.0,weighted_proportional,0.5,0.1,60,0.009609438264531074,-0.0009574459702618351,0.003283974977785142,0.0
0.0,2.0,weighted_proportional,1.0,-0.1,60,-0.0107311212290429,-0.007737632468119807,0.007737632468119807,0.006780186497857991
0.0,2.0,weighted_proportional,1.0,0.0,60,0.006956443770957083,-0.0018417774681198133,0.0035743345022884714,0.0008843314978579967
0.0,2.0,weighted_proportional,1.0,0.1,60,0.009609438264531074,-0.0009574459702618351,0.003283974977785142,0.0
0.0,2.0,weighted_proportional,1.5,-0.1,60,-0.0107311212290429,-0.007737632468119807,0.007737632468119807,0.006780186497857991
0.0,2.0,weighted_proportional,1.5,0.0,60,0.006956443770957083,-0.0018417774681198133,0.0035743345022884714,0.0008843314978579967
0.0,2.0,weighted_proportional,1.5,0.1,60,0.009609438264531074,-0.0009574459702618351,0.003283974977785142,0.0
0.0,5.0,equal_kw_reduction,0.5,-0.1,60,-0.005379902996153345,-0.0011498633312200838,0.0011498633312200838,0.0013203609607267811
0.0,5.0,equal_kw_reduction,0.5,0.0,60,0.002227935891612644,-0.0022135912480112153,0.002265228662105175,5.238781276578295e-05
0.0,5.0,equal_kw_reduction,0.5,0.1,60,0.0025422627682073415,-0.0021612034352454326,0.002255462365503876,0.0
0.0,5.0,equal_kw_reduction,1.0,-0.1,60,-0.005379902996153345,-0.0011498633312200838,0.0011498633312200838,0.0013203609607267811
0.0,5.0,equal_kw_reduction,1.0,0.0,60,0.002227935891612644,-0.0022135912480112153,0.002265228662105175,5.238781276578295e-05
0.0,5.0,equal_kw_reduction,1.0,0.1,60,0.0025422627682073415,-0.0021612034352454326,0.002255462365503876,0.0
0.0,5.0,equal_kw_reduction,1.5,-0.1,60,-0.005379902996153345,-0.0011498633312200838,0.0011498633312200838,0.0013203609607267811
0.0,5.0,equal_kw_reduction,1.5,0.0,60,0.002227935891612644,-0.0022135912480112153,0.002265228662105175,5.238781276578295e-05
0.0,5.0,equal_kw_reduction,1.5,0.1,60,0.0025422627682073415,-0.0021612034352454326,0.002255462365503876,0.0
0.0,5.0,fairness_qp,0.5,-0.1,60,-0.012779496831310648,-0.004346751131127225,0.004346751131127225,0.0029461193660602182
0.0,5.0,fairness_qp,0.5,0.0,60,0.004733483019834204,-0.002048798993291834,0.002553781959648427,2.728939086940954e-05
0.0,5.0,fairness_qp,0.5,0.1,60,0.004897219365050661,-0.0020215096024224295,0.002553781959648427,0.0
0.0,5.0,fairness_qp,1.0,-0.1,60,-0.012779496831310648,-0.004346751131127225,0.004346751131127225,0.0029461193660602182
0.0,5.0,fairness_qp,1.0,0.0,60,0.004733483019834204,-0.002048798993291834,0.002553781959648427,2.728939086940954e-05
0.0,5.0,fairness_qp,1.0,0.1,60,0.004897219365050661,-0.0020215096024224295,0.002553781959648427,0.0
0.0,5.0,fairness_qp,1.5,-0.1,60,-0.012779496831310648,-0.004346751131127225,0.004346751131127225,0.0029461193660602182
0.0,5.0,fairness_qp,1.5,0.0,60,0.004733483019834204,-0.002048798993291834,0.002553781959648427,2.728939086940954e-05
0.0,5.0,fairness_qp,1.5,0.1,60,0.004897219365050661,-0.0020215096024224295,0.002553781959648427,0.0
0.0,5.0,flat_level,0.5,-0.1,60,0.0,0.0,0.0,0.0
0.0,5.0,flat_level,0.5,0.0,60,0.0,0.0,0.0,0.0
0.0,5.0,flat_level,0.5,0.1,60,0.0,0.0,0.0,0.0
0.0,5.0,flat_level,1.0,-0.1,60,0.0,0.0,0.0,0.0
0.0,5.0,flat_level,1.0,0.0,60,0.0,0.0,0.0,0.0
0.0,5.0,flat_level,1.0,0.1,60,0.0,0.0,0.0,0.0
0.0,5.0,flat_level,1.5,-0.1,60,0.0,0.0,0.0,0.0
0.0,5.0,flat_level,1.5,0.0,60,0.0,0.0,0.0,0.0
0.0,5.0,flat_level,1.5,0.1,60,0.0,0.0,0.0,0.0
0.0,5.0,max_export_lp,0.5,-0.1,60,1.1545095479416288e-08,5.6715202904437474e-11,8.203033807774318e-11,0.0
0.0,5.0,max_export_lp,0.5,0.0,60,1.1545095479416288e-08,5.663948199341462e-11,8.207626430352851e-11,0.0
0.0,5.0,max_export_lp,0.5,0.1,60,1.1545095479416288e-08,5.663948199341462e-11,8.207626430352851e-11,0.0
0.0,5.0,max_export_lp,1.0,-0.1,60,1.1545095479416288e-08,5.6715202904437474e-11,8.203033807774318e-11,0.0
0.0,5.0,max_export_lp,1.0,0.0,60,1.1545095479416288e-08,5.663948199341462e-11,8.207626430352851e-11,0.0
0.0,5.0,max_export_lp,1.0,0.1,60,1.1545095479416288e-08,5.663948199341462e-11,8.207626430352851e-11,0.0
0.0,5.0,max_export_lp,1.5,-0.1,60,1.1545095479416288e-08,5.6715202904437474e-11,8.203033807774318e-11,0.0
0.0,5.0,max_export_lp,1.5,0.0,60,1.1545095479416288e-08,5.663948199341462e-11,8.207626430352851e-11,0.0
0.0,5.0,max_export_lp,1.5,0.1,60,1.1545095479416288e-08,5.663948199341462e-11,8.207626430352851e-11,0.0
0.0,5.0,weighted_proportional,0.5,-0.1,60,-0.007179264518307176,-0.0022428297719889892,0.002525516067660235,0.0020017032569960517
0.0,5.0,weighted_proportional,0.5,0.0,60,0.004830955023669134,-0.0002411265149929657,0.0015045769519594612,0.0
0.0,5.0,weighted_proportional,0.5,0.1,60,0.004830955023669134,-0.0002411265149929657,0.0015045769519594612,0.0
0.0,5.0,weighted_proportional,1.0,-0.1,60,-0.007179264518307176,-0.0022428297719889892,0.002525516067660235,0.0020017032569960517
0.0,5.0,weighted_proportional,1.0,0.0,60,0.004830955023669134,-0.0002411265149929657,0.0015045769519594612,0.0
0.0,5.0,weighted_proportional,1.0,0.1,60,0.004830955023669134,-0.0002411265149929657,0.0015045769519594612,0.0
0.0,5.0,weighted_proportional,1.5,-0.1,60,-0.007179264518307176,-0.0022428297719889892,0.002525516067660235,0.0020017032569960517
0.0,5.0,weighted_proportional,1.5,0.0,60,0.004830955023669134,-0.0002411265149929657,0.0015045769519594612,0.0
0.0,5.0,weighted_proportional,1.5,0.1,60,0.004830955023669134,-0.0002411265149929657,0.0015045769519594612,0.0
0.0,10.0,equal_kw_reduction,0.5,-0.1,60,-0.007376614339187662,-0.0008388509749755875,0.0008388509749755875,0.0008598516146668222
0.0,10.0,equal_kw_reduction,0.5,0.0,60,0.0020817534221473826,-0.00202137447098422,0.0020284612326759042,0.0
0.0,10.0,equal_kw_reduction,0.5,0.1,60,0.0020817534221473826,-0.00202137447098422,0.0020284612326759042,0.0
0.0,10.0,equal_kw_reduction,1.0,-0.1,60,-0.007376614339187662,-0.0008388509749755875,0.0008388509749755875,0.0008598516146668222
0.0,10.0,equal_kw_reduction,1.0,0.0,60,0.0020817534221473826,-0.00202137447098422,0.0020284612326759042,0.0
0.0,10.0,equal_kw_reduction,1.0,0.1,60,0.0020817534221473826,-0.00202137447098422,0.0020284612326759042,0.0
0.0,10.0,equal_kw_reduction,1.5,-0.1,60,-0.007376614339187662,-0.0008388509749755875,0.0008388509749755875,0.0008598516146668222
0.0,10.0,equal_kw_reduction,1.5,0.0,60,0.0020817534221473826,-0.00202137447098422,0.0020284612326759042,0.0
0.0,10.0,equal_kw_reduction,1.5,0.1,60,0.0020817534221473826,-0.00202137447098422,0.0020284612326759042,0.0
0.0,10.0,fairness_qp,0.5,-0.1,60,-0.02456658816979691,-0.004109429079408611,0.004109429079408611,0.0026517688168787353
0.0,10.0,fairness_qp,0.5,0.0,60,0.004602868815869178,-0.0020573806154682997,0.002553781959648427,0.0
0.0,10.0,fairness_qp,0.5,0.1,60,0.004602868815869178,-0.0020573806154682997,0.002553781959648427,0.0
0.0,10.0,fairness_qp,1.0,-0.1,60,-0.02456658816979691,-0.004109429079408611,0.004109429079408611,0.0026517688168787353
0.0,10.0,fairness_qp,1.0,0.0,60,0.004602868815869178,-0.0020573806154682997,0.002553781959648427,0.0
0.0,10.0,fairness_qp,1.0,0.1,60,0.004602868815869178,-0.0020573806154682997,0.002553781959648427,0.0
0.0,10.0,fairness_qp,1.5,-0.1,60,-0.02456658816979691,-0.004109429079408611,0.004109429079408611,0.0026517688168787353
0.0,10.0,fairness_qp,1.5,0.0,60,0.004602868815869178,-0.0020573806154682997,0.002553781959648427,0.0
0.0,10.0,fairness_qp,1.5,0.1,60,0.004602868815869178,-0.0020573806154682997,0.002553781959648427,0.0
0.0,10.0,flat_level,0.5,-0.1,60,0.0,0.0,0.0,0.0
0.0,10.0,flat_level,0.5,0.0,60,0.0,0.0,0.0,0.0
0.0,10.0,flat_level,0.5,0.1,60,0.0,0.0,0.0,0.0
0.0,10.0,flat_level,1.0,-0.1,60,0.0,0.0,0.0,0.0
0.0,10.0,flat_level,1.0,0.0,60,0.0,0.0,0.0,0.0
0.0,10.0,flat_level,1.0,0.1,60,0.0,0.0,0.0,0.0
0.0,10.0,flat_level,1.5,-0.1,60,0.0,0.0,0.0,0.0
0.0,10.0,flat_level,1.5,0.0,60,0.0,0.0,0.0,0.0
0.0,10.0,flat_level,1.5,0.1,60,0.0,0.0,0.0,0.0
0.0,10.0,max_export_lp,0.5,-0.1,60,1.1545095479416288e-08,5.6715202904437474e-11,8.203033807774318e-11,0.0
0.0,10.0,max_export_lp,0.5,0.0,60,1.1545095479416288e-08,5.663948199341462e-11,8.207626430352851e-11,0.0
0.0,10.0,max_export_lp,0.5,0.1,60,1.1545095479416288e-08,5.663948199341462e-11,8.207626430352851e-11,0.0
0.0,10.0,max_export_lp,1.0,-0.1,60,1.1545095479416288e-08,5.6715202904437474e-11,8.203033807774318e-11,0.0
0.0,10.0,max_export_lp,1.0,0.0,60,1.1545095479416288e-08,5.663948199341462e-11,8.207626430352851e-11,0.0
0.0,10.0,max_export_lp,1.0,0.1,60,1.1545095479416288e-08,5.663948199341462e-11,8.207626430352851e-11,0.0
0.0,10.0,max_export_lp,1.5,-0.1,60,1.1545095479416288e-08,5.6715202904437474e-11,8.203033807774318e-11,0.0
0.0,10.0,max_export_lp,1.5,0.0,60,1.1545095479416288e-08,5.663948199341462e-11,8.207626430352851e-11,0.0
0.0,10.0,max_export_lp,1.5,0.1,60,1.1545095479416288e-08,5.663948199341462e-11,8.207626430352851e-11,0.0
0.0,10.0,weighted_proportional,0.5,-0.1,60,-0.017187780803287433,-0.0022428297719889892,0.002525516067660235,0.0020017032569960517
0.0,10.0,weighted_proportional,0.5,0.0,60,0.004830955023669134,-0.0002411265149929657,0.0015045769519594612,0.0
0.0,10.0,weighted_proportional,0.5,0.1,60,0.004830955023669134,-0.0002411265149929657,0.0015045769519594612,0.0
0.0,10.0,weighted_proportional,1.0,-0.1,60,-0.017187780803287433,-0.0022428297719889892,0.002525516067660235,0.0020017032569960517
0.0,10.0,weighted_proportional,1.0,0.0,60,0.004830955023669134,-0.0002411265149929657,0.0015045769519594612,0.0
0.0,10.0,weighted_proportional,1.0,0.1,60,0.004830955023669134,-0.0002411265149929657,0.0015045769519594612,0.0
0.0,10.0,weighted_proportional,1.5,-0.1,60,-0.017187780803287433,-0.0022428297719889892,0.002525516067660235,0.0020017032569960517
0.0,10.0,weighted_proportional,1.5,0.0,60,0.004830955023669134,-0.0002411265149929657,0.0015045769519594612,0.0
0.0,10.0,weighted_proportional,1.5,0.1,60,0.004830955023669134,-0.0002411265149929657,0.0015045769519594612,0.0
0.05,0.0,equal_kw_reduction,0.5,-0.1,60,0.0012809848115745111,-0.006654747459000565,0.006654747459000565,0.012287159205794847
0.05,0.0,equal_kw_reduction,0.5,0.0,60,0.0051938900013978415,-0.008685805824407129,0.008685805824407129,0.008374254015971517
0.05,0.0,equal_kw_reduction,0.5,0.1,60,0.010986246357021962,-0.003015284869894212,0.005147984410687008,0.0025818976603473962
0.05,0.0,equal_kw_reduction,1.0,-0.1,60,0.0015836895186467914,-0.006397544488752493,0.006397544488752493,0.011984454498722567
0.05,0.0,equal_kw_reduction,1.0,0.0,60,0.005364343990412164,-0.0077259211657009445,0.0077259211657009445,0.008203800026957194
0.05,0.0,equal_kw_reduction,1.0,0.1,60,0.010663183430383815,-0.0033383477965324075,0.005213361953814625,0.002904960586985542
0.05,0.0,equal_kw_reduction,1.5,-0.1,60,0.002045260892350618,-0.0057149375442104855,0.0057149375442104855,0.01152288312501874
0.05,0.0,equal_kw_reduction,1.5,0.0,60,0.005616127784420131,-0.006806677321198174,0.006806677321198174,0.007952016232949227
0.05,0.0,equal_kw_reduction,1.5,0.1,60,0.010200978977680427,-0.003678716848124508,0.005254456081098483,0.0033671650396889324
0.05,0.0,fairness_qp,0.5,-0.1,60,0.0020443256490692034,-0.010221468672978015,0.010221468672978015,0.010713432300596808
0.05,0.0,fairness_qp,0.5,0.0,60,0.005976578528957569,-0.009065334364423394,0.009065334364423394,0.006781179420708442
0.05,0.0,fairness_qp,0.5,0.1,60,0.011406957419978693,-0.003634955474198309,0.005388993420689677,0.0013508005296873182
0.05,0.0,fairness_qp,1.0,-0.1,60,0.0022498200162544054,-0.009442781897656042,0.009442781897656042,0.010507937933411605
0.05,0.0,fairness_qp,1.0,0.0,60,0.0061647310284471115,-0.008796075911508579,0.008796075911508579,0.006593026921218899
0.05,0.0,fairness_qp,1.0,0.1,60,0.010917658965474909,-0.004124253928702078,0.0055183378008338835,0.0018400989841911028
0.05,0.0,fairness_qp,1.5,-0.1,60,0.0025820294014011133,-0.008655536478689578,0.008655536478689578,0.010175728548264897
0.05,0.0,fairness_qp,1.5,0.0,60,0.006289613000887918,-0.007942838843866507,0.007942838843866507,0.006468144948778094
0.05,0.0,fairness_qp,1.5,0.1,60,0.010425166309219117,-0.0046167465847987,0.0056998220975992865,0.0023325916404468945
0.05,0.0,flat_level,0.5,-0.1,60,0.0,-0.006878028783344988,0.006878028783344988,0.0014733105203900657
0.05,0.0,flat_level,0.5,0.0,60,0.0001438319531249993,-0.006771343428882704,0.006771343428882704,0.0013294785672650663
0.05,0.0,flat_level,0.5,0.1,60,0.001343325253490687,-0.005571850128517108,0.005571850128517108,0.00012998526689937854
0.05,0.0,flat_level,1.0,-0.1,60,0.0,-0.006704846350017454,0.006704846350017454,0.0014733105203900657
0.05,0.0,flat_level,1.0,0.0,60,0.0002838578450243799,-0.00663131753698345,0.00663131753698345,0.0011894526753656856
0.05,0.0,flat_level,1.0,0.1,60,0.0012046769202681716,-0.0057104984617396175,0.0057104984617396175,0.0002686336001218942
0.05,0.0,flat_level,1.5,-0.1,60,4.79439843749998e-05,-0.00655851821093596,0.00655851821093596,0.0014253665360150658
0.05,0.0,flat_level,1.5,0.0,60,0.000374562193871896,-0.006503466589473176,0.006503466589473176,0.0010987483265181698
0.05,0.0,flat_level,1.5,0.1,60,0.0011087889515181697,-0.0058063864304896224,0.0058063864304896224,0.00036452156887189607
0.05,0.0,max_export_lp,0.5,-0.1,60,1.1545095479416288e-08,-0.002301786216644841,0.002301786355390382,0.004478364386835743
0.05,0.0,max_export_lp,0.5,0.0,60,0.00042397693572062377,-0.0018778208261401382,0.0018778209648651956,0.004054398996210599
0.05,0.0,max_export_lp,0.5,0.1,60,0.004067196985880748,0.0017653992239652064,8.207626430352851e-11,0.000411178946050475
0.05,0.0,max_export_lp,1.0,-0.1,60,1.0978867211439551e-08,-0.0021748228101334476,0.0021748240195591886,0.004478364953064012
0.05,0.0,max_export_lp,1.0,0.0,60,0.0008451965067728477,-0.0014566012550878934,0.0014566013938129543,0.003633179425158375
0.05,0.0,max_export_lp,1.0,0.1,60,0.0036441742485451203,0.0013423764866295632,1.1586174583707217e-05,0.0008342016833861027
0.05,0.0,max_export_lp,1.5,-0.1,60,0.00014133277574221114,-0.0020335010132584022,0.0020335022226841545,0.004337043156189011
0.05,0.0,max_export_lp,1.5,0.0,60,0.001126897447233472,-0.0011749003146272327,0.0011749004533523086,0.003351478484697751
0.05,0.0,max_export_lp,1.5,0.1,60,0.0033615306547951063,0.0010597328928906228,3.324747694215165e-05,0.001116845277136117
0.05,0.0,weighted_proportional,0.5,-0.1,60,0.0028366690000060165,-0.01971166059556652,0.01971166059556652,0.016157784117212835
0.05,0.0,weighted_proportional,0.5,0.0,60,0.008725106766673077,-0.01403832259555451,0.01403832259555451,0.010269346350545772
0.05,0.0,weighted_proportional,0.5,0.1,60,0.014620961766673083,-0.008142467595554507,0.010094651378633631,0.004373491350545767
0.05,0.0,weighted_proportional,1.0,-0.1,60,0.003050583402087746,-0.01742973255838051,0.01742973255838051,0.015943869715131103
0.05,0.0,weighted_proportional,1.0,0.0,60,0.008725106766673077,-0.01403832259555451,0.01403832259555451,0.010269346350545772
0.05,0.0,weighted_proportional,1.0,0.1,60,0.014525814038582193,-0.008237615323645383,0.010153502970667876,0.004468639078636655
0.05,0.0,weighted_proportional,1.5,-0.1,60,0.003603319808337747,-0.012046537878193653,0.012046537878193653,0.015391133308881104
0.05,0.0,weighted_proportional,1.5,0.0,60,0.008732524000006011,-0.013815805595566522,0.013815805595566522,0.010261929117212838
0.05,0.0,weighted_proportional,1.5,0.1,60,0.014329468594968637,-0.008433960767258941,0.01027494824505489,0.004664984522250213
0.05,0.05,equal_kw_reduction,0.5,-0.1,60,0.0008329860571649943,-0.004675057353351571,0.004675057353351571,0.00895997508819024
0.05,0.05,equal_kw_reduction,0.5,0.0,60,0.004939121833431386,-0.005390975505105581,0.005467986733878531,0.005049369586984158
0.05,0.05,equal_kw_reduction,0.5,0.1,60,0.00953405012111484,-0.001108584028318386,0.0032168335806531815,0.0006732474082380105
0.05,0.05,equal_kw_reduction,1.0,-0.1,60,0.0011508259995908915,-0.004403472384348839,0.004403472384348839,0.00865727038111796
0.05,0.05,equal_kw_reduction,1.0,0.0,60,0.005019442689628576,-0.004709414989667223,0.004900059834594842,0.00497287353346302
0.05,0.05,equal_kw_reduction,1.0,0.1,60,0.009114294064430269,-0.0015083517013512553,0.0032840286321214125,0.0010730150812709345
0.05,0.05,equal_kw_reduction,1.5,-0.1,60,0.0016330612689317992,-0.0038673016504530366,0.0038673016504530366,0.008197998696031382
0.05,0.05,equal_kw_reduction,1.5,0.0,60,0.005038098400728696,-0.004096012753424172,0.0044078653917010826,0.004955106189558148
0.05,0.05,equal_kw_reduction,1.5,0.1,60,0.008562720828886554,-0.001939928842767391,0.003356738038075287,0.0015983229246459014
0.05,0.05,fairness_qp,0.5,-0.1,60,0.0015632440733193468,-0.008797763899406808,0.008797763899406808,0.009621631514997135
0.05,0.05,fairness_qp,0.5,0.0,60,0.0056921095972021305,-0.007459531207809019,0.007459531207809019,0.005689378635108769
0.05,0.05,fairness_qp,0.5,0.1,60,0.010966059500454149,-0.0024367217770020193,0.004350158284060912,0.0006665692034401805
0.05,0.05,fairness_qp,1.0,-0.1,60,0.0017790131588638093,-0.008172722279272038,0.008172722279272038,0.009416137147811933
0.05,0.05,fairness_qp,1.0,0.0,60,0.005868219883513741,-0.00721953073458218,0.00721953073458218,0.005521654552907236
0.05,0.05,fairness_qp,1.0,0.1,60,0.010393297893855985,-0.0029822090213812067,0.004493852367706038,0.0012120564478193833
0.05,0.05,fairness_qp,1.5,-0.1,60,0.0021278330132678525,-0.007453975238771397,0.007453975238771397,0.009083927762665225
0.05,0.05,fairness_qp,1.5,0.0,60,0.00594167950916354,-0.006475009139108967,0.006475009139108967,0.0054516930046693305
0.05,0.05,fairness_qp,1.5,0.1,60,0.009876180604787404,-0.0034747016774647347,0.00463768432070691,0.0017045491040751756
0.05,0.05,flat_level,0.5,-0.1,60,-7.366552601950456e-05,-0.006878028783344988,0.006878028783344988,0.0014733105203900657
0.05,0.05,flat_level,0.5,0.0,60,7.735802476174612e-05,-0.006771343428882704,0.006771343428882704,0.0013294785672650663
0.05,0.05,flat_level,0.5,0.1,60,0.0013368259901457174,-0.005571850128517108,0.005571850128517108,0.00012998526689937854
0.05,0.05,flat_level,1.0,-0.1,60,-7.366552601950456e-05,-0.006704846350017454,0.006704846350017454,0.0014733105203900657
0.05,0.05,flat_level,1.0,0.0,60,0.0002243852112560945,-0.00663131753698345,0.00663131753698345,0.0011894526753656856
0.05,0.05,flat_level,1.0,0.1,60,0.0011912452402620772,-0.0057104984617396175,0.0057104984617396175,0.0002686336001218942
0.05,0.05,flat_level,1.5,-0.1,60,-2.3324342425752916e-05,-0.00655851821093596,0.00655851821093596,0.0014253665360150658
0.05,0.05,flat_level,1.5,0.0,60,0.00031962477754598703,-0.006503466589473176,0.006503466589473176,0.0010987483265181698
0.05,0.05,flat_level,1.5,0.1,60,0.0010905628730745744,-0.0058063864304896224,0.0058063864304896224,0.00036452156887189607
0.05,0.05,max_export_lp,0.5,-0.1,60,-0.00022390667424631116,-0.002301786216644841,0.002301786355390382,0.004478364386835743
0.05,0.05,max_export_lp,0.5,0.0,60,0.00022125698591009583,-0.0018778208261401382,0.0018778209648651956,0.004054398996210599
0.05,0.05,max_export_lp,0.5,0.1,60,0.004046638038578224,0.0017653992239652064,8.207626430352851e-11,0.000411178946050475
0.05,0.05,max_export_lp,1.0,-0.1,60,-0.00022390726878599248,-0.0021748228101334476,0.0021748240195591886,0.004478364953064012
0.05,0.05,max_export_lp,1.0,0.0,60,0.0006635375355149279,-0.0014566012550878934,0.0014566013938129543,0.003633179425158375
0.05,0.05,max_export_lp,1.0,0.1,60,0.0036024641643758164,0.0013423764866295632,1.1586174583707217e-05,0.0008342016833861027
0.05,0.05,max_export_lp,1.5,-0.1,60,-7.551938206723892e-05,-0.0020335010132584022,0.0020335022226841545,0.004337043156189011
0.05,0.05,max_export_lp,1.5,0.0,60,0.0009593235229985863,-0.0011749003146272327,0.0011749004533523086,0.003351478484697751
0.05,0.05,max_export_lp,1.5,0.1,60,0.003305688390938298,0.0010597328928906228,3.324747694215165e-05,0.001116845277136117
0.05,0.05,weighted_proportional,0.5,-0.1,60,0.002261914741490881,-0.013417527534016335,0.013417527534016335,0.011495085170302694
0.05,0.05,weighted_proportional,0.5,0.0,60,0.008444774396491295,-0.007744189534004324,0.008511149990120296,0.005606647403635634
0.05,0.05,weighted_proportional,0.5,0.1,60,0.01384627718630327,-0.0025999011627548326,0.0054820088178109605,0.0004623590323861322
0.05,0.05,weighted_proportional,1.0,-0.1,60,0.0024865248636766965,-0.011528982813177217,0.011528982813177217,0.011281170768220964
0.05,0.05,weighted_proportional,1.0,0.0,60,0.008425795147979885,-0.007762265008777103,0.008523315227910045,0.0056247228784084054
0.05,0.05,weighted_proportional,1.0,0.1,60,0.01326590395974077,-0.0031526375690048456,0.005665999409667888,0.001015095438636134
0.05,0.05,weighted_proportional,1.5,-0.1,60,0.0030668980902391987,-0.007719321398377925,0.007719321398377925,0.010728434361970964
0.05,0.05,weighted_proportional,1.5,0.0,60,0.008240125500791966,-0.007723993477539122,0.008454468880003804,0.005801551113825471
0.05,0.05,weighted_proportional,1.5,0.1,60,0.01268553073317827,-0.003705373975254837,0.00598303214404288,0.001567831844886133
0.05,0.1,equal_kw_reduction,0.5,-0.1,60,0.00044238703468071303,-0.0044660125641339775,0.0044660125641339775,0.008385977768938008
0.05,0.1,equal_kw_reduction,0.5,0.0,60,0.004739506663109281,-0.005051697351080619,0.005163163553586221,0.00447950537945749
0.05,0.1,equal_kw_reduction,0.5,0.1,60,0.009167937057832766,-0.0011164884444676412,0.0032168335806531815,0.0004536595660725026
0.05,0.1,equal_kw_reduction,1.0,-0.1,60,0.0007753622124602195,-0.004195603505626288,0.004195603505626288,0.008083273061865728
0.05,0.1,equal_kw_reduction,1.0,0.0,60,0.004785310075702552,-0.004424329643087898,0.00464689200476367,0.004437865913463608
0.05,0.1,equal_kw_reduction,1.0,0.1,60,0.008754327906692788,-0.0014924967636857466,0.0032840286321214125,0.0008296678852906643
0.05,0.1,equal_kw_reduction,1.5,-0.1,60,0.0012760146431573386,-0.003675752216604537,0.003675752216604537,0.007628134488504713
0.05,0.1,equal_kw_reduction,1.5,0.0,60,0.00474978170650994,-0.003869287590862617,0.004225809155486145,0.0044701644309114354
0.05,0.1,equal_kw_reduction,1.5,0.1,60,0.008194674970572805,-0.001910635253386565,0.003356738038075287,0.0013384432817633751
0.05,0.1,fairness_qp,0.5,-0.1,60,0.001196116259598482,-0.007772993967394329,0.007772993967394329,0.008482093894707209
0.05,0.1,fairness_qp,0.5,0.0,60,0.005514391966500398,-0.006267308608237373,0.006278050662048977,0.004556388706614557
0.05,0.1,fairness_qp,0.5,0.1,60,0.010149686738498616,-0.0020534042717408885,0.004077456677934606,0.00034248436843436044
0.05,0.1,fairness_qp,1.0,-0.1,60,0.0014221600635022035,-0.00720616134724279,0.00720616134724279,0.008276599527522006
0.05,0.1,fairness_qp,1.0,0.0,60,0.005616797500149862,-0.006108264031766704,0.006108264031766704,0.004463292766933227
0.05,0.1,fairness_qp,1.0,0.1,60,0.009663221489540002,-0.0024956454071577983,0.004214817969413161,0.0007847255038512814
0.05,0.1,fairness_qp,1.5,-0.1,60,0.0017803879261882964,-0.006550534360474913,0.006550534360474913,0.007950937834171013
0.05,0.1,fairness_qp,1.5,0.0,60,0.005569527306779769,-0.005525329683048164,0.005525329683048164,0.00450626566999695
0.05,0.1,fairness_qp,1.5,0.1,60,0.009150289411559773,-0.0029619472958940557,0.004358649922259069,0.001251027392924217
0.05,0.1,flat_level,0.5,-0.1,60,-0.00014733105203900597,-0.006878028783344988,0.006878028783344988,0.0014733105203900657
0.05,0.1,flat_level,0.5,0.0,60,1.0884096398492756e-05,-0.006771343428882704,0.006771343428882704,0.0013294785672650663
0.05,0.1,flat_level,0.5,0.1,60,0.0013303267268007493,-0.005571850128517108,0.005571850128517108,0.00012998526689937854
0.05,0.1,flat_level,1.0,-0.1,60,-0.00014733105203900597,-0.006704846350017454,0.006704846350017454,0.0014733105203900657
0.05,0.1,flat_level,1.0,0.0,60,0.00016491257748781245,-0.00663131753698345,0.00663131753698345,0.0011894526753656856
0.05,0.1,flat_level,1.0,0.1,60,0.001177813560255983,-0.0057104984617396175,0.0057104984617396175,0.0002686336001218942
0.05,0.1,flat_level,1.5,-0.1,60,-9.459266922650714e-05,-0.00655851821093596,0.00655851821093596,0.0014253665360150658
0.05,0.1,flat_level,1.5,0.0,60,0.0002646873612200787,-0.006503466589473176,0.006503466589473176,0.0010987483265181698
0.05,0.1,flat_level,1.5,0.1,60,0.0010723367946309785,-0.0058063864304896224,0.0058063864304896224,0.00036452156887189607
0.05,0.1,max_export_lp,0.5,-0.1,60,-0.0004478241513119536,-0.002301778832478037,0.002301778971223578,0.004478356964074329
0.05,0.1,max_export_lp,0.5,0.0,60,1.8537778375705184e-05,-0.0018778134419720094,0.0018778135806970667,0.004054391573449186
0.05,0.1,max_export_lp,0.5,0.1,60,0.004026072178829135,0.0017653996492951074,8.207626430352851e-11,0.0004111784821278867
0.05,0.1,max_export_lp,1.0,-0.1,60,-0.0004478247741630484,-0.0021748159966557988,0.00217481720608154,0.0044783575303025975
0.05,0.1,max_export_lp,1.0,0.0,60,0.0004818787962183063,-0.0014565943348423538,0.001456594473567415,0.00363317246631955
0.05,0.1,max_export_lp,1.0,0.1,60,0.003560749209019333,0.0013423787676498174,1.1583893563453056e-05,0.0008341993637731611
0.05,0.1,max_export_lp,1.5,-0.1,60,-0.0002923707976005502,-0.0020334941997807573,0.0020334954092065096,0.0043370357334275985
0.05,0.1,max_export_lp,1.5,0.0,60,0.0007917477894656035,-0.00117489525007205,0.0011748953887971258,0.003351473381549279
0.05,0.1,max_export_lp,1.5,0.1,60,0.0032498412558943143,0.001059735173910755,3.324519592201961e-05,0.0011168429575231754
0.05,0.1,weighted_proportional,0.5,-0.1,60,0.0016871604829757463,-0.013417527534016335,0.013417527534016335,0.011495085170302694
0.05,0.1,weighted_proportional,0.5,0.0,60,0.008164442026309515,-0.007744189534004324,0.008511149990120296,0.005606647403635634
0.05,0.1,weighted_proportional,0.5,0.1,60,0.013823159234683966,-0.0025999011627548326,0.0054820088178109605,0.0004623590323861322
0.05,0.1,weighted_proportional,1.0,-0.1,60,0.0019224663252656491,-0.011528982813177217,0.011528982813177217,0.011281170768220964
0.05,0.1,weighted_proportional,1.0,0.0,60,0.008144559004059464,-0.007762265008777103,0.008523315227910045,0.0056247228784084054
0.05,0.1,weighted_proportional,1.0,0.1,60,0.013215149187808964,-0.0031526375690048456,0.005665999409667888,0.001015095438636134
0.05,0.1,weighted_proportional,1.5,-0.1,60,0.002530476372140651,-0.007719321398377925,0.007719321398377925,0.010728434361970964
0.05,0.1,weighted_proportional,1.5,0.0,60,0.00795004794510069,-0.007723993477539122,0.008454468880003804,0.005801551113825471
0.05,0.1,weighted_proportional,1.5,0.1,60,0.012607139140933964,-0.003705373975254837,0.00598303214404288,0.001567831844886133
0.05,0.25,equal_kw_reduction,0.5,-0.1,60,-0.00034860770376062857,-0.0034650034120686196,0.0034650034120686196,0.00651837006134055
0.05,0.25,equal_kw_reduction,0.5,0.0,60,0.004470765802739317,-0.0034323348211907118,0.003672311338654895,0.0026628712561405947
0.05,0.25,equal_kw_reduction,0.5,0.1,60,0.007768837525799727,-0.0008694662764137403,0.0029566287506364547,2.4413877692265663e-05
0.05,0.25,equal_kw_reduction,1.0,-0.1,60,2.9773180079725533e-05,-0.003188647096426004,0.003188647096426004,0.006215665354268269
0.05,0.25,equal_kw_reduction,1.0,0.0,60,0.004299183845257136,-0.003078424549494326,0.003355001904153528,0.002800136822126342
0.05,0.25,equal_kw_reduction,1.0,0.1,60,0.007491872329867034,-0.0010910384331598818,0.0030169037268922725,0.000245986034438419
0.05,0.25,equal_kw_reduction,1.5,-0.1,60,0.0005562605686909791,-0.002764299246075256,0.002764299246075256,0.005794475443379263
0.05,0.25,equal_kw_reduction,1.5,0.0,60,0.004079899429256494,-0.002716674289661551,0.0031286431901998684,0.002975564354926852
0.05,0.25,equal_kw_reduction,1.5,0.1,60,0.007004365244375494,-0.001405455267881835,0.003087468178895854,0.0006359917028316505
0.05,0.25,fairness_qp,0.5,-0.1,60,0.0006469812207453153,-0.005950071617453723,0.005950071617453723,0.0055893777132955515
0.05,0.25,fairness_qp,0.5,0.0,60,0.005313309738661525,-0.004293402792776209,0.0043417688033021,0.0018563148989625832
0.05,0.25,fairness_qp,0.5,0.1,60,0.007619241916778572,-0.0024486570524586285,0.0034570027357454106,1.156915646894576e-05
0.05,0.25,fairness_qp,1.0,-0.1,60,0.0009038491797195796,-0.00551373874351689,0.00551373874351689,0.00538388334611614
0.05,0.25,fairness_qp,1.0,0.0,60,0.005087300805846342,-0.004419235771050737,0.0044365725508427765,0.0020371220452147292
0.05,0.25,fairness_qp,1.0,0.1,60,0.007443505346050423,-0.002589246309041145,0.003498012969496637,0.00015215841305146567
0.05,0.25,fairness_qp,1.5,-0.1,60,0.0012207327042883312,-0.005002752443211411,0.005002752443211411,0.005130376526461139
0.05,0.25,fairness_qp,1.5,0.0,60,0.004743127424985014,-0.004166819607251589,0.004180170849619502,0.0023124607499037924
0.05,0.25,fairness_qp,1.5,0.1,60,0.007070792978196446,-0.0028874162028891593,0.003612153711824166,0.00045032830733464764
0.05,0.25,flat_level,0.5,-0.1,60,-2.4938255097516072e-05,-0.0002668497427617877,0.0002668497427617877,9.975302039006452e-05
0.05,0.25,flat_level,0.5,0.0,60,-6.112083222516162e-06,-0.000254110467678211,0.000254110467678211,8.469208289006459e-05
0.05,0.25,flat_level,0.5,0.1,60,9.82352062970905e-05,-0.00017063263606252507,0.00017063263606252507,1.2142512743791578e-06
0.05,0.25,flat_level,1.0,-0.1,60,-2.4938255097516072e-05,-0.0002574814393948651,0.0002574814393948651,9.975302039006452e-05
0.05,0.25,flat_level,1.0,0.0,60,7.956512120457782e-06,-0.00024285559140383808,0.00024285559140383808,7.343720661568548e-05
0.05,0.25,flat_level,1.0,0.1,60,8.588855930019568e-05,-0.0001805099536600426,0.0001805099536600426,1.109156887189507e-05
0.05,0.25,flat_level,1.5,-0.1,60,-1.8662864472516102e-05,-0.0002521345120898966,0.0002521345120898966,9.473270789006455e-05
0.05,0.25,flat_level,1.5,0.0,60,1.4027768492352877e-05,-0.0002356769238898974,0.0002356769238898974,6.858020151816931e-05
0.05,0.25,flat_level,1.5,0.1,60,7.333777805019551e-05,-0.00019055057866004254,0.00019055057866004254,2.1132193871895253e-05
0.05,0.25,max_export_lp,0.5,-0.1,60,-2.9165820924827146e-05,-0.00011190276132586238,0.00011190290007140336,0.00011670946408122637
0.05,0.25,max_export_lp,0.5,0.0,60,-1.0339649049708583e-05,-9.684182387919386e-05,9.684196260425122e-05,0.0001016485265811315
0.05,0.25,max_export_lp,0.5,0.1,60,0.00011387847292037073,2.5326736725654145e-06,8.207626430352851e-11,2.274029005068049e-06
0.05,0.25,max_export_lp,1.0,-0.1,60,-2.9166528710169173e-05,-0.00010571391623673451,0.00010571512566247554,0.00011671003030950012
0.05,0.25,max_export_lp,1.0,0.0,60,5.053668456626418e-06,-8.452716987410458e-05,8.452730859916564e-05,8.93338725760635e-05
0.05,0.25,max_export_lp,1.0,0.1,60,9.623293727003063e-05,-1.1583754847706759e-05,1.1583893563453056e-05,1.6390457525340107e-05
0.05,0.25,max_export_lp,1.5,-0.1,60,-2.2891138085169087e-05,-0.00010069360373671232,0.00010069481316246446,0.00011168971780950004
0.05,0.25,max_export_lp,1.5,0.0,60,1.6423813481966666e-05,-7.543105385381388e-05,7.543119257888976e-05,8.023775655579129e-05
0.05,0.25,max_export_lp,1.5,0.1,60,8.368215602001993e-05,-2.1624379842799522e-05,2.16245185604258e-05,2.6431082525348617e-05
0.05,0.25,weighted_proportional,0.5,-0.1,60,0.0011434766838747529,-0.00751511546813182,0.00751511546813182,0.006772769264525057
0.05,0.25,weighted_proportional,0.5,0.0,60,0.008158545375746857,-0.002118160281289183,0.003690082855767344,0.0011607143110273733
0.05,0.25,weighted_proportional,0.5,0.1,60,0.009609438264531074,-0.0009574459702618351,0.003283974977785142,0.0
0.05,0.25,weighted_proportional,1.0,-0.1,60,0.0014108696864769117,-0.005995471501410476,0.005995471501410476,0.006558854862443328
0.05,0.25,weighted_proportional,1.0,0.0,60,0.007467624867934356,-0.0026708966875391964,0.0040071155901423555,0.001713450717277374
0.05,0.25,weighted_proportional,1.0,0.1,60,0.009540349866260919,-0.0010127166888779459,0.003302122448066595,5.5270718616123955e-05
0.05,0.25,weighted_proportional,1.5,-0.1,60,0.0019405717566220685,-0.003790387853216182,0.004006291342619761,0.006135093206327205
0.05,0.25,weighted_proportional,1.5,0.0,60,0.006785975901788025,-0.0030011160938012,0.0041565646445739235,0.0022587698901944393
0.05,0.25,weighted_proportional,1.5,0.1,60,0.00931004303032342,-0.0011969621576279307,0.003362617213691584,0.0002395161873661243
0.05,0.5,equal_kw_reduction,0.5,-0.1,60,-0.001887459215172442,-0.0032783100876090155,0.0032783100876090155,0.006336888053493904
0.05,0.5,equal_kw_reduction,0.5,0.0,60,0.0038443192316315227,-0.0031531287129324217,0.0033931052303966054,0.002515702422291262
0.05,0.5,equal_kw_reduction,0.5,0.1,60,0.0075928484707420705,-0.0007268735558250731,0.0028211227917394723,1.6682929550898098e-05
0.05,0.5,equal_kw_reduction,1.0,-0.1,60,-0.0014356167067000182,-0.0030032085871656436,0.0030032085871656436,0.00603565971451229
0.05,0.5,equal_kw_reduction,1.0,0.0,60,0.0036145849340532706,-0.0028331831678136835,0.0031097605224728857,0.002668858620676761
0.05,0.5,equal_kw_reduction,1.0,0.1,60,0.007286744493908918,-0.0009309428737138322,0.0028638949291379073,0.00022075224743966642
0.05,0.5,equal_kw_reduction,1.5,-0.1,60,-0.0008128684028665107,-0.0025970841027291116,0.0025970841027291116,0.005620494178623284
0.05,0.5,equal_kw_reduction,1.5,0.0,60,0.0033342259390664345,-0.0024909081555028506,0.002902877056041168,0.002855764617334655
0.05,0.5,equal_kw_reduction,1.5,0.1,60,0.006722023668455065,-0.001234659088383457,0.002921232608700016,0.0005972327977422333
0.05,0.5,fairness_qp,0.5,-0.1,60,-0.0005892645089644666,-0.00550056136587036,0.00550056136587036,0.005267180316067341
0.05,0.5,fairness_qp,0.5,0.0,60,0.004959866209183178,-0.0037969898160532607,0.003883089036890978,0.0015677598373022448
0.05,0.5,fairness_qp,0.5,0.1,60,0.0073079600630643945,-0.002231593914934227,0.0032341553491374944,2.363934714767063e-06
0.05,0.5,fairness_qp,1.0,-0.1,60,-0.00028102295819535023,-0.005093462374058769,0.005093462374058769,0.005061685948887931
0.05,0.5,fairness_qp,1.0,0.0,60,0.004629843966669243,-0.003964849333232619,0.003984999855253124,0.0017877746656448684
0.05,0.5,fairness_qp,1.0,0.1,60,0.007155229355012691,-0.002333414386968691,0.0032723435551613314,0.00010418440674923566
0.05,0.5,fairness_qp,1.5,-0.1,60,7.947001616280572e-05,-0.00461582002228292,0.00461582002228292,0.004821357299315826
0.05,0.5,fairness_qp,1.5,0.0,60,0.004178449987937915,-0.0037592750806501817,0.0037726263230180948,0.0020887039847990864
0.05,0.5,fairness_qp,1.5,0.1,60,0.006756347285857834,-0.0025993357661116103,0.003379337345280631,0.0003701057861858071
0.05,0.5,flat_level,0.5,-0.1,60,0.0,0.0,0.0,0.0
0.05,0.5,flat_level,0.5,0.0,60,0.0,0.0,0.0,0.0
0.05,0.5,flat_level,0.5,0.1,60,0.0,0.0,0.0,0.0
0.05,0.5,flat_level,1.0,-0.1,60,0.0,0.0,0.0,0.0
0.05,0.5,flat_level,1.0,0.0,60,0.0,0.0,0.0,0.0
0.05,0.5,flat_level,1.0,0.1,60,0.0,0.0,0.0,0.0
0.05,0.5,flat_level,1.5,-0.1,60,0.0,0.0,0.0,0.0
0.05,0.5,flat_level,1.5,0.0,60,0.0,0.0,0.0,0.0
0.05,0.5,flat_level,1.5,0.1,60,0.0,0.0,0.0,0.0
0.05,0.5,max_export_lp,0.5,-0.1,60,1.1545095479416288e-08,5.6715202904437474e-11,8.203033807774318e-11,0.0
0.05,0.5,max_export_lp,0.5,0.0,60,1.1545095479416288e-08,5.666315564904304e-11,8.206190171833328e-11,0.0
0.05,0.5,max_export_lp,0.5,0.1,60,1.1545095479416288e-08,5.663948199341462e-11,8.207626430352851e-11,0.0
0.05,0.5,max_export_lp,1.0,-0.1,60,1.069575305588279e-08,8.647292659702543e-10,3.446964750667784e-10,5.662282824327643e-10
0.05,0.5,max_export_lp,1.0,0.0,60,1.1545095479416288e-08,5.666317415276012e-11,8.206188691535962e-11,0.0
0.05,0.5,max_export_lp,1.0,0.1,60,1.1545095479416288e-08,5.663948199341462e-11,8.207626430352851e-11,0.0
0.05,0.5,max_export_lp,1.5,-0.1,60,1.0695753056114086e-08,8.647292881747148e-10,3.4469646396454816e-10,5.662282823171161e-10
0.05,0.5,max_export_lp,1.5,0.0,60,1.1545095479416288e-08,5.6663196357220615e-11,8.206187951387278e-11,0.0
0.05,0.5,max_export_lp,1.5,0.1,60,1.1545095479416288e-08,5.664427075539417e-11,8.207335551920399e-11,0.0
0.05,0.5,weighted_proportional,0.5,-0.1,60,-0.0005497156322565115,-0.00751511546813182,0.00751511546813182,0.006772769264525057
0.05,0.5,weighted_proportional,0.5,0.0,60,0.007868366797990014,-0.002118160281289183,0.003690082855767344,0.0011607143110273733
0.05,0.5,weighted_proportional,0.5,0.1,60,0.009609438264531074,-0.0009574459702618351,0.003283974977785142,0.0
0.05,0.5,weighted_proportional,1.0,-0.1,60,-0.00022884402913391806,-0.005995471501410476,0.005995471501410476,0.006558854862443328
0.05,0.5,weighted_proportional,1.0,0.0,60,0.0070392621886150135,-0.0026708966875391964,0.0040071155901423555,0.001713450717277374
0.05,0.5,weighted_proportional,1.0,0.1,60,0.009526532186606889,-0.0010127166888779459,0.003302122448066595,5.5270718616123955e-05
0.05,0.5,weighted_proportional,1.5,-0.1,60,0.0004067984550402667,-0.003790387853216182,0.004006291342619761,0.006135093206327205
0.05,0.5,weighted_proportional,1.5,0.0,60,0.006221283429239416,-0.0030011160938012,0.0041565646445739235,0.0022587698901944393
0.05,0.5,weighted_proportional,1.5,0.1,60,0.009250163983481887,-0.0011969621576279307,0.003362617213691584,0.0002395161873661243
0.05,1.0,equal_kw_reduction,0.5,-0.1,60,-0.00300182379709374,-0.002741938298178185,0.002741938298178185,0.004282808608668251
0.05,1.0,equal_kw_reduction,0.5,0.0,60,0.003117030142790375,-0.002959675180349001,0.003122640469040235,0.0012233816387261934
0.05,1.0,equal_kw_reduction,0.5,0.1,60,0.0055637934202427625,-0.001801894526218121,0.002646827707781537,0.0
0.05,1.0,equal_kw_reduction,1.0,-0.1,60,-0.0024922330656319204,-0.002512542442914034,0.002512542442914034,0.004028013242937342
0.05,1.0,equal_kw_reduction,1.0,0.0,60,0.0026267031729232224,-0.0027818719229129483,0.002867804432644531,0.0014685451236597696
0.05,1.0,equal_kw_reduction,1.0,0.1,60,0.0054196463458724,-0.001873968063403327,0.0026790255220768906,7.207353718518064e-05
0.05,1.0,equal_kw_reduction,1.5,-0.1,60,-0.001902837654859556,-0.0022276892222129843,0.0022276892222129843,0.003733315537551159
0.05,1.0,equal_kw_reduction,1.5,0.0,60,0.0021194277432002575,-0.0025728285620367553,0.0026729448242981623,0.0017221828385212523
0.05,1.0,equal_kw_reduction,1.5,0.1,60,0.005020607441768685,-0.0020078865308598964,0.0027262851265021483,0.0002715929892370388
0.05,1.0,fairness_qp,0.5,-0.1,60,-0.0011069234166863366,-0.003527947557493612,0.003527947557493612,0.00315124906575554
0.05,1.0,fairness_qp,0.5,0.0,60,0.0046555701905048544,-0.0022138957688339475,0.0027024788657689573,0.0002700022621599444
0.05,1.0,fairness_qp,0.5,0.1,60,0.005195574714824743,-0.0019438935084948206,0.0026071150058373164,0.0
0.05,1.0,fairness_qp,1.0,-0.1,60,-0.0007859125571405938,-0.0032486907636760432,0.0032486907636760432,0.0029907436359826686
0.05,1.0,fairness_qp,1.0,0.0,60,0.004008475081553418,-0.002498220144803794,0.0028130713399057337,0.0005935498166356626
0.05,1.0,fairness_qp,1.0,0.1,60,0.005180630910520309,-0.0019513654106470362,0.0026073290171672666,7.47190215221686e-06
0.05,1.0,fairness_qp,1.5,-0.1,60,-0.0005522867274358106,-0.002982030597375159,0.002982030597375159,0.002873930721130277
0.05,1.0,fairness_qp,1.5,0.0,60,0.003387704965526842,-0.0024245082045997327,0.0026606751879299506,0.0009039348746489506
0.05,1.0,fairness_qp,1.5,0.1,60,0.005018349416689958,-0.0020325061571980813,0.002644661469480795,8.861264906739254e-05
0.05,1.0,flat_level,0.5,-0.1,60,0.0,0.0,0.0,0.0
0.05,1.0,flat_level,0.5,0.0,60,0.0,0.0,0.0,0.0
0.05,1.0,flat_level,0.5,0.1,60,0.0,0.0,0.0,0.0
0.05,1.0,flat_level,1.0,-0.1,60,0.0,0.0,0.0,0.0
0.05,1.0,flat_level,1.0,0.0,60,0.0,0.0,0.0,0.0
0.05,1.0,flat_level,1.0,0.1,60,0.0,0.0,0.0,0.0
0.05,1.0,flat_level,1.5,-0.1,60,0.0,0.0,0.0,0.0
0.05,1.0,flat_level,1.5,0.0,60,0.0,0.0,0.0,0.0
0.05,1.0,flat_level,1.5,0.1,60,0.0,0.0,0.0,0.0
0.05,1.0,max_export_lp,0.5,-0.1,60,1.1545095479416288e-08,5.6715202904437474e-11,8.203033807774318e-11,0.0
0.05,1.0,max_export_lp,0.5,0.0,60,1.1545095479416288e-08,5.666315564904304e-11,8.206190171833328e-11,0.0
0.05,1.0,max_export_lp,0.5,0.1,60,1.1545095479416288e-08,5.663948199341462e-11,8.207626430352851e-11,0.0
0.05,1.0,max_export_lp,1.0,-0.1,60,1.0412638914550758e-08,8.647292659702543e-10,3.446964750667784e-10,5.662282824327643e-10
0.05,1.0,max_export_lp,1.0,0.0,60,1.1545095479416288e-08,5.666317415276012e-11,8.206188691535962e-11,0.0
0.05,1.0,max_export_lp,1.0,0.1,60,1.1545095479416288e-08,5.663948199341462e-11,8.207626430352851e-11,0.0
0.05,1.0,max_export_lp,1.5,-0.1,60,1.0412638914782054e-08,8.647292881747148e-10,3.4469646396454816e-10,5.662282823171161e-10
0.05,1.0,max_export_lp,1.5,0.0,60,1.1545095479416288e-08,5.6663196357220615e-11,8.206187951387278e-11,0.0
0.05,1.0,max_export_lp,1.5,0.1,60,1.1545095479416288e-08,5.664427075539417e-11,8.207335551920399e-11,0.0
0.05,1.0,weighted_proportional,0.5,-0.1,60,-0.003936100264519041,-0.00751511546813182,0.00751511546813182,0.006772769264525057
0.05,1.0,weighted_proportional,0.5,0.0,60,0.007288009642476328,-0.002118160281289183,0.003690082855767344,0.0011607143110273733
0.05,1.0,weighted_proportional,0.5,0.1,60,0.009609438264531074,-0.0009574459702618351,0.003283974977785142,0.0
0.05,1.0,weighted_proportional,1.0,-0.1,60,-0.003508271460355582,-0.005995471501410476,0.005995471501410476,0.006558854862443328
0.05,1.0,weighted_proportional,1.0,0.0,60,0.006182536829976326,-0.0026708966875391964,0.0040071155901423555,0.001713450717277374
0.05,1.0,weighted_proportional,1.0,0.1,60,0.009498896827298825,-0.0010127166888779459,0.003302122448066595,5.5270718616123955e-05
0.05,1.0,weighted_proportional,1.5,-0.1,60,-0.002660748148123336,-0.003790387853216182,0.004006291342619761,0.006135093206327205
0.05,1.0,weighted_proportional,1.5,0.0,60,0.005091898484142195,-0.0030011160938012,0.0041565646445739235,0.0022587698901944393
0.05,1.0,weighted_proportional,1.5,0.1,60,0.009130405889798826,-0.0011969621576279307,0.003362617213691584,0.0002395161873661243
0.05,2.0,equal_kw_reduction,0.5,-0.1,60,-0.0013121704543798541,-0.0012923908081907466,0.0012923908081907466,0.0012848110741957319
0.05,2.0,equal_kw_reduction,0.5,0.0,60,0.0022576260498641263,-0.0022142511937556673,0.0022371795264803113,9.487890611440495e-05
0.05,2.0,equal_kw_reduction,0.5,0.1,60,0.0025422627682073415,-0.0021612034352454326,0.002255462365503876,0.0
0.05,2.0,equal_kw_reduction,1.0,-0.1,60,-0.0011197215158479231,-0.0012519664949492526,0.0012519664949492526,0.0012206614280184213
0.05,2.0,equal_kw_reduction,1.0,0.0,60,0.0019253023527281805,-0.0020538010001078725,0.0020593610356041494,0.00020565347182638697
0.05,2.0,equal_kw_reduction,1.0,0.1,60,0.0025324400533137574,-0.0021644776735433007,0.0022560727590414573,3.2742382978614057e-06
0.05,2.0,equal_kw_reduction,1.5,-0.1,60,-0.0010158209129752435,-0.0012175730516263675,0.0012175730516263675,0.0011860278937275283
0.05,2.0,equal_kw_reduction,1.5,0.0,60,0.0014467866188985503,-0.0019123900900898032,0.001921311965931327,0.00036515871643626364
0.05,2.0,equal_kw_reduction,1.5,0.1,60,0.002464648656711993,-0.0021452436581397135,0.002224472610269701,2.587137049844939e-05
0.05,2.0,fairness_qp,0.5,-0.1,60,-0.0036686622551603265,-0.0033422824027804685,0.0033422824027804685,0.002855293873403663
0.05,2.0,fairness_qp,0.5,0.0,60,0.004380852178377919,-0.0021936319961223176,0.0026445911363430405,0.0001721223955575805
0.05,2.0,fairness_qp,0.5,0.1,60,0.004897219365050661,-0.0020215096024224295,0.002553781959648427,0.0
0.05,2.0,fairness_qp,1.0,-0.1,60,-0.0032473900650555605,-0.0030954842406916558,0.0030954842406916558,0.002714869810035407
0.05,2.0,fairness_qp,1.0,0.0,60,0.003471269840502237,-0.0024580212442843327,0.0027555356595942325,0.00047531650818280805
0.05,2.0,fairness_qp,1.0,0.1,60,0.0048921026042626475,-0.0020232151893517644,0.002553781959648427,1.7055869293381107e-06
0.05,2.0,fairness_qp,1.5,-0.1,60,-0.002974494016167022,-0.0028601372324677707,0.0028601372324677707,0.0026239044604058947
0.05,2.0,fairness_qp,1.5,0.0,60,0.002568916555528832,-0.0023835195086128304,0.002606335249575135,0.0007761009365072765
0.05,2.0,fairness_qp,1.5,0.1,60,0.00468650647037965,-0.002091747233607925,0.00259067430024044,7.023763155700374e-05
0.05,2.0,flat_level,0.5,-0.1,60,0.0,0.0,0.0,0.0
0.05,2.0,flat_level,0.5,0.0,60,0.0,0.0,0.0,0.0
0.05,2.0,flat_level,0.5,0.1,60,0.0,0.0,0.0,0.0
0.05,2.0,flat_level,1.0,-0.1,60,0.0,0.0,0.0,0.0
0.05,2.0,flat_level,1.0,0.0,60,0.0,0.0,0.0,0.0
0.05,2.0,flat_level,1.0,0.1,60,0.0,0.0,0.0,0.0
0.05,2.0,flat_level,1.5,-0.1,60,0.0,0.0,0.0,0.0
0.05,2.0,flat_level,1.5,0.0,60,0.0,0.0,0.0,0.0
0.05,2.0,flat_level,1.5,0.1,60,0.0,0.0,0.0,0.0
0.05,2.0,max_export_lp,0.5,-0.1,60,1.1545095479416288e-08,5.6715202904437474e-11,8.203033807774318e-11,0.0
0.05,2.0,max_export_lp,0.5,0.0,60,1.1545095479416288e-08,5.666315564904304e-11,8.206190171833328e-11,0.0
0.05,2.0,max_export_lp,0.5,0.1,60,1.1545095479416288e-08,5.663948199341462e-11,8.207626430352851e-11,0.0
0.05,2.0,max_export_lp,1.0,-0.1,60,9.846410632117995e-09,8.647292659702543e-10,3.446964750667784e-10,5.662282824327643e-10
0.05,2.0,max_export_lp,1.0,0.0,60,1.1545095479416288e-08,5.666317415276012e-11,8.206188691535962e-11,0.0
0.05,2.0,max_export_lp,1.0,0.1,60,1.1545095479416288e-08,5.663948199341462e-11,8.207626430352851e-11,0.0
0.05,2.0,max_export_lp,1.5,-0.1,60,9.84641063246494e-09,8.647292881747148e-10,3.4469646396454816e-10,5.662282823171161e-10
0.05,2.0,max_export_lp,1.5,0.0,60,1.1545095479416288e-08,5.6663196357220615e-11,8.206187951387278e-11,0.0
0.05,2.0,max_export_lp,1.5,0.1,60,1.1545095479416288e-08,5.664427075539417e-11,8.207335551920399e-11,0.0
0.05,2.0,weighted_proportional,0.5,-0.1,60,-0.010708869529044098,-0.00751511546813182,0.00751511546813182,0.006772769264525057
0.05,2.0,weighted_proportional,0.5,0.0,60,0.006127295331448955,-0.002118160281289183,0.003690082855767344,0.0011607143110273733
0.05,2.0,weighted_proportional,0.5,0.1,60,0.009609438264531074,-0.0009574459702618351,0.003283974977785142,0.0
0.05,2.0,weighted_proportional,1.0,-0.1,60,-0.01006712632279891,-0.005995471501410476,0.005995471501410476,0.006558854862443328
0.05,2.0,weighted_proportional,1.0,0.0,60,0.004469086112698952,-0.0026708966875391964,0.0040071155901423555,0.001713450717277374
0.05,2.0,weighted_proportional,1.0,0.1,60,0.009443626108682702,-0.0010127166888779459,0.003302122448066595,5.5270718616123955e-05
0.05,2.0,weighted_proportional,1.5,-0.1,60,-0.008795841354450542,-0.003790387853216182,0.004006291342619761,0.006135093206327205
0.05,2.0,weighted_proportional,1.5,0.0,60,0.0028331285939477563,-0.0030011160938012,0.0041565646445739235,0.0022587698901944393
0.05,2.0,weighted_proportional,1.5,0.1,60,0.008890889702432701,-0.0011969621576279307,0.003362617213691584,0.0002395161873661243
0.05,5.0,equal_kw_reduction,0.5,-0.1,60,-0.002997149195779981,-0.0009797315838029562,0.0009797315838029562,0.0008464837696545607
0.05,5.0,equal_kw_reduction,0.5,0.0,60,0.001999676588119808,-0.0019985829592029953,0.0019985829592029953,1.3679472337929019e-05
0.05,5.0,equal_kw_reduction,0.5,0.1,60,0.0020817534221473826,-0.00202137447098422,0.0020284612326759042,0.0
0.05,5.0,equal_kw_reduction,1.0,-0.1,60,-0.0028829244445299734,-0.0009824324357865807,0.0009824324357865807,0.0008274463111128927
0.05,5.0,equal_kw_reduction,1.0,0.0,60,0.0015784403938332316,-0.0018317275948091258,0.0018317275948091258,8.388550471902512e-05
0.05,5.0,equal_kw_reduction,1.0,0.1,60,0.0020817534221473826,-0.00202137447098422,0.0020284612326759042,0.0
0.05,5.0,equal_kw_reduction,1.5,-0.1,60,-0.0028754999185717856,-0.0009865188024903216,0.0009865188024903216,0.0008262088901198613
0.05,5.0,equal_kw_reduction,1.5,0.0,60,0.0008017164269878298,-0.0016946899047322421,0.0016946899047322421,0.00021333949919325878
0.05,5.0,equal_kw_reduction,1.5,0.1,60,0.002036536253943854,-0.0019924396815656537,0.0019970002908681933,7.536194700588061e-06
0.05,5.0,fairness_qp,0.5,-0.1,60,-0.007102516079735504,-0.0020453553338751983,0.0020453553338751983,0.0018256360017774942
0.05,5.0,fairness_qp,0.5,0.0,60,0.0036896615839426836,-0.0014289646970742345,0.0019004666244691955,2.6939724497796274e-05
0.05,5.0,fairness_qp,0.5,0.1,60,0.0038512999309294614,-0.0014020249744611357,0.0018984263186412628,0.0
0.05,5.0,fairness_qp,1.0,-0.1,60,-0.006934666090655947,-0.001927400823198459,0.001927400823198459,0.001797661003597568
0.05,5.0,fairness_qp,1.0,0.0,60,0.002631623450385297,-0.0015755024635337586,0.001921479426836862,0.0002032794134240274
0.05,5.0,fairness_qp,1.0,0.1,60,0.0038512999309294614,-0.0014020249744611357,0.0018984263186412628,0.0
0.05,5.0,fairness_qp,1.5,-0.1,60,-0.007062664681678693,-0.001856061599967318,0.001856061599967318,0.001818994102101359
0.05,5.0,fairness_qp,1.5,0.0,60,0.0012171943803192251,-0.001523986188601841,0.0017915809383483767,0.00043901759176837274
0.05,5.0,fairness_qp,1.5,0.1,60,0.0037245245544127027,-0.0014231542035036886,0.0019004666253191415,2.1129229419459772e-05
0.05,5.0,flat_level,0.5,-0.1,60,0.0,0.0,0.0,0.0
0.05,5.0,flat_level,0.5,0.0,60,0.0,0.0,0.0,0.0
0.05,5.0,flat_level,0.5,0.1,60,0.0,0.0,0.0,0.0
0.05,5.0,flat_level,1.0,-0.1,60,0.0,0.0,0.0,0.0
0.05,5.0,flat_level,1.0,0.0,60,0.0,0.0,0.0,0.0
0.05,5.0,flat_level,1.0,0.1,60,0.0,0.0,0.0,0.0
0.05,5.0,flat_level,1.5,-0.1,60,0.0,0.0,0.0,0.0
0.05,5.0,flat_level,1.5,0.0,60,0.0,0.0,0.0,0.0
0.05,5.0,flat_level,1.5,0.1,60,0.0,0.0,0.0,0.0
0.05,5.0,max_export_lp,0.5,-0.1,60,1.1545095479416288e-08,5.6715202904437474e-11,8.203033807774318e-11,0.0
0.05,5.0,max_export_lp,0.5,0.0,60,1.1545095479416288e-08,5.666315564904304e-11,8.206190171833328e-11,0.0
0.05,5.0,max_export_lp,0.5,0.1,60,1.1545095479416288e-08,5.663948199341462e-11,8.207626430352851e-11,0.0
0.05,5.0,max_export_lp,1.0,-0.1,60,8.147725784819702e-09,8.647292659702543e-10,3.446964750667784e-10,5.662282824327643e-10
0.05,5.0,max_export_lp,1.0,0.0,60,1.1545095479416288e-08,5.666317415276012e-11,8.206188691535962e-11,0.0
0.05,5.0,max_export_lp,1.0,0.1,60,1.1545095479416288e-08,5.663948199341462e-11,8.207626430352851e-11,0.0
0.05,5.0,max_export_lp,1.5,-0.1,60,8.14772578551359e-09,8.647292881747148e-10,3.4469646396454816e-10,5.662282823171161e-10
0.05,5.0,max_export_lp,1.5,0.0,60,1.1545095479416288e-08,5.6663196357220615e-11,8.206187951387278e-11,0.0
0.05,5.0,max_export_lp,1.5,0.1,60,1.1545095479416288e-08,5.664427075539417e-11,8.207335551920399e-11,0.0
0.05,5.0,weighted_proportional,0.5,-0.1,60,-0.00748959520943607,-0.0020794517871887646,0.002372470008505593,0.002053425038850867
0.05,5.0,weighted_proportional,0.5,0.0,60,0.004830955023669134,-0.0002411265149929657,0.0015045769519594612,0.0
0.05,5.0,weighted_proportional,0.5,0.1,60,0.004830955023669134,-0.0002411265149929657,0.0015045769519594612,0.0
0.05,5.0,weighted_proportional,1.0,-0.1,60,-0.008730917973951617,-0.0013240345184766023,0.0016843964332376004,0.002260312166270125
0.05,5.0,weighted_proportional,1.0,0.0,60,0.0040803163022956135,-0.00036623296855520606,0.001545654139025369,0.00012510645356225345
0.05,5.0,weighted_proportional,1.0,0.1,60,0.004830955023669134,-0.0002411265149929657,0.0015045769519594612,0.0
0.05,5.0,weighted_proportional,1.5,-0.1,60,-0.008730917973951612,-0.0009164132004311173,0.0013424293097960744,0.002260312166270124
0.05,5.0,weighted_proportional,1.5,0.0,60,0.00222773762929913,-0.00045989631406621786,0.0015159579216712405,0.00043386956572833395
0.05,5.0,weighted_proportional,1.5,0.1,60,0.004830955023669134,-0.0002411265149929657,0.0015045769519594612,0.0
0.05,10.0,equal_kw_reduction,0.5,-0.1,60,-0.00464182367533525,-0.0007264160024090953,0.0007409779691496181,0.0005809878478014734
0.05,10.0,equal_kw_reduction,0.5,0.0,60,0.0017393537053028703,-0.0017435364854728075,0.0017435364854728075,8.808131980078682e-07
0.05,10.0,equal_kw_reduction,0.5,0.1,60,0.0017490426504809568,-0.0017739468493105741,0.0017739468493105741,0.0
0.05,10.0,equal_kw_reduction,1.0,-0.1,60,-0.004748603952905282,-0.00075571373351541,0.00075571373351541,0.0005906951457623854
0.05,10.0,equal_kw_reduction,1.0,0.0,60,0.00131376101054166,-0.0015788340797182018,0.0015788340797182018,3.9571058176299706e-05
0.05,10.0,equal_kw_reduction,1.0,0.1,60,0.0017490426504809568,-0.0017739468493105741,0.0017739468493105741,0.0
0.05,10.0,equal_kw_reduction,1.5,-0.1,60,-0.0049602530540847145,-0.0007872727333130196,0.0007872727333130196,0.0006099359731423337
0.05,10.0,equal_kw_reduction,1.5,0.0,60,0.00016686672598930516,-0.0014470358798863343,0.0014470358798863343,0.0001438341749537865
0.05,10.0,equal_kw_reduction,1.5,0.1,60,0.0017393537053028703,-0.0017435364854728075,0.0017435364854728075,8.808131980078682e-07
0.05,10.0,fairness_qp,0.5,-0.1,60,-0.004857092215806718,-0.0014840217453075733,0.001493773526461617,0.0006551810614101426
0.05,10.0,fairness_qp,0.5,0.0,60,0.0023497469191184105,-0.001771128151397446,0.0018307095684043059,1.3867326040019796e-08
0.05,10.0,fairness_qp,0.5,0.1,60,0.0023498994597048505,-0.0017711142853212736,0.0018306957021201702,0.0
0.05,10.0,fairness_qp,1.0,-0.1,60,-0.006079387000105129,-0.001531894383129647,0.0015323627988045097,0.0007662987690736345
0.05,10.0,fairness_qp,1.0,0.0,60,0.0019187092654540483,-0.0017869274522281005,0.0018399635168453443,3.919910856825475e-05
0.05,10.0,fairness_qp,1.0,0.1,60,0.0023498994597048505,-0.0017711142853212736,0.0018306957021201702,0.0
0.05,10.0,fairness_qp,1.5,-0.1,60,-0.0071792115698955964,-0.0015573506159882807,0.0015573506159882807,0.000866282820872768
0.05,10.0,fairness_qp,1.5,0.0,60,0.0007797454875801405,-0.0016624080423248034,0.0017100885053515406,0.00014274127019315547
0.05,10.0,fairness_qp,1.5,0.1,60,0.0023497469191184105,-0.001771128152397361,0.0018307095692378429,1.3867326040019796e-08
0.05,10.0,flat_level,0.5,-0.1,60,0.0,0.0,0.0,0.0
0.05,10.0,flat_level,0.5,0.0,60,0.0,0.0,0.0,0.0
0.05,10.0,flat_level,0.5,0.1,60,0.0,0.0,0.0,0.0
0.05,10.0,flat_level,1.0,-0.1,60,0.0,0.0,0.0,0.0
0.05,10.0,flat_level,1.0,0.0,60,0.0,0.0,0.0,0.0
0.05,10.0,flat_level,1.0,0.1,60,0.0,0.0,0.0,0.0
0.05,10.0,flat_level,1.5,-0.1,60,0.0,0.0,0.0,0.0
0.05,10.0,flat_level,1.5,0.0,60,0.0,0.0,0.0,0.0
0.05,10.0,flat_level,1.5,0.1,60,0.0,0.0,0.0,0.0
0.05,10.0,max_export_lp,0.5,-0.1,60,1.1545095479416288e-08,5.6715202904437474e-11,8.203033807774318e-11,0.0
0.05,10.0,max_export_lp,0.5,0.0,60,1.1545095479416288e-08,5.666315564904304e-11,8.206190171833328e-11,0.0
0.05,10.0,max_export_lp,0.5,0.1,60,1.1545095479416288e-08,5.663948199341462e-11,8.207626430352851e-11,0.0
0.05,10.0,max_export_lp,1.0,-0.1,60,5.31658437265588e-09,8.647292659702543e-10,3.446964750667784e-10,5.662282824327643e-10
0.05,10.0,max_export_lp,1.0,0.0,60,1.1545095479416288e-08,5.666317415276012e-11,8.206188691535962e-11,0.0
0.05,10.0,max_export_lp,1.0,0.1,60,1.1545095479416288e-08,5.663948199341462e-11,8.207626430352851e-11,0.0
0.05,10.0,max_export_lp,1.5,-0.1,60,5.31658437392801e-09,8.647292881747148e-10,3.4469646396454816e-10,5.662282823171161e-10
0.05,10.0,max_export_lp,1.5,0.0,60,1.1545095479416288e-08,5.6663196357220615e-11,8.206187951387278e-11,0.0
0.05,10.0,max_export_lp,1.5,0.1,60,1.1545095479416288e-08,5.664427075539417e-11,8.207335551920399e-11,0.0
0.05,10.0,weighted_proportional,0.5,-0.1,60,-0.017756720403690408,-0.0020794517871887646,0.002372470008505593,0.002053425038850867
0.05,10.0,weighted_proportional,0.5,0.0,60,0.004830955023669134,-0.0002411265149929657,0.0015045769519594612,0.0
0.05,10.0,weighted_proportional,0.5,0.1,60,0.004830955023669134,-0.0002411265149929657,0.0015045769519594612,0.0
0.05,10.0,weighted_proportional,1.0,-0.1,60,-0.02003247880530224,-0.0013240345184766023,0.0016843964332376004,0.002260312166270125
0.05,10.0,weighted_proportional,1.0,0.0,60,0.003454784034484346,-0.00036623296855520606,0.001545654139025369,0.00012510645356225345
0.05,10.0,weighted_proportional,1.0,0.1,60,0.004830955023669134,-0.0002411265149929657,0.0015045769519594612,0.0
0.05,10.0,weighted_proportional,1.5,-0.1,60,-0.02003247880530223,-0.0009164132004311173,0.0013424293097960744,0.002260312166270124
0.05,10.0,weighted_proportional,1.5,0.0,60,5.83898006574606e-05,-0.00045989631406621786,0.0015159579216712405,0.00043386956572833395
0.05,10.0,weighted_proportional,1.5,0.1,60,0.004830955023669134,-0.0002411265149929657,0.0015045769519594612,0.0
0.1,0.0,equal_kw_reduction,0.5,-0.1,60,0.0015836895186467914,-0.009743350679624256,0.009743350679624256,0.01766729824980926
0.1,0.0,equal_kw_reduction,0.5,0.0,60,0.005364343990412164,-0.012887025331098489,0.012887025331098489,0.013886643778043887
0.1,0.0,equal_kw_reduction,0.5,0.1,60,0.011056956286741798,-0.008459069909747008,0.008950747319553158,0.008194031481714253
0.1,0.0,equal_kw_reduction,1.0,-0.1,60,0.0025753253456397363,-0.008266332777692287,0.008266332777692287,0.016675662422816314
0.1,0.0,equal_kw_reduction,1.0,0.0,60,0.0060979929431850596,-0.010055263096181306,0.010055263096181306,0.01315299482527099
0.1,0.0,equal_kw_reduction,1.0,0.1,60,0.01095439234939511,-0.007974281891250889,0.008556525743468177,0.008296595419060939
0.1,0.0,equal_kw_reduction,1.5,-0.1,60,0.0036469733999518385,-0.006882794758230866,0.006882794758230866,0.015604014368504211
0.1,0.0,equal_kw_reduction,1.5,0.0,60,0.006809816414680719,-0.008635195768437439,0.008635195768437439,0.012441171353775331
0.1,0.0,equal_kw_reduction,1.5,0.1,60,0.010755222747829094,-0.007070136195773732,0.007830692445177609,0.008495765020626956
0.1,0.0,fairness_qp,0.5,-0.1,60,0.0022498200162544054,-0.013806064618544178,0.013806064618544178,0.016385401355911603
0.1,0.0,fairness_qp,0.5,0.0,60,0.006164731028468638,-0.014239855693830109,0.014239855693830109,0.012470490343697372
0.1,0.0,fairness_qp,0.5,0.1,60,0.011667970168950912,-0.00884580220448266,0.009129864923945796,0.006967251203215096
0.1,0.0,fairness_qp,1.0,-0.1,60,0.0029376145509022304,-0.011961259634407077,0.011961259634407077,0.01569760682126378
0.1,0.0,fairness_qp,1.0,0.0,60,0.006680562143120207,-0.012477049252923178,0.012477049252923178,0.0119546592290458
0.1,0.0,fairness_qp,1.0,0.1,60,0.011481981143945124,-0.00892260558001086,0.009215350108943062,0.007153240228220886
0.1,0.0,fairness_qp,1.5,-0.1,60,0.004009657342020653,-0.009598873749480649,0.009598873749480649,0.014625564030145356
0.1,0.0,fairness_qp,1.5,0.0,60,0.007180655968984762,-0.009167650170476957,0.009167650170476957,0.011454565403181245
0.1,0.0,fairness_qp,1.5,0.1,60,0.011139931031417565,-0.008454422960878972,0.008815701820159534,0.0074952903407484416
0.1,0.0,flat_level,0.5,-0.1,60,0.0,-0.014062996882382491,0.014062996882382491,0.0028468680203900644
0.1,0.0,flat_level,0.5,0.0,60,0.0002838578450243799,-0.014055757713784223,0.014055757713784223,0.0025630101753656843
0.1,0.0,flat_level,0.5,0.1,60,0.0014622189515181706,-0.0128773966072904,0.0128773966072904,0.0013846490688718934
0.1,0.0,flat_level,1.0,-0.1,60,9.208190752437847e-05,-0.013382730454066852,0.013382730454066852,0.0027547861128656855
0.1,0.0,flat_level,1.0,0.0,60,0.0005462568813718952,-0.013665326395661582,0.013665326395661582,0.0023006111390181687
0.1,0.0,flat_level,1.0,0.1,60,0.0014421377015181702,-0.012897477857290436,0.012897477857290436,0.001404730318871894
0.1,0.0,flat_level,1.5,-0.1,60,0.0003697051887743799,-0.012881635974946005,0.012881635974946005,0.002477162831615684
0.1,0.0,flat_level,1.5,0.0,60,0.0007179515688718968,-0.0131204035251687,0.0131204035251687,0.0021289164515181673
0.1,0.0,flat_level,1.5,0.1,60,0.0014421377015181697,-0.0127694455755153,0.0127694455755153,0.0014047303188718945
0.1,0.0,max_export_lp,0.5,-0.1,60,1.0978867211439551e-08,-0.004589620401951111,0.004589621611376852,0.008840012453066277
0.1,0.0,max_export_lp,0.5,0.0,60,0.0008451965067732836,-0.0038956015871469724,0.0038956017258720333,0.007994826925160204
0.1,0.0,max_export_lp,0.5,0.1,60,0.004461983154799622,-0.000278814939170254,0.000884078926467106,0.004378040277133866
0.1,0.0,max_export_lp,1.0,-0.1,60,0.000279906488131788,-0.0035947476053063737,0.003594753164970784,0.0085601169438017
0.1,0.0,max_export_lp,1.0,0.0,60,0.0016721028185053312,-0.002917528562411912,0.0029175297718071294,0.007167920613428156
0.1,0.0,max_export_lp,1.0,0.1,60,0.004441901904798428,-0.0002988961891615127,0.0009041601764608813,0.004398121527135059
0.1,0.0,max_export_lp,1.5,-0.1,60,0.0011177966443814964,-0.0023156157074240976,0.0023156212670885747,0.007722226787551991
0.1,0.0,max_export_lp,1.5,0.0,60,0.0022173087560053307,-0.0022620121895037815,0.0022620133988990173,0.006622714675928156
0.1,0.0,max_export_lp,1.5,0.1,60,0.004441901338570097,-0.0001477300423471939,0.0007954384754892407,0.004398122093363391
0.1,0.0,weighted_proportional,0.5,-0.1,60,0.003050583402087746,-0.023682200032015193,0.023682200032015193,0.020543755731744814
0.1,0.0,weighted_proportional,0.5,0.0,60,0.008725106766673077,-0.020707621234098177,0.020707621234098177,0.014869232367159481
0.1,0.0,weighted_proportional,0.5,0.1,60,0.014620961766673083,-0.014811766234098179,0.01586463005078059,0.008973377367159476
0.1,0.0,weighted_proportional,1.0,-0.1,60,0.004156056214587746,-0.016078944285942438,0.016078944285942438,0.019438282919244813
0.1,0.0,weighted_proportional,1.0,0.0,60,0.00891676946875601,-0.018676413031967043,0.018676413031967043,0.014677569665076549
0.1,0.0,weighted_proportional,1.0,0.1,60,0.014444815977120551,-0.014987912023650707,0.01598318048680003,0.009149523156712008
0.1,0.0,weighted_proportional,1.5,-0.1,60,0.005261529027087746,-0.014973471473442539,0.014973471473442539,0.018332810106744812
0.1,0.0,weighted_proportional,1.5,0.0,60,0.009138783550035204,-0.017593999884067672,0.017593999884067672,0.014455555583797354
0.1,0.0,weighted_proportional,1.5,0.1,60,0.014267987741703483,-0.013325194759019558,0.014495634233626232,0.009326351392129078
0.1,0.05,equal_kw_reduction,0.5,-0.1,60,0.0008947749262496689,-0.007319441611535985,0.007319441611535985,0.013778291847942438
0.1,0.05,equal_kw_reduction,0.5,0.0,60,0.004864462121603311,-0.009130557145505607,0.009130557145505607,0.009997637376177065
0.1,0.05,equal_kw_reduction,0.5,0.1,60,0.010673097218596984,-0.00460700803263947,0.006067049498471944,0.004465603950468808
0.1,0.05,equal_kw_reduction,1.0,-0.1,60,0.00193599254459226,-0.006030239830779216,0.006030239830779216,0.012786656020949493
0.1,0.05,equal_kw_reduction,1.0,0.0,60,0.005511195953841977,-0.006847804004594726,0.006878624466320741,0.009381700393092619
0.1,0.05,equal_kw_reduction,1.0,0.1,60,0.00998440658072138,-0.00479539882061862,0.00598903007256056,0.0051214997960646194
0.1,0.05,equal_kw_reduction,1.5,-0.1,60,0.002937625433447087,-0.004821863296035652,0.004821863296035652,0.011832719936325849
0.1,0.05,equal_kw_reduction,1.5,0.0,60,0.0060819818759832184,-0.00565886539184414,0.0060144845767710065,0.008838094752958107
0.1,0.05,equal_kw_reduction,1.5,0.1,60,0.00931346005995128,-0.00455564106925627,0.00560644544013457,0.005760496482512337
0.1,0.05,fairness_qp,0.5,-0.1,60,0.0015112180173033846,-0.012308804463980083,0.012308804463980083,0.014772039979020431
0.1,0.05,fairness_qp,0.5,0.0,60,0.005621874580128329,-0.012376969813601884,0.012376969813601884,0.0108571289668062
0.1,0.05,fairness_qp,0.5,0.1,60,0.011369082236438233,-0.007003104651596222,0.007310355822100442,0.00538359786555867
0.1,0.05,fairness_qp,1.0,-0.1,60,0.002233402278683601,-0.010572307180889378,0.010572307180889378,0.014084245444372607
0.1,0.05,fairness_qp,1.0,0.0,60,0.006132303809315993,-0.010749757927038346,0.010749757927038346,0.010371005891389375
0.1,0.05,fairness_qp,1.0,0.1,60,0.01097433659623421,-0.007279386942775401,0.007581311866263041,0.005759546094324403
0.1,0.05,fairness_qp,1.5,-0.1,60,0.003327853768161458,-0.008383554228737593,0.008383554228737593,0.013041910692488933
0.1,0.05,fairness_qp,1.5,0.0,60,0.006582718927311775,-0.007753804800690493,0.007753804800690493,0.009942039112345773
0.1,0.05,fairness_qp,1.5,0.1,60,0.01034358461717739,-0.0071376780491945215,0.007498956908475085,0.00636026226485471
0.1,0.05,flat_level,0.5,-0.1,60,-0.00014234340101950538,-0.014062996882382491,0.014062996882382491,0.0028468680203900644
0.1,0.05,flat_level,0.5,0.0,60,0.00015570733625609544,-0.014055757713784223,0.014055757713784223,0.0025630101753656843
0.1,0.05,flat_level,0.5,0.1,60,0.001392986498074575,-0.0128773966072904,0.0128773966072904,0.0013846490688718934
0.1,0.05,flat_level,1.0,-0.1,60,-4.565739811890638e-05,-0.013382730454066852,0.013382730454066852,0.0027547861128656855
0.1,0.05,flat_level,1.0,0.0,60,0.0004312263244209856,-0.013665326395661582,0.013665326395661582,0.0023006111390181687
0.1,0.05,flat_level,1.0,0.1,60,0.0013719011855745742,-0.012897477857290436,0.012897477857290436,0.001404730318871894
0.1,0.05,flat_level,1.5,-0.1,60,0.0002458470471935943,-0.012881635974946005,0.012881635974946005,0.002477162831615684
0.1,0.05,flat_level,1.5,0.0,60,0.0006115057462959902,-0.0131204035251687,0.0131204035251687,0.0021289164515181673
0.1,0.05,flat_level,1.5,0.1,60,0.0013719011855745763,-0.0127694455755153,0.0127694455755153,0.0014047303188718945
0.1,0.05,max_export_lp,0.5,-0.1,60,-0.0004419896437861047,-0.004589620401951111,0.004589621611376852,0.008840012453066277
0.1,0.05,max_export_lp,0.5,0.0,60,0.00044545516051527174,-0.0038956015871469724,0.0038956017258720333,0.007994826925160204
0.1,0.05,max_export_lp,0.5,0.1,60,0.004243081140942929,-0.000278814939170254,0.000884078926467106,0.004378040277133866
0.1,0.05,max_export_lp,1.0,-0.1,60,-0.00014809935905829664,-0.0035947476053063737,0.003594753164970784,0.0085601169438017
0.1,0.05,max_export_lp,1.0,0.0,60,0.0013137067878339203,-0.002917528562411912,0.0029175297718071294,0.007167920613428156
0.1,0.05,max_export_lp,1.0,0.1,60,0.004221995828441673,-0.0002988961891615127,0.0009041601764608813,0.004398121527135059
0.1,0.05,max_export_lp,1.5,-0.1,60,0.0007316853050038958,-0.0023156157074240976,0.0023156212670885747,0.007722226787551991
0.1,0.05,max_export_lp,1.5,0.0,60,0.0018861730222089245,-0.0022620121895037815,0.0022620133988990173,0.006622714675928156
0.1,0.05,max_export_lp,1.5,0.1,60,0.004221995233901928,-0.0001477300423471939,0.0007954384754892407,0.004398122093363391
0.1,0.05,weighted_proportional,0.5,-0.1,60,0.002253389916331191,-0.01742973255838051,0.01742973255838051,0.015943869715131103
0.1,0.05,weighted_proportional,0.5,0.0,60,0.008211639449145788,-0.01403832259555451,0.01403832259555451,0.010269346350545772
0.1,0.05,weighted_proportional,0.5,0.1,60,0.014302382084650362,-0.008237615323645383,0.010153502970667876,0.004468639078636655
0.1,0.05,weighted_proportional,1.0,-0.1,60,0.003414136369456194,-0.011493801471943673,0.011493801471943673,0.014838396902631104
0.1,0.05,weighted_proportional,1.0,0.0,60,0.008312980171837436,-0.012519093286423236,0.012700617274087818,0.010172831376553728
0.1,0.05,weighted_proportional,1.0,0.1,60,0.013515846142293623,-0.008986697173508954,0.010616831526304901,0.005217720928500215
0.1,0.05,weighted_proportional,1.5,-0.1,60,0.004474977708085756,-0.010483476387534682,0.010483476387534682,0.013828071818221994
0.1,0.05,weighted_proportional,1.5,0.0,60,0.00834413255183575,-0.011629025286471343,0.011929225007462851,0.010143162443222
0.1,0.05,weighted_proportional,1.5,0.1,60,0.012556345526355704,-0.0084777929487868,0.009985915815140304,0.006131531038917282
0.1,0.1,equal_kw_reduction,0.5,-0.1,60,0.0003920368389537568,-0.006183691094668335,0.006183691094668335,0.011916526796930345
0.1,0.1,equal_kw_reduction,0.5,0.0,60,0.004550637467185837,-0.0074006005338466355,0.0074006005338466355,0.008135980771264819
0.1,0.1,equal_kw_reduction,0.5,0.1,60,0.010362572517767961,-0.0030065940140751183,0.004881608171357336,0.0028524034525537916
0.1,0.1,equal_kw_reduction,1.0,-0.1,60,0.001482716957936168,-0.004985395814869742,0.004985395814869742,0.010924999416037246
0.1,0.1,equal_kw_reduction,1.0,0.0,60,0.005121032007588965,-0.0054035447008089045,0.005434365162534919,0.007617440279989246
0.1,0.1,equal_kw_reduction,1.0,0.1,60,0.009358682929062221,-0.003504594420196557,0.004880370609455439,0.003765030351377199
0.1,0.1,equal_kw_reduction,1.5,-0.1,60,0.0024253876728717377,-0.003900800812925757,0.003900800812925757,0.010068026038823091
0.1,0.1,equal_kw_reduction,1.5,0.0,60,0.005532330300891903,-0.004415265943800802,0.004770885128727668,0.007243532740622937
0.1,0.1,equal_kw_reduction,1.5,0.1,60,0.008570914260382477,-0.003450849771931175,0.004616315887885314,0.0044811836865405975
0.1,0.1,fairness_qp,0.5,-0.1,60,0.0012005042151595434,-0.009379058404562228,0.009379058404562228,0.01049315801094861
0.1,0.1,fairness_qp,0.5,0.0,60,0.005506812009534296,-0.008715977143182415,0.008715977143182415,0.006578332743335201
0.1,0.1,fairness_qp,0.5,0.1,60,0.010729480546732095,-0.004048758389758685,0.00544284226189049,0.0018304522549735655
0.1,0.1,fairness_qp,1.0,-0.1,60,0.001956983884211248,-0.007841744150733661,0.007841744150733661,0.009805449220901607
0.1,0.1,fairness_qp,1.0,0.0,60,0.005750005852829478,-0.007562166494076702,0.007562166494076702,0.006357247431248671
0.1,0.1,fairness_qp,1.0,0.1,60,0.009654474108732361,-0.004945375235458483,0.005745548449589711,0.0028077308349733223
0.1,0.1,fairness_qp,1.5,-0.1,60,0.002812387847863579,-0.006202914096280972,0.006202914096280972,0.009027809253944943
0.1,0.1,fairness_qp,1.5,0.0,60,0.005712846536807384,-0.005516559302316826,0.005516559302316826,0.006391028627632393
0.1,0.1,fairness_qp,1.5,0.1,60,0.00898202810985173,-0.0049466113788001,0.0056485824609624775,0.003419045379410262
0.1,0.1,flat_level,0.5,-0.1,60,-0.00014733105203900597,-0.006704846350017454,0.006704846350017454,0.0014733105203900657
0.1,0.1,flat_level,0.5,0.0,60,0.00016491257748781245,-0.00663131753698345,0.00663131753698345,0.0011894526753656856
0.1,0.1,flat_level,0.5,0.1,60,0.001177813560255983,-0.0057104984617396175,0.0057104984617396175,0.0002686336001218942
0.1,0.1,flat_level,1.0,-0.1,60,-4.6040953762189506e-05,-0.006329152375768543,0.006329152375768543,0.0013812286128656872
0.1,0.1,flat_level,1.0,0.0,60,0.00035911943934507896,-0.006393023207046511,0.006393023207046511,0.0010129009827681702
0.1,0.1,flat_level,1.0,0.1,60,0.0009668600290059799,-0.005902274399239664,0.005902274399239664,0.000460409537621896
0.1,0.1,flat_level,1.5,-0.1,60,0.00016491257748781185,-0.006106505119598856,0.006106505119598856,0.0011894526753656854
0.1,0.1,flat_level,1.5,0.0,60,0.0003591194393450791,-0.006059208900377529,0.006059208900377529,0.0010129009827681698
0.1,0.1,flat_level,1.5,0.1,60,0.0009668600290059826,-0.0058405317619002915,0.0058405317619002915,0.00046040953762189405
0.1,0.1,max_export_lp,0.5,-0.1,60,-0.00044782551643918965,-0.0021748228101334476,0.0021748240195591886,0.004478364953064012
0.1,0.1,max_export_lp,0.5,0.0,60,0.00048187856425701214,-0.0014566012550878934,0.0014566013938129543,0.003633179425158375
0.1,0.1,max_export_lp,0.5,0.1,60,0.00356075408020651,0.0013423764866295632,1.1586174583707217e-05,0.0008342016833861027
0.1,0.1,max_export_lp,1.0,-0.1,60,-0.00013994045624863736,-0.0013870714099105267,0.0013870769695749372,0.0041984694437998725
0.1,0.1,max_export_lp,1.0,0.0,60,0.0010916122415356696,-0.0007753339393565447,0.0007866005868779872,0.0030788760821777754
0.1,0.1,max_export_lp,1.0,0.1,60,0.002938938173956493,0.0007770892991405469,6.838966444218108e-05,0.0013994888708861188
0.1,0.1,max_export_lp,1.5,-0.1,60,0.00048187545000136667,-0.0008217842224103451,0.0008217897820748221,0.003633182256299869
0.1,0.1,max_export_lp,1.5,0.0,60,0.0010916122415356706,-0.0007753339393565225,0.0007866005868779872,0.003078876082177774
0.1,0.1,max_export_lp,1.5,0.1,60,0.002938937551105328,0.0009040527057067408,4.494782568247683e-05,0.0013994894371144493
0.1,0.1,weighted_proportional,0.5,-0.1,60,0.0019224663252656491,-0.011528982813177217,0.011528982813177217,0.011281170768220964
0.1,0.1,weighted_proportional,0.5,0.0,60,0.008144559004059464,-0.007762265008777103,0.008523315227910045,0.0056247228784084054
0.1,0.1,weighted_proportional,0.5,0.1,60,0.013215149187808964,-0.0031526375690048456,0.005665999409667888,0.001015095438636134
0.1,0.1,weighted_proportional,1.0,-0.1,60,0.003118603396765596,-0.007184660466900698,0.007184660466900698,0.010193773430493741
0.1,0.1,weighted_proportional,1.0,0.0,60,0.007870515856100492,-0.0069820641244929295,0.007792025867186517,0.005873853012916564
0.1,0.1,weighted_proportional,1.0,0.1,60,0.011999129094058961,-0.004258110381504839,0.00630006487841788,0.0021205682511361355
0.1,0.1,weighted_proportional,1.5,-0.1,60,0.003929283459265596,-0.006447678591900811,0.006607591168497506,0.009456791555493739
0.1,0.1,weighted_proportional,1.5,0.0,60,0.007092471620265392,-0.006828977999541023,0.007516640475561539,0.006581165954584836
0.1,0.1,weighted_proportional,1.5,0.1,60,0.010993937972600188,-0.004142589473129577,0.005993252315412859,0.0030343783615532018
0.1,0.25,equal_kw_reduction,0.5,-0.1,60,-0.0008376990395124828,-0.005332689062313234,0.005332689062313234,0.009685554232637096
0.1,0.25,equal_kw_reduction,0.5,0.0,60,0.003824528960632738,-0.006129737253768538,0.006320382098696157,0.005955771832520921
0.1,0.25,equal_kw_reduction,0.5,0.1,60,0.009327192892824049,-0.0025315956127933397,0.004307272543563497,0.0015536406867678696
0.1,0.25,equal_kw_reduction,1.0,-0.1,60,0.00033825565466719706,-0.004251407618348102,0.004251407618348102,0.008744790477293351
0.1,0.25,equal_kw_reduction,1.0,0.0,60,0.00410804624733172,-0.004578876818249977,0.004902163758574307,0.005728958003161736
0.1,0.25,equal_kw_reduction,1.0,0.1,60,0.008099470667881761,-0.0031408103442861933,0.0043418075314138145,0.0025358184667217025
0.1,0.25,equal_kw_reduction,1.5,-0.1,60,0.0012986321765361716,-0.003274554906975687,0.003458492760394109,0.007976489259798172
0.1,0.25,equal_kw_reduction,1.5,0.0,60,0.004219008474357766,-0.0039034878895597203,0.004292683556001283,0.0056401882215409
0.1,0.25,equal_kw_reduction,1.5,0.1,60,0.007204278998927514,-0.00316271635450122,0.004118535746500711,0.0032519718018851
0.1,0.25,fairness_qp,0.5,-0.1,60,-0.0001179212879411044,-0.00828802984820779,0.00828802984820779,0.009470965216782038
0.1,0.25,fairness_qp,0.5,0.0,60,0.004752871334458381,-0.007362646058716457,0.007362646058716457,0.00557433111886245
0.1,0.25,fairness_qp,0.5,0.1,60,0.01017473307410271,-0.003098237951832787,0.004609881298157618,0.0012368417271469863
0.1,0.25,fairness_qp,1.0,-0.1,60,0.00071897573750037,-0.0068433271240118335,0.0068433271240118335,0.00880144759642886
0.1,0.25,fairness_qp,1.0,0.0,60,0.004881152276170441,-0.0064077417911429955,0.0064077417911429955,0.005471706365492803
0.1,0.25,fairness_qp,1.0,0.1,60,0.008953134849103013,-0.0040024352478178074,0.004857071236130469,0.0022141203071467433
0.1,0.25,fairness_qp,1.5,-0.1,60,0.0016339058462692187,-0.005353189898028591,0.005353189898028591,0.008069503509413779
0.1,0.25,fairness_qp,1.5,0.0,60,0.004610446380982852,-0.004727972739843226,0.004732556284335017,0.005688271081642874
0.1,0.25,fairness_qp,1.5,0.1,60,0.00818899166855684,-0.0040537954124756324,0.004805009204644558,0.0028254348515836824
0.1,0.25,flat_level,0.5,-0.1,60,-0.00036832763009751686,-0.006704846350017454,0.006704846350017454,0.0014733105203900657
0.1,0.25,flat_level,0.5,0.0,60,-1.3505323817042566e-05,-0.00663131753698345,0.00663131753698345,0.0011894526753656856
0.1,0.25,flat_level,0.5,0.1,60,0.001137518520237698,-0.0057104984617396175,0.0057104984617396175,0.0002686336001218942
0.1,0.25,flat_level,1.0,-0.1,60,-0.00025322524569204396,-0.006329152375768543,0.006329152375768543,0.0013812286128656872
0.1,0.25,flat_level,1.0,0.0,60,0.000207184291929852,-0.006393023207046511,0.006393023207046511,0.0010129009827681702
0.1,0.25,flat_level,1.0,0.1,60,0.0008977985983626965,-0.005902274399239664,0.005902274399239664,0.000460409537621896
0.1,0.25,flat_level,1.5,-0.1,60,-1.3505323817040194e-05,-0.006106505119598856,0.006106505119598856,0.0011894526753656854
0.1,0.25,flat_level,1.5,0.0,60,0.00020718429192985227,-0.006059208900377529,0.006059208900377529,0.0010129009827681698
0.1,0.25,flat_level,1.5,0.1,60,0.0008977985983626984,-0.0058405317619002915,0.0058405317619002915,0.00046040953762189405
0.1,0.25,max_export_lp,0.5,-0.1,60,-0.001119580259398794,-0.0021748228101334476,0.0021748240195591886,0.004478364953064012
0.1,0.25,max_export_lp,0.5,0.0,60,-6.309834951674687e-05,-0.0014566012550878934,0.0014566013938129543,0.003633179425158375
0.1,0.25,max_export_lp,0.5,0.1,60,0.003435623827698595,0.0013423764866295632,1.1586174583707217e-05,0.0008342016833861027
0.1,0.25,max_export_lp,1.0,-0.1,60,-0.0007697108728186207,-0.0013870714099105267,0.0013870769695749372,0.0041984694437998725
0.1,0.25,max_export_lp,1.0,0.0,60,0.0006297808292090024,-0.0007753339393565447,0.0007866005868779872,0.0030788760821777754
0.1,0.25,max_export_lp,1.0,0.1,60,0.002729014843323574,0.0007770892991405469,6.838966444218108e-05,0.0013994888708861188
0.1,0.25,max_export_lp,1.5,-0.1,60,-6.310188844361172e-05,-0.0008217842224103451,0.0008217897820748221,0.003633182256299869
0.1,0.25,max_export_lp,1.5,0.0,60,0.0006297808292090034,-0.0007753339393565225,0.0007866005868779872,0.003078876082177774
0.1,0.25,max_export_lp,1.5,0.1,60,0.0027290141355381598,0.0009040527057067408,4.494782568247683e-05,0.0013994894371144493
0.1,0.25,weighted_proportional,0.5,-0.1,60,0.0002302907100325022,-0.011528982813177217,0.011528982813177217,0.011281170768220964
0.1,0.25,weighted_proportional,0.5,0.0,60,0.007300850572298204,-0.007762265008777103,0.008523315227910045,0.0056247228784084054
0.1,0.25,weighted_proportional,0.5,0.1,60,0.013062884872013543,-0.0031526375690048456,0.005665999409667888,0.001015095438636134
0.1,0.25,weighted_proportional,1.0,-0.1,60,0.0015895373821915358,-0.007184660466900698,0.007184660466900698,0.010193773430493741
0.1,0.25,weighted_proportional,1.0,0.0,60,0.006989437904163007,-0.0069820641244929295,0.007792025867186517,0.005873853012916564
0.1,0.25,weighted_proportional,1.0,0.1,60,0.011681043856388542,-0.004258110381504839,0.00630006487841788,0.0021205682511361355
0.1,0.25,weighted_proportional,1.5,-0.1,60,0.002510764725941536,-0.006447678591900811,0.006607591168497506,0.009456791555493739
0.1,0.25,weighted_proportional,1.5,0.0,60,0.006105296727077666,-0.006828977999541023,0.007516640475561539,0.006581165954584836
0.1,0.25,weighted_proportional,1.5,0.1,60,0.010538781218367209,-0.004142589473129577,0.005993252315412859,0.0030343783615532018
0.1,0.5,equal_kw_reduction,0.5,-0.1,60,-0.001524143158487343,-0.003188647096426004,0.003188647096426004,0.006215665354268269
0.1,0.5,equal_kw_reduction,0.5,0.0,60,0.003599149639725543,-0.003078424549494326,0.003355001904153528,0.002800136822126342
0.1,0.5,equal_kw_reduction,0.5,0.1,60,0.007430375821257435,-0.0010910384331598818,0.0030169037268922725,0.000245986034438419
0.1,0.5,equal_kw_reduction,1.0,-0.1,60,-0.0003420895505441894,-0.002397168275264024,0.002397168275264024,0.005427629615639499
0.1,0.5,equal_kw_reduction,1.0,0.0,60,0.003169081003088779,-0.0024237639584898146,0.00286034094469431,0.003086849246550855
0.1,0.5,equal_kw_reduction,1.0,0.1,60,0.006199397928215601,-0.0016472810251864979,0.0030836445919862603,0.0010666379631329725
0.1,0.5,equal_kw_reduction,1.5,-0.1,60,0.00047186344153504935,-0.0017094494453508303,0.001906114385331111,0.004884994287586674
0.1,0.5,equal_kw_reduction,1.5,0.0,60,0.0029173954464215687,-0.0020798766959767715,0.0027208466758663545,0.003254639617662329
0.1,0.5,equal_kw_reduction,1.5,0.1,60,0.005125167925470496,-0.0018749880222219387,0.00295391593578338,0.0017827912982963747
0.1,0.5,fairness_qp,0.5,-0.1,60,-0.00028102295819535023,-0.005093462374058769,0.005093462374058769,0.005061685948887931
0.1,0.5,fairness_qp,0.5,0.0,60,0.004629843966669243,-0.003964849333232619,0.003984999855253124,0.0017877746656448684
0.1,0.5,fairness_qp,0.5,0.1,60,0.007155229355012691,-0.002333414386968691,0.0032723435551613314,0.00010418440674923566
0.1,0.5,fairness_qp,1.0,-0.1,60,0.0003404536638193426,-0.004138832461663992,0.004138832461663992,0.004647368200878134
0.1,0.5,fairness_qp,1.0,0.0,60,0.0037732961533733897,-0.003922280812040313,0.003938766917231755,0.002358806541175437
0.1,0.5,fairness_qp,1.0,0.1,60,0.006240595898469347,-0.0028910147132073035,0.0034822822364815637,0.0007139400444447976
0.1,0.5,fairness_qp,1.5,-0.1,60,0.0008565152580177607,-0.0033117421647917383,0.0033117421647917383,0.004303327138079189
0.1,0.5,fairness_qp,1.5,0.0,60,0.0033261685876418952,-0.0028624383470258865,0.00294102199788705,0.002656891584996434
0.1,0.5,fairness_qp,1.5,0.1,60,0.005323624081848679,-0.0030973501043764172,0.003472399436965464,0.001325254588858577
0.1,0.5,flat_level,0.5,-0.1,60,0.0,0.0,0.0,0.0
0.1,0.5,flat_level,0.5,0.0,60,0.0,0.0,0.0,0.0
0.1,0.5,flat_level,0.5,0.1,60,0.0,0.0,0.0,0.0
0.1,0.5,flat_level,1.0,-0.1,60,0.0,0.0,0.0,0.0
0.1,0.5,flat_level,1.0,0.0,60,0.0,0.0,0.0,0.0
0.1,0.5,flat_level,1.0,0.1,60,0.0,0.0,0.0,0.0
0.1,0.5,flat_level,1.5,-0.1,60,0.0,0.0,0.0,0.0
0.1,0.5,flat_level,1.5,0.0,60,0.0,0.0,0.0,0.0
0.1,0.5,flat_level,1.5,0.1,60,0.0,0.0,0.0,0.0
0.1,0.5,max_export_lp,0.5,-0.1,60,1.069575305588279e-08,8.647292659702543e-10,3.446964750667784e-10,5.662282824327643e-10
0.1,0.5,max_export_lp,0.5,0.0,60,1.1545095479416288e-08,5.666317415276012e-11,8.206188691535962e-11,0.0
0.1,0.5,max_export_lp,0.5,0.1,60,1.1545095479416288e-08,5.663948199341462e-11,8.207626430352851e-11,0.0
0.1,0.5,max_export_lp,1.0,-0.1,60,7.29838336053449e-09,4.0967855774454165e-09,1.4628788328844658e-09,2.8311414125685903e-09
0.1,0.5,max_export_lp,1.0,0.0,60,1.069575305588279e-08,8.646820333820433e-10,3.44713183923299e-10,5.662282824327643e-10
0.1,0.5,max_export_lp,1.0,0.1,60,1.1545095479416288e-08,5.664423744870343e-11,8.207337772366449e-11,0.0
0.1,0.5,max_export_lp,1.5,-0.1,60,7.298383360071897e-09,4.096785658861772e-09,1.4628788180814922e-09,2.831141412742063e-09
0.1,0.5,max_export_lp,1.5,0.0,60,1.0695753055651493e-08,8.646820518857604e-10,3.44713183923299e-10,5.662282826062366e-10
0.1,0.5,max_export_lp,1.5,0.1,60,1.069575305588279e-08,8.646820111775829e-10,3.447132024270161e-10,5.662282824327643e-10
0.1,0.5,weighted_proportional,0.5,-0.1,60,-0.00022884402913391806,-0.005995471501410476,0.005995471501410476,0.006558854862443328
0.1,0.5,weighted_proportional,0.5,0.0,60,0.0070392621886150135,-0.0026708966875391964,0.0040071155901423555,0.001713450717277374
0.1,0.5,weighted_proportional,0.5,0.1,60,0.009526532186606889,-0.0010127166888779459,0.003302122448066595,5.5270718616123955e-05
0.1,0.5,weighted_proportional,1.0,-0.1,60,0.0009595348612902653,-0.003421896915716201,0.0037582879051197724,0.005766602268827206
0.1,0.5,weighted_proportional,1.0,0.0,60,0.005668547022989416,-0.0029242765332817074,0.004010079494269602,0.0026272608276944388
0.1,0.5,weighted_proportional,1.0,0.1,60,0.008642171468660139,-0.001602290500842444,0.0034957018604424277,0.0006448445305806238
0.1,0.5,weighted_proportional,1.5,-0.1,60,0.0012911591729870128,-0.003200814041251813,0.0036094937089539442,0.005545519394362707
0.1,0.5,weighted_proportional,1.5,0.0,60,0.004607577610487008,-0.0027711904083297934,0.003724200535976337,0.0033345737693627102
0.1,0.5,weighted_proportional,1.5,0.1,60,0.00727145630303454,-0.0018556703465849552,0.0033932954852994007,0.0015586546409976896
0.1,1.0,equal_kw_reduction,0.5,-0.1,60,-0.0024922330656319204,-0.002512542442914034,0.002512542442914034,0.004028013242937342
0.1,1.0,equal_kw_reduction,0.5,0.0,60,0.0026267031729232224,-0.0027818719229129483,0.002867804432644531,0.0014685451236597696
0.1,1.0,equal_kw_reduction,0.5,0.1,60,0.0054196463458724,-0.001873968063403327,0.0026790255220768906,7.207353718518064e-05
0.1,1.0,equal_kw_reduction,1.0,-0.1,60,-0.0014830628180066336,-0.0020178018037864047,0.0020178018037864047,0.003523428119124698
0.1,1.0,equal_kw_reduction,1.0,0.0,60,0.0018890798284690168,-0.002350801810172539,0.0024640918560527043,0.0018373567958868725
0.1,1.0,equal_kw_reduction,1.0,0.1,60,0.00444446867116604,-0.002135393112173049,0.002712626226091549,0.0005596623745383611
0.1,1.0,equal_kw_reduction,1.5,-0.1,60,-0.0009680996619009869,-0.001634054937481936,0.001646782024043795,0.0032659465410718744
0.1,1.0,equal_kw_reduction,1.5,0.0,60,0.0015534990862460611,-0.0020774967147942397,0.002335149668610659,0.0020051471669983506
0.1,1.0,equal_kw_reduction,1.5,0.1,60,0.0033954367315701993,-0.0022398745745745075,0.0025994579966478544,0.0010841783443362814
0.1,1.0,fairness_qp,0.5,-0.1,60,-0.0007859125571405938,-0.0032486907636760432,0.0032486907636760432,0.0029907436359826686
0.1,1.0,fairness_qp,0.5,0.0,60,0.004008475081553418,-0.002498220144803794,0.0028130713399057337,0.0005935498166356626
0.1,1.0,fairness_qp,0.5,0.1,60,0.005180630910520309,-0.0019513654106470362,0.0026073290171672666,7.47190215221686e-06
0.1,1.0,fairness_qp,1.0,-0.1,60,-0.0004917020918492015,-0.0026724101443645156,0.0026724101443645156,0.0028436384033369722
0.1,1.0,fairness_qp,1.0,0.0,60,0.002847499852774141,-0.0026026467414676587,0.002756506604948254,0.0011740374310253011
0.1,1.0,fairness_qp,1.0,0.1,60,0.004730240158127721,-0.002137337607973344,0.0026624574626720227,0.00023266727834851098
0.1,1.0,fairness_qp,1.5,-0.1,60,-0.0004827626144367702,-0.0023708434650852447,0.0023708434650852447,0.0028391686646307567
0.1,1.0,fairness_qp,1.5,0.0,60,0.002251329765132149,-0.0018775833958314429,0.0021218623048401388,0.0014721224748462972
0.1,1.0,fairness_qp,1.5,0.1,60,0.003867522568552466,-0.0022495280976017867,0.002662252994043113,0.0006640260731361388
0.1,1.0,flat_level,0.5,-0.1,60,0.0,0.0,0.0,0.0
0.1,1.0,flat_level,0.5,0.0,60,0.0,0.0,0.0,0.0
0.1,1.0,flat_level,0.5,0.1,60,0.0,0.0,0.0,0.0
0.1,1.0,flat_level,1.0,-0.1,60,0.0,0.0,0.0,0.0
0.1,1.0,flat_level,1.0,0.0,60,0.0,0.0,0.0,0.0
0.1,1.0,flat_level,1.0,0.1,60,0.0,0.0,0.0,0.0
0.1,1.0,flat_level,1.5,-0.1,60,0.0,0.0,0.0,0.0
0.1,1.0,flat_level,1.5,0.0,60,0.0,0.0,0.0,0.0
0.1,1.0,flat_level,1.5,0.1,60,0.0,0.0,0.0,0.0
0.1,1.0,max_export_lp,0.5,-0.1,60,1.0409314411088886e-08,8.651841872560813e-10,3.442415537809514e-10,5.659908179286854e-10
0.1,1.0,max_export_lp,0.5,0.0,60,1.1541296046946256e-08,5.6737736731093944e-11,8.198732433702578e-11,0.0
0.1,1.0,max_export_lp,0.5,0.1,60,1.1541296046946256e-08,5.671474401225396e-11,8.200100228468917e-11,0.0
0.1,1.0,max_export_lp,1.0,-0.1,60,5.881387867081161e-09,4.09876810270049e-09,1.4608963076293927e-09,2.829954089932548e-09
0.1,1.0,max_export_lp,1.0,0.0,60,1.0409314411088886e-08,8.651383535488814e-10,3.44256863756461e-10,5.659908179286854e-10
0.1,1.0,max_export_lp,1.0,0.1,60,1.1541296046946256e-08,5.671935513854957e-11,8.199826003381834e-11,0.0
0.1,1.0,max_export_lp,1.5,-0.1,60,5.881387866734216e-09,4.098768184116845e-09,1.460896292826419e-09,2.82995409010602e-09
0.1,1.0,max_export_lp,1.5,0.0,60,1.0409314410741941e-08,8.651383757533419e-10,3.4425686005571757e-10,5.659908181021578e-10
0.1,1.0,max_export_lp,1.5,0.1,60,1.0409314411088886e-08,8.651383350451643e-10,3.4425687855943463e-10,5.659908179286854e-10
0.1,1.0,weighted_proportional,0.5,-0.1,60,-0.003508271460355582,-0.005995471501410476,0.005995471501410476,0.006558854862443328
0.1,1.0,weighted_proportional,0.5,0.0,60,0.006182536829976326,-0.0026708966875391964,0.0040071155901423555,0.001713450717277374
0.1,1.0,weighted_proportional,0.5,0.1,60,0.009498896827298825,-0.0010127166888779459,0.003302122448066595,5.5270718616123955e-05
0.1,1.0,weighted_proportional,1.0,-0.1,60,-0.0019237662731233377,-0.003421896915716201,0.0037582879051197724,0.005766602268827206
0.1,1.0,weighted_proportional,1.0,0.0,60,0.004354916609142196,-0.0029242765332817074,0.004010079494269602,0.0026272608276944388
0.1,1.0,weighted_proportional,1.0,0.1,60,0.008319749203369826,-0.001602290500842444,0.0034957018604424277,0.0006448445305806238
0.1,1.0,weighted_proportional,1.5,-0.1,60,-0.001481600524194341,-0.003200814041251813,0.0036094937089539442,0.005545519394362707
0.1,1.0,weighted_proportional,1.5,0.0,60,0.0029402907258056538,-0.0027711904083297934,0.003724200535976337,0.0033345737693627102
0.1,1.0,weighted_proportional,1.5,0.1,60,0.006492128982535694,-0.0018556703465849552,0.0033932954852994007,0.0015586546409976896
0.1,2.0,equal_kw_reduction,0.5,-0.1,60,-0.0004005855111912955,-0.0009824324357865807,0.0009824324357865807,0.0008274463111128927
0.1,2.0,equal_kw_reduction,0.5,0.0,60,0.001830096907990307,-0.0018317275948091258,0.0018317275948091258,8.388550471902512e-05
0.1,2.0,equal_kw_reduction,0.5,0.1,60,0.0020817534221473826,-0.00202137447098422,0.0020284612326759042,0.0
0.1,2.0,equal_kw_reduction,1.0,-0.1,60,-0.00044194099293281495,-0.0010015413840637644,0.0010015413840637644,0.0008412314716933991
0.1,2.0,equal_kw_reduction,1.0,0.0,60,0.0011314192020344465,-0.001611924252629171,0.001611924252629171,0.0003167780733709787
0.1,2.0,equal_kw_reduction,1.0,0.1,60,0.0019205312443973512,-0.0019474667524837324,0.0019503166018360219,5.3740725916677155e-05
0.1,2.0,equal_kw_reduction,1.5,-0.1,60,-0.0005343787049965187,-0.0009643486674523416,0.0009643486674523416,0.0008720440423813004
0.1,2.0,equal_kw_reduction,1.5,0.0,60,0.0006280480886999984,-0.0015343278503113641,0.0015343278503113641,0.00048456844448246136
0.1,2.0,equal_kw_reduction,1.5,0.1,60,0.0016858735766275164,-0.0017918159689568854,0.0017918159689568854,0.000131959948506622
0.1,2.0,fairness_qp,0.5,-0.1,60,-0.0027584494276101643,-0.002926245031626055,0.002926245031626055,0.0024537727478264474
0.1,2.0,fairness_qp,0.5,0.0,60,0.003433887002172426,-0.002409558696291129,0.0027555356595942325,0.0003896606045655843
0.1,2.0,fairness_qp,0.5,0.1,60,0.004602868815869178,-0.0020573806154682997,0.002553781959648427,0.0
0.1,2.0,fairness_qp,1.0,-0.1,60,-0.002615927651719281,-0.00247570988035755,0.00247570988035755,0.002406265489196153
0.1,2.0,fairness_qp,1.0,0.0,60,0.0017709125418040237,-0.002514742076297956,0.0026775236779012944,0.000943985424688385
0.1,2.0,fairness_qp,1.0,0.1,60,0.004105662162704417,-0.0021856336444645796,0.0026079662972262755,0.0001657355510549204
0.1,2.0,fairness_qp,1.5,-0.1,60,-0.002692181261427239,-0.002232994737661527,0.002232994737661527,0.002431683359098806
0.1,2.0,fairness_qp,1.5,0.0,60,0.0008766574103410348,-0.001859866172510638,0.0020765203923062987,0.0012420704685093813
0.1,2.0,fairness_qp,1.5,0.1,60,0.0030879639939310906,-0.002225655012139442,0.0026083556899578124,0.0005049682739793627
0.1,2.0,flat_level,0.5,-0.1,60,0.0,0.0,0.0,0.0
0.1,2.0,flat_level,0.5,0.0,60,0.0,0.0,0.0,0.0
0.1,2.0,flat_level,0.5,0.1,60,0.0,0.0,0.0,0.0
0.1,2.0,flat_level,1.0,-0.1,60,0.0,0.0,0.0,0.0
0.1,2.0,flat_level,1.0,0.0,60,0.0,0.0,0.0,0.0
0.1,2.0,flat_level,1.0,0.1,60,0.0,0.0,0.0,0.0
0.1,2.0,flat_level,1.5,-0.1,60,0.0,0.0,0.0,0.0
0.1,2.0,flat_level,1.5,0.0,60,0.0,0.0,0.0,0.0
0.1,2.0,flat_level,1.5,0.1,60,0.0,0.0,0.0,0.0
0.1,2.0,max_export_lp,0.5,-0.1,60,9.8433235931602e-09,8.651841872560813e-10,3.442415537809514e-10,5.659908179286854e-10
0.1,2.0,max_export_lp,0.5,0.0,60,1.1541296046946256e-08,5.6737736731093944e-11,8.198732433702578e-11,0.0
0.1,2.0,max_export_lp,0.5,0.1,60,1.1541296046946256e-08,5.671474401225396e-11,8.200100228468917e-11,0.0
0.1,2.0,max_export_lp,1.0,-0.1,60,3.0514337771486133e-09,4.09876810270049e-09,1.4608963076293927e-09,2.829954089932548e-09
0.1,2.0,max_export_lp,1.0,0.0,60,9.8433235931602e-09,8.651383535488814e-10,3.44256863756461e-10,5.659908179286854e-10
0.1,2.0,max_export_lp,1.0,0.1,60,1.1541296046946256e-08,5.671935513854957e-11,8.199826003381834e-11,0.0
0.1,2.0,max_export_lp,1.5,-0.1,60,3.0514337766281963e-09,4.098768184116845e-09,1.460896292826419e-09,2.82995409010602e-09
0.1,2.0,max_export_lp,1.5,0.0,60,9.843323592639783e-09,8.651383757533419e-10,3.4425686005571757e-10,5.659908181021578e-10
0.1,2.0,max_export_lp,1.5,0.1,60,9.8433235931602e-09,8.651383350451643e-10,3.4425687855943463e-10,5.659908179286854e-10
0.1,2.0,weighted_proportional,0.5,-0.1,60,-0.0019499814751412412,-0.0013240345184766023,0.0016843964332376004,0.002260312166270125
0.1,2.0,weighted_proportional,0.5,0.0,60,0.004455635662982374,-0.00036623296855520606,0.001545654139025369,0.00012510645356225345
0.1,2.0,weighted_proportional,0.5,0.1,60,0.004830955023669134,-0.0002411265149929657,0.0015045769519594612,0.0
0.1,2.0,weighted_proportional,1.0,-0.1,60,-0.0019499814751412327,-0.0009164132004311246,0.0013424293097960818,0.0022603121662701222
0.1,2.0,weighted_proportional,1.0,0.0,60,0.0024238735139841348,-0.0007264819220548928,0.0015748496407256543,0.000802360503228333
0.1,2.0,weighted_proportional,1.0,0.1,60,0.004455635662982374,-0.00036623296855520606,0.001545654139025369,0.0001251064535622533
0.1,2.0,weighted_proportional,1.5,-0.1,60,-0.001949981475141238,-0.0009164132004312357,0.001342429309796167,0.002260312166270124
0.1,2.0,weighted_proportional,1.5,0.0,60,0.0003019346889793154,-0.0005733957971030157,0.0012827879032545342,0.001509673444896606
0.1,2.0,weighted_proportional,1.5,0.1,60,0.003925150956731172,-0.00022605610780589055,0.0014105408924619867,0.0003019346889793206
0.1,5.0,equal_kw_reduction,0.5,-0.1,60,0.0003864494721436063,-0.000591153113177915,0.000591153113177915,5.39954407978359e-05
0.1,5.0,equal_kw_reduction,0.5,0.0,60,0.0007027428200630336,-0.0013835014394059616,0.0013835014394059616,1.279882811264695e-06
0.1,5.0,equal_kw_reduction,0.5,0.1,60,0.0007104221169306217,-0.0015310923222701925,0.0015310923222701925,0.0
0.1,5.0,equal_kw_reduction,1.0,-0.1,60,0.00012286983584647353,-0.0006073551293348671,0.0006073551293348671,9.792538018069137e-05
0.1,5.0,equal_kw_reduction,1.0,0.0,60,0.0005830631506909157,-0.0011553301081755822,0.0011553301081755822,2.122649437328435e-05
0.1,5.0,equal_kw_reduction,1.0,0.1,60,0.0007027428200630336,-0.0014628991810995788,0.0014628991810995788,1.279882811264695e-06
0.1,5.0,equal_kw_reduction,1.5,-0.1,60,-6.200558828093541e-05,-0.0006008022339311081,0.0006008022339311081,0.00012873795086859285
0.1,5.0,equal_kw_reduction,1.5,0.0,60,0.00037425764731728356,-0.0010800796030442001,0.0010800796030442001,5.6027411602223026e-05
0.1,5.0,equal_kw_reduction,1.5,0.1,60,0.000613780338161269,-0.0013487049311644793,0.0013487049311644793,1.6106963128225456e-05
0.1,5.0,fairness_qp,0.5,-0.1,60,0.00012229918946008117,-0.0007775548559462719,0.0007780232716211347,0.0001843994001020429
0.1,5.0,fairness_qp,0.5,0.0,60,0.0012253014448950412,-0.0011845262481181154,0.0011862860225136903,5.656908628829012e-07
0.1,5.0,fairness_qp,0.5,0.1,60,0.0012286955900723386,-0.0011980918465387624,0.0011993972660822212,0.0
0.1,5.0,fairness_qp,1.0,-0.1,60,-0.0009362075798221307,-0.0007874906939127883,0.0007888940069718075,0.00036081719498241155
0.1,5.0,fairness_qp,1.0,0.0,60,0.0007941746462247613,-0.0010802477505506816,0.001082733927829016,7.242015730792953e-05
0.1,5.0,fairness_qp,1.0,0.1,60,0.0012253014448950414,-0.0011845262493652697,0.0011862860237789744,5.656908628828723e-07
0.1,5.0,fairness_qp,1.5,-0.1,60,-0.0010887147992380487,-0.0007582592286009881,0.0007608906675376985,0.00038623506488506457
0.1,5.0,fairness_qp,1.5,0.0,60,0.00010284757738512546,-0.0008476494071199178,0.0008476494071199178,0.00018764133544786884
0.1,5.0,fairness_qp,1.5,0.1,60,0.0008077512269339495,-0.001134510137997502,0.0011351788957767192,7.015739385639818e-05
0.1,5.0,flat_level,0.5,-0.1,60,0.0,0.0,0.0,0.0
0.1,5.0,flat_level,0.5,0.0,60,0.0,0.0,0.0,0.0
0.1,5.0,flat_level,0.5,0.1,60,0.0,0.0,0.0,0.0
0.1,5.0,flat_level,1.0,-0.1,60,0.0,0.0,0.0,0.0
0.1,5.0,flat_level,1.0,0.0,60,0.0,0.0,0.0,0.0
0.1,5.0,flat_level,1.0,0.1,60,0.0,0.0,0.0,0.0
0.1,5.0,flat_level,1.5,-0.1,60,0.0,0.0,0.0,0.0
0.1,5.0,flat_level,1.5,0.0,60,0.0,0.0,0.0,0.0
0.1,5.0,flat_level,1.5,0.1,60,0.0,0.0,0.0,0.0
0.1,5.0,max_export_lp,0.5,-0.1,60,8.145351139374143e-09,8.651841872560813e-10,3.442415537809514e-10,5.659908179286854e-10
0.1,5.0,max_export_lp,0.5,0.0,60,1.1541296046946256e-08,5.6737736731093944e-11,8.198732433702578e-11,0.0
0.1,5.0,max_export_lp,0.5,0.1,60,1.1541296046946256e-08,5.671474401225396e-11,8.200100228468917e-11,0.0
0.1,5.0,max_export_lp,1.0,-0.1,60,-5.43842849264903e-09,4.09876810270049e-09,1.4608963076293927e-09,2.829954089932548e-09
0.1,5.0,max_export_lp,1.0,0.0,60,8.145351139374143e-09,8.651383535488814e-10,3.44256863756461e-10,5.659908179286854e-10
0.1,5.0,max_export_lp,1.0,0.1,60,1.1541296046946256e-08,5.671935513854957e-11,8.199826003381834e-11,0.0
0.1,5.0,max_export_lp,1.5,-0.1,60,-5.438428493689864e-09,4.098768184116845e-09,1.460896292826419e-09,2.82995409010602e-09
0.1,5.0,max_export_lp,1.5,0.0,60,8.14535113833331e-09,8.651383757533419e-10,3.4425686005571757e-10,5.659908181021578e-10
0.1,5.0,max_export_lp,1.5,0.1,60,8.145351139374143e-09,8.651383350451643e-10,3.4425687855943463e-10,5.659908179286854e-10
0.1,5.0,weighted_proportional,0.5,-0.1,60,-0.008730917973951617,-0.0013240345184766023,0.0016843964332376004,0.002260312166270125
0.1,5.0,weighted_proportional,0.5,0.0,60,0.0040803163022956135,-0.00036623296855520606,0.001545654139025369,0.00012510645356225345
0.1,5.0,weighted_proportional,0.5,0.1,60,0.004830955023669134,-0.0002411265149929657,0.0015045769519594612,0.0
0.1,5.0,weighted_proportional,1.0,-0.1,60,-0.0087309179739516,-0.0009164132004311246,0.0013424293097960818,0.0022603121662701222
0.1,5.0,weighted_proportional,1.0,0.0,60,1.679200429913552e-05,-0.0007264819220548928,0.0015748496407256543,0.000802360503228333
0.1,5.0,weighted_proportional,1.0,0.1,60,0.004080316302295614,-0.00036623296855520606,0.001545654139025369,0.0001251064535622533
0.1,5.0,weighted_proportional,1.5,-0.1,60,-0.00873091797395161,-0.0009164132004312357,0.001342429309796167,0.002260312166270124
0.1,5.0,weighted_proportional,1.5,0.0,60,-0.0042270856457105035,-0.0005733957971030157,0.0012827879032545342,0.001509673444896606
0.1,5.0,weighted_proportional,1.5,0.1,60,0.0030193468897932105,-0.00022605610780589055,0.0014105408924619867,0.0003019346889793206
0.1,10.0,equal_kw_reduction,0.5,-0.1,60,0.0003448442852399699,-0.000474843102000011,0.000474843102000011,2.6812345300085966e-05
0.1,10.0,equal_kw_reduction,0.5,0.0,60,0.000639701450368986,-0.0011999032357606612,0.0011999032357606612,7.148470175406355e-09
0.1,10.0,equal_kw_reduction,0.5,0.1,60,0.0006397800835409155,-0.0013306112905716815,0.0013306112905716815,0.0
0.1,10.0,equal_kw_reduction,1.0,-0.1,60,-0.00011056664215767882,-0.000501830251263069,0.000501830251263069,6.821333869987222e-05
0.1,10.0,equal_kw_reduction,1.0,0.0,60,0.0005108553543981419,-0.0009937578450773218,0.0009937578450773218,1.1720429922070329e-05
0.1,10.0,equal_kw_reduction,1.0,0.1,60,0.000639701450368986,-0.0012696180108439758,0.0012696180108439758,7.148470175406355e-09
0.1,10.0,equal_kw_reduction,1.5,-0.1,60,-0.0004495049197245965,-0.0005001188391644614,0.0005001188391644614,9.902590938777382e-05
0.1,10.0,equal_kw_reduction,1.5,0.0,60,0.000238492139879816,-0.0009120978274247923,0.0009120978274247923,3.6480722151009045e-05
0.1,10.0,equal_kw_reduction,1.5,0.1,60,0.0005111698870858597,-0.001168016188904845,0.001168016188904845,1.1691836041368703e-05
0.1,10.0,fairness_qp,0.5,-0.1,60,-0.0006817228055797787,-0.0006758671682439673,0.0006763355839188301,0.00017018976597859257
0.1,10.0,fairness_qp,0.5,0.0,60,0.001188232565087917,-0.0010589703007706933,0.0010607300751662681,1.9382319062025145e-07
0.1,10.0,fairness_qp,0.5,0.1,60,0.0011903646201847397,-0.0010720055269898498,0.0010733109465333086,0.0
0.1,10.0,fairness_qp,1.0,-0.1,60,-0.0026223185492638334,-0.0006907559220232229,0.0006921592350822421,0.0003466075608589612
0.1,10.0,fairness_qp,1.0,0.0,60,0.00043645760917479444,-0.00096085514980692,0.0009633413270852542,6.853700100090411e-05
0.1,10.0,fairness_qp,1.0,0.1,60,0.001188232565087917,-0.0010589703020696616,0.0010607300764833665,1.9382319062025145e-07
0.1,10.0,fairness_qp,1.5,-0.1,60,-0.0029019151181930167,-0.0006739222084737132,0.0006765536474104235,0.00037202543076161426
0.1,10.0,fairness_qp,1.5,0.0,60,-0.0007419273607531965,-0.0007460876511294568,0.0007460876511294568,0.0001756629073579942
0.1,10.0,fairness_qp,1.5,0.1,60,0.00044498582956208424,-0.0010129960481887006,0.0010136648059679177,6.776170823842322e-05
0.1,10.0,flat_level,0.5,-0.1,60,0.0,0.0,0.0,0.0
0.1,10.0,flat_level,0.5,0.0,60,0.0,0.0,0.0,0.0
0.1,10.0,flat_level,0.5,0.1,60,0.0,0.0,0.0,0.0
0.1,10.0,flat_level,1.0,-0.1,60,0.0,0.0,0.0,0.0
0.1,10.0,flat_level,1.0,0.0,60,0.0,0.0,0.0,0.0
0.1,10.0,flat_level,1.0,0.1,60,0.0,0.0,0.0,0.0
0.1,10.0,flat_level,1.5,-0.1,60,0.0,0.0,0.0,0.0
0.1,10.0,flat_level,1.5,0.0,60,0.0,0.0,0.0,0.0
0.1,10.0,flat_level,1.5,0.1,60,0.0,0.0,0.0,0.0
0.1,10.0,max_export_lp,0.5,-0.1,60,5.315397049730717e-09,8.651841872560813e-10,3.442415537809514e-10,5.659908179286854e-10
0.1,10.0,max_export_lp,0.5,0.0,60,1.1541296046946256e-08,5.6737736731093944e-11,8.198732433702578e-11,0.0
0.1,10.0,max_export_lp,0.5,0.1,60,1.1541296046946256e-08,5.671474401225396e-11,8.200100228468917e-11,0.0
0.1,10.0,max_export_lp,1.0,-0.1,60,-1.958819894231177e-08,4.09876810270049e-09,1.4608963076293927e-09,2.829954089932548e-09
0.1,10.0,max_export_lp,1.0,0.0,60,5.315397049730717e-09,8.651383535488814e-10,3.44256863756461e-10,5.659908179286854e-10
0.1,10.0,max_export_lp,1.0,0.1,60,1.1541296046946256e-08,5.671935513854957e-11,8.199826003381834e-11,0.0
0.1,10.0,max_export_lp,1.5,-0.1,60,-1.9588198944219966e-08,4.098768184116845e-09,1.460896292826419e-09,2.82995409010602e-09
0.1,10.0,max_export_lp,1.5,0.0,60,5.315397047822521e-09,8.651383757533419e-10,3.4425686005571757e-10,5.659908181021578e-10
0.1,10.0,max_export_lp,1.5,0.1,60,5.315397049730717e-09,8.651383350451643e-10,3.4425687855943463e-10,5.659908179286854e-10
0.1,10.0,weighted_proportional,0.5,-0.1,60,0.0,0.0,0.0,0.0
0.1,10.0,weighted_proportional,0.5,0.0,60,0.0,0.0,0.0,0.0
0.1,10.0,weighted_proportional,0.5,0.1,60,0.0,0.0,0.0,0.0
0.1,10.0,weighted_proportional,1.0,-0.1,60,0.0,0.0,0.0,0.0
0.1,10.0,weighted_proportional,1.0,0.0,60,0.0,0.0,0.0,0.0
0.1,10.0,weighted_proportional,1.0,0.1,60,0.0,0.0,0.0,0.0
0.1,10.0,weighted_proportional,1.5,-0.1,60,0.0,0.0,0.0,0.0
0.1,10.0,weighted_proportional,1.5,0.0,60,0.0,0.0,0.0,0.0
0.1,10.0,weighted_proportional,1.5,0.1,60,0.0,0.0,0.0,0.0
0.2,0.0,equal_kw_reduction,0.5,-0.1,60,0.0025753253456397363,-0.011693812923512348,0.011693812923512348,0.022193634551592685
0.2,0.0,equal_kw_reduction,0.5,0.0,60,0.0060979929431850596,-0.015103137614764235,0.015103137614764235,0.018670966954047363
0.2,0.0,equal_kw_reduction,0.5,0.1,60,0.01117723913178797,-0.013628004502417886,0.013645110084250208,0.013591720765444454
0.2,0.0,equal_kw_reduction,1.0,-0.1,60,0.004728678069779864,-0.009007471291073984,0.009007471291073984,0.020040281827452558
0.2,0.0,equal_kw_reduction,1.0,0.0,60,0.007847412251018364,-0.01097814424247586,0.01097814424247586,0.01692154764621406
0.2,0.0,equal_kw_reduction,1.0,0.1,60,0.011722611276168755,-0.009368948924105195,0.01012897163856843,0.013046348621063665
0.2,0.0,equal_kw_reduction,1.5,-0.1,60,0.006285674536599535,-0.007382866206636921,0.007472833331643762,0.018483285360632887
0.2,0.0,equal_kw_reduction,1.5,0.0,60,0.009271980278822504,-0.008973151613043965,0.009323428021855994,0.01549697961840992
0.2,0.0,equal_kw_reduction,1.5,0.1,60,0.012005695948469048,-0.006725153067428476,0.007948205241600788,0.012763263948763372
0.2,0.0,fairness_qp,0.5,-0.1,60,0.0029376145509022304,-0.015678034513584866,0.015678034513584866,0.021260077931739715
0.2,0.0,fairness_qp,0.5,0.0,60,0.006680562143124331,-0.017178177093907742,0.017178177093907742,0.017517130339517618
0.2,0.0,fairness_qp,0.5,0.1,60,0.011735421057705881,-0.013655893238088739,0.013655893238088739,0.012462271424936064
0.2,0.0,fairness_qp,1.0,-0.1,60,0.005071587386892816,-0.011663902159803563,0.011663902159803563,0.019126105095749128
0.2,0.0,fairness_qp,1.0,0.0,60,0.008076041613745123,-0.011353957415913607,0.011353957415913607,0.016121650868896824
0.2,0.0,fairness_qp,1.0,0.1,60,0.012055371234581414,-0.011333328123003006,0.011333328123003006,0.012142321248060532
0.2,0.0,fairness_qp,1.5,-0.1,60,0.006607717061654107,-0.010127772485042355,0.010127772485042355,0.01758997542098784
0.2,0.0,fairness_qp,1.5,0.0,60,0.009358363507803601,-0.008191476004064424,0.008191476004064424,0.014839328974838344
0.2,0.0,fairness_qp,1.5,0.1,60,0.011970998679568245,-0.007459000350090502,0.007975381509149412,0.0122266938030737
0.2,0.0,flat_level,0.5,-0.1,60,9.208190752437847e-05,-0.0240181268691606,0.0240181268691606,0.004578352632518536
0.2,0.0,flat_level,0.5,0.0,60,0.0005462568813718952,-0.024697863652897944,0.024697863652897944,0.0041241776586710185
0.2,0.0,flat_level,0.5,0.1,60,0.0015279850452681702,-0.023945280502509228,0.023945280502509228,0.0031424494947747436
0.2,0.0,flat_level,1.0,-0.1,60,0.0006321042251218963,-0.021888512893105803,0.021888512893105803,0.004038330314921018
0.2,0.0,flat_level,1.0,0.0,60,0.0010036191638501987,-0.022541102741679465,0.022541102741679465,0.0036668153761927154
0.2,0.0,flat_level,1.0,0.1,60,0.001899499983996474,-0.02311815124073475,0.02311815124073475,0.0027709345560464403
0.2,0.0,flat_level,1.5,-0.1,60,0.001003619163850198,-0.0187775714701751,0.0187775714701751,0.003666815376192716
0.2,0.0,flat_level,1.5,0.0,60,0.0013470085388501978,-0.021178177382369334,0.021178177382369334,0.0033234260011927165
0.2,0.0,flat_level,1.5,0.1,60,0.0020120022389096843,-0.02141997468106298,0.02141997468106298,0.00265843230113323
0.2,0.0,max_export_lp,0.5,-0.1,60,0.00027990648551967813,-0.006883244187021879,0.006883249746686289,0.014196230037234076
0.2,0.0,max_export_lp,0.5,0.0,60,0.001672102814943656,-0.006398006399134322,0.00639800760852954,0.012804033707810098
0.2,0.0,max_export_lp,0.5,0.1,60,0.0047116585006643326,-0.0035096174266045833,0.0035096175653221984,0.009764478022089422
0.2,0.0,max_export_lp,1.0,-0.1,60,0.0019418570567850907,-0.003967415848090601,0.003967420706391301,0.012534279465968664
0.2,0.0,max_export_lp,1.0,0.0,60,0.003114769494393821,-0.00404838117821299,0.004048386737857334,0.011361367028359933
0.2,0.0,max_export_lp,1.0,0.1,60,0.005873184802078492,-0.001894632723117251,0.002226421789759647,0.008602951720675262
0.2,0.0,max_export_lp,1.5,-0.1,60,0.0031147694005346613,-0.002794503504340947,0.002794508362641668,0.011361367122219091
0.2,0.0,max_export_lp,1.5,0.0,60,0.004193795799190199,-0.0017154771057507068,0.001859913047634317,0.010282340723563554
0.2,0.0,max_export_lp,1.5,0.1,60,0.006203184319254427,-0.000915255341215874,0.0015862826888537092,0.008272952203499327
0.2,0.0,weighted_proportional,0.5,-0.1,60,0.004156056214587746,-0.08212843323538536,0.08212843323538536,0.024221900552085326
0.2,0.0,weighted_proportional,0.5,0.0,60,0.00891676946875601,-0.10127686592187186,0.10127686592187186,0.019461187297917064
0.2,0.0,weighted_proportional,0.5,0.1,60,0.014620961766673083,-0.10113089198435984,0.10113089198435984,0.01375699499999999
0.2,0.0,weighted_proportional,1.0,-0.1,60,0.006367001839587748,-0.07321239761424733,0.07321239761424733,0.022010954927085324
0.2,0.0,weighted_proportional,1.0,0.0,60,0.010174741527087743,-0.07610974792288543,0.07610974792288543,0.018203215239585332
0.2,0.0,weighted_proportional,1.0,0.1,60,0.014566963843756017,-0.09395039904783735,0.09395039904783735,0.013810992922917055
0.2,0.0,weighted_proportional,1.5,-0.1,60,0.00796379590208774,-0.07161560355174752,0.07161560355174752,0.02041416086458533
0.2,0.0,weighted_proportional,1.5,0.0,60,0.011648705277087746,-0.06793069417674738,0.06793069417674738,0.016729251489585328
0.2,0.0,weighted_proportional,1.5,0.1,60,0.014350972152087745,-0.07193351729788544,0.07193351729788544,0.014026984614585326
0.2,0.05,equal_kw_reduction,0.5,-0.1,60,0.0014656436180600998,-0.011693812923512348,0.011693812923512348,0.022193634551592685
0.2,0.05,equal_kw_reduction,0.5,0.0,60,0.005164444595482694,-0.015103137614764235,0.015103137614764235,0.018670966954047363
0.2,0.05,equal_kw_reduction,0.5,0.1,60,0.010497653093515745,-0.013628004502417886,0.013645110084250208,0.013591720765444454
0.2,0.05,equal_kw_reduction,1.0,-0.1,60,0.003726663978407236,-0.009007471291073984,0.009007471291073984,0.020040281827452558
0.2,0.05,equal_kw_reduction,1.0,0.0,60,0.007001334868707661,-0.01097814424247586,0.01097814424247586,0.01692154764621406
0.2,0.05,equal_kw_reduction,1.0,0.1,60,0.01107029384511557,-0.009368948924105195,0.01012897163856843,0.013046348621063665
0.2,0.05,equal_kw_reduction,1.5,-0.1,60,0.005361510268567892,-0.007382866206636921,0.007472833331643762,0.018483285360632887
0.2,0.05,equal_kw_reduction,1.5,0.0,60,0.008497131297902007,-0.008973151613043965,0.009323428021855994,0.01549697961840992
0.2,0.05,equal_kw_reduction,1.5,0.1,60,0.011367532751030883,-0.006725153067428476,0.007948205241600788,0.012763263948763372
0.2,0.05,fairness_qp,0.5,-0.1,60,0.0018746106543152444,-0.015678034513584866,0.015678034513584866,0.021260077931739715
0.2,0.05,fairness_qp,0.5,0.0,60,0.005804705626148449,-0.017178177093907742,0.017178177093907742,0.017517130339517618
0.2,0.05,fairness_qp,0.5,0.1,60,0.011112307486459078,-0.013655893238088739,0.013655893238088739,0.012462271424936064
0.2,0.05,fairness_qp,1.0,-0.1,60,0.00411528213210536,-0.011663902159803563,0.011663902159803563,0.019126105095749128
0.2,0.05,fairness_qp,1.0,0.0,60,0.007269959070300282,-0.011353957415913607,0.011353957415913607,0.016121650868896824
0.2,0.05,fairness_qp,1.0,0.1,60,0.011448255172178385,-0.011333328123003006,0.011333328123003006,0.012142321248060532
0.2,0.05,fairness_qp,1.5,-0.1,60,0.005728218290604714,-0.010127772485042355,0.010127772485042355,0.01758997542098784
0.2,0.05,fairness_qp,1.5,0.0,60,0.008616397059061682,-0.008191476004064424,0.008191476004064424,0.014839328974838344
0.2,0.05,fairness_qp,1.5,0.1,60,0.011359663989414561,-0.007459000350090502,0.007975381509149412,0.0122266938030737
0.2,0.05,flat_level,0.5,-0.1,60,-0.00013683572410154717,-0.0240181268691606,0.0240181268691606,0.004578352632518536
0.2,0.05,flat_level,0.5,0.0,60,0.00034004799843834313,-0.024697863652897944,0.024697863652897944,0.0041241776586710185
0.2,0.05,flat_level,0.5,0.1,60,0.0013708625705294328,-0.023945280502509228,0.023945280502509228,0.0031424494947747436
0.2,0.05,flat_level,1.0,-0.1,60,0.0004301877093758466,-0.021888512893105803,0.021888512893105803,0.004038330314921018
0.2,0.05,flat_level,1.0,0.0,60,0.0008202783950405639,-0.022541102741679465,0.022541102741679465,0.0036668153761927154
0.2,0.05,flat_level,1.0,0.1,60,0.0017609532561941527,-0.02311815124073475,0.02311815124073475,0.0027709345560464403
0.2,0.05,flat_level,1.5,-0.1,60,0.0008202783950405632,-0.0187775714701751,0.0187775714701751,0.003666815376192716
0.2,0.05,flat_level,1.5,0.0,60,0.0011808372387905619,-0.021178177382369334,0.021178177382369334,0.0033234260011927165
0.2,0.05,flat_level,1.5,0.1,60,0.001879080623853023,-0.02141997468106298,0.02141997468106298,0.00265843230113323
0.2,0.05,max_export_lp,0.5,-0.1,60,-0.00042990501634202513,-0.006883244187021879,0.006883249746686289,0.014196230037234076
0.2,0.05,max_export_lp,0.5,0.0,60,0.001031901129553149,-0.006398006399134322,0.00639800760852954,0.012804033707810098
0.2,0.05,max_export_lp,0.5,0.1,60,0.004223434599559859,-0.0035096174266045833,0.0035096175653221984,0.009764478022089422
0.2,0.05,max_export_lp,1.0,-0.1,60,0.0013151430834866585,-0.003967415848090601,0.003967420706391301,0.012534279465968664
0.2,0.05,max_export_lp,1.0,0.0,60,0.002546701142975825,-0.00404838117821299,0.004048386737857334,0.011361367028359933
0.2,0.05,max_export_lp,1.0,0.1,60,0.005443037216044731,-0.001894632723117251,0.002226421789759647,0.008602951720675262
0.2,0.05,max_export_lp,1.5,-0.1,60,0.002546701044423707,-0.002794503504340947,0.002794508362641668,0.011361367122219091
0.2,0.05,max_export_lp,1.5,0.0,60,0.0036796787630120195,-0.0017154771057507068,0.001859913047634317,0.010282340723563554
0.2,0.05,max_export_lp,1.5,0.1,60,0.00578953670907946,-0.000915255341215874,0.0015862826888537092,0.008272952203499327
0.2,0.05,weighted_proportional,0.5,-0.1,60,0.0029449611869834806,-0.08212843323538536,0.08212843323538536,0.024221900552085326
0.2,0.05,weighted_proportional,0.5,0.0,60,0.007943710103860161,-0.10127686592187186,0.10127686592187186,0.019461187297917064
0.2,0.05,weighted_proportional,0.5,0.1,60,0.01393311201667308,-0.10113089198435984,0.10113089198435984,0.01375699499999999
0.2,0.05,weighted_proportional,1.0,-0.1,60,0.005266454093233481,-0.07321239761424733,0.07321239761424733,0.022010954927085324
0.2,0.05,weighted_proportional,1.0,0.0,60,0.009264580765108475,-0.07610974792288543,0.07610974792288543,0.018203215239585332
0.2,0.05,weighted_proportional,1.0,0.1,60,0.013876414197610161,-0.09395039904783735,0.09395039904783735,0.013810992922917055
0.2,0.05,weighted_proportional,1.5,-0.1,60,0.006943087858858474,-0.07161560355174752,0.07161560355174752,0.02041416086458533
0.2,0.05,weighted_proportional,1.5,0.0,60,0.010812242702608476,-0.06793069417674738,0.06793069417674738,0.016729251489585328
0.2,0.05,weighted_proportional,1.5,0.1,60,0.01364962292135848,-0.07193351729788544,0.07193351729788544,0.014026984614585326
0.2,0.1,equal_kw_reduction,0.5,-0.1,60,0.0009077591033581064,-0.008266332777692287,0.008266332777692287,0.016675662422816314
0.2,0.1,equal_kw_reduction,0.5,0.0,60,0.004782693460657959,-0.010055263096181306,0.010055263096181306,0.01315299482527099
0.2,0.1,equal_kw_reduction,0.5,0.1,60,0.010124732807489017,-0.007974281891250889,0.008556525743468177,0.008296595419060939
0.2,0.1,equal_kw_reduction,1.0,-0.1,60,0.0030313156392800947,-0.005924075667277195,0.005924075667277195,0.01474515648106905
0.2,0.1,equal_kw_reduction,1.0,0.0,60,0.006327694115421217,-0.006863230865419342,0.007043501023119073,0.011748448775486213
0.2,0.1,equal_kw_reduction,1.0,0.1,60,0.00960988720055807,-0.005583460481472461,0.006632823418434452,0.008764636879907256
0.2,0.1,equal_kw_reduction,1.5,-0.1,60,0.004609782629560513,-0.004444133533215992,0.004786916159336485,0.013310186489905033
0.2,0.1,equal_kw_reduction,1.5,0.0,60,0.0069141931034771825,-0.0058806369456408415,0.006402011433170326,0.011215267877253514
0.2,0.1,equal_kw_reduction,1.5,0.1,60,0.009384363847203472,-0.004006467708875546,0.0053324216325797945,0.008969658110229619
0.2,0.1,fairness_qp,0.5,-0.1,60,0.0013927838584969884,-0.011824413992269297,0.011824413992269297,0.01544830692405242
0.2,0.1,fairness_qp,0.5,0.0,60,0.005509576986712999,-0.012308896582555759,0.012308896582555759,0.01170576771658332
0.2,0.1,fairness_qp,0.5,0.1,60,0.010772650850015834,-0.008764343275761794,0.009066268199249435,0.006921155113580742
0.2,0.1,fairness_qp,1.0,-0.1,60,0.0034442307050346664,-0.008524897883153882,0.008524897883153882,0.013583355245381805
0.2,0.1,fairness_qp,1.0,0.0,60,0.006643697477932462,-0.007705970053232854,0.007705970053232854,0.010674749088201988
0.2,0.1,fairness_qp,1.0,0.1,60,0.00983906386155773,-0.008014358315994837,0.00843588185341703,0.007769870557633563
0.2,0.1,fairness_qp,1.5,-0.1,60,0.005028540470632343,-0.00708461627806517,0.007211512754591675,0.012143073640293007
0.2,0.1,fairness_qp,1.5,0.0,60,0.006872355362102134,-0.006063534818997433,0.006138340438610553,0.010466878284411377
0.2,0.1,fairness_qp,1.5,0.1,60,0.009331710116137098,-0.005262322200319569,0.006035367898042414,0.008231101235288684
0.2,0.1,flat_level,0.5,-0.1,60,-0.00018339670376218948,-0.013382730454066852,0.013382730454066852,0.0027547861128656855
0.2,0.1,flat_level,0.5,0.0,60,0.0003161957674700791,-0.013665326395661582,0.013665326395661582,0.0023006111390181687
0.2,0.1,flat_level,0.5,0.1,60,0.0013016646696309806,-0.012897477857290436,0.012897477857290436,0.001404730318871894
0.2,0.1,flat_level,1.0,-0.1,60,0.0003161957674700788,-0.011742500988093279,0.011742500988093279,0.002300611139018168
0.2,0.1,flat_level,1.0,0.0,60,0.0006939240799700791,-0.012361694907348524,0.012361694907348524,0.001957221764018168
0.2,0.1,flat_level,1.0,0.1,60,0.0013016646696309806,-0.012544803787173391,0.012544803787173391,0.001404730318871894
0.2,0.1,flat_level,1.5,-0.1,60,0.000693924079970078,-0.010249162258059673,0.010249162258059673,0.001957221764018169
0.2,0.1,flat_level,1.5,0.0,60,0.0006939240799700792,-0.011399111613093276,0.011399111613093276,0.001957221764018168
0.2,0.1,flat_level,1.5,0.1,60,0.0013016646696309806,-0.011745187321314635,0.011745187321314635,0.001404730318871894
0.2,0.1,max_export_lp,0.5,-0.1,60,-0.0005761052087417585,-0.0035947476033238485,0.0035947531629882588,0.008560116942614377
0.2,0.1,max_export_lp,0.5,0.0,60,0.0009553107536242941,-0.002917528561955592,0.0029175297713508095,0.007167920613190691
0.2,0.1,max_export_lp,0.5,0.1,60,0.004002089748285491,-0.000298896189086395,0.0009041601763857635,0.004398121527135059
0.2,0.1,max_export_lp,1.0,-0.1,60,0.0009553081600196147,-0.001735520927967682,0.0017355257862683808,0.007167922971013126
0.2,0.1,max_export_lp,1.0,0.0,60,0.0021547613257634005,-0.0011121416629231125,0.0012331127776740798,0.0060775110021551405
0.2,0.1,max_export_lp,1.0,0.1,60,0.004002089125695534,-3.7419606482839524e-05,0.0007245244434201122,0.004398122093125929
0.2,0.1,max_export_lp,1.5,-0.1,60,0.0021547612225183217,-0.0006451090529687768,0.0008993469393502096,0.006077511096014303
0.2,0.1,max_export_lp,1.5,0.0,60,0.002154761222518411,-0.000645109053027219,0.0008993469393828354,0.006077511096014222
0.2,0.1,max_export_lp,1.5,0.1,60,0.004002086532090944,0.000593035850406276,0.0003101810973095661,0.004398124450948284
0.2,0.1,weighted_proportional,0.5,-0.1,60,0.0022122279226632646,-0.016078944285942438,0.016078944285942438,0.019438282919244813
0.2,0.1,weighted_proportional,0.5,0.0,60,0.007449012502248356,-0.018676413031967043,0.018676413031967043,0.014677569665076549
0.2,0.1,weighted_proportional,0.5,0.1,60,0.01352986366144935,-0.014987912023650707,0.01598318048680003,0.009149523156712008
0.2,0.1,weighted_proportional,1.0,-0.1,60,0.004450507741655479,-0.014044144450494966,0.014044144450494966,0.017403483083797345
0.2,0.1,weighted_proportional,1.0,0.0,60,0.008503908054155475,-0.010359235075495018,0.011025483595931085,0.01371857370879735
0.2,0.1,weighted_proportional,1.0,0.1,60,0.01256031112845943,-0.014029777917229735,0.014969835977704023,0.010030934550339208
0.2,0.1,weighted_proportional,1.5,-0.1,60,0.006071867866655478,-0.012570180700495167,0.012570180700495167,0.015929519333797347
0.2,0.1,weighted_proportional,1.5,0.0,60,0.00935022670512433,-0.009589854483705163,0.010507671590008845,0.012949193117007481
0.2,0.1,weighted_proportional,1.5,0.1,60,0.011782266892624332,-0.007378908858705162,0.00906052177007958,0.010738247492007478
0.2,0.25,equal_kw_reduction,0.5,-0.1,60,-0.0010267432088038983,-0.007292700356403082,0.007292700356403082,0.014408274217774538
0.2,0.25,equal_kw_reduction,0.5,0.0,60,0.003309366373183727,-0.008664326057630805,0.008695146519356819,0.010939386552184436
0.2,0.25,equal_kw_reduction,0.5,0.1,60,0.009001051182595306,-0.006644444949656436,0.007681204254021249,0.006386038704655175
0.2,0.25,equal_kw_reduction,1.0,-0.1,60,0.0012092495148612954,-0.005125322846001379,0.005286867041981217,0.012619480038842383
0.2,0.25,equal_kw_reduction,1.0,0.0,60,0.004686234487063712,-0.005944258975167512,0.006397488295210548,0.009837892061080449
0.2,0.25,equal_kw_reduction,1.0,0.1,60,0.007976340202237977,-0.004854199293357642,0.005957520547304133,0.007205807488941037
0.2,0.25,equal_kw_reduction,1.5,-0.1,60,0.002734062344040183,-0.003865721916760282,0.0043260934187569966,0.011399629775499272
0.2,0.25,equal_kw_reduction,1.5,0.0,60,0.004913051455555165,-0.005349630404667205,0.005836015750937107,0.009656438486287288
0.2,0.25,equal_kw_reduction,1.5,0.1,60,0.007720063664335026,-0.003444803106000164,0.004751394537344914,0.007410828719263399
0.2,0.25,fairness_qp,0.5,-0.1,60,-0.0006770287103199967,-0.011098948308418047,0.011098948308418047,0.01445857304488891
0.2,0.25,fairness_qp,0.5,0.0,60,0.003986535504201452,-0.011404657305424186,0.011404657305424186,0.01072772167327175
0.2,0.25,fairness_qp,0.5,0.1,60,0.009846148914200237,-0.00790098438891711,0.00820290931240475,0.006040030945272723
0.2,0.25,fairness_qp,1.0,-0.1,60,0.0015768379287086243,-0.007947941716275412,0.007947941716275412,0.012655479733666014
0.2,0.25,fairness_qp,1.0,0.0,60,0.00515415644592368,-0.007055893701967712,0.007055893701967712,0.009793624919893969
0.2,0.25,fairness_qp,1.0,0.1,60,0.008534401951155325,-0.007429385827631174,0.007850909365053367,0.00708942851570865
0.2,0.25,fairness_qp,1.5,-0.1,60,0.003318750755809905,-0.006554411454594467,0.006681307931120972,0.01126194947198499
0.2,0.25,fairness_qp,1.5,0.0,60,0.00516314229268306,-0.005700791743640454,0.005775597363253574,0.009786436242486464
0.2,0.25,fairness_qp,1.5,0.1,60,0.007957863604086427,-0.004812927975437531,0.005585973673160375,0.007550659193363771
0.2,0.25,flat_level,0.5,-0.1,60,-0.0005966146206920444,-0.013382730454066852,0.013382730454066852,0.0027547861128656855
0.2,0.25,flat_level,0.5,0.0,60,-2.8895903382647297e-05,-0.013665326395661582,0.013665326395661582,0.0023006111390181687
0.2,0.25,flat_level,0.5,0.1,60,0.0010909551218001956,-0.012897477857290436,0.012897477857290436,0.001404730318871894
0.2,0.25,flat_level,1.0,-0.1,60,-2.8895903382645735e-05,-0.011742500988093279,0.011742500988093279,0.002300611139018168
0.2,0.25,flat_level,1.0,0.0,60,0.00040034081536735307,-0.012361694907348524,0.012361694907348524,0.001957221764018168
0.2,0.25,flat_level,1.0,0.1,60,0.0010909551218001956,-0.012544803787173391,0.012544803787173391,0.001404730318871894
0.2,0.25,flat_level,1.5,-0.1,60,0.0004003408153673528,-0.010249162258059673,0.010249162258059673,0.001957221764018169
0.2,0.25,flat_level,1.5,0.0,60,0.0004003408153673555,-0.011399111613093276,0.011399111613093276,0.001957221764018168
0.2,0.25,flat_level,1.5,0.1,60,0.0010909551218001954,-0.011745187321314635,0.011745187321314635,0.001404730318871894
0.2,0.25,max_export_lp,0.5,-0.1,60,-0.0018601227501339188,-0.0035947476033238485,0.0035947531629882588,0.008560116942614377
0.2,0.25,max_export_lp,0.5,0.0,60,-0.00011987733835431075,-0.002917528561955592,0.0029175297713508095,0.007167920613190691
0.2,0.25,max_export_lp,0.5,0.1,60,0.003342371519215231,-0.000298896189086395,0.0009041601763857635,0.004398121527135059
0.2,0.25,max_export_lp,1.0,-0.1,60,-0.00011988028563235187,-0.001735520927967682,0.0017355257862683808,0.007167922971013126
0.2,0.25,max_export_lp,1.0,0.0,60,0.0012431346754401267,-0.0011121416629231125,0.0012331127776740798,0.0060775110021551405
0.2,0.25,max_export_lp,1.0,0.1,60,0.003342370811726642,-3.7419606482839524e-05,0.0007245244434201122,0.004398122093125929
0.2,0.25,max_export_lp,1.5,-0.1,60,0.0012431345581161762,-0.0006451090529687768,0.0008993469393502096,0.006077511096014303
0.2,0.25,max_export_lp,1.5,0.0,60,0.0012431345581162773,-0.000645109053027219,0.0008993469393828354,0.006077511096014222
0.2,0.25,max_export_lp,1.5,0.1,60,0.003342367864448698,0.000593035850406276,0.0003101810973095661,0.004398124450948284
0.2,0.25,weighted_proportional,0.5,-0.1,60,0.000446456988929971,-0.011493801471943673,0.011493801471943673,0.014838396902631104
0.2,0.25,weighted_proportional,0.5,0.0,60,0.006278413896526692,-0.012519093286423236,0.012700617274087818,0.010172831376553728
0.2,0.25,weighted_proportional,0.5,0.1,60,0.01247230195659358,-0.008986697173508954,0.010616831526304901,0.005217720928500215
0.2,0.25,weighted_proportional,1.0,-0.1,60,0.0026305906881913576,-0.00974649451253458,0.00974649451253458,0.013091089943221994
0.2,0.25,weighted_proportional,1.0,0.0,60,0.006760988766486906,-0.006442176049898155,0.0074707134861308165,0.009786771480585554
0.2,0.25,weighted_proportional,1.0,0.1,60,0.010408811974822248,-0.009214774823786834,0.01047672991640013,0.006868512913917282
0.2,0.25,weighted_proportional,1.5,-0.1,60,0.0039973067352369095,-0.00865312167489833,0.008958734111130965,0.011997717105585554
0.2,0.25,weighted_proportional,1.5,0.0,60,0.006760988766486905,-0.006442176049898166,0.007470713486130828,0.009786771480585555
0.2,0.25,weighted_proportional,1.5,0.1,60,0.009524670797736908,-0.004231230424898173,0.006094719845481889,0.0075758258555855525
0.2,0.5,equal_kw_reduction,0.5,-0.1,60,-0.0003420895505441894,-0.002397168275264024,0.002397168275264024,0.005427629615639499
0.2,0.5,equal_kw_reduction,0.5,0.0,60,0.003169081003088779,-0.0024237639584898146,0.00286034094469431,0.003086849246550855
0.2,0.5,equal_kw_reduction,0.5,0.1,60,0.006199397928215601,-0.0016472810251864979,0.0030836445919862603,0.0010666379631329725
0.2,0.5,equal_kw_reduction,1.0,-0.1,60,0.0005638783804809769,-0.0016114728140830556,0.0018728754704832188,0.004823650994956056
0.2,0.5,equal_kw_reduction,1.0,0.0,60,0.002854018688855237,-0.0018528854690055495,0.0024938554488951104,0.0032968907893732168
0.2,0.5,equal_kw_reduction,1.0,0.1,60,0.004629495181303283,-0.0014135984878104562,0.0025522940561917952,0.0021132397944078523
0.2,0.5,equal_kw_reduction,1.5,-0.1,60,0.0005114121172269972,-0.0016287239934405248,0.001891906654250349,0.004858628503792042
0.2,0.5,equal_kw_reduction,1.5,0.0,60,0.002785949480561439,-0.0016992154401879918,0.002393743817895692,0.003342270261569081
0.2,0.5,equal_kw_reduction,1.5,0.1,60,0.004321963335819737,-0.0008387629380107731,0.0021819542071524886,0.0023182610247302147
0.2,0.5,fairness_qp,0.5,-0.1,60,0.0003404536638193426,-0.004138832461663992,0.004138832461663992,0.004647368200878134
0.2,0.5,fairness_qp,0.5,0.0,60,0.0037732961533733897,-0.003922280812040313,0.003938766917231755,0.002358806541175437
0.2,0.5,fairness_qp,0.5,0.1,60,0.006240595898469347,-0.0028910147132073035,0.0034822822364815637,0.0007139400444447976
0.2,0.5,fairness_qp,1.0,-0.1,60,0.0008690091880216067,-0.0032298159799639533,0.0032298159799639533,0.004294997851409959
0.2,0.5,fairness_qp,1.0,0.0,60,0.003071496016106026,-0.0026310694288812163,0.002836011185745002,0.0028266732993536795
0.2,0.5,fairness_qp,1.0,0.1,60,0.004615900043600205,-0.0032213833521644824,0.003421551165717877,0.001797070614357559
0.2,0.5,fairness_qp,1.5,-0.1,60,0.0008690091880216067,-0.0032298159799640197,0.0032298159799640197,0.004294997851409959
0.2,0.5,fairness_qp,1.5,0.0,60,0.00303167953296729,-0.0021009676187418594,0.0024526110386750974,0.00285321762144617
0.2,0.5,fairness_qp,1.5,0.1,60,0.003924054027117527,-0.0020626974215402307,0.002606881949601936,0.0022583012920126795
0.2,0.5,flat_level,0.5,-0.1,60,0.0,0.0,0.0,0.0
0.2,0.5,flat_level,0.5,0.0,60,0.0,0.0,0.0,0.0
0.2,0.5,flat_level,0.5,0.1,60,0.0,0.0,0.0,0.0
0.2,0.5,flat_level,1.0,-0.1,60,0.0,0.0,0.0,0.0
0.2,0.5,flat_level,1.0,0.0,60,0.0,0.0,0.0,0.0
0.2,0.5,flat_level,1.0,0.1,60,0.0,0.0,0.0,0.0
0.2,0.5,flat_level,1.5,-0.1,60,0.0,0.0,0.0,0.0
0.2,0.5,flat_level,1.5,0.0,60,0.0,0.0,0.0,0.0
0.2,0.5,flat_level,1.5,0.1,60,0.0,0.0,0.0,0.0
0.2,0.5,max_export_lp,0.5,-0.1,60,7.296364911989611e-09,4.09876810270049e-09,1.4608963076293927e-09,2.829954089932548e-09
0.2,0.5,max_export_lp,0.5,0.0,60,1.0692309820197789e-08,8.651383535488814e-10,3.44256863756461e-10,5.659908179286854e-10
0.2,0.5,max_export_lp,0.5,0.1,60,1.1541296046946256e-08,5.671935513854957e-11,8.199826003381834e-11,0.0
0.2,0.5,max_export_lp,1.0,-0.1,60,7.155576289591577e-09,3.670093177513915e-09,1.1882075212632515e-09,2.923813171695072e-09
0.2,0.5,max_export_lp,1.0,0.0,60,7.296364911873963e-09,4.098740617279143e-09,1.4609037276199407e-09,2.829954089990372e-09
0.2,0.5,max_export_lp,1.0,0.1,60,1.0692309819850844e-08,8.651383017384735e-10,3.442568859609215e-10,5.65990818217806e-10
0.2,0.5,max_export_lp,1.5,-0.1,60,7.155576289273544e-09,3.6700932182220923e-09,1.1882075027595343e-09,2.923813171723984e-09
0.2,0.5,max_export_lp,1.5,0.0,60,7.155576289562664e-09,3.670065714297029e-09,1.1882149227500823e-09,2.92381317166616e-09
0.2,0.5,max_export_lp,1.5,0.1,60,7.155576289765049e-09,3.6700657031947988e-09,1.1882149264508257e-09,2.9238131713481273e-09
0.2,0.5,weighted_proportional,0.5,-0.1,60,0.0009595348612902653,-0.003421896915716201,0.0037582879051197724,0.005766602268827206
0.2,0.5,weighted_proportional,0.5,0.0,60,0.005668547022989416,-0.0029242765332817074,0.004010079494269602,0.0026272608276944388
0.2,0.5,weighted_proportional,0.5,0.1,60,0.008642171468660139,-0.001602290500842444,0.0034957018604424277,0.0006448445305806238
0.2,0.5,weighted_proportional,1.0,-0.1,60,0.0012911591729870134,-0.003200814041251706,0.0036094937089538553,0.005545519394362706
0.2,0.5,weighted_proportional,1.0,0.0,60,0.004607577610487011,-0.0009898684162517267,0.00236661761891603,0.0033345737693627085
0.2,0.5,weighted_proportional,1.0,0.1,60,0.00616598349053454,-0.0025926522215849825,0.0038075387798231163,0.0022956365159976905
0.2,0.5,weighted_proportional,1.5,-0.1,60,0.0012911591729870124,-0.0032008140412518983,0.0036094937089540184,0.005545519394362708
0.2,0.5,weighted_proportional,1.5,0.0,60,0.00460757761048701,-0.0009898684162517454,0.0023666176189160336,0.003334573769362709
0.2,0.5,weighted_proportional,1.5,0.1,60,0.005105014078032133,-0.0006582441045550207,0.0022577327972272926,0.0030029494576659602
0.2,1.0,equal_kw_reduction,0.5,-0.1,60,-0.0014830628180066336,-0.0020178018037864047,0.0020178018037864047,0.003523428119124698
0.2,1.0,equal_kw_reduction,0.5,0.0,60,0.0018890798284690168,-0.002350801810172539,0.0024640918560527043,0.0018373567958868725
0.2,1.0,equal_kw_reduction,0.5,0.1,60,0.00444446867116604,-0.002135393112173049,0.002712626226091549,0.0005596623745383611
0.2,1.0,equal_kw_reduction,1.0,-0.1,60,-0.0010096115722449356,-0.0016247415516466616,0.0016381700715160318,0.003286702496243849
0.2,1.0,equal_kw_reduction,1.0,0.0,60,0.0014689967428242927,-0.0018987547548717269,0.0021564077086881238,0.0020473983387092345
0.2,1.0,equal_kw_reduction,1.0,0.1,60,0.002734539739347244,-0.001896505532670556,0.002255826523814967,0.0014146268404477591
0.2,1.0,equal_kw_reduction,1.5,-0.1,60,-0.0010795665899169138,-0.001644793584497458,0.0016585728210205763,0.003321680005079838
0.2,1.0,equal_kw_reduction,1.5,0.0,60,0.0013782377984325645,-0.001773267790786089,0.0020696576627088348,0.002092777810905099
0.2,1.0,equal_kw_reduction,1.5,0.1,60,0.002324497278702519,-0.0014409351459254705,0.0019447217520814537,0.0016196480707701215
0.2,1.0,fairness_qp,0.5,-0.1,60,-0.0004917020918492015,-0.0026724101443645156,0.0026724101443645156,0.0028436384033369722
0.2,1.0,fairness_qp,0.5,0.0,60,0.002847499852774141,-0.0026026467414676587,0.002756506604948254,0.0011740374310253011
0.2,1.0,fairness_qp,0.5,0.1,60,0.004730240158127721,-0.002137337607973344,0.0026624574626720227,0.00023266727834851098
0.2,1.0,fairness_qp,1.0,-0.1,60,-0.00048501551881644596,-0.002317765732308045,0.002317765732308045,0.0028402951168205945
0.2,1.0,fairness_qp,1.0,0.0,60,0.0019117663364176573,-0.0017060150034510742,0.0020652629204802003,0.0016419041892035428
0.2,1.0,fairness_qp,1.0,0.1,60,0.002923890517554502,-0.0024766261276924903,0.002670150236938847,0.0011358420986351209
0.2,1.0,fairness_qp,1.5,-0.1,60,-0.0004850155188164459,-0.002317765732308104,0.002317765732308104,0.0028402951168205945
0.2,1.0,fairness_qp,1.5,0.0,60,0.0018586776922326742,-0.0013812582000034843,0.0017936756344928565,0.0016684485112960347
0.2,1.0,fairness_qp,1.5,0.1,60,0.0020014291622442617,-0.0016611835905377995,0.002063978852500518,0.0015970727762902408
0.2,1.0,flat_level,0.5,-0.1,60,0.0,0.0,0.0,0.0
0.2,1.0,flat_level,0.5,0.0,60,0.0,0.0,0.0,0.0
0.2,1.0,flat_level,0.5,0.1,60,0.0,0.0,0.0,0.0
0.2,1.0,flat_level,1.0,-0.1,60,0.0,0.0,0.0,0.0
0.2,1.0,flat_level,1.0,0.0,60,0.0,0.0,0.0,0.0
0.2,1.0,flat_level,1.0,0.1,60,0.0,0.0,0.0,0.0
0.2,1.0,flat_level,1.5,-0.1,60,0.0,0.0,0.0,0.0
0.2,1.0,flat_level,1.5,0.0,60,0.0,0.0,0.0,0.0
0.2,1.0,flat_level,1.5,0.1,60,0.0,0.0,0.0,0.0
0.2,1.0,max_export_lp,0.5,-0.1,60,5.881387867081161e-09,4.09876810270049e-09,1.4608963076293927e-09,2.829954089932548e-09
0.2,1.0,max_export_lp,0.5,0.0,60,1.0409314411088886e-08,8.651383535488814e-10,3.44256863756461e-10,5.659908179286854e-10
0.2,1.0,max_export_lp,0.5,0.1,60,1.1541296046946256e-08,5.671935513854957e-11,8.199826003381834e-11,0.0
0.2,1.0,max_export_lp,1.0,-0.1,60,5.6936697035561125e-09,3.670093177513915e-09,1.1882075212632515e-09,2.923813171695072e-09
0.2,1.0,max_export_lp,1.0,0.0,60,5.881387866965513e-09,4.098740617279143e-09,1.4609037276199407e-09,2.829954089990372e-09
0.2,1.0,max_export_lp,1.0,0.1,60,1.0409314410510645e-08,8.651383017384735e-10,3.442568859609215e-10,5.65990818217806e-10
0.2,1.0,max_export_lp,1.5,-0.1,60,5.6936697034982884e-09,3.6700932182220923e-09,1.1882075027595343e-09,2.923813171723984e-09
0.2,1.0,max_export_lp,1.5,0.0,60,5.6936697036139365e-09,3.670065714297029e-09,1.1882149227500823e-09,2.92381317166616e-09
0.2,1.0,max_export_lp,1.5,0.1,60,5.693669704250002e-09,3.6700657031947988e-09,1.1882149264508257e-09,2.9238131713481273e-09
0.2,1.0,weighted_proportional,0.5,-0.1,60,-0.0019237662731233377,-0.003421896915716201,0.0037582879051197724,0.005766602268827206
0.2,1.0,weighted_proportional,0.5,0.0,60,0.004354916609142196,-0.0029242765332817074,0.004010079494269602,0.0026272608276944388
0.2,1.0,weighted_proportional,0.5,0.1,60,0.008319749203369826,-0.001602290500842444,0.0034957018604424277,0.0006448445305806238
0.2,1.0,weighted_proportional,1.0,-0.1,60,-0.0014816005241943388,-0.003200814041251706,0.0036094937089538553,0.005545519394362706
0.2,1.0,weighted_proportional,1.0,0.0,60,0.002940290725805657,-0.0009898684162517267,0.00236661761891603,0.0033345737693627085
0.2,1.0,weighted_proportional,1.0,0.1,60,0.005018165232535693,-0.0025926522215849825,0.0038075387798231163,0.0022956365159976905
0.2,1.0,weighted_proportional,1.5,-0.1,60,-0.0014816005241943418,-0.0032008140412518983,0.0036094937089540184,0.005545519394362708
0.2,1.0,weighted_proportional,1.5,0.0,60,0.002940290725805656,-0.0009898684162517454,0.0023666176189160336,0.003334573769362709
0.2,1.0,weighted_proportional,1.5,0.1,60,0.0036035393491991533,-0.0006582441045550207,0.0022577327972272926,0.0030029494576659602
0.2,2.0,equal_kw_reduction,0.5,-0.1,60,-0.00044194099293281495,-0.0010015413840637644,0.0010015413840637644,0.0008412314716933991
0.2,2.0,equal_kw_reduction,0.5,0.0,60,0.0011314192020344465,-0.001611924252629171,0.001611924252629171,0.0003167780733709787
0.2,2.0,equal_kw_reduction,0.5,0.1,60,0.0019205312443973512,-0.0019474667524837324,0.0019503166018360219,5.3740725916677155e-05
0.2,2.0,equal_kw_reduction,1.0,-0.1,60,-0.000596646570512445,-0.0009689379410516396,0.0009689379410516396,0.0008927999975532758
0.2,2.0,equal_kw_reduction,1.0,0.0,60,0.0005012945735673623,-0.0014530201950670118,0.0014530201950670118,0.00052681961619334
0.2,2.0,equal_kw_reduction,1.0,0.1,60,0.0011022853990185237,-0.0016046341984763104,0.0016046341984763104,0.00032648934104295295
0.2,2.0,equal_kw_reduction,1.5,-0.1,60,-0.000701579097020408,-0.000996272474021498,0.000996272474021498,0.0009277775063892635
0.2,2.0,equal_kw_reduction,1.5,0.0,60,0.00036515615697976523,-0.0014065847225248397,0.0014074854081281766,0.0005721990883892058
0.2,2.0,equal_kw_reduction,1.5,0.1,60,0.0004872217080514302,-0.0014415444686663337,0.0014415444686663337,0.0005315105713653174
0.2,2.0,fairness_qp,0.5,-0.1,60,-0.002615927651719281,-0.00247570988035755,0.00247570988035755,0.002406265489196153
0.2,2.0,fairness_qp,0.5,0.0,60,0.0017709125418040237,-0.002514742076297956,0.0026775236779012944,0.000943985424688385
0.2,2.0,fairness_qp,0.5,0.1,60,0.004105662162704417,-0.0021856336444645796,0.0026079662972262755,0.0001657355510549204
0.2,2.0,fairness_qp,1.0,-0.1,60,-0.002695560617996753,-0.0021839673471120294,0.0021839673471120294,0.0024328098112886437
0.2,2.0,fairness_qp,1.0,0.0,60,0.0003673122672692974,-0.001706191706379967,0.002022188058936221,0.001411852182866627
0.2,2.0,fairness_qp,1.0,0.1,60,0.0017510043002346577,-0.0024418064429865974,0.002610907937481825,0.0009506215052115069
0.2,2.0,fairness_qp,1.5,-0.1,60,-0.0026955606179967532,-0.002183967347112089,0.002183967347112089,0.0024328098112886437
0.2,2.0,fairness_qp,1.5,0.0,60,0.0002876793009918236,-0.0014144491731344503,0.001755725097258291,0.0014383965049591183
0.2,2.0,fairness_qp,1.5,0.1,60,0.0003673122672692977,-0.0017061917063799965,0.00202218805893624,0.001411852182866627
0.2,2.0,flat_level,0.5,-0.1,60,0.0,0.0,0.0,0.0
0.2,2.0,flat_level,0.5,0.0,60,0.0,0.0,0.0,0.0
0.2,2.0,flat_level,0.5,0.1,60,0.0,0.0,0.0,0.0
0.2,2.0,flat_level,1.0,-0.1,60,0.0,0.0,0.0,0.0
0.2,2.0,flat_level,1.0,0.0,60,0.0,0.0,0.0,0.0
0.2,2.0,flat_level,1.0,0.1,60,0.0,0.0,0.0,0.0
0.2,2.0,flat_level,1.5,-0.1,60,0.0,0.0,0.0,0.0
0.2,2.0,flat_level,1.5,0.0,60,0.0,0.0,0.0,0.0
0.2,2.0,flat_level,1.5,0.1,60,0.0,0.0,0.0,0.0
0.2,2.0,max_export_lp,0.5,-0.1,60,3.0397658579714784e-09,4.002323143274348e-09,1.368363478082557e-09,2.7716144942203463e-09
0.2,2.0,max_export_lp,0.5,0.0,60,9.691640644551337e-09,8.436881193674139e-10,3.2318970832889705e-10,5.543228986937265e-10
0.2,2.0,max_export_lp,0.5,0.1,60,1.1354609340632517e-08,5.401853409026103e-11,8.119473241900247e-11,0.0
0.2,2.0,max_export_lp,1.0,-0.1,60,2.758188612683905e-09,3.5874505107299133e-09,1.1104342815630257e-09,2.8654735759828704e-09
0.2,2.0,max_export_lp,1.0,0.0,60,3.0397658579714784e-09,4.002297389800921e-09,1.3683707611455986e-09,2.7716144942203463e-09
0.2,2.0,max_export_lp,1.0,0.1,60,9.691640643337031e-09,8.436880712577495e-10,3.231897268326141e-10,5.543228990984953e-10
0.2,2.0,max_export_lp,1.5,-0.1,60,2.7581886127706416e-09,3.587450555138834e-09,1.110434259358565e-09,2.8654735759539584e-09
0.2,2.0,max_export_lp,1.5,0.0,60,2.7581886127706416e-09,3.587424779460946e-09,1.1104415424216066e-09,2.8654735759539584e-09
0.2,2.0,max_export_lp,1.5,0.1,60,2.7581886137247395e-09,3.5874247646579724e-09,1.1104415498230936e-09,2.8654735756359256e-09
0.2,2.0,weighted_proportional,0.5,-0.1,60,-0.0019499814751412327,-0.0009164132004311246,0.0013424293097960818,0.0022603121662701222
0.2,2.0,weighted_proportional,0.5,0.0,60,0.0024238735139841348,-0.0007264819220548928,0.0015748496407256543,0.000802360503228333
0.2,2.0,weighted_proportional,0.5,0.1,60,0.004455635662982374,-0.00036623296855520606,0.001545654139025369,0.0001251064535622533
0.2,2.0,weighted_proportional,1.0,-0.1,60,-0.0019499814751412345,-0.0009164132004311283,0.0013424293097960857,0.0022603121662701227
0.2,2.0,weighted_proportional,1.0,0.0,60,0.0003019346889793246,-0.00016577447905765283,0.001034396654472114,0.001509673444896603
0.2,2.0,weighted_proportional,1.0,0.1,60,0.002423873513984134,-0.0007264819220549334,0.0015748496407256803,0.0008023605032283333
0.2,2.0,weighted_proportional,1.5,-0.1,60,-0.0019499814751412388,-0.0009164132004313245,0.0013424293097962373,0.0022603121662701244
0.2,2.0,weighted_proportional,1.5,0.0,60,0.0003019346889793204,-0.00016577447905765652,0.0010343966544721177,0.0015096734448966046
0.2,2.0,weighted_proportional,1.5,0.1,60,0.0003019346889793243,-0.00016577447905765652,0.001034396654472125,0.001509673444896603
0.2,5.0,equal_kw_reduction,0.5,-0.1,60,0.00034730089411032217,-0.0003473650149666459,0.0003473650149666459,7.009737347008777e-06
0.2,5.0,equal_kw_reduction,0.5,0.0,60,0.0003874724209904523,-0.0007110352663872055,0.0007110352663872055,3.1448286698709224e-07
0.2,5.0,equal_kw_reduction,0.5,0.1,60,0.0003893593181923749,-0.0009047217628015118,0.0009047217628015118,0.0
0.2,5.0,equal_kw_reduction,1.0,-0.1,60,0.00014046441078870882,-0.00035336008373296017,0.00035336008373296017,4.1482484567277674e-05
0.2,5.0,equal_kw_reduction,1.0,0.0,60,0.00029910589411032156,-0.0006023078522336893,0.0006023078522336893,1.504223734700888e-05
0.2,5.0,equal_kw_reduction,1.0,0.1,60,0.00035484848291801233,-0.0007105937718452952,0.0007105937718452952,5.751805879060422e-06
0.2,5.0,equal_kw_reduction,1.5,-0.1,60,-6.940064222721674e-05,-0.00038627257876669614,0.00038627257876669614,7.645999340326527e-05
0.2,5.0,equal_kw_reduction,1.5,0.0,60,0.00012940373277278298,-0.0006000488535337744,0.0006000488535337744,4.332593090326531e-05
0.2,5.0,equal_kw_reduction,1.5,0.1,60,0.0002709601630784699,-0.0006020363991676565,0.0006020363991676565,1.9733192518984165e-05
0.2,5.0,fairness_qp,0.5,-0.1,60,3.656222160800279e-05,-0.00015806054541895136,0.00015806054541895136,6.0516646231360785e-06
0.2,5.0,fairness_qp,0.5,0.0,60,7.062648203837947e-05,-0.0002373187911556866,0.0002373187911556866,3.742878847399668e-07
0.2,5.0,fairness_qp,0.5,0.1,60,7.287220934681926e-05,-0.0002631410900522361,0.0002631410900522361,0.0
0.2,5.0,fairness_qp,1.0,-0.1,60,-6.376318317846715e-05,-0.0001696872257902012,0.0001696872257902012,2.277256542088107e-05
0.2,5.0,fairness_qp,1.0,0.0,60,3.6562221608003005e-05,-0.00017073511327292772,0.00017073511327292772,6.051664623136042e-06
0.2,5.0,fairness_qp,1.0,0.1,60,4.5545130841762e-05,-0.00024022546124849998,0.00024022546124849998,4.5545130841762114e-06
0.2,5.0,fairness_qp,1.5,-0.1,60,-6.376318317846681e-05,-0.0001696872257902086,0.0001696872257902086,2.2772565420881012e-05
0.2,5.0,fairness_qp,1.5,0.0,60,-6.376318317846699e-05,-0.00018236179364417756,0.00018236179364417756,2.277256542088104e-05
0.2,5.0,fairness_qp,1.5,0.1,60,3.656222160800266e-05,-0.00017073511327292772,0.00017073511327292772,6.0516646231361e-06
0.2,5.0,flat_level,0.5,-0.1,60,0.0,0.0,0.0,0.0
0.2,5.0,flat_level,0.5,0.0,60,0.0,0.0,0.0,0.0
0.2,5.0,flat_level,0.5,0.1,60,0.0,0.0,0.0,0.0
0.2,5.0,flat_level,1.0,-0.1,60,0.0,0.0,0.0,0.0
0.2,5.0,flat_level,1.0,0.0,60,0.0,0.0,0.0,0.0
0.2,5.0,flat_level,1.0,0.1,60,0.0,0.0,0.0,0.0
0.2,5.0,flat_level,1.5,-0.1,60,0.0,0.0,0.0,0.0
0.2,5.0,flat_level,1.5,0.0,60,0.0,0.0,0.0,0.0
0.2,5.0,flat_level,1.5,0.1,60,0.0,0.0,0.0,0.0
0.2,5.0,max_export_lp,0.5,-0.1,60,1.403244076338215e-08,7.432965731801744e-09,9.481151123461964e-10,-4.123927787337093e-09
0.2,5.0,max_export_lp,0.5,0.0,60,-5.762412615627731e-09,1.6425317809580046e-09,2.2580150342103403e-10,-8.24785557502113e-10
0.2,5.0,max_export_lp,0.5,0.1,60,-1.071112596064041e-08,1.9491046554520607e-10,4.964135028965681e-11,0.0
0.2,5.0,max_export_lp,1.0,-0.1,60,1.3469286272807003e-08,6.384597628361632e-09,7.667469030063027e-10,-4.030068705574569e-09
0.2,5.0,max_export_lp,1.0,0.0,60,1.4032440764422983e-08,7.43293518216485e-09,9.481252856898456e-10,-4.123927787510566e-09
0.2,5.0,max_export_lp,1.0,0.1,60,-5.76241261632162e-09,1.6425317254468534e-09,2.2580151082252086e-10,-8.247855573864648e-10
0.2,5.0,max_export_lp,1.5,-0.1,60,1.346928627263353e-08,6.384597665369067e-09,7.667468919040724e-10,-4.030068705545657e-09
0.2,5.0,max_export_lp,1.5,0.0,60,1.3469286273674365e-08,6.384567112031429e-09,7.667570689484649e-10,-4.030068705719129e-09
0.2,5.0,max_export_lp,1.5,0.1,60,1.3469286275235615e-08,6.384567089826968e-09,7.667570726492083e-10,-4.030068705979338e-09
0.2,5.0,weighted_proportional,0.5,-0.1,60,0.0,0.0,0.0,0.0
0.2,5.0,weighted_proportional,0.5,0.0,60,0.0,0.0,0.0,0.0
0.2,5.0,weighted_proportional,0.5,0.1,60,0.0,0.0,0.0,0.0
0.2,5.0,weighted_proportional,1.0,-0.1,60,0.0,0.0,0.0,0.0
0.2,5.0,weighted_proportional,1.0,0.0,60,0.0,0.0,0.0,0.0
0.2,5.0,weighted_proportional,1.0,0.1,60,0.0,0.0,0.0,0.0
0.2,5.0,weighted_proportional,1.5,-0.1,60,0.0,0.0,0.0,0.0
0.2,5.0,weighted_proportional,1.5,0.0,60,0.0,0.0,0.0,0.0
0.2,5.0,weighted_proportional,1.5,0.1,60,0.0,0.0,0.0,0.0
0.2,10.0,equal_kw_reduction,0.5,-0.1,60,0.0003164655960936655,-0.0003093465417308557,0.0003093465417308557,4.084783868067854e-06
0.2,10.0,equal_kw_reduction,0.5,0.0,60,0.0003611767151874915,-0.0006428173093970517,0.0006428173093970517,2.0136677720035643e-08
0.2,10.0,equal_kw_reduction,0.5,0.1,60,0.00036139821864241187,-0.0008196014376442203,0.0008196014376442203,0.0
0.2,10.0,equal_kw_reduction,1.0,-0.1,60,1.2071681053551445e-06,-0.0003121342831480245,0.0003121342831480245,3.274464095791425e-05
0.2,10.0,equal_kw_reduction,1.0,0.0,60,0.00022810809609366434,-0.0005424026516352025,0.0005424026516352025,1.2117283868067957e-05
0.2,10.0,equal_kw_reduction,1.0,0.1,60,0.0003173516099133469,-0.0006414437048787968,0.0006414437048787968,4.004237157187726e-06
0.2,10.0,equal_kw_reduction,1.5,-0.1,60,-0.0003835454290905084,-0.00034504677818176046,0.00034504677818176046,6.772214979390184e-05
0.2,10.0,equal_kw_reduction,1.5,0.0,60,-1.907074159050922e-05,-0.0005369363255861422,0.0005369363255861422,3.458808729390192e-05
0.2,10.0,equal_kw_reduction,1.5,0.1,60,0.00017650758920193622,-0.0005426523111254319,0.0005426523111254319,1.680823904004324e-05
0.2,10.0,fairness_qp,0.5,-0.1,60,7.660112850898962e-06,-8.500827987128664e-05,8.500827987128664e-05,1.7456933778096192e-06
0.2,10.0,fairness_qp,0.5,0.0,60,2.6679116656498043e-05,-0.00012483660437873819,0.00012483660437873819,1.669303184606621e-08
0.2,10.0,fairness_qp,0.5,0.1,60,2.686274000680477e-05,-0.00013765124736708396,0.00013765124736708396,0.0
0.2,10.0,fairness_qp,1.0,-0.1,60,-6.547792876658668e-05,-8.910731697449048e-05,8.910731697449048e-05,8.394606252126496e-06
0.2,10.0,fairness_qp,1.0,0.0,60,7.660112850899042e-06,-9.125157277336167e-05,9.125157277336167e-05,1.7456933778096118e-06
0.2,10.0,fairness_qp,1.0,0.1,60,8.394606252126511e-06,-0.0001258613636545373,0.0001258613636545373,1.6789212504252964e-06
0.2,10.0,fairness_qp,1.5,-0.1,60,-6.547792876658637e-05,-8.910731697449418e-05,8.910731697449418e-05,8.394606252126467e-06
0.2,10.0,fairness_qp,1.5,0.0,60,-6.547792876658668e-05,-9.535060987656552e-05,9.535060987656552e-05,8.394606252126496e-06
0.2,10.0,fairness_qp,1.5,0.1,60,7.660112850899042e-06,-9.125157277336167e-05,9.125157277336167e-05,1.7456933778096118e-06
0.2,10.0,flat_level,0.5,-0.1,60,0.0,0.0,0.0,0.0
0.2,10.0,flat_level,0.5,0.0,60,0.0,0.0,0.0,0.0
0.2,10.0,flat_level,0.5,0.1,60,0.0,0.0,0.0,0.0
0.2,10.0,flat_level,1.0,-0.1,60,0.0,0.0,0.0,0.0
0.2,10.0,flat_level,1.0,0.0,60,0.0,0.0,0.0,0.0
0.2,10.0,flat_level,1.0,0.1,60,0.0,0.0,0.0,0.0
0.2,10.0,flat_level,1.5,-0.1,60,0.0,0.0,0.0,0.0
0.2,10.0,flat_level,1.5,0.0,60,0.0,0.0,0.0,0.0
0.2,10.0,flat_level,1.5,0.1,60,0.0,0.0,0.0,0.0
0.2,10.0,max_export_lp,0.5,-0.1,60,3.465923504657968e-08,7.412151292740532e-09,9.689295514074085e-10,-4.12484513946885e-09
0.2,10.0,max_export_lp,0.5,0.0,60,-1.6394021797285056e-09,1.637750005982023e-09,2.3058327839701558e-10,-8.249690279862887e-10
0.2,10.0,max_export_lp,0.5,0.1,60,-1.0714061487577682e-08,1.9413683253569994e-10,5.041498329916294e-11,0.0
0.2,10.0,max_export_lp,1.0,-0.1,60,3.362678514782797e-08,6.367284018556537e-09,7.840605128113983e-10,-4.03098605776415e-09
0.2,10.0,max_export_lp,1.0,0.0,60,3.465923504912393e-08,7.412120680191e-09,9.689397876636954e-10,-4.124845139700147e-09
0.2,10.0,max_export_lp,1.0,0.1,60,-1.6394021816367015e-09,1.6377499541716152e-09,2.3058328209775898e-10,-8.249690278128163e-10
0.2,10.0,max_export_lp,1.5,-0.1,60,3.3626785147509936e-08,6.367284055563971e-09,7.840605017091681e-10,-4.030986057735238e-09
0.2,10.0,max_export_lp,1.5,0.0,60,3.3626785149418135e-08,6.367253439313695e-09,7.840707416661985e-10,-4.0309860579087106e-09
0.2,10.0,max_export_lp,1.5,0.1,60,3.3626785152280425e-08,6.367253417109235e-09,7.840707453669419e-10,-4.030986058168919e-09
0.2,10.0,weighted_proportional,0.5,-0.1,60,0.0,0.0,0.0,0.0
0.2,10.0,weighted_proportional,0.5,0.0,60,0.0,0.0,0.0,0.0
0.2,10.0,weighted_proportional,0.5,0.1,60,0.0,0.0,0.0,0.0
0.2,10.0,weighted_proportional,1.0,-0.1,60,0.0,0.0,0.0,0.0
0.2,10.0,weighted_proportional,1.0,0.0,60,0.0,0.0,0.0,0.0
0.2,10.0,weighted_proportional,1.0,0.1,60,0.0,0.0,0.0,0.0
0.2,10.0,weighted_proportional,1.5,-0.1,60,0.0,0.0,0.0,0.0
0.2,10.0,weighted_proportional,1.5,0.0,60,0.0,0.0,0.0,0.0
0.2,10.0,weighted_proportional,1.5,0.1,60,0.0,0.0,0.0,0.0
0.3,0.0,equal_kw_reduction,0.5,-0.1,60,0.0036469733999518385,-0.010243334958812784,0.010243334958812784,0.021121986497280584
0.3,0.0,equal_kw_reduction,0.5,0.0,60,0.007032663197073582,-0.013340763526844346,0.013340763526844346,0.017736296700158843
0.3,0.0,equal_kw_reduction,0.5,0.1,60,0.011318086022280236,-0.012032970233612732,0.012292874815134058,0.013450873874952187
0.3,0.0,equal_kw_reduction,1.0,-0.1,60,0.006285674536599534,-0.0073828662066370765,0.007472833331643917,0.018483285360632887
0.3,0.0,equal_kw_reduction,1.0,0.0,60,0.009271980278822504,-0.008973151613043965,0.009323428021855994,0.01549697961840992
0.3,0.0,equal_kw_reduction,1.0,0.1,60,0.012005695948469048,-0.006725153067428476,0.007948205241600788,0.012763263948763372
0.3,0.0,equal_kw_reduction,1.5,-0.1,60,0.008216586270690345,-0.005000178811883889,0.0057963758204624995,0.016552373626542077
0.3,0.0,equal_kw_reduction,1.5,0.0,60,0.009712204548257254,-0.008416313344270879,0.008942037080269112,0.015056755348975166
0.3,0.0,equal_kw_reduction,1.5,0.1,60,0.011946934306445157,-0.0062780246611336,0.0075711502693675365,0.012822025590787267
0.3,0.0,fairness_qp,0.5,-0.1,60,0.00400965734202478,-0.01292639313415537,0.01292639313415537,0.020188035140617167
0.3,0.0,fairness_qp,0.5,0.0,60,0.007434095882729023,-0.012963305250219973,0.012963305250219973,0.016763596599912924
0.3,0.0,fairness_qp,0.5,0.1,60,0.011919156668929426,-0.012482482538067712,0.012482482538067712,0.01227853581371252
0.3,0.0,fairness_qp,1.0,-0.1,60,0.006607717061654103,-0.010127772485042411,0.010127772485042411,0.017589975420987843
0.3,0.0,fairness_qp,1.0,0.0,60,0.009358363507803601,-0.008191476004064406,0.008191476004064406,0.014839328974838346
0.3,0.0,fairness_qp,1.0,0.1,60,0.011970998679568247,-0.007459000350090498,0.007975381509149409,0.0122266938030737
0.3,0.0,fairness_qp,1.5,-0.1,60,0.008293441400447025,-0.008442048146249348,0.008538270021415629,0.015904251082194922
0.3,0.0,fairness_qp,1.5,0.0,60,0.009735221630445552,-0.007814617881422469,0.007820538290704079,0.014462470852196395
0.3,0.0,fairness_qp,1.5,0.1,60,0.011944454357475756,-0.005605385154392287,0.0063683216300226666,0.01225323812516619
0.3,0.0,flat_level,0.5,-0.1,60,0.0003697051887743798,-0.023162224068377972,0.023162224068377972,0.004300729351268534
0.3,0.0,flat_level,0.5,0.0,60,0.0008037989126218963,-0.024065265917458344,0.024065265917458344,0.0038666356274210177
0.3,0.0,flat_level,0.5,0.1,60,0.0017278052964964743,-0.0235163152377734,0.0235163152377734,0.00294262924354644
0.3,0.0,flat_level,1.0,-0.1,60,0.001003619163850198,-0.018777571470175017,0.018777571470175017,0.003666815376192716
0.3,0.0,flat_level,1.0,0.0,60,0.0013470085388501978,-0.021178177382369334,0.021178177382369334,0.0033234260011927165
0.3,0.0,flat_level,1.0,0.1,60,0.0020120022389096843,-0.02141997468106298,0.02141997468106298,0.00265843230113323
0.3,0.0,flat_level,1.5,-0.1,60,0.0014595107937634103,-0.017867044855640446,0.017867044855640446,0.0032109237462795035
0.3,0.0,flat_level,1.5,0.0,60,0.001459510793763411,-0.018327162403852244,0.018327162403852244,0.0032109237462795027
0.3,0.0,flat_level,1.5,0.1,60,0.0020120022389096856,-0.018219272746001894,0.018219272746001894,0.0026584323011332287
0.3,0.0,max_export_lp,0.5,-0.1,60,0.0011177966417696818,-0.004836187275242343,0.0048361928349068195,0.01335833988098407
0.3,0.0,max_export_lp,0.5,0.0,60,0.0024870653521075234,-0.005280752173088081,0.005280753382483317,0.01198907117064623
0.3,0.0,max_export_lp,0.5,0.1,60,0.0053393643409230356,-0.0027307448731549886,0.002732313041236108,0.00913677218183072
0.3,0.0,max_export_lp,1.0,-0.1,60,0.00311476940053466,-0.0027945035043409248,0.002794508362641649,0.011361367122219095
0.3,0.0,max_export_lp,1.0,0.0,60,0.004193795799190199,-0.0017154771057506957,0.001859913047634306,0.010282340723563554
0.3,0.0,max_export_lp,1.0,0.1,60,0.006203184319254427,-0.0009152553412158593,0.001586282688853698,0.008272952203499327
0.3,0.0,max_export_lp,1.5,-0.1,60,0.004523797237270979,-0.0011909712877807806,0.0015521571290840234,0.009952339285482774
0.3,0.0,max_export_lp,1.5,0.0,60,0.004523797612707385,-0.0013698149609554732,0.001679415745222664,0.00995233891004637
0.3,0.0,max_export_lp,1.5,0.1,60,0.006203184262494056,0.00030867456478322154,0.0007541407516629165,0.008272952260259698
0.3,0.0,weighted_proportional,0.5,-0.1,60,0.005261529027087746,-0.07431787042674744,0.07431787042674744,0.02311642773958533
0.3,0.0,weighted_proportional,0.5,0.0,60,0.009314929339587741,-0.09834203448538542,0.09834203448538542,0.019063027427085332
0.3,0.0,weighted_proportional,0.5,0.1,60,0.014566963843756017,-0.09562667154687186,0.09562667154687186,0.013810992922917058
0.3,0.0,weighted_proportional,1.0,-0.1,60,0.007963795902087739,-0.07161560355174747,0.07161560355174747,0.02041416086458533
0.3,0.0,weighted_proportional,1.0,0.0,60,0.011648705277087746,-0.06793069417674738,0.06793069417674738,0.016729251489585328
0.3,0.0,weighted_proportional,1.0,0.1,60,0.014350972152087745,-0.07193351729788544,0.07193351729788544,0.014026984614585328
0.3,0.0,weighted_proportional,1.5,-0.1,60,0.009929080902087745,-0.06965031855174733,0.06965031855174733,0.018448875864585327
0.3,0.0,weighted_proportional,1.5,0.0,60,0.012140026527087738,-0.06743937292674741,0.06743937292674741,0.016237930239585335
0.3,0.0,weighted_proportional,1.5,0.1,60,0.01435097215208774,-0.06522842730174742,0.06522842730174742,0.014026984614585335
0.3,0.05,equal_kw_reduction,0.5,-0.1,60,0.0025908740750878066,-0.010243334958812784,0.010243334958812784,0.021121986497280584
0.3,0.05,equal_kw_reduction,0.5,0.0,60,0.006145848362065643,-0.013340763526844346,0.013340763526844346,0.017736296700158843
0.3,0.05,equal_kw_reduction,0.5,0.1,60,0.01064554232853263,-0.012032970233612732,0.012292874815134058,0.013450873874952187
0.3,0.05,equal_kw_reduction,1.0,-0.1,60,0.00536151026856789,-0.0073828662066370765,0.007472833331643917,0.018483285360632887
0.3,0.05,equal_kw_reduction,1.0,0.0,60,0.008497131297902007,-0.008973151613043965,0.009323428021855994,0.01549697961840992
0.3,0.05,equal_kw_reduction,1.0,0.1,60,0.011367532751030883,-0.006725153067428476,0.007948205241600788,0.012763263948763372
0.3,0.05,equal_kw_reduction,1.5,-0.1,60,0.0073889675893632385,-0.005000178811883889,0.0057963758204624995,0.016552373626542077
0.3,0.05,equal_kw_reduction,1.5,0.0,60,0.0089593667808085,-0.008416313344270879,0.008942037080269112,0.015056755348975166
0.3,0.05,equal_kw_reduction,1.5,0.1,60,0.011305833026905791,-0.0062780246611336,0.0075711502693675365,0.012822025590787267
0.3,0.05,fairness_qp,0.5,-0.1,60,0.003000255584993921,-0.01292639313415537,0.01292639313415537,0.020188035140617167
0.3,0.05,fairness_qp,0.5,0.0,60,0.006595916052733376,-0.012963305250219973,0.012963305250219973,0.016763596599912924
0.3,0.05,fairness_qp,0.5,0.1,60,0.011305229878243799,-0.012482482538067712,0.012482482538067712,0.01227853581371252
0.3,0.05,fairness_qp,1.0,-0.1,60,0.005728218290604711,-0.010127772485042411,0.010127772485042411,0.017589975420987843
0.3,0.05,fairness_qp,1.0,0.0,60,0.008616397059061682,-0.008191476004064406,0.008191476004064406,0.014839328974838346
0.3,0.05,fairness_qp,1.0,0.1,60,0.011359663989414563,-0.007459000350090498,0.007975381509149409,0.0122266938030737
0.3,0.05,fairness_qp,1.5,-0.1,60,0.007498228846337277,-0.008442048146249348,0.008538270021415629,0.015904251082194922
0.3,0.05,fairness_qp,1.5,0.0,60,0.009012098087835733,-0.007814617881422469,0.007820538290704079,0.014462470852196395
0.3,0.05,fairness_qp,1.5,0.1,60,0.011331792451217447,-0.005605385154392287,0.0063683216300226666,0.01225323812516619
0.3,0.05,flat_level,0.5,-0.1,60,0.0001546687212109534,-0.023162224068377972,0.023162224068377972,0.004300729351268534
0.3,0.05,flat_level,0.5,0.0,60,0.0006104671312508463,-0.024065265917458344,0.024065265917458344,0.0038666356274210177
0.3,0.05,flat_level,0.5,0.1,60,0.001580673834319153,-0.0235163152377734,0.0235163152377734,0.00294262924354644
0.3,0.05,flat_level,1.0,-0.1,60,0.0008202783950405632,-0.018777571470175017,0.018777571470175017,0.003666815376192716
0.3,0.05,flat_level,1.0,0.0,60,0.0011808372387905619,-0.021178177382369334,0.021178177382369334,0.0033234260011927165
0.3,0.05,flat_level,1.0,0.1,60,0.001879080623853023,-0.02141997468106298,0.02141997468106298,0.00265843230113323
0.3,0.05,flat_level,1.5,-0.1,60,0.0012989646064494346,-0.017867044855640446,0.017867044855640446,0.0032109237462795035
0.3,0.05,flat_level,1.5,0.0,60,0.001298964606449437,-0.018327162403852244,0.018327162403852244,0.0032109237462795027
0.3,0.05,flat_level,1.5,0.1,60,0.001879080623853024,-0.018219272746001894,0.018219272746001894,0.0026584323011332287
0.3,0.05,max_export_lp,0.5,-0.1,60,0.0004498796477204768,-0.004836187275242343,0.0048361928349068195,0.01335833988098407
0.3,0.05,max_export_lp,0.5,0.0,60,0.0018876117935752135,-0.005280752173088081,0.005280753382483317,0.01198907117064623
0.3,0.05,max_export_lp,0.5,0.1,60,0.004882525731831501,-0.0027307448731549886,0.002732313041236108,0.00913677218183072
0.3,0.05,max_export_lp,1.0,-0.1,60,0.002546701044423706,-0.0027945035043409248,0.002794508362641649,0.011361367122219095
0.3,0.05,max_export_lp,1.0,0.0,60,0.0036796787630120195,-0.0017154771057506957,0.001859913047634306,0.010282340723563554
0.3,0.05,max_export_lp,1.0,0.1,60,0.00578953670907946,-0.0009152553412158593,0.001586282688853698,0.008272952203499327
0.3,0.05,max_export_lp,1.5,-0.1,60,0.004026180272996841,-0.0011909712877807806,0.0015521571290840234,0.009952339285482774
0.3,0.05,max_export_lp,1.5,0.0,60,0.004026180667205068,-0.0013698149609554732,0.001679415745222664,0.00995233891004637
0.3,0.05,max_export_lp,1.5,0.1,60,0.00578953664948107,0.00030867456478322154,0.0007541407516629165,0.008272952260259698
0.3,0.05,weighted_proportional,0.5,-0.1,60,0.004105707640108478,-0.07431787042674744,0.07431787042674744,0.02311642773958533
0.3,0.05,weighted_proportional,0.5,0.0,60,0.008361777968233477,-0.09834203448538542,0.09834203448538542,0.019063027427085332
0.3,0.05,weighted_proportional,0.5,0.1,60,0.013876414197610166,-0.09562667154687186,0.09562667154687186,0.013810992922917058
0.3,0.05,weighted_proportional,1.0,-0.1,60,0.006943087858858471,-0.07161560355174747,0.07161560355174747,0.02041416086458533
0.3,0.05,weighted_proportional,1.0,0.0,60,0.010812242702608476,-0.06793069417674738,0.06793069417674738,0.016729251489585328
0.3,0.05,weighted_proportional,1.0,0.1,60,0.013649622921358478,-0.07193351729788544,0.07193351729788544,0.014026984614585328
0.3,0.05,weighted_proportional,1.5,-0.1,60,0.009006637108858477,-0.06965031855174733,0.06965031855174733,0.018448875864585327
0.3,0.05,weighted_proportional,1.5,0.0,60,0.011328130015108474,-0.06743937292674741,0.06743937292674741,0.016237930239585335
0.3,0.05,weighted_proportional,1.5,0.1,60,0.013649622921358472,-0.06522842730174742,0.06522842730174742,0.014026984614585335
0.3,0.1,equal_kw_reduction,0.5,-0.1,60,0.001577744836980576,-0.009983684299389688,0.009983684299389688,0.020692285629712634
0.3,0.1,equal_kw_reduction,0.5,0.0,60,0.005302003613814489,-0.012962527495955797,0.012962527495955797,0.01730659583259089
0.3,0.1,equal_kw_reduction,0.5,0.1,60,0.009986426786896515,-0.011637528315350884,0.01189743289687221,0.013048029311607232
0.3,0.1,equal_kw_reduction,1.0,-0.1,60,0.004450774152647744,-0.007156623318809626,0.007246590443816466,0.018080440797287933
0.3,0.1,equal_kw_reduction,1.0,0.0,60,0.007735710469093006,-0.008668570926025814,0.009018847334837843,0.015094135055064965
0.3,0.1,equal_kw_reduction,1.0,0.1,60,0.010624629967123024,-0.006518874004021461,0.007741926178193774,0.012467844602310407
0.3,0.1,equal_kw_reduction,1.5,-0.1,60,0.006456609321566448,-0.004889621252879713,0.005685818261458323,0.016256954280089112
0.3,0.1,equal_kw_reduction,1.5,0.0,60,0.008101789426890047,-0.008220190388136098,0.008745914124134332,0.0147613360025222
0.3,0.1,equal_kw_reduction,1.5,0.1,60,0.010559992160896743,-0.0060819017049988195,0.007375027313232755,0.012526606244334297
0.3,0.1,fairness_qp,0.5,-0.1,60,0.0021048563987450947,-0.012339249966879498,0.012339249966879498,0.01904800943279684
0.3,0.1,fairness_qp,0.5,0.0,60,0.005871738793510899,-0.012246370806727818,0.012246370806727818,0.015623570892100655
0.3,0.1,fairness_qp,0.5,0.1,60,0.01072692889092756,-0.011705789874762425,0.011705789874762425,0.011209761712630965
0.3,0.1,fairness_qp,1.0,-0.1,60,0.0048843453229247035,-0.009619391019879376,0.009619391019879376,0.016521201319906288
0.3,0.1,fairness_qp,1.0,0.0,60,0.007910056413653702,-0.007655536165993678,0.0076845390289819555,0.013770554873789016
0.3,0.1,fairness_qp,1.0,0.1,60,0.010470448032979673,-0.007128243193642458,0.007697101554023329,0.011442926128947225
0.3,0.1,fairness_qp,1.5,-0.1,60,0.006425135025946328,-0.00821867310804139,0.008328696733065789,0.01512048340806845
0.3,0.1,fairness_qp,1.5,0.0,60,0.00801109327894471,-0.007563684470274594,0.007592687333262867,0.013678703178069919
0.3,0.1,fairness_qp,1.5,0.1,60,0.010441249278677933,-0.0053544517432444075,0.006140470672581455,0.011469470451039717
0.3,0.1,flat_level,0.5,-0.1,60,-1.5366844387188054e-05,-0.020509090439623012,0.020509090439623012,0.0038507203316156856
0.3,0.1,flat_level,0.5,0.0,60,0.0004621362518450793,-0.021214724737738968,0.021214724737738968,0.003416626607768169
0.3,0.1,flat_level,0.5,0.1,60,0.0014476051540059807,-0.020692072100585605,0.020692072100585605,0.0025207457876218944
0.3,0.1,flat_level,1.0,-0.1,60,0.0006510004080950769,-0.016574798377371493,0.016574798377371493,0.003244931920268171
0.3,0.1,flat_level,1.0,0.0,60,0.0010287287205950797,-0.01856048175291065,0.01856048175291065,0.002901542545268169
0.3,0.1,flat_level,1.0,0.1,60,0.0016364693102559808,-0.018906557461132092,0.018906557461132092,0.0023490511001218947
0.3,0.1,flat_level,1.5,-0.1,60,0.0010287287205950784,-0.01582795401438323,0.01582795401438323,0.00290154254526817
0.3,0.1,flat_level,1.5,0.0,60,0.0010287287205950778,-0.0162314090023716,0.0162314090023716,0.00290154254526817
0.3,0.1,flat_level,1.5,0.1,60,0.00163646931025598,-0.01607233934788819,0.01607233934788819,0.0023490511001218956
0.3,0.1,max_export_lp,0.5,-0.1,60,-8.603659632893376e-05,-0.004239138408599652,0.0042391439682641285,0.012038332380986165
0.3,0.1,max_export_lp,0.5,0.0,60,0.001420158985042362,-0.004501845767756885,0.004501846977152121,0.010669063670648623
0.3,0.1,max_export_lp,0.5,0.1,60,0.004466937357114897,-0.0019888745519017537,0.002225070482591492,0.00789926515058268
0.3,0.1,max_export_lp,1.0,-0.1,60,0.0020198829226876847,-0.00228444271287734,0.0022844475711780647,0.010123860090971055
0.3,0.1,max_export_lp,1.0,0.0,60,0.003206811961207472,-0.0012054163142859156,0.0015072100990834595,0.009044833692316704
0.3,0.1,max_export_lp,1.0,0.1,60,0.005054137270780007,-0.000553338886062941,0.0012816933242609351,0.007365447047250766
0.3,0.1,max_export_lp,1.5,-0.1,60,0.003206811480598212,-0.0010304339803076656,0.001381820504611786,0.009044834129234213
0.3,0.1,max_export_lp,1.5,0.0,60,0.003206811893578258,-0.0011913272277630504,0.001497112135580266,0.009044833753797808
0.3,0.1,max_export_lp,1.5,0.1,60,0.005054137208343596,0.00048725218911070586,0.0005875646458542032,0.007365447104011138
0.3,0.1,weighted_proportional,0.5,-0.1,60,0.002974834395987797,-0.019804775738577543,0.019804775738577543,0.022866946310999486
0.3,0.1,weighted_proportional,0.5,0.0,60,0.007433574739737792,-0.024005996274244705,0.024005996274244705,0.018813545998499492
0.3,0.1,weighted_proportional,0.5,0.1,60,0.013193660846107616,-0.019629953425983213,0.02005862450506096,0.013577104083617834
0.3,0.1,weighted_proportional,1.0,-0.1,60,0.005930176110272517,-0.01711810145286423,0.01711810145286423,0.020180272025286106
0.3,0.1,weighted_proportional,1.0,0.0,60,0.009983576422772514,-0.01343319207786411,0.014062136297369621,0.016495362650286106
0.3,0.1,weighted_proportional,1.0,0.1,60,0.012887462592411407,-0.010793295560010574,0.012285421202243563,0.013855466132432567
0.3,0.1,weighted_proportional,1.5,-0.1,60,0.008023382217411409,-0.015215186810010528,0.015261462452243524,0.018277357382432566
0.3,0.1,weighted_proportional,1.5,0.0,60,0.010455422404911407,-0.013004241185010606,0.013773441827243594,0.016066411757432567
0.3,0.1,weighted_proportional,1.5,0.1,60,0.01288746259241141,-0.01079329556001061,0.012285421202243596,0.013855466132432565
0.3,0.25,equal_kw_reduction,0.5,-0.1,60,-0.0011358465193075018,-0.00938385514165326,0.00938385514165326,0.01913127967703736
0.3,0.25,equal_kw_reduction,0.5,0.0,60,0.0030307906526669216,-0.012131971359827132,0.012131971359827132,0.015797969939457823
0.3,0.25,equal_kw_reduction,0.5,0.1,60,0.008297520288271494,-0.010742174478158706,0.011496031379681722,0.011584586230974166
0.3,0.25,equal_kw_reduction,1.0,-0.1,60,0.0020070059311706194,-0.006667936789308793,0.007010719415429256,0.016616997716654862
0.3,0.25,equal_kw_reduction,1.0,0.0,60,0.0054779878112383,-0.00820311653890288,0.008724491026432364,0.013840212212600721
0.3,0.25,equal_kw_reduction,1.0,0.1,60,0.008534936814681503,-0.006213783098868523,0.007458564606443104,0.011394653009846158
0.3,0.25,equal_kw_reduction,1.5,-0.1,60,0.003798549717458119,-0.004807628334080675,0.005491589776679295,0.015183762687624863
0.3,0.25,equal_kw_reduction,1.5,0.0,60,0.005668072564416761,-0.007937882891188278,0.008472644549068339,0.01368814441005795
0.3,0.25,equal_kw_reduction,1.5,0.1,60,0.008461484762151642,-0.005799594208050984,0.0071017577381667476,0.011453414651870046
0.3,0.25,fairness_qp,0.5,-0.1,60,-0.0006706200676876113,-0.012155678135601422,0.012155678135601422,0.018721109638849563
0.3,0.25,fairness_qp,0.5,0.0,60,0.0035996591783256245,-0.012033949178224273,0.012033949178224273,0.015304886242038978
0.3,0.25,fairness_qp,0.5,0.1,60,0.009101650536117603,-0.011466667264021199,0.011466667264021199,0.010903293155805394
0.3,0.25,fairness_qp,1.0,-0.1,60,0.002462351027023448,-0.009458463789786613,0.009458463789786613,0.01621473276308072
0.3,0.25,fairness_qp,1.0,0.0,60,0.005859583365242057,-0.007522966106233638,0.0075519689692219154,0.01349694689250583
0.3,0.25,fairness_qp,1.0,0.1,60,0.008708038830113753,-0.0070201141369734725,0.007607417911825121,0.011218182520608473
0.3,0.25,fairness_qp,1.5,-0.1,60,0.004111092231212225,-0.008139470826435447,0.008249494451459845,0.014895739799729697
0.3,0.25,fairness_qp,1.5,0.0,60,0.005913317518710385,-0.007479978783458996,0.0075089816464472695,0.013453959569731168
0.3,0.25,fairness_qp,1.5,0.1,60,0.008674858427498138,-0.00527074605642881,0.006094526790961992,0.011244726842700966
0.3,0.25,flat_level,0.5,-0.1,60,-0.000592974894129541,-0.020509090439623012,0.020509090439623012,0.0038507203316156856
0.3,0.25,flat_level,0.5,0.0,60,-5.0357739320146776e-05,-0.021214724737738968,0.021214724737738968,0.003416626607768169
0.3,0.25,flat_level,0.5,0.1,60,0.0010694932858626971,-0.020692072100585605,0.020692072100585605,0.0025207457876218944
0.3,0.25,flat_level,1.0,-0.1,60,0.00016426062005485108,-0.016574798377371493,0.016574798377371493,0.003244931920268171
0.3,0.25,flat_level,1.0,0.0,60,0.0005934973388048546,-0.01856048175291065,0.01856048175291065,0.002901542545268169
0.3,0.25,flat_level,1.0,0.1,60,0.0012841116452376945,-0.018906557461132092,0.018906557461132092,0.0023490511001218947
0.3,0.25,flat_level,1.5,-0.1,60,0.0005934973388048526,-0.01582795401438323,0.01582795401438323,0.00290154254526817
0.3,0.25,flat_level,1.5,0.0,60,0.0005934973388048522,-0.0162314090023716,0.0162314090023716,0.00290154254526817
0.3,0.25,flat_level,1.5,0.1,60,0.001284111645237696,-0.01607233934788819,0.01607233934788819,0.0023490511001218956
0.3,0.25,max_export_lp,0.5,-0.1,60,-0.0018917864534768586,-0.004239138408599652,0.0042391439682641285,0.012038332380986165
0.3,0.25,max_export_lp,0.5,0.0,60,-0.00018020056555493303,-0.004501845767756885,0.004501846977152121,0.010669063670648623
0.3,0.25,max_export_lp,0.5,0.1,60,0.0032820475845274947,-0.0019888745519017537,0.002225070482591492,0.00789926515058268
0.3,0.25,max_export_lp,1.0,-0.1,60,0.0005013039090420273,-0.00228444271287734,0.0022844475711780647,0.010123860090971055
0.3,0.25,max_export_lp,1.0,0.0,60,0.0018500869073599677,-0.0012054163142859156,0.0015072100990834595,0.009044833692316704
0.3,0.25,max_export_lp,1.0,0.1,60,0.003949320213692388,-0.000553338886062941,0.0012816933242609351,0.007365447047250766
0.3,0.25,max_export_lp,1.5,-0.1,60,0.0018500863612130798,-0.0010304339803076656,0.001381820504611786,0.009044834129234213
0.3,0.25,max_export_lp,1.5,0.0,60,0.001850086830508587,-0.0011913272277630504,0.001497112135580266,0.009044833753797808
0.3,0.25,max_export_lp,1.5,0.1,60,0.003949320142741926,0.00048725218911070586,0.0005875646458542032,0.007365447104011138
0.3,0.25,weighted_proportional,0.5,-0.1,60,-0.0004552075506621252,-0.019804775738577543,0.019804775738577543,0.022866946310999486
0.3,0.25,weighted_proportional,0.5,0.0,60,0.004611542839962867,-0.024005996274244705,0.024005996274244705,0.018813545998499492
0.3,0.25,weighted_proportional,0.5,0.1,60,0.01115709523356494,-0.019629953425983213,0.02005862450506096,0.013577104083617834
0.3,0.25,weighted_proportional,1.0,-0.1,60,0.002903135306479601,-0.01711810145286423,0.01711810145286423,0.020180272025286106
0.3,0.25,weighted_proportional,1.0,0.0,60,0.007509272025229601,-0.01343319207786411,0.014062136297369621,0.016495362650286106
0.3,0.25,weighted_proportional,1.0,0.1,60,0.010809142672546523,-0.010793295560010574,0.012285421202243563,0.013855466132432567
0.3,0.25,weighted_proportional,1.5,-0.1,60,0.005281778610046523,-0.015215186810010528,0.015261462452243524,0.018277357382432566
0.3,0.25,weighted_proportional,1.5,0.0,60,0.008045460641296524,-0.013004241185010606,0.013773441827243594,0.016066411757432567
0.3,0.25,weighted_proportional,1.5,0.1,60,0.010809142672546528,-0.01079329556001061,0.012285421202243596,0.013855466132432565
0.3,0.5,equal_kw_reduction,0.5,-0.1,60,0.00047186344153504935,-0.0017094494453508303,0.001906114385331111,0.004884994287586674
0.3,0.5,equal_kw_reduction,0.5,0.0,60,0.0029173954464215687,-0.0020798766959767715,0.0027208466758663545,0.003254639617662329
0.3,0.5,equal_kw_reduction,0.5,0.1,60,0.005125167925470496,-0.0018749880222219387,0.00295391593578338,0.0017827912982963747
0.3,0.5,equal_kw_reduction,1.0,-0.1,60,0.000511412117227001,-0.0016287239934407172,0.0018919066542505043,0.004858628503792041
0.3,0.5,equal_kw_reduction,1.0,0.0,60,0.002785949480561439,-0.0016992154401879623,0.002393743817895692,0.003342270261569081
0.3,0.5,equal_kw_reduction,1.0,0.1,60,0.004321963335819739,-0.0008387629380107731,0.0021819542071524886,0.0023182610247302147
0.3,0.5,equal_kw_reduction,1.5,-0.1,60,0.00047069961442922163,-0.0014936512992541839,0.0017750436315918808,0.004885770172323893
0.3,0.5,equal_kw_reduction,1.5,0.0,60,0.0027141270307795913,-0.001657868527682438,0.0023913484674397208,0.0033901518947569804
0.3,0.5,equal_kw_reduction,1.5,0.1,60,0.0042338208727839095,-0.0007335741764104527,0.002120585952858067,0.0023770226667541
0.3,0.5,fairness_qp,0.5,-0.1,60,0.000856515258017761,-0.003311742164791735,0.003311742164791735,0.004303327138079189
0.3,0.5,fairness_qp,0.5,0.0,60,0.0033261685876418952,-0.0028624383470258865,0.00294102199788705,0.002656891584996434
0.3,0.5,fairness_qp,0.5,0.1,60,0.005323624081848679,-0.0030973501043764172,0.003472399436965464,0.001325254588858577
0.3,0.5,fairness_qp,1.0,-0.1,60,0.0008690091880216076,-0.003229815979964083,0.003229815979964083,0.004294997851409959
0.3,0.5,fairness_qp,1.0,0.0,60,0.0030316795329672895,-0.002100967618741856,0.0024526110386750935,0.0028532176214461705
0.3,0.5,fairness_qp,1.0,0.1,60,0.003924054027117527,-0.0020626974215402125,0.002606881949601921,0.0022583012920126795
0.3,0.5,fairness_qp,1.5,-0.1,60,0.0008690091880216072,-0.0032298159799639386,0.0032298159799639386,0.004294997851409959
0.3,0.5,fairness_qp,1.5,0.0,60,0.0030316795329672895,-0.002100967618741878,0.002452611038675112,0.0028532176214461705
0.3,0.5,fairness_qp,1.5,0.1,60,0.00388423754397879,-0.0015325956114008701,0.00222348180253202,0.00228484561410517
0.3,0.5,flat_level,0.5,-0.1,60,0.0,0.0,0.0,0.0
0.3,0.5,flat_level,0.5,0.0,60,0.0,0.0,0.0,0.0
0.3,0.5,flat_level,0.5,0.1,60,0.0,0.0,0.0,0.0
0.3,0.5,flat_level,1.0,-0.1,60,0.0,0.0,0.0,0.0
0.3,0.5,flat_level,1.0,0.0,60,0.0,0.0,0.0,0.0
0.3,0.5,flat_level,1.0,0.1,60,0.0,0.0,0.0,0.0
0.3,0.5,flat_level,1.5,-0.1,60,0.0,0.0,0.0,0.0
0.3,0.5,flat_level,1.5,0.0,60,0.0,0.0,0.0,0.0
0.3,0.5,flat_level,1.5,0.1,60,0.0,0.0,0.0,0.0
0.3,0.5,max_export_lp,0.5,-0.1,60,7.296364911642666e-09,4.098768187817588e-09,1.4608962891256757e-09,2.829954090048196e-09
0.3,0.5,max_export_lp,0.5,0.0,60,1.0692309819966492e-08,8.651383757533419e-10,3.4425686005571757e-10,5.659908181021578e-10
0.3,0.5,max_export_lp,0.5,0.1,60,1.0692309820197789e-08,8.651383350451643e-10,3.4425687855943463e-10,5.659908179286854e-10
0.3,0.5,max_export_lp,1.0,-0.1,60,7.155576289851785e-09,3.6700932293243227e-09,1.1882074953580475e-09,2.923813171434864e-09
0.3,0.5,max_export_lp,1.0,0.0,60,7.155576289389192e-09,3.6700657179977724e-09,1.1882149190493389e-09,2.923813171752896e-09
0.3,0.5,max_export_lp,1.0,0.1,60,7.155576289678313e-09,3.6700657105962856e-09,1.1882149227500823e-09,2.923813171434864e-09
0.3,0.5,max_export_lp,1.5,-0.1,60,6.500200144662738e-09,1.5721185279519527e-09,1.908504354553031e-10,3.36073060168859e-09
0.3,0.5,max_export_lp,1.5,0.0,60,7.063354634131095e-09,3.286790809890287e-09,1.177347201212579e-09,2.9852942750071215e-09
0.3,0.5,max_export_lp,1.5,0.1,60,7.07043573039094e-09,3.354410930504296e-09,1.1606816618936477e-09,2.980573544471403e-09
0.3,0.5,weighted_proportional,0.5,-0.1,60,0.0012911591729870134,-0.003200814041251798,0.0036094937089539334,0.005545519394362707
0.3,0.5,weighted_proportional,0.5,0.0,60,0.004607577610487008,-0.0027711904083297934,0.003724200535976337,0.0033345737693627102
0.3,0.5,weighted_proportional,0.5,0.1,60,0.00727145630303454,-0.0018556703465849552,0.0033932954852994007,0.0015586546409976896
0.3,0.5,weighted_proportional,1.0,-0.1,60,0.0012911591729870126,-0.003200814041251843,0.0036094937089539703,0.005545519394362708
0.3,0.5,weighted_proportional,1.0,0.0,60,0.00460757761048701,-0.000989868416251738,0.00236661761891603,0.0033345737693627085
0.3,0.5,weighted_proportional,1.0,0.1,60,0.005105014078032131,-0.0006582441045550132,0.002257732797227289,0.0030029494576659615
0.3,0.5,weighted_proportional,1.5,-0.1,60,0.0012911591729870128,-0.0032008140412516984,0.003609493708953848,0.005545519394362708
0.3,0.5,weighted_proportional,1.5,0.0,60,0.00460757761048701,-0.0009898684162517528,0.002366617618916041,0.00333457376936271
0.3,0.5,weighted_proportional,1.5,0.1,60,0.005105014078032135,-0.0006582441045550169,0.0022577327972272965,0.0030029494576659594
0.3,1.0,equal_kw_reduction,0.5,-0.1,60,-0.0009680996619009869,-0.001634054937481936,0.001646782024043795,0.0032659465410718744
0.3,1.0,equal_kw_reduction,0.5,0.0,60,0.0015534990862460611,-0.0020774967147942397,0.002335149668610659,0.0020051471669983506
0.3,1.0,equal_kw_reduction,0.5,0.1,60,0.0033954367315701993,-0.0022398745745745075,0.0025994579966478544,0.0010841783443362814
0.3,1.0,equal_kw_reduction,1.0,-0.1,60,-0.0010795665899169097,-0.0016447935844976281,0.0016585728210207391,0.0033216800050798355
0.3,1.0,equal_kw_reduction,1.0,0.0,60,0.0013782377984325645,-0.001773267790786089,0.0020696576627088348,0.002092777810905099
0.3,1.0,equal_kw_reduction,1.0,0.1,60,0.002324497278702519,-0.0014409351459254705,0.0019447217520814537,0.0016196480707701215
0.3,1.0,equal_kw_reduction,1.5,-0.1,60,-0.001133849926980614,-0.0015351900225991644,0.0015531097699785631,0.0033488216736116882
0.3,1.0,equal_kw_reduction,1.5,0.0,60,0.0012824745320567652,-0.0017440330926002132,0.0020705878665649474,0.0021406594440929985
0.3,1.0,equal_kw_reduction,1.5,0.1,60,0.0022069739946547445,-0.0013585060237124506,0.001894150232974338,0.0016784097127940086
0.3,1.0,fairness_qp,0.5,-0.1,60,-0.00048276261443676977,-0.00237084346508523,0.00237084346508523,0.0028391686646307567
0.3,1.0,fairness_qp,0.5,0.0,60,0.002251329765132149,-0.0018775833958314429,0.0021218623048401388,0.0014721224748462972
0.3,1.0,fairness_qp,0.5,0.1,60,0.003867522568552466,-0.0022495280976017867,0.002662252994043113,0.0006640260731361388
0.3,1.0,fairness_qp,1.0,-0.1,60,-0.0004850155188164468,-0.0023177657323081562,0.0023177657323081562,0.002840295116820595
0.3,1.0,fairness_qp,1.0,0.0,60,0.0018586776922326742,-0.001381258200003473,0.0017936756344928528,0.0016684485112960347
0.3,1.0,fairness_qp,1.0,0.1,60,0.002001429162244262,-0.0016611835905377774,0.002063978852500507,0.0015970727762902406
0.3,1.0,fairness_qp,1.5,-0.1,60,-0.0004850155188164473,-0.002317765732308023,0.002317765732308023,0.0028402951168205954
0.3,1.0,fairness_qp,1.5,0.0,60,0.001858677692232675,-0.0013812582000034953,0.0017936756344928638,0.001668448511296034
0.3,1.0,fairness_qp,1.5,0.1,60,0.0019483405180592802,-0.0013364267870902022,0.0017923915665131666,0.0016236170983827314
0.3,1.0,flat_level,0.5,-0.1,60,0.0,0.0,0.0,0.0
0.3,1.0,flat_level,0.5,0.0,60,0.0,0.0,0.0,0.0
0.3,1.0,flat_level,0.5,0.1,60,0.0,0.0,0.0,0.0
0.3,1.0,flat_level,1.0,-0.1,60,0.0,0.0,0.0,0.0
0.3,1.0,flat_level,1.0,0.0,60,0.0,0.0,0.0,0.0
0.3,1.0,flat_level,1.0,0.1,60,0.0,0.0,0.0,0.0
0.3,1.0,flat_level,1.5,-0.1,60,0.0,0.0,0.0,0.0
0.3,1.0,flat_level,1.5,0.0,60,0.0,0.0,0.0,0.0
0.3,1.0,flat_level,1.5,0.1,60,0.0,0.0,0.0,0.0
0.3,1.0,max_export_lp,0.5,-0.1,60,5.8813878668498645e-09,4.098768187817588e-09,1.4608962891256757e-09,2.829954090048196e-09
0.3,1.0,max_export_lp,0.5,0.0,60,1.0409314410741941e-08,8.651383757533419e-10,3.4425686005571757e-10,5.659908181021578e-10
0.3,1.0,max_export_lp,0.5,0.1,60,1.0409314411088886e-08,8.651383350451643e-10,3.4425687855943463e-10,5.659908179286854e-10
0.3,1.0,max_export_lp,1.0,-0.1,60,5.693669704076529e-09,3.6700932293243227e-09,1.1882074953580475e-09,2.923813171434864e-09
0.3,1.0,max_export_lp,1.0,0.0,60,5.693669703440464e-09,3.6700657179977724e-09,1.1882149190493389e-09,2.923813171752896e-09
0.3,1.0,max_export_lp,1.0,0.1,60,5.693669704076529e-09,3.6700657105962856e-09,1.1882149227500823e-09,2.923813171434864e-09
0.3,1.0,max_export_lp,1.5,-0.1,60,4.819834843569077e-09,1.5721185279519527e-09,1.908504354553031e-10,3.36073060168859e-09
0.3,1.0,max_export_lp,1.5,0.0,60,5.570707496932014e-09,3.286790809890287e-09,1.177347201212579e-09,2.9852942750071215e-09
0.3,1.0,max_export_lp,1.5,0.1,60,5.580148958003449e-09,3.354410930504296e-09,1.1606816618936477e-09,2.980573544471403e-09
0.3,1.0,weighted_proportional,0.5,-0.1,60,-0.0014816005241943399,-0.003200814041251798,0.0036094937089539334,0.005545519394362707
0.3,1.0,weighted_proportional,0.5,0.0,60,0.0029402907258056538,-0.0027711904083297934,0.003724200535976337,0.0033345737693627102
0.3,1.0,weighted_proportional,0.5,0.1,60,0.006492128982535694,-0.0018556703465849552,0.0033932954852994007,0.0015586546409976896
0.3,1.0,weighted_proportional,1.0,-0.1,60,-0.0014816005241943416,-0.003200814041251843,0.0036094937089539703,0.005545519394362708
0.3,1.0,weighted_proportional,1.0,0.0,60,0.002940290725805656,-0.000989868416251738,0.00236661761891603,0.0033345737693627085
0.3,1.0,weighted_proportional,1.0,0.1,60,0.0036035393491991503,-0.0006582441045550132,0.002257732797227289,0.0030029494576659615
0.3,1.0,weighted_proportional,1.5,-0.1,60,-0.0014816005241943412,-0.0032008140412516984,0.003609493708953848,0.005545519394362708
0.3,1.0,weighted_proportional,1.5,0.0,60,0.002940290725805655,-0.0009898684162517528,0.002366617618916041,0.00333457376936271
0.3,1.0,weighted_proportional,1.5,0.1,60,0.0036035393491991546,-0.0006582441045550169,0.0022577327972272965,0.0030029494576659594
0.3,2.0,equal_kw_reduction,0.5,-0.1,60,-0.0005343787049965187,-0.0009643486674523416,0.0009643486674523416,0.0008720440423813004
0.3,2.0,equal_kw_reduction,0.5,0.0,60,0.0006280480886999984,-0.0015343278503113641,0.0015343278503113641,0.00048456844448246136
0.3,2.0,equal_kw_reduction,0.5,0.1,60,0.0016858735766275164,-0.0017918159689568854,0.0017918159689568854,0.000131959948506622
0.3,2.0,equal_kw_reduction,1.0,-0.1,60,-0.0007015790970204108,-0.0009962724740216163,0.0009962724740216163,0.0009277775063892645
0.3,2.0,equal_kw_reduction,1.0,0.0,60,0.00036515615697976523,-0.0014065847225248397,0.0014074854081281766,0.0005721990883892058
0.3,2.0,equal_kw_reduction,1.0,0.1,60,0.0004872217080514302,-0.0014415444686663337,0.0014415444686663337,0.0005315105713653174
0.3,2.0,equal_kw_reduction,1.5,-0.1,60,-0.0007830041026159664,-0.0009488666964219868,0.0009488666964219868,0.0009549191749211163
0.3,2.0,equal_kw_reduction,1.5,0.0,60,0.0002215112574160619,-0.0014123074588876072,0.0014158557865307398,0.0006200807215771068
0.3,2.0,equal_kw_reduction,1.5,0.1,60,0.00031093678197976636,-0.0014246578475247387,0.001425558533128076,0.0005902722133892054
0.3,2.0,fairness_qp,0.5,-0.1,60,-0.0026921812614272385,-0.0022329947376615125,0.0022329947376615125,0.0024316833590988054
0.3,2.0,fairness_qp,0.5,0.0,60,0.0008766574103410348,-0.001859866172510638,0.0020765203923062987,0.0012420704685093813
0.3,2.0,fairness_qp,0.5,0.1,60,0.0030879639939310906,-0.002225655012139442,0.0026083556899578124,0.0005049682739793627
0.3,2.0,fairness_qp,1.0,-0.1,60,-0.002695560617996755,-0.0021839673471121296,0.0021839673471121296,0.002432809811288644
0.3,2.0,fairness_qp,1.0,0.0,60,0.00028767930099182364,-0.0014144491731344392,0.0017557250972582872,0.0014383965049591183
0.3,2.0,fairness_qp,1.0,0.1,60,0.0003673122672692986,-0.001706191706379978,0.002022188058936229,0.0014118521828666267
0.3,2.0,fairness_qp,1.5,-0.1,60,-0.0026955606179967554,-0.0021839673471120034,0.0021839673471120034,0.0024328098112886445
0.3,2.0,fairness_qp,1.5,0.0,60,0.00028767930099182456,-0.0014144491731344652,0.0017557250972582983,0.001438396504959118
0.3,2.0,fairness_qp,1.5,0.1,60,0.0002876793009918247,-0.0014144491731344763,0.0017557250972583057,0.001438396504959118
0.3,2.0,flat_level,0.5,-0.1,60,0.0,0.0,0.0,0.0
0.3,2.0,flat_level,0.5,0.0,60,0.0,0.0,0.0,0.0
0.3,2.0,flat_level,0.5,0.1,60,0.0,0.0,0.0,0.0
0.3,2.0,flat_level,1.0,-0.1,60,0.0,0.0,0.0,0.0
0.3,2.0,flat_level,1.0,0.0,60,0.0,0.0,0.0,0.0
0.3,2.0,flat_level,1.0,0.1,60,0.0,0.0,0.0,0.0
0.3,2.0,flat_level,1.5,-0.1,60,0.0,0.0,0.0,0.0
0.3,2.0,flat_level,1.5,0.0,60,0.0,0.0,0.0,0.0
0.3,2.0,flat_level,1.5,0.1,60,0.0,0.0,0.0,0.0
0.3,2.0,max_export_lp,0.5,-0.1,60,3.0397658577980062e-09,4.002323228391446e-09,1.36836345957884e-09,2.7716144942781703e-09
0.3,2.0,max_export_lp,0.5,0.0,60,9.691640643683975e-09,8.436881452726179e-10,3.231897009274102e-10,5.543228989828471e-10
0.3,2.0,max_export_lp,0.5,0.1,60,9.691640644551337e-09,8.436881082651837e-10,3.231897194311273e-10,5.543228986937265e-10
0.3,2.0,max_export_lp,1.0,-0.1,60,2.7581886134645308e-09,3.5874505625403214e-09,1.1104342556578217e-09,2.865473575722662e-09
0.3,2.0,max_export_lp,1.0,0.0,60,2.758188612683905e-09,3.587424779460946e-09,1.1104415424216066e-09,2.8654735759828704e-09
0.3,2.0,max_export_lp,1.0,0.1,60,2.7581886134645308e-09,3.5874247757602024e-09,1.1104415424216066e-09,2.865473575722662e-09
0.3,2.0,max_export_lp,1.5,-0.1,60,1.4474363227033518e-09,1.5498000808615112e-09,1.7993049642820816e-10,3.3023910059763883e-09
0.3,2.0,max_export_lp,1.5,0.0,60,2.573745302747758e-09,3.209264898274e-09,1.1028807200830216e-09,2.92695467929492e-09
0.3,2.0,max_export_lp,1.5,0.1,60,2.587907494528384e-09,3.276586516924122e-09,1.0863589990547003e-09,2.9222339487013775e-09
0.3,2.0,weighted_proportional,0.5,-0.1,60,-0.0019499814751412373,-0.000916413200431232,0.0013424293097961633,0.0022603121662701235
0.3,2.0,weighted_proportional,0.5,0.0,60,0.0003019346889793154,-0.0005733957971030157,0.0012827879032545342,0.001509673444896606
0.3,2.0,weighted_proportional,0.5,0.1,60,0.003925150956731172,-0.00022605610780589055,0.0014105408924619867,0.0003019346889793206
0.3,2.0,weighted_proportional,1.0,-0.1,60,-0.0019499814751412358,-0.000916413200431269,0.0013424293097961892,0.002260312166270123
0.3,2.0,weighted_proportional,1.0,0.0,60,0.00030193468897932093,-0.00016577447905764912,0.001034396654472114,0.0015096734448966044
0.3,2.0,weighted_proportional,1.0,0.1,60,0.000301934688979321,-0.00016577447905764172,0.001034396654472114,0.0015096734448966044
0.3,2.0,weighted_proportional,1.5,-0.1,60,-0.0019499814751412355,-0.0009164132004311099,0.001342429309796067,0.002260312166270123
0.3,2.0,weighted_proportional,1.5,0.0,60,0.00030193468897931995,-0.00016577447905766392,0.0010343966544721288,0.0015096734448966048
0.3,2.0,weighted_proportional,1.5,0.1,60,0.00030193468897932277,-0.00016577447905767871,0.0010343966544721361,0.001509673444896604
0.3,5.0,equal_kw_reduction,0.5,-0.1,60,0.0002359840433467684,-0.00020722057525143593,0.00020722057525143593,6.717361921936048e-06
0.3,5.0,equal_kw_reduction,0.5,0.0,60,0.0002715375612494555,-0.00040860489369913083,0.00040860489369913083,7.917756048215289e-07
0.3,5.0,equal_kw_reduction,0.5,0.1,60,0.0002762882148783847,-0.0005439535890652047,0.0005439535890652047,0.0
0.3,5.0,equal_kw_reduction,1.0,-0.1,60,2.9536573172525067e-05,-0.00023674891345233374,0.00023674891345233374,4.112527361764327e-05
0.3,5.0,equal_kw_reduction,1.0,0.0,60,0.00017777501978327354,-0.00037784613534938376,0.00037784613534938376,1.641886584918519e-05
0.3,5.0,equal_kw_reduction,1.0,0.1,60,0.00020783831231491634,-0.0003899864225045254,0.0003899864225045254,1.1408317093911392e-05
0.3,5.0,equal_kw_reduction,1.5,-0.1,60,-0.0001333134380185864,-0.00024783620018675734,0.00024783620018675734,6.826694214949518e-05
0.3,5.0,equal_kw_reduction,1.5,0.0,60,-5.894885095488265e-05,-0.0004089364211379139,0.0004089364211379139,5.5872844305544556e-05
0.3,5.0,equal_kw_reduction,1.5,0.1,60,0.00011990219817252524,-0.00038749160561783275,0.00038749160561783275,2.6064336117643243e-05
0.3,5.0,fairness_qp,0.5,-0.1,60,0.0,0.0,0.0,0.0
0.3,5.0,fairness_qp,0.5,0.0,60,0.0,0.0,0.0,0.0
0.3,5.0,fairness_qp,0.5,0.1,60,0.0,0.0,0.0,0.0
0.3,5.0,fairness_qp,1.0,-0.1,60,0.0,0.0,0.0,0.0
0.3,5.0,fairness_qp,1.0,0.0,60,0.0,0.0,0.0,0.0
0.3,5.0,fairness_qp,1.0,0.1,60,0.0,0.0,0.0,0.0
0.3,5.0,fairness_qp,1.5,-0.1,60,0.0,0.0,0.0,0.0
0.3,5.0,fairness_qp,1.5,0.0,60,0.0,0.0,0.0,0.0
0.3,5.0,fairness_qp,1.5,0.1,60,0.0,0.0,0.0,0.0
0.3,5.0,flat_level,0.5,-0.1,60,0.0,0.0,0.0,0.0
0.3,5.0,flat_level,0.5,0.0,60,0.0,0.0,0.0,0.0
0.3,5.0,flat_level,0.5,0.1,60,0.0,0.0,0.0,0.0
0.3,5.0,flat_level,1.0,-0.1,60,0.0,0.0,0.0,0.0
0.3,5.0,flat_level,1.0,0.0,60,0.0,0.0,0.0,0.0
0.3,5.0,flat_level,1.0,0.1,60,0.0,0.0,0.0,0.0
0.3,5.0,flat_level,1.5,-0.1,60,0.0,0.0,0.0,0.0
0.3,5.0,flat_level,1.5,0.0,60,0.0,0.0,0.0,0.0
0.3,5.0,flat_level,1.5,0.1,60,0.0,0.0,0.0,0.0
0.3,5.0,max_export_lp,0.5,-0.1,60,1.403244076338215e-08,7.4329658021158686e-09,9.481150938424794e-10,-4.123927787337093e-09
0.3,5.0,max_export_lp,0.5,0.0,60,-5.762412615627731e-09,1.6425317994617216e-09,2.258014960195472e-10,-8.24785557502113e-10
0.3,5.0,max_export_lp,0.5,0.1,60,-5.762412615627731e-09,1.642531766155031e-09,2.2580150712177746e-10,-8.24785557502113e-10
0.3,5.0,max_export_lp,1.0,-0.1,60,1.3469286275409088e-08,6.384597687573527e-09,7.667468845025856e-10,-4.0300687060082495e-09
0.3,5.0,max_export_lp,1.0,0.0,60,1.3469286273847838e-08,6.384567112031429e-09,7.667570689484649e-10,-4.030068705748041e-09
0.3,5.0,max_export_lp,1.0,0.1,60,1.34692862747152e-08,6.384567104629942e-09,7.667570652477215e-10,-4.030068705892601e-09
0.3,5.0,max_export_lp,1.5,-0.1,60,1.084778169319284e-08,1.779705753139164e-09,1.8641292213554075e-10,-3.593151275638875e-09
0.3,5.0,max_export_lp,1.5,0.0,60,1.3100399653281653e-08,5.973147680175354e-09,7.647192138785878e-10,-3.968587602320344e-09
0.3,5.0,max_export_lp,1.5,0.1,60,1.3128724037536794e-08,6.001622565587894e-09,7.545098767991476e-10,-3.973308333029534e-09
0.3,5.0,weighted_proportional,0.5,-0.1,60,0.0,0.0,0.0,0.0
0.3,5.0,weighted_proportional,0.5,0.0,60,0.0,0.0,0.0,0.0
0.3,5.0,weighted_proportional,0.5,0.1,60,0.0,0.0,0.0,0.0
0.3,5.0,weighted_proportional,1.0,-0.1,60,0.0,0.0,0.0,0.0
0.3,5.0,weighted_proportional,1.0,0.0,60,0.0,0.0,0.0,0.0
0.3,5.0,weighted_proportional,1.0,0.1,60,0.0,0.0,0.0,0.0
0.3,5.0,weighted_proportional,1.5,-0.1,60,0.0,0.0,0.0,0.0
0.3,5.0,weighted_proportional,1.5,0.0,60,0.0,0.0,0.0,0.0
0.3,5.0,weighted_proportional,1.5,0.1,60,0.0,0.0,0.0,0.0
0.3,10.0,equal_kw_reduction,0.5,-0.1,60,0.00018949022981695887,-0.00014197557003293356,0.00014197557003293356,4.135961137910193e-06
0.3,10.0,equal_kw_reduction,0.5,0.0,60,0.000234985802333971,-0.0002912696048743039,0.0002912696048743039,0.0
0.3,10.0,equal_kw_reduction,0.5,0.1,60,0.000234985802333971,-0.0004063330960512405,0.0004063330960512405,0.0
0.3,10.0,equal_kw_reduction,1.0,-0.1,60,-7.541516433868297e-05,-0.00016223749886974393,0.00016223749886974393,2.8218269697513996e-05
0.3,10.0,equal_kw_reduction,1.0,0.0,60,0.00011761181322936572,-0.00027430713734177825,0.00027430713734177825,1.0670362645873207e-05
0.3,10.0,equal_kw_reduction,1.0,0.1,60,0.0001378897229252301,-0.0002859706128483482,0.0002859706128483482,8.826916309885536e-06
0.3,10.0,equal_kw_reduction,1.5,-0.1,60,-0.00037397351818905367,-0.00017677107933196102,0.00017677107933196102,5.535993822936588e-05
0.3,10.0,equal_kw_reduction,1.5,0.0,60,-0.0002376384419055971,-0.0002985190981599661,0.0002985190981599661,4.296584038541528e-05
0.3,10.0,equal_kw_reduction,1.5,0.1,60,7.777976527632723e-05,-0.00027792823261022875,0.00027792823261022875,1.429145791433125e-05
0.3,10.0,fairness_qp,0.5,-0.1,60,0.0,0.0,0.0,0.0
0.3,10.0,fairness_qp,0.5,0.0,60,0.0,0.0,0.0,0.0
0.3,10.0,fairness_qp,0.5,0.1,60,0.0,0.0,0.0,0.0
0.3,10.0,fairness_qp,1.0,-0.1,60,0.0,0.0,0.0,0.0
0.3,10.0,fairness_qp,1.0,0.0,60,0.0,0.0,0.0,0.0
0.3,10.0,fairness_qp,1.0,0.1,60,0.0,0.0,0.0,0.0
0.3,10.0,fairness_qp,1.5,-0.1,60,0.0,0.0,0.0,0.0
0.3,10.0,fairness_qp,1.5,0.0,60,0.0,0.0,0.0,0.0
0.3,10.0,fairness_qp,1.5,0.1,60,0.0,0.0,0.0,0.0
0.3,10.0,flat_level,0.5,-0.1,60,0.0,0.0,0.0,0.0
0.3,10.0,flat_level,0.5,0.0,60,0.0,0.0,0.0,0.0
0.3,10.0,flat_level,0.5,0.1,60,0.0,0.0,0.0,0.0
0.3,10.0,flat_level,1.0,-0.1,60,0.0,0.0,0.0,0.0
0.3,10.0,flat_level,1.0,0.0,60,0.0,0.0,0.0,0.0
0.3,10.0,flat_level,1.0,0.1,60,0.0,0.0,0.0,0.0
0.3,10.0,flat_level,1.5,-0.1,60,0.0,0.0,0.0,0.0
0.3,10.0,flat_level,1.5,0.0,60,0.0,0.0,0.0,0.0
0.3,10.0,flat_level,1.5,0.1,60,0.0,0.0,0.0,0.0
0.3,10.0,max_export_lp,0.5,-0.1,60,3.465923504721574e-08,7.412151363054657e-09,9.689295329036915e-10,-4.124845139526675e-09
0.3,10.0,max_export_lp,0.5,0.0,60,-1.639402180364571e-09,1.6377500244857402e-09,2.3058327099552873e-10,-8.249690279284645e-10
0.3,10.0,max_export_lp,0.5,0.1,60,-1.6394021797285056e-09,1.6377499948797928e-09,2.3058327839701558e-10,-8.249690279862887e-10
0.3,10.0,max_export_lp,1.0,-0.1,60,3.362678515259846e-08,6.367284077768431e-09,7.840604943076812e-10,-4.030986058197831e-09
0.3,10.0,max_export_lp,1.0,0.0,60,3.362678514973617e-08,6.367253439313695e-09,7.840707416661985e-10,-4.030986057937622e-09
0.3,10.0,max_export_lp,1.0,0.1,60,3.362678515132633e-08,6.367253431912208e-09,7.84070737965455e-10,-4.030986058082183e-09
0.3,10.0,max_export_lp,1.5,-0.1,60,2.882069341853534e-08,1.776951156588306e-09,1.8641292213554075e-10,-3.5940686278284566e-09
0.3,10.0,max_export_lp,1.5,0.0,60,3.2950493012031496e-08,5.956389699986649e-09,7.814771940672926e-10,-3.9695049545099255e-09
0.3,10.0,max_export_lp,1.5,0.1,60,3.300242104983259e-08,5.984959354036571e-09,7.711730883504705e-10,-3.974225685219115e-09
0.3,10.0,weighted_proportional,0.5,-0.1,60,0.0,0.0,0.0,0.0
0.3,10.0,weighted_proportional,0.5,0.0,60,0.0,0.0,0.0,0.0
0.3,10.0,weighted_proportional,0.5,0.1,60,0.0,0.0,0.0,0.0
0.3,10.0,weighted_proportional,1.0,-0.1,60,0.0,0.0,0.0,0.0
0.3,10.0,weighted_proportional,1.0,0.0,60,0.0,0.0,0.0,0.0
0.3,10.0,weighted_proportional,1.0,0.1,60,0.0,0.0,0.0,0.0
0.3,10.0,weighted_proportional,1.5,-0.1,60,0.0,0.0,0.0,0.0
0.3,10.0,weighted_proportional,1.5,0.0,60,0.0,0.0,0.0,0.0
0.3,10.0,weighted_proportional,1.5,0.1,60,0.0,0.0,0.0,0.0
