reporter_id,reporter_bus_id,gamma,q_mode,method_id,matched_q_pair_pass,reference_total_export_mw,reported_total_export_mw,total_export_change_mw,redistribution_mw,reporter_access_gain_mw,other_participant_access_loss_mw,reported_maximum_loading_ratio,reported_minimum_voltage_pu
p001,8,1.0,Q0,weighted_proportional,1,1.5070032969994482,1.5070032969994482,0.0,0.0,0.0,0.0,0.9090908986590723,0.9572374939891118
p001,8,1.0,Q0,equal_kw_reduction,1,1.612487277003052,1.612487277003052,0.0,0.0,0.0,0.0,0.9090909085411034,0.9577651340631068
p001,8,1.0,Q0,flat_level,1,1.1849636607191736,1.1849636607191736,0.0,0.0,0.0,0.0,0.9090908983503695,0.955563065083861
p001,8,1.0,Q0,max_export_lp,1,1.6572322875094938,1.6572322875094938,0.0,0.0,0.0,0.0,0.9090908879931944,0.9580058048566669
p001,8,1.0,Q0,fairness_qp,1,1.5948810760742278,1.5948810760742278,0.0,0.0,0.0,0.0,0.9090908901901453,0.9577105026709762
p001,8,1.0,Q95,weighted_proportional,1,1.5070032970001674,1.5070032970001674,0.0,0.0,0.0,0.0,0.9090908975310804,0.9556770734851585
p001,8,1.0,Q95,equal_kw_reduction,1,1.612487277003052,1.612487277003052,0.0,0.0,0.0,0.0,0.9090908917775226,0.9560812375763708
p001,8,1.0,Q95,flat_level,1,1.1849636607191736,1.1849636607191736,0.0,0.0,0.0,0.0,0.9090909069966064,0.9543941331679278
p001,8,1.0,Q95,max_export_lp,1,1.6572322873433465,1.6572322873433465,0.0,0.0,0.0,0.0,0.9090909076611658,0.956265611819685
p001,8,1.0,Q95,fairness_qp,1,1.5948810871865815,1.5948810871865815,0.0,0.0,0.0,0.0,0.9090909102228547,0.9560392884682518
p001,8,1.1,Q0,weighted_proportional,1,1.5070032969994482,1.504825300394048,-0.002177996605400301,0.004050755469738671,0.0029617571670385,0.005139753772438843,0.9090909036272602,0.9572196047397876
p001,8,1.1,Q0,equal_kw_reduction,1,1.612487277003052,1.6116777619129175,-0.0008095150901346049,0.0038668259902350783,0.0034620684451677833,0.004271583535302373,0.9090908988581067,0.9577532842706885
p001,8,1.1,Q0,flat_level,1,1.1849636607191736,1.1752862777655144,-0.009677382953659164,0.00845331647682954,0.0036146250000000033,0.013292007953659077,0.9090908913627548,0.9555047179489476
p001,8,1.1,Q0,max_export_lp,1,1.6572322875094938,1.6572322878631922,3.5369840389876117e-10,1.2008493938386053e-07,0.0,8.062910436979365e-08,0.9090908959552464,0.9580058054743373
p001,8,1.1,Q0,fairness_qp,1,1.5948810760742278,1.5941501757601946,-0.0007309003140332226,0.002772058674610308,0.002406608517593757,0.003137508831626859,0.909090911169352,0.9577016797210424
p001,8,1.1,Q95,weighted_proportional,1,1.5070032970001674,1.504825300392469,-0.0021779966076984625,0.004050755470837636,0.0029617571669883908,0.005139753774686881,0.9090909173957743,0.955663374396859
p001,8,1.1,Q95,equal_kw_reduction,1,1.612487277003052,1.6116777619129175,-0.0008095150901346049,0.0038668259902350783,0.0034620684451677833,0.004271583535302373,0.9090909052292364,0.9560721674514742
p001,8,1.1,Q95,flat_level,1,1.1849636607191736,1.1752862777655144,-0.009677382953659164,0.00845331647682954,0.0036146250000000033,0.013292007953659077,0.9090909030377867,0.95434940629098
p001,8,1.1,Q95,max_export_lp,1,1.6572322873433465,1.6572322871924183,-1.5092815885964228e-10,5.230615990521343e-08,1.4179316863011104e-08,5.2381623927288956e-08,0.9090908905943476,0.9562656116316053
p001,8,1.1,Q95,fairness_qp,1,1.5948810871865815,1.5941501894331445,-0.0007308977534370431,0.0027720592328070396,0.002406610355692739,0.003137508109525573,0.9090909042274649,0.9560325333019093
p001,8,1.2,Q0,weighted_proportional,1,1.5070032969994482,1.502186773294378,-0.00481652370507013,0.008299606837610466,0.005891344985075406,0.010707868690145526,0.9090908960496401,0.957199748166975
p001,8,1.2,Q0,equal_kw_reduction,1,1.612487277003052,1.610373210771992,-0.002114066231060141,0.007964099797217697,0.006907066681687578,0.009021132912747818,0.9090909049098388,0.9577394194384775
p001,8,1.2,Q0,flat_level,1,1.1849636607191736,1.1640520224119129,-0.020911638307260727,0.017685069153630304,0.0072292499999999996,0.02814088830726061,0.9090908987552916,0.9554388031426617
p001,8,1.2,Q0,max_export_lp,1,1.6572322875094938,1.657232287654639,1.4514522916897477e-10,5.0271115763873483e-08,0.0,3.4951321254295814e-08,0.9090908957695959,0.9580058051031164
p001,8,1.2,Q0,fairness_qp,1,1.5948810760742278,1.5932141160383178,-0.0016669600359100478,0.005494836037495019,0.004661356019539972,0.006328316055450064,0.9090908958524002,0.957692369524942
p001,8,1.2,Q95,weighted_proportional,1,1.5070032970001674,1.5021867732947245,-0.004816523705442943,0.008299606837790664,0.005891344985069172,0.010707868690512157,0.9090909014828592,0.9556481678452782
p001,8,1.2,Q95,equal_kw_reduction,1,1.612487277003052,1.610373210771992,-0.002114066231060141,0.007964099797217697,0.006907066681687578,0.009021132912747818,0.9090909071148087,0.9560615535323675
p001,8,1.2,Q95,flat_level,1,1.1849636607191736,1.1640520224119129,-0.020911638307260727,0.017685069153630304,0.0072292499999999996,0.02814088830726061,0.9090908990575888,0.9542988766420902
p001,8,1.2,Q95,max_export_lp,1,1.6572322873433465,1.6572322875454557,2.0210921825025707e-10,7.627593217912794e-08,0.0,5.030736219269194e-08,0.9090908929557844,0.956265612079684
p001,8,1.2,Q95,fairness_qp,1,1.5948810871865815,1.5932141146124905,-0.0016669725740909858,0.005494842073639428,0.004661355786593945,0.006328328360684909,0.9090909114157687,0.9560254044510299
p001,8,1.3,Q0,weighted_proportional,1,1.5070032969994482,1.4991007634440672,-0.007902533555381064,0.012737764566055944,0.00878649778836538,0.01668903134374651,0.9090909107533,0.9571779883903463
p001,8,1.3,Q0,equal_kw_reduction,1,1.612487277003052,1.6085644830855081,-0.00392279391754391,0.012296076478856659,0.010334679520084697,0.01425747343762862,0.9090909062464195,0.9577235022679549
p001,8,1.3,Q0,flat_level,1,1.1849636607191736,1.1511589198748342,-0.033804740844339376,0.027746245422169684,0.010843875000000003,0.044648615844339365,0.9090909070864371,0.9553648218559408
p001,8,1.3,Q0,max_export_lp,1,1.6572322875094938,1.657232287162821,-3.466729125989332e-10,1.1612964391461908e-07,4.0448775582430097e-08,1.1630298032624942e-07,0.9090909102677037,0.9580058042337397
p001,8,1.3,Q0,fairness_qp,1,1.5948810760742278,1.5921287716209511,-0.002752304453276677,0.00812779206723098,0.006751639840592703,0.009503944293869256,0.9090908968097144,0.9576828352671379
p001,8,1.3,Q95,weighted_proportional,1,1.5070032970001674,1.499100763442852,-0.007902533557315516,0.012737764566976386,0.008786497788318595,0.016689031345634178,0.9090908963217095,0.955631502903715
p001,8,1.3,Q95,equal_kw_reduction,1,1.612487277003052,1.6085644830855081,-0.00392279391754391,0.012296076478856659,0.010334679520084697,0.01425747343762862,0.9090909045425224,0.9560493670560783
p001,8,1.3,Q95,flat_level,1,1.1849636607191736,1.1511589198748342,-0.033804740844339376,0.027746245422169684,0.010843875000000003,0.044648615844339365,0.9090908959791226,0.9542421614906129
p001,8,1.3,Q95,max_export_lp,1,1.6572322873433465,1.6572322871223863,-2.2096013907457746e-10,7.453888906512563e-08,2.2396638849064843e-08,7.464936908853012e-08,0.9090909149025359,0.9562656114724737
p001,8,1.3,Q95,fairness_qp,1,1.5948810871865815,1.5921287593154396,-0.0027523278711418797,0.00812780100504151,0.006751637069470542,0.009503964940612475,0.9090909125086064,0.9560181032027761
p001,8,1.4,Q0,weighted_proportional,1,1.5070032969994482,1.4955812563095068,-0.01142204068994146,0.01735612102996384,0.011645100684993113,0.02306714137493457,0.9090908941319842,0.9571543934077458
p001,8,1.4,Q0,equal_kw_reduction,1,1.612487277003052,1.6062404863738597,-0.006246790629192311,0.016867919775658442,0.013744524461062342,0.019991315090254543,0.9090909008530301,0.9577054873833344
p001,8,1.4,Q0,flat_level,1,1.1849636607191736,1.1466226810481521,-0.03834097967102146,0.03119309490102022,0.0120226050655095,0.05036358473653094,0.9090909003962012,0.955339127124886
p001,8,1.4,Q0,max_export_lp,1,1.6572322875094938,1.6572322872807983,-2.2869550697635077e-10,7.716751822457214e-08,2.72875044469989e-08,7.728186597394035e-08,0.9090909104541327,0.9580058044552827
p001,8,1.4,Q0,fairness_qp,1,1.5948810760742278,1.5909478915889426,-0.003933184485285235,0.010636464443350166,0.008669872196261544,0.012603056685992816,0.9090909021989378,0.9576733190598489
p001,8,1.4,Q95,weighted_proportional,1,1.5070032970001674,1.4955812563069544,-0.011422040693213065,0.017356121031512566,0.011645100684905978,0.023067141378119153,0.9090908983891538,0.9556134316306054
p001,8,1.4,Q95,equal_kw_reduction,1,1.612487277003052,1.6062404863738597,-0.006246790629192311,0.016867919775658442,0.013744524461062342,0.019991315090254543,0.9090908997239501,0.956035573313239
p001,8,1.4,Q95,flat_level,1,1.1849636607191736,1.1466226810481521,-0.03834097967102146,0.03119309490102022,0.0120226050655095,0.05036358473653094,0.9090909165878569,0.9542224631829062
p001,8,1.4,Q95,max_export_lp,1,1.6572322873433465,1.6572322872337948,-1.0955170104409717e-10,4.051338883381134e-08,1.029524104509405e-08,4.056816463836321e-08,0.9090909076658876,0.9562656116244242
p001,8,1.4,Q95,fairness_qp,1,1.5948810871865815,1.5909478841455735,-0.003933203041007971,0.010636472719467297,0.008669871198963296,0.012603074239971299,0.9090909052846675,0.9560108156227474
p001,8,1.5,Q0,weighted_proportional,1,1.5070032969994482,1.4916430688020912,-0.015360228197357051,0.022145308390369812,0.014465194291691245,0.029825422489048382,0.9090908921982217,0.9571290344682322
p001,8,1.5,Q0,equal_kw_reduction,1,1.612487277003052,1.603387976057946,-0.009099300945106137,0.02168579526754937,0.017136144794996346,0.026235445740102392,0.9090909044540731,0.9576853205509162
p001,8,1.5,Q0,flat_level,1,1.1849636607191736,1.1466226810481521,-0.03834097967102146,0.03119309490102022,0.0120226050655095,0.05036358473653094,0.9090909003962012,0.955339127124886
p001,8,1.5,Q0,max_export_lp,1,1.6572322875094938,1.6572322871272276,-3.8226621867920585e-10,1.2919808247823395e-07,4.4775374428984716e-08,1.2938921549162166e-07,0.9090908951489381,0.9580058041982326
p001,8,1.5,Q0,fairness_qp,1,1.5948810760742278,1.5897202556912597,-0.0051608203829680566,0.012993992075632219,0.010413581880089458,0.015574402267116198,0.9090908972167949,0.9576640296044858
p001,8,1.5,Q95,weighted_proportional,1,1.5070032970001674,1.4916430688162183,-0.01536022818394911,0.022145308384079854,0.014465194292105236,0.02982542247605447,0.9090909059866722,0.9555940085532767
p001,8,1.5,Q95,equal_kw_reduction,1,1.612487277003052,1.603387976057946,-0.009099300945106137,0.02168579526754937,0.017136144794996346,0.026235445740102392,0.9090909121632512,0.9560201306901543
p001,8,1.5,Q95,flat_level,1,1.1849636607191736,1.1466226810481521,-0.03834097967102146,0.03119309490102022,0.0120226050655095,0.05036358473653094,0.9090909165878569,0.9542224631829062
p001,8,1.5,Q95,max_export_lp,1,1.6572322873433465,1.6572322871387657,-2.045807967476776e-10,6.87316911646748e-08,2.10886988150083e-08,6.883398151469322e-08,0.9090909074949703,0.9562656115447512
p001,8,1.5,Q95,fairness_qp,1,1.5948810871865815,1.5897202508876864,-0.005160836298895077,0.012993999907372085,0.010413581757714962,0.015574418056819625,0.9090909121050529,0.9560037015872532
p001,8,1.6,Q0,weighted_proportional,1,1.5070032969994482,1.4873017412762748,-0.019701555723173447,0.027095755929849665,0.017244978068262928,0.036946533791436406,0.9090908998808482,0.9571019855082856
p001,8,1.6,Q0,equal_kw_reduction,1,1.612487277003052,1.6032629200268471,-0.00922435697620494,0.021883332729376568,0.017271154241274074,0.026495511217479062,0.9090909088512185,0.9576844699288247
p001,8,1.6,Q0,flat_level,1,1.1849636607191736,1.1466226810481521,-0.03834097967102146,0.03119309490102022,0.0120226050655095,0.05036358473653094,0.9090909003962012,0.955339127124886
p001,8,1.6,Q0,max_export_lp,1,1.6572322875094938,1.657232287902136,3.9264214102274764e-10,1.331438247512422e-07,0.0,8.951851594035404e-08,0.9090909034584912,0.9580058055583477
p001,8,1.6,Q0,fairness_qp,1,1.5948810760742278,1.5884875348744947,-0.0063935411997331215,0.015181743983116957,0.011984973379366971,0.018378514582983466,0.9090909049546549,0.9576551346015431
p001,8,1.6,Q95,weighted_proportional,1,1.5070032970001674,1.4873017412816798,-0.01970155571848764,0.02709575592766661,0.017244978068422817,0.0369465337869104,0.9090909119201729,0.9555732902878047
p001,8,1.6,Q95,equal_kw_reduction,1,1.612487277003052,1.6032629200268471,-0.00922435697620494,0.021883332729376568,0.017271154241274074,0.026495511217479062,0.9090909019491357,0.9560194793278088
p001,8,1.6,Q95,flat_level,1,1.1849636607191736,1.1466226810481521,-0.03834097967102146,0.03119309490102022,0.0120226050655095,0.05036358473653094,0.9090909165878569,0.9542224631829062
p001,8,1.6,Q95,max_export_lp,1,1.6572322873433465,1.6572322870349254,-3.084210664638931e-10,1.032438163122958e-07,3.291939279503886e-08,1.0339802675087689e-07,0.909090907409309,0.956265611354531
p001,8,1.6,Q95,fairness_qp,1,1.5948810871865815,1.588487527544415,-0.00639355964216648,0.015181758436048421,0.01198497861483586,0.018378538257131642,0.9090908997771759,0.9559968892056699
p001,8,1.7,Q0,weighted_proportional,1,1.5070032969994482,1.4071050000020147,-0.09989829699743358,0.06734707839654827,0.017397929897831444,0.1172962268952651,0.9090909045004977,0.9567434351393961
p001,8,1.7,Q0,equal_kw_reduction,1,1.612487277003052,1.6032629200268471,-0.00922435697620494,0.021883332729376568,0.017271154241274074,0.026495511217479062,0.9090909088512185,0.9576844699288247
p001,8,1.7,Q0,flat_level,1,1.1849636607191736,1.1466226810481521,-0.03834097967102146,0.03119309490102022,0.0120226050655095,0.05036358473653094,0.9090909003962012,0.955339127124886
p001,8,1.7,Q0,max_export_lp,1,1.6572322875094938,1.6572322871793288,-3.3016500644578173e-10,1.1139609530348791e-07,3.882226829940438e-08,1.1156117770598842e-07,0.9090909027735039,0.9580058042595934
p001,8,1.7,Q0,fairness_qp,1,1.5948810760742278,1.5872832786636057,-0.007597797410622054,0.017189053125135086,0.01339015441982408,0.02098795183044609,0.9090909098973643,0.9576467585204604
p001,8,1.7,Q95,weighted_proportional,1,1.5070032970001674,1.4071050000038818,-0.09989829699628561,0.06734707839595963,0.01739792989781675,0.1172962268941025,0.9090909048462291,0.955298559822891
p001,8,1.7,Q95,equal_kw_reduction,1,1.612487277003052,1.6032629200268471,-0.00922435697620494,0.021883332729376568,0.017271154241274074,0.026495511217479062,0.9090909019491357,0.9560194793278088
p001,8,1.7,Q95,flat_level,1,1.1849636607191736,1.1466226810481521,-0.03834097967102146,0.03119309490102022,0.0120226050655095,0.05036358473653094,0.9090909165878569,0.9542224631829062
p001,8,1.7,Q95,max_export_lp,1,1.6572322873433465,1.657232287037542,-3.0580449283945654e-10,1.0226309030565142e-07,3.257140946191783e-08,1.0241599252003297e-07,0.9090908923961605,0.9562656113909064
p001,8,1.7,Q95,fairness_qp,1,1.5948810871865815,1.587283251494232,-0.007597835692349397,0.017189081102366374,0.013390163256099128,0.020987998948541087,0.90909089916674,0.9559904740256651
p001,8,1.74,Q0,weighted_proportional,1,1.5070032969994482,1.3758656896575765,-0.13113760734187174,0.0829667335687673,0.017397929897831444,0.14853553723970317,0.9090908951725728,0.9566038500853392
p001,8,1.74,Q0,equal_kw_reduction,1,1.612487277003052,1.6032629200268471,-0.00922435697620494,0.021883332729376568,0.017271154241274074,0.026495511217479062,0.9090909088512185,0.9576844699288247
p001,8,1.74,Q0,flat_level,1,1.1849636607191736,1.1466226810481521,-0.03834097967102146,0.03119309490102022,0.0120226050655095,0.05036358473653094,0.9090909003962012,0.955339127124886
p001,8,1.74,Q0,max_export_lp,1,1.6572322875094938,1.657232287204661,-3.048328256483046e-10,1.0302975711451966e-07,3.598742571303548e-08,1.0318217347551895e-07,0.9090909027828903,0.958005804319651
p001,8,1.74,Q0,fairness_qp,1,1.5948810760742278,1.5868154637558776,-0.008065612318350235,0.017940440142708444,0.013907633983533361,0.02197324630188353,0.9090909010631109,0.9576435732602915
p001,8,1.74,Q95,weighted_proportional,1,1.5070032970001674,1.3758656896558048,-0.13113760734436264,0.08296673356999815,0.01739792989781675,0.14853553724217955,0.9090908995322413,0.9551915988887199
p001,8,1.74,Q95,equal_kw_reduction,1,1.612487277003052,1.6032629200268471,-0.00922435697620494,0.021883332729376568,0.017271154241274074,0.026495511217479062,0.9090909019491357,0.9560194793278088
p001,8,1.74,Q95,flat_level,1,1.1849636607191736,1.1466226810481521,-0.03834097967102146,0.03119309490102022,0.0120226050655095,0.05036358473653094,0.9090909165878569,0.9542224631829062
p001,8,1.74,Q95,max_export_lp,1,1.6572322873433465,1.6572322883218356,9.784890675490487e-10,3.3607997614498774e-07,0.0,2.2211506849360504e-07,0.909090901169062,0.9562656131552703
p001,8,1.74,Q95,fairness_qp,1,1.5948810871865815,1.5868154363867941,-0.008065650799787383,0.01794046102249442,0.013907635622524294,0.02197328642238808,0.9090909061325227,0.9559880344179726
p001,8,1.8,Q0,weighted_proportional,1,1.5070032969994482,1.331610000003441,-0.17539329699600725,0.10509457839583512,0.017397929897831444,0.1927912268938388,0.909090908358092,0.9564060255800914
p001,8,1.8,Q0,equal_kw_reduction,1,1.612487277003052,1.6032629200268471,-0.00922435697620494,0.021883332729376568,0.017271154241274074,0.026495511217479062,0.9090909088512185,0.9576844699288247
p001,8,1.8,Q0,flat_level,1,1.1849636607191736,1.1466226810481521,-0.03834097967102146,0.03119309490102022,0.0120226050655095,0.05036358473653094,0.9090909003962012,0.955339127124886
p001,8,1.8,Q0,max_export_lp,1,1.6572322875094938,1.6572322869993983,-5.10095521377707e-10,1.7185271378357143e-07,5.9359004520725955e-08,1.7210776144960943e-07,0.9090908950725192,0.9580058039421203
p001,8,1.8,Q0,fairness_qp,1,1.5948810760742278,1.5861327016378726,-0.008748374436355233,0.019012342801386712,0.014638155583209064,0.023386530019564356,0.9090909116404249,0.9576389841722752
p001,8,1.8,Q95,weighted_proportional,1,1.5070032970001674,1.3316100000006676,-0.1753932969994998,0.10509457839756668,0.01739792989781675,0.1927912268973166,0.9090909058695045,0.9550400035876896
p001,8,1.8,Q95,equal_kw_reduction,1,1.612487277003052,1.6032629200268471,-0.00922435697620494,0.021883332729376568,0.017271154241274074,0.026495511217479062,0.9090909019491357,0.9560194793278088
p001,8,1.8,Q95,flat_level,1,1.1849636607191736,1.1466226810481521,-0.03834097967102146,0.03119309490102022,0.0120226050655095,0.05036358473653094,0.9090909165878569,0.9542224631829062
p001,8,1.8,Q95,max_export_lp,1,1.6572322873433465,1.6572322877149983,3.716518204299746e-10,1.3366696819251504e-07,0.0,9.004042125435041e-08,0.9090909080493993,0.9562656123281781
p001,8,1.8,Q95,fairness_qp,1,1.5948810871865815,1.5861326940736833,-0.008748393112898212,0.019012346116559768,0.014638149560047765,0.023386542673008878,0.9090909008578112,0.9559845196606573
p001,8,1.9,Q0,weighted_proportional,1,1.5070032969994482,1.2640618421104173,-0.24294145488903096,0.13886865734234694,0.017397929897831444,0.2603393847868624,0.9090909047757852,0.956103904293323
p001,8,1.9,Q0,equal_kw_reduction,1,1.612487277003052,1.6032629200268471,-0.00922435697620494,0.021883332729376568,0.017271154241274074,0.026495511217479062,0.9090909088512185,0.9576844699288247
p001,8,1.9,Q0,flat_level,1,1.1849636607191736,1.1466226810481521,-0.03834097967102146,0.03119309490102022,0.0120226050655095,0.05036358473653094,0.9090909003962012,0.955339127124886
p001,8,1.9,Q0,max_export_lp,1,1.6572322875094938,1.6572322888508233,1.3413294919217833e-09,4.542024657849613e-07,0.0,3.019384174871324e-07,0.9090909119212639,0.9580058072304249
p001,8,1.9,Q0,fairness_qp,1,1.5948810760742278,1.5850534757821433,-0.009827600292084515,0.020653680642445556,0.015739880496381378,0.02556748078848781,0.9090908979250001,0.9576318584959992
p001,8,1.9,Q95,weighted_proportional,1,1.5070032970001674,1.2640618421240113,-0.24294145487615615,0.13886865733589482,0.01739792989781675,0.2603393847739729,0.9090909019671547,0.954808468891582
p001,8,1.9,Q95,equal_kw_reduction,1,1.612487277003052,1.6032629200268471,-0.00922435697620494,0.021883332729376568,0.017271154241274074,0.026495511217479062,0.9090909019491357,0.9560194793278088
p001,8,1.9,Q95,flat_level,1,1.1849636607191736,1.1466226810481521,-0.03834097967102146,0.03119309490102022,0.0120226050655095,0.05036358473653094,0.9090909165878569,0.9542224631829062
p001,8,1.9,Q95,max_export_lp,1,1.6572322873433465,1.6572322870289666,-3.1437985548166125e-10,1.0532215380181734e-07,3.3684219365170964e-08,1.0547934365008615e-07,0.9090908997652613,0.9562656113782821
p001,8,1.9,Q95,fairness_qp,1,1.5948810871865815,1.5850534691425202,-0.009827618044061293,0.02065370427980073,0.015739895257659713,0.02556751330183139,0.9090909031116864,0.9559790619382709
p001,8,2.0,Q0,weighted_proportional,1,1.5070032969994482,1.2032685000020826,-0.3037347969973656,0.16926532839651423,0.017397929897831444,0.321132726895197,0.909090902827987,0.9558318102177398
p001,8,2.0,Q0,equal_kw_reduction,1,1.612487277003052,1.6032629200268471,-0.00922435697620494,0.021883332729376568,0.017271154241274074,0.026495511217479062,0.9090909088512185,0.9576844699288247
p001,8,2.0,Q0,flat_level,1,1.1849636607191736,1.1466226810481521,-0.03834097967102146,0.03119309490102022,0.0120226050655095,0.05036358473653094,0.9090909003962012,0.955339127124886
p001,8,2.0,Q0,max_export_lp,1,1.6572322875094938,1.6572322870257439,-4.83749929003352e-10,1.635387909309973e-07,5.616461517740645e-08,1.63780665819388e-07,0.9090909025594855,0.9580058040340595
p001,8,2.0,Q0,fairness_qp,1,1.5948810760742278,1.584056618609849,-0.010824457464378767,0.022119601436804026,0.01670737269993182,0.02753183016899337,0.9090909076697872,0.9576253980762685
p001,8,2.0,Q95,weighted_proportional,1,1.5070032970001674,1.2032685000153944,-0.303734796984773,0.16926532839020328,0.01739792989781675,0.3211327268825898,0.9090908954782227,0.9545999300420717
p001,8,2.0,Q95,equal_kw_reduction,1,1.612487277003052,1.6032629200268471,-0.00922435697620494,0.021883332729376568,0.017271154241274074,0.026495511217479062,0.9090909019491357,0.9560194793278088
p001,8,2.0,Q95,flat_level,1,1.1849636607191736,1.1466226810481521,-0.03834097967102146,0.03119309490102022,0.0120226050655095,0.05036358473653094,0.9090909165878569,0.9542224631829062
p001,8,2.0,Q95,max_export_lp,1,1.6572322873433465,1.6572322870407266,-3.0261992911562174e-10,1.0121566057242617e-07,3.328274042133095e-08,1.0136697045680723e-07,0.9090909072426323,0.9562656113794324
p001,8,2.0,Q95,fairness_qp,1,1.5948810871865815,1.5840565972311864,-0.010824489955395089,0.022119618067206567,0.016707373089508985,0.027531863044904153,0.909090915221908,0.9559741132787541
p002,9,1.0,Q0,weighted_proportional,1,1.5070032969994482,1.5070032969994482,0.0,0.0,0.0,0.0,0.9090908986590723,0.9572374939891118
p002,9,1.0,Q0,equal_kw_reduction,1,1.612487277003052,1.612487277003052,0.0,0.0,0.0,0.0,0.9090909085411034,0.9577651340631068
p002,9,1.0,Q0,flat_level,1,1.1849636607191736,1.1849636607191736,0.0,0.0,0.0,0.0,0.9090908983503695,0.955563065083861
p002,9,1.0,Q0,max_export_lp,1,1.6572322875094938,1.6572322875094938,0.0,0.0,0.0,0.0,0.9090908879931944,0.9580058048566669
p002,9,1.0,Q0,fairness_qp,1,1.5948810760742278,1.5948810760742278,0.0,0.0,0.0,0.0,0.9090908901901453,0.9577105026709762
p002,9,1.0,Q95,weighted_proportional,1,1.5070032970001674,1.5070032970001674,0.0,0.0,0.0,0.0,0.9090908975310804,0.9556770734851585
p002,9,1.0,Q95,equal_kw_reduction,1,1.612487277003052,1.612487277003052,0.0,0.0,0.0,0.0,0.9090908917775226,0.9560812375763708
p002,9,1.0,Q95,flat_level,1,1.1849636607191736,1.1849636607191736,0.0,0.0,0.0,0.0,0.9090909069966064,0.9543941331679278
p002,9,1.0,Q95,max_export_lp,1,1.6572322873433465,1.6572322873433465,0.0,0.0,0.0,0.0,0.9090909076611658,0.956265611819685
p002,9,1.0,Q95,fairness_qp,1,1.5948810871865815,1.5948810871865815,0.0,0.0,0.0,0.0,0.9090909102228547,0.9560392884682518
p002,9,1.1,Q0,weighted_proportional,1,1.5070032969994482,1.502165514003132,-0.004837782996316209,0.0028137924537632625,0.0003949009556051082,0.005232683951921417,0.9090908984387684,0.957215074505425
p002,9,1.1,Q0,equal_kw_reduction,1,1.612487277003052,1.612559564501754,7.228749870202833e-05,4.267673404079273e-05,7.882048339179822e-05,6.53298468978724e-06,0.9090908905353758,0.9577652419367412
p002,9,1.1,Q0,flat_level,1,1.1849636607191736,1.1721536027655144,-0.012810057953659193,0.0068869789768295385,0.0004819500000000001,0.013292007953659077,0.9090909028594312,0.9554993677166368
p002,9,1.1,Q0,max_export_lp,1,1.6572322875094938,1.6572322874607341,-4.8759662973907325e-11,1.8727971194459556e-08,0.0,1.803285573555996e-08,0.9090909105677556,0.9580058047756838
p002,9,1.1,Q0,fairness_qp,1,1.5948810760742278,1.592712822603239,-0.0021682534709888124,0.0013468116474196982,0.00026268491149012167,0.002430938382914123,0.9090909049047599,0.9577010587000074
p002,9,1.1,Q95,weighted_proportional,1,1.5070032970001674,1.5021655140018508,-0.004837782998316609,0.002813792454757644,0.000394900955599309,0.005232683953915979,0.9090908961727203,0.9556598972273493
p002,9,1.1,Q95,equal_kw_reduction,1,1.612487277003052,1.612559564501754,7.228749870202833e-05,4.267673404079273e-05,7.882048339179822e-05,6.53298468978724e-06,0.9090908959344044,0.9560813203720324
p002,9,1.1,Q95,flat_level,1,1.1849636607191736,1.1721536027655144,-0.012810057953659193,0.0068869789768295385,0.0004819500000000001,0.013292007953659077,0.9090908957565852,0.9543453002506026
p002,9,1.1,Q95,max_export_lp,1,1.6572322873433465,1.6572322873062768,-3.70696806584192e-11,2.3853774602431137e-08,3.5617718812308227e-09,2.387230935499418e-08,0.9090909002177725,0.9562656117541615
p002,9,1.1,Q95,fairness_qp,1,1.5948810871865815,1.5927128318967367,-0.002168255289844767,0.0013468126466797917,0.00026268500175738235,0.002430940291602201,0.9090908959724983,0.9560320525315021
p002,9,1.2,Q0,weighted_proportional,1,1.5070032969994482,1.4968873355595642,-0.010115961439884025,0.005843493384618744,0.0007855126646767567,0.010901474104560731,0.9090908960413545,0.9571907216567432
p002,9,1.2,Q0,equal_kw_reduction,1,1.612487277003052,1.6127190691376316,0.00023179213457957815,0.00043412623729788616,0.0005500223045877195,0.00031823017000805285,0.9090909035544116,0.9577647773078634
p002,9,1.2,Q0,flat_level,1,1.1849636607191736,1.1577866724119128,-0.027176988307260785,0.014552394153630353,0.0009639000000000002,0.028140888307260706,0.9090908926039584,0.955428101529338
p002,9,1.2,Q0,max_export_lp,1,1.6572322875094938,1.6572322873008951,-2.0859869387379604e-10,7.078451652473223e-08,0.0,7.061956116063972e-08,0.9090908953883254,0.9580058044755834
p002,9,1.2,Q0,fairness_qp,1,1.5948810760742278,1.5905798281554586,-0.00430124791876918,0.002652523501170717,0.0005018995399647414,0.004803147460555288,0.9090908913680202,0.9576918124027877
p002,9,1.2,Q95,weighted_proportional,1,1.5070032970001674,1.4968873355606076,-0.01011596143955984,0.0058434933844582065,0.0007855126646782061,0.010901474104238208,0.9090909092581523,0.9556412395465572
p002,9,1.2,Q95,equal_kw_reduction,1,1.612487277003052,1.6127190691376316,0.00023179213457957815,0.00043412623729788616,0.0005500223045877195,0.00031823017000805285,0.9090909041782184,0.9560809654395507
p002,9,1.2,Q95,flat_level,1,1.1849636607191736,1.1577866724119128,-0.027176988307260785,0.014552394153630353,0.0009639000000000002,0.028140888307260706,0.909090902628994,0.9542906636614484
p002,9,1.2,Q95,max_export_lp,1,1.6572322873433465,1.6572322872444347,-9.891176766529952e-11,3.793901690149395e-08,3.830559884695703e-09,3.798847275290895e-08,0.9090908925817123,0.9562656116862004
p002,9,1.2,Q95,fairness_qp,1,1.5948810871865815,1.5905798309692774,-0.00430125621730415,0.002652527712309122,0.0005018996036570723,0.004803155820961171,0.909090905027433,0.9560249679737384
p002,9,1.3,Q0,weighted_proportional,1,1.5070032969994482,1.4911840498660116,-0.01581924713343663,0.009081156605167201,0.0011715330384488992,0.016990780171885503,0.9090908907435291,0.9571645034066515
p002,9,1.3,Q0,equal_kw_reduction,1,1.612487277003052,1.6124276189694828,-5.965803356922095e-05,0.0010360213157673236,0.0010061922989827582,0.001065850332551889,0.9090909062201599,0.9577625131591877
p002,9,1.3,Q0,flat_level,1,1.1849636607191736,1.1417608948748341,-0.043202765844339464,0.02304723292216968,0.0014458500000000003,0.044648615844339365,0.909090902932535,0.9553487673956811
p002,9,1.3,Q0,max_export_lp,1,1.6572322875094938,1.6572322874389875,-7.050626749105504e-11,2.6083426930324522e-08,0.0,2.5364497290708554e-08,0.9090908955328204,0.9580058047532686
p002,9,1.3,Q0,fairness_qp,1,1.5948810760742278,1.5885291070798362,-0.00635196899439161,0.003893292140821118,0.0007173076436252923,0.007069276638016943,0.9090909013190442,0.9576829562772726
p002,9,1.3,Q95,weighted_proportional,1,1.5070032970001674,1.491184049864861,-0.01581924713530647,0.009081156606096128,0.0011715330384428667,0.01699078017374939,0.9090909106059829,0.955621152531374
p002,9,1.3,Q95,equal_kw_reduction,1,1.612487277003052,1.6124276189694828,-5.965803356922095e-05,0.0010360213157673236,0.0010061922989827582,0.001065850332551889,0.909090897281555,0.956079231783697
p002,9,1.3,Q95,flat_level,1,1.1849636607191736,1.1417608948748341,-0.043202765844339464,0.02304723292216968,0.0014458500000000003,0.044648615844339365,0.9090909039793024,0.9542298405481432
p002,9,1.3,Q95,max_export_lp,1,1.6572322873433465,1.657232287245329,-9.801759404126642e-11,3.632164167257637e-08,3.3134502016056097e-09,3.637065047745747e-08,0.909090907616986,0.9562656116730986
p002,9,1.3,Q95,fairness_qp,1,1.5948810871865815,1.588529100673624,-0.0063519865129575415,0.0038933007202964767,0.0007173074638176583,0.007069293976775295,0.9090908912846222,0.9560181820189528
p002,9,1.4,Q0,weighted_proportional,1,1.5070032969994482,1.4850717664004414,-0.021931530599006877,0.012518445390836352,0.0015526800913329367,0.02348421069033977,0.9090909135593652,0.957136491275061
p002,9,1.4,Q0,equal_kw_reduction,1,1.612487277003052,1.6117238944542835,-0.0007633825487685097,0.0018303110895270414,0.0014486198151427787,0.002212002363911304,0.9090909066804522,0.9577586038878197
p002,9,1.4,Q0,flat_level,1,1.1849636607191736,1.1360904983079825,-0.04887316241119111,0.026043081205595564,0.0016065000000000003,0.050479662411191124,0.9090908967217425,0.955320782278887
p002,9,1.4,Q0,max_export_lp,1,1.6572322875094938,1.6572322874420098,-6.748401837342044e-11,2.557644353891244e-08,0.0,2.4697599386187125e-08,0.9090909030341195,0.9580058047599793
p002,9,1.4,Q0,fairness_qp,1,1.5948810760742278,1.5865984800684987,-0.008282596005729115,0.005050442203545041,0.0009091442006805258,0.009191740206409556,0.9090908975085095,0.9576746440628342
p002,9,1.4,Q95,weighted_proportional,1,1.5070032970001674,1.4850717663977586,-0.021931530602408822,0.01251844539252522,0.0015526800913207555,0.023484210693729687,0.9090908923922986,0.9555996909153691
p002,9,1.4,Q95,equal_kw_reduction,1,1.612487277003052,1.6117238944542835,-0.0007633825487685097,0.0018303110895270414,0.0014486198151427787,0.002212002363911304,0.9090909093027338,0.9560762376523135
p002,9,1.4,Q95,flat_level,1,1.1849636607191736,1.1360904983079825,-0.04887316241119111,0.026043081205595564,0.0016065000000000003,0.050479662411191124,0.9090908997308735,0.9542083850198831
p002,9,1.4,Q95,max_export_lp,1,1.6572322873433465,1.6572322881007924,7.574458837922293e-10,2.621934294962211e-07,2.698859216513673e-09,2.6181470652499733e-07,0.9090909086097115,0.9562656128174525
p002,9,1.4,Q95,fairness_qp,1,1.5948810871865815,1.5865984766041992,-0.008282610582382333,0.005050449130627311,0.0009091438394361589,0.009191754421818464,0.9090909060124875,0.9560118130108081
p002,9,1.5,Q0,weighted_proportional,1,1.5070032969994482,1.4785673035329217,-0.028435993466526588,0.01614668930548953,0.0019286925722261875,0.030364686038752867,0.9090908993985221,0.9571067598934543
p002,9,1.5,Q0,equal_kw_reduction,1,1.612487277003052,1.6106403405055487,-0.0018469364975033375,0.0028018545989365986,0.0018783863501849523,0.0037253228476882448,0.9090908997732708,0.9577531788492272
p002,9,1.5,Q0,flat_level,1,1.1849636607191736,1.1360904983079825,-0.04887316241119111,0.026043081205595564,0.0016065000000000003,0.050479662411191124,0.9090908967217425,0.955320782278887
p002,9,1.5,Q0,max_export_lp,1,1.6572322875094938,1.6572322871996403,-3.098534762102645e-10,1.0493880352998924e-07,0.0,1.0495935768651057e-07,0.9090909178774168,0.9580058042794481
p002,9,1.5,Q0,fairness_qp,1,1.5948810760742278,1.5848158310312856,-0.01006524504294215,0.006110767901199177,0.001078145379728162,0.011143390422670192,0.9090909030209549,0.9576669877772579
p002,9,1.5,Q95,weighted_proportional,1,1.5070032970001674,1.4785673035489293,-0.02843599345123815,0.01614668929790867,0.0019286925722895743,0.030364686023527758,0.9090909041499116,0.9555769118102952
p002,9,1.5,Q95,equal_kw_reduction,1,1.612487277003052,1.6106403405055487,-0.0018469364975033375,0.0028018545989365986,0.0018783863501849523,0.0037253228476882448,0.9090908985798499,0.9560720822742875
p002,9,1.5,Q95,flat_level,1,1.1849636607191736,1.1360904983079825,-0.04887316241119111,0.026043081205595564,0.0016065000000000003,0.050479662411191124,0.9090908997308735,0.9542083850198831
p002,9,1.5,Q95,max_export_lp,1,1.6572322873433465,1.6572322872152114,-1.281350581194829e-10,4.491668315824253e-08,3.5838151010193775e-09,4.498075061726281e-08,0.9090909075794381,0.9562656116336022
p002,9,1.5,Q95,fairness_qp,1,1.5948810871865815,1.5848158277115214,-0.010065259475060095,0.0061107747832016305,0.0010781450456715733,0.011143404520731688,0.9090908951340866,0.9560059466254869
p002,9,1.6,Q0,weighted_proportional,1,1.5070032969994482,1.4716880756206296,-0.035315221378818595,0.019956941098509918,0.0022993304091006306,0.037614551787919205,0.9090909050707043,0.9570753863966058
p002,9,1.6,Q0,equal_kw_reduction,1,1.612487277003052,1.6092044728599115,-0.0032828041431405275,0.0039378111669006585,0.002296409095330375,0.005579213238470942,0.9090908997212659,0.9577463478210774
p002,9,1.6,Q0,flat_level,1,1.1849636607191736,1.1360904983079825,-0.04887316241119111,0.026043081205595564,0.0016065000000000003,0.050479662411191124,0.9090908967217425,0.955320782278887
p002,9,1.6,Q0,max_export_lp,1,1.6572322875094938,1.6572322872007175,-3.0877633783177316e-10,1.0430436221995449e-07,2.3364539361407644e-11,1.0445875034490598e-07,0.9090908952902775,0.9580058042970107
p002,9,1.6,Q0,fairness_qp,1,1.5948810760742278,1.583199284630278,-0.011681791443949763,0.007066340146227345,0.0012254444242524682,0.012907235868202223,0.9090908962537119,0.9576600587292716
p002,9,1.6,Q95,weighted_proportional,1,1.5070032970001674,1.471688075626295,-0.03531522137387255,0.019956941096059642,0.002299330409123313,0.03761455178299597,0.9090908925239316,0.9555528743411391
p002,9,1.6,Q95,equal_kw_reduction,1,1.612487277003052,1.6092044728599115,-0.0032828041431405275,0.0039378111669006585,0.002296409095330375,0.005579213238470942,0.909090902284609,0.9560668496136612
p002,9,1.6,Q95,flat_level,1,1.1849636607191736,1.1360904983079825,-0.04887316241119111,0.026043081205595564,0.0016065000000000003,0.050479662411191124,0.9090908997308735,0.9542083850198831
p002,9,1.6,Q95,max_export_lp,1,1.6572322873433465,1.6572322873220622,-2.12843076496938e-11,2.981744005696452e-08,4.531901244900216e-09,2.982808218476851e-08,0.909090907615555,0.9562656117717072
p002,9,1.6,Q95,fairness_qp,1,1.5948810871865815,1.5831992834852942,-0.011681803701287352,0.00706634559432779,0.001225443743684068,0.012907247444971513,0.909090915205049,0.9560006373753256
p002,9,1.7,Q0,weighted_proportional,1,1.5070032969994482,1.3899060000690886,-0.11709729693035964,0.06086837245155734,0.0023197239863775266,0.11941702091673714,0.909090897006013,0.9567141158090325
p002,9,1.7,Q0,equal_kw_reduction,1,1.612487277003052,1.6074398494259146,-0.005047427577137498,0.005227187102765882,0.0027034733141971506,0.0077509008913346136,0.9090908970635359,0.9577382047601615
p002,9,1.7,Q0,flat_level,1,1.1849636607191736,1.1360904983079825,-0.04887316241119111,0.026043081205595564,0.0016065000000000003,0.050479662411191124,0.9090908967217425,0.955320782278887
p002,9,1.7,Q0,max_export_lp,1,1.6572322875094938,1.6572322874352996,-7.419420633425489e-11,2.6435029325418396e-08,0.0,2.597782698850193e-08,0.9090909030050845,0.9580058047293821
p002,9,1.7,Q0,fairness_qp,1,1.5948810760742278,1.581758213814519,-0.013122862259708823,0.007913888952433628,0.0013524578225792153,0.01447532008228804,0.9090908960607045,0.9576538918669711
p002,9,1.7,Q95,weighted_proportional,1,1.5070032970001674,1.389906000012542,-0.11709729698762539,0.06086837248018827,0.0023197239863755664,0.11941702097400098,0.9090909055739591,0.9552760556209263
p002,9,1.7,Q95,equal_kw_reduction,1,1.612487277003052,1.6074398494259146,-0.005047427577137498,0.005227187102765882,0.0027034733141971506,0.0077509008913346136,0.9090909100857273,0.9560606116981215
p002,9,1.7,Q95,flat_level,1,1.1849636607191736,1.1360904983079825,-0.04887316241119111,0.026043081205595564,0.0016065000000000003,0.050479662411191124,0.9090908997308735,0.9542083850198831
p002,9,1.7,Q95,max_export_lp,1,1.6572322873433465,1.6572322872379979,-1.0534861871747125e-10,3.9152034870171184e-08,3.719879825068821e-09,3.9204709171777874e-08,0.9090909075121106,0.9562656116628948
p002,9,1.7,Q95,fairness_qp,1,1.5948810871865815,1.5817582214031463,-0.013122865783435245,0.007913889211705674,0.0013524563199880813,0.014475322103423269,0.909090912745213,0.955995912161621
p002,9,1.74,Q0,weighted_proportional,1,1.5070032969994482,1.3581018620613092,-0.148901434938139,0.07677044145541081,0.002319723986341271,0.15122115892448038,0.9090909133884604,0.9565735599943137
p002,9,1.74,Q0,equal_kw_reduction,1,1.612487277003052,1.606646598145157,-0.005840678857895076,0.005783725033786088,0.0028633856048385616,0.008704064462733613,0.9090908998615536,0.9577345987057284
p002,9,1.74,Q0,flat_level,1,1.1849636607191736,1.1360904983079825,-0.04887316241119111,0.026043081205595564,0.0016065000000000003,0.050479662411191124,0.9090908967217425,0.955320782278887
p002,9,1.74,Q0,max_export_lp,1,1.6572322875094938,1.6572322879232217,4.1372794079563846e-10,1.4031710240307391e-07,0.0,1.3872147815521818e-07,0.909090918573136,0.9580058055644287
p002,9,1.74,Q0,fairness_qp,1,1.5948810760742278,1.5812315913511887,-0.013649484723039063,0.008222677847614655,0.0013979354860951072,0.015047420209134202,0.9090909028239369,0.9576516404647079
p002,9,1.74,Q95,weighted_proportional,1,1.5070032970001674,1.3581018620890803,-0.1489014349110871,0.07677044144191911,0.0023197239863755664,0.15122115889746265,0.9090909084679671,0.9551683494707034
p002,9,1.74,Q95,equal_kw_reduction,1,1.612487277003052,1.606646598145157,-0.005840678857895076,0.005783725033786088,0.0028633856048385616,0.008704064462733613,0.9090908942215324,0.9560578492476691
p002,9,1.74,Q95,flat_level,1,1.1849636607191736,1.1360904983079825,-0.04887316241119111,0.026043081205595564,0.0016065000000000003,0.050479662411191124,0.9090908997308735,0.9542083850198831
p002,9,1.74,Q95,max_export_lp,1,1.6572322873433465,1.6572322872359873,-1.0735923261506741e-10,3.967903718191546e-08,3.5632582876064106e-09,3.9732716757348574e-08,0.9090909150643112,0.9562656116426438
p002,9,1.74,Q95,fairness_qp,1,1.5948810871865815,1.5812316063831178,-0.013649480803463732,0.008222673754517223,0.0013979333527853527,0.015047414156249096,0.9090908974980135,0.9559941871279447
p002,9,1.8,Q0,weighted_proportional,1,1.5070032969994482,1.3130460000007624,-0.1939572969986858,0.09929837248572043,0.0023197239863775266,0.19627702098506336,0.9090909061602748,0.9563743595087267
p002,9,1.8,Q0,equal_kw_reduction,1,1.612487277003052,1.6053668060757953,-0.007120470927256761,0.0066604923328215425,0.003100256869193175,0.01022072779644991,0.909090898012874,0.9577288307361752
p002,9,1.8,Q0,flat_level,1,1.1849636607191736,1.1360904983079825,-0.04887316241119111,0.026043081205595564,0.0016065000000000003,0.050479662411191124,0.9090908967217425,0.955320782278887
p002,9,1.8,Q0,max_export_lp,1,1.6572322875094938,1.657232287280849,-2.2864488080642786e-10,7.74548905476671e-08,0.0,7.739860673943236e-08,0.9090909104061948,0.9580058044549317
p002,9,1.8,Q0,fairness_qp,1,1.5948810760742278,1.5804946851154251,-0.014386390958802675,0.008653970117365472,0.0014607746379641622,0.01584716559676678,0.909090905135507,0.9576484919093363
p002,9,1.8,Q95,weighted_proportional,1,1.5070032970001674,1.3130460000008277,-0.19395729699933972,0.09929837248604541,0.0023197239863755664,0.19627702098571526,0.9090909036960727,0.9550156978179574
p002,9,1.8,Q95,equal_kw_reduction,1,1.612487277003052,1.6053668060757953,-0.007120470927256761,0.0066604923328215425,0.003100256869193175,0.01022072779644991,0.9090909034265858,0.9560534306053063
p002,9,1.8,Q95,flat_level,1,1.1849636607191736,1.1360904983079825,-0.04887316241119111,0.026043081205595564,0.0016065000000000003,0.050479662411191124,0.9090908997308735,0.9542083850198831
p002,9,1.8,Q95,max_export_lp,1,1.6572322873433465,1.657232287632859,2.895124140422922e-10,1.0502621805916343e-07,2.8409866619600807e-09,1.0488146180362423e-07,0.9090908930047209,0.9562656122312737
p002,9,1.8,Q95,fairness_qp,1,1.5948810871865815,1.580494723005381,-0.01438636418120054,0.008653952386981105,0.0014607702963808002,0.015847134477581407,0.9090908978575293,0.9559917746912363
p002,9,1.9,Q0,weighted_proportional,1,1.5070032969994482,1.2442765263425701,-0.2627267706568781,0.1336831093148166,0.0023197239863775266,0.2650464946432557,0.9090909105207328,0.956070135948606
p002,9,1.9,Q0,equal_kw_reduction,1,1.612487277003052,1.6030030231789514,-0.009484253824100675,0.008229476018015379,0.0034873491059650395,0.012971602930065718,0.9090909031635269,0.9577182961903139
p002,9,1.9,Q0,flat_level,1,1.1849636607191736,1.1360904983079825,-0.04887316241119111,0.026043081205595564,0.0016065000000000003,0.050479662411191124,0.9090908967217425,0.955320782278887
p002,9,1.9,Q0,max_export_lp,1,1.6572322875094938,1.6572322875004728,-9.021006164289247e-12,7.205245929520383e-09,0.0,6.6293732066402544e-09,0.9090908955724788,0.9580058048452268
p002,9,1.9,Q0,fairness_qp,1,1.5948810760742278,1.5794050627005456,-0.015476013373682207,0.009290068597046971,0.001552061910205891,0.017028075283888052,0.9090909056809643,0.9576438402903263
p002,9,1.9,Q95,weighted_proportional,1,1.5070032970001674,1.244276526360941,-0.26272677063922645,0.13368310930598884,0.0023197239863755664,0.26504649462560215,0.9090908951071502,0.9547825492062789
p002,9,1.9,Q95,equal_kw_reduction,1,1.612487277003052,1.6030030231789514,-0.009484253824100675,0.008229476018015379,0.0034873491059650395,0.012971602930065718,0.9090909030119616,0.9560453604161067
p002,9,1.9,Q95,flat_level,1,1.1849636607191736,1.1360904983079825,-0.04887316241119111,0.026043081205595564,0.0016065000000000003,0.050479662411191124,0.9090908997308735,0.9542083850198831
p002,9,1.9,Q95,max_export_lp,1,1.6572322873433465,1.6572322872326475,-1.1069900551774481e-10,4.061728018956183e-08,3.5738896567638276e-09,4.067262970343377e-08,0.9090909076788758,0.9562656116380862
p002,9,1.9,Q95,fairness_qp,1,1.5948810871865815,1.579405163795467,-0.015475923391114588,0.009290013455984653,0.0015520517604273526,0.01702797515154195,0.9090909045088792,0.9559882106931225
p002,9,2.0,Q0,weighted_proportional,1,1.5070032969994482,1.1823840000018908,-0.3246192969975574,0.16462937248515633,0.0023197239863775266,0.3269390209839351,0.9090908998798386,0.9557961478260689
p002,9,2.0,Q0,equal_kw_reduction,1,1.612487277003052,1.6003639681591686,-0.012123308843883462,0.009926920027247346,0.003865265605305617,0.015988574449189073,0.909090907999308,0.957706662873617
p002,9,2.0,Q0,flat_level,1,1.1849636607191736,1.1360904983079825,-0.04887316241119111,0.026043081205595564,0.0016065000000000003,0.050479662411191124,0.9090908967217425,0.955320782278887
p002,9,2.0,Q0,max_export_lp,1,1.6572322875094938,1.6572322872105865,-2.989073433212752e-10,1.0096983675631638e-07,6.937109307131317e-12,1.0111929034687869e-07,0.9090909178483039,0.958005804298935
p002,9,2.0,Q0,fairness_qp,1,1.5948810760742278,1.5784817132776723,-0.016399362796555517,0.009827653596062799,0.0016279721977850463,0.01802733499434055,0.9090908938786743,0.957639901918171
p002,9,2.0,Q95,weighted_proportional,1,1.5070032970001674,1.1823840000954866,-0.32461929690468083,0.164629372438716,0.0023197239863755664,0.3269390208910565,0.9090909059073732,0.9545725562583152
p002,9,2.0,Q95,equal_kw_reduction,1,1.612487277003052,1.6003639681591686,-0.012123308843883462,0.009926920027247346,0.003865265605305617,0.015988574449189073,0.90909089375788,0.9560364482811421
p002,9,2.0,Q95,flat_level,1,1.1849636607191736,1.1360904983079825,-0.04887316241119111,0.026043081205595564,0.0016065000000000003,0.050479662411191124,0.9090908997308735,0.9542083850198831
p002,9,2.0,Q95,max_export_lp,1,1.6572322873433465,1.657232287267315,-7.60314033954046e-11,3.0644055500485094e-08,3.344745394930418e-09,3.068207114417798e-08,0.9090909000885582,0.9562656117183556
p002,9,2.0,Q95,fairness_qp,1,1.5948810871865815,1.5784818054679288,-0.01639928171865268,0.009827607233723253,0.0016279663743968848,0.018027248093049623,0.9090908956979376,0.9559851930318046
p003,12,1.0,Q0,weighted_proportional,1,1.5070032969994482,1.5070032969994482,0.0,0.0,0.0,0.0,0.9090908986590723,0.9572374939891118
p003,12,1.0,Q0,equal_kw_reduction,1,1.612487277003052,1.612487277003052,0.0,0.0,0.0,0.0,0.9090909085411034,0.9577651340631068
p003,12,1.0,Q0,flat_level,1,1.1849636607191736,1.1849636607191736,0.0,0.0,0.0,0.0,0.9090908983503695,0.955563065083861
p003,12,1.0,Q0,max_export_lp,1,1.6572322875094938,1.6572322875094938,0.0,0.0,0.0,0.0,0.9090908879931944,0.9580058048566669
p003,12,1.0,Q0,fairness_qp,1,1.5948810760742278,1.5948810760742278,0.0,0.0,0.0,0.0,0.9090908901901453,0.9577105026709762
p003,12,1.0,Q95,weighted_proportional,1,1.5070032970001674,1.5070032970001674,0.0,0.0,0.0,0.0,0.9090908975310804,0.9556770734851585
p003,12,1.0,Q95,equal_kw_reduction,1,1.612487277003052,1.612487277003052,0.0,0.0,0.0,0.0,0.9090908917775226,0.9560812375763708
p003,12,1.0,Q95,flat_level,1,1.1849636607191736,1.1849636607191736,0.0,0.0,0.0,0.0,0.9090909069966064,0.9543941331679278
p003,12,1.0,Q95,max_export_lp,1,1.6572322873433465,1.6572322873433465,0.0,0.0,0.0,0.0,0.9090909076611658,0.956265611819685
p003,12,1.0,Q95,fairness_qp,1,1.5948810871865815,1.5948810871865815,0.0,0.0,0.0,0.0,0.9090909102228547,0.9560392884682518
p003,12,1.1,Q0,weighted_proportional,1,1.5070032969994482,1.5027793108626089,-0.004223986136839386,0.003099245457432744,0.000987252389013045,0.005211238525852443,0.9090909031342395,0.9572161311415927
p003,12,1.1,Q0,equal_kw_reduction,1,1.612487277003052,1.6107122557671172,-0.0017750212359348705,0.0019896305753489447,0.0011021199573815633,0.002877141193316326,0.9090909156375214,0.9577550735134038
p003,12,1.1,Q0,flat_level,1,1.1849636607191736,1.1728765277655144,-0.012087132953659152,0.0072484414768295875,0.001204875000000001,0.013292007953659174,0.9090908914111222,0.9555006156477931
p003,12,1.1,Q0,max_export_lp,1,1.6572322875094938,1.6572322875087055,-7.882583474838611e-13,6.698413380662894e-09,0.0,6.246074613796594e-09,0.9090909031379689,0.9580058048443334
p003,12,1.1,Q0,fairness_qp,1,1.5948810760742278,1.5929826958432955,-0.0018983802309322506,0.001639333322102261,0.0006901432066361984,0.0025885234375683237,0.9090908897514021,0.9577011288604212
p003,12,1.1,Q95,weighted_proportional,1,1.5070032970001674,1.502779310861206,-0.004223986138961466,0.00309924545847839,0.0009872523889976424,0.005211238527959137,0.9090909094505915,0.9556607075788215
p003,12,1.1,Q95,equal_kw_reduction,1,1.612487277003052,1.6107122557671172,-0.0017750212359348705,0.0019896305753489447,0.0011021199573815633,0.002877141193316326,0.9090908978699476,0.956073531731819
p003,12,1.1,Q95,flat_level,1,1.1849636607191736,1.1728765277655144,-0.012087132953659152,0.0072484414768295875,0.001204875000000001,0.013292007953659174,0.9090909102336817,0.9543462571960247
p003,12,1.1,Q95,max_export_lp,1,1.6572322873433465,1.6572322872995824,-4.376410345230397e-11,3.644517156608466e-08,8.017019840524109e-09,3.646705354701241e-08,0.9090908905766203,0.9562656117680589
p003,12,1.1,Q95,fairness_qp,1,1.5948810871865815,1.592982706790504,-0.0018983803960774814,0.0016393336078901473,0.0006901434098513844,0.00258852380592891,0.909090904790989,0.9560321068081962
p003,12,1.2,Q0,weighted_proportional,1,1.5070032969994482,1.4981102827291481,-0.008893014270300093,0.006410288796842016,0.001963781661691963,0.01085679593199207,0.9090908937960617,0.9571928270314455
p003,12,1.2,Q0,equal_kw_reduction,1,1.612487277003052,1.6085188181640309,-0.003968458839021194,0.00417404118368229,0.0021898117641716824,0.006158270603192897,0.9090908964932067,0.9577433101053132
p003,12,1.2,Q0,flat_level,1,1.1849636607191736,1.1592325224119129,-0.025731138307260704,0.015275319153630352,0.0024097499999999987,0.028140888307260706,0.909090907409649,0.9554305977253401
p003,12,1.2,Q0,max_export_lp,1,1.6572322875094938,1.6572322873615921,-1.479016908945141e-10,5.031589167862026e-08,1.1290149284221007e-09,5.0389842494360376e-08,0.9090908953944048,0.9580058045823221
p003,12,1.2,Q0,fairness_qp,1,1.5948810760742278,1.5910626217365815,-0.003818454337646271,0.003232713576494954,0.0013234864027353906,0.005141940745318133,0.9090909058981914,0.9576917979050945
p003,12,1.2,Q95,weighted_proportional,1,1.5070032970001674,1.4981102827299093,-0.008893014270258126,0.0064102887968223166,0.001963781661693276,0.010856795931951357,0.909090916165198,0.9556428542588459
p003,12,1.2,Q95,equal_kw_reduction,1,1.612487277003052,1.6085188181640309,-0.003968458839021194,0.00417404118368229,0.0021898117641716824,0.006158270603192897,0.9090908946464239,0.9560645211809898
p003,12,1.2,Q95,flat_level,1,1.1849636607191736,1.1592325224119129,-0.025731138307260704,0.015275319153630352,0.0024097499999999987,0.028140888307260706,0.9090909050556525,0.9542925779142103
p003,12,1.2,Q95,max_export_lp,1,1.6572322873433465,1.6572322872510625,-9.228395825289226e-11,3.514717692527838e-08,5.221345188675952e-09,3.519331887719135e-08,0.9090908925908305,0.956265611695792
p003,12,1.2,Q95,fairness_qp,1,1.5948810871865815,1.5910626216860673,-0.0038184655005142343,0.0032327192522801093,0.001323486502022993,0.005141952002537226,0.9090908968414142,0.9560249579317434
p003,12,1.3,Q0,weighted_proportional,1,1.5070032969994482,1.4930109837686216,-0.013992313230826614,0.009924989211535335,0.0029288325961219774,0.016921145826948692,0.9090908994760575,0.9571676487636448
p003,12,1.3,Q0,equal_kw_reduction,1,1.612487277003052,1.6059150714894597,-0.0065722055135923885,0.006549457739086113,0.003263354982289921,0.009835560495882306,0.9090908990717549,0.9577298765683472
p003,12,1.3,Q0,flat_level,1,1.1849636607191736,1.143929669874834,-0.04103399084433956,0.02413162042216973,0.0036146249999999998,0.04464861584433946,0.9090909069375592,0.9553525123169165
p003,12,1.3,Q0,max_export_lp,1,1.6572322875094938,1.6572322874900491,-1.9444668097889917e-11,9.487925188567115e-09,0.0,9.28492877678641e-09,0.9090908955633725,0.9580058048105474
p003,12,1.3,Q0,fairness_qp,1,1.5948810760742278,1.5891713144877317,-0.005709761586496054,0.004753344833975395,0.0018984640358753729,0.0076082256272234665,0.9090909095897933,0.9576827203070707
p003,12,1.3,Q95,weighted_proportional,1,1.5070032970001674,1.4930109837674443,-0.013992313232723097,0.009924989212468262,0.0029288325961066754,0.016921145828829847,0.9090909059644162,0.9556235648462361
p003,12,1.3,Q95,equal_kw_reduction,1,1.612487277003052,1.6059150714894597,-0.0065722055135923885,0.006549457739086113,0.003263354982289921,0.009835560495882306,0.9090908947642679,0.9560542311171881
p003,12,1.3,Q95,flat_level,1,1.1849636607191736,1.143929669874834,-0.04103399084433956,0.02413162042216973,0.0036146249999999998,0.04464861584433946,0.9090908960072092,0.9542327123925748
p003,12,1.3,Q95,max_export_lp,1,1.6572322873433465,1.657232287257176,-8.617040414549137e-11,6.203007904309783e-08,5.022560936596143e-09,6.207316422500442e-08,0.9090909001052608,0.9562656117359251
p003,12,1.3,Q95,fairness_qp,1,1.5948810871865815,1.5891713123210491,-0.005709774865532369,0.004753351795008649,0.0018984643622424226,0.007608239227774875,0.9090909020774669,0.9560180027790421
p003,12,1.4,Q0,weighted_proportional,1,1.5070032969994482,1.48749703330252,-0.019506263696928317,0.01363483207679613,0.0038817002283319073,0.023387963925260352,0.9090908980985825,0.957140666995089
p003,12,1.4,Q0,equal_kw_reduction,1,1.612487277003052,1.602907856013982,-0.009579420989070053,0.009112695977670546,0.004322985483135514,0.013902406472205578,0.9090909005403269,0.957714800644871
p003,12,1.4,Q0,flat_level,1,1.1849636607191736,1.1385002483079825,-0.04646341241119112,0.02724795620559556,0.004016249999999999,0.050479662411191124,0.9090909047486613,0.9553249435501407
p003,12,1.4,Q0,max_export_lp,1,1.6572322875094938,1.6572322873624616,-1.4703216422162768e-10,5.035250235545848e-08,1.0688666067688868e-09,5.042601838541917e-08,0.9090909104482878,0.9580058045996217
p003,12,1.4,Q0,fairness_qp,1,1.5948810760742278,1.5873514260721815,-0.007529650002046306,0.006179824258769378,0.002414999252982001,0.00994464925979251,0.9090909128101933,0.9576740710693591
p003,12,1.4,Q95,weighted_proportional,1,1.5070032970001674,1.4874970332998656,-0.01950626370030184,0.013634832078452676,0.003881700228301768,0.023387963928603584,0.9090908994012898,0.9556028934702209
p003,12,1.4,Q95,equal_kw_reduction,1,1.612487277003052,1.602907856013982,-0.009579420989070053,0.009112695977670546,0.004322985483135514,0.013902406472205578,0.9090909000088833,0.956042682665603
p003,12,1.4,Q95,flat_level,1,1.1849636607191736,1.1385002483079825,-0.04646341241119112,0.02724795620559556,0.004016249999999999,0.050479662411191124,0.9090908970056056,0.9542115761164698
p003,12,1.4,Q95,max_export_lp,1,1.6572322873433465,1.6572322871858376,-1.5750889481580543e-10,5.4263978726935575e-08,5.9217321961811675e-09,5.434273309123938e-08,0.9090908905943198,0.9562656116235649
p003,12,1.4,Q95,fairness_qp,1,1.5948810871865815,1.5873514219708837,-0.007529665215697756,0.006179832476303325,0.0024149998684544847,0.009944665084152165,0.9090909071395576,0.956011375937814
p003,12,1.5,Q0,weighted_proportional,1,1.5070032969994482,1.4815847878257895,-0.025418509173658732,0.01753098601739427,0.004821731430564887,0.03024024060422365,0.9090908995124534,0.9571119555583413
p003,12,1.5,Q0,equal_kw_reduction,1,1.612487277003052,1.5995028390215624,-0.012984437981489627,0.011861117681038303,0.0053688986902934634,0.01835333667178314,0.9090909133613551,0.9576981052346362
p003,12,1.5,Q0,flat_level,1,1.1849636607191736,1.1385002483079825,-0.04646341241119112,0.02724795620559556,0.004016249999999999,0.050479662411191124,0.9090909047486613,0.9553249435501407
p003,12,1.5,Q0,max_export_lp,1,1.6572322875094938,1.6572322873082155,-2.012783273386276e-10,6.818169430281885e-08,1.646003812416641e-09,6.828233344068416e-08,0.9090908953586818,0.958005804519594
p003,12,1.5,Q0,fairness_qp,1,1.5948810760742278,1.585636450429797,-0.009244625644430737,0.007496676528239328,0.002874363701547618,0.012118989350454646,0.9090909131380638,0.9576659843463906
p003,12,1.5,Q95,weighted_proportional,1,1.5070032970001674,1.481584787841236,-0.0254185091589314,0.01753098601018307,0.004821731430717293,0.030240240589648852,0.9090909038736698,0.9555808966594689
p003,12,1.5,Q95,equal_kw_reduction,1,1.612487277003052,1.5995028390215624,-0.012984437981489627,0.011861117681038303,0.0053688986902934634,0.01835333667178314,0.9090909091696415,0.9560298933520873
p003,12,1.5,Q95,flat_level,1,1.1849636607191736,1.1385002483079825,-0.04646341241119112,0.02724795620559556,0.004016249999999999,0.050479662411191124,0.9090908970056056,0.9542115761164698
p003,12,1.5,Q95,max_export_lp,1,1.6572322873433465,1.6572322871765786,-1.6676793279657431e-10,5.730271476658659e-08,6.174940240990384e-09,5.738609873406908e-08,0.9090909149878378,0.9562656115622021
p003,12,1.5,Q95,fairness_qp,1,1.5948810871865815,1.585636442622099,-0.009244644564482485,0.00749668714400522,0.0028743648617640203,0.01211900942624642,0.9090908961821899,0.9560051800852665
p003,12,1.6,Q0,weighted_proportional,1,1.5070032969994482,1.4752912292336158,-0.03171206776583246,0.021604359905670025,0.0057483260227537535,0.037460393788586295,0.9090909073425368,0.9570815909020879
p003,12,1.6,Q0,equal_kw_reduction,1,1.612487277003052,1.5957045901450733,-0.01678268685797879,0.014792595606300524,0.006401252177311077,0.023183939035289973,0.9090909095965232,0.9576798087628935
p003,12,1.6,Q0,flat_level,1,1.1849636607191736,1.1385002483079825,-0.04646341241119112,0.02724795620559556,0.004016249999999999,0.050479662411191124,0.9090909047486613,0.9553249435501407
p003,12,1.6,Q0,max_export_lp,1,1.6572322875094938,1.6572322872707335,-2.387603448283926e-10,8.063234042531443e-08,2.1082003963737717e-09,8.075172050307777e-08,0.9090909028637094,0.9580058044048184
p003,12,1.6,Q0,fairness_qp,1,1.5948810760742278,1.5840504487556897,-0.010830627318538122,0.00869425565618103,0.003278941992585582,0.014109569315450076,0.9090909004607899,0.9576585532266267
p003,12,1.6,Q95,weighted_proportional,1,1.5070032970001674,1.4752912292393368,-0.03171206776083069,0.021604359903226327,0.005748326022810982,0.037460393783641674,0.909090905905846,0.9555576329448301
p003,12,1.6,Q95,equal_kw_reduction,1,1.612487277003052,1.5957045901450733,-0.01678268685797879,0.014792595606300524,0.006401252177311077,0.023183939035289973,0.9090908960843234,0.9560158773074268
p003,12,1.6,Q95,flat_level,1,1.1849636607191736,1.1385002483079825,-0.04646341241119112,0.02724795620559556,0.004016249999999999,0.050479662411191124,0.9090908970056056,0.9542115761164698
p003,12,1.6,Q95,max_export_lp,1,1.6572322873433465,1.6572322871754526,-1.6789392098814915e-10,5.735487788421619e-08,6.108811375585971e-09,5.743882484227081e-08,0.909090890574721,0.9562656116258906
p003,12,1.6,Q95,fairness_qp,1,1.5948810871865815,1.5840504372548692,-0.010830649931712344,0.008694268723920564,0.0032789437580644353,0.014109593689776694,0.9090909184897019,0.9559994864142252
p003,12,1.7,Q0,weighted_proportional,1,1.5070032969994482,1.393875000001855,-0.1131282969975933,0.06236345846474049,0.005799309965943812,0.11892760696353717,0.9090909159548094,0.9567209560040182
p003,12,1.7,Q0,equal_kw_reduction,1,1.612487277003052,1.59151664042469,-0.020970636578361956,0.017905485993375443,0.007420167704194415,0.028390804282556477,0.9090909045206407,0.9576599253579188
p003,12,1.7,Q0,flat_level,1,1.1849636607191736,1.1385002483079825,-0.04646341241119112,0.02724795620559556,0.004016249999999999,0.050479662411191124,0.9090909047486613,0.9553249435501407
p003,12,1.7,Q0,max_export_lp,1,1.6572322875094938,1.6572322872858856,-2.2360824303291338e-10,7.553199530603181e-08,1.952894970735919e-09,7.564379935658724e-08,0.9090909028801448,0.9580058044472214
p003,12,1.7,Q0,fairness_qp,1,1.5948810760742278,1.5826086324083246,-0.012272443665903188,0.009768168155907335,0.0036319463229557997,0.01590438998885887,0.9090909046227634,0.9576518323811836
p003,12,1.7,Q95,weighted_proportional,1,1.5070032970001674,1.3938750000032776,-0.11312829699688987,0.06236345846438387,0.005799309965938913,0.11892760696282882,0.9090909095545561,0.95528130222438
p003,12,1.7,Q95,equal_kw_reduction,1,1.612487277003052,1.59151664042469,-0.020970636578361956,0.017905485993375443,0.007420167704194415,0.028390804282556477,0.9090909140493145,0.9560006453665736
p003,12,1.7,Q95,flat_level,1,1.1849636607191736,1.1385002483079825,-0.04646341241119112,0.02724795620559556,0.004016249999999999,0.050479662411191124,0.9090908970056056,0.9542115761164698
p003,12,1.7,Q95,max_export_lp,1,1.6572322873433465,1.6572322871730043,-1.7034218480205254e-10,5.826929998410538e-08,6.0766918636746825e-09,5.8354471071248026e-08,0.9090909075227583,0.9562656115739813
p003,12,1.7,Q95,fairness_qp,1,1.5948810871865815,1.582608608143377,-0.012272479043204498,0.009768188394881236,0.003631948873279006,0.015904427916483464,0.9090908948365,0.9559943369753132
p003,12,1.74,Q0,weighted_proportional,1,1.5070032969994482,1.3622012069105653,-0.1448020900888829,0.07820035501038525,0.005799309965943812,0.1506014000548267,0.9090908959303085,0.9565806271440455
p003,12,1.74,Q0,equal_kw_reduction,1,1.612487277003052,1.5897329452036175,-0.022754331799434535,0.019201157906633334,0.00782399200691605,0.030578323806350616,0.9090909055242522,0.9576515300542998
p003,12,1.74,Q0,flat_level,1,1.1849636607191736,1.1385002483079825,-0.04646341241119112,0.02724795620559556,0.004016249999999999,0.050479662411191124,0.9090909047486613,0.9553249435501407
p003,12,1.74,Q0,max_export_lp,1,1.6572322875094938,1.6572322872892458,-2.2024804202658288e-10,7.452383142916071e-08,1.9206617203788856e-09,7.463395545006558e-08,0.9090909104517934,0.9580058044528174
p003,12,1.74,Q0,fairness_qp,1,1.5948810760742278,1.5820741747695846,-0.012806901304643237,0.010162987397407558,0.0037595367450859434,0.01656643804972917,0.9090909044284293,0.9576493487659133
p003,12,1.74,Q95,weighted_proportional,1,1.5070032970001674,1.3622012069123843,-0.1448020900877831,0.07820035500983051,0.005799309965938913,0.1506014000537221,0.9090909053344806,0.9551737703714482
p003,12,1.74,Q95,equal_kw_reduction,1,1.612487277003052,1.5897329452036175,-0.022754331799434535,0.019201157906633334,0.00782399200691605,0.030578323806350616,0.9090908996739023,0.9559942139908605
p003,12,1.74,Q95,flat_level,1,1.1849636607191736,1.1385002483079825,-0.04646341241119112,0.02724795620559556,0.004016249999999999,0.050479662411191124,0.9090908970056056,0.9542115761164698
p003,12,1.74,Q95,max_export_lp,1,1.6572322873433465,1.6572322871846055,-1.5874102032853443e-10,5.5443796543133174e-08,6.553004660170975e-09,5.5523167031071297e-08,0.9090908925029118,0.9562656116033108
p003,12,1.74,Q95,fairness_qp,1,1.5948810871865815,1.5820741521336583,-0.012806935052923185,0.010163006282461182,0.0037595387559996134,0.01656647380892275,0.9090909083858382,0.955992434034989
p003,12,1.8,Q0,weighted_proportional,1,1.5070032969994482,1.3173300000151462,-0.18967329698430202,0.10063595845809487,0.005799309965943812,0.19547260695024593,0.9090908956806569,0.9563817484447762
p003,12,1.8,Q0,equal_kw_reduction,1,1.612487277003052,1.5869415269197849,-0.025545750083267205,0.021198607797383043,0.008425732755749408,0.03397148283901668,0.9090909034312362,0.9576384651906307
p003,12,1.8,Q0,flat_level,1,1.1849636607191736,1.1385002483079825,-0.04646341241119112,0.02724795620559556,0.004016249999999999,0.050479662411191124,0.9090909047486613,0.9553249435501407
p003,12,1.8,Q0,max_export_lp,1,1.6572322875094938,1.6572322872945953,-2.1489854340472903e-10,7.279493572341644e-08,1.8314207216735268e-09,7.290238492572987e-08,0.9090908954472031,0.9580058044623799
p003,12,1.8,Q0,fairness_qp,1,1.5948810760742278,1.5813184568140777,-0.013562619260150122,0.010718443065340956,0.00393713343131025,0.017499752695415965,0.9090908920300959,0.9576458435699046
p003,12,1.8,Q95,weighted_proportional,1,1.5070032970001674,1.3173300000073844,-0.189673296992783,0.10063595846233046,0.005799309965938913,0.195472606958722,0.9090909201857807,0.9550213657331779
p003,12,1.8,Q95,equal_kw_reduction,1,1.612487277003052,1.5869415269197849,-0.025545750083267205,0.021198607797383043,0.008425732755749408,0.03397148283901668,0.9090908944501629,0.955984205292604
p003,12,1.8,Q95,flat_level,1,1.1849636607191736,1.1385002483079825,-0.04646341241119112,0.02724795620559556,0.004016249999999999,0.050479662411191124,0.9090908970056056,0.9542115761164698
p003,12,1.8,Q95,max_export_lp,1,1.6572322873433465,1.657232287169306,-1.7404055974168386e-10,6.017991945110558e-08,6.864959239960555e-09,6.026693968354258e-08,0.9090909074361812,0.956265611583025
p003,12,1.8,Q95,fairness_qp,1,1.5948810871865815,1.5813184535771458,-0.01356263360943566,0.010718449552474734,0.003937132747756953,0.017499766357192515,0.9090908984516154,0.9559897484584469
p003,12,1.9,Q0,weighted_proportional,1,1.5070032969994482,1.248842368439812,-0.25816092855963624,0.13487977424576192,0.005799309965943812,0.26396023852558,0.9090909005646745,0.9560780165692361
p003,12,1.9,Q0,equal_kw_reduction,1,1.612487277003052,1.582911010307648,-0.02957626669540403,0.024026787588976115,0.009238654241274074,0.038814920936678154,0.909090924233837,0.9576197365680759
p003,12,1.9,Q0,flat_level,1,1.1849636607191736,1.1385002483079825,-0.04646341241119112,0.02724795620559556,0.004016249999999999,0.050479662411191124,0.9090909047486613,0.9553249435501407
p003,12,1.9,Q0,max_export_lp,1,1.6572322875094938,1.6572322880265227,5.170288641664911e-10,1.748861263871945e-07,0.0,1.6911919391369556e-07,0.9090908960454152,0.9580058057951055
p003,12,1.9,Q0,fairness_qp,1,1.5948810760742278,1.5801811989770895,-0.01469987709713827,0.011548474748386255,0.004198536196118598,0.018898413296955373,0.9090909056670073,0.9576405825985681
p003,12,1.9,Q95,weighted_proportional,1,1.5070032970001674,1.2488423684271466,-0.25816092857302086,0.13487977425244935,0.005799309965938913,0.2639602385389598,0.9090909109643004,0.9547885947586545
p003,12,1.9,Q95,equal_kw_reduction,1,1.612487277003052,1.582911010307648,-0.02957626669540403,0.024026787588976115,0.009238654241274074,0.038814920936678154,0.909090900137412,0.9559698576191714
p003,12,1.9,Q95,flat_level,1,1.1849636607191736,1.1385002483079825,-0.04646341241119112,0.02724795620559556,0.004016249999999999,0.050479662411191124,0.9090908970056056,0.9542115761164698
p003,12,1.9,Q95,max_export_lp,1,1.6572322873433465,1.6572322871678076,-1.7553891673571798e-10,5.990278679996819e-08,6.212037027136796e-09,5.999055620320437e-08,0.9090909075307648,0.9562656115824033
p003,12,1.9,Q95,fairness_qp,1,1.5948810871865815,1.580181210266906,-0.014699876919675559,0.011548470931192167,0.00419853247135441,0.01889840939102992,0.9090909041087237,0.9559857176252743
p003,12,2.0,Q0,weighted_proportional,1,1.5070032969994482,1.1872035000344945,-0.31979979696495375,0.16569920844842076,0.005799309965943812,0.3255991069308977,0.9090909022598608,0.9558044715561926
p003,12,2.0,Q0,equal_kw_reduction,1,1.612487277003052,1.582911010307648,-0.02957626669540403,0.024026787588976115,0.009238654241274074,0.038814920936678154,0.909090924233837,0.9576197365680759
p003,12,2.0,Q0,flat_level,1,1.1849636607191736,1.1385002483079825,-0.04646341241119112,0.02724795620559556,0.004016249999999999,0.050479662411191124,0.9090909047486613,0.9553249435501407
p003,12,2.0,Q0,max_export_lp,1,1.6572322875094938,1.6572322872260117,-2.834821266617382e-10,9.576421275441687e-08,2.5659796817727176e-09,9.590595376673602e-08,0.9090909254156995,0.9580058043251318
p003,12,2.0,Q0,fairness_qp,1,1.5948810760742278,1.5791933206001858,-0.015687755474041998,0.012264144820398616,0.004420267079786979,0.020108022557419652,0.9090908946605112,0.9576360254622119
p003,12,2.0,Q95,weighted_proportional,1,1.5070032970001674,1.1872035000427477,-0.3197997969574198,0.16569920844464886,0.005799309965938913,0.3255991069233588,0.9090909033445487,0.9545789421503328
p003,12,2.0,Q95,equal_kw_reduction,1,1.612487277003052,1.582911010307648,-0.02957626669540403,0.024026787588976115,0.009238654241274074,0.038814920936678154,0.909090900137412,0.9559698576191714
p003,12,2.0,Q95,flat_level,1,1.1849636607191736,1.1385002483079825,-0.04646341241119112,0.02724795620559556,0.004016249999999999,0.050479662411191124,0.9090908970056056,0.9542115761164698
p003,12,2.0,Q95,max_export_lp,1,1.6572322873433465,1.6572322874328733,8.952683039353815e-11,5.6653437874190724e-08,7.827729361399582e-09,5.660867438694872e-08,0.9090909002111907,0.9562656119474655
p003,12,2.0,Q95,fairness_qp,1,1.5948810871865815,1.579193358709159,-0.015687728477422613,0.01226412098566708,0.004420256746955722,0.020107985224378438,0.9090909045601676,0.9559822260860898
p004,13,1.0,Q0,weighted_proportional,1,1.5070032969994482,1.5070032969994482,0.0,0.0,0.0,0.0,0.9090908986590723,0.9572374939891118
p004,13,1.0,Q0,equal_kw_reduction,1,1.612487277003052,1.612487277003052,0.0,0.0,0.0,0.0,0.9090909085411034,0.9577651340631068
p004,13,1.0,Q0,flat_level,1,1.1849636607191736,1.1849636607191736,0.0,0.0,0.0,0.0,0.9090908983503695,0.955563065083861
p004,13,1.0,Q0,max_export_lp,1,1.6572322875094938,1.6572322875094938,0.0,0.0,0.0,0.0,0.9090908879931944,0.9580058048566669
p004,13,1.0,Q0,fairness_qp,1,1.5948810760742278,1.5948810760742278,0.0,0.0,0.0,0.0,0.9090908901901453,0.9577105026709762
p004,13,1.0,Q95,weighted_proportional,1,1.5070032970001674,1.5070032970001674,0.0,0.0,0.0,0.0,0.9090908975310804,0.9556770734851585
p004,13,1.0,Q95,equal_kw_reduction,1,1.612487277003052,1.612487277003052,0.0,0.0,0.0,0.0,0.9090908917775226,0.9560812375763708
p004,13,1.0,Q95,flat_level,1,1.1849636607191736,1.1849636607191736,0.0,0.0,0.0,0.0,0.9090909069966064,0.9543941331679278
p004,13,1.0,Q95,max_export_lp,1,1.6572322873433465,1.6572322873433465,0.0,0.0,0.0,0.0,0.9090909076611658,0.956265611819685
p004,13,1.0,Q95,fairness_qp,1,1.5948810871865815,1.5948810871865815,0.0,0.0,0.0,0.0,0.9090909102228547,0.9560392884682518
p004,13,1.1,Q0,weighted_proportional,1,1.5070032969994482,1.5048253003940324,-0.002177996605415844,0.004050755469746056,0.002961757167038153,0.00513975377245396,0.9090908946827263,0.9572196570993582
p004,13,1.1,Q0,equal_kw_reduction,1,1.612487277003052,1.6116777619129175,-0.0008095150901346049,0.0038668259902350783,0.0034620684451677833,0.004271583535302373,0.9090908921505431,0.9577533450863072
p004,13,1.1,Q0,flat_level,1,1.1849636607191736,1.1752862777655144,-0.009677382953659164,0.00845331647682954,0.0036146250000000033,0.013292007953659077,0.9090908914390111,0.9555047800096756
p004,13,1.1,Q0,max_export_lp,1,1.6572322875094938,1.657232287948081,4.3858716658462527e-10,1.4965586887474196e-07,0.0,1.1615310058232537e-07,0.9090908959714917,0.9580058056419554
p004,13,1.1,Q0,fairness_qp,1,1.5948810760742278,1.5941501392886575,-0.0007309367855703464,0.0027720708744954897,0.0024066024817103494,0.0031375392672806303,0.9090909071409083,0.9577017223481984
p004,13,1.1,Q95,weighted_proportional,1,1.5070032970001674,1.5048253003925396,-0.0021779966076278523,0.004050755470803946,0.002961757166989973,0.00513975377461792,0.9090909119852852,0.9556634114716414
p004,13,1.1,Q95,equal_kw_reduction,1,1.612487277003052,1.6116777619129175,-0.0008095150901346049,0.0038668259902350783,0.0034620684451677833,0.004271583535302373,0.909090901194584,0.9560722102549724
p004,13,1.1,Q95,flat_level,1,1.1849636607191736,1.1752862777655144,-0.009677382953659164,0.00845331647682954,0.0036146250000000033,0.013292007953659077,0.9090908995310262,0.9543494502478396
p004,13,1.1,Q95,max_export_lp,1,1.6572322873433465,1.657232287198955,-1.4439138773525428e-10,5.1807966478434244e-08,1.0786511624866213e-08,5.188016208648727e-08,0.9090909000927965,0.9562656116227001
p004,13,1.1,Q95,fairness_qp,1,1.5948810871865815,1.59415014918981,-0.0007309379967714857,0.0027720724113233517,0.0024066034129367163,0.003137541409709099,0.9090908912671661,0.9560325635802628
p004,13,1.2,Q0,weighted_proportional,1,1.5070032969994482,1.5021867732943899,-0.004816523705058362,0.008299606837604891,0.005891344985075705,0.010707868690134077,0.9090908931816715,0.9571998524881702
p004,13,1.2,Q0,equal_kw_reduction,1,1.612487277003052,1.610373210771992,-0.002114066231060141,0.007964099797217697,0.006907066681687578,0.009021132912747818,0.9090909064735618,0.9577395411044042
p004,13,1.2,Q0,flat_level,1,1.1849636607191736,1.1640520224119129,-0.020911638307260727,0.017685069153630304,0.0072292499999999996,0.02814088830726061,0.909090901387728,0.9554389273996887
p004,13,1.2,Q0,max_export_lp,1,1.6572322875094938,1.6572322871280483,-3.8144554181940293e-10,1.290147887141155e-07,3.057387286051205e-08,1.2920551143845872e-07,0.9090909102446951,0.95800580418441
p004,13,1.2,Q0,fairness_qp,1,1.5948810760742278,1.5932140502919885,-0.0016670257822393175,0.005494838632337286,0.004661325736270126,0.006328351523456932,0.9090909022184306,0.9576924522250101
p004,13,1.2,Q95,weighted_proportional,1,1.5070032970001674,1.502186773294642,-0.004816523705525544,0.00829960683782997,0.005891344985067153,0.010707868690592785,0.909090905436937,0.9556482416954888
p004,13,1.2,Q95,equal_kw_reduction,1,1.612487277003052,1.610373210771992,-0.002114066231060141,0.007964099797217697,0.006907066681687578,0.009021132912747818,0.9090908990987682,0.9560616390935149
p004,13,1.2,Q95,flat_level,1,1.1849636607191736,1.1640520224119129,-0.020911638307260727,0.017685069153630304,0.0072292499999999996,0.02814088830726061,0.9090908958258059,0.9542989647277814
p004,13,1.2,Q95,max_export_lp,1,1.6572322873433465,1.6572322876109398,2.6759328086711776e-10,1.0831131735548677e-07,0.0,9.660771523728462e-08,0.909090900337654,0.9562656121806051
p004,13,1.2,Q95,fairness_qp,1,1.5948810871865815,1.5932140482369237,-0.0016670389496578064,0.005494843723213647,0.004661324248384741,0.006328363198042553,0.9090909113951051,0.956025463026824
p004,13,1.3,Q0,weighted_proportional,1,1.5070032969994482,1.4991007634440308,-0.00790253355541748,0.012737764566073145,0.00878649778836443,0.01668903134378186,0.909090898752952,0.9571781442132618
p004,13,1.3,Q0,equal_kw_reduction,1,1.612487277003052,1.6085644830855081,-0.00392279391754391,0.012296076478856659,0.010334679520084697,0.01425747343762862,0.90909090107483,0.957723684812723
p004,13,1.3,Q0,flat_level,1,1.1849636607191736,1.1511589198748342,-0.033804740844339376,0.027746245422169684,0.010843875000000003,0.044648615844339365,0.9090909036158319,0.9553650085007185
p004,13,1.3,Q0,max_export_lp,1,1.6572322875094938,1.6572322870790182,-4.3047565512210895e-10,1.4542187241851565e-07,3.4531769214918295e-08,1.4563711020010653e-07,0.9090908951573005,0.9580058040816294
p004,13,1.3,Q0,fairness_qp,1,1.5948810760742278,1.592128694416068,-0.0027523816581598304,0.008127760187875631,0.006751569354621744,0.009503951016955496,0.9090908979443143,0.9576829553889056
p004,13,1.3,Q95,weighted_proportional,1,1.5070032970001674,1.4991007634428193,-0.007902533557348157,0.012737764566991864,0.008786497788317742,0.016689031345665985,0.9090908948067571,0.955631613212608
p004,13,1.3,Q95,equal_kw_reduction,1,1.612487277003052,1.6085644830855081,-0.00392279391754391,0.012296076478856659,0.010334679520084697,0.01425747343762862,0.9090909000956604,0.9560494954489094
p004,13,1.3,Q95,flat_level,1,1.1849636607191736,1.1511589198748342,-0.033804740844339376,0.027746245422169684,0.010843875000000003,0.044648615844339365,0.9090909016551834,0.9542422938582191
p004,13,1.3,Q95,max_export_lp,1,1.6572322873433465,1.657232287283264,-6.008238351284945e-11,2.78146107282563e-08,3.0994093333513995e-09,2.7844651924457953e-08,0.9090909001092193,0.956265611740089
p004,13,1.3,Q95,fairness_qp,1,1.5948810871865815,1.5921286904038496,-0.0027523967827318696,0.008127766973087853,0.006751568581721903,0.009503965364453804,0.9090908967371911,0.9560181884151314
p004,13,1.4,Q0,weighted_proportional,1,1.5070032969994482,1.4955812563095048,-0.011422040689943458,0.017356121029964814,0.01164510068499305,0.023067141374936578,0.909090903036829,0.957154600310231
p004,13,1.4,Q0,equal_kw_reduction,1,1.612487277003052,1.6062404863738597,-0.006246790629192311,0.016867919775658442,0.013744524461062342,0.019991315090254543,0.909090904028772,0.9577057307488227
p004,13,1.4,Q0,flat_level,1,1.1849636607191736,1.1466226810481521,-0.03834097967102146,0.03119309490102022,0.0120226050655095,0.05036358473653094,0.9090909023096816,0.9553393341706428
p004,13,1.4,Q0,max_export_lp,1,1.6572322875094938,1.6572322872455774,-2.6391644425416416e-10,8.965260317586382e-08,2.1152525769146946e-08,8.978456134155818e-08,0.9090909028377894,0.9580058043775038
p004,13,1.4,Q0,fairness_qp,1,1.5948810760742278,1.5909478384689568,-0.003933237605270978,0.010636370395622959,0.008669751589687507,0.012602989198258467,0.9090908973803201,0.9576734738114522
p004,13,1.4,Q95,weighted_proportional,1,1.5070032970001674,1.4955812563068904,-0.011422040693277014,0.017356121031542694,0.011645100684904174,0.02306714137818122,0.909090913854097,0.9556135780998896
p004,13,1.4,Q95,equal_kw_reduction,1,1.612487277003052,1.6062404863738597,-0.006246790629192311,0.016867919775658442,0.013744524461062342,0.019991315090254543,0.9090908988266361,0.9560357445142431
p004,13,1.4,Q95,flat_level,1,1.1849636607191736,1.1466226810481521,-0.03834097967102146,0.03119309490102022,0.0120226050655095,0.05036358473653094,0.909090902504094,0.9542226101414968
p004,13,1.4,Q95,max_export_lp,1,1.6572322873433465,1.6572322870110894,-3.3225711071338537e-10,1.1142511795409014e-07,2.179339186544893e-08,1.1159124645252622e-07,0.9090908997565477,0.9562656113691164
p004,13,1.4,Q95,fairness_qp,1,1.5948810871865815,1.5909478319478965,-0.003933255238685041,0.010636380040689694,0.00866975242134722,0.012603007660032167,0.9090909110902728,0.9560109253528193
p004,13,1.5,Q0,weighted_proportional,1,1.5070032969994482,1.4916430688020794,-0.01536022819736882,0.02214530839037534,0.01446519429169089,0.02982542248905979,0.9090908992809154,0.9571292919401627
p004,13,1.5,Q0,equal_kw_reduction,1,1.612487277003052,1.603387976057946,-0.009099300945106137,0.02168579526754937,0.017136144794996346,0.026235445740102392,0.909090908492747,0.9576856248677702
p004,13,1.5,Q0,flat_level,1,1.1849636607191736,1.1466226810481521,-0.03834097967102146,0.03119309490102022,0.0120226050655095,0.05036358473653094,0.9090909023096816,0.9553393341706428
p004,13,1.5,Q0,max_export_lp,1,1.6572322875094938,1.6572322870900402,-4.194535829782353e-10,1.4173741153119482e-07,3.3427562145388334e-08,1.4194713828311056e-07,0.9090908875531414,0.9580058041170224
p004,13,1.5,Q0,fairness_qp,1,1.5948810760742278,1.5897202378304114,-0.005160838243816412,0.012993818238964339,0.010413399114315814,0.015574237360872555,0.9090909007245417,0.9576642160055052
p004,13,1.5,Q95,weighted_proportional,1,1.5070032970001674,1.4916430688160651,-0.01536022818410232,0.022145308384151813,0.014465194292100587,0.02982542247620304,0.9090909007171333,0.9555941908579038
p004,13,1.5,Q95,equal_kw_reduction,1,1.612487277003052,1.603387976057946,-0.009099300945106137,0.02168579526754937,0.017136144794996346,0.026235445740102392,0.9090909150095848,0.9560203447500447
p004,13,1.5,Q95,flat_level,1,1.1849636607191736,1.1466226810481521,-0.03834097967102146,0.03119309490102022,0.0120226050655095,0.05036358473653094,0.909090902504094,0.9542226101414968
p004,13,1.5,Q95,max_export_lp,1,1.6572322873433465,1.6572322880108346,6.674880648205317e-10,2.321208644385413e-07,0.0,1.8037803271734112e-07,0.9090909007962569,0.9562656127631196
p004,13,1.5,Q95,fairness_qp,1,1.5948810871865815,1.589720233087677,-0.005160854098904544,0.01299382337952072,0.010413396329891963,0.015574250428972952,0.9090908912182719,0.9560038338618867
p004,13,1.6,Q0,weighted_proportional,1,1.5070032969994482,1.487301741276219,-0.01970155572322918,0.02709575592987577,0.01724497806826118,0.036946533791490356,0.9090909200690417,0.957102293076207
p004,13,1.6,Q0,equal_kw_reduction,1,1.612487277003052,1.6032629200268471,-0.00922435697620494,0.021883332729376568,0.017271154241274074,0.026495511217479062,0.9090909134472672,0.9576847767120157
p004,13,1.6,Q0,flat_level,1,1.1849636607191736,1.1466226810481521,-0.03834097967102146,0.03119309490102022,0.0120226050655095,0.05036358473653094,0.9090909023096816,0.9553393341706428
p004,13,1.6,Q0,max_export_lp,1,1.6572322875094938,1.657232287021187,-4.883067283856235e-10,1.6519126405987019e-07,3.83998384131945e-08,1.6543541739527743e-07,0.9090908875802127,0.958005803995052
p004,13,1.6,Q0,fairness_qp,1,1.5948810760742278,1.5884875704852808,-0.006393505588947024,0.015181476487373412,0.011984723690574222,0.018378229281846875,0.9090909010040538,0.957655349708938
p004,13,1.6,Q95,weighted_proportional,1,1.5070032970001674,1.4873017412817038,-0.01970155571846366,0.027095755927655396,0.017244978068423594,0.0369465337868872,0.9090909007470045,0.9555735081354749
p004,13,1.6,Q95,equal_kw_reduction,1,1.612487277003052,1.6032629200268471,-0.00922435697620494,0.021883332729376568,0.017271154241274074,0.026495511217479062,0.9090908974387061,0.9560196951659318
p004,13,1.6,Q95,flat_level,1,1.1849636607191736,1.1466226810481521,-0.03834097967102146,0.03119309490102022,0.0120226050655095,0.05036358473653094,0.909090902504094,0.9542226101414968
p004,13,1.6,Q95,max_export_lp,1,1.6572322873433465,1.6572322873911993,4.78528328073935e-11,3.171519416685607e-08,0.0,2.759002657934384e-08,0.9090909076443786,0.9562656119021403
p004,13,1.6,Q95,fairness_qp,1,1.5948810871865815,1.5884875643144778,-0.006393522872103707,0.015181485191646586,0.011984723755467008,0.018378246627698488,0.9090909093802159,0.9559970418512443
p004,13,1.7,Q0,weighted_proportional,1,1.5070032969994482,1.4071050000020202,-0.09989829699742803,0.06734707839654552,0.017397929897831444,0.1172962268952596,0.9090909118782071,0.9567437795387231
p004,13,1.7,Q0,equal_kw_reduction,1,1.612487277003052,1.6032629200268471,-0.00922435697620494,0.021883332729376568,0.017271154241274074,0.026495511217479062,0.9090909134472672,0.9576847767120157
p004,13,1.7,Q0,flat_level,1,1.1849636607191736,1.1466226810481521,-0.03834097967102146,0.03119309490102022,0.0120226050655095,0.05036358473653094,0.9090909023096816,0.9553393341706428
p004,13,1.7,Q0,max_export_lp,1,1.6572322875094938,1.6572322876490269,1.395330517794946e-10,4.8116423442443827e-08,0.0,3.827040784417594e-08,0.9090908957602728,0.9580058050932915
p004,13,1.7,Q0,fairness_qp,1,1.5948810760742278,1.5872833678503993,-0.007597708223828548,0.017188680825517343,0.013389826711445504,0.02098753493743163,0.9090909202994297,0.957646999442721
p004,13,1.7,Q95,weighted_proportional,1,1.5070032970001674,1.4071050000041552,-0.09989829699601227,0.06734707839582295,0.01739792989781675,0.11729622689382915,0.909090908681079,0.9552988057705298
p004,13,1.7,Q95,equal_kw_reduction,1,1.612487277003052,1.6032629200268471,-0.00922435697620494,0.021883332729376568,0.017271154241274074,0.026495511217479062,0.9090908974387061,0.9560196951659318
p004,13,1.7,Q95,flat_level,1,1.1849636607191736,1.1466226810481521,-0.03834097967102146,0.03119309490102022,0.0120226050655095,0.05036358473653094,0.909090902504094,0.9542226101414968
p004,13,1.7,Q95,max_export_lp,1,1.6572322873433465,1.657232287032386,-3.109605906104207e-10,1.0445692710364099e-07,2.3148117724719475e-08,1.0461240734175453e-07,0.9090908923077654,0.9562656113980379
p004,13,1.7,Q95,fairness_qp,1,1.5948810871865815,1.5872833581542363,-0.007597729032345235,0.017188697782465293,0.013389833266199472,0.02098756229863791,0.9090909063315818,0.9559906450739304
p004,13,1.74,Q0,weighted_proportional,1,1.5070032969994482,1.375865689657601,-0.13113760734184732,0.0829667335687551,0.017397929897831444,0.14853553723967874,0.9090909136882956,0.9566042080646456
p004,13,1.74,Q0,equal_kw_reduction,1,1.612487277003052,1.6032629200268471,-0.00922435697620494,0.021883332729376568,0.017271154241274074,0.026495511217479062,0.9090909134472672,0.9576847767120157
p004,13,1.74,Q0,flat_level,1,1.1849636607191736,1.1466226810481521,-0.03834097967102146,0.03119309490102022,0.0120226050655095,0.05036358473653094,0.9090909023096816,0.9553393341706428
p004,13,1.74,Q0,max_export_lp,1,1.6572322875094938,1.657232287018099,-4.913947027063159e-10,1.6604553124133226e-07,3.910204500814918e-08,1.6629122853717426e-07,0.9090909101069419,0.9580058039890788
p004,13,1.74,Q0,fairness_qp,1,1.5948810760742278,1.5868155819937502,-0.008065494080477631,0.01794002380663011,0.013907276764406017,0.021972770846868904,0.9090909064700023,0.9576438237561334
p004,13,1.74,Q95,weighted_proportional,1,1.5070032970001674,1.37586568965568,-0.13113760734448743,0.08296673357006051,0.01739792989781675,0.14853553724230428,0.9090908985575225,0.9551918553763753
p004,13,1.74,Q95,equal_kw_reduction,1,1.612487277003052,1.6032629200268471,-0.00922435697620494,0.021883332729376568,0.017271154241274074,0.026495511217479062,0.9090908974387061,0.9560196951659318
p004,13,1.74,Q95,flat_level,1,1.1849636607191736,1.1466226810481521,-0.03834097967102146,0.03119309490102022,0.0120226050655095,0.05036358473653094,0.909090902504094,0.9542226101414968
p004,13,1.74,Q95,max_export_lp,1,1.6572322873433465,1.6572322870345912,-3.087552435943053e-10,1.0352350081658471e-07,2.248855458797383e-08,1.0367787837105291e-07,0.9090909073439236,0.9562656113858666
p004,13,1.74,Q95,fairness_qp,1,1.5948810871865815,1.5868155721594435,-0.008065515027138037,0.01794003868598103,0.01390728117234508,0.02197279619955001,0.9090908999203656,0.9559882122787201
p004,13,1.8,Q0,weighted_proportional,1,1.5070032969994482,1.3316100000034672,-0.17539329699598105,0.10509457839582198,0.017397929897831444,0.1927912268938125,0.9090909170182957,0.9564064030793583
p004,13,1.8,Q0,equal_kw_reduction,1,1.612487277003052,1.6032629200268471,-0.00922435697620494,0.021883332729376568,0.017271154241274074,0.026495511217479062,0.9090909134472672,0.9576847767120157
p004,13,1.8,Q0,flat_level,1,1.1849636607191736,1.1466226810481521,-0.03834097967102146,0.03119309490102022,0.0120226050655095,0.05036358473653094,0.9090909023096816,0.9553393341706428
p004,13,1.8,Q0,max_export_lp,1,1.6572322875094938,1.6572322886729467,1.1634528895854146e-09,3.9401610029858114e-07,0.0,3.0316117901869975e-07,0.9090908966943513,0.9580058069304533
p004,13,1.8,Q0,fairness_qp,1,1.5948810760742278,1.5861328979293514,-0.008748178144876384,0.019011818142935275,0.014637729068917766,0.023385907215373408,0.9090909057410522,0.9576392484201196
p004,13,1.8,Q95,weighted_proportional,1,1.5070032970001674,1.3316100000004063,-0.17539329699976114,0.1050945783976973,0.01739792989781675,0.19279122689757786,0.9090908940533201,0.9550402752257448
p004,13,1.8,Q95,equal_kw_reduction,1,1.612487277003052,1.6032629200268471,-0.00922435697620494,0.021883332729376568,0.017271154241274074,0.026495511217479062,0.9090908974387061,0.9560196951659318
p004,13,1.8,Q95,flat_level,1,1.1849636607191736,1.1466226810481521,-0.03834097967102146,0.03119309490102022,0.0120226050655095,0.05036358473653094,0.909090902504094,0.9542226101414968
p004,13,1.8,Q95,max_export_lp,1,1.6572322873433465,1.657232286996462,-3.4688452110742674e-10,1.162411377890818e-07,2.5404883596119587e-08,1.1641457997634344e-07,0.909090899833377,0.9562656113498187
p004,13,1.8,Q95,fairness_qp,1,1.5948810871865815,1.5861328820053249,-0.00874820518125663,0.01901184638636595,0.014637743795698616,0.02338594897699428,0.9090909049788675,0.9559847072241252
p004,13,1.9,Q0,weighted_proportional,1,1.5070032969994482,1.26406184211044,-0.2429414548890083,0.13886865734233567,0.017397929897831444,0.2603393847868399,0.9090908989489961,0.9561043121234832
p004,13,1.9,Q0,equal_kw_reduction,1,1.612487277003052,1.6032629200268471,-0.00922435697620494,0.021883332729376568,0.017271154241274074,0.026495511217479062,0.9090909134472672,0.9576847767120157
p004,13,1.9,Q0,flat_level,1,1.1849636607191736,1.1466226810481521,-0.03834097967102146,0.03119309490102022,0.0120226050655095,0.05036358473653094,0.9090909023096816,0.9553393341706428
p004,13,1.9,Q0,max_export_lp,1,1.6572322875094938,1.6572322870624852,-4.4700865231561693e-10,1.5107149683969093e-07,3.555552172476717e-08,1.5129500111760175e-07,0.9090909026236823,0.9580058040515443
p004,13,1.9,Q0,fairness_qp,1,1.5948810760742278,1.5850537678806105,-0.009827308193617323,0.020653048701684176,0.015739394604792855,0.02556670279849284,0.9090908975276922,0.9576321432958137
p004,13,1.9,Q95,weighted_proportional,1,1.5070032970001674,1.2640618421234135,-0.2429414548767539,0.1388686573361937,0.01739792989781675,0.26033938477457064,0.9090908964482436,0.9548087642428326
p004,13,1.9,Q95,equal_kw_reduction,1,1.612487277003052,1.6032629200268471,-0.00922435697620494,0.021883332729376568,0.017271154241274074,0.026495511217479062,0.9090908974387061,0.9560196951659318
p004,13,1.9,Q95,flat_level,1,1.1849636607191736,1.1466226810481521,-0.03834097967102146,0.03119309490102022,0.0120226050655095,0.05036358473653094,0.909090902504094,0.9542226101414968
p004,13,1.9,Q95,max_export_lp,1,1.6572322873433465,1.657232287204143,-1.3920353758578585e-10,4.875119641257943e-08,8.84878792808963e-09,4.8820798190588044e-08,0.9090909074827775,0.9562656116320396
p004,13,1.9,Q95,fairness_qp,1,1.5948810871865815,1.5850537447283126,-0.009827342458268884,0.02065306885229901,0.015739397623164553,0.025566740081433465,0.9090908957317912,0.9559792637374264
p004,13,2.0,Q0,weighted_proportional,1,1.5070032969994482,1.2032685000023322,-0.30373479699711603,0.1692653283963895,0.017397929897831444,0.32113272689494754,0.9090909044882495,0.9558322458693047
p004,13,2.0,Q0,equal_kw_reduction,1,1.612487277003052,1.6032629200268471,-0.00922435697620494,0.021883332729376568,0.017271154241274074,0.026495511217479062,0.9090909134472672,0.9576847767120157
p004,13,2.0,Q0,flat_level,1,1.1849636607191736,1.1466226810481521,-0.03834097967102146,0.03119309490102022,0.0120226050655095,0.05036358473653094,0.9090909023096816,0.9553393341706428
p004,13,2.0,Q0,max_export_lp,1,1.6572322875094938,1.6572322873112892,-1.982045638726504e-10,6.726228728626184e-08,1.6268904102362258e-08,6.73613894830883e-08,0.9090909104984329,0.9580058044768835
p004,13,2.0,Q0,fairness_qp,1,1.5948810760742278,1.584057017971567,-0.01082405810266085,0.02211881453434888,0.016706785483018457,0.027530843585679306,0.909090912228744,0.9576257011990156
p004,13,2.0,Q95,weighted_proportional,1,1.5070032970001674,1.203268500014782,-0.3037347969853854,0.16926532839050948,0.01739792989781675,0.32113272688320216,0.9090909091083611,0.9546002473601454
p004,13,2.0,Q95,equal_kw_reduction,1,1.612487277003052,1.6032629200268471,-0.00922435697620494,0.021883332729376568,0.017271154241274074,0.026495511217479062,0.9090908974387061,0.9560196951659318
p004,13,2.0,Q95,flat_level,1,1.1849636607191736,1.1466226810481521,-0.03834097967102146,0.03119309490102022,0.0120226050655095,0.05036358473653094,0.909090902504094,0.9542226101414968
p004,13,2.0,Q95,max_export_lp,1,1.6572322873433465,1.657232287085139,-2.582074554169367e-10,8.62721334459306e-08,1.7859665590175267e-08,8.640123711064693e-08,0.9090909072352206,0.9562656114717499
p004,13,2.0,Q95,fairness_qp,1,1.5948810871865815,1.584056989648156,-0.010824097538425503,0.02211884038183389,0.016706791612621157,0.027530889151046622,0.9090909117984095,0.9559743284389653
p005,17,1.0,Q0,weighted_proportional,1,1.5070032969994482,1.5070032969994482,0.0,0.0,0.0,0.0,0.9090908986590723,0.9572374939891118
p005,17,1.0,Q0,equal_kw_reduction,1,1.612487277003052,1.612487277003052,0.0,0.0,0.0,0.0,0.9090909085411034,0.9577651340631068
p005,17,1.0,Q0,flat_level,1,1.1849636607191736,1.1849636607191736,0.0,0.0,0.0,0.0,0.9090908983503695,0.955563065083861
p005,17,1.0,Q0,max_export_lp,1,1.6572322875094938,1.6572322875094938,0.0,0.0,0.0,0.0,0.9090908879931944,0.9580058048566669
p005,17,1.0,Q0,fairness_qp,1,1.5948810760742278,1.5948810760742278,0.0,0.0,0.0,0.0,0.9090908901901453,0.9577105026709762
p005,17,1.0,Q95,weighted_proportional,1,1.5070032970001674,1.5070032970001674,0.0,0.0,0.0,0.0,0.9090908975310804,0.9556770734851585
p005,17,1.0,Q95,equal_kw_reduction,1,1.612487277003052,1.612487277003052,0.0,0.0,0.0,0.0,0.9090908917775226,0.9560812375763708
p005,17,1.0,Q95,flat_level,1,1.1849636607191736,1.1849636607191736,0.0,0.0,0.0,0.0,0.9090909069966064,0.9543941331679278
p005,17,1.0,Q95,max_export_lp,1,1.6572322873433465,1.6572322873433465,0.0,0.0,0.0,0.0,0.9090909076611658,0.956265611819685
p005,17,1.0,Q95,fairness_qp,1,1.5948810871865815,1.5948810871865815,0.0,0.0,0.0,0.0,0.9090909102228547,0.9560392884682518
p005,17,1.1,Q0,weighted_proportional,1,1.5070032969994482,1.507894284691225,0.0008909876917768678,0.005478020488187512,0.005923514334075959,0.005032526642299065,0.9090909057539639,0.9572249792413297
p005,17,1.1,Q0,equal_kw_reduction,1,1.612487277003052,1.6149263702139027,0.0024390932108506735,0.005844525574259201,0.007064072179684508,0.0046249789688338925,0.9090908995186039,0.9577581163972458
p005,17,1.1,Q0,flat_level,1,1.1849636607191736,1.1849636607191736,0.0,0.0,0.0,0.0,0.9090908983503695,0.955563065083861
p005,17,1.1,Q0,max_export_lp,1,1.6572322875094938,1.659768945666108,0.002536658156614191,0.005960920921694004,0.007229249999999868,0.004692591843386835,0.909090898099818,0.9580037505527234
p005,17,1.1,Q0,fairness_qp,1,1.5948810760742278,1.596673200060969,0.001792123986741112,0.004935627267730003,0.005831689258826073,0.004039565274359448,0.9090908897245604,0.9577036647531287
p005,17,1.1,Q95,weighted_proportional,1,1.5070032970001674,1.507894284689472,0.0008909876893046231,0.005478020489315741,0.005923514333968052,0.00503252664466343,0.9090909098308193,0.9556674882695188
p005,17,1.1,Q95,equal_kw_reduction,1,1.612487277003052,1.6149263702139027,0.0024390932108506735,0.005844525574259201,0.007064072179684508,0.0046249789688338925,0.909090905878546,0.9560758643317957
p005,17,1.1,Q95,flat_level,1,1.1849636607191736,1.1849636607191736,0.0,0.0,0.0,0.0,0.9090909069966064,0.9543941331679278
p005,17,1.1,Q95,max_export_lp,1,1.6572322873433465,1.659768945655682,0.0025366583123354047,0.0059609208438110494,0.007229249999978815,0.004692591687643285,0.9090909073049223,0.9562640376150342
p005,17,1.1,Q95,fairness_qp,1,1.5948810871865815,1.5966732005049353,0.0017921133183538274,0.004935625530616689,0.0058316821897011345,0.004039568871439735,0.9090908912085062,0.9560340513649322
p005,17,1.2,Q0,weighted_proportional,1,1.5070032969994482,1.5083015091422467,0.0012982121427984605,0.011133583898751355,0.011782689970150535,0.010484477827352175,0.9090908941642366,0.9572104561422553
p005,17,1.2,Q0,equal_kw_reduction,1,1.612487277003052,1.6168405656953382,0.004353288692286128,0.011933400091521978,0.014110044437665031,0.009756755745378924,0.9090909081616535,0.9577489615099003
p005,17,1.2,Q0,flat_level,1,1.1849636607191736,1.1849636607191736,0.0,0.0,0.0,0.0,0.9090908983503695,0.955563065083861
p005,17,1.2,Q0,max_export_lp,1,1.6572322875094938,1.6617717664137421,0.0045394789042483286,0.012188760547863659,0.014458499999987925,0.00991902109573939,0.9090909063844204,0.9580000440055386
p005,17,1.2,Q0,fairness_qp,1,1.5948810760742278,1.5980583404901596,0.003177264415931802,0.00986893097683882,0.011457563179934294,0.00828029876887288,0.9090908970606931,0.9576956385220915
p005,17,1.2,Q95,weighted_proportional,1,1.5070032970001674,1.5083015091422247,0.0012982121420572756,0.011133583899091488,0.01178268997012008,0.010484477828062893,0.9090909076404767,0.955656363931115
p005,17,1.2,Q95,equal_kw_reduction,1,1.612487277003052,1.6168405656953382,0.004353288692286128,0.011933400091521978,0.014110044437665031,0.009756755745378924,0.9090908944863819,0.9560688532891284
p005,17,1.2,Q95,flat_level,1,1.1849636607191736,1.1849636607191736,0.0,0.0,0.0,0.0,0.9090909069966064,0.9543941331679278
p005,17,1.2,Q95,max_export_lp,1,1.6572322873433465,1.661771766477741,0.004539479134394453,0.012188760432768292,0.01445849999996554,0.009919020865571043,0.9090908904692585,0.9562611968261712
p005,17,1.2,Q95,fairness_qp,1,1.5948810871865815,1.5980583408491535,0.0031772536625720438,0.009868924165907232,0.0114575509971932,0.008280297334621264,0.9090909034776917,0.9560279034467838
p005,17,1.3,Q0,weighted_proportional,1,1.5070032969994482,1.5082354329571637,0.00123213595771543,0.016956927597867575,0.01757299557672532,0.016340859619009825,0.9090908963657893,0.9571939844109109
p005,17,1.3,Q0,equal_kw_reduction,1,1.612487277003052,1.6182149072283998,0.005727630225347724,0.018273585929579558,0.021137401042253368,0.015409770816905748,0.9090908937821951,0.957737608482792
p005,17,1.3,Q0,flat_level,1,1.1849636607191736,1.1849636607191736,0.0,0.0,0.0,0.0,0.9090908983503695,0.955563065083861
p005,17,1.3,Q0,max_export_lp,1,1.6572322875094938,1.6632113656506318,0.005979078141137961,0.01869821092940063,0.021687749999969697,0.015708671858831562,0.9090908946020781,0.957994595297068
p005,17,1.3,Q0,fairness_qp,1,1.5948810760742278,1.5990741522525282,0.004193076178300448,0.014795679603050478,0.016892217687512354,0.012699141513900298,0.9090909036136517,0.9576865477733729
p005,17,1.3,Q95,weighted_proportional,1,1.5070032970001674,1.5082354329558407,0.0012321359556732858,0.01695692759878981,0.017572995576626463,0.016340859620953153,0.9090908920818533,0.9556437462761949
p005,17,1.3,Q95,equal_kw_reduction,1,1.612487277003052,1.6182149072283998,0.005727630225347724,0.018273585929579558,0.021137401042253368,0.015409770816905748,0.9090908951908241,0.9560601577458111
p005,17,1.3,Q95,flat_level,1,1.1849636607191736,1.1849636607191736,0.0,0.0,0.0,0.0,0.9090909069966064,0.9543941331679278
p005,17,1.3,Q95,max_export_lp,1,1.6572322873433465,1.6632113649202962,0.0059790775769497095,0.018698211211523957,0.02168774999999884,0.015708672423049075,0.9090909031364355,0.9562570193749592
p005,17,1.3,Q95,fairness_qp,1,1.5948810871865815,1.5990741505040693,0.004193063317487811,0.014795687724283711,0.01689221938302765,0.01269915606553977,0.9090909100243069,0.9560209393208086
p005,17,1.4,Q0,weighted_proportional,1,1.5070032969994482,1.5077075908201225,0.0007042938206742733,0.022938054459649034,0.023290201369986115,0.022585907549311952,0.9090909017102918,0.9571756278774844
p005,17,1.4,Q0,equal_kw_reduction,1,1.612487277003052,1.6190318460949038,0.0065445690918517485,0.024873252319310427,0.028145536865236256,0.021600967773384598,0.9090909004741964,0.957723985751652
p005,17,1.4,Q0,flat_level,1,1.1849636607191736,1.1849636607191736,0.0,0.0,0.0,0.0,0.9090908983503695,0.955563065083861
p005,17,1.4,Q0,max_export_lp,1,1.6572322875094938,1.6635601882034632,0.006327900693969379,0.02093354965298383,0.024097499999968547,0.017769599305999112,0.9090909021231426,0.9579923717376618
p005,17,1.4,Q0,fairness_qp,1,1.5948810760742278,1.5996508053455032,0.004769729271275391,0.019563347846476172,0.021948212479639448,0.01717848321083843,0.9090909139735981,0.9576764779212309
p005,17,1.4,Q95,weighted_proportional,1,1.5070032970001674,1.5077075908174142,0.0007042938172467927,0.022938054461180846,0.023290201369804253,0.02258590755255744,0.9090909104377397,0.9556296840826303
p005,17,1.4,Q95,equal_kw_reduction,1,1.612487277003052,1.6190318460949038,0.0065445690918517485,0.024873252319310427,0.028145536865236256,0.021600967773384598,0.9090909020248619,0.9560497229162734
p005,17,1.4,Q95,flat_level,1,1.1849636607191736,1.1849636607191736,0.0,0.0,0.0,0.0,0.9090909069966064,0.9543941331679278
p005,17,1.4,Q95,max_export_lp,1,1.6572322873433465,1.6635601881070994,0.006327900763752892,0.020933549618120058,0.024097499999996552,0.017769599236243563,0.9090908924690643,0.9562553159039475
p005,17,1.4,Q95,fairness_qp,1,1.5948810871865815,1.599650804741789,0.004769717555207498,0.01956337689168391,0.021948235669287608,0.017178518114080218,0.9090908931485708,0.9560132248446841
p005,17,1.5,Q0,weighted_proportional,1,1.5070032969994482,1.506730490266487,-0.00027280673296115054,0.02906679194984959,0.028930388583369014,0.029203195316330165,0.9090909015488172,0.9571554538141825
p005,17,1.5,Q0,equal_kw_reduction,1,1.612487277003052,1.6191129314895896,0.006625654486537513,0.026007076998005307,0.029319904241274064,0.02269424975473655,0.9090909084468025,0.9577214710401326
p005,17,1.5,Q0,flat_level,1,1.1849636607191736,1.1849636607191736,0.0,0.0,0.0,0.0,0.9090908983503695,0.955563065083861
p005,17,1.5,Q0,max_export_lp,1,1.6572322875094938,1.66356018841966,0.006327900910166218,0.020933549544908874,0.024097499999991986,0.017769599089825765,0.9090909023075644,0.9579923721075796
p005,17,1.5,Q0,fairness_qp,1,1.5948810760742278,1.599871513189505,0.004990437115277135,0.02405092148475277,0.026546140042391336,0.0215557029271142,0.9090908853653102,0.957665998387245
p005,17,1.5,Q95,weighted_proportional,1,1.5070032970001674,1.5067304902785243,-0.00027280672164309294,0.029066791944884388,0.02893038858406284,0.02920319530570593,0.9090908980111035,0.955614228992056
p005,17,1.5,Q95,equal_kw_reduction,1,1.612487277003052,1.6191129314895896,0.006625654486537513,0.026007076998005307,0.029319904241274064,0.02269424975473655,0.90909091297084,0.9560477965670242
p005,17,1.5,Q95,flat_level,1,1.1849636607191736,1.1849636607191736,0.0,0.0,0.0,0.0,0.9090909069966064,0.9543941331679278
p005,17,1.5,Q95,max_export_lp,1,1.6572322873433465,1.6635601884946873,0.006327901151340853,0.020933549424320075,0.024097499999990515,0.01776959884864963,0.9090909002416545,0.9562553164157512
p005,17,1.5,Q95,fairness_qp,1,1.5948810871865815,1.5998715036975701,0.004990416510988638,0.024050925700066533,0.026546133955560852,0.021555717444572218,0.9090909097725298,0.9560051963734263
p005,17,1.6,Q0,weighted_proportional,1,1.5070032969994482,1.5053175093396092,-0.0016857876598390664,0.035332849966408564,0.03448995613648897,0.03617574379632816,0.909090903849236,0.9571335325144359
p005,17,1.6,Q0,equal_kw_reduction,1,1.612487277003052,1.6191129314895896,0.006625654486537513,0.026007076998005307,0.029319904241274064,0.02269424975473655,0.9090909084468025,0.9577214710401326
p005,17,1.6,Q0,flat_level,1,1.1849636607191736,1.1849636607191736,0.0,0.0,0.0,0.0,0.9090908983503695,0.955563065083861
p005,17,1.6,Q0,max_export_lp,1,1.6572322875094938,1.6635601889727754,0.006327901463281549,0.020933549268313964,0.02409749999995478,0.01776959853667315,0.9090909028457559,0.9579923730258719
p005,17,1.6,Q0,fairness_qp,1,1.5948810760742278,1.5998477625949619,0.004966686520734065,0.02826006064844695,0.030743403906499933,0.025776717388079927,0.9090909085407184,0.9576554776769404
p005,17,1.6,Q95,weighted_proportional,1,1.5070032970001674,1.505317509344307,-0.0016857876558604712,0.035332849964689675,0.034489956136759425,0.036175743792619924,0.9090908954911522,0.9555974348088666
p005,17,1.6,Q95,equal_kw_reduction,1,1.612487277003052,1.6191129314895896,0.006625654486537513,0.026007076998005307,0.029319904241274064,0.02269424975473655,0.90909091297084,0.9560477965670242
p005,17,1.6,Q95,flat_level,1,1.1849636607191736,1.1849636607191736,0.0,0.0,0.0,0.0,0.9090909069966064,0.9543941331679278
p005,17,1.6,Q95,max_export_lp,1,1.6572322873433465,1.6635601881190158,0.0063279007756693595,0.020933549612160023,0.02409749999999479,0.017769599224325257,0.909090899867149,0.9562553159217053
p005,17,1.6,Q95,fairness_qp,1,1.5948810871865815,1.599847751121723,0.004966663935141558,0.028260074171555693,0.030743406139126517,0.02577674220398487,0.9090908976746231,0.9559971358420761
p005,17,1.7,Q0,weighted_proportional,1,1.5070032969994482,1.426950000059812,-0.08005329693963614,0.07482250826548101,0.034795859795662874,0.11484915673529913,0.9090908953832094,0.9567782249279336
p005,17,1.7,Q0,equal_kw_reduction,1,1.612487277003052,1.6191129314895896,0.006625654486537513,0.026007076998005307,0.029319904241274064,0.02269424975473655,0.9090909084468025,0.9577214710401326
p005,17,1.7,Q0,flat_level,1,1.1849636607191736,1.1849636607191736,0.0,0.0,0.0,0.0,0.9090908983503695,0.955563065083861
p005,17,1.7,Q0,max_export_lp,1,1.6572322875094938,1.6635601883390143,0.006327900829520505,0.0209335495851967,0.024097499999957014,0.017769599170436384,0.9090909022538043,0.9579923719505987
p005,17,1.7,Q0,fairness_qp,1,1.5948810760742278,1.5998035743358274,0.004922498261599628,0.03000299968012153,0.0324642488106064,0.027541750549321717,0.9090909105672178,0.9576510456787988
p005,17,1.7,Q95,weighted_proportional,1,1.5070032970001674,1.4269500000002828,-0.08005329699988462,0.07482250829557582,0.034795859795633474,0.11484915679551819,0.9090908989607643,0.9553251919580206
p005,17,1.7,Q95,equal_kw_reduction,1,1.612487277003052,1.6191129314895896,0.006625654486537513,0.026007076998005307,0.029319904241274064,0.02269424975473655,0.90909091297084,0.9560477965670242
p005,17,1.7,Q95,flat_level,1,1.1849636607191736,1.1849636607191736,0.0,0.0,0.0,0.0,0.9090909069966064,0.9543941331679278
p005,17,1.7,Q95,max_export_lp,1,1.6572322873433465,1.6635601882110846,0.0063279008677381565,0.020933549566129406,0.024097499999998412,0.01776959913226033,0.9090908999558603,0.9562553160150191
p005,17,1.7,Q95,fairness_qp,1,1.5948810871865815,1.5998035702739712,0.00492248308738974,0.030003003684257127,0.03246424522795195,0.027541762140562302,0.9090909130742271,0.9559937401470078
p005,17,1.74,Q0,weighted_proportional,1,1.5070032969994482,1.3963624137940995,-0.1106408832053487,0.09011630139833725,0.034795859795662874,0.14543674300101161,0.9090908984461715,0.9566397984180867
p005,17,1.74,Q0,equal_kw_reduction,1,1.612487277003052,1.6191129314895896,0.006625654486537513,0.026007076998005307,0.029319904241274064,0.02269424975473655,0.9090909084468025,0.9577214710401326
p005,17,1.74,Q0,flat_level,1,1.1849636607191736,1.1849636607191736,0.0,0.0,0.0,0.0,0.9090908983503695,0.955563065083861
p005,17,1.74,Q0,max_export_lp,1,1.6572322875094938,1.6635601885697642,0.006327901060270369,0.020933549469842962,0.024097499999978234,0.017769598939707695,0.909090894960585,0.9579923723638368
p005,17,1.74,Q0,fairness_qp,1,1.5948810760742278,1.599822633928745,0.004941557854517109,0.02999346988117775,0.03246424880843633,0.027522690953919172,0.9090908966115857,0.9576511447909559
p005,17,1.74,Q95,weighted_proportional,1,1.5070032970001674,1.3963624138039983,-0.11064088319616916,0.09011630139371811,0.034795859795633474,0.14543674299180276,0.9090908932749416,0.9552191202818618
p005,17,1.74,Q95,equal_kw_reduction,1,1.612487277003052,1.6191129314895896,0.006625654486537513,0.026007076998005307,0.029319904241274064,0.02269424975473655,0.90909091297084,0.9560477965670242
p005,17,1.74,Q95,flat_level,1,1.1849636607191736,1.1849636607191736,0.0,0.0,0.0,0.0,0.9090909069966064,0.9543941331679278
p005,17,1.74,Q95,max_export_lp,1,1.6572322873433465,1.6635601880839168,0.006327900740570325,0.02093354962971414,0.024097499999999092,0.017769599259428934,0.9090908998011425,0.9562553158522744
p005,17,1.74,Q95,fairness_qp,1,1.5948810871865815,1.5998226303305265,0.004941543143945015,0.029993473655991275,0.03246424522796383,0.027522702084018722,0.9090909060499252,0.9559938160941764
p005,17,1.8,Q0,weighted_proportional,1,1.5070032969994482,1.3530300000011695,-0.15397329699827877,0.11178250829480225,0.034795859795662874,0.18876915679394163,0.9090908953106086,0.9564436170181659
p005,17,1.8,Q0,equal_kw_reduction,1,1.612487277003052,1.6191129314895896,0.006625654486537513,0.026007076998005307,0.029319904241274064,0.02269424975473655,0.9090909084468025,0.9577214710401326
p005,17,1.8,Q0,flat_level,1,1.1849636607191736,1.1849636607191736,0.0,0.0,0.0,0.0,0.9090908983503695,0.955563065083861
p005,17,1.8,Q0,max_export_lp,1,1.6572322875094938,1.6635601882146147,0.0063279007051209035,0.02093354964743433,0.024097499999994818,0.017769599294873845,0.9090909096633255,0.9579923717351652
p005,17,1.8,Q0,fairness_qp,1,1.5948810760742278,1.5998496737802912,0.0049685977060633935,0.02997994995344816,0.03246424880647987,0.02749565110041645,0.9090909052348183,0.9576512853809215
p005,17,1.8,Q95,weighted_proportional,1,1.5070032970001674,1.353030000011834,-0.1539732969883334,0.11178250828980017,0.034795859795633474,0.18876915678396686,0.909090893805691,0.9550687863111449
p005,17,1.8,Q95,equal_kw_reduction,1,1.612487277003052,1.6191129314895896,0.006625654486537513,0.026007076998005307,0.029319904241274064,0.02269424975473655,0.90909091297084,0.9560477965670242
p005,17,1.8,Q95,flat_level,1,1.1849636607191736,1.1849636607191736,0.0,0.0,0.0,0.0,0.9090909069966064,0.9543941331679278
p005,17,1.8,Q95,max_export_lp,1,1.6572322873433465,1.6635601884845723,0.0063279011412258335,0.02093354942938606,0.02409749999999891,0.017769598858773127,0.9090909153397974,0.9562553163684637
p005,17,1.8,Q95,fairness_qp,1,1.5948810871865815,1.5998496718892068,0.004968584702625289,0.029979952876660585,0.03246424522797321,0.027495660525347958,0.9090909019567309,0.9559939238186241
p005,17,1.9,Q0,weighted_proportional,1,1.5070032969994482,1.2868910526339314,-0.2201122443655168,0.14485198197842133,0.034795859795662874,0.2549081041611798,0.9090909083374206,0.9561440075695447
p005,17,1.9,Q0,equal_kw_reduction,1,1.612487277003052,1.6191129314895896,0.006625654486537513,0.026007076998005307,0.029319904241274064,0.02269424975473655,0.9090909084468025,0.9577214710401326
p005,17,1.9,Q0,flat_level,1,1.1849636607191736,1.1849636607191736,0.0,0.0,0.0,0.0,0.9090908983503695,0.955563065083861
p005,17,1.9,Q0,max_export_lp,1,1.6572322875094938,1.6635601891900422,0.00632790168054842,0.02093354915971916,0.024097499999993416,0.017769598319444902,0.9090909031112316,0.9579923734310393
p005,17,1.9,Q0,fairness_qp,1,1.5948810760742278,1.5998910365370755,0.00500996046284774,0.029959268584767416,0.032464248811396784,0.027454288353343546,0.9090909015041334,0.9576515004789177
p005,17,1.9,Q95,weighted_proportional,1,1.5070032970001674,1.2868910526378594,-0.22011224436230803,0.14485198197678753,0.034795859795633474,0.2549081041579416,0.9090909041594376,0.9548391805165273
p005,17,1.9,Q95,equal_kw_reduction,1,1.612487277003052,1.6191129314895896,0.006625654486537513,0.026007076998005307,0.029319904241274064,0.02269424975473655,0.90909091297084,0.9560477965670242
p005,17,1.9,Q95,flat_level,1,1.1849636607191736,1.1849636607191736,0.0,0.0,0.0,0.0,0.9090909069966064,0.9543941331679278
p005,17,1.9,Q95,max_export_lp,1,1.6572322873433465,1.6635601881610773,0.006327900817730825,0.020933549591133745,0.024097499999999175,0.017769599182268284,0.909090899917753,0.9562553159749347
p005,17,1.9,Q95,fairness_qp,1,1.5948810871865815,1.5998910435822937,0.005009956395712223,0.029959267029455883,0.03246424522731205,0.02745428883159972,0.9090909059795348,0.9559940887029941
p005,17,2.0,Q0,weighted_proportional,1,1.5070032969994482,1.2273660000008952,-0.279637296998553,0.17461450829493935,0.034795859795662874,0.3144331567942158,0.9090908980778901,0.9558741782633924
p005,17,2.0,Q0,equal_kw_reduction,1,1.612487277003052,1.6191129314895896,0.006625654486537513,0.026007076998005307,0.029319904241274064,0.02269424975473655,0.9090909084468025,0.9577214710401326
p005,17,2.0,Q0,flat_level,1,1.1849636607191736,1.1849636607191736,0.0,0.0,0.0,0.0,0.9090908983503695,0.955563065083861
p005,17,2.0,Q0,max_export_lp,1,1.6572322875094938,1.6635601882184994,0.006327900709005574,0.020933549645490195,0.024097499999993083,0.017769599290987308,0.9090909021816164,0.9579923717741989
p005,17,2.0,Q0,fairness_qp,1,1.5948810760742278,1.599928366339912,0.005047290265684179,0.029940603676556574,0.032464248809398716,0.02741695854371443,0.909090901493398,0.9576516944571823
p005,17,2.0,Q95,weighted_proportional,1,1.5070032970001674,1.227366000001669,-0.2796372969984984,0.17461450829488265,0.034795859795633474,0.31443315679413186,0.9090909171900265,0.9546323814227934
p005,17,2.0,Q95,equal_kw_reduction,1,1.612487277003052,1.6191129314895896,0.006625654486537513,0.026007076998005307,0.029319904241274064,0.02269424975473655,0.90909091297084,0.9560477965670242
p005,17,2.0,Q95,flat_level,1,1.1849636607191736,1.1849636607191736,0.0,0.0,0.0,0.0,0.9090909069966064,0.9543941331679278
p005,17,2.0,Q95,max_export_lp,1,1.6572322873433465,1.663560188078578,0.006327900735231484,0.02093354963238332,0.024097499999999064,0.01776959926476757,0.9090908997218254,0.956255315868953
p005,17,2.0,Q95,fairness_qp,1,1.5948810871865815,1.5999283624462195,0.0050472752596379955,0.029940607598219288,0.03246424522803833,0.02741696996840025,0.9090908969329177,0.9559942372927708
p006,20,1.0,Q0,weighted_proportional,1,1.5070032969994482,1.5070032969994482,0.0,0.0,0.0,0.0,0.9090908986590723,0.9572374939891118
p006,20,1.0,Q0,equal_kw_reduction,1,1.612487277003052,1.612487277003052,0.0,0.0,0.0,0.0,0.9090909085411034,0.9577651340631068
p006,20,1.0,Q0,flat_level,1,1.1849636607191736,1.1849636607191736,0.0,0.0,0.0,0.0,0.9090908983503695,0.955563065083861
p006,20,1.0,Q0,max_export_lp,1,1.6572322875094938,1.6572322875094938,0.0,0.0,0.0,0.0,0.9090908879931944,0.9580058048566669
p006,20,1.0,Q0,fairness_qp,1,1.5948810760742278,1.5948810760742278,0.0,0.0,0.0,0.0,0.9090908901901453,0.9577105026709762
p006,20,1.0,Q95,weighted_proportional,1,1.5070032970001674,1.5070032970001674,0.0,0.0,0.0,0.0,0.9090908975310804,0.9556770734851585
p006,20,1.0,Q95,equal_kw_reduction,1,1.612487277003052,1.612487277003052,0.0,0.0,0.0,0.0,0.9090908917775226,0.9560812375763708
p006,20,1.0,Q95,flat_level,1,1.1849636607191736,1.1849636607191736,0.0,0.0,0.0,0.0,0.9090909069966064,0.9543941331679278
p006,20,1.0,Q95,max_export_lp,1,1.6572322873433465,1.6572322873433465,0.0,0.0,0.0,0.0,0.9090909076611658,0.956265611819685
p006,20,1.0,Q95,fairness_qp,1,1.5948810871865815,1.5948810871865815,0.0,0.0,0.0,0.0,0.9090909102228547,0.9560392884682518
p006,20,1.1,Q0,weighted_proportional,1,1.5070032969994482,1.5048253003940693,-0.0021779966053789845,0.004050755469728431,0.002961757167038972,0.005139753772417891,0.9090909091029711,0.9572196833412302
p006,20,1.1,Q0,equal_kw_reduction,1,1.612487277003052,1.6116777619129175,-0.0008095150901346049,0.0038668259902350783,0.0034620684451677833,0.004271583535302373,0.9090909075124198,0.9577533750572806
p006,20,1.1,Q0,flat_level,1,1.1849636607191736,1.1752862777655144,-0.009677382953659164,0.00845331647682954,0.0036146250000000033,0.013292007953659077,0.9090908997151255,0.9555048113845601
p006,20,1.1,Q0,max_export_lp,1,1.6572322875094938,1.6572322871946192,-3.148745708614342e-10,1.0662660382317881e-07,1.679719785485645e-08,1.0678404111159109e-07,0.9090908952809064,0.9580058042871354
p006,20,1.1,Q0,fairness_qp,1,1.5948810760742278,1.5941501115034993,-0.0007309645707285206,0.002772081299196872,0.002406599013832573,0.003137563584561171,0.9090908976434351,0.9577017436742766
p006,20,1.1,Q95,weighted_proportional,1,1.5070032970001674,1.504825300392432,-0.002177996607735544,0.004050755470855357,0.002961757166987551,0.005139753774723163,0.9090909162574237,0.9556634278054079
p006,20,1.1,Q95,equal_kw_reduction,1,1.612487277003052,1.6116777619129175,-0.0008095150901346049,0.0038668259902350783,0.0034620684451677833,0.004271583535302373,0.9090908910240908,0.9560722285147888
p006,20,1.1,Q95,flat_level,1,1.1849636607191736,1.1752862777655144,-0.009677382953659164,0.00845331647682954,0.0036146250000000033,0.013292007953659077,0.9090909197282896,0.9543494699329836
p006,20,1.1,Q95,max_export_lp,1,1.6572322873433465,1.6572322872388834,-1.0446310483303023e-10,4.2515911963063573e-08,6.454902872626844e-09,4.256814345113269e-08,0.9090909000472284,0.956265611674881
p006,20,1.1,Q95,fairness_qp,1,1.5948810871865815,1.5941501221342744,-0.0007309650523070754,0.0027720809222494674,0.0024065983960773474,0.0031375634484030472,0.9090909078977567,0.9560325768406934
p006,20,1.2,Q0,weighted_proportional,1,1.5070032969994482,1.502186773294359,-0.004816523705089226,0.00829960683761957,0.0058913449850749346,0.010707868690164206,0.9090909219619675,0.9571999046810272
p006,20,1.2,Q0,equal_kw_reduction,1,1.612487277003052,1.610373210771992,-0.002114066231060141,0.007964099797217697,0.006907066681687578,0.009021132912747818,0.9090909070622321,0.9577396010069272
p006,20,1.2,Q0,flat_level,1,1.1849636607191736,1.1640520224119129,-0.020911638307260727,0.017685069153630304,0.0072292499999999996,0.02814088830726061,0.9090909029402886,0.9554389902641355
p006,20,1.2,Q0,max_export_lp,1,1.6572322875094938,1.6572322871456342,-3.6385960910934045e-10,1.2294454795988997e-07,1.9903257753722814e-08,1.2312647770318721e-07,0.9090909102585962,0.958005804199059
p006,20,1.2,Q0,fairness_qp,1,1.5948810760742278,1.593214013713539,-0.001667062360688698,0.005494835451765863,0.004661304271421574,0.006328366632110153,0.9090908980145121,0.9576924936639579
p006,20,1.2,Q95,weighted_proportional,1,1.5070032970001674,1.5021867732944836,-0.004816523705683862,0.008299606837905189,0.005891344985063288,0.01070786869074709,0.90909090643131,0.9556482742397988
p006,20,1.2,Q95,equal_kw_reduction,1,1.612487277003052,1.610373210771992,-0.002114066231060141,0.007964099797217697,0.006907066681687578,0.009021132912747818,0.9090909011393231,0.9560616755182092
p006,20,1.2,Q95,flat_level,1,1.1849636607191736,1.1640520224119129,-0.020911638307260727,0.017685069153630304,0.0072292499999999996,0.02814088830726061,0.9090908957987827,0.9542990042699091
p006,20,1.2,Q95,max_export_lp,1,1.6572322873433465,1.6572322873204168,-2.2929658172188283e-11,2.224647279559051e-08,0.0,2.2114678005502597e-08,0.9090909077123852,0.9562656117734483
p006,20,1.2,Q95,fairness_qp,1,1.5948810871865815,1.5932140083059503,-0.0016670788806312231,0.005494842818830641,0.004661303378514982,0.0063283822591463,0.9090908955032614,0.9560254889159246
p006,20,1.3,Q0,weighted_proportional,1,1.5070032969994482,1.4991007634440938,-0.007902533555354418,0.012737764566043266,0.008786497788366082,0.01668903134372045,0.9090909116725939,0.9571782222530537
p006,20,1.3,Q0,equal_kw_reduction,1,1.612487277003052,1.6085644830855081,-0.00392279391754391,0.012296076478856659,0.010334679520084697,0.01425747343762862,0.909090894394831,0.957723774579467
p006,20,1.3,Q0,flat_level,1,1.1849636607191736,1.1511589198748342,-0.033804740844339376,0.027746245422169684,0.010843875000000003,0.044648615844339365,0.909090905995918,0.9553651030577823
p006,20,1.3,Q0,max_export_lp,1,1.6572322875094938,1.6572322871623004,-3.4719338515287745e-10,1.173747334714116e-07,1.9226726846038877e-08,1.1754833010224272e-07,0.9090909027350144,0.9580058042441157
p006,20,1.3,Q0,fairness_qp,1,1.5948810760742278,1.5921286484082573,-0.0027524276659705027,0.00812773592418032,0.006751522087698334,0.009503949757165602,0.9090908985228214,0.9576830155493263
p006,20,1.3,Q95,weighted_proportional,1,1.5070032970001674,1.4991007634427407,-0.00790253355742676,0.012737764567029092,0.00878649778831566,0.016689031345742525,0.9090909073902261,0.9556316618154117
p006,20,1.3,Q95,equal_kw_reduction,1,1.612487277003052,1.6085644830855081,-0.00392279391754391,0.012296076478856659,0.010334679520084697,0.01425747343762862,0.9090909141840524,0.956049549985239
p006,20,1.3,Q95,flat_level,1,1.1849636607191736,1.1511589198748342,-0.033804740844339376,0.027746245422169684,0.010843875000000003,0.044648615844339365,0.9090909097435603,0.9542423534081874
p006,20,1.3,Q95,max_export_lp,1,1.6572322873433465,1.6572322874050367,6.16902084971116e-11,3.312292554981649e-08,0.0,2.7869842194466754e-08,0.9090909077274626,0.9562656118894219
p006,20,1.3,Q95,fairness_qp,1,1.5948810871865815,1.5921286440070443,-0.0027524431795371562,0.00812774584533153,0.006751524255562934,0.009503967435100126,0.9090909139650996,0.9560182259293784
p006,20,1.4,Q0,weighted_proportional,1,1.5070032969994482,1.4955812563095023,-0.0114220406899459,0.01735612102996591,0.011645100684992981,0.02306714137493884,0.9090909075669514,0.9571547038933726
p006,20,1.4,Q0,equal_kw_reduction,1,1.612487277003052,1.6062404863738597,-0.006246790629192311,0.016867919775658442,0.013744524461062342,0.019991315090254543,0.9090909051809059,0.9577058504185968
p006,20,1.4,Q0,flat_level,1,1.1849636607191736,1.1466226810481521,-0.03834097967102146,0.03119309490102022,0.0120226050655095,0.05036358473653094,0.9090908999105853,0.9553394390962409
p006,20,1.4,Q0,max_export_lp,1,1.6572322875094938,1.657232287096557,-4.1293679586829057e-10,1.3953784270295767e-07,2.2536658428329304e-08,1.397443110734073e-07,0.9090908952101705,0.9580058041122612
p006,20,1.4,Q0,fairness_qp,1,1.5948810760742278,1.59094780169764,-0.003933274376587859,0.010636307681783889,0.00866967049349,0.012602944870077779,0.9090908855803758,0.9576735513183204
p006,20,1.4,Q95,weighted_proportional,1,1.5070032970001674,1.4955812563069115,-0.01142204069325592,0.017356121031532744,0.01164510068490477,0.02306714137816072,0.9090908929156369,0.9556136426267523
p006,20,1.4,Q95,equal_kw_reduction,1,1.612487277003052,1.6062404863738597,-0.006246790629192311,0.016867919775658442,0.013744524461062342,0.019991315090254543,0.9090908950043977,0.9560358172125902
p006,20,1.4,Q95,flat_level,1,1.1849636607191736,1.1466226810481521,-0.03834097967102146,0.03119309490102022,0.0120226050655095,0.05036358473653094,0.9090908973581514,0.9542226762296145
p006,20,1.4,Q95,max_export_lp,1,1.6572322873433465,1.6572322871667762,-1.7657031392559475e-10,6.025028610349764e-08,7.964144167066367e-09,6.033857118288577e-08,0.909090892386737,0.9562656115812214
p006,20,1.4,Q95,fairness_qp,1,1.5948810871865815,1.5909477959075937,-0.003933291278987783,0.010636319343784367,0.008669673704290524,0.01260296498327821,0.9090909085380253,0.9560109737616037
p006,20,1.5,Q0,weighted_proportional,1,1.5070032969994482,1.4916430688020699,-0.015360228197378367,0.022145308390379828,0.014465194291690613,0.029825422489069046,0.90909089535425,0.9571294208677321
p006,20,1.5,Q0,equal_kw_reduction,1,1.612487277003052,1.603387976057946,-0.009099300945106137,0.02168579526754937,0.017136144794996346,0.026235445740102392,0.9090909098238915,0.9576857744215734
p006,20,1.5,Q0,flat_level,1,1.1849636607191736,1.1466226810481521,-0.03834097967102146,0.03119309490102022,0.0120226050655095,0.05036358473653094,0.9090908999105853,0.9553394390962409
p006,20,1.5,Q0,max_export_lp,1,1.6572322875094938,1.657232288534112,1.0246181680884092e-09,3.4710294215505987e-07,0.0,2.911919308372455e-07,0.909090889027453,0.958005806699067
p006,20,1.5,Q0,fairness_qp,1,1.5948810760742278,1.5897202225239173,-0.005160853550310485,0.012993698972281347,0.010413272194917934,0.015574125747436525,0.9090908950167007,0.9576643094166852
p006,20,1.5,Q95,weighted_proportional,1,1.5070032970001674,1.491643068815488,-0.015360228184679414,0.022145308384422767,0.014465194292083074,0.02982542247676246,0.9090908923309302,0.9555942711158174
p006,20,1.5,Q95,equal_kw_reduction,1,1.612487277003052,1.603387976057946,-0.009099300945106137,0.02168579526754937,0.017136144794996346,0.026235445740102392,0.909090908454348,0.9560204356419826
p006,20,1.5,Q95,flat_level,1,1.1849636607191736,1.1466226810481521,-0.03834097967102146,0.03119309490102022,0.0120226050655095,0.05036358473653094,0.9090908973581514,0.9542226762296145
p006,20,1.5,Q95,max_export_lp,1,1.6572322873433465,1.657232288179237,8.358904679539592e-10,2.885237008085572e-07,0.0,2.458504899400388e-07,0.9090909086318401,0.956265612940843
p006,20,1.5,Q95,fairness_qp,1,1.5948810871865815,1.589720214473357,-0.005160872713224407,0.012993715109978295,0.010413278753366062,0.01557415146659053,0.9090909087608545,0.9560038919232392
p006,20,1.6,Q0,weighted_proportional,1,1.5070032969994482,1.487301741276189,-0.019701555723259156,0.027095755929889755,0.017244978068260152,0.036946533791519354,0.9090909000999147,0.9571024470498093
p006,20,1.6,Q0,equal_kw_reduction,1,1.612487277003052,1.6032629200268471,-0.00922435697620494,0.021883332729376568,0.017271154241274074,0.026495511217479062,0.9090909076961389,0.9576849274273004
p006,20,1.6,Q0,flat_level,1,1.1849636607191736,1.1466226810481521,-0.03834097967102146,0.03119309490102022,0.0120226050655095,0.05036358473653094,0.9090908999105853,0.9553394390962409
p006,20,1.6,Q0,max_export_lp,1,1.6572322875094938,1.6572322873665666,-1.4292722561037863e-10,4.8384103979034424e-08,8.595063369365441e-09,4.845556748423255e-08,0.9090909104862658,0.9580058045894769
p006,20,1.6,Q0,fairness_qp,1,1.5948810760742278,1.5884875906135432,-0.006393485460684634,0.015181295652365092,0.0119845529169153,0.018378038382707386,0.9090909066503284,0.9576554575587504
p006,20,1.6,Q95,weighted_proportional,1,1.5070032970001674,1.4873017412815288,-0.01970155571863863,0.027095755927737265,0.017244978068417932,0.0369465337870566,0.9090909031509712,0.9555736039951087
p006,20,1.6,Q95,equal_kw_reduction,1,1.612487277003052,1.6032629200268471,-0.00922435697620494,0.021883332729376568,0.017271154241274074,0.026495511217479062,0.9090909062783606,0.9560197867187165
p006,20,1.6,Q95,flat_level,1,1.1849636607191736,1.1466226810481521,-0.03834097967102146,0.03119309490102022,0.0120226050655095,0.05036358473653094,0.9090908973581514,0.9542226762296145
p006,20,1.6,Q95,max_export_lp,1,1.6572322873433465,1.657232287490268,1.4692158600837502e-10,6.12485025687135e-08,0.0,5.747496833324872e-08,0.9090909078344661,0.9562656120019778
p006,20,1.6,Q95,fairness_qp,1,1.5948810871865815,1.5884875804529979,-0.0063935067335836315,0.015181312734149735,0.011984559367357928,0.018378066100941542,0.9090909119414751,0.9559971090407814
p006,20,1.7,Q0,weighted_proportional,1,1.5070032969994482,1.4071050000020706,-0.09989829699737762,0.06734707839652027,0.017397929897831444,0.11729622689520909,0.9090909050374872,0.9567439543525584
p006,20,1.7,Q0,equal_kw_reduction,1,1.612487277003052,1.6032629200268471,-0.00922435697620494,0.021883332729376568,0.017271154241274074,0.026495511217479062,0.9090909076961389,0.9576849274273004
p006,20,1.7,Q0,flat_level,1,1.1849636607191736,1.1466226810481521,-0.03834097967102146,0.03119309490102022,0.0120226050655095,0.05036358473653094,0.9090908999105853,0.9553394390962409
p006,20,1.7,Q0,max_export_lp,1,1.6572322875094938,1.6572322876127732,1.0327938504417489e-10,3.639761665728911e-08,0.0,3.083492334144018e-08,0.9090909107123034,0.9580058050283413
p006,20,1.7,Q0,fairness_qp,1,1.5948810760742278,1.5872834325447025,-0.0075976435295253,0.017188430427696688,0.01338960865785883,0.020987252192459296,0.9090908918229288,0.9576471203456914
p006,20,1.7,Q95,weighted_proportional,1,1.5070032970001674,1.4071050000046192,-0.0998982969955482,0.06734707839559087,0.01739792989781675,0.11729622689336498,0.9090908932241618,0.9552989170206988
p006,20,1.7,Q95,equal_kw_reduction,1,1.612487277003052,1.6032629200268471,-0.00922435697620494,0.021883332729376568,0.017271154241274074,0.026495511217479062,0.9090909062783606,0.9560197867187165
p006,20,1.7,Q95,flat_level,1,1.1849636607191736,1.1466226810481521,-0.03834097967102146,0.03119309490102022,0.0120226050655095,0.05036358473653094,0.9090908973581514,0.9542226762296145
p006,20,1.7,Q95,max_export_lp,1,1.6572322873433465,1.6572322876040355,2.6068902592157883e-10,9.656064276392399e-08,0.0,8.412325779721952e-08,0.9090909005348528,0.9562656121878095
p006,20,1.7,Q95,fairness_qp,1,1.5948810871865815,1.5872834205953439,-0.007597666591237617,0.017188449327923766,0.013389616032304964,0.020987282623542564,0.9090909035952284,0.9559907204079873
p006,20,1.74,Q0,weighted_proportional,1,1.5070032969994482,1.3758656896577235,-0.13113760734172475,0.08296673356869384,0.017397929897831444,0.14853553723955623,0.9090909013943226,0.956604390700546
p006,20,1.74,Q0,equal_kw_reduction,1,1.612487277003052,1.6032629200268471,-0.00922435697620494,0.021883332729376568,0.017271154241274074,0.026495511217479062,0.9090909076961389,0.9576849274273004
p006,20,1.74,Q0,flat_level,1,1.1849636607191736,1.1466226810481521,-0.03834097967102146,0.03119309490102022,0.0120226050655095,0.05036358473653094,0.9090908999105853,0.9553394390962409
p006,20,1.74,Q0,max_export_lp,1,1.6572322875094938,1.6572322890423117,1.5328178726292663e-09,5.194277726160352e-07,0.0,4.353377342573546e-07,0.9090908970329045,0.9580058075882198
p006,20,1.74,Q0,fairness_qp,1,1.5948810760742278,1.5868156720812903,-0.008065403992937537,0.01793973047431748,0.013907028474211349,0.021972432470786212,0.9090908943900052,0.9576439494976804
p006,20,1.74,Q95,weighted_proportional,1,1.5070032970001674,1.3758656897087678,-0.13113760729139967,0.08296673354351658,0.01739792989781675,0.14853553718921642,0.9090908990908247,0.9551919725266622
p006,20,1.74,Q95,equal_kw_reduction,1,1.612487277003052,1.6032629200268471,-0.00922435697620494,0.021883332729376568,0.017271154241274074,0.026495511217479062,0.9090909062783606,0.9560197867187165
p006,20,1.74,Q95,flat_level,1,1.1849636607191736,1.1466226810481521,-0.03834097967102146,0.03119309490102022,0.0120226050655095,0.05036358473653094,0.9090908973581514,0.9542226762296145
p006,20,1.74,Q95,max_export_lp,1,1.6572322873433465,1.657232286993622,-3.497244716044179e-10,1.1814063235180729e-07,2.2718545718281025e-08,1.183154945297131e-07,0.9090908922702722,0.9562656113585993
p006,20,1.74,Q95,fairness_qp,1,1.5948810871865815,1.5868156540243001,-0.008065433162281366,0.017939761556942484,0.013907044975801808,0.02197247813808316,0.9090908978768542,0.9559882906417474
p006,20,1.8,Q0,weighted_proportional,1,1.5070032969994482,1.331610000003567,-0.17539329699588113,0.10509457839577208,0.017397929897831444,0.1927912268937127,0.9090909077675103,0.9564065970356602
p006,20,1.8,Q0,equal_kw_reduction,1,1.612487277003052,1.6032629200268471,-0.00922435697620494,0.021883332729376568,0.017271154241274074,0.026495511217479062,0.9090909076961389,0.9576849274273004
p006,20,1.8,Q0,flat_level,1,1.1849636607191736,1.1466226810481521,-0.03834097967102146,0.03119309490102022,0.0120226050655095,0.05036358473653094,0.9090908999105853,0.9553394390962409
p006,20,1.8,Q0,max_export_lp,1,1.6572322875094938,1.657232287144,-3.654938574015887e-10,1.2338591650734023e-07,1.9812923530981852e-08,1.2356866339576292e-07,0.9090908876682606,0.9580058042132528
p006,20,1.8,Q0,fairness_qp,1,1.5948810760742278,1.5861330134819283,-0.008748062592299544,0.019011498145037907,0.0146374668445932,0.023385529441187665,0.9090909105534187,0.9576393809254855
p006,20,1.8,Q95,weighted_proportional,1,1.5070032970001674,1.3316100000250182,-0.17539329697514927,0.10509457838539138,0.01739792989781675,0.19279122687296602,0.9090909042711806,0.9550404010142145
p006,20,1.8,Q95,equal_kw_reduction,1,1.612487277003052,1.6032629200268471,-0.00922435697620494,0.021883332729376568,0.017271154241274074,0.026495511217479062,0.9090909062783606,0.9560197867187165
p006,20,1.8,Q95,flat_level,1,1.1849636607191736,1.1466226810481521,-0.03834097967102146,0.03119309490102022,0.0120226050655095,0.05036358473653094,0.9090908973581514,0.9542226762296145
p006,20,1.8,Q95,max_export_lp,1,1.6572322873433465,1.65723228705781,-2.855364833465046e-10,9.675149700762858e-08,1.85310597942967e-08,9.689426516516775e-08,0.9090909147666371,0.9562656114296366
p006,20,1.8,Q95,fairness_qp,1,1.5948810871865815,1.5861329950276604,-0.008748092158921139,0.019011522236657696,0.014637476157197092,0.0233855683161183,0.9090909040331087,0.9559847898419584
p006,20,1.9,Q0,weighted_proportional,1,1.5070032969994482,1.2640618421107561,-0.24294145488869212,0.1388686573421775,0.017397929897831444,0.2603393847865235,0.9090909020034829,0.9561045239090272
p006,20,1.9,Q0,equal_kw_reduction,1,1.612487277003052,1.6032629200268471,-0.00922435697620494,0.021883332729376568,0.017271154241274074,0.026495511217479062,0.9090909076961389,0.9576849274273004
p006,20,1.9,Q0,flat_level,1,1.1849636607191736,1.1466226810481521,-0.03834097967102146,0.03119309490102022,0.0120226050655095,0.05036358473653094,0.9090908999105853,0.9553394390962409
p006,20,1.9,Q0,max_export_lp,1,1.6572322875094938,1.6572322870920413,-4.1745251699865094e-10,1.4095994759947368e-07,2.276462437653115e-08,1.4116867381747805e-07,0.9090909026739507,0.9580058041045173
p006,20,1.9,Q0,fairness_qp,1,1.5948810760742278,1.5850539588673744,-0.009827117206853364,0.02065262288136372,0.01573906427793707,0.02556618148479037,0.9090909052292822,0.9576322863104417
p006,20,1.9,Q95,weighted_proportional,1,1.5070032970001674,1.264061842122493,-0.2429414548776745,0.13886865733665402,0.01739792989781675,0.2603393847754913,0.9090908953448983,0.9548089038437549
p006,20,1.9,Q95,equal_kw_reduction,1,1.612487277003052,1.6032629200268471,-0.00922435697620494,0.021883332729376568,0.017271154241274074,0.026495511217479062,0.9090909062783606,0.9560197867187165
p006,20,1.9,Q95,flat_level,1,1.1849636607191736,1.1466226810481521,-0.03834097967102146,0.03119309490102022,0.0120226050655095,0.05036358473653094,0.9090908973581514,0.9542226762296145
p006,20,1.9,Q95,max_export_lp,1,1.6572322873433465,1.657232287191828,-1.5151857546413794e-10,5.2856596564735975e-08,7.606489247496961e-09,5.293235580579314e-08,0.9090909074507808,0.9562656115983824
p006,20,1.9,Q95,fairness_qp,1,1.5948810871865815,1.5850539400467214,-0.009827147139860104,0.020652648690031254,0.015739075120023566,0.025566222259961312,0.909090912402051,0.9559793536515382
p006,20,2.0,Q0,weighted_proportional,1,1.5070032969994482,1.203268500002703,-0.3037347969967452,0.16926532839620406,0.017397929897831444,0.32113272689457667,0.9090908969328003,0.9558324742782555
p006,20,2.0,Q0,equal_kw_reduction,1,1.612487277003052,1.6032629200268471,-0.00922435697620494,0.021883332729376568,0.017271154241274074,0.026495511217479062,0.9090909076961389,0.9576849274273004
p006,20,2.0,Q0,flat_level,1,1.1849636607191736,1.1466226810481521,-0.03834097967102146,0.03119309490102022,0.0120226050655095,0.05036358473653094,0.9090908999105853,0.9553394390962409
p006,20,2.0,Q0,max_export_lp,1,1.6572322875094938,1.6572322873121572,-1.9733659151199845e-10,6.656903912317675e-08,1.0762165287420133e-08,6.666770740863283e-08,0.9090909028786355,0.958005804495797
p006,20,2.0,Q0,fairness_qp,1,1.5948810760742278,1.5840572701749278,-0.010823805899299987,0.022118307385555185,0.01670640443590517,0.027530210335205203,0.9090909148775704,0.957625853400118
p006,20,2.0,Q95,weighted_proportional,1,1.5070032970001674,1.203268500013956,-0.3037347969862114,0.16926532839092254,0.01739792989781675,0.3211327268840283,0.9090909040260299,0.9546003999521383
p006,20,2.0,Q95,equal_kw_reduction,1,1.612487277003052,1.6032629200268471,-0.00922435697620494,0.021883332729376568,0.017271154241274074,0.026495511217479062,0.9090909062783606,0.9560197867187165
p006,20,2.0,Q95,flat_level,1,1.1849636607191736,1.1466226810481521,-0.03834097967102146,0.03119309490102022,0.0120226050655095,0.05036358473653094,0.9090908973581514,0.9542226762296145
p006,20,2.0,Q95,max_export_lp,1,1.6572322873433465,1.6572322870151865,-3.281599436633087e-10,1.100832231863691e-07,1.6458898671051214e-08,1.1024730316513964e-07,0.9090908921905747,0.9562656113748798
p006,20,2.0,Q95,fairness_qp,1,1.5948810871865815,1.5840572532147328,-0.010823833971848718,0.022118331608643207,0.016706414622716395,0.027530248594567548,0.9090908927227623,0.955974424285817
p007,21,1.0,Q0,weighted_proportional,1,1.5070032969994482,1.5070032969994482,0.0,0.0,0.0,0.0,0.9090908986590723,0.9572374939891118
p007,21,1.0,Q0,equal_kw_reduction,1,1.612487277003052,1.612487277003052,0.0,0.0,0.0,0.0,0.9090909085411034,0.9577651340631068
p007,21,1.0,Q0,flat_level,1,1.1849636607191736,1.1849636607191736,0.0,0.0,0.0,0.0,0.9090908983503695,0.955563065083861
p007,21,1.0,Q0,max_export_lp,1,1.6572322875094938,1.6572322875094938,0.0,0.0,0.0,0.0,0.9090908879931944,0.9580058048566669
p007,21,1.0,Q0,fairness_qp,1,1.5948810760742278,1.5948810760742278,0.0,0.0,0.0,0.0,0.9090908901901453,0.9577105026709762
p007,21,1.0,Q95,weighted_proportional,1,1.5070032970001674,1.5070032970001674,0.0,0.0,0.0,0.0,0.9090908975310804,0.9556770734851585
p007,21,1.0,Q95,equal_kw_reduction,1,1.612487277003052,1.612487277003052,0.0,0.0,0.0,0.0,0.9090908917775226,0.9560812375763708
p007,21,1.0,Q95,flat_level,1,1.1849636607191736,1.1849636607191736,0.0,0.0,0.0,0.0,0.9090909069966064,0.9543941331679278
p007,21,1.0,Q95,max_export_lp,1,1.6572322873433465,1.6572322873433465,0.0,0.0,0.0,0.0,0.9090909076611658,0.956265611819685
p007,21,1.0,Q95,fairness_qp,1,1.5948810871865815,1.5948810871865815,0.0,0.0,0.0,0.0,0.9090909102228547,0.9560392884682518
p007,21,1.1,Q0,weighted_proportional,1,1.5070032969994482,1.5048253003940602,-0.0021779966053880884,0.0040507554697327836,0.0029617571670387637,0.0051397537724268035,0.9090909018729258,0.9572196845218197
p007,21,1.1,Q0,equal_kw_reduction,1,1.612487277003052,1.6116777619129175,-0.0008095150901346049,0.0038668259902350783,0.0034620684451677833,0.004271583535302373,0.9090909153952489,0.9577533763681987
p007,21,1.1,Q0,flat_level,1,1.1849636607191736,1.1752862777655144,-0.009677382953659164,0.00845331647682954,0.0036146250000000033,0.013292007953659077,0.9090909076209095,0.9555048127684026
p007,21,1.1,Q0,max_export_lp,1,1.6572322875094938,1.6572322873005032,-2.0899060260148872e-10,7.09018017773142e-08,8.659580320174998e-09,7.100629705557564e-08,0.9090908877881118,0.9580058044900508
p007,21,1.1,Q0,fairness_qp,1,1.5948810760742278,1.5941500973743845,-0.0007309786998432877,0.002772086329309523,0.002406596979387901,0.0031375756792311445,0.9090908978122482,0.9577017445789693
p007,21,1.1,Q95,weighted_proportional,1,1.5070032970001674,1.5048253003923893,-0.0021779966077781765,0.004050755470875703,0.0029617571669865866,0.005139753774764819,0.9090909013331536,0.9556634284451662
p007,21,1.1,Q95,equal_kw_reduction,1,1.612487277003052,1.6116777619129175,-0.0008095150901346049,0.0038668259902350783,0.0034620684451677833,0.004271583535302373,0.9090908986640877,0.9560722291659107
p007,21,1.1,Q95,flat_level,1,1.1849636607191736,1.1752862777655144,-0.009677382953659164,0.00845331647682954,0.0036146250000000033,0.013292007953659077,0.9090909049019978,0.9543494706955616
p007,21,1.1,Q95,max_export_lp,1,1.6572322873433465,1.65723228729299,-5.0356385727923225e-11,3.256790136239949e-08,3.2298130177299544e-09,3.2593079547782455e-08,0.9090909001154412,0.9562656117466337
p007,21,1.1,Q95,fairness_qp,1,1.5948810871865815,1.5941501084591558,-0.0007309787274256685,0.002772085368543953,0.0024065960048121754,0.0031375747322567736,0.9090908929070427,0.956032577354874
p007,21,1.2,Q0,weighted_proportional,1,1.5070032969994482,1.5021867732943675,-0.0048165237050807885,0.008299606837615544,0.005891344985075143,0.010707868690155947,0.9090909075131874,0.9571999070290087
p007,21,1.2,Q0,equal_kw_reduction,1,1.612487277003052,1.610373210771992,-0.002114066231060141,0.007964099797217697,0.006907066681687578,0.009021132912747818,0.9090909153009679,0.9577396036202023
p007,21,1.2,Q0,flat_level,1,1.1849636607191736,1.1640520224119129,-0.020911638307260727,0.017685069153630304,0.0072292499999999996,0.02814088830726061,0.9090908961688329,0.9554389931006588
p007,21,1.2,Q0,max_export_lp,1,1.6572322875094938,1.6572322871535632,-3.559306183120725e-10,1.2038179341664372e-07,1.5112026064550976e-08,1.2055975870395308e-07,0.9090909102389235,0.9580058042284939
p007,21,1.2,Q0,fairness_qp,1,1.5948810760742278,1.5932139858669299,-0.0016670902072979388,0.0054948389592475305,0.004661293850631139,0.0063283840628964505,0.9090909059658904,0.9576924953977717
p007,21,1.2,Q95,weighted_proportional,1,1.5070032970001674,1.5021867732945369,-0.004816523705630571,0.00829960683787985,0.005891344985064592,0.010707868690695106,0.9090909143280903,0.955648275475986
p007,21,1.2,Q95,equal_kw_reduction,1,1.612487277003052,1.610373210771992,-0.002114066231060141,0.007964099797217697,0.006907066681687578,0.009021132912747818,0.9090909013847123,0.956061676876876
p007,21,1.2,Q95,flat_level,1,1.1849636607191736,1.1640520224119129,-0.020911638307260727,0.017685069153630304,0.0072292499999999996,0.02814088830726061,0.9090909028857627,0.9542990057660711
p007,21,1.2,Q95,max_export_lp,1,1.6572322873433465,1.6572322871694989,-1.73847602980004e-10,8.295839222895781e-08,2.6291951032986205e-08,8.304531594338638e-08,0.9090909074102871,0.9562656115557874
p007,21,1.2,Q95,fairness_qp,1,1.5948810871865815,1.5932139852808274,-0.0016671019057541425,0.005494843273559944,0.004661292320682894,0.0063283942264369935,0.9090908957166985,0.9560254898406888
p007,21,1.3,Q0,weighted_proportional,1,1.5070032969994482,1.4991007634440827,-0.00790253355536552,0.012737764566048554,0.00878649778836579,0.016689031343731318,0.9090909126382909,0.9571782257228635
p007,21,1.3,Q0,equal_kw_reduction,1,1.612487277003052,1.6085644830855081,-0.00392279391754391,0.012296076478856659,0.010334679520084697,0.01425747343762862,0.909090910512656,0.9577237784744564
p007,21,1.3,Q0,flat_level,1,1.1849636607191736,1.1511589198748342,-0.033804740844339376,0.027746245422169684,0.010843875000000003,0.044648615844339365,0.9090908996269647,0.9553651072730837
p007,21,1.3,Q0,max_export_lp,1,1.6572322875094938,1.6572322875094143,-7.949196856316121e-14,4.615941832486047e-09,1.0652296753010937e-10,4.615981509677701e-09,0.9090909030900912,0.9580058048440455
p007,21,1.3,Q0,fairness_qp,1,1.5948810760742278,1.5921286248709154,-0.002752451203312356,0.008127723838201588,0.006751498233349577,0.00950394943985771,0.9090909067579335,0.9576830181584404
p007,21,1.3,Q95,weighted_proportional,1,1.5070032970001674,1.499100763442735,-0.007902533557432534,0.012737764567031778,0.008786497788315507,0.016689031345748048,0.9090908921828446,0.9556316636879538
p007,21,1.3,Q95,equal_kw_reduction,1,1.612487277003052,1.6085644830855081,-0.00392279391754391,0.012296076478856659,0.010334679520084697,0.01425747343762862,0.9090909071762219,0.9560495519805307
p007,21,1.3,Q95,flat_level,1,1.1849636607191736,1.1511589198748342,-0.033804740844339376,0.027746245422169684,0.010843875000000003,0.044648615844339365,0.9090909028703067,0.9542423557255032
p007,21,1.3,Q95,max_export_lp,1,1.6572322873433465,1.6572322870299736,-3.1337288319832624e-10,1.0481320003764708e-07,1.1153728097373916e-08,1.049698864323545e-07,0.9090909073236502,0.9562656113645409
p007,21,1.3,Q95,fairness_qp,1,1.5948810871865815,1.592128621514404,-0.002752465672177573,0.008127734766734564,0.006751501930645797,0.009503967602823332,0.9090909143313707,0.9560182273149745
p007,21,1.4,Q0,weighted_proportional,1,1.5070032969994482,1.4955812563095066,-0.011422040689941682,0.017356121029963974,0.011645100684993099,0.02306714137493485,0.9090909163356101,0.9571547084877554
p007,21,1.4,Q0,equal_kw_reduction,1,1.612487277003052,1.6062404863738597,-0.006246790629192311,0.016867919775658442,0.013744524461062342,0.019991315090254543,0.9090908990008518,0.9577058556387981
p007,21,1.4,Q0,flat_level,1,1.1849636607191736,1.1466226810481521,-0.03834097967102146,0.03119309490102022,0.0120226050655095,0.05036358473653094,0.9090908936587411,0.9553394437894401
p007,21,1.4,Q0,max_export_lp,1,1.6572322875094938,1.6572322879215757,4.120819241393292e-10,1.3945281660720154e-07,0.0,1.2217762018014357e-07,0.909090888420476,0.9580058056079356
p007,21,1.4,Q0,fairness_qp,1,1.5948810760742278,1.5909477800837808,-0.0039332959904470055,0.010636276121331677,0.008669628126108185,0.012602924116555168,0.909090911026732,0.9576735546780316
p007,21,1.4,Q95,weighted_proportional,1,1.5070032970001674,1.495581256306866,-0.011422040693301438,0.01735612103155419,0.011645100684903473,0.023067141378204908,0.9090909162064795,0.9556136450148566
p007,21,1.4,Q95,equal_kw_reduction,1,1.612487277003052,1.6062404863738597,-0.006246790629192311,0.016867919775658442,0.013744524461062342,0.019991315090254543,0.9090909032692056,0.9560358198406799
p007,21,1.4,Q95,flat_level,1,1.1849636607191736,1.1466226810481521,-0.03834097967102146,0.03119309490102022,0.0120226050655095,0.05036358473653094,0.9090908980228021,0.9542226788181799
p007,21,1.4,Q95,max_export_lp,1,1.6572322873433465,1.657232287384908,4.156142097144766e-11,3.2160955150211355e-08,1.302226382282612e-10,3.214017434485794e-08,0.9090909002213917,0.9562656118580821
p007,21,1.4,Q95,fairness_qp,1,1.5948810871865815,1.5909477778949386,-0.003933309291642928,0.010636287632251922,0.00866963298643049,0.012602942278073355,0.9090909015060901,0.9560109756316552
p007,21,1.5,Q0,weighted_proportional,1,1.5070032969994482,1.4916430688020708,-0.015360228197377479,0.022145308390379436,0.014465194291690627,0.02982542248906825,0.9090908893733245,0.9571294265418132
p007,21,1.5,Q0,equal_kw_reduction,1,1.612487277003052,1.603387976057946,-0.009099300945106137,0.02168579526754937,0.017136144794996346,0.026235445740102392,0.9090909116195239,0.957685780899697
p007,21,1.5,Q0,flat_level,1,1.1849636607191736,1.1466226810481521,-0.03834097967102146,0.03119309490102022,0.0120226050655095,0.05036358473653094,0.9090908936587411,0.9553394437894401
p007,21,1.5,Q0,max_export_lp,1,1.6572322875094938,1.657232287546591,3.7097214189429906e-11,1.3638953888701379e-08,0.0,1.2529506397901749e-08,0.9090909106947563,0.9580058049095179
p007,21,1.5,Q0,fairness_qp,1,1.5948810760742278,1.5897202168882738,-0.005160859185953992,0.012993642782963478,0.010413213185032202,0.015574072375940468,0.9090909187923975,0.9576643135827885
p007,21,1.5,Q95,weighted_proportional,1,1.5070032970001674,1.4916430688154039,-0.015360228184763569,0.02214530838446235,0.01446519429208052,0.029825422476844183,0.9090908998494139,0.9555942741401333
p007,21,1.5,Q95,equal_kw_reduction,1,1.612487277003052,1.603387976057946,-0.009099300945106137,0.02168579526754937,0.017136144794996346,0.026235445740102392,0.9090909018345813,0.9560204389458666
p007,21,1.5,Q95,flat_level,1,1.1849636607191736,1.1466226810481521,-0.03834097967102146,0.03119309490102022,0.0120226050655095,0.05036358473653094,0.9090908980228021,0.9542226788181799
p007,21,1.5,Q95,max_export_lp,1,1.6572322873433465,1.6572322870093874,-3.3395908261013574e-10,1.1325715294270176e-07,1.8034426008117777e-08,1.1342413242312888e-07,0.9090909222432434,0.9562656113298686
p007,21,1.5,Q95,fairness_qp,1,1.5948810871865815,1.5897202090098836,-0.005160878176697858,0.012993659939427079,0.010413220851078181,0.015574099027775977,0.9090909019433625,0.9560038942189056
p007,21,1.6,Q0,weighted_proportional,1,1.5070032969994482,1.487301741276253,-0.019701555723195208,0.027095755929859862,0.01724497806826222,0.03694653379145751,0.9090909019691065,0.9571024538227404
p007,21,1.6,Q0,equal_kw_reduction,1,1.612487277003052,1.6032629200268471,-0.00922435697620494,0.021883332729376568,0.017271154241274074,0.026495511217479062,0.9090909018856863,0.9576849339890292
p007,21,1.6,Q0,flat_level,1,1.1849636607191736,1.1466226810481521,-0.03834097967102146,0.03119309490102022,0.0120226050655095,0.05036358473653094,0.9090908936587411,0.9553394437894401
p007,21,1.6,Q0,max_export_lp,1,1.6572322875094938,1.6572322870897462,-4.1974757003515606e-10,1.4167712263194214e-07,1.6954738470825736e-08,1.4188699639240254e-07,0.9090908952160709,0.9580058041184791
p007,21,1.6,Q0,fairness_qp,1,1.5948810760742278,1.5884876024734322,-0.006393473600795563,0.01518120585436999,0.011984469048914224,0.018377942654767717,0.9090909005147081,0.9576554625245014
p007,21,1.6,Q95,weighted_proportional,1,1.5070032970001674,1.487301741281488,-0.019701555718679487,0.02709575592775639,0.017244978068416614,0.03694653378709617,0.9090908923484542,0.9555736076162036
p007,21,1.6,Q95,equal_kw_reduction,1,1.612487277003052,1.6032629200268471,-0.00922435697620494,0.021883332729376568,0.017271154241274074,0.026495511217479062,0.9090908920951944,0.9560197900331694
p007,21,1.6,Q95,flat_level,1,1.1849636607191736,1.1466226810481521,-0.03834097967102146,0.03119309490102022,0.0120226050655095,0.05036358473653094,0.9090908980228021,0.9542226788181799
p007,21,1.6,Q95,max_export_lp,1,1.6572322873433465,1.6572322870038483,-3.3949820732459557e-10,1.1495865973829575e-07,1.782943063674547e-08,1.151284088449396e-07,0.9090909073153203,0.9562656113557787
p007,21,1.6,Q95,fairness_qp,1,1.5948810871865815,1.588487592684426,-0.006393494502155539,0.015181223661810898,0.01198447641073315,0.018377970912888647,0.9090908977907054,0.9559971117392808
p007,21,1.7,Q0,weighted_proportional,1,1.5070032969994482,1.4071050000020808,-0.09989829699736741,0.06734707839651521,0.017397929897831444,0.117296226895199,0.9090909071570973,0.9567439621340759
p007,21,1.7,Q0,equal_kw_reduction,1,1.612487277003052,1.6032629200268471,-0.00922435697620494,0.021883332729376568,0.017271154241274074,0.026495511217479062,0.9090909018856863,0.9576849339890292
p007,21,1.7,Q0,flat_level,1,1.1849636607191736,1.1466226810481521,-0.03834097967102146,0.03119309490102022,0.0120226050655095,0.05036358473653094,0.9090908936587411,0.9553394437894401
p007,21,1.7,Q0,max_export_lp,1,1.6572322875094938,1.6572322870138676,-4.956262067423722e-10,1.6750375661961662e-07,2.088071727329721e-08,1.6775156963261956e-07,0.909090895070721,0.9580058039653085
p007,21,1.7,Q0,fairness_qp,1,1.5948810760742278,1.5872834680066106,-0.007597608067617223,0.017188304455158447,0.01338950042134985,0.020987108488967048,0.9090909010330422,0.9576471260115598
p007,21,1.7,Q95,weighted_proportional,1,1.5070032970001674,1.4071050000046792,-0.09989829699548824,0.06734707839556094,0.01739792989781675,0.11729622689330511,0.9090909162489839,0.9552989213266416
p007,21,1.7,Q95,equal_kw_reduction,1,1.612487277003052,1.6032629200268471,-0.00922435697620494,0.021883332729376568,0.017271154241274074,0.026495511217479062,0.9090908920951944,0.9560197900331694
p007,21,1.7,Q95,flat_level,1,1.1849636607191736,1.1466226810481521,-0.03834097967102146,0.03119309490102022,0.0120226050655095,0.05036358473653094,0.9090908980228021,0.9542226788181799
p007,21,1.7,Q95,max_export_lp,1,1.6572322873433465,1.657232287137436,-2.0591039984196868e-10,7.144565439878023e-08,1.1732878644338252e-08,7.154860952145181e-08,0.9090908923591199,0.956265611552171
p007,21,1.7,Q95,fairness_qp,1,1.5948810871865815,1.5872834563721674,-0.007597630814414114,0.017188322312269442,0.013389506905062389,0.020987137719476495,0.9090909120263836,0.9559907235604551
p007,21,1.74,Q0,weighted_proportional,1,1.5070032969994482,1.375865689657788,-0.13113760734166013,0.08296673356866155,0.017397929897831444,0.14853553723949164,0.9090908885839741,0.9566043989222575
p007,21,1.74,Q0,equal_kw_reduction,1,1.612487277003052,1.6032629200268471,-0.00922435697620494,0.021883332729376568,0.017271154241274074,0.026495511217479062,0.9090909018856863,0.9576849339890292
p007,21,1.74,Q0,flat_level,1,1.1849636607191736,1.1466226810481521,-0.03834097967102146,0.03119309490102022,0.0120226050655095,0.05036358473653094,0.9090908936587411,0.9553394437894401
p007,21,1.74,Q0,max_export_lp,1,1.6572322875094938,1.6572322877871635,2.776696650386157e-10,9.359775417628995e-08,0.0,8.316374085996087e-08,0.9090908958615312,0.9580058053504968
p007,21,1.74,Q0,fairness_qp,1,1.5948810760742278,1.5868157158857898,-0.008065360188437953,0.01793959298441302,0.013906912887945919,0.02197227307863198,0.9090909036303629,0.9576439554209113
p007,21,1.74,Q95,weighted_proportional,1,1.5070032970001674,1.3758656896559445,-0.13113760734422297,0.08296673356992826,0.01739792989781675,0.14853553724203977,0.909090907830096,0.9551919771379483
p007,21,1.74,Q95,equal_kw_reduction,1,1.612487277003052,1.6032629200268471,-0.00922435697620494,0.021883332729376568,0.017271154241274074,0.026495511217479062,0.9090908920951944,0.9560197900331694
p007,21,1.74,Q95,flat_level,1,1.1849636607191736,1.1466226810481521,-0.03834097967102146,0.03119309490102022,0.0120226050655095,0.05036358473653094,0.9090908980228021,0.9542226788181799
p007,21,1.74,Q95,max_export_lp,1,1.6572322873433465,1.657232287206707,-1.3663958853271652e-10,5.0944409760763764e-08,8.689455988086792e-09,5.1012729465962914e-08,0.9090909075769679,0.956265611631004
p007,21,1.74,Q95,fairness_qp,1,1.5948810871865815,1.586815701261448,-0.008065385925133395,0.017939616082463593,0.013906923119896941,0.02197230904503025,0.9090909064539096,0.955988293947603
p007,21,1.8,Q0,weighted_proportional,1,1.5070032969994482,1.3316100000035904,-0.17539329699585782,0.10509457839576035,0.017397929897831444,0.19279122689368924,0.9090909101259348,0.9564066058123986
p007,21,1.8,Q0,equal_kw_reduction,1,1.612487277003052,1.6032629200268471,-0.00922435697620494,0.021883332729376568,0.017271154241274074,0.026495511217479062,0.9090909018856863,0.9576849339890292
p007,21,1.8,Q0,flat_level,1,1.1849636607191736,1.1466226810481521,-0.03834097967102146,0.03119309490102022,0.0120226050655095,0.05036358473653094,0.9090908936587411,0.9553394437894401
p007,21,1.8,Q0,max_export_lp,1,1.6572322875094938,1.6572322873280416,-1.8145218660947648e-10,6.145345444032255e-08,7.651493286187083e-09,6.15441804704183e-08,0.9090909104561725,0.9580058045075983
p007,21,1.8,Q0,fairness_qp,1,1.5948810760742278,1.5861330768707869,-0.008747999203440937,0.01901132848389441,0.01463732887832355,0.023385328085614825,0.9090908973268422,0.9576393873192661
p007,21,1.8,Q95,weighted_proportional,1,1.5070032970001674,1.3316100000240652,-0.1753932969761023,0.10509457838586789,0.01739792989781675,0.19279122687391903,0.9090909131995407,0.955040406070594
p007,21,1.8,Q95,equal_kw_reduction,1,1.612487277003052,1.6032629200268471,-0.00922435697620494,0.021883332729376568,0.017271154241274074,0.026495511217479062,0.9090908920951944,0.9560197900331694
p007,21,1.8,Q95,flat_level,1,1.1849636607191736,1.1466226810481521,-0.03834097967102146,0.03119309490102022,0.0120226050655095,0.05036358473653094,0.9090908980228021,0.9542226788181799
p007,21,1.8,Q95,max_export_lp,1,1.6572322873433465,1.6572322869971883,-3.4615821320471696e-10,1.1618505712629023e-07,1.3493010313225806e-08,1.1635813616578047e-07,0.9090908922772869,0.9562656113659778
p007,21,1.8,Q95,fairness_qp,1,1.5948810871865815,1.586133058475669,-0.008748028710912514,0.019011354484564435,0.014637340129108223,0.023385368840020643,0.9090908978152942,0.9559847933684937
p007,21,1.9,Q0,weighted_proportional,1,1.5070032969994482,1.264061842110812,-0.24294145488863617,0.1388686573421496,0.017397929897831444,0.26033938478646773,0.9090909046389462,0.9561045335582047
p007,21,1.9,Q0,equal_kw_reduction,1,1.612487277003052,1.6032629200268471,-0.00922435697620494,0.021883332729376568,0.017271154241274074,0.026495511217479062,0.9090909018856863,0.9576849339890292
p007,21,1.9,Q0,flat_level,1,1.1849636607191736,1.1466226810481521,-0.03834097967102146,0.03119309490102022,0.0120226050655095,0.05036358473653094,0.9090908936587411,0.9553394437894401
p007,21,1.9,Q0,max_export_lp,1,1.6572322875094938,1.657232287043093,-4.664006958421396e-10,1.5751102397804908e-07,1.9752280040752357e-08,1.5774422428742677e-07,0.9090909102465509,0.958005803985701
p007,21,1.9,Q0,fairness_qp,1,1.5948810760742278,1.5850540514066043,-0.00982702466762353,0.020652413334419223,0.015738901000607486,0.025565925668230963,0.9090908997777887,0.9576322933247777
p007,21,1.9,Q95,weighted_proportional,1,1.5070032970001674,1.2640618421223913,-0.2429414548777762,0.1388686573367049,0.01739792989781675,0.26033938477559304,0.9090908968619751,0.9548089095743203
p007,21,1.9,Q95,equal_kw_reduction,1,1.612487277003052,1.6032629200268471,-0.00922435697620494,0.021883332729376568,0.017271154241274074,0.026495511217479062,0.9090908920951944,0.9560197900331694
p007,21,1.9,Q95,flat_level,1,1.1849636607191736,1.1466226810481521,-0.03834097967102146,0.03119309490102022,0.0120226050655095,0.05036358473653094,0.9090908980228021,0.9542226788181799
p007,21,1.9,Q95,max_export_lp,1,1.6572322873433465,1.6572322872300882,-1.1325829163411072e-10,4.126569114919817e-08,3.0256688474117333e-09,4.132232029815941e-08,0.9090909075807279,0.9562656116349589
p007,21,1.9,Q95,fairness_qp,1,1.5948810871865815,1.5850540189092328,-0.009827068277348694,0.02065244929203373,0.01573891515335936,0.025565983430708098,0.90909089846421,0.9559793571243177
p007,21,2.0,Q0,weighted_proportional,1,1.5070032969994482,1.203268500002764,-0.30373479699668415,0.16926532839617356,0.017397929897831444,0.32113272689451566,0.9090908997868642,0.9558324848253275
p007,21,2.0,Q0,equal_kw_reduction,1,1.612487277003052,1.6032629200268471,-0.00922435697620494,0.021883332729376568,0.017271154241274074,0.026495511217479062,0.9090909018856863,0.9576849339890292
p007,21,2.0,Q0,flat_level,1,1.1849636607191736,1.1466226810481521,-0.03834097967102146,0.03119309490102022,0.0120226050655095,0.05036358473653094,0.9090908936587411,0.9553394437894401
p007,21,2.0,Q0,max_export_lp,1,1.6572322875094938,1.657232286992417,-5.170768258011549e-10,1.767461577861719e-07,2.6535338169819678e-08,1.7700469616063752e-07,0.9090908950868762,0.9580058039321668
p007,21,2.0,Q0,fairness_qp,1,1.5948810760742278,1.5840573953519195,-0.010823680722308326,0.022118054892562636,0.016706214531408428,0.02752989525371684,0.9090909021046294,0.9576258609983046
p007,21,2.0,Q95,weighted_proportional,1,1.5070032970001674,1.2032685000138674,-0.3037347969863,0.16926532839096675,0.01739792989781675,0.32113272688411676,0.9090908982237019,0.9546004063569883
p007,21,2.0,Q95,equal_kw_reduction,1,1.612487277003052,1.6032629200268471,-0.00922435697620494,0.021883332729376568,0.017271154241274074,0.026495511217479062,0.9090908920951944,0.9560197900331694
p007,21,2.0,Q95,flat_level,1,1.1849636607191736,1.1466226810481521,-0.03834097967102146,0.03119309490102022,0.0120226050655095,0.05036358473653094,0.9090908980228021,0.9542226788181799
p007,21,2.0,Q95,max_export_lp,1,1.6572322873433465,1.6572322870724596,-2.7088686849197074e-10,9.100897808115996e-08,9.459456853239123e-09,9.114442144205967e-08,0.9090909073923332,0.9562656114367881
p007,21,2.0,Q95,fairness_qp,1,1.5948810871865815,1.5840573805861973,-0.01082370660038423,0.022118076431798275,0.016706223131604712,0.02752992973199042,0.9090908942805612,0.9559744285247102
p008,23,1.0,Q0,weighted_proportional,1,1.5070032969994482,1.5070032969994482,0.0,0.0,0.0,0.0,0.9090908986590723,0.9572374939891118
p008,23,1.0,Q0,equal_kw_reduction,1,1.612487277003052,1.612487277003052,0.0,0.0,0.0,0.0,0.9090909085411034,0.9577651340631068
p008,23,1.0,Q0,flat_level,1,1.1849636607191736,1.1849636607191736,0.0,0.0,0.0,0.0,0.9090908983503695,0.955563065083861
p008,23,1.0,Q0,max_export_lp,1,1.6572322875094938,1.6572322875094938,0.0,0.0,0.0,0.0,0.9090908879931944,0.9580058048566669
p008,23,1.0,Q0,fairness_qp,1,1.5948810760742278,1.5948810760742278,0.0,0.0,0.0,0.0,0.9090908901901453,0.9577105026709762
p008,23,1.0,Q95,weighted_proportional,1,1.5070032970001674,1.5070032970001674,0.0,0.0,0.0,0.0,0.9090908975310804,0.9556770734851585
p008,23,1.0,Q95,equal_kw_reduction,1,1.612487277003052,1.612487277003052,0.0,0.0,0.0,0.0,0.9090908917775226,0.9560812375763708
p008,23,1.0,Q95,flat_level,1,1.1849636607191736,1.1849636607191736,0.0,0.0,0.0,0.0,0.9090909069966064,0.9543941331679278
p008,23,1.0,Q95,max_export_lp,1,1.6572322873433465,1.6572322873433465,0.0,0.0,0.0,0.0,0.9090909076611658,0.956265611819685
p008,23,1.0,Q95,fairness_qp,1,1.5948810871865815,1.5948810871865815,0.0,0.0,0.0,0.0,0.9090909102228547,0.9560392884682518
p008,23,1.1,Q0,weighted_proportional,1,1.5070032969994482,1.5048253003940324,-0.002177996605415844,0.004050755469746108,0.002961757167038146,0.005139753772454071,0.9090909101553699,0.9572196869526992
p008,23,1.1,Q0,equal_kw_reduction,1,1.612487277003052,1.6116777619129175,-0.0008095150901346049,0.0038668259902350783,0.0034620684451677833,0.004271583535302373,0.9090909086530505,0.9577533791166225
p008,23,1.1,Q0,flat_level,1,1.1849636607191736,1.1752862777655144,-0.009677382953659164,0.00845331647682954,0.0036146250000000033,0.013292007953659077,0.9090909085169846,0.9555048157541413
p008,23,1.1,Q0,max_export_lp,1,1.6572322875094938,1.6572322872259497,-2.835440771065123e-10,9.597489398257674e-08,8.187276721166592e-09,9.61166659954344e-08,0.9090908953085437,0.9580058043413427
p008,23,1.1,Q0,fairness_qp,1,1.5948810760742278,1.5941500833374627,-0.0007309927367651348,0.0027720914268931697,0.0024065950585105585,0.003137587795275781,0.9090908983735148,0.9577017464735702
p008,23,1.1,Q95,weighted_proportional,1,1.5070032970001674,1.5048253003923902,-0.0021779966077772883,0.004050755470875264,0.0029617571669866213,0.005139753774763905,0.9090909017232435,0.9556634298046606
p008,23,1.1,Q95,equal_kw_reduction,1,1.612487277003052,1.6116777619129175,-0.0008095150901346049,0.0038668259902350783,0.0034620684451677833,0.004271583535302373,0.9090908990181938,0.9560722306389497
p008,23,1.1,Q95,flat_level,1,1.1849636607191736,1.1752862777655144,-0.009677382953659164,0.00845331647682954,0.0036146250000000033,0.013292007953659077,0.9090908957220045,0.9543494724384094
p008,23,1.1,Q95,max_export_lp,1,1.6572322873433465,1.6572322872116696,-1.3167689161264207e-10,4.5975272413287856e-08,1.921094235080023e-09,4.604111082662232e-08,0.909090890577464,0.9562656116752348
p008,23,1.1,Q95,fairness_qp,1,1.5948810871865815,1.5941500957008328,-0.0007309914857487332,0.002772089514613849,0.002406593771721501,0.003137585257488239,0.9090909006648673,0.9560325783992756
p008,23,1.2,Q0,weighted_proportional,1,1.5070032969994482,1.5021867732944234,-0.004816523705024833,0.008299606837588956,0.005891344985076517,0.010707868690101395,0.909090908931726,0.9571999118769439
p008,23,1.2,Q0,equal_kw_reduction,1,1.612487277003052,1.610373210771992,-0.002114066231060141,0.007964099797217697,0.006907066681687578,0.009021132912747818,0.9090909093569507,0.9577396091144891
p008,23,1.2,Q0,flat_level,1,1.1849636607191736,1.1640520224119129,-0.020911638307260727,0.017685069153630304,0.0072292499999999996,0.02814088830726061,0.9090909054650725,0.9554389990795177
p008,23,1.2,Q0,max_export_lp,1,1.6572322875094938,1.6572322871095928,-3.9990100120235184e-10,1.352685065734321e-07,1.211172896350976e-08,1.3546845701283006e-07,0.9090908951421636,0.9580058041660104
p008,23,1.2,Q0,fairness_qp,1,1.5948810760742278,1.5932139645372485,-0.0016671115369792933,0.005494839090668179,0.004661283317206801,0.00632839485915784,0.9090908995000454,0.9576924991387864
p008,23,1.2,Q95,weighted_proportional,1,1.5070032970001674,1.5021867732945184,-0.004816523705649001,0.00829960683788862,0.005891344985064141,0.0107078686907131,0.9090908925950373,0.9556482781721045
p008,23,1.2,Q95,equal_kw_reduction,1,1.612487277003052,1.610373210771992,-0.002114066231060141,0.007964099797217697,0.006907066681687578,0.009021132912747818,0.9090909022944649,0.9560616797346682
p008,23,1.2,Q95,flat_level,1,1.1849636607191736,1.1640520224119129,-0.020911638307260727,0.017685069153630304,0.0072292499999999996,0.02814088830726061,0.9090909038751666,0.9542990092435073
p008,23,1.2,Q95,max_export_lp,1,1.6572322873433465,1.657232287172364,-1.7098256144265633e-10,5.808716825865968e-08,2.7191061520437376e-09,5.817265944993433e-08,0.9090908923947585,0.9562656115896588
p008,23,1.2,Q95,fairness_qp,1,1.5948810871865815,1.593213965894244,-0.0016671212923375922,0.005494843617465172,0.004661282971296376,0.006328404263633968,0.9090909113481177,0.9560254919010109
p008,23,1.3,Q0,weighted_proportional,1,1.5070032969994482,1.4991007634440767,-0.007902533555371516,0.012737764566051388,0.00878649778836563,0.016689031343737146,0.9090908996601254,0.957178232973312
p008,23,1.3,Q0,equal_kw_reduction,1,1.612487277003052,1.6085644830855081,-0.00392279391754391,0.012296076478856659,0.010334679520084697,0.01425747343762862,0.9090909053498903,0.9577237866965803
p008,23,1.3,Q0,flat_level,1,1.1849636607191736,1.1511589198748342,-0.033804740844339376,0.027746245422169684,0.010843875000000003,0.044648615844339365,0.9090909022660821,0.9553651163225072
p008,23,1.3,Q0,max_export_lp,1,1.6572322875094938,1.6572322887457973,1.2363035040152681e-09,4.186605833446117e-07,0.0,3.801786009724646e-07,0.9090908967274384,0.9580058070907363
p008,23,1.3,Q0,fairness_qp,1,1.5948810760742278,1.5921286003414852,-0.002752475732742621,0.008127711132414464,0.006751473262855568,0.00950394899878577,0.9090909083598996,0.9576830236555653
p008,23,1.3,Q95,weighted_proportional,1,1.5070032970001674,1.4991007634427211,-0.0079025335574463,0.012737764567038309,0.008786497788315147,0.01668903134576147,0.9090909015917344,0.9556316676816832
p008,23,1.3,Q95,equal_kw_reduction,1,1.612487277003052,1.6085644830855081,-0.00392279391754391,0.012296076478856659,0.010334679520084697,0.01425747343762862,0.9090908934903918,0.9560495563179822
p008,23,1.3,Q95,flat_level,1,1.1849636607191736,1.1511589198748342,-0.033804740844339376,0.027746245422169684,0.010843875000000003,0.044648615844339365,0.9090909043738276,0.9542423609364599
p008,23,1.3,Q95,max_export_lp,1,1.6572322873433465,1.6572322870752896,-2.680569100022012e-10,9.005411165066051e-08,6.795335929371538e-09,9.018814006202247e-08,0.9090909072859708,0.95626561142502
p008,23,1.3,Q95,fairness_qp,1,1.5948810871865815,1.5921285984167741,-0.002752488769807382,0.00812772342741429,0.0067514790425105935,0.009503967812317984,0.9090909077566317,0.9560182303660848
p008,23,1.4,Q0,weighted_proportional,1,1.5070032969994482,1.4955812563095177,-0.01142204068993058,0.017356121029958715,0.011645100684993418,0.023067141374924015,0.9090908965139016,0.9571547181262239
p008,23,1.4,Q0,equal_kw_reduction,1,1.612487277003052,1.6062404863738597,-0.006246790629192311,0.016867919775658442,0.013744524461062342,0.019991315090254543,0.9090909022396182,0.9577058664948139
p008,23,1.4,Q0,flat_level,1,1.1849636607191736,1.1466226810481521,-0.03834097967102146,0.03119309490102022,0.0120226050655095,0.05036358473653094,0.9090909116490856,0.95533945378197
p008,23,1.4,Q0,max_export_lp,1,1.6572322875094938,1.6572322881887955,6.793017259809631e-10,2.2994848847902915e-07,0.0,2.085320096979282e-07,0.9090908886819784,0.958005806084173
p008,23,1.4,Q0,fairness_qp,1,1.5948810760742278,1.5909477643162757,-0.003933311757952085,0.010636242646286568,0.00866958676220923,0.012602898525262599,0.9090909131057744,0.9576735618555401
p008,23,1.4,Q95,weighted_proportional,1,1.5070032970001674,1.49558125630689,-0.011422040693277458,0.01735612103154293,0.011645100684904153,0.023067141378181704,0.9090909102052418,0.9556136503181796
p008,23,1.4,Q95,equal_kw_reduction,1,1.612487277003052,1.6062404863738597,-0.006246790629192311,0.016867919775658442,0.013744524461062342,0.019991315090254543,0.9090909125265842,0.9560358255135342
p008,23,1.4,Q95,flat_level,1,1.1849636607191736,1.1466226810481521,-0.03834097967102146,0.03119309490102022,0.0120226050655095,0.05036358473653094,0.9090909147452266,0.9542226845721924
p008,23,1.4,Q95,max_export_lp,1,1.6572322873433465,1.6572322894759448,2.132598320159218e-09,7.254768157964045e-07,0.0,6.630625358958718e-07,0.9090909175822106,0.9562656146916574
p008,23,1.4,Q95,fairness_qp,1,1.5948810871865815,1.5909477584755733,-0.003933328711008155,0.010636253450495715,0.008669589094991586,0.012602917805999845,0.9090908951567579,0.9560109795700763
p008,23,1.5,Q0,weighted_proportional,1,1.5070032969994482,1.4916430688020919,-0.015360228197356385,0.022145308390369507,0.01446519429169128,0.029825422489047737,0.9090909154610981,0.9571294384426153
p008,23,1.5,Q0,equal_kw_reduction,1,1.612487277003052,1.603387976057946,-0.009099300945106137,0.02168579526754937,0.017136144794996346,0.026235445740102392,0.909090892971949,0.9576857944916153
p008,23,1.5,Q0,flat_level,1,1.1849636607191736,1.1466226810481521,-0.03834097967102146,0.03119309490102022,0.0120226050655095,0.05036358473653094,0.9090909116490856,0.95533945378197
p008,23,1.5,Q0,max_export_lp,1,1.6572322875094938,1.6572322872920566,-2.174371793728369e-10,7.349655391274482e-08,6.753266126868773e-09,7.360527245429266e-08,0.9090909104329455,0.9580058044580387
p008,23,1.5,Q0,fairness_qp,1,1.5948810760742278,1.5897202111318098,-0.005160864942417964,0.01299358488053561,0.010413152404998762,0.01557401735174453,0.9090908987422591,0.95766432231333
p008,23,1.5,Q95,weighted_proportional,1,1.5070032970001674,1.4916430688153304,-0.015360228184837066,0.02214530838449682,0.014465194292078286,0.02982542247691535,0.9090908942658648,0.9555942807317476
p008,23,1.5,Q95,equal_kw_reduction,1,1.612487277003052,1.603387976057946,-0.009099300945106137,0.02168579526754937,0.017136144794996346,0.026235445740102392,0.909090896327494,0.956020446020973
p008,23,1.5,Q95,flat_level,1,1.1849636607191736,1.1466226810481521,-0.03834097967102146,0.03119309490102022,0.0120226050655095,0.05036358473653094,0.9090909147452266,0.9542226845721924
p008,23,1.5,Q95,max_export_lp,1,1.6572322873433465,1.657232288277506,9.341594164880007e-10,3.210808438601021e-07,0.0,2.95987503616188e-07,0.9090909086612613,0.9562656130719048
p008,23,1.5,Q95,fairness_qp,1,1.5948810871865815,1.589720202926878,-0.005160884259703513,0.012993599089649139,0.010413156959797398,0.01557404121950088,0.9090909032834842,0.956003899029463
p008,23,1.6,Q0,weighted_proportional,1,1.5070032969994482,1.487301741276169,-0.01970155572327914,0.027095755929899122,0.0172449780682595,0.03694653379153875,0.9090908910484652,0.9571024680683757
p008,23,1.6,Q0,equal_kw_reduction,1,1.612487277003052,1.6032629200268471,-0.00922435697620494,0.021883332729376568,0.017271154241274074,0.026495511217479062,0.909090898314002,0.9576849476711334
p008,23,1.6,Q0,flat_level,1,1.1849636607191736,1.1466226810481521,-0.03834097967102146,0.03119309490102022,0.0120226050655095,0.05036358473653094,0.9090909116490856,0.95533945378197
p008,23,1.6,Q0,max_export_lp,1,1.6572322875094938,1.6572322870085034,-5.009903603081511e-10,1.6925917497131104e-07,1.4998150509731856e-08,1.695096700526401e-07,0.9090909025954671,0.9580058039716446
p008,23,1.6,Q0,fairness_qp,1,1.5948810760742278,1.588487614539353,-0.006393461534874856,0.015181114912427516,0.011984384140014879,0.018377845679864883,0.9090909035721823,0.9576554726370755
p008,23,1.6,Q95,weighted_proportional,1,1.5070032970001674,1.4873017412814271,-0.019701555718740327,0.02709575592778488,0.017244978068414706,0.03694653378715505,0.9090909063773778,0.9555736154294716
p008,23,1.6,Q95,equal_kw_reduction,1,1.612487277003052,1.6032629200268471,-0.00922435697620494,0.021883332729376568,0.017271154241274074,0.026495511217479062,0.909090894229225,0.9560197971794326
p008,23,1.6,Q95,flat_level,1,1.1849636607191736,1.1466226810481521,-0.03834097967102146,0.03119309490102022,0.0120226050655095,0.05036358473653094,0.9090909147452266,0.9542226845721924
p008,23,1.6,Q95,max_export_lp,1,1.6572322873433465,1.6572322870507439,-2.926026088090339e-10,9.982656986440687e-08,1.2259786592166977e-08,9.997287113124378e-08,0.9090909072782931,0.9562656114169441
p008,23,1.6,Q95,fairness_qp,1,1.5948810871865815,1.5884876052107968,-0.0063934819757847094,0.015181132585042494,0.011984391597150177,0.01837787357293481,0.9090909144957483,0.9559971173788618
p008,23,1.7,Q0,weighted_proportional,1,1.5070032969994482,1.4071050000021035,-0.09989829699734476,0.06734707839650379,0.017397929897831444,0.11729622689517613,0.9090908968450161,0.9567439784852082
p008,23,1.7,Q0,equal_kw_reduction,1,1.612487277003052,1.6032629200268471,-0.00922435697620494,0.021883332729376568,0.017271154241274074,0.026495511217479062,0.909090898314002,0.9576849476711334
p008,23,1.7,Q0,flat_level,1,1.1849636607191736,1.1466226810481521,-0.03834097967102146,0.03119309490102022,0.0120226050655095,0.05036358473653094,0.9090909116490856,0.95533945378197
p008,23,1.7,Q0,max_export_lp,1,1.6572322875094938,1.6572322872499206,-2.5957325178183055e-10,8.765937734315967e-08,7.65548344508482e-09,8.778916392210463e-08,0.9090908877661621,0.9580058044167543
p008,23,1.7,Q0,fairness_qp,1,1.5948810760742278,1.5872835028618788,-0.007597573212348996,0.017188175838888098,0.013389389227747964,0.02098696244506262,0.9090908969015995,0.9576471374740319
p008,23,1.7,Q95,weighted_proportional,1,1.5070032970001674,1.4071050000047793,-0.0998982969953881,0.0673470783955108,0.01739792989781675,0.11729622689320485,0.9090908964334579,0.9552989306867425
p008,23,1.7,Q95,equal_kw_reduction,1,1.612487277003052,1.6032629200268471,-0.00922435697620494,0.021883332729376568,0.017271154241274074,0.026495511217479062,0.909090894229225,0.9560197971794326
p008,23,1.7,Q95,flat_level,1,1.1849636607191736,1.1466226810481521,-0.03834097967102146,0.03119309490102022,0.0120226050655095,0.05036358473653094,0.9090909147452266,0.9542226845721924
p008,23,1.7,Q95,max_export_lp,1,1.6572322873433465,1.6572322870401572,-3.031892514826495e-10,1.0178991392232207e-07,7.688478343564897e-09,1.0194150848463757e-07,0.9090908997943458,0.9562656114088758
p008,23,1.7,Q95,fairness_qp,1,1.5948810871865815,1.5872834927131787,-0.007597594473402802,0.017188194066863904,0.013389396830162503,0.0209869913035653,0.9090908991582846,0.9559907299586651
p008,23,1.74,Q0,weighted_proportional,1,1.5070032969994482,1.3758656896577786,-0.13113760734166968,0.0829667335686663,0.017397929897831444,0.14853553723950114,0.9090909010740248,0.9566044160223148
p008,23,1.74,Q0,equal_kw_reduction,1,1.612487277003052,1.6032629200268471,-0.00922435697620494,0.021883332729376568,0.017271154241274074,0.026495511217479062,0.909090898314002,0.9576849476711334
p008,23,1.74,Q0,flat_level,1,1.1849636607191736,1.1466226810481521,-0.03834097967102146,0.03119309490102022,0.0120226050655095,0.05036358473653094,0.9090909116490856,0.95533945378197
p008,23,1.74,Q0,max_export_lp,1,1.6572322875094938,1.6572322871339427,-3.7555114573706305e-10,1.269755433479583e-07,1.1305297510644241e-08,1.2716331884623372e-07,0.9090909177654732,0.9580058041614813
p008,23,1.74,Q0,fairness_qp,1,1.5948810760742278,1.5868157606861113,-0.0080653153881165,0.0179394525960005,0.013906794898992113,0.02197211029005877,0.9090908921495984,0.957643967387776
p008,23,1.74,Q95,weighted_proportional,1,1.5070032970001674,1.3758656896562165,-0.13113760734395097,0.08296673356979231,0.01739792989781675,0.14853553724176788,0.9090908936114062,0.9551919870887371
p008,23,1.74,Q95,equal_kw_reduction,1,1.612487277003052,1.6032629200268471,-0.00922435697620494,0.021883332729376568,0.017271154241274074,0.026495511217479062,0.909090894229225,0.9560197971794326
p008,23,1.74,Q95,flat_level,1,1.1849636607191736,1.1466226810481521,-0.03834097967102146,0.03119309490102022,0.0120226050655095,0.05036358473653094,0.9090909147452266,0.9542226845721924
p008,23,1.74,Q95,max_export_lp,1,1.6572322873433465,1.6572322873382663,-5.080158516079791e-12,2.3149224667490427e-08,0.0,2.1527366875218057e-08,0.9090908925281631,0.9562656118301
p008,23,1.74,Q95,fairness_qp,1,1.5948810871865815,1.5868157488619963,-0.008065338324585225,0.0179394706114807,0.01390680144918809,0.021972139773773304,0.909090916179042,0.9559883006114729
p008,23,1.8,Q0,weighted_proportional,1,1.5070032969994482,1.3316100000036437,-0.17539329699580453,0.10509457839573368,0.017397929897831444,0.19279122689363593,0.9090909004177455,0.9564066240868834
p008,23,1.8,Q0,equal_kw_reduction,1,1.612487277003052,1.6032629200268471,-0.00922435697620494,0.021883332729376568,0.017271154241274074,0.026495511217479062,0.909090898314002,0.9576849476711334
p008,23,1.8,Q0,flat_level,1,1.1849636607191736,1.1466226810481521,-0.03834097967102146,0.03119309490102022,0.0120226050655095,0.05036358473653094,0.9090909116490856,0.95533945378197
p008,23,1.8,Q0,max_export_lp,1,1.6572322875094938,1.6572322872309253,-2.785685015993522e-10,9.407752128855846e-08,8.028427714301678e-09,9.421680543283528e-08,0.9090909103079468,0.958005804351397
p008,23,1.8,Q0,fairness_qp,1,1.5948810760742278,1.586133139315644,-0.008747936758583874,0.019011160987006007,0.014637192603476328,0.02338512936629791,0.9090909011985436,0.9576393999431743
p008,23,1.8,Q95,weighted_proportional,1,1.5070032970001674,1.3316100000223583,-0.17539329697780914,0.10509457838672136,0.01739792989781675,0.19279122687562594,0.9090909087648735,0.9550404168581056
p008,23,1.8,Q95,equal_kw_reduction,1,1.612487277003052,1.6032629200268471,-0.00922435697620494,0.021883332729376568,0.017271154241274074,0.026495511217479062,0.909090894229225,0.9560197971794326
p008,23,1.8,Q95,flat_level,1,1.1849636607191736,1.1466226810481521,-0.03834097967102146,0.03119309490102022,0.0120226050655095,0.05036358473653094,0.9090909147452266,0.9542226845721924
p008,23,1.8,Q95,max_export_lp,1,1.6572322873433465,1.6572322873948617,5.1515236521026964e-11,3.050792855721716e-08,0.0,2.663355982285287e-08,0.9090909076355134,0.9562656118928147
p008,23,1.8,Q95,fairness_qp,1,1.5948810871865815,1.586133123832421,-0.008747963354160504,0.01901118278780939,0.014637201110729175,0.0233851644648896,0.9090908912931324,0.9559848005081659
p008,23,1.9,Q0,weighted_proportional,1,1.5070032969994482,1.2640618421110073,-0.242941454888441,0.13886865734205192,0.017397929897831444,0.2603393847862724,0.909090895459823,0.9561045537135715
p008,23,1.9,Q0,equal_kw_reduction,1,1.612487277003052,1.6032629200268471,-0.00922435697620494,0.021883332729376568,0.017271154241274074,0.026495511217479062,0.909090898314002,0.9576849476711334
p008,23,1.9,Q0,flat_level,1,1.1849636607191736,1.1466226810481521,-0.03834097967102146,0.03119309490102022,0.0120226050655095,0.05036358473653094,0.9090909116490856,0.95533945378197
p008,23,1.9,Q0,max_export_lp,1,1.6572322875094938,1.657232287048872,-4.6062176295436075e-10,1.5570073979702696e-07,1.3854859499257133e-08,1.5593105062066195e-07,0.9090909026240561,0.9580058040268551
p008,23,1.9,Q0,fairness_qp,1,1.5948810760742278,1.5850541420653068,-0.009826934008920984,0.020652206988582788,0.015738739984122358,0.02556567399304322,0.9090909039667907,0.9576323070345311
p008,23,1.9,Q95,weighted_proportional,1,1.5070032970001674,1.2640618421222163,-0.24294145487795116,0.1388686573367924,0.01739792989781675,0.260339384775768,0.9090908948096803,0.95480892175816
p008,23,1.9,Q95,equal_kw_reduction,1,1.612487277003052,1.6032629200268471,-0.00922435697620494,0.021883332729376568,0.017271154241274074,0.026495511217479062,0.909090894229225,0.9560197971794326
p008,23,1.9,Q95,flat_level,1,1.1849636607191736,1.1466226810481521,-0.03834097967102146,0.03119309490102022,0.0120226050655095,0.05036358473653094,0.9090909147452266,0.9542226845721924
p008,23,1.9,Q95,max_export_lp,1,1.6572322873433465,1.6572322870586371,-2.8470936719315887e-10,9.534516258918923e-08,6.4964016457946805e-09,9.54875172373866e-08,0.9090909149314335,0.9562656114027571
p008,23,1.9,Q95,fairness_qp,1,1.5948810871865815,1.5850541116118122,-0.009826975574769303,0.020652241337402417,0.015738753550017744,0.02556572912478709,0.909090900912038,0.955979364899984
p008,23,2.0,Q0,weighted_proportional,1,1.5070032969994482,1.2032685000028958,-0.3037347969965525,0.16926532839610767,0.017397929897831444,0.3211327268943839,0.9090908911945679,0.9558325066344979
p008,23,2.0,Q0,equal_kw_reduction,1,1.612487277003052,1.6032629200268471,-0.00922435697620494,0.021883332729376568,0.017271154241274074,0.026495511217479062,0.909090898314002,0.9576849476711334
p008,23,2.0,Q0,flat_level,1,1.1849636607191736,1.1466226810481521,-0.03834097967102146,0.03119309490102022,0.0120226050655095,0.05036358473653094,0.9090909116490856,0.95533945378197
p008,23,2.0,Q0,max_export_lp,1,1.6572322875094938,1.6572322873528122,-1.5668155661785477e-10,5.318997954540869e-08,4.622189232056373e-09,5.326832029422732e-08,0.9090909029693108,0.9580058045662683
p008,23,2.0,Q0,fairness_qp,1,1.5948810760742278,1.5840575207763354,-0.010823555297892362,0.0221178016045504,0.016706023955604218,0.027529579253496576,0.9090909066807416,0.9576258757421328
p008,23,2.0,Q95,weighted_proportional,1,1.5070032970001674,1.2032685000137133,-0.3037347969864541,0.16926532839104386,0.01739792989781675,0.32113272688427097,0.9090909021295691,0.9546004198735258
p008,23,2.0,Q95,equal_kw_reduction,1,1.612487277003052,1.6032629200268471,-0.00922435697620494,0.021883332729376568,0.017271154241274074,0.026495511217479062,0.909090894229225,0.9560197971794326
p008,23,2.0,Q95,flat_level,1,1.1849636607191736,1.1466226810481521,-0.03834097967102146,0.03119309490102022,0.0120226050655095,0.05036358473653094,0.9090909147452266,0.9542226845721924
p008,23,2.0,Q95,max_export_lp,1,1.6572322873433465,1.6572322873827725,3.9426018005883634e-11,2.7716096419295403e-08,0.0,2.4387417370264064e-08,0.9090909228111669,0.9562656118271493
p008,23,2.0,Q95,fairness_qp,1,1.5948810871865815,1.5840575086555408,-0.010823578531040656,0.022117819726891936,0.016706030461371413,0.027529608992412264,0.909090896959865,0.955974436893804
p009,26,1.0,Q0,weighted_proportional,1,1.5070032969994482,1.5070032969994482,0.0,0.0,0.0,0.0,0.9090908986590723,0.9572374939891118
p009,26,1.0,Q0,equal_kw_reduction,1,1.612487277003052,1.612487277003052,0.0,0.0,0.0,0.0,0.9090909085411034,0.9577651340631068
p009,26,1.0,Q0,flat_level,1,1.1849636607191736,1.1849636607191736,0.0,0.0,0.0,0.0,0.9090908983503695,0.955563065083861
p009,26,1.0,Q0,max_export_lp,1,1.6572322875094938,1.6572322875094938,0.0,0.0,0.0,0.0,0.9090908879931944,0.9580058048566669
p009,26,1.0,Q0,fairness_qp,1,1.5948810760742278,1.5948810760742278,0.0,0.0,0.0,0.0,0.9090908901901453,0.9577105026709762
p009,26,1.0,Q95,weighted_proportional,1,1.5070032970001674,1.5070032970001674,0.0,0.0,0.0,0.0,0.9090908975310804,0.9556770734851585
p009,26,1.0,Q95,equal_kw_reduction,1,1.612487277003052,1.612487277003052,0.0,0.0,0.0,0.0,0.9090908917775226,0.9560812375763708
p009,26,1.0,Q95,flat_level,1,1.1849636607191736,1.1849636607191736,0.0,0.0,0.0,0.0,0.9090909069966064,0.9543941331679278
p009,26,1.0,Q95,max_export_lp,1,1.6572322873433465,1.6572322873433465,0.0,0.0,0.0,0.0,0.9090909076611658,0.956265611819685
p009,26,1.0,Q95,fairness_qp,1,1.5948810871865815,1.5948810871865815,0.0,0.0,0.0,0.0,0.9090909102228547,0.9560392884682518
p009,26,1.1,Q0,weighted_proportional,1,1.5070032969994482,1.5078942846912906,0.0008909876918423709,0.005478020488157764,0.005923514334078887,0.0050325266422366404,0.9090909055179535,0.9572250065616907
p009,26,1.1,Q0,equal_kw_reduction,1,1.612487277003052,1.6149263702139027,0.0024390932108506735,0.005844525574259201,0.007064072179684508,0.0046249789688338925,0.9090909001667976,0.9577581470358149
p009,26,1.1,Q0,flat_level,1,1.1849636607191736,1.1849636607191736,0.0,0.0,0.0,0.0,0.9090908983503695,0.955563065083861
p009,26,1.1,Q0,max_export_lp,1,1.6572322875094938,1.6597689458259204,0.0025366583164265766,0.005960920841781114,0.007229249999994428,0.004692591683567801,0.9090909062757598,0.9580037809154643
p009,26,1.1,Q0,fairness_qp,1,1.5948810760742278,1.5966732043189094,0.0017921282446815567,0.004935622704853014,0.005831686827193747,0.004039558582512282,0.9090909120125532,0.9577036918406726
p009,26,1.1,Q95,weighted_proportional,1,1.5070032970001674,1.5078942846892605,0.0008909876890930146,0.005478020489412089,0.005923514333958588,0.005032526644865591,0.9090909137781679,0.9556675028628507
p009,26,1.1,Q95,equal_kw_reduction,1,1.612487277003052,1.6149263702139027,0.0024390932108506735,0.005844525574259201,0.007064072179684508,0.0046249789688338925,0.9090909026683243,0.9560758798264318
p009,26,1.1,Q95,flat_level,1,1.1849636607191736,1.1849636607191736,0.0,0.0,0.0,0.0,0.9090909069966064,0.9543941331679278
p009,26,1.1,Q95,max_export_lp,1,1.6572322873433465,1.6597689459712652,0.002536658627918742,0.005960920686030636,0.007229249999990028,0.004692591372071242,0.9090908965642768,0.9562640529578792
p009,26,1.1,Q95,fairness_qp,1,1.5948810871865815,1.5966732006568487,0.0017921134702671981,0.004935625872987955,0.005831682608073985,0.004039569137854353,0.9090909023068372,0.9560340658450333
p009,26,1.2,Q0,weighted_proportional,1,1.5070032969994482,1.5083015091422325,0.0012982121427842497,0.011133583898757751,0.011782689970149855,0.010484477827365645,0.9090909086406124,0.9572105101108759
p009,26,1.2,Q0,equal_kw_reduction,1,1.612487277003052,1.6168405656953382,0.004353288692286128,0.011933400091521978,0.014110044437665031,0.009756755745378924,0.9090909092594711,0.9577490221505364
p009,26,1.2,Q0,flat_level,1,1.1849636607191736,1.1849636607191736,0.0,0.0,0.0,0.0,0.9090908983503695,0.955563065083861
p009,26,1.2,Q0,max_export_lp,1,1.6572322875094938,1.6617717682043696,0.004539480694875753,0.012188759652550079,0.014458499999987981,0.009919019305112176,0.9090909013806509,0.9580001067732735
p009,26,1.2,Q0,fairness_qp,1,1.5948810760742278,1.5980583365449696,0.0031772604707418495,0.009868924015076429,0.011457554245451876,0.008280293779705506,0.9090908960572089,0.9576956914283749
p009,26,1.2,Q95,weighted_proportional,1,1.5070032970001674,1.5083015091420926,0.001298212141925159,0.011133583899151072,0.011782689970113641,0.010484477828188501,0.9090909076830147,0.9556563925772273
p009,26,1.2,Q95,equal_kw_reduction,1,1.612487277003052,1.6168405656953382,0.004353288692286128,0.011933400091521978,0.014110044437665031,0.009756755745378924,0.9090908950194034,0.956068883626408
p009,26,1.2,Q95,flat_level,1,1.1849636607191736,1.1849636607191736,0.0,0.0,0.0,0.0,0.9090909069966064,0.9543941331679278
p009,26,1.2,Q95,max_export_lp,1,1.6572322873433465,1.6617717666629184,0.004539479319571882,0.012188760340212417,0.014458499999998375,0.009919020680426457,0.9090909048301063,0.9562612262792417
p009,26,1.2,Q95,fairness_qp,1,1.5948810871865815,1.5980583412109544,0.0031772540243728553,0.009868925624032372,0.011457552636218823,0.008280298611845918,0.9090909034392747,0.9560279315297749
p009,26,1.3,Q0,weighted_proportional,1,1.5070032969994482,1.5082354329573222,0.00123213595787397,0.01695692759779666,0.01757299557673362,0.016340859618859702,0.90909091025814,0.9571940644787457
p009,26,1.3,Q0,equal_kw_reduction,1,1.612487277003052,1.6182149072283998,0.005727630225347724,0.018273585929579558,0.021137401042253368,0.015409770816905748,0.90909090281262,0.9577376985095827
p009,26,1.3,Q0,flat_level,1,1.1849636607191736,1.1849636607191736,0.0,0.0,0.0,0.0,0.9090908983503695,0.955563065083861
p009,26,1.3,Q0,max_export_lp,1,1.6572322875094938,1.663211364924069,0.005979077414575151,0.01869821129268428,0.021687749999971945,0.015708672585396613,0.9090908949893656,0.9579946828830002
p009,26,1.3,Q0,fairness_qp,1,1.5948810760742278,1.599074154335049,0.00419307826082127,0.014795675477703654,0.01689221460680934,0.012699136347292955,0.9090908942462441,0.9576866254037639
p009,26,1.3,Q95,weighted_proportional,1,1.5070032970001674,1.5082354329557408,0.0012321359555733657,0.016956927598834548,0.01757299557662123,0.016340859621047865,0.9090908934569347,0.9556437883775754
p009,26,1.3,Q95,equal_kw_reduction,1,1.612487277003052,1.6182149072283998,0.005727630225347724,0.018273585929579558,0.021137401042253368,0.015409770816905748,0.9090909070744752,0.9560602022607083
p009,26,1.3,Q95,flat_level,1,1.1849636607191736,1.1849636607191736,0.0,0.0,0.0,0.0,0.9090909069966064,0.9543941331679278
p009,26,1.3,Q95,max_export_lp,1,1.6572322873433465,1.6632113656958551,0.00597907835250866,0.018698210823718756,0.021687749999973083,0.015708671647464426,0.9090908930639551,0.9562570636073334
p009,26,1.3,Q95,fairness_qp,1,1.5948810871865815,1.599074142953884,0.004193055767302445,0.014795679720412425,0.01689220760406361,0.012699151836761239,0.909090905867748,0.9560209801909656
p009,26,1.4,Q0,weighted_proportional,1,1.5070032969994482,1.5077075908201503,0.0007042938207020288,0.02293805445963672,0.02329020136998767,0.022585907549285775,0.9090909073432092,0.9571757333772304
p009,26,1.4,Q0,equal_kw_reduction,1,1.612487277003052,1.6190318460949038,0.0065445690918517485,0.024873252319310427,0.028145536865236256,0.021600967773384598,0.9090909171633864,0.957724104648545
p009,26,1.4,Q0,flat_level,1,1.1849636607191736,1.1849636607191736,0.0,0.0,0.0,0.0,0.9090908983503695,0.955563065083861
p009,26,1.4,Q0,max_export_lp,1,1.6572322875094938,1.6635601888438372,0.0063279013343433554,0.020933549332820663,0.02409749999999107,0.017769598665648954,0.9090908912685863,0.9579924713744089
p009,26,1.4,Q0,fairness_qp,1,1.5948810760742278,1.5996508211807108,0.004769745106482981,0.019563351685896613,0.021948224239047548,0.01717847913265514,0.9090908879959605,0.9576765784306832
p009,26,1.4,Q95,weighted_proportional,1,1.5070032970001674,1.5077075908173805,0.000704293817213042,0.02293805446119579,0.023290201369802338,0.022585907552589244,0.9090909099783131,0.955629739100491
p009,26,1.4,Q95,equal_kw_reduction,1,1.612487277003052,1.6190318460949038,0.0065445690918517485,0.024873252319310427,0.028145536865236256,0.021600967773384598,0.9090909024140997,0.9560497809756623
p009,26,1.4,Q95,flat_level,1,1.1849636607191736,1.1849636607191736,0.0,0.0,0.0,0.0,0.9090909069966064,0.9543941331679278
p009,26,1.4,Q95,max_export_lp,1,1.6572322873433465,1.663560189076405,0.006327901733058416,0.020933549133452748,0.024097499999982022,0.017769598266923474,0.9090908907605568,0.9562553649741528
p009,26,1.4,Q95,fairness_qp,1,1.5948810871865815,1.5996508025838885,0.004769715397306973,0.01956337254427357,0.021948230242927108,0.017178514845620028,0.9090909070696281,0.9560132773995439
p009,26,1.5,Q0,weighted_proportional,1,1.5070032969994482,1.5067304902664092,-0.0002728067330390882,0.029066791949883906,0.02893038858336438,0.029203195316403432,0.9090908987786654,0.9571555841416706
p009,26,1.5,Q0,equal_kw_reduction,1,1.612487277003052,1.6191129314895896,0.006625654486537513,0.026007076998005307,0.029319904241274064,0.02269424975473655,0.9090908962882265,0.9577215947641374
p009,26,1.5,Q0,flat_level,1,1.1849636607191736,1.1849636607191736,0.0,0.0,0.0,0.0,0.9090908983503695,0.955563065083861
p009,26,1.5,Q0,max_export_lp,1,1.6572322875094938,1.6635601881122024,0.006327900602708603,0.020933549698623377,0.024097499999977734,0.01776959939726902,0.9090909057545375,0.9579924700908873
p009,26,1.5,Q0,fairness_qp,1,1.5948810760742278,1.599871503093639,0.004990427019411214,0.024050927431733087,0.02654614093628621,0.021555713922027504,0.9090909016875856,0.9576661195234989
p009,26,1.5,Q95,weighted_proportional,1,1.5070032970001674,1.5067304902779017,-0.000272806722265706,0.029066791945158325,0.02893038858402544,0.02920319530629121,0.9090909083711693,0.9556142964101104
p009,26,1.5,Q95,equal_kw_reduction,1,1.612487277003052,1.6191129314895896,0.006625654486537513,0.026007076998005307,0.029319904241274064,0.02269424975473655,0.9090908913876554,0.9560478569128167
p009,26,1.5,Q95,flat_level,1,1.1849636607191736,1.1849636607191736,0.0,0.0,0.0,0.0,0.9090909069966064,0.9543941331679278
p009,26,1.5,Q95,max_export_lp,1,1.6572322873433465,1.6635601884980586,0.006327901154712157,0.02093354942263282,0.02409749999998892,0.01776959884527672,0.9090909204650047,0.9562553641620004
p009,26,1.5,Q95,fairness_qp,1,1.5948810871865815,1.5998715000524821,0.004990412865900629,0.024050928499677566,0.026546134932627863,0.021555722066727272,0.9090908963558394,0.9560052593391958
p009,26,1.6,Q0,weighted_proportional,1,1.5070032969994482,1.5053175093396398,-0.0016857876598084243,0.035332849966395144,0.03448995613649095,0.03617574379629933,0.9090908999578,0.957133687091704
p009,26,1.6,Q0,equal_kw_reduction,1,1.612487277003052,1.6191129314895896,0.006625654486537513,0.026007076998005307,0.029319904241274064,0.02269424975473655,0.9090908962882265,0.9577215947641374
p009,26,1.6,Q0,flat_level,1,1.1849636607191736,1.1849636607191736,0.0,0.0,0.0,0.0,0.9090908983503695,0.955563065083861
p009,26,1.6,Q0,max_export_lp,1,1.6572322875094938,1.6635601884454563,0.006327900935962472,0.020933549531994545,0.024097499999975833,0.017769599064013257,0.9090909135419215,0.9579924706498744
p009,26,1.6,Q0,fairness_qp,1,1.5948810760742278,1.5998477535099163,0.00496667743568846,0.028260062745931624,0.030743401463775813,0.025776724028087436,0.9090909081565016,0.9576556175952917
p009,26,1.6,Q95,weighted_proportional,1,1.5070032970001674,1.5053175093439066,-0.0016857876562608176,0.03533284996486429,0.03448995613673389,0.036175743792994694,0.9090909089797482,0.9555975141060319
p009,26,1.6,Q95,equal_kw_reduction,1,1.612487277003052,1.6191129314895896,0.006625654486537513,0.026007076998005307,0.029319904241274064,0.02269424975473655,0.9090908913876554,0.9560478569128167
p009,26,1.6,Q95,flat_level,1,1.1849636607191736,1.1849636607191736,0.0,0.0,0.0,0.0,0.9090909069966064,0.9543941331679278
p009,26,1.6,Q95,max_export_lp,1,1.6572322873433465,1.6635601881341149,0.006327900790768393,0.020933549604615204,0.02409749999999948,0.01776959920923093,0.909090904895886,0.9562553637138783
p009,26,1.6,Q95,fairness_qp,1,1.5948810871865815,1.599847754208859,0.004966667022277438,0.028260077103354157,0.030743410614492872,0.02577674359221544,0.9090909094592401,0.9559972083177133
p009,26,1.7,Q0,weighted_proportional,1,1.5070032969994482,1.4269500000609059,-0.08005329693854235,0.07482250826493404,0.034795859795662874,0.11484915673420522,0.9090909128155967,0.9567784023594186
p009,26,1.7,Q0,equal_kw_reduction,1,1.612487277003052,1.6191129314895896,0.006625654486537513,0.026007076998005307,0.029319904241274064,0.02269424975473655,0.9090908962882265,0.9577215947641374
p009,26,1.7,Q0,flat_level,1,1.1849636607191736,1.1849636607191736,0.0,0.0,0.0,0.0,0.9090908983503695,0.955563065083861
p009,26,1.7,Q0,max_export_lp,1,1.6572322875094938,1.6635601883010902,0.006327900791596397,0.020933549604180857,0.024097499999979094,0.01776959920838262,0.9090909058807733,0.9579924703994889
p009,26,1.7,Q0,fairness_qp,1,1.5948810760742278,1.5998035863420197,0.004922510267791891,0.030002989756408308,0.03246424489030425,0.027541734622512363,0.9090908897766501,0.9576511934748335
p009,26,1.7,Q95,weighted_proportional,1,1.5070032970001674,1.426950000005924,-0.08005329699424335,0.07482250829275515,0.034795859795633474,0.11484915678987682,0.9090909093495916,0.9553252871451764
p009,26,1.7,Q95,equal_kw_reduction,1,1.612487277003052,1.6191129314895896,0.006625654486537513,0.026007076998005307,0.029319904241274064,0.02269424975473655,0.9090908913876554,0.9560478569128167
p009,26,1.7,Q95,flat_level,1,1.1849636607191736,1.1849636607191736,0.0,0.0,0.0,0.0,0.9090909069966064,0.9543941331679278
p009,26,1.7,Q95,max_export_lp,1,1.6572322873433465,1.6635601892722944,0.006327901928947943,0.020933549035511638,0.024097499999985672,0.017769598071037604,0.9090908986739119,0.9562553652335816
p009,26,1.7,Q95,fairness_qp,1,1.5948810871865815,1.599803570688336,0.004922483501754504,0.03000300256473601,0.03246424431561325,0.02754176081385877,0.9090909030912661,0.9559938164757191
p009,26,1.74,Q0,weighted_proportional,1,1.5070032969994482,1.3963624137941808,-0.11064088320526744,0.09011630139829664,0.034795859795662874,0.1454367430009304,0.9090908956240888,0.9566399845969497
p009,26,1.74,Q0,equal_kw_reduction,1,1.612487277003052,1.6191129314895896,0.006625654486537513,0.026007076998005307,0.029319904241274064,0.02269424975473655,0.9090908962882265,0.9577215947641374
p009,26,1.74,Q0,flat_level,1,1.1849636607191736,1.1849636607191736,0.0,0.0,0.0,0.0,0.9090908983503695,0.955563065083861
p009,26,1.74,Q0,max_export_lp,1,1.6572322875094938,1.6635601881283628,0.006327900618869009,0.020933549690535253,0.024097499999969824,0.017769599381100683,0.909090898138212,0.9579924701385575
p009,26,1.74,Q0,fairness_qp,1,1.5948810760742278,1.599822632616614,0.004941556542386261,0.029993466630611452,0.032464244901804565,0.027522688359418335,0.9090908983116162,0.9576512923167364
p009,26,1.74,Q95,weighted_proportional,1,1.5070032970001674,1.3963624138029846,-0.1106408831971828,0.0901163013942249,0.034795859795633474,0.1454367429928163,0.9090908975779186,0.9552192217837856
p009,26,1.74,Q95,equal_kw_reduction,1,1.612487277003052,1.6191129314895896,0.006625654486537513,0.026007076998005307,0.029319904241274064,0.02269424975473655,0.9090908913876554,0.9560478569128167
p009,26,1.74,Q95,flat_level,1,1.1849636607191736,1.1849636607191736,0.0,0.0,0.0,0.0,0.9090909069966064,0.9543941331679278
p009,26,1.74,Q95,max_export_lp,1,1.6572322873433465,1.6635601881032542,0.006327900759907745,0.020933549620043266,0.024097499999997232,0.017769599240089296,0.9090909049374322,0.9562553636574692
p009,26,1.74,Q95,fairness_qp,1,1.5948810871865815,1.599822631725323,0.004941544538741516,0.02999347204622682,0.03246424431559759,0.027522699776856053,0.9090908961286336,0.9559938923877163
p009,26,1.8,Q0,weighted_proportional,1,1.5070032969994482,1.3530300000013546,-0.1539732969980936,0.11178250829470973,0.034795859795662874,0.18876915679375658,0.9090908959670104,0.9564438159125824
p009,26,1.8,Q0,equal_kw_reduction,1,1.612487277003052,1.6191129314895896,0.006625654486537513,0.026007076998005307,0.029319904241274064,0.02269424975473655,0.9090908962882265,0.9577215947641374
p009,26,1.8,Q0,flat_level,1,1.1849636607191736,1.1849636607191736,0.0,0.0,0.0,0.0,0.9090908983503695,0.955563065083861
p009,26,1.8,Q0,max_export_lp,1,1.6572322875094938,1.6635601881041893,0.006327900594695457,0.02093354970263434,0.02409749999998209,0.017769599405286583,0.9090908981550629,0.9579924701061504
p009,26,1.8,Q0,fairness_qp,1,1.5948810760742278,1.5998496761761039,0.004968600101876053,0.029979944856315048,0.032464244902843664,0.027495644805377015,0.9090908918100296,0.9576514329655523
p009,26,1.8,Q95,weighted_proportional,1,1.5070032970001674,1.353030000010855,-0.1539732969893124,0.1117825082902897,0.034795859795633474,0.18876915678494594,0.9090909212195355,0.9550688971095203
p009,26,1.8,Q95,equal_kw_reduction,1,1.612487277003052,1.6191129314895896,0.006625654486537513,0.026007076998005307,0.029319904241274064,0.02269424975473655,0.9090908913876554,0.9560478569128167
p009,26,1.8,Q95,flat_level,1,1.1849636607191736,1.1849636607191736,0.0,0.0,0.0,0.0,0.9090909069966064,0.9543941331679278
p009,26,1.8,Q95,max_export_lp,1,1.6572322873433465,1.6635601880757511,0.006327900732404634,0.020933549633792486,0.024097499999994873,0.017769599267590103,0.9090908973605846,0.956255363651896
p009,26,1.8,Q95,fairness_qp,1,1.5948810871865815,1.5998496737010148,0.004968586514433326,0.029979951058295925,0.032464244315512605,0.027495657801079244,0.9090908997245362,0.955994000083503
p009,26,1.9,Q0,weighted_proportional,1,1.5070032969994482,1.286891052631841,-0.22011224436760735,0.14485198197946658,0.034795859795662874,0.2549081041632703,0.9090908994212266,0.9561442265698276
p009,26,1.9,Q0,equal_kw_reduction,1,1.612487277003052,1.6191129314895896,0.006625654486537513,0.026007076998005307,0.029319904241274064,0.02269424975473655,0.9090908962882265,0.9577215947641374
p009,26,1.9,Q0,flat_level,1,1.1849636607191736,1.1849636607191736,0.0,0.0,0.0,0.0,0.9090908983503695,0.955563065083861
p009,26,1.9,Q0,max_export_lp,1,1.6572322875094938,1.6635601880983188,0.006327900588825042,0.020933549705560175,0.024097499999972752,0.0177695994111476,0.9090908980960638,0.9579924700690597
p009,26,1.9,Q0,fairness_qp,1,1.5948810760742278,1.5998910408754872,0.00500996480125937,0.029959262506416312,0.03246424490285102,0.027454280105786655,0.9090908956467801,0.9576516480144445
p009,26,1.9,Q95,weighted_proportional,1,1.5070032970001674,1.286891052636721,-0.22011224436344645,0.1448519819773567,0.034795859795633474,0.25490810415907994,0.9090909001294037,0.9548393063345971
p009,26,1.9,Q95,equal_kw_reduction,1,1.612487277003052,1.6191129314895896,0.006625654486537513,0.026007076998005307,0.029319904241274064,0.02269424975473655,0.9090908913876554,0.9560478569128167
p009,26,1.9,Q95,flat_level,1,1.1849636607191736,1.1849636607191736,0.0,0.0,0.0,0.0,0.9090909069966064,0.9543941331679278
p009,26,1.9,Q95,max_export_lp,1,1.6572322873433465,1.6635601881761326,0.006327900832786115,0.020933549583549,0.02409749999994215,0.017769599167155845,0.9090908904584286,0.9562553637865134
p009,26,1.9,Q95,fairness_qp,1,1.5948810871865815,1.5998910391192196,0.00500995193263809,0.02995926834934815,0.032464244315667246,0.02745429238302905,0.9090908961975543,0.9559941648429683
p009,26,2.0,Q0,weighted_proportional,1,1.5070032969994482,1.2273660000125484,-0.2796372969868999,0.17461450828911287,0.034795859795662874,0.3144331567825629,0.9090909018430241,0.9558744161650142
p009,26,2.0,Q0,equal_kw_reduction,1,1.612487277003052,1.6191129314895896,0.006625654486537513,0.026007076998005307,0.029319904241274064,0.02269424975473655,0.9090908962882265,0.9577215947641374
p009,26,2.0,Q0,flat_level,1,1.1849636607191736,1.1849636607191736,0.0,0.0,0.0,0.0,0.9090908983503695,0.955563065083861
p009,26,2.0,Q0,max_export_lp,1,1.6572322875094938,1.663560188236554,0.006327900727060243,0.020933549636443324,0.024097499999973543,0.01776959927291311,0.9090909058090294,0.9579924703238859
p009,26,2.0,Q0,fairness_qp,1,1.5948810760742278,1.5999283645431497,0.005047288468921884,0.029940600673198477,0.0324642449028822,0.02741695643873749,0.9090909032102493,0.957651842025911
p009,26,2.0,Q95,weighted_proportional,1,1.5070032970001674,1.2273660000024167,-0.27963729699775075,0.1746145082945089,0.034795859795633474,0.3144331567933843,0.9090909020724446,0.9546325215371768
p009,26,2.0,Q95,equal_kw_reduction,1,1.612487277003052,1.6191129314895896,0.006625654486537513,0.026007076998005307,0.029319904241274064,0.02269424975473655,0.9090908913876554,0.9560478569128167
p009,26,2.0,Q95,flat_level,1,1.1849636607191736,1.1849636607191736,0.0,0.0,0.0,0.0,0.9090909069966064,0.9543941331679278
p009,26,2.0,Q95,max_export_lp,1,1.6572322873433465,1.6635601881545885,0.006327900811242015,0.020933549594376908,0.024097499999997968,0.017769599188755848,0.9090909050010186,0.9562553637243547
p009,26,2.0,Q95,fairness_qp,1,1.5948810871865815,1.5999283589116853,0.005047271725103775,0.029940608452642202,0.03246424431519411,0.02741697259009029,0.9090909096693603,0.9559943134197852
p010,27,1.0,Q0,weighted_proportional,1,1.5070032969994482,1.5070032969994482,0.0,0.0,0.0,0.0,0.9090908986590723,0.9572374939891118
p010,27,1.0,Q0,equal_kw_reduction,1,1.612487277003052,1.612487277003052,0.0,0.0,0.0,0.0,0.9090909085411034,0.9577651340631068
p010,27,1.0,Q0,flat_level,1,1.1849636607191736,1.1849636607191736,0.0,0.0,0.0,0.0,0.9090908983503695,0.955563065083861
p010,27,1.0,Q0,max_export_lp,1,1.6572322875094938,1.6572322875094938,0.0,0.0,0.0,0.0,0.9090908879931944,0.9580058048566669
p010,27,1.0,Q0,fairness_qp,1,1.5948810760742278,1.5948810760742278,0.0,0.0,0.0,0.0,0.9090908901901453,0.9577105026709762
p010,27,1.0,Q95,weighted_proportional,1,1.5070032970001674,1.5070032970001674,0.0,0.0,0.0,0.0,0.9090908975310804,0.9556770734851585
p010,27,1.0,Q95,equal_kw_reduction,1,1.612487277003052,1.612487277003052,0.0,0.0,0.0,0.0,0.9090908917775226,0.9560812375763708
p010,27,1.0,Q95,flat_level,1,1.1849636607191736,1.1849636607191736,0.0,0.0,0.0,0.0,0.9090909069966064,0.9543941331679278
p010,27,1.0,Q95,max_export_lp,1,1.6572322873433465,1.6572322873433465,0.0,0.0,0.0,0.0,0.9090909076611658,0.956265611819685
p010,27,1.0,Q95,fairness_qp,1,1.5948810871865815,1.5948810871865815,0.0,0.0,0.0,0.0,0.9090909102228547,0.9560392884682518
p010,27,1.1,Q0,weighted_proportional,1,1.5070032969994482,1.5048253003940382,-0.002177996605410071,0.004050755469743364,0.002961757167038278,0.005139753772448449,0.9090908964053099,0.9572196921893509
p010,27,1.1,Q0,equal_kw_reduction,1,1.612487277003052,1.6116777619129175,-0.0008095150901346049,0.0038668259902350783,0.0034620684451677833,0.004271583535302373,0.9090909025805307,0.9577533849268839
p010,27,1.1,Q0,flat_level,1,1.1849636607191736,1.1752862777655144,-0.009677382953659164,0.00845331647682954,0.0036146250000000033,0.013292007953659077,0.9090909026760763,0.9555048223420736
p010,27,1.1,Q0,max_export_lp,1,1.6572322875094938,1.6572322872795875,-2.2990631620700697e-10,7.77037514279209e-08,6.527379539655875e-10,7.781870457854341e-08,0.9090908953510605,0.9580058044363133
p010,27,1.1,Q0,fairness_qp,1,1.5948810760742278,1.5941500554008374,-0.0007310206733903701,0.002772101250156753,0.0024065909134615843,0.003137611586851921,0.9090908918753581,0.9577017505816332
p010,27,1.1,Q95,weighted_proportional,1,1.5070032970001674,1.5048253003923422,-0.00217799660782525,0.004050755470898173,0.002961757166985539,0.005139753774810808,0.9090908949463158,0.9556634326437511
p010,27,1.1,Q95,equal_kw_reduction,1,1.612487277003052,1.6116777619129175,-0.0008095150901346049,0.0038668259902350783,0.0034620684451677833,0.004271583535302373,0.9090908998178062,0.9560722335810936
p010,27,1.1,Q95,flat_level,1,1.1849636607191736,1.1752862777655144,-0.009677382953659164,0.00845331647682954,0.0036146250000000033,0.013292007953659077,0.9090908988892676,0.954349476205768
p010,27,1.1,Q95,max_export_lp,1,1.6572322873433465,1.6572322871995095,-1.4383694235675648e-10,5.0585728885994656e-08,8.125000741654453e-10,5.065764727141264e-08,0.9090909075398645,0.9562656115919753
p010,27,1.1,Q95,fairness_qp,1,1.5948810871865815,1.5941500685398227,-0.0007310186467588409,0.002772098436412389,0.0024065891130263632,0.0031376077597918646,0.9090909011560001,0.9560325805665273
p010,27,1.2,Q0,weighted_proportional,1,1.5070032969994482,1.50218677329441,-0.004816523705038156,0.008299606837595234,0.0058913449850761836,0.010707868690114284,0.9090909040505751,0.95719992223935
p010,27,1.2,Q0,equal_kw_reduction,1,1.612487277003052,1.610373210771992,-0.002114066231060141,0.007964099797217697,0.006907066681687578,0.009021132912747818,0.9090909123418109,0.95773962060615
p010,27,1.2,Q0,flat_level,1,1.1849636607191736,1.1640520224119129,-0.020911638307260727,0.017685069153630304,0.0072292499999999996,0.02814088830726061,0.9090909013338572,0.9554390122172264
p010,27,1.2,Q0,max_export_lp,1,1.6572322875094938,1.6572322870985217,-4.109721452039139e-10,1.388774789803232e-07,1.8378567522014944e-09,1.3908296505292517e-07,0.9090909026991781,0.9580058041311021
p010,27,1.2,Q0,fairness_qp,1,1.5948810760742278,1.5932139217313688,-0.001667154342859023,0.00549483979177346,0.0046612626153972395,0.006328416963202915,0.9090908939269714,0.957692507153721
p010,27,1.2,Q95,weighted_proportional,1,1.5070032970001674,1.5021867732943965,-0.004816523705770903,0.008299606837946621,0.005891344985061164,0.010707868690832078,0.9090909014560353,0.9556482837696985
p010,27,1.2,Q95,equal_kw_reduction,1,1.612487277003052,1.610373210771992,-0.002114066231060141,0.007964099797217697,0.006907066681687578,0.009021132912747818,0.9090909112393998,0.9560616855797722
p010,27,1.2,Q95,flat_level,1,1.1849636607191736,1.1640520224119129,-0.020911638307260727,0.017685069153630304,0.0072292499999999996,0.02814088830726061,0.9090908957978925,0.9542990168366393
p010,27,1.2,Q95,max_export_lp,1,1.6572322873433465,1.6572322880302495,6.869029789413617e-10,2.372187995255807e-07,0.0,2.315984776756798e-07,0.9090909009653455,0.956265612740755
p010,27,1.2,Q95,fairness_qp,1,1.5948810871865815,1.5932139216714758,-0.0016671655151057063,0.005494844888740061,0.004661262131187182,0.0063284276462929395,0.9090909123407761,0.9560254961463241
p010,27,1.3,Q0,weighted_proportional,1,1.5070032969994482,1.4991007634442055,-0.00790253355524273,0.012737764565990446,0.00878649778836903,0.01668903134361186,0.9090909111425464,0.9571782483350204
p010,27,1.3,Q0,equal_kw_reduction,1,1.612487277003052,1.6085644830855081,-0.00392279391754391,0.012296076478856659,0.010334679520084697,0.01425747343762862,0.9090909098080997,0.9577238038757955
p010,27,1.3,Q0,flat_level,1,1.1849636607191736,1.1511589198748342,-0.033804740844339376,0.027746245422169684,0.010843875000000003,0.044648615844339365,0.9090908998625619,0.9553651360236389
p010,27,1.3,Q0,max_export_lp,1,1.6572322875094938,1.6572322870221858,-4.873079717526707e-10,1.6456919012063477e-07,2.1869625624337807e-09,1.6481284407761712e-07,0.9090909026277503,0.9580058039805819
p010,27,1.3,Q0,fairness_qp,1,1.5948810760742278,1.592128556434068,-0.0027525196401598784,0.00812768873628418,0.006751428912164105,0.0095039485563641,0.9090908962197225,0.9576830353296837
p010,27,1.3,Q95,weighted_proportional,1,1.5070032970001674,1.4991007634427087,-0.007902533557458735,0.012737764567044263,0.008786497788314813,0.016689031345773712,0.9090909036846108,0.9556316759274535
p010,27,1.3,Q95,equal_kw_reduction,1,1.612487277003052,1.6085644830855081,-0.00392279391754391,0.012296076478856659,0.010334679520084697,0.01425747343762862,0.9090909031051847,0.9560495649683365
p010,27,1.3,Q95,flat_level,1,1.1849636607191736,1.1511589198748342,-0.033804740844339376,0.027746245422169684,0.010843875000000003,0.044648615844339365,0.9090908959635388,0.9542423723536159
p010,27,1.3,Q95,max_export_lp,1,1.6572322873433465,1.6572322882211366,8.777900628587076e-10,3.017264199769282e-07,0.0,2.99430562961632e-07,0.9090908935552171,0.9562656130105637
p010,27,1.3,Q95,fairness_qp,1,1.5948810871865815,1.5921285509913297,-0.0027525361952518423,0.008127699567271603,0.00675143146964571,0.009503967664897498,0.9090909092927255,0.9560182365333741
p010,27,1.4,Q0,weighted_proportional,1,1.5070032969994482,1.4955812563095328,-0.01142204068991548,0.017356121029951578,0.011645100684993848,0.02306714137490931,0.9090908942083098,0.957154738457934
p010,27,1.4,Q0,equal_kw_reduction,1,1.612487277003052,1.6062404863738597,-0.006246790629192311,0.016867919775658442,0.013744524461062342,0.019991315090254543,0.9090909005214928,0.9577058893235886
p010,27,1.4,Q0,flat_level,1,1.1849636607191736,1.1466226810481521,-0.03834097967102146,0.03119309490102022,0.0120226050655095,0.05036358473653094,0.9090909022777414,0.9553394756569616
p010,27,1.4,Q0,max_export_lp,1,1.6572322875094938,1.6572322870168046,-4.926892227530288e-10,1.663052361295693e-07,2.156898899069448e-09,1.6655158069714404e-07,0.9090909101229119,0.9580058039557418
p010,27,1.4,Q0,fairness_qp,1,1.5948810760742278,1.59094772137267,-0.003933354701557867,0.010636185303625818,0.008669507952846864,0.012602862654404773,0.9090909018416673,0.957673576908411
p010,27,1.4,Q95,weighted_proportional,1,1.5070032970001674,1.4955812563069206,-0.011422040693246815,0.017356121031528435,0.011645100684905034,0.02306714137815184,0.9090909054368782,0.9556136612641852
p010,27,1.4,Q95,equal_kw_reduction,1,1.612487277003052,1.6062404863738597,-0.006246790629192311,0.016867919775658442,0.013744524461062342,0.019991315090254543,0.9090909077173969,0.9560358369744144
p010,27,1.4,Q95,flat_level,1,1.1849636607191736,1.1466226810481521,-0.03834097967102146,0.03119309490102022,0.0120226050655095,0.05036358473653094,0.9090909104600201,0.9542226972444122
p010,27,1.4,Q95,max_export_lp,1,1.6572322873433465,1.6572322875535912,2.102447105301053e-10,8.349251974417837e-08,3.472287790629025e-09,8.338739733784739e-08,0.9090909003544073,0.9562656120981141
p010,27,1.4,Q95,fairness_qp,1,1.5948810871865815,1.5909477245867418,-0.003933362599839674,0.010636193309599064,0.008669512009679272,0.012602874609518856,0.9090908912255999,0.9560109876204769
p010,27,1.5,Q0,weighted_proportional,1,1.5070032969994482,1.4916430688020268,-0.015360228197421444,0.022145308390400045,0.014465194291689302,0.02982542248911079,0.9090909144351172,0.9571294636994632
p010,27,1.5,Q0,equal_kw_reduction,1,1.612487277003052,1.603387976057946,-0.009099300945106137,0.02168579526754937,0.017136144794996346,0.026235445740102392,0.9090909002632188,0.9576858228745756
p010,27,1.5,Q0,flat_level,1,1.1849636607191736,1.1466226810481521,-0.03834097967102146,0.03119309490102022,0.0120226050655095,0.05036358473653094,0.9090909022777414,0.9553394756569616
p010,27,1.5,Q0,max_export_lp,1,1.6572322875094938,1.6572322870161118,-4.933820019203949e-10,1.66888287893123e-07,2.999110400997429e-09,1.6713497881341854e-07,0.9090909025907978,0.9580058039667242
p010,27,1.5,Q0,fairness_qp,1,1.5948810760742278,1.589720199488966,-0.005160876585261764,0.012993468731742959,0.010413030435858846,0.015573907024373812,0.9090908959885312,0.9576643405906913
p010,27,1.5,Q95,weighted_proportional,1,1.5070032970001674,1.4916430688151527,-0.015360228185014702,0.02214530838458027,0.014465194292072894,0.029825422477087648,0.9090908923014457,0.955594294210258
p010,27,1.5,Q95,equal_kw_reduction,1,1.612487277003052,1.603387976057946,-0.009099300945106137,0.02168579526754937,0.017136144794996346,0.026235445740102392,0.909090892511538,0.9560204601767609
p010,27,1.5,Q95,flat_level,1,1.1849636607191736,1.1466226810481521,-0.03834097967102146,0.03119309490102022,0.0120226050655095,0.05036358473653094,0.9090909104600201,0.9542226972444122
p010,27,1.5,Q95,max_export_lp,1,1.6572322873433465,1.6572322871451686,-1.981779185200594e-10,6.705037227544043e-08,7.348396509343491e-10,6.714946120022283e-08,0.909090900009859,0.9562656115354589
p010,27,1.5,Q95,fairness_qp,1,1.5948810871865815,1.5897201911963423,-0.005160895990239167,0.01299348615496787,0.010413038159848325,0.015573934150087418,0.9090908984426359,0.9560039088058092
p010,27,1.6,Q0,weighted_proportional,1,1.5070032969994482,1.4873017412760696,-0.019701555723378616,0.027095755929945665,0.017244978068256287,0.036946533791635046,0.9090908987909757,0.9571024981427058
p010,27,1.6,Q0,equal_kw_reduction,1,1.612487277003052,1.6032629200268471,-0.00922435697620494,0.021883332729376568,0.017271154241274074,0.026495511217479062,0.9090909056563639,0.9576849763083685
p010,27,1.6,Q0,flat_level,1,1.1849636607191736,1.1466226810481521,-0.03834097967102146,0.03119309490102022,0.0120226050655095,0.05036358473653094,0.9090909022777414,0.9553394756569616
p010,27,1.6,Q0,max_export_lp,1,1.6572322875094938,1.6572322870307965,-4.786973040182829e-10,1.6786618343858726e-07,0.0,1.6320984211793017e-07,0.9090908951304347,0.9580058040282352
p010,27,1.6,Q0,fairness_qp,1,1.5948810760742278,1.5884876387272888,-0.006393437346938979,0.01518093382201587,0.011984215145711519,0.01837765249548535,0.9090909091166613,0.9576554939403648
p010,27,1.6,Q95,weighted_proportional,1,1.5070032970001674,1.4873017412813612,-0.019701555718806274,0.027095755927815653,0.017244978068412534,0.03694653378721877,0.9090909029718703,0.9555736314541246
p010,27,1.6,Q95,equal_kw_reduction,1,1.612487277003052,1.6032629200268471,-0.00922435697620494,0.021883332729376568,0.017271154241274074,0.026495511217479062,0.9090909053139542,0.9560198114264296
p010,27,1.6,Q95,flat_level,1,1.1849636607191736,1.1466226810481521,-0.03834097967102146,0.03119309490102022,0.0120226050655095,0.05036358473653094,0.9090909104600201,0.9542226972444122
p010,27,1.6,Q95,max_export_lp,1,1.6572322873433465,1.6572322869955707,-3.477758081515958e-10,1.1633656326774438e-07,1.464336044781911e-09,1.165104511172306e-07,0.9090908999127646,0.9562656113332122
p010,27,1.6,Q95,fairness_qp,1,1.5948810871865815,1.588487629499808,-0.006393457686773463,0.015180951895109518,0.01198422305172282,0.018377680738496216,0.9090908949748151,0.9559971287968053
p010,27,1.7,Q0,weighted_proportional,1,1.5070032969994482,1.4071050000021585,-0.09989829699728969,0.06734707839647627,0.017397929897831444,0.1172962268951211,0.9090909132760003,0.9567440129925489
p010,27,1.7,Q0,equal_kw_reduction,1,1.612487277003052,1.6032629200268471,-0.00922435697620494,0.021883332729376568,0.017271154241274074,0.026495511217479062,0.9090909056563639,0.9576849763083685
p010,27,1.7,Q0,flat_level,1,1.1849636607191736,1.1466226810481521,-0.03834097967102146,0.03119309490102022,0.0120226050655095,0.05036358473653094,0.9090909022777414,0.9553394756569616
p010,27,1.7,Q0,max_export_lp,1,1.6572322875094938,1.6572322871203484,-3.8914538258438824e-10,1.440233915022131e-07,1.5231977908147787e-08,1.442179641082328e-07,0.9090909026990047,0.9580058041058364
p010,27,1.7,Q0,fairness_qp,1,1.5948810760742278,1.5872835745092804,-0.007597501564947429,0.017187918200265835,0.013389167417792162,0.020986668982739508,0.9090909033096211,0.9576471614659036
p010,27,1.7,Q95,weighted_proportional,1,1.5070032970001674,1.4071050000049117,-0.09989829699525576,0.06734707839544467,0.01739792989781675,0.11729622689307259,0.909090908899548,0.9552989498486066
p010,27,1.7,Q95,equal_kw_reduction,1,1.612487277003052,1.6032629200268471,-0.00922435697620494,0.021883332729376568,0.017271154241274074,0.026495511217479062,0.9090909053139542,0.9560198114264296
p010,27,1.7,Q95,flat_level,1,1.1849636607191736,1.1466226810481521,-0.03834097967102146,0.03119309490102022,0.0120226050655095,0.05036358473653094,0.9090909104600201,0.9542226972444122
p010,27,1.7,Q95,max_export_lp,1,1.6572322873433465,1.6572322870050318,-3.3831470958034515e-10,1.1356156235276145e-07,1.9564694898888124e-09,1.1373071962883854e-07,0.9090909148604925,0.9562656113281349
p010,27,1.7,Q95,fairness_qp,1,1.5948810871865815,1.5872835664222036,-0.007597520764377919,0.017187934198790316,0.013389173816601322,0.020986694580979313,0.9090909026008303,0.9559907428819551
p010,27,1.74,Q0,weighted_proportional,1,1.5070032969994482,1.3758656896578314,-0.13113760734161684,0.08296673356863993,0.017397929897831444,0.1485355372394484,0.9090909103971385,0.9566044522522402
p010,27,1.74,Q0,equal_kw_reduction,1,1.612487277003052,1.6032629200268471,-0.00922435697620494,0.021883332729376568,0.017271154241274074,0.026495511217479062,0.9090909056563639,0.9576849763083685
p010,27,1.74,Q0,flat_level,1,1.1849636607191736,1.1466226810481521,-0.03834097967102146,0.03119309490102022,0.0120226050655095,0.05036358473653094,0.9090909022777414,0.9553394756569616
p010,27,1.74,Q0,max_export_lp,1,1.6572322875094938,1.657232287043677,-4.658167185311868e-10,1.658045325478915e-07,0.0,1.5887263271098517e-07,0.909090887557614,0.9580058040715695
p010,27,1.74,Q0,fairness_qp,1,1.5948810760742278,1.5868158515751958,-0.00806522449903202,0.017939167356075224,0.013906555104851809,0.021971779605591258,0.9090908988254455,0.9576439924134247
p010,27,1.74,Q95,weighted_proportional,1,1.5070032970001674,1.375865689658068,-0.13113760734209934,0.0829667335688665,0.01739792989781675,0.14853553723991625,0.9090908935822878,0.9551920075388262
p010,27,1.74,Q95,equal_kw_reduction,1,1.612487277003052,1.6032629200268471,-0.00922435697620494,0.021883332729376568,0.017271154241274074,0.026495511217479062,0.9090909053139542,0.9560198114264296
p010,27,1.74,Q95,flat_level,1,1.1849636607191736,1.1466226810481521,-0.03834097967102146,0.03119309490102022,0.0120226050655095,0.05036358473653094,0.9090909104600201,0.9542226972444122
p010,27,1.74,Q95,max_export_lp,1,1.6572322873433465,1.6572322870170455,-3.2630098623087633e-10,1.0953108906078561e-07,1.8502136177322992e-09,1.0969423947003801e-07,0.9090908998442135,0.9562656113612177
p010,27,1.74,Q95,fairness_qp,1,1.5948810871865815,1.5868158447482332,-0.008065242438348275,0.017939178333734394,0.013906557114560288,0.0219717995529085,0.9090909049610477,0.9559883141467068
p010,27,1.8,Q0,weighted_proportional,1,1.5070032969994482,1.3316100000038613,-0.17539329699558692,0.10509457839562493,0.017397929897831444,0.19279122689341843,0.9090909104045516,0.9564066627986066
p010,27,1.8,Q0,equal_kw_reduction,1,1.612487277003052,1.6032629200268471,-0.00922435697620494,0.021883332729376568,0.017271154241274074,0.026495511217479062,0.9090909056563639,0.9576849763083685
p010,27,1.8,Q0,flat_level,1,1.1849636607191736,1.1466226810481521,-0.03834097967102146,0.03119309490102022,0.0120226050655095,0.05036358473653094,0.9090909022777414,0.9553394756569616
p010,27,1.8,Q0,max_export_lp,1,1.6572322875094938,1.6572322878742811,3.6478731146871723e-10,1.379301620508329e-07,0.0,1.2201180000939813e-07,0.9090908959593867,0.9580058055037834
p010,27,1.8,Q0,fairness_qp,1,1.5948810760742278,1.5861332647973356,-0.00874781127689217,0.019010824515198605,0.014636918872841576,0.023384730153644732,0.9090908932571884,0.9576394264893197
p010,27,1.8,Q95,weighted_proportional,1,1.5070032970001674,1.3316100000201478,-0.1753932969800196,0.10509457838782663,0.01739792989781675,0.1927912268778365,0.9090908994588803,0.9550404391715015
p010,27,1.8,Q95,equal_kw_reduction,1,1.612487277003052,1.6032629200268471,-0.00922435697620494,0.021883332729376568,0.017271154241274074,0.026495511217479062,0.9090909053139542,0.9560198114264296
p010,27,1.8,Q95,flat_level,1,1.1849636607191736,1.1466226810481521,-0.03834097967102146,0.03119309490102022,0.0120226050655095,0.05036358473653094,0.9090909104600201,0.9542226972444122
p010,27,1.8,Q95,max_export_lp,1,1.6572322873433465,1.6572322870763898,-2.669566789847977e-10,8.977192695377306e-08,1.327941354101192e-09,8.990540519525358e-08,0.9090908998257402,0.9562656114418994
p010,27,1.8,Q95,fairness_qp,1,1.5948810871865815,1.5861332542211168,-0.008747832965464664,0.019010841576645565,0.014636925093913181,0.023384758059377952,0.9090908967373169,0.9559848148540223
p010,27,1.9,Q0,weighted_proportional,1,1.5070032969994482,1.2640618421116068,-0.24294145488784147,0.13886865734175216,0.017397929897831444,0.26033938478567287,0.909090906486657,0.9561045963401887
p010,27,1.9,Q0,equal_kw_reduction,1,1.612487277003052,1.6032629200268471,-0.00922435697620494,0.021883332729376568,0.017271154241274074,0.026495511217479062,0.9090909056563639,0.9576849763083685
p010,27,1.9,Q0,flat_level,1,1.1849636607191736,1.1466226810481521,-0.03834097967102146,0.03119309490102022,0.0120226050655095,0.05036358473653094,0.9090909022777414,0.9553394756569616
p010,27,1.9,Q0,max_export_lp,1,1.6572322875094938,1.657232287592205,8.271117124536431e-11,2.835722531238042e-08,7.651888601911683e-10,2.8315869721878828e-08,0.9090908956259287,0.958005805001885
p010,27,1.9,Q0,fairness_qp,1,1.5948810760742278,1.5850543255579486,-0.009826750516279237,0.020651789105102576,0.015738413846962993,0.02556516436324216,0.9090909042331086,0.9576323358594753
p010,27,1.9,Q95,weighted_proportional,1,1.5070032970001674,1.2640618421219822,-0.2429414548781852,0.13886865733690942,0.01739792989781675,0.2603393847760021,0.9090908994273883,0.9548089470501854
p010,27,1.9,Q95,equal_kw_reduction,1,1.612487277003052,1.6032629200268471,-0.00922435697620494,0.021883332729376568,0.017271154241274074,0.026495511217479062,0.9090909053139542,0.9560198114264296
p010,27,1.9,Q95,flat_level,1,1.1849636607191736,1.1466226810481521,-0.03834097967102146,0.03119309490102022,0.0120226050655095,0.05036358473653094,0.9090909104600201,0.9542226972444122
p010,27,1.9,Q95,max_export_lp,1,1.6572322873433465,1.657232287334337,-9.009459844833145e-12,2.28380601129184e-08,0.0,2.225638467620583e-08,0.9090909077157381,0.9562656117769751
p010,27,1.9,Q95,fairness_qp,1,1.5948810871865815,1.5850543013121223,-0.009826785874459176,0.020651818404995997,0.015738425467766447,0.025565211342225544,0.9090908979553501,0.9559793805585053
p010,27,2.0,Q0,weighted_proportional,1,1.5070032969994482,1.2032685000044785,-0.30373479699496975,0.16926532839531636,0.017397929897831444,0.32113272689280126,0.9090909031191935,0.955832552949452
p010,27,2.0,Q0,equal_kw_reduction,1,1.612487277003052,1.6032629200268471,-0.00922435697620494,0.021883332729376568,0.017271154241274074,0.026495511217479062,0.9090909056563639,0.9576849763083685
p010,27,2.0,Q0,flat_level,1,1.1849636607191736,1.1466226810481521,-0.03834097967102146,0.03119309490102022,0.0120226050655095,0.05036358473653094,0.9090909022777414,0.9553394756569616
p010,27,2.0,Q0,max_export_lp,1,1.6572322875094938,1.6572322870826497,-4.2684411560856006e-10,1.4411175908304397e-07,2.618042095614559e-09,1.4432518104061376e-07,0.9090909176946705,0.9580058040868692
p010,27,2.0,Q0,fairness_qp,1,1.5948810760742278,1.5840577716589601,-0.010823304415267687,0.022117296615921107,0.01670564440828723,0.027528948823554982,0.9090909000260013,0.9576259066499389
p010,27,2.0,Q95,weighted_proportional,1,1.5070032970001674,1.2032685000134986,-0.30373479698666883,0.16926532839115124,0.01739792989781675,0.32113272688448574,0.9090909018542253,0.954600447973208
p010,27,2.0,Q95,equal_kw_reduction,1,1.612487277003052,1.6032629200268471,-0.00922435697620494,0.021883332729376568,0.017271154241274074,0.026495511217479062,0.9090909053139542,0.9560198114264296
p010,27,2.0,Q95,flat_level,1,1.1849636607191736,1.1466226810481521,-0.03834097967102146,0.03119309490102022,0.0120226050655095,0.05036358473653094,0.9090909104600201,0.9542226972444122
p010,27,2.0,Q95,max_export_lp,1,1.6572322873433465,1.6572322884380422,1.094695667447354e-09,3.7464735224763306e-07,0.0,3.6591741277465506e-07,0.9090909012239896,0.9562656133131618
p010,27,2.0,Q95,fairness_qp,1,1.5948810871865815,1.5840577660069104,-0.010823321179671108,0.02211730409010552,0.016705643500267795,0.027528964679941023,0.9090909020095178,0.95597445370722
p011,29,1.0,Q0,weighted_proportional,1,1.5070032969994482,1.5070032969994482,0.0,0.0,0.0,0.0,0.9090908986590723,0.9572374939891118
p011,29,1.0,Q0,equal_kw_reduction,1,1.612487277003052,1.612487277003052,0.0,0.0,0.0,0.0,0.9090909085411034,0.9577651340631068
p011,29,1.0,Q0,flat_level,1,1.1849636607191736,1.1849636607191736,0.0,0.0,0.0,0.0,0.9090908983503695,0.955563065083861
p011,29,1.0,Q0,max_export_lp,1,1.6572322875094938,1.6572322875094938,0.0,0.0,0.0,0.0,0.9090908879931944,0.9580058048566669
p011,29,1.0,Q0,fairness_qp,1,1.5948810760742278,1.5948810760742278,0.0,0.0,0.0,0.0,0.9090908901901453,0.9577105026709762
p011,29,1.0,Q95,weighted_proportional,1,1.5070032970001674,1.5070032970001674,0.0,0.0,0.0,0.0,0.9090908975310804,0.9556770734851585
p011,29,1.0,Q95,equal_kw_reduction,1,1.612487277003052,1.612487277003052,0.0,0.0,0.0,0.0,0.9090908917775226,0.9560812375763708
p011,29,1.0,Q95,flat_level,1,1.1849636607191736,1.1849636607191736,0.0,0.0,0.0,0.0,0.9090909069966064,0.9543941331679278
p011,29,1.0,Q95,max_export_lp,1,1.6572322873433465,1.6572322873433465,0.0,0.0,0.0,0.0,0.9090909076611658,0.956265611819685
p011,29,1.0,Q95,fairness_qp,1,1.5948810871865815,1.5948810871865815,0.0,0.0,0.0,0.0,0.9090909102228547,0.9560392884682518
p011,29,1.1,Q0,weighted_proportional,1,1.5070032969994482,1.5048253003940442,-0.0021779966054040756,0.004050755469740435,0.0029617571670384236,0.005139753772442448,0.9090909045252862,0.957219694449161
p011,29,1.1,Q0,equal_kw_reduction,1,1.612487277003052,1.6116777619129175,-0.0008095150901346049,0.0038668259902350783,0.0034620684451677833,0.004271583535302373,0.9090908957356605,0.9577533874919386
p011,29,1.1,Q0,flat_level,1,1.1849636607191736,1.1752862777655144,-0.009677382953659164,0.00845331647682954,0.0036146250000000033,0.013292007953659077,0.9090909109505978,0.9555048252102137
p011,29,1.1,Q0,max_export_lp,1,1.6572322875094938,1.6572322871861331,-3.2336067157245907e-10,1.1033222161165469e-07,0.0,1.044325625306191e-07,0.9090908952693894,0.9580058042749987
p011,29,1.1,Q0,fairness_qp,1,1.5948810760742278,1.5941500423961337,-0.0007310336780941284,0.002772105936100193,0.002406589097053099,0.003137622775147287,0.9090908998681189,0.9577017523590831
p011,29,1.1,Q95,weighted_proportional,1,1.5070032970001674,1.5048253003923469,-0.002177996607820587,0.004050755470895952,0.002961757166985643,0.00513975377480626,0.9090909178367192,0.9556634340128336
p011,29,1.1,Q95,equal_kw_reduction,1,1.612487277003052,1.6116777619129175,-0.0008095150901346049,0.0038668259902350783,0.0034620684451677833,0.004271583535302373,0.9090909002045579,0.9560722350884648
p011,29,1.1,Q95,flat_level,1,1.1849636607191736,1.1752862777655144,-0.009677382953659164,0.00845331647682954,0.0036146250000000033,0.013292007953659077,0.9090909068786626,0.9543494780721355
p011,29,1.1,Q95,max_export_lp,1,1.6572322873433465,1.657232287218807,-1.2453948983193186e-10,4.648490955675528e-08,2.3620939509916283e-09,4.654717925163532e-08,0.9090909000852533,0.9562656116147654
p011,29,1.1,Q95,fairness_qp,1,1.5948810871865815,1.5941500547919951,-0.0007310323945863839,0.0027721030345977246,0.0024065868373045023,0.0031376192318909473,0.9090908939705393,0.956032581624734
p011,29,1.2,Q0,weighted_proportional,1,1.5070032969994482,1.5021867732943637,-0.004816523705084563,0.0082996068376174,0.005891344985075046,0.010707868690159755,0.9090909127966501,0.957199926710288
p011,29,1.2,Q0,equal_kw_reduction,1,1.612487277003052,1.610373210771992,-0.002114066231060141,0.007964099797217697,0.006907066681687578,0.009021132912747818,0.9090908910625589,0.9577396257369248
p011,29,1.2,Q0,flat_level,1,1.1849636607191736,1.1640520224119129,-0.020911638307260727,0.017685069153630304,0.0072292499999999996,0.02814088830726061,0.9090909103711439,0.9554390179114688
p011,29,1.2,Q0,max_export_lp,1,1.6572322875094938,1.6572322873982865,-1.112072656184182e-10,3.7812596510519714e-08,0.0,3.568951222531966e-08,0.9090908954795468,0.9580058046469623
p011,29,1.2,Q0,fairness_qp,1,1.5948810760742278,1.5932138882652076,-0.0016671878090201986,0.005494851029832856,0.004661257125322799,0.006328444934342913,0.9090908948014651,0.9576925105061076
p011,29,1.2,Q95,weighted_proportional,1,1.5070032970001674,1.5021867732944465,-0.004816523705720943,0.008299606837922883,0.005891344985062379,0.010707868690783388,0.9090909097218208,0.9556482864930688
p011,29,1.2,Q95,equal_kw_reduction,1,1.612487277003052,1.610373210771992,-0.002114066231060141,0.007964099797217697,0.006907066681687578,0.009021132912747818,0.9090909045307,0.9560616885899833
p011,29,1.2,Q95,flat_level,1,1.1849636607191736,1.1640520224119129,-0.020911638307260727,0.017685069153630304,0.0072292499999999996,0.02814088830726061,0.9090908993011723,0.9542990204943903
p011,29,1.2,Q95,max_export_lp,1,1.6572322873433465,1.6572322872034515,-1.398949844855224e-10,5.352039918107149e-08,5.971430416112922e-09,5.3590346587445437e-08,0.9090908905193869,0.9562656116531418
p011,29,1.2,Q95,fairness_qp,1,1.5948810871865815,1.5932139008843074,-0.0016671863022741373,0.005494845890184138,0.004661252739047019,0.006328439041321257,0.909090912790729,0.9560254982202099
p011,29,1.3,Q0,weighted_proportional,1,1.5070032969994482,1.4991007634441822,-0.007902533555266045,0.012737764566001437,0.00878649778836842,0.016689031343634454,0.909090920420605,0.957178255017907
p011,29,1.3,Q0,equal_kw_reduction,1,1.612487277003052,1.6085644830855081,-0.00392279391754391,0.012296076478856659,0.010334679520084697,0.01425747343762862,0.9090908967309569,0.95772381143063
p011,29,1.3,Q0,flat_level,1,1.1849636607191736,1.1511589198748342,-0.033804740844339376,0.027746245422169684,0.010843875000000003,0.044648615844339365,0.9090908945903534,0.9553651445590863
p011,29,1.3,Q0,max_export_lp,1,1.6572322875094938,1.657232287120901,-3.8859271356272984e-10,1.3201731516380684e-07,0.0,1.2950220252411215e-07,0.9090909102141155,0.9580058041521848
p011,29,1.3,Q0,fairness_qp,1,1.5948810760742278,1.592128532723685,-0.0027525433505428687,0.008127676883256732,0.00675140520311179,0.009503948558528184,0.9090909201165467,0.9576830403253433
p011,29,1.3,Q95,weighted_proportional,1,1.5070032970001674,1.4991007634427058,-0.007902533557461622,0.012737764567045572,0.008786497788314751,0.016689031345776394,0.9090908971549693,0.9556316800258465
p011,29,1.3,Q95,equal_kw_reduction,1,1.612487277003052,1.6085644830855081,-0.00392279391754391,0.012296076478856659,0.010334679520084697,0.01425747343762862,0.9090908967016365,0.9560495694000408
p011,29,1.3,Q95,flat_level,1,1.1849636607191736,1.1511589198748342,-0.033804740844339376,0.027746245422169684,0.010843875000000003,0.044648615844339365,0.9090909087436702,0.9542423778150088
p011,29,1.3,Q95,max_export_lp,1,1.6572322873433465,1.657232287052143,-2.9120350575340126e-10,9.952133328804949e-08,5.215459012580803e-09,9.966693498590293e-08,0.9090908998801148,0.956265611398982
p011,29,1.3,Q95,fairness_qp,1,1.5948810871865815,1.5921285293823029,-0.0027525578042786325,0.008127688219585153,0.006751409317445781,0.009503967121724525,0.9090909024398592,0.9560182395921256
p011,29,1.4,Q0,weighted_proportional,1,1.5070032969994482,1.4955812563094855,-0.011422040689962776,0.017356121029973935,0.01164510068499251,0.023067141374955365,0.909090904060358,0.9571547472716083
p011,29,1.4,Q0,equal_kw_reduction,1,1.612487277003052,1.6062404863738597,-0.006246790629192311,0.016867919775658442,0.013744524461062342,0.019991315090254543,0.9090909031230803,0.9577058993078386
p011,29,1.4,Q0,flat_level,1,1.1849636607191736,1.1466226810481521,-0.03834097967102146,0.03119309490102022,0.0120226050655095,0.05036358473653094,0.9090909122958389,0.9553394851120135
p011,29,1.4,Q0,max_export_lp,1,1.6572322875094938,1.657232287011171,-4.983227164245818e-10,1.6821605870233087e-07,0.0,1.6367210116125658e-07,0.9090908875244065,0.9580058039613261
p011,29,1.4,Q0,fairness_qp,1,1.5948810760742278,1.5909477119327973,-0.003933364141430529,0.010636149398562802,0.00866946732751563,0.012602831469278045,0.9090909186545767,0.9576735834900054
p011,29,1.4,Q95,weighted_proportional,1,1.5070032970001674,1.4955812563068533,-0.011422040693314095,0.017356121031560243,0.011645100684903119,0.023067141378217366,0.9090909143038162,0.9556136665674774
p011,29,1.4,Q95,equal_kw_reduction,1,1.612487277003052,1.6062404863738597,-0.006246790629192311,0.016867919775658442,0.013744524461062342,0.019991315090254543,0.9090909093348075,0.9560358427772708
p011,29,1.4,Q95,flat_level,1,1.1849636607191736,1.1466226810481521,-0.03834097967102146,0.03119309490102022,0.0120226050655095,0.05036358473653094,0.9090909120877142,0.9542227033070007
p011,29,1.4,Q95,max_export_lp,1,1.6572322873433465,1.6572322870491174,-2.9422908554010974e-10,9.905612345157593e-08,0.0,9.839174937341724e-08,0.9090908997269556,0.9562656114381025
p011,29,1.4,Q95,fairness_qp,1,1.5948810871865815,1.5909477073264582,-0.0039333798601233205,0.01063616231731159,0.008669472387249928,0.012602852247373253,0.9090909133276026,0.9560109915034227
p011,29,1.5,Q0,weighted_proportional,1,1.5070032969994482,1.491643068801888,-0.015360228197560222,0.02214530839046522,0.014465194291685097,0.02982542248924535,0.9090909022267328,0.9571294746128717
p011,29,1.5,Q0,equal_kw_reduction,1,1.612487277003052,1.603387976057946,-0.009099300945106137,0.02168579526754937,0.017136144794996346,0.026235445740102392,0.9090908959149694,0.957685835262434
p011,29,1.5,Q0,flat_level,1,1.1849636607191736,1.1466226810481521,-0.03834097967102146,0.03119309490102022,0.0120226050655095,0.05036358473653094,0.9090909122958389,0.9553394851120135
p011,29,1.5,Q0,max_export_lp,1,1.6572322875094938,1.6572322870740837,-4.354101523773579e-10,1.4729876560972896e-07,0.0,1.434626009837528e-07,0.9090908951301001,0.958005804103132
p011,29,1.5,Q0,fairness_qp,1,1.5948810760742278,1.589720193670406,-0.005160882403821843,0.012993410024503336,0.01041296882070145,0.015573851226414234,0.9090909056007045,0.9576643485348661
p011,29,1.5,Q95,weighted_proportional,1,1.5070032970001674,1.491643068815025,-0.015360228185142377,0.02214530838464025,0.014465194292069022,0.029825422477211476,0.9090908923159704,0.9555943007867288
p011,29,1.5,Q95,equal_kw_reduction,1,1.612487277003052,1.603387976057946,-0.009099300945106137,0.02168579526754937,0.017136144794996346,0.026235445740102392,0.9090909019175414,0.956020467256108
p011,29,1.5,Q95,flat_level,1,1.1849636607191736,1.1466226810481521,-0.03834097967102146,0.03119309490102022,0.0120226050655095,0.05036358473653094,0.9090909120877142,0.9542227033070007
p011,29,1.5,Q95,max_export_lp,1,1.6572322873433465,1.6572322871728613,-1.7048518152762426e-10,5.8503836664275735e-08,5.438957617620588e-10,5.85890792322713e-08,0.9090909074266861,0.9562656115730371
p011,29,1.5,Q95,fairness_qp,1,1.5948810871865815,1.589720184580186,-0.005160902606395457,0.01299342833769786,0.010412977034500077,0.015573879640895644,0.9090908921503138,0.956003913554462
p011,29,1.6,Q0,weighted_proportional,1,1.5070032969994482,1.487301741275847,-0.019701555723601327,0.02709575593004975,0.0172449780682491,0.03694653379185041,0.9090909096903868,0.9571025110611944
p011,29,1.6,Q0,equal_kw_reduction,1,1.612487277003052,1.6032629200268471,-0.00922435697620494,0.021883332729376568,0.017271154241274074,0.026495511217479062,0.9090908863293188,0.9576849887584078
p011,29,1.6,Q0,flat_level,1,1.1849636607191736,1.1466226810481521,-0.03834097967102146,0.03119309490102022,0.0120226050655095,0.05036358473653094,0.9090909122958389,0.9553394851120135
p011,29,1.6,Q0,max_export_lp,1,1.6572322875094938,1.6572322870055947,-5.03899144632669e-10,1.6981686612341316e-07,0.0,1.6529994655402683e-07,0.9090908875307946,0.9580058039680578
p011,29,1.6,Q0,fairness_qp,1,1.5948810760742278,1.5884876510399553,-0.006393425034272537,0.015180841871695714,0.01198412935447261,0.018377554388832026,0.909090904052542,0.9576555031424184
p011,29,1.6,Q95,weighted_proportional,1,1.5070032970001674,1.4873017412813696,-0.019701555718797836,0.02709575592781174,0.017244978068412797,0.03694653378721068,0.9090908974734524,0.9555736391841686
p011,29,1.6,Q95,equal_kw_reduction,1,1.612487277003052,1.6032629200268471,-0.00922435697620494,0.021883332729376568,0.017271154241274074,0.026495511217479062,0.9090908997177346,0.956019818557861
p011,29,1.6,Q95,flat_level,1,1.1849636607191736,1.1466226810481521,-0.03834097967102146,0.03119309490102022,0.0120226050655095,0.05036358473653094,0.9090909120877142,0.9542227033070007
p011,29,1.6,Q95,max_export_lp,1,1.6572322873433465,1.6572322870026988,-3.4064773224429246e-10,1.1443708060375826e-07,0.0,1.1361978424209371e-07,0.9090908997471883,0.9562656113592712
p011,29,1.6,Q95,fairness_qp,1,1.5948810871865815,1.5884876408848037,-0.00639344630177785,0.015180862007320831,0.0119841388564319,0.018377585158209763,0.9090909190959369,0.955997134320721
p011,29,1.7,Q0,weighted_proportional,1,1.5070032969994482,1.40710500000213,-0.09989829699731834,0.06734707839649064,0.017397929897831444,0.11729622689514983,0.9090908945305134,0.9567440276816684
p011,29,1.7,Q0,equal_kw_reduction,1,1.612487277003052,1.6032629200268471,-0.00922435697620494,0.021883332729376568,0.017271154241274074,0.026495511217479062,0.9090908863293188,0.9576849887584078
p011,29,1.7,Q0,flat_level,1,1.1849636607191736,1.1466226810481521,-0.03834097967102146,0.03119309490102022,0.0120226050655095,0.05036358473653094,0.9090909122958389,0.9553394851120135
p011,29,1.7,Q0,max_export_lp,1,1.6572322875094938,1.6572322891920515,1.6825576487633498e-09,5.721237397396535e-07,5.1387668183189295e-09,5.71282460853635e-07,0.9090909122416392,0.9580058078439521
p011,29,1.7,Q0,fairness_qp,1,1.5948810760742278,1.5872836103915173,-0.007597465682710469,0.017187786157142157,0.013389053310723164,0.02098651899849742,0.9090909060948618,0.9576471718929821
p011,29,1.7,Q95,weighted_proportional,1,1.5070032970001674,1.4071050000049505,-0.0998982969952169,0.06734707839542527,0.01739792989781675,0.11729622689303379,0.9090909036229882,0.9552989588572871
p011,29,1.7,Q95,equal_kw_reduction,1,1.612487277003052,1.6032629200268471,-0.00922435697620494,0.021883332729376568,0.017271154241274074,0.026495511217479062,0.9090908997177346,0.956019818557861
p011,29,1.7,Q95,flat_level,1,1.1849636607191736,1.1466226810481521,-0.03834097967102146,0.03119309490102022,0.0120226050655095,0.05036358473653094,0.9090909120877142,0.9542227033070007
p011,29,1.7,Q95,max_export_lp,1,1.6572322873433465,1.6572322882749309,9.315843652046851e-10,3.196029417191571e-07,5.8976305020164155e-09,3.191371494393018e-07,0.9090909012176633,0.9562656131062798
p011,29,1.7,Q95,fairness_qp,1,1.5948810871865815,1.5872836045825247,-0.007597482604056793,0.017187799716857174,0.01338905841482883,0.02098654101888552,0.909090904384191,0.955990749158807
p011,29,1.74,Q0,weighted_proportional,1,1.5070032969994482,1.3758656896578856,-0.13113760734156266,0.08296673356861278,0.017397929897831444,0.1485355372393941,0.909090914420579,0.9566044675586776
p011,29,1.74,Q0,equal_kw_reduction,1,1.612487277003052,1.6032629200268471,-0.00922435697620494,0.021883332729376568,0.017271154241274074,0.026495511217479062,0.9090908863293188,0.9576849887584078
p011,29,1.74,Q0,flat_level,1,1.1849636607191736,1.1466226810481521,-0.03834097967102146,0.03119309490102022,0.0120226050655095,0.05036358473653094,0.9090909122958389,0.9553394851120135
p011,29,1.74,Q0,max_export_lp,1,1.6572322875094938,1.657232287452929,-5.65647528816271e-11,2.5100515346494334e-08,0.0,2.1569894224373297e-08,0.9090909029906761,0.9580058047643646
p011,29,1.74,Q0,fairness_qp,1,1.5948810760742278,1.5868158975936628,-0.008065178480564983,0.017939021804359103,0.013906432564076667,0.02197161104464154,0.9090909093292798,0.9576440032512274
p011,29,1.74,Q95,weighted_proportional,1,1.5070032970001674,1.375865689657879,-0.13113760734228852,0.08296673356896103,0.01739792989781675,0.1485355372401053,0.9090908935419761,0.9551920170066396
p011,29,1.74,Q95,equal_kw_reduction,1,1.612487277003052,1.6032629200268471,-0.00922435697620494,0.021883332729376568,0.017271154241274074,0.026495511217479062,0.9090908997177346,0.956019818557861
p011,29,1.74,Q95,flat_level,1,1.1849636607191736,1.1466226810481521,-0.03834097967102146,0.03119309490102022,0.0120226050655095,0.05036358473653094,0.9090909120877142,0.9542227033070007
p011,29,1.74,Q95,max_export_lp,1,1.6572322873433465,1.6572322871298972,-2.1344925826838335e-10,7.20383058899223e-08,1.057591098030386e-10,7.214503048875304e-08,0.9090909073713838,0.9562656115148653
p011,29,1.74,Q95,fairness_qp,1,1.5948810871865815,1.5868158940884771,-0.008065193098104384,0.01793902940582816,0.013906432856775976,0.021971625954880347,0.909090899305574,0.9559883207154003
p011,29,1.8,Q0,weighted_proportional,1,1.5070032969994482,1.3316100000039894,-0.1753932969954588,0.10509457839556084,0.017397929897831444,0.19279122689329023,0.909090892084155,0.9564066790741843
p011,29,1.8,Q0,equal_kw_reduction,1,1.612487277003052,1.6032629200268471,-0.00922435697620494,0.021883332729376568,0.017271154241274074,0.026495511217479062,0.9090908863293188,0.9576849887584078
p011,29,1.8,Q0,flat_level,1,1.1849636607191736,1.1466226810481521,-0.03834097967102146,0.03119309490102022,0.0120226050655095,0.05036358473653094,0.9090909122958389,0.9553394851120135
p011,29,1.8,Q0,max_export_lp,1,1.6572322875094938,1.6572322870569256,-4.5256820513372986e-10,1.5253170303517827e-07,0.0,1.4816880610380584e-07,0.9090908951679308,0.9580058040426657
p011,29,1.8,Q0,fairness_qp,1,1.5948810760742278,1.586133329818936,-0.008747746255291844,0.019010658120990696,0.014636784993344806,0.023384531248636584,0.9090909039465133,0.9576394379985518
p011,29,1.8,Q95,weighted_proportional,1,1.5070032970001674,1.331610000019665,-0.17539329698050254,0.10509457838806809,0.01739792989781675,0.19279122687831943,0.9090909096105718,0.9550404493038667
p011,29,1.8,Q95,equal_kw_reduction,1,1.612487277003052,1.6032629200268471,-0.00922435697620494,0.021883332729376568,0.017271154241274074,0.026495511217479062,0.9090908997177346,0.956019818557861
p011,29,1.8,Q95,flat_level,1,1.1849636607191736,1.1466226810481521,-0.03834097967102146,0.03119309490102022,0.0120226050655095,0.05036358473653094,0.9090909120877142,0.9542227033070007
p011,29,1.8,Q95,max_export_lp,1,1.6572322873433465,1.6572322870467473,-2.965991896530795e-10,9.924768015089807e-08,0.0,9.939085176191229e-08,0.909090907358683,0.9562656114013918
p011,29,1.8,Q95,fairness_qp,1,1.5948810871865815,1.586133321620811,-0.008747765565770393,0.019010666740361396,0.014636783957476186,0.023384549523246607,0.9090908913735242,0.9559848218294508
p011,29,1.9,Q0,weighted_proportional,1,1.5070032969994482,1.2640618421121665,-0.2429414548872817,0.13886865734147233,0.017397929897831444,0.26033938478511326,0.9090909036130685,0.956104614057788
p011,29,1.9,Q0,equal_kw_reduction,1,1.612487277003052,1.6032629200268471,-0.00922435697620494,0.021883332729376568,0.017271154241274074,0.026495511217479062,0.9090908863293188,0.9576849887584078
p011,29,1.9,Q0,flat_level,1,1.1849636607191736,1.1466226810481521,-0.03834097967102146,0.03119309490102022,0.0120226050655095,0.05036358473653094,0.9090909122958389,0.9553394851120135
p011,29,1.9,Q0,max_export_lp,1,1.6572322875094938,1.657232287210167,-2.993267855799786e-10,1.0663551573724577e-07,0.0,9.987507203484004e-08,0.9090908952672901,0.9580058043229528
p011,29,1.9,Q0,fairness_qp,1,1.5948810760742278,1.5850544148401078,-0.009826661234120015,0.02065158544543734,0.015738254828377343,0.025564916062497337,0.9090909001689708,0.9576323483197089
p011,29,1.9,Q95,weighted_proportional,1,1.5070032970001674,1.2640618421219172,-0.24294145487825025,0.13886865733694195,0.01739792989781675,0.26033938477606716,0.9090909023104722,0.954808958302804
p011,29,1.9,Q95,equal_kw_reduction,1,1.612487277003052,1.6032629200268471,-0.00922435697620494,0.021883332729376568,0.017271154241274074,0.026495511217479062,0.9090908997177346,0.956019818557861
p011,29,1.9,Q95,flat_level,1,1.1849636607191736,1.1466226810481521,-0.03834097967102146,0.03119309490102022,0.0120226050655095,0.05036358473653094,0.9090909120877142,0.9542227033070007
p011,29,1.9,Q95,max_export_lp,1,1.6572322873433465,1.6572322871258103,-2.1753621126663347e-10,7.343947263548567e-08,1.221381815130762e-10,7.354824073727007e-08,0.9090909074761947,0.9562656115250013
p011,29,1.9,Q95,fairness_qp,1,1.5948810871865815,1.5850543964667916,-0.009826690719789921,0.020651607070446023,0.015738261710551062,0.025564952430340983,0.9090908929054742,0.9559793881640932
p011,29,2.0,Q0,weighted_proportional,1,1.5070032969994482,1.2032685000056744,-0.3037347969937738,0.16926532839471833,0.017397929897831444,0.3211327268916052,0.9090909006136335,0.9558325720542917
p011,29,2.0,Q0,equal_kw_reduction,1,1.612487277003052,1.6032629200268471,-0.00922435697620494,0.021883332729376568,0.017271154241274074,0.026495511217479062,0.9090908863293188,0.9576849887584078
p011,29,2.0,Q0,flat_level,1,1.1849636607191736,1.1466226810481521,-0.03834097967102146,0.03119309490102022,0.0120226050655095,0.05036358473653094,0.9090909122958389,0.9553394851120135
p011,29,2.0,Q0,max_export_lp,1,1.6572322875094938,1.6572322870498606,-4.596332203732345e-10,1.595507840800839e-07,0.0,1.52039370732702e-07,0.9090908951076734,0.9580058040544152
p011,29,2.0,Q0,fairness_qp,1,1.5948810760742278,1.5840578963452294,-0.010823179728998378,0.022117046068744817,0.016705456204245645,0.027528635933243985,0.9090908962679416,0.957625920033847
p011,29,2.0,Q95,weighted_proportional,1,1.5070032970001674,1.2032685000134429,-0.30373479698672456,0.16926532839117903,0.01739792989781675,0.3211327268845413,0.9090909051665079,0.9546004602686597
p011,29,2.0,Q95,equal_kw_reduction,1,1.612487277003052,1.6032629200268471,-0.00922435697620494,0.021883332729376568,0.017271154241274074,0.026495511217479062,0.9090908997177346,0.956019818557861
p011,29,2.0,Q95,flat_level,1,1.1849636607191736,1.1466226810481521,-0.03834097967102146,0.03119309490102022,0.0120226050655095,0.05036358473653094,0.9090909120877142,0.9542227033070007
p011,29,2.0,Q95,max_export_lp,1,1.6572322873433465,1.65723228720617,-1.3717649238742524e-10,4.865808626402764e-08,1.5345810837341656e-09,4.872667445053602e-08,0.9090909073882139,0.9562656116326823
p011,29,2.0,Q95,fairness_qp,1,1.5948810871865815,1.5840578897356765,-0.010823197450904987,0.022117056132690965,0.016705457407228567,0.027528654858143424,0.9090908969073289,0.9559744618079149
p012,32,1.0,Q0,weighted_proportional,1,1.5070032969994482,1.5070032969994482,0.0,0.0,0.0,0.0,0.9090908986590723,0.9572374939891118
p012,32,1.0,Q0,equal_kw_reduction,1,1.612487277003052,1.612487277003052,0.0,0.0,0.0,0.0,0.9090909085411034,0.9577651340631068
p012,32,1.0,Q0,flat_level,1,1.1849636607191736,1.1849636607191736,0.0,0.0,0.0,0.0,0.9090908983503695,0.955563065083861
p012,32,1.0,Q0,max_export_lp,1,1.6572322875094938,1.6572322875094938,0.0,0.0,0.0,0.0,0.9090908879931944,0.9580058048566669
p012,32,1.0,Q0,fairness_qp,1,1.5948810760742278,1.5948810760742278,0.0,0.0,0.0,0.0,0.9090908901901453,0.9577105026709762
p012,32,1.0,Q95,weighted_proportional,1,1.5070032970001674,1.5070032970001674,0.0,0.0,0.0,0.0,0.9090908975310804,0.9556770734851585
p012,32,1.0,Q95,equal_kw_reduction,1,1.612487277003052,1.612487277003052,0.0,0.0,0.0,0.0,0.9090908917775226,0.9560812375763708
p012,32,1.0,Q95,flat_level,1,1.1849636607191736,1.1849636607191736,0.0,0.0,0.0,0.0,0.9090909069966064,0.9543941331679278
p012,32,1.0,Q95,max_export_lp,1,1.6572322873433465,1.6572322873433465,0.0,0.0,0.0,0.0,0.9090909076611658,0.956265611819685
p012,32,1.0,Q95,fairness_qp,1,1.5948810871865815,1.5948810871865815,0.0,0.0,0.0,0.0,0.9090909102228547,0.9560392884682518
p012,32,1.1,Q0,weighted_proportional,1,1.5070032969994482,1.5085080815506624,0.0015047845512141667,0.005763473491876316,0.006515865767483392,0.005011081216269238,0.9090908914238061,0.9572260775468251
p012,32,1.1,Q0,equal_kw_reduction,1,1.612487277003052,1.6156159210973329,0.003128644094280819,0.006221524300938187,0.007785846348078648,0.004657202253797726,0.9090908964024196,0.9577592705357437
p012,32,1.1,Q0,flat_level,1,1.1849636607191736,1.1849636607191736,0.0,0.0,0.0,0.0,0.9090908983503695,0.955563065083861
p012,32,1.1,Q0,max_export_lp,1,1.6572322875094938,1.6604918710922487,0.0032595835827549102,0.006322383208622132,0.00795217499999959,0.004692591417244673,0.9090909152699773,0.9580050397717151
p012,32,1.1,Q0,fairness_qp,1,1.5948810760742278,1.5972721217677408,0.0023910456935130053,0.005434059593203316,0.006629582438257314,0.004238536746446792,0.9090909049981348,0.957704174427331
p012,32,1.1,Q95,weighted_proportional,1,1.5070032970001674,1.5085080815750274,0.0015047845748599187,0.005763473481220751,0.006515865768650639,0.005011081193790862,0.9090909066336043,0.9556683216389006
p012,32,1.1,Q95,equal_kw_reduction,1,1.612487277003052,1.6156159210973329,0.003128644094280819,0.006221524300938187,0.007785846348078648,0.004657202253797726,0.9090908936316872,0.9560767382468515
p012,32,1.1,Q95,flat_level,1,1.1849636607191736,1.1849636607191736,0.0,0.0,0.0,0.0,0.9090909069966064,0.9543941331679278
p012,32,1.1,Q95,max_export_lp,1,1.6572322873433465,1.6604918707624636,0.0032595834191171402,0.006322383290440233,0.00795217499999884,0.004692591580881625,0.9090909168438897,0.9562650142666841
p012,32,1.1,Q95,fairness_qp,1,1.5948810871865815,1.5972721365164038,0.002391049329822259,0.005434059884521935,0.006629584549433062,0.004238535219610808,0.9090908968650631,0.9560344336309471
p012,32,1.2,Q0,weighted_proportional,1,1.5070032969994482,1.5095244563115473,0.002521159312099064,0.011700379311101409,0.012960958967150937,0.010439799655051879,0.9090909211198326,0.9572126433688103
p012,32,1.2,Q0,equal_kw_reduction,1,1.612487277003052,1.6182167301936463,0.005729453190594258,0.012688764894033696,0.015553491489330828,0.009824038298736563,0.909090887473496,0.957751256379875
p012,32,1.2,Q0,flat_level,1,1.1849636607191736,1.1849636607191736,0.0,0.0,0.0,0.0,0.9090908983503695,0.955563065083861
p012,32,1.2,Q0,max_export_lp,1,1.6572322875094938,1.6632176167377186,0.005985329228224812,0.012911685385885562,0.015904349999998,0.009919020771773123,0.9090909249412112,0.9580026202399463
p012,32,1.2,Q0,fairness_qp,1,1.5948810760742278,1.5992124088609645,0.004331332786736697,0.010865477161894867,0.013031143552035385,0.008699810768526488,0.9090909012119759,0.9576965238755493
p012,32,1.2,Q95,weighted_proportional,1,1.5070032970001674,1.5095244563116714,0.0025211593115039843,0.011700379311373282,0.01296095896712525,0.010439799655621314,0.9090909112101114,0.9556580232078525
p012,32,1.2,Q95,equal_kw_reduction,1,1.612487277003052,1.6182167301936463,0.005729453190594258,0.012688764894033696,0.015553491489330828,0.009824038298736563,0.909090899542569,0.9560705902678778
p012,32,1.2,Q95,flat_level,1,1.1849636607191736,1.1849636607191736,0.0,0.0,0.0,0.0,0.9090909069966064,0.9543941331679278
p012,32,1.2,Q95,max_export_lp,1,1.6572322873433465,1.6632176168770547,0.005985329533708228,0.012911685233138535,0.01590434999999274,0.009919020466284331,0.9090909157458557,0.9562631489704566
p012,32,1.2,Q95,fairness_qp,1,1.5948810871865815,1.5992124068968883,0.004331319710306758,0.010865484587878595,0.01303114444303076,0.008699824732725238,0.9090908950559082,0.9560285649622048
p012,32,1.3,Q0,weighted_proportional,1,1.5070032969994482,1.5100623668591553,0.003059069859707053,0.017800760204506938,0.01933029513436045,0.016271225274653425,0.9090909069104274,0.957197250435846
p012,32,1.3,Q0,equal_kw_reduction,1,1.612487277003052,1.6202741767684543,0.007786899765402255,0.019408950109209237,0.023302399991910416,0.015515500226508055,0.9090909154146276,0.9577410282505854
p012,32,1.3,Q0,flat_level,1,1.1849636607191736,1.1849636607191736,0.0,0.0,0.0,0.0,0.9090908983503695,0.955563065083861
p012,32,1.3,Q0,max_export_lp,1,1.6572322875094938,1.6653801408349234,0.008147853325429555,0.019782598337271095,0.02385652499998593,0.01570867167455626,0.9090909142110509,0.9579984573176794
p012,32,1.3,Q0,fairness_qp,1,1.5948810760742278,1.6007407994775655,0.0058597234033377354,0.016286490201138735,0.019216351897695272,0.0133566284994699,0.9090909001154537,0.9576876880808579
p012,32,1.3,Q95,weighted_proportional,1,1.5070032970001674,1.5100623668584277,0.0030590698582602105,0.017800760205156065,0.019330295134286163,0.01627122527602597,0.9090908920739853,0.9556462234090186
p012,32,1.3,Q95,equal_kw_reduction,1,1.612487277003052,1.6202741767684543,0.007786899765402255,0.019408950109209237,0.023302399991910416,0.015515500226508055,0.909090893482153,0.956062745295901
p012,32,1.3,Q95,flat_level,1,1.1849636607191736,1.1849636607191736,0.0,0.0,0.0,0.0,0.9090909069966064,0.9543941331679278
p012,32,1.3,Q95,max_export_lp,1,1.6572322873433465,1.6653801414820122,0.0081478541386657,0.019782597930663042,0.02385652499999598,0.015708670861330105,0.9090909023388742,0.956259946935881
p012,32,1.3,Q95,fairness_qp,1,1.5948810871865815,1.6007407929736615,0.00585970578707995,0.016286496781357945,0.01921634967489788,0.013356643887818006,0.9090909131489225,0.9560217878043563
p012,32,1.4,Q0,weighted_proportional,1,1.5070032969994482,1.5101328577217963,0.003129560722348046,0.02405444114578293,0.025619221506956877,0.02248966078460898,0.9090908978921141,0.9571799616632477
p012,32,1.4,Q0,equal_kw_reduction,1,1.612487277003052,1.6217700692442916,0.009282792241239513,0.026390548439422942,0.03103194456004274,0.021749152318803144,0.9090908871115284,0.9577285122524248
p012,32,1.4,Q0,flat_level,1,1.1849636607191736,1.1849636607191736,0.0,0.0,0.0,0.0,0.9090908983503695,0.955563065083861
p012,32,1.4,Q0,max_export_lp,1,1.6572322875094938,1.6659699381995925,0.008737650690098686,0.02213842465494459,0.026507249999993945,0.017769599309895228,0.9090908967942644,0.9579966618906467
p012,32,1.4,Q0,fairness_qp,1,1.5948810760742278,1.6017742797557093,0.006893203681481497,0.021519482453675534,0.02496608429087023,0.018072880612934814,0.9090909068678434,0.9576777661696554
p012,32,1.4,Q95,weighted_proportional,1,1.5070032970001674,1.5101328577194861,0.0031295607193186914,0.024054441147122452,0.025619221506781753,0.02248966078746315,0.9090908953527747,0.955632970336321
p012,32,1.4,Q95,equal_kw_reduction,1,1.612487277003052,1.6217700692442916,0.009282792241239513,0.026390548439422942,0.03103194456004274,0.021749152318803144,0.9090909054281449,0.9560531465232797
p012,32,1.4,Q95,flat_level,1,1.1849636607191736,1.1849636607191736,0.0,0.0,0.0,0.0,0.9090909069966064,0.9543941331679278
p012,32,1.4,Q95,max_export_lp,1,1.6572322873433465,1.665969938328802,0.008737650985455536,0.022138424507267617,0.02650724999999539,0.01776959901453985,0.9090908978060664,0.956258566043463
p012,32,1.4,Q95,fairness_qp,1,1.5948810871865815,1.6017742757304438,0.006893188543862339,0.021519495922814123,0.0249660901947453,0.018072901650882947,0.9090908910579948,0.9560141784724195
p012,32,1.5,Q0,weighted_proportional,1,1.5070032969994482,1.5097479745594353,0.0027446775599870854,0.03045108866171405,0.03182342744170756,0.02907874988172054,0.9090909076829378,0.9571608435581526
p012,32,1.5,Q0,equal_kw_reduction,1,1.612487277003052,1.6218769083298783,0.009389631326826242,0.027034838577860962,0.03172965424127408,0.02234002291444785,0.9090909049159329,0.9577272652817368
p012,32,1.5,Q0,flat_level,1,1.1849636607191736,1.1849636607191736,0.0,0.0,0.0,0.0,0.9090908983503695,0.955563065083861
p012,32,1.5,Q0,max_export_lp,1,1.6572322875094938,1.6659699381747002,0.008737650665206376,0.02213842466739262,0.02650724999999589,0.01776959933478935,0.9090909042558855,0.9579966618555262
p012,32,1.5,Q0,fairness_qp,1,1.5948810760742278,1.6023934283362187,0.007512352261990873,0.026433475000120374,0.030189651126152836,0.022677298869124965,0.909090898206177,0.957667350287076
p012,32,1.5,Q95,weighted_proportional,1,1.5070032970001674,1.5097479745704594,0.0027446775702919535,0.03045108865725642,0.03182342744240234,0.029078749872110503,0.9090908920424716,0.9556183151133761
p012,32,1.5,Q95,equal_kw_reduction,1,1.612487277003052,1.6218769083298783,0.009389631326826242,0.027034838577860962,0.03172965424127408,0.02234002291444785,0.9090908977462384,0.956052190243713
p012,32,1.5,Q95,flat_level,1,1.1849636607191736,1.1849636607191736,0.0,0.0,0.0,0.0,0.9090909069966064,0.9543941331679278
p012,32,1.5,Q95,max_export_lp,1,1.6572322873433465,1.6659699380498085,0.008737650706462041,0.022138424646768528,0.026507249999999566,0.01776959929353749,0.9090909050273865,0.9562585656750873
p012,32,1.5,Q95,fairness_qp,1,1.5948810871865815,1.6023934291377524,0.007512341951170898,0.02643348096321895,0.03018965193880438,0.022677309987633523,0.9090908975867089,0.9560061910218868
p012,32,1.6,Q0,weighted_proportional,1,1.5070032969994482,1.5089206629531469,0.0019173659536986243,0.03698026877334164,0.03793895175019091,0.03602158579649236,0.9090909211565423,0.9571399657911391
p012,32,1.6,Q0,equal_kw_reduction,1,1.612487277003052,1.6218769083298783,0.009389631326826242,0.027034838577860962,0.03172965424127408,0.02234002291444785,0.9090909049159329,0.9577272652817368
p012,32,1.6,Q0,flat_level,1,1.1849636607191736,1.1849636607191736,0.0,0.0,0.0,0.0,0.9090908983503695,0.955563065083861
p012,32,1.6,Q0,max_export_lp,1,1.6572322875094938,1.665969938769021,0.00873765125952719,0.022138424370232532,0.026507249999996138,0.017769598740468923,0.9090908897607817,0.9579966628785872
p012,32,1.6,Q0,fairness_qp,1,1.5948810760742278,1.6027002248610225,0.007819148786794683,0.030518043217808564,0.03442761761120597,0.02660846882441116,0.9090909038461435,0.9576580735686773
p012,32,1.6,Q95,weighted_proportional,1,1.5070032970001674,1.508920662956429,0.0019173659562614631,0.03698026877225772,0.03793895175038847,0.036021585794126974,0.9090908958202271,0.955602311086158
p012,32,1.6,Q95,equal_kw_reduction,1,1.612487277003052,1.6218769083298783,0.009389631326826242,0.027034838577860962,0.03172965424127408,0.02234002291444785,0.9090908977462384,0.956052190243713
p012,32,1.6,Q95,flat_level,1,1.1849636607191736,1.1849636607191736,0.0,0.0,0.0,0.0,0.9090909069966064,0.9543941331679278
p012,32,1.6,Q95,max_export_lp,1,1.6572322873433465,1.665969938473236,0.008737651129889557,0.02213842443505378,0.02650724999999861,0.017769598870108955,0.9090908979721786,0.9562585662181938
p012,32,1.6,Q95,fairness_qp,1,1.5948810871865815,1.6027002204646803,0.0078191332780988,0.03051805093532476,0.03442761757437421,0.026608484296275315,0.9090908962389467,0.9559990772081509
p012,32,1.7,Q0,weighted_proportional,1,1.5070032969994482,1.4309190000543757,-0.07608429694507257,0.07631759424776553,0.03827544577522919,0.11435974272030186,0.9090909004102656,0.9567853262792467
p012,32,1.7,Q0,equal_kw_reduction,1,1.612487277003052,1.6218769083298783,0.009389631326826242,0.027034838577860962,0.03172965424127408,0.02234002291444785,0.9090909049159329,0.9577272652817368
p012,32,1.7,Q0,flat_level,1,1.1849636607191736,1.1849636607191736,0.0,0.0,0.0,0.0,0.9090908983503695,0.955563065083861
p012,32,1.7,Q0,max_export_lp,1,1.6572322875094938,1.6659699380794653,0.008737650569971445,0.022138424715011627,0.0265072499999974,0.017769599430025856,0.9090909192747825,0.9579966616603434
p012,32,1.7,Q0,fairness_qp,1,1.5948810760742278,1.6027504561533192,0.007869380079091437,0.030492928056655634,0.03442761809357579,0.026558238017109936,0.9090908925930767,0.9576583439556434
p012,32,1.7,Q95,weighted_proportional,1,1.5070032970001674,1.4309190000053933,-0.07608429699477415,0.07631759427258393,0.03827544577519687,0.11435974276997098,0.9090908942307135,0.9553305781838123
p012,32,1.7,Q95,equal_kw_reduction,1,1.612487277003052,1.6218769083298783,0.009389631326826242,0.027034838577860962,0.03172965424127408,0.02234002291444785,0.9090908977462384,0.956052190243713
p012,32,1.7,Q95,flat_level,1,1.1849636607191736,1.1849636607191736,0.0,0.0,0.0,0.0,0.9090909069966064,0.9543941331679278
p012,32,1.7,Q95,max_export_lp,1,1.6572322873433465,1.665969938680205,0.008737651336858443,0.022138424331570695,0.026507249999999913,0.017769598663141477,0.9090909131532662,0.9562585664584261
p012,32,1.7,Q95,fairness_qp,1,1.5948810871865815,1.6027504519107403,0.007869364724158778,0.03049293521316152,0.03442761757505902,0.02655825285108216,0.909090904023313,0.9559992843586806
p012,32,1.74,Q0,weighted_proportional,1,1.5070032969994482,1.4004617586216515,-0.10654153837779679,0.0915462149641276,0.03827544577522919,0.144816984153026,0.9090909078922409,0.956647139045482
p012,32,1.74,Q0,equal_kw_reduction,1,1.612487277003052,1.6218769083298783,0.009389631326826242,0.027034838577860962,0.03172965424127408,0.02234002291444785,0.9090909049159329,0.9577272652817368
p012,32,1.74,Q0,flat_level,1,1.1849636607191736,1.1849636607191736,0.0,0.0,0.0,0.0,0.9090908983503695,0.955563065083861
p012,32,1.74,Q0,max_export_lp,1,1.6572322875094938,1.6659699385322264,0.008737651022732607,0.022138424488626546,0.02650724999999285,0.01776959897726024,0.9090908895640663,0.9579966624706292
p012,32,1.74,Q0,fairness_qp,1,1.5948810760742278,1.6027689730465267,0.007887896972298858,0.030483669611570542,0.03442761809372703,0.026539721125421047,0.9090909166663123,0.9576584435764218
p012,32,1.74,Q95,weighted_proportional,1,1.5070032970001674,1.400461758630139,-0.10654153837002833,0.09154621496021102,0.03827544577519687,0.14481698414522517,0.9090908985099606,0.9552246894654943
p012,32,1.74,Q95,equal_kw_reduction,1,1.612487277003052,1.6218769083298783,0.009389631326826242,0.027034838577860962,0.03172965424127408,0.02234002291444785,0.9090908977462384,0.956052190243713
p012,32,1.74,Q95,flat_level,1,1.1849636607191736,1.1849636607191736,0.0,0.0,0.0,0.0,0.9090909069966064,0.9543941331679278
p012,32,1.74,Q95,max_export_lp,1,1.6572322873433465,1.6659699380349104,0.008737650691563958,0.02213842465421699,0.02650724999999904,0.01776959930843494,0.9090909049769468,0.9562585656220305
p012,32,1.74,Q95,fairness_qp,1,1.5948810871865815,1.6027689680630717,0.007887880876490172,0.03048367713607309,0.03442761757431813,0.02653973669782805,0.9090909125290785,0.9559993606085302
p012,32,1.8,Q0,weighted_proportional,1,1.5070032969994482,1.35731400000064,-0.14968929699880817,0.1131200942746333,0.03827544577522919,0.1879647427740374,0.9090909015663533,0.9564512973097486
p012,32,1.8,Q0,equal_kw_reduction,1,1.612487277003052,1.6218769083298783,0.009389631326826242,0.027034838577860962,0.03172965424127408,0.02234002291444785,0.9090909049159329,0.9577272652817368
p012,32,1.8,Q0,flat_level,1,1.1849636607191736,1.1849636607191736,0.0,0.0,0.0,0.0,0.9090908983503695,0.955563065083861
p012,32,1.8,Q0,max_export_lp,1,1.6572322875094938,1.665969938165391,0.008737650655897156,0.022138424672048403,0.026507249999997068,0.017769599344099742,0.9090908891942961,0.9579966618552247
p012,32,1.8,Q0,fairness_qp,1,1.5948810760742278,1.6027952459444996,0.007914169870271826,0.030470533163393772,0.0344276180937879,0.02651344822825788,0.9090909181726361,0.9576585849925863
p012,32,1.8,Q95,weighted_proportional,1,1.5070032970001674,1.357314000009369,-0.14968929699079836,0.11312009427059612,0.03827544577519687,0.18796474276599537,0.9090908976257188,0.9550746153562559
p012,32,1.8,Q95,equal_kw_reduction,1,1.612487277003052,1.6218769083298783,0.009389631326826242,0.027034838577860962,0.03172965424127408,0.02234002291444785,0.9090908977462384,0.956052190243713
p012,32,1.8,Q95,flat_level,1,1.1849636607191736,1.1849636607191736,0.0,0.0,0.0,0.0,0.9090909069966064,0.9543941331679278
p012,32,1.8,Q95,max_export_lp,1,1.6572322873433465,1.66596993810291,0.008737650759563564,0.022138424620217527,0.026507249999999344,0.01776959924043571,0.9090909125387597,0.9562585657119249
p012,32,1.8,Q95,fairness_qp,1,1.5948810871865815,1.602795240819945,0.007914153633363563,0.030470540757509143,0.034427617574190925,0.02651346394082736,0.9090909088861504,0.9559994689067886
p012,32,1.9,Q0,weighted_proportional,1,1.5070032969994482,1.2914568947380025,-0.21554640226144572,0.14604864690595207,0.03827544577522919,0.25382184803667496,0.909090907607246,0.956152207799701
p012,32,1.9,Q0,equal_kw_reduction,1,1.612487277003052,1.6218769083298783,0.009389631326826242,0.027034838577860962,0.03172965424127408,0.02234002291444785,0.9090909049159329,0.9577272652817368
p012,32,1.9,Q0,flat_level,1,1.1849636607191736,1.1849636607191736,0.0,0.0,0.0,0.0,0.9090908983503695,0.955563065083861
p012,32,1.9,Q0,max_export_lp,1,1.6572322875094938,1.6659699382800597,0.008737650770565875,0.02213842461471417,0.026507249999997207,0.01776959922943113,0.9090909118771907,0.9579966619886802
p012,32,1.9,Q0,fairness_qp,1,1.5948810760742278,1.6028354488462226,0.007954372771994844,0.03045043170746797,0.03442761809346541,0.026473245321470527,0.9090909001064724,0.9576588011839894
p012,32,1.9,Q95,weighted_proportional,1,1.5070032970001674,1.2914568947398632,-0.2155464022603042,0.14604864690534897,0.03827544577519687,0.25382184803550106,0.9090909017553714,0.9548454076441775
p012,32,1.9,Q95,equal_kw_reduction,1,1.612487277003052,1.6218769083298783,0.009389631326826242,0.027034838577860962,0.03172965424127408,0.02234002291444785,0.9090908977462384,0.956052190243713
p012,32,1.9,Q95,flat_level,1,1.1849636607191736,1.1849636607191736,0.0,0.0,0.0,0.0,0.9090909069966064,0.9543941331679278
p012,32,1.9,Q95,max_export_lp,1,1.6572322873433465,1.6659699380453712,0.008737650702024702,0.022138424648978763,0.02650724999999121,0.017769599297966315,0.9090909124684016,0.9562585656379161
p012,32,1.9,Q95,fairness_qp,1,1.5948810871865815,1.6028354330596488,0.007954345873067314,0.030450444638924892,0.0344276175750778,0.026473271702391263,0.9090909061667278,0.9559996346659468
p012,32,2.0,Q0,weighted_proportional,1,1.5070032969994482,1.232185500007695,-0.27481779699175335,0.1756843442711059,0.03827544577522919,0.31309324276698264,0.9090909016771719,0.9558828480246536
p012,32,2.0,Q0,equal_kw_reduction,1,1.612487277003052,1.6218769083298783,0.009389631326826242,0.027034838577860962,0.03172965424127408,0.02234002291444785,0.9090909049159329,0.9577272652817368
p012,32,2.0,Q0,flat_level,1,1.1849636607191736,1.1849636607191736,0.0,0.0,0.0,0.0,0.9090908983503695,0.955563065083861
p012,32,2.0,Q0,max_export_lp,1,1.6572322875094938,1.6659699380565833,0.008737650547089526,0.02213842472644824,0.0265072499999931,0.01776959945290338,0.9090909041669772,0.9579966616364229
p012,32,2.0,Q0,fairness_qp,1,1.5948810760742278,1.602871713606406,0.007990637532178102,0.03043229932747918,0.034427618093568216,0.026436980561390138,0.9090909007608947,0.9576589963915761
p012,32,2.0,Q95,weighted_proportional,1,1.5070032970001674,1.232185500000537,-0.2748177969996304,0.17568434427501206,0.03827544577519687,0.31309324277482725,0.909090895133152,0.9546389684422569
p012,32,2.0,Q95,equal_kw_reduction,1,1.612487277003052,1.6218769083298783,0.009389631326826242,0.027034838577860962,0.03172965424127408,0.02234002291444785,0.9090908977462384,0.956052190243713
p012,32,2.0,Q95,flat_level,1,1.1849636607191736,1.1849636607191736,0.0,0.0,0.0,0.0,0.9090909069966064,0.9543941331679278
p012,32,2.0,Q95,max_export_lp,1,1.6572322873433465,1.6659699390057794,0.0087376516624329,0.022138424168755097,0.026507249999971547,0.01776959833753865,0.9090909060226141,0.9562585669221746
p012,32,2.0,Q95,fairness_qp,1,1.5948810871865815,1.6028716923074882,0.007990605120906658,0.030432315013417907,0.034427617573871194,0.026437012452964617,0.9090909128767655,0.9559997840469711
p013,34,1.0,Q0,weighted_proportional,1,1.5070032969994482,1.5070032969994482,0.0,0.0,0.0,0.0,0.9090908986590723,0.9572374939891118
p013,34,1.0,Q0,equal_kw_reduction,1,1.612487277003052,1.612487277003052,0.0,0.0,0.0,0.0,0.9090909085411034,0.9577651340631068
p013,34,1.0,Q0,flat_level,1,1.1849636607191736,1.1849636607191736,0.0,0.0,0.0,0.0,0.9090908983503695,0.955563065083861
p013,34,1.0,Q0,max_export_lp,1,1.6572322875094938,1.6572322875094938,0.0,0.0,0.0,0.0,0.9090908879931944,0.9580058048566669
p013,34,1.0,Q0,fairness_qp,1,1.5948810760742278,1.5948810760742278,0.0,0.0,0.0,0.0,0.9090908901901453,0.9577105026709762
p013,34,1.0,Q95,weighted_proportional,1,1.5070032970001674,1.5070032970001674,0.0,0.0,0.0,0.0,0.9090908975310804,0.9556770734851585
p013,34,1.0,Q95,equal_kw_reduction,1,1.612487277003052,1.612487277003052,0.0,0.0,0.0,0.0,0.9090908917775226,0.9560812375763708
p013,34,1.0,Q95,flat_level,1,1.1849636607191736,1.1849636607191736,0.0,0.0,0.0,0.0,0.9090909069966064,0.9543941331679278
p013,34,1.0,Q95,max_export_lp,1,1.6572322873433465,1.6572322873433465,0.0,0.0,0.0,0.0,0.9090909076611658,0.956265611819685
p013,34,1.0,Q95,fairness_qp,1,1.5948810871865815,1.5948810871865815,0.0,0.0,0.0,0.0,0.9090909102228547,0.9560392884682518
p013,34,1.1,Q0,weighted_proportional,1,1.5070032969994482,1.5078942846912562,0.000890987691807954,0.005478020488173374,0.005923514334077347,0.0050325266422694016,0.9090909071508523,0.957216768220102
p013,34,1.1,Q0,equal_kw_reduction,1,1.612487277003052,1.6149263702139027,0.0024390932108506735,0.005844525574259201,0.007064072179684508,0.0046249789688338925,0.9090908928546957,0.9577484575829532
p013,34,1.1,Q0,flat_level,1,1.1849636607191736,1.1849636607191736,0.0,0.0,0.0,0.0,0.9090908983503695,0.955563065083861
p013,34,1.1,Q0,max_export_lp,1,1.6572322875094938,1.6597689457143463,0.0025366582048524933,0.005960920897575029,0.007229249999999354,0.0046925917951487674,0.909090903920296,0.9579940965553384
p013,34,1.1,Q0,fairness_qp,1,1.5948810760742278,1.5966732068984955,0.001792130824267657,0.004935606507075005,0.005831671919208872,0.004039541094941137,0.9090909170974769,0.9576955227744566
p013,34,1.1,Q95,weighted_proportional,1,1.5070032970001674,1.507894284689493,0.0008909876893254953,0.005478020489306287,0.005923514333968982,0.005032526644643591,0.9090908987932436,0.9556611988593483
p013,34,1.1,Q95,equal_kw_reduction,1,1.612487277003052,1.6149263702139027,0.0024390932108506735,0.005844525574259201,0.007064072179684508,0.0046249789688338925,0.9090909048835658,0.956068466878527
p013,34,1.1,Q95,flat_level,1,1.1849636607191736,1.1849636607191736,0.0,0.0,0.0,0.0,0.9090909069966064,0.9543941331679278
p013,34,1.1,Q95,max_export_lp,1,1.6572322873433465,1.6597689456615738,0.0025366583182273583,0.005960920840866802,0.007229249999980522,0.004692591681753082,0.9090909031338822,0.9562566439769835
p013,34,1.1,Q95,fairness_qp,1,1.5948810871865815,1.5966731993175327,0.0017921121309512067,0.004935623229461784,0.005831679294937331,0.004039567163986237,0.9090909009446542,0.9560278145133442
p013,34,1.2,Q0,weighted_proportional,1,1.5070032969994482,1.508301509142244,0.001298212142795796,0.011133583898752492,0.01178268997015041,0.010484477827354574,0.9090908916747589,0.9571940963635135
p013,34,1.2,Q0,equal_kw_reduction,1,1.612487277003052,1.6168405656953382,0.004353288692286128,0.011933400091521978,0.014110044437665031,0.009756755745378924,0.9090908868981611,0.9577296442388106
p013,34,1.2,Q0,flat_level,1,1.1849636607191736,1.1849636607191736,0.0,0.0,0.0,0.0,0.9090908983503695,0.955563065083861
p013,34,1.2,Q0,max_export_lp,1,1.6572322875094938,1.6617717664340488,0.004539478924554974,0.012188760537715252,0.014458499999992769,0.009919021075437734,0.9090909026519097,0.9579807358032454
p013,34,1.2,Q0,fairness_qp,1,1.5948810760742278,1.5980583378123336,0.003177261738105841,0.009868918001237178,0.011457548870290074,0.00828028713218428,0.9090908855441331,0.9576796135180435
p013,34,1.2,Q95,weighted_proportional,1,1.5070032970001674,1.5083015091423235,0.0012982121421560855,0.01113358389904687,0.011782689970124896,0.010484477827968847,0.9090909068760995,0.9556438330259656
p013,34,1.2,Q95,equal_kw_reduction,1,1.612487277003052,1.6168405656953382,0.004353288692286128,0.011933400091521978,0.014110044437665031,0.009756755745378924,0.9090909073354948,0.9560540589375729
p013,34,1.2,Q95,flat_level,1,1.1849636607191736,1.1849636607191736,0.0,0.0,0.0,0.0,0.9090909069966064,0.9543941331679278
p013,34,1.2,Q95,max_export_lp,1,1.6572322873433465,1.6617717664921354,0.0045394791487889385,0.012188760425605436,0.014458499999997751,0.00991902085121097,0.9090909180532424,0.9562464094543714
p013,34,1.2,Q95,fairness_qp,1,1.5948810871865815,1.5980583403958757,0.003177253209294184,0.009868916794338742,0.011457543398985845,0.00828029018969164,0.9090909185747553,0.9560156283796335
p013,34,1.3,Q0,weighted_proportional,1,1.5070032969994482,1.5082354329572538,0.0012321359578055802,0.016956927597827277,0.017572995576730054,0.0163408596189245,0.9090909034145986,0.9571695449025323
p013,34,1.3,Q0,equal_kw_reduction,1,1.612487277003052,1.6182149072283998,0.005727630225347724,0.018273585929579558,0.021137401042253368,0.015409770816905748,0.9090909026824692,0.9577086328873055
p013,34,1.3,Q0,flat_level,1,1.1849636607191736,1.1849636607191736,0.0,0.0,0.0,0.0,0.9090908983503695,0.955563065083861
p013,34,1.3,Q0,max_export_lp,1,1.6572322875094938,1.6632113648598557,0.00597907735036185,0.018698211324814334,0.02168774999999533,0.01570867264963334,0.909090902810909,0.9579656310983468
p013,34,1.3,Q0,fairness_qp,1,1.5948810760742278,1.599074152650081,0.004193076575853105,0.014795666982121014,0.016892205265413046,0.012699128694194466,0.9090909041603256,0.957662881449444
p013,34,1.3,Q95,weighted_proportional,1,1.5070032970001674,1.508235432955873,0.0012321359557054823,0.016956927598775415,0.017572995576628156,0.01634085962092267,0.909090902320691,0.9556250268240002
p013,34,1.3,Q95,equal_kw_reduction,1,1.612487277003052,1.6182149072283998,0.005727630225347724,0.018273585929579558,0.021137401042253368,0.015409770816905748,0.9090909138148998,0.9560379668712095
p013,34,1.3,Q95,flat_level,1,1.1849636607191736,1.1849636607191736,0.0,0.0,0.0,0.0,0.9090909069966064,0.9543941331679278
p013,34,1.3,Q95,max_export_lp,1,1.6572322873433465,1.663211365122585,0.005979077779238562,0.018698211110378546,0.02168774999999791,0.01570867222075918,0.9090909122494969,0.9562348384755789
p013,34,1.3,Q95,fairness_qp,1,1.5948810871865815,1.5990741500516215,0.004193062865039954,0.014795651959592815,0.01689218339211275,0.01269912052707288,0.9090909004056272,0.9560028114332322
p013,34,1.4,Q0,weighted_proportional,1,1.5070032969994482,1.5077075908200306,0.0007042938205823468,0.022938054459689806,0.023290201369980952,0.02258590754939866,0.9090908973734442,0.9571431840311915
p013,34,1.4,Q0,equal_kw_reduction,1,1.612487277003052,1.6190318460949038,0.0065445690918517485,0.024873252319310427,0.028145536865236256,0.021600967773384598,0.9090909087191043,0.9576853517600163
p013,34,1.4,Q0,flat_level,1,1.1849636607191736,1.1849636607191736,0.0,0.0,0.0,0.0,0.9090908983503695,0.955563065083861
p013,34,1.4,Q0,max_export_lp,1,1.6572322875094938,1.6635601880728546,0.006327900563360744,0.020933549718302524,0.024097499999982938,0.01776959943662211,0.9090909049163047,0.9579601903999301
p013,34,1.4,Q0,fairness_qp,1,1.5948810760742278,1.599650808858824,0.004769732784596137,0.019563349823461192,0.021948216211623447,0.01717848343116308,0.909090908748876,0.9576456633377181
p013,34,1.4,Q95,weighted_proportional,1,1.5070032970001674,1.5077075908174413,0.0007042938172738822,0.02293805446116884,0.023290201369805724,0.022585907552531953,0.9090909127325276,0.9556048341303436
p013,34,1.4,Q95,equal_kw_reduction,1,1.612487277003052,1.6190318460949038,0.0065445690918517485,0.024873252319310427,0.028145536865236256,0.021600967773384598,0.9090909035028489,0.9560201356743396
p013,34,1.4,Q95,flat_level,1,1.1849636607191736,1.1849636607191736,0.0,0.0,0.0,0.0,0.9090909069966064,0.9543941331679278
p013,34,1.4,Q95,max_export_lp,1,1.6572322873433465,1.6635601883710536,0.0063279010277070835,0.020933549486133938,0.024097499999987546,0.017769598972280327,0.9090908907498398,0.9562306703408453
p013,34,1.4,Q95,fairness_qp,1,1.5948810871865815,1.5996508085893655,0.004769721402783977,0.019563386487508022,0.021948247188900052,0.017178525786115995,0.9090909017970512,0.9559896213536467
p013,34,1.5,Q0,weighted_proportional,1,1.5070032969994482,1.5067304902662444,-0.0002728067332038453,0.029066791949956403,0.028930388583354498,0.02920319531655831,0.9090908982073359,0.9571150870841123
p013,34,1.5,Q0,equal_kw_reduction,1,1.612487277003052,1.6191129314895896,0.006625654486537513,0.026007076998005307,0.029319904241274064,0.02269424975473655,0.9090908954247492,0.9576812158713213
p013,34,1.5,Q0,flat_level,1,1.1849636607191736,1.1849636607191736,0.0,0.0,0.0,0.0,0.9090908983503695,0.955563065083861
p013,34,1.5,Q0,max_export_lp,1,1.6572322875094938,1.6635601885015676,0.006327900992073809,0.020933549503931146,0.024097499999968144,0.017769599007894148,0.9090908978468273,0.9579601911241604
p013,34,1.5,Q0,fairness_qp,1,1.5948810760742278,1.5998715018568108,0.004990425782583019,0.02405091013954719,0.026546123030670735,0.021555697248255668,0.9090908975765947,0.9576286514874506
p013,34,1.5,Q95,weighted_proportional,1,1.5070032970001674,1.506730490278544,-0.00027280672162333097,0.029066791944875735,0.028930388584064035,0.02920319530568744,0.9090908927832528,0.9555833110010705
p013,34,1.5,Q95,equal_kw_reduction,1,1.612487277003052,1.6191129314895896,0.006625654486537513,0.026007076998005307,0.029319904241274064,0.02269424975473655,0.9090909022276027,0.9560169678923033
p013,34,1.5,Q95,flat_level,1,1.1849636607191736,1.1849636607191736,0.0,0.0,0.0,0.0,0.9090909069966064,0.9543941331679278
p013,34,1.5,Q95,max_export_lp,1,1.6572322873433465,1.6635601883363034,0.006327900992956881,0.02093354950351245,0.02409749999999093,0.017769599007033968,0.9090908995852406,0.9562306702753022
p013,34,1.5,Q95,fairness_qp,1,1.5948810871865815,1.5998715007164188,0.004990413529837312,0.02405093046936963,0.02654613723428831,0.021555723704450955,0.9090908947883006,0.9559765894325026
p013,34,1.6,Q0,weighted_proportional,1,1.5070032969994482,1.5053175093390636,-0.00168578766038463,0.035332849966646526,0.03448995613645423,0.03617574379683883,0.9090909093092919,0.9570853300117752
p013,34,1.6,Q0,equal_kw_reduction,1,1.612487277003052,1.6191129314895896,0.006625654486537513,0.026007076998005307,0.029319904241274064,0.02269424975473655,0.9090908954247492,0.9576812158713213
p013,34,1.6,Q0,flat_level,1,1.1849636607191736,1.1849636607191736,0.0,0.0,0.0,0.0,0.9090908983503695,0.955563065083861
p013,34,1.6,Q0,max_export_lp,1,1.6572322875094938,1.6635601884841613,0.006327900974667511,0.020933549512650623,0.024097499999984395,0.01776959902531685,0.9090909052964122,0.9579601910763531
p013,34,1.6,Q0,fairness_qp,1,1.5948810760742278,1.5998477588433118,0.004966682769083963,0.028260048170141053,0.030743389550841632,0.02577670678559908,0.909090890848379,0.9576121469754709
p013,34,1.6,Q95,weighted_proportional,1,1.5070032970001674,1.505317509343941,-0.0016857876562264007,0.03533284996484943,0.034489956136736166,0.03617574379296269,0.9090908961776727,0.955560515653636
p013,34,1.6,Q95,equal_kw_reduction,1,1.612487277003052,1.6191129314895896,0.006625654486537513,0.026007076998005307,0.029319904241274064,0.02269424975473655,0.9090909022276027,0.9560169678923033
p013,34,1.6,Q95,flat_level,1,1.1849636607191736,1.1849636607191736,0.0,0.0,0.0,0.0,0.9090909069966064,0.9543941331679278
p013,34,1.6,Q95,max_export_lp,1,1.6572322873433465,1.663560188444146,0.0063279011007995045,0.02093354944959936,0.02409749999999916,0.01776959889919956,0.9090908997181293,0.9562306704150818
p013,34,1.6,Q95,fairness_qp,1,1.5948810871865815,1.5998477559441584,0.0049666687575768975,0.028260036825591993,0.030743371204380407,0.025776702446803582,0.9090909056137646,0.9559639457662499
p013,34,1.7,Q0,weighted_proportional,1,1.5070032969994482,1.4269500000603101,-0.0800532969391381,0.07482250826523189,0.034795859795662874,0.11484915673480091,0.9090909028189981,0.9567250728451155
p013,34,1.7,Q0,equal_kw_reduction,1,1.612487277003052,1.6191129314895896,0.006625654486537513,0.026007076998005307,0.029319904241274064,0.02269424975473655,0.9090908954247492,0.9576812158713213
p013,34,1.7,Q0,flat_level,1,1.1849636607191736,1.1849636607191736,0.0,0.0,0.0,0.0,0.9090908983503695,0.955563065083861
p013,34,1.7,Q0,max_export_lp,1,1.6572322875094938,1.6635601885013294,0.0063279009918355555,0.020933549504063488,0.024097499999981356,0.01776959900814562,0.9090908903266631,0.9579601911226747
p013,34,1.7,Q0,fairness_qp,1,1.5948810760742278,1.5998035740007746,0.004922497926546754,0.03000298686899345,0.032464235828739474,0.02754173790572008,0.9090908984376684,0.9576052614122755
p013,34,1.7,Q95,weighted_proportional,1,1.5070032970001674,1.426950000010792,-0.08005329698937547,0.0748225082903212,0.034795859795633474,0.11484915678500891,0.909090903814669,0.9552844747194867
p013,34,1.7,Q95,equal_kw_reduction,1,1.612487277003052,1.6191129314895896,0.006625654486537513,0.026007076998005307,0.029319904241274064,0.02269424975473655,0.9090909022276027,0.9560169678923033
p013,34,1.7,Q95,flat_level,1,1.1849636607191736,1.1849636607191736,0.0,0.0,0.0,0.0,0.9090909069966064,0.9543941331679278
p013,34,1.7,Q95,max_export_lp,1,1.6572322873433465,1.6635601884049225,0.006327901061575991,0.020933549469177967,0.02409749999996595,0.01776959893838998,0.9090908996685907,0.9562306703629742
p013,34,1.7,Q95,fairness_qp,1,1.5948810871865815,1.5998035737987601,0.004922486612178645,0.0300030047267298,0.032464248032819165,0.027541761420640437,0.9090908974805749,0.9559586708066942
p013,34,1.74,Q0,weighted_proportional,1,1.5070032969994482,1.3963624137941277,-0.1106408832053205,0.09011630139832318,0.034795859795662874,0.14543674300098347,0.9090908977788553,0.9565848784722191
p013,34,1.74,Q0,equal_kw_reduction,1,1.612487277003052,1.6191129314895896,0.006625654486537513,0.026007076998005307,0.029319904241274064,0.02269424975473655,0.9090908954247492,0.9576812158713213
p013,34,1.74,Q0,flat_level,1,1.1849636607191736,1.1849636607191736,0.0,0.0,0.0,0.0,0.9090908983503695,0.955563065083861
p013,34,1.74,Q0,max_export_lp,1,1.6572322875094938,1.6635601881428999,0.006327900633406047,0.02093354968327537,0.024097499999978456,0.017769599366572287,0.9090909201108768,0.9579601904901954
p013,34,1.74,Q0,fairness_qp,1,1.5948810760742278,1.599822633548515,0.0049415574742872614,0.02999345709584757,0.032464235828902746,0.02752267835870397,0.9090909090088284,0.9576053642457873
p013,34,1.74,Q95,weighted_proportional,1,1.5070032970001674,1.396362413805869,-0.11064088319429843,0.09011630139278273,0.034795859795633474,0.14543674298993198,0.9090909013384834,0.955177045886196
p013,34,1.74,Q95,equal_kw_reduction,1,1.612487277003052,1.6191129314895896,0.006625654486537513,0.026007076998005307,0.029319904241274064,0.02269424975473655,0.9090909022276027,0.9560169678923033
p013,34,1.74,Q95,flat_level,1,1.1849636607191736,1.1849636607191736,0.0,0.0,0.0,0.0,0.9090909069966064,0.9543941331679278
p013,34,1.74,Q95,max_export_lp,1,1.6572322873433465,1.663560188441016,0.006327901097669564,0.02093354945113084,0.024097499999965688,0.017769598902295992,0.9090909072703396,0.9562306703945517
p013,34,1.74,Q95,fairness_qp,1,1.5948810871865815,1.599822632574013,0.004941545387431523,0.029993475331822603,0.03246424802553831,0.027522702638106897,0.9090909077325344,0.9559587495410048
p013,34,1.8,Q0,weighted_proportional,1,1.5070032969994482,1.353030000001234,-0.15397329699821416,0.11178250829476999,0.034795859795662874,0.1887691567938771,0.9090909064319448,0.9563861900314164
p013,34,1.8,Q0,equal_kw_reduction,1,1.612487277003052,1.6191129314895896,0.006625654486537513,0.026007076998005307,0.029319904241274064,0.02269424975473655,0.9090908954247492,0.9576812158713213
p013,34,1.8,Q0,flat_level,1,1.1849636607191736,1.1849636607191736,0.0,0.0,0.0,0.0,0.9090908983503695,0.955563065083861
p013,34,1.8,Q0,max_export_lp,1,1.6572322875094938,1.66356018887777,0.006327901368276212,0.020933549315842945,0.024097499999981106,0.017769598631704783,0.9090908981908855,0.9579601917876762
p013,34,1.8,Q0,fairness_qp,1,1.5948810760742278,1.5998496727242688,0.004968596650041013,0.02997993750769569,0.032464235828920274,0.02749563918267517,0.9090909054097248,0.9576055101213036
p013,34,1.8,Q95,weighted_proportional,1,1.5070032970001674,1.3530300000142617,-0.15397329698590578,0.11178250828858634,0.034795859795633474,0.18876915678153922,0.9090909008611339,0.9550247870478191
p013,34,1.8,Q95,equal_kw_reduction,1,1.612487277003052,1.6191129314895896,0.006625654486537513,0.026007076998005307,0.029319904241274064,0.02269424975473655,0.9090909022276027,0.9560169678923033
p013,34,1.8,Q95,flat_level,1,1.1849636607191736,1.1849636607191736,0.0,0.0,0.0,0.0,0.9090909069966064,0.9543941331679278
p013,34,1.8,Q95,max_export_lp,1,1.6572322873433465,1.66356018844078,0.00632790109743353,0.020933549451251074,0.02409749999996784,0.01776959890253431,0.9090908921264095,0.9562306703940531
p013,34,1.8,Q95,fairness_qp,1,1.5948810871865815,1.599849673452126,0.004968586265544417,0.029979954900501312,0.03246424803327347,0.027495661767729156,0.909090891771703,0.9559588613631592
p013,34,1.9,Q0,weighted_proportional,1,1.5070032969994482,1.286891052634411,-0.22011224436503718,0.14485198197818144,0.034795859795662874,0.25490810416070003,0.9090909087434008,0.9560827485068318
p013,34,1.9,Q0,equal_kw_reduction,1,1.612487277003052,1.6191129314895896,0.006625654486537513,0.026007076998005307,0.029319904241274064,0.02269424975473655,0.9090908954247492,0.9576812158713213
p013,34,1.9,Q0,flat_level,1,1.1849636607191736,1.1849636607191736,0.0,0.0,0.0,0.0,0.9090908983503695,0.955563065083861
p013,34,1.9,Q0,max_export_lp,1,1.6572322875094938,1.663560188314212,0.006327900804718123,0.020933549597620706,0.02409749999997983,0.01776959919526158,0.9090909052574838,0.95796019078453
p013,34,1.9,Q0,fairness_qp,1,1.5948810760742278,1.5998910404973041,0.00500996442307633,0.029959253617647893,0.03246423582878938,0.027454271406109728,0.9090909060333778,0.9576057333228591
p013,34,1.9,Q95,weighted_proportional,1,1.5070032970001674,1.286891052640158,-0.22011224436000942,0.1448519819756382,0.034795859795633474,0.2549081041556429,0.9090909092714238,0.9547922382865446
p013,34,1.9,Q95,equal_kw_reduction,1,1.612487277003052,1.6191129314895896,0.006625654486537513,0.026007076998005307,0.029319904241274064,0.02269424975473655,0.9090909022276027,0.9560169678923033
p013,34,1.9,Q95,flat_level,1,1.1849636607191736,1.1849636607191736,0.0,0.0,0.0,0.0,0.9090909069966064,0.9543941331679278
p013,34,1.9,Q95,max_export_lp,1,1.6572322873433465,1.6635601884207976,0.00632790107745107,0.020933549461274105,0.02409749999999934,0.017769598922548573,0.909090899674039,0.9562306703687051
p013,34,1.9,Q95,fairness_qp,1,1.5948810871865815,1.59989103774692,0.005009950560338483,0.029959272753288513,0.03246424803345779,0.027454297473119234,0.9090908929670227,0.9559590323358399
p013,34,2.0,Q0,weighted_proportional,1,1.5070032969994482,1.2273660000010593,-0.2796372969983889,0.17461450829485733,0.034795859795662874,0.3144331567940518,0.9090908992773273,0.9558094645759343
p013,34,2.0,Q0,equal_kw_reduction,1,1.612487277003052,1.6191129314895896,0.006625654486537513,0.026007076998005307,0.029319904241274064,0.02269424975473655,0.9090908954247492,0.9576812158713213
p013,34,2.0,Q0,flat_level,1,1.1849636607191736,1.1849636607191736,0.0,0.0,0.0,0.0,0.9090908983503695,0.955563065083861
p013,34,2.0,Q0,max_export_lp,1,1.6572322875094938,1.6635601882399196,0.006327900730425773,0.020933549634767835,0.024097499999980773,0.017769599269554896,0.9090908901376975,0.9579601906727492
p013,34,2.0,Q0,fairness_qp,1,1.5948810760742278,1.5999283630697767,0.005047286995548905,0.02994059233501366,0.03246423582896435,0.027416948837239222,0.9090909098372885,0.9576059347375718
p013,34,2.0,Q95,weighted_proportional,1,1.5070032970001674,1.2273660000009878,-0.2796372969991796,0.1746145082952233,0.034795859795633474,0.31443315679481315,0.9090909160773166,0.954582785395979
p013,34,2.0,Q95,equal_kw_reduction,1,1.612487277003052,1.6191129314895896,0.006625654486537513,0.026007076998005307,0.029319904241274064,0.02269424975473655,0.9090909022276027,0.9560169678923033
p013,34,2.0,Q95,flat_level,1,1.1849636607191736,1.1849636607191736,0.0,0.0,0.0,0.0,0.9090909069966064,0.9543941331679278
p013,34,2.0,Q95,max_export_lp,1,1.6572322873433465,1.6635601881993856,0.00632790085603907,0.020933549571952082,0.02409749999997167,0.017769599143932495,0.9090909069677908,0.9562306700763146
p013,34,2.0,Q95,fairness_qp,1,1.5948810871865815,1.599928360855091,0.005047273668509433,0.02994061117916106,0.032464248013415783,0.027416974344906336,0.9090909033761364,0.9559591866035204
p014,35,1.0,Q0,weighted_proportional,1,1.5070032969994482,1.5070032969994482,0.0,0.0,0.0,0.0,0.9090908986590723,0.9572374939891118
p014,35,1.0,Q0,equal_kw_reduction,1,1.612487277003052,1.612487277003052,0.0,0.0,0.0,0.0,0.9090909085411034,0.9577651340631068
p014,35,1.0,Q0,flat_level,1,1.1849636607191736,1.1849636607191736,0.0,0.0,0.0,0.0,0.9090908983503695,0.955563065083861
p014,35,1.0,Q0,max_export_lp,1,1.6572322875094938,1.6572322875094938,0.0,0.0,0.0,0.0,0.9090908879931944,0.9580058048566669
p014,35,1.0,Q0,fairness_qp,1,1.5948810760742278,1.5948810760742278,0.0,0.0,0.0,0.0,0.9090908901901453,0.9577105026709762
p014,35,1.0,Q95,weighted_proportional,1,1.5070032970001674,1.5070032970001674,0.0,0.0,0.0,0.0,0.9090908975310804,0.9556770734851585
p014,35,1.0,Q95,equal_kw_reduction,1,1.612487277003052,1.612487277003052,0.0,0.0,0.0,0.0,0.9090908917775226,0.9560812375763708
p014,35,1.0,Q95,flat_level,1,1.1849636607191736,1.1849636607191736,0.0,0.0,0.0,0.0,0.9090909069966064,0.9543941331679278
p014,35,1.0,Q95,max_export_lp,1,1.6572322873433465,1.6572322873433465,0.0,0.0,0.0,0.0,0.9090909076611658,0.956265611819685
p014,35,1.0,Q95,fairness_qp,1,1.5948810871865815,1.5948810871865815,0.0,0.0,0.0,0.0,0.9090909102228547,0.9560392884682518
p014,35,1.1,Q0,weighted_proportional,1,1.5070032969994482,1.5140322532856576,0.007028956286209365,0.008332550525050018,0.011847028668154666,0.00481807238194537,0.9090908974624158,0.9572345568106492
p014,35,1.1,Q0,equal_kw_reduction,1,1.612487277003052,1.6219718556124354,0.009484578609383343,0.00954469616459737,0.014286985469289082,0.004802406859905658,0.909090890096844,0.9577686413403891
p014,35,1.1,Q0,flat_level,1,1.1849636607191736,1.1849636607191736,0.0,0.0,0.0,0.0,0.9090908983503695,0.955563065083861
p014,35,1.1,Q0,max_export_lp,1,1.6572322875094938,1.6669981971067704,0.009765909597276634,0.009575545201354766,0.014458499999993102,0.004692590402716429,0.9090908979161891,0.9580150221276025
p014,35,1.1,Q0,fairness_qp,1,1.5948810760742278,1.60347431179939,0.00859323572516213,0.010161882131506133,0.014458499994087215,0.005865264268925053,0.9090908958903317,0.957710532653431
p014,35,1.1,Q95,weighted_proportional,1,1.5070032970001674,1.5140322533084427,0.007028956308275269,0.008332550515990385,0.011847028670128018,0.004818072361852753,0.9090909058076345,0.9556748538654343
p014,35,1.1,Q95,equal_kw_reduction,1,1.612487277003052,1.6219718556124354,0.009484578609383343,0.00954469616459737,0.014286985469289082,0.004802406859905658,0.909090902852936,0.9560839614719837
p014,35,1.1,Q95,flat_level,1,1.1849636607191736,1.1849636607191736,0.0,0.0,0.0,0.0,0.9090909069966064,0.9543941331679278
p014,35,1.1,Q95,max_export_lp,1,1.6572322873433465,1.6669981955998503,0.009765908256503808,0.009575545871675771,0.01445849999992771,0.0046925917434238315,0.9090909122825986,0.9562727051296828
p014,35,1.1,Q95,fairness_qp,1,1.5948810871865815,1.6034743338047688,0.008593246618187278,0.01016187669093845,0.014458500000016361,0.005865253381844859,0.9090909012187317,0.9560393454299473
p014,35,1.2,Q0,weighted_proportional,1,1.5070032969994482,1.5205309808379879,0.01352768383853964,0.01680153802103056,0.023565379940300377,0.010037696101760743,0.9090909134538578,0.9572295385613933
p014,35,1.2,Q0,equal_kw_reduction,1,1.612487277003052,1.630914915978552,0.018427638975500038,0.019341478407956855,0.028555297895706905,0.010127658920206804,0.9090909051328416,0.9577699431230124
p014,35,1.2,Q0,flat_level,1,1.1849636607191736,1.1849636607191736,0.0,0.0,0.0,0.0,0.9090908983503695,0.955563065083861
p014,35,1.2,Q0,max_export_lp,1,1.6572322875094938,1.6762302661395108,0.018997978630016954,0.01941801068498177,0.02891699999999034,0.009919021369973198,0.9090909024659594,0.9580225803014781
p014,35,1.2,Q0,fairness_qp,1,1.5948810760742278,1.611470053088046,0.016588977013818118,0.020622511497824618,0.028917000001068338,0.012328022990915524,0.9090909026902204,0.9577081455909575
p014,35,1.2,Q95,weighted_proportional,1,1.5070032970001674,1.5205309808379908,0.013527683837823323,0.016801538021330185,0.023565379940241854,0.010037696102418513,0.9090908927362814,0.9556710390060089
p014,35,1.2,Q95,equal_kw_reduction,1,1.612487277003052,1.630914915978552,0.018427638975500038,0.019341478407956855,0.028555297895706905,0.010127658920206804,0.9090909068271547,0.9560849949804175
p014,35,1.2,Q95,flat_level,1,1.1849636607191736,1.1849636607191736,0.0,0.0,0.0,0.0,0.9090909069966064,0.9543941331679278
p014,35,1.2,Q95,max_export_lp,1,1.6572322873433465,1.6762302661212438,0.01899797877789733,0.019418010611051303,0.028916999999999998,0.009919021222102605,0.9090908904028628,0.9562785300140374
p014,35,1.2,Q95,fairness_qp,1,1.5948810871865815,1.6114700510833255,0.016588963896744024,0.020622518052024485,0.028917000000092674,0.012328036103652481,0.9090909123819451,0.9560375492457784
p014,35,1.3,Q0,weighted_proportional,1,1.5070032969994482,1.5265047719834959,0.01950147498404764,0.025395253661419856,0.035145991153443704,0.01564451616939601,0.9090908996476466,0.9572224910205553
p014,35,1.3,Q0,equal_kw_reduction,1,1.612487277003052,1.6392982632043338,0.02681098620128175,0.029398816768368842,0.04280430986900971,0.015993323667727974,0.9090908984476478,0.9577689653451176
p014,35,1.3,Q0,flat_level,1,1.1849636607191736,1.1849636607191736,0.0,0.0,0.0,0.0,0.9090908983503695,0.955563065083861
p014,35,1.3,Q0,max_export_lp,1,1.6572322875094938,1.6848991145555288,0.02766682704603496,0.029542086476964827,0.043375499999982414,0.01570867295394724,0.9090909022507433,0.9580283964199229
p014,35,1.3,Q0,fairness_qp,1,1.5948810760742278,1.618856845185458,0.023975769111230116,0.0313876154478989,0.0433755000008515,0.01939973089228388,0.9090909005778702,0.9577032952956435
p014,35,1.3,Q95,weighted_proportional,1,1.5070032970001674,1.5265047719821223,0.01950147498195487,0.025395253662264958,0.035145991153242406,0.01564451617128751,0.9090908974117229,0.955665668542409
p014,35,1.3,Q95,equal_kw_reduction,1,1.612487277003052,1.6392982632043338,0.02681098620128175,0.029398816768368842,0.04280430986900971,0.015993323667727974,0.9090908961578306,0.9560842813366441
p014,35,1.3,Q95,flat_level,1,1.1849636607191736,1.1849636607191736,0.0,0.0,0.0,0.0,0.9090909069966064,0.9543941331679278
p014,35,1.3,Q95,max_export_lp,1,1.6572322873433465,1.6848991144971286,0.027666827153782103,0.029542086423097358,0.04337549999998841,0.01570867284620631,0.909090893505354,0.9562830170101654
p014,35,1.3,Q95,fairness_qp,1,1.5948810871865815,1.618856840400217,0.023975753213635542,0.031387623393191774,0.04337550000000953,0.019399746786374017,0.9090909085402553,0.9560338649898315
p014,35,1.4,Q0,weighted_proportional,1,1.5070032969994482,1.5319602598407926,0.02495696284134441,0.03410192131923744,0.04658040273990961,0.02162343989856527,0.9090909089177462,0.9572134702857946
p014,35,1.4,Q0,equal_kw_reduction,1,1.612487277003052,1.6451732306089732,0.03268595360592119,0.03707442743831351,0.05341740424127406,0.020731450635352967,0.9090909087190222,0.9577667012963663
p014,35,1.4,Q0,flat_level,1,1.1849636607191736,1.1849636607191736,0.0,0.0,0.0,0.0,0.9090908983503695,0.955563065083861
p014,35,1.4,Q0,max_export_lp,1,1.6572322875094938,1.6876576875993707,0.03042540008987693,0.03298229995501551,0.04819499999995408,0.017769599910076934,0.9090909042969281,0.9580299287876902
p014,35,1.4,Q0,fairness_qp,1,1.5948810760742278,1.6212338502106096,0.026352774136381818,0.03501861293561719,0.04819500000101773,0.0218422258674263,0.9090909060652834,0.9577013743267454
p014,35,1.4,Q95,weighted_proportional,1,1.5070032970001674,1.5319602598385598,0.024956962838392327,0.03410192132040719,0.04658040273960337,0.021623439901211003,0.9090909015291935,0.9556587854379137
p014,35,1.4,Q95,equal_kw_reduction,1,1.612487277003052,1.6451732306089732,0.03268595360592119,0.03707442743831351,0.05341740424127406,0.020731450635352967,0.9090909002710736,0.9560825727090062
p014,35,1.4,Q95,flat_level,1,1.1849636607191736,1.1849636607191736,0.0,0.0,0.0,0.0,0.9090909069966064,0.9543941331679278
p014,35,1.4,Q95,max_export_lp,1,1.6572322873433465,1.6876576877356602,0.030425400392313673,0.03298229980384308,0.04819499999999999,0.017769599607686176,0.9090909087995035,0.9562842013643369
p014,35,1.4,Q95,fairness_qp,1,1.5948810871865815,1.621233851250794,0.026352764064212497,0.03501861796635353,0.048194999998459775,0.021842235934247282,0.9090908973694838,0.9560324034838841
p014,35,1.5,Q0,weighted_proportional,1,1.5070032969994482,1.5369053331953912,0.029902036195943005,0.04290975906872747,0.057860777166698976,0.027958740970755958,0.90909090631204,0.957202536579093
p014,35,1.5,Q0,equal_kw_reduction,1,1.612487277003052,1.6451732306089732,0.03268595360592119,0.03707442743831351,0.05341740424127406,0.020731450635352967,0.9090909087190222,0.9577667012963663
p014,35,1.5,Q0,flat_level,1,1.1849636607191736,1.1849636607191736,0.0,0.0,0.0,0.0,0.9090908983503695,0.955563065083861
p014,35,1.5,Q0,max_export_lp,1,1.6572322875094938,1.6876576876567386,0.03042540014724482,0.03298229992635695,0.04819499999997945,0.017769599852734456,0.9090908967909463,0.9580299289014609
p014,35,1.5,Q0,fairness_qp,1,1.5948810760742278,1.6213037470597016,0.026422670985473795,0.034983664511668865,0.048195000001103466,0.02177232901893199,0.9090909081484594,0.9577017114685935
p014,35,1.5,Q95,weighted_proportional,1,1.5070032970001674,1.5369053332055465,0.029902036205379012,0.042909759065147025,0.05786077716783647,0.02795874096245759,0.9090908969463676,0.9556504357273619
p014,35,1.5,Q95,equal_kw_reduction,1,1.612487277003052,1.6451732306089732,0.03268595360592119,0.03707442743831351,0.05341740424127406,0.020731450635352967,0.9090909002710736,0.9560825727090062
p014,35,1.5,Q95,flat_level,1,1.1849636607191736,1.1849636607191736,0.0,0.0,0.0,0.0,0.9090909069966064,0.9543941331679278
p014,35,1.5,Q95,max_export_lp,1,1.6572322873433465,1.6876576876485825,0.030425400305235994,0.03298229984738192,0.04819499999999999,0.017769599694763858,0.9090909012646264,0.9562842013025494
p014,35,1.5,Q95,fairness_qp,1,1.5948810871865815,1.621303748357223,0.026422661170641515,0.034983669414579255,0.048194999999899985,0.021772338829258525,0.909090893021238,0.9560326618830363
p014,35,1.6,Q0,weighted_proportional,1,1.5070032969994482,1.5413490454659449,0.03434574846649663,0.051807038039545866,0.06897991227279417,0.03463416380629757,0.9090909036670555,0.957189753450764
p014,35,1.6,Q0,equal_kw_reduction,1,1.612487277003052,1.6451732306089732,0.03268595360592119,0.03707442743831351,0.05341740424127406,0.020731450635352967,0.9090909087190222,0.9577667012963663
p014,35,1.6,Q0,flat_level,1,1.1849636607191736,1.1849636607191736,0.0,0.0,0.0,0.0,0.9090908983503695,0.955563065083861
p014,35,1.6,Q0,max_export_lp,1,1.6572322875094938,1.6876576876495615,0.03042540014006767,0.03298229992993433,0.04819499999996821,0.01776959985990045,0.9090909043025721,0.9580299288939762
p014,35,1.6,Q0,fairness_qp,1,1.5948810760742278,1.6213651544713,0.02648407839707212,0.03495296080225351,0.04819500000078955,0.021710921603717466,0.9090908956701036,0.9577020076794409
p014,35,1.6,Q95,weighted_proportional,1,1.5070032970001674,1.541349045470712,0.0343457484705445,0.051807038038057515,0.0689799122733297,0.034634163802785334,0.9090909073434247,0.9556406681418612
p014,35,1.6,Q95,equal_kw_reduction,1,1.612487277003052,1.6451732306089732,0.03268595360592119,0.03707442743831351,0.05341740424127406,0.020731450635352967,0.9090909002710736,0.9560825727090062
p014,35,1.6,Q95,flat_level,1,1.1849636607191736,1.1849636607191736,0.0,0.0,0.0,0.0,0.9090909069966064,0.9543941331679278
p014,35,1.6,Q95,max_export_lp,1,1.6572322873433465,1.6876576876783949,0.03042540033504837,0.032982299832466734,0.04819499999999091,0.017769599664942553,0.9090909163798392,0.9562842012737048
p014,35,1.6,Q95,fairness_qp,1,1.5948810871865815,1.6213651553731605,0.026484068186579002,0.034952965906756533,0.04819500000004609,0.02171093181346698,0.9090909163165002,0.9560328887500005
p014,35,1.7,Q0,weighted_proportional,1,1.5070032969994482,1.4666400000063227,-0.040363296993125575,0.08977336808788852,0.06959171959132575,0.1099550165844513,0.909090904849816,0.9568401692929195
p014,35,1.7,Q0,equal_kw_reduction,1,1.612487277003052,1.6451732306089732,0.03268595360592119,0.03707442743831351,0.05341740424127406,0.020731450635352967,0.9090909087190222,0.9577667012963663
p014,35,1.7,Q0,flat_level,1,1.1849636607191736,1.1849636607191736,0.0,0.0,0.0,0.0,0.9090908983503695,0.955563065083861
p014,35,1.7,Q0,max_export_lp,1,1.6572322875094938,1.6876576887568784,0.030425401247384576,0.0329822993762981,0.04819499999999041,0.017769598752605795,0.9090909128046878,0.9580299308082624
p014,35,1.7,Q0,fairness_qp,1,1.5948810760742278,1.6214195129754398,0.026538436901212048,0.03492578155032583,0.04819500000093191,0.02165656309971975,0.909090902403426,0.9577022699122831
p014,35,1.7,Q95,weighted_proportional,1,1.5070032970001674,1.4666400000068203,-0.040363296993347175,0.08977336808794056,0.06959171959126695,0.10995501658461418,0.9090909084727852,0.9553728193309929
p014,35,1.7,Q95,equal_kw_reduction,1,1.612487277003052,1.6451732306089732,0.03268595360592119,0.03707442743831351,0.05341740424127406,0.020731450635352967,0.9090909002710736,0.9560825727090062
p014,35,1.7,Q95,flat_level,1,1.1849636607191736,1.1849636607191736,0.0,0.0,0.0,0.0,0.9090909069966064,0.9543941331679278
p014,35,1.7,Q95,max_export_lp,1,1.6572322873433465,1.6876576877741358,0.03042540043078934,0.032982299784600856,0.048194999999995575,0.01776959956920614,0.9090909014826449,0.9562842014317667
p014,35,1.7,Q95,fairness_qp,1,1.5948810871865815,1.621419532051164,0.026538444864582456,0.034925777567812906,0.048195000000079175,0.02165655513552171,0.9090909037473344,0.9560330896775764
p014,35,1.74,Q0,weighted_proportional,1,1.5070032969994482,1.4373558620816123,-0.06964743491783598,0.10441543705024377,0.06959171959132575,0.1392391545091618,0.9090908961281071,0.9567037832257378
p014,35,1.74,Q0,equal_kw_reduction,1,1.612487277003052,1.6451732306089732,0.03268595360592119,0.03707442743831351,0.05341740424127406,0.020731450635352967,0.9090909087190222,0.9577667012963663
p014,35,1.74,Q0,flat_level,1,1.1849636607191736,1.1849636607191736,0.0,0.0,0.0,0.0,0.9090908983503695,0.955563065083861
p014,35,1.74,Q0,max_export_lp,1,1.6572322875094938,1.6876576876853622,0.030425400175868367,0.03298229991206579,0.04819499999999999,0.017769599824131593,0.9090909042916501,0.9580299289577201
p014,35,1.74,Q0,fairness_qp,1,1.5948810760742278,1.62143957940884,0.026558503334612293,0.03491574833768195,0.048195000001148375,0.021636496670375795,0.9090909096949849,0.9577023666504827
p014,35,1.74,Q95,weighted_proportional,1,1.5070032970001674,1.4373558620744031,-0.0696474349257643,0.1044154370541491,0.06959171959126695,0.13923915451703126,0.9090909026713958,0.9552683135462849
p014,35,1.74,Q95,equal_kw_reduction,1,1.612487277003052,1.6451732306089732,0.03268595360592119,0.03707442743831351,0.05341740424127406,0.020731450635352967,0.9090909002710736,0.9560825727090062
p014,35,1.74,Q95,flat_level,1,1.1849636607191736,1.1849636607191736,0.0,0.0,0.0,0.0,0.9090909069966064,0.9543941331679278
p014,35,1.74,Q95,max_export_lp,1,1.6572322873433465,1.6876576876538993,0.030425400310552853,0.032982299844719384,0.04819499999999591,0.017769599689442868,0.9090909012520908,0.9562842012893628
p014,35,1.74,Q95,fairness_qp,1,1.5948810871865815,1.6214395787597906,0.02655849157320911,0.03491575421342301,0.048195000000027605,0.02163650842681841,0.9090909027713789,0.956033163771789
p014,35,1.8,Q0,weighted_proportional,1,1.5070032969994482,1.3958700000056647,-0.11113329699378349,0.12515836808821748,0.06959171959132575,0.1807250165851092,0.9090908925855746,0.9565104930638315
p014,35,1.8,Q0,equal_kw_reduction,1,1.612487277003052,1.6451732306089732,0.03268595360592119,0.03707442743831351,0.05341740424127406,0.020731450635352967,0.9090909087190222,0.9577667012963663
p014,35,1.8,Q0,flat_level,1,1.1849636607191736,1.1849636607191736,0.0,0.0,0.0,0.0,0.9090908983503695,0.955563065083861
p014,35,1.8,Q0,max_export_lp,1,1.6572322875094938,1.6876576898759612,0.030425402366467402,0.03298229881669807,0.04819499999993182,0.017769597633464328,0.9090908913429515,0.9580299327392493
p014,35,1.8,Q0,fairness_qp,1,1.5948810760742278,1.6214680158510555,0.02658693977682769,0.03490153011634753,0.04819500000113894,0.021608060227933625,0.9090908937238358,0.9577025038524049
p014,35,1.8,Q95,weighted_proportional,1,1.5070032970001674,1.3958700000024427,-0.11113329699772478,0.12515836809012934,0.06959171959126695,0.18072501658899173,0.9090909029995771,0.9551201981733186
p014,35,1.8,Q95,equal_kw_reduction,1,1.612487277003052,1.6451732306089732,0.03268595360592119,0.03707442743831351,0.05341740424127406,0.020731450635352967,0.9090909002710736,0.9560825727090062
p014,35,1.8,Q95,flat_level,1,1.1849636607191736,1.1849636607191736,0.0,0.0,0.0,0.0,0.9090909069966064,0.9543941331679278
p014,35,1.8,Q95,max_export_lp,1,1.6572322873433465,1.6876576878555216,0.030425400512175127,0.03298229974389271,0.04819499999998034,0.01776959948780508,0.909090901489422,0.9562842015390146
p014,35,1.8,Q95,fairness_qp,1,1.5948810871865815,1.621468019822639,0.026586932636057492,0.03490153368198248,0.04819500000001117,0.021608067363953792,0.9090909039961557,0.9560332688758285
p014,35,1.9,Q0,weighted_proportional,1,1.5070032969994482,1.3325494736895895,-0.1744538233098587,0.1568186312462551,0.06959171959132575,0.24404554290118446,0.9090908981824978,0.9562152980835636
p014,35,1.9,Q0,equal_kw_reduction,1,1.612487277003052,1.6451732306089732,0.03268595360592119,0.03707442743831351,0.05341740424127406,0.020731450635352967,0.9090909087190222,0.9577667012963663
p014,35,1.9,Q0,flat_level,1,1.1849636607191736,1.1849636607191736,0.0,0.0,0.0,0.0,0.9090908983503695,0.955563065083861
p014,35,1.9,Q0,max_export_lp,1,1.6572322875094938,1.6876576877488567,0.03042540023936291,0.03298229988030313,0.04819499999998461,0.01776959976062164,0.9090908968685584,0.9580299290585047
p014,35,1.9,Q0,fairness_qp,1,1.5948810760742278,1.6215115269960692,0.026630450921841353,0.03487977454402624,0.04819500000114735,0.02156454908310559,0.9090908946362823,0.9577027137331048
p014,35,1.9,Q95,weighted_proportional,1,1.5070032970001674,1.3325494736846162,-0.17445382331555126,0.15681863124904263,0.06959171959126695,0.24404554290681835,0.9090908941520985,0.9548939790426403
p014,35,1.9,Q95,equal_kw_reduction,1,1.612487277003052,1.6451732306089732,0.03268595360592119,0.03707442743831351,0.05341740424127406,0.020731450635352967,0.9090909002710736,0.9560825727090062
p014,35,1.9,Q95,flat_level,1,1.1849636607191736,1.1849636607191736,0.0,0.0,0.0,0.0,0.9090909069966064,0.9543941331679278
p014,35,1.9,Q95,max_export_lp,1,1.6572322873433465,1.6876576876917606,0.030425400348414122,0.0329822998257887,0.048194999999995825,0.017769599651581577,0.9090909013948084,0.9562842013393702
p014,35,1.9,Q95,fairness_qp,1,1.5948810871865815,1.6215115268618332,0.026630439675251694,0.03487978016235775,0.048194999999983584,0.02156456032473191,0.9090908970081617,0.9560334296478644
p014,35,2.0,Q0,weighted_proportional,1,1.5070032969994482,1.2755610000004796,-0.23144229699896868,0.18531286809081016,0.06959171959132575,0.30103401659029455,0.9090908966464295,0.9559494434108706
p014,35,2.0,Q0,equal_kw_reduction,1,1.612487277003052,1.6451732306089732,0.03268595360592119,0.03707442743831351,0.05341740424127406,0.020731450635352967,0.9090909087190222,0.9577667012963663
p014,35,2.0,Q0,flat_level,1,1.1849636607191736,1.1849636607191736,0.0,0.0,0.0,0.0,0.9090908983503695,0.955563065083861
p014,35,2.0,Q0,max_export_lp,1,1.6572322875094938,1.6876576877440546,0.03042540023456075,0.03298229988271753,0.04819499999999724,0.01776959976543713,0.9090909119117218,0.958029929064519
p014,35,2.0,Q0,fairness_qp,1,1.5948810760742278,1.6215507796952078,0.02666970362097998,0.03486014819041788,0.048195000000907845,0.021525296379927915,0.9090908919528112,0.9577029031323137
p014,35,2.0,Q95,weighted_proportional,1,1.5070032970001674,1.2755610000015647,-0.23144229699860275,0.18531286809056838,0.06959171959126695,0.30103401658986984,0.909090899209722,0.9546902283714864
p014,35,2.0,Q95,equal_kw_reduction,1,1.612487277003052,1.6451732306089732,0.03268595360592119,0.03707442743831351,0.05341740424127406,0.020731450635352967,0.9090909002710736,0.9560825727090062
p014,35,2.0,Q95,flat_level,1,1.1849636607191736,1.1849636607191736,0.0,0.0,0.0,0.0,0.9090909069966064,0.9543941331679278
p014,35,2.0,Q95,max_export_lp,1,1.6572322873433465,1.687657687607696,0.03042540026434959,0.032982299867790985,0.04819499999996582,0.017769599735616145,0.9090908936240234,0.956284201229666
p014,35,2.0,Q95,fairness_qp,1,1.5948810871865815,1.6215507824017754,0.02666969521519391,0.03486015239241525,0.048195000000012256,0.021525304784818247,0.9090908925590123,0.9560335747098923
p015,36,1.0,Q0,weighted_proportional,1,1.5070032969994482,1.5070032969994482,0.0,0.0,0.0,0.0,0.9090908986590723,0.9572374939891118
p015,36,1.0,Q0,equal_kw_reduction,1,1.612487277003052,1.612487277003052,0.0,0.0,0.0,0.0,0.9090909085411034,0.9577651340631068
p015,36,1.0,Q0,flat_level,1,1.1849636607191736,1.1849636607191736,0.0,0.0,0.0,0.0,0.9090908983503695,0.955563065083861
p015,36,1.0,Q0,max_export_lp,1,1.6572322875094938,1.6572322875094938,0.0,0.0,0.0,0.0,0.9090908879931944,0.9580058048566669
p015,36,1.0,Q0,fairness_qp,1,1.5948810760742278,1.5948810760742278,0.0,0.0,0.0,0.0,0.9090908901901453,0.9577105026709762
p015,36,1.0,Q95,weighted_proportional,1,1.5070032970001674,1.5070032970001674,0.0,0.0,0.0,0.0,0.9090908975310804,0.9556770734851585
p015,36,1.0,Q95,equal_kw_reduction,1,1.612487277003052,1.612487277003052,0.0,0.0,0.0,0.0,0.9090908917775226,0.9560812375763708
p015,36,1.0,Q95,flat_level,1,1.1849636607191736,1.1849636607191736,0.0,0.0,0.0,0.0,0.9090909069966064,0.9543941331679278
p015,36,1.0,Q95,max_export_lp,1,1.6572322873433465,1.6572322873433465,0.0,0.0,0.0,0.0,0.9090909076611658,0.956265611819685
p015,36,1.0,Q95,fairness_qp,1,1.5948810871865815,1.5948810871865815,0.0,0.0,0.0,0.0,0.9090909102228547,0.9560392884682518
p015,36,1.1,Q0,weighted_proportional,1,1.5070032969994482,1.5078942846912475,0.0008909876917992943,0.005478020488177353,0.0059235143340769444,0.005032526642277762,0.9090909179580148,0.9572244654889606
p015,36,1.1,Q0,equal_kw_reduction,1,1.612487277003052,1.6149263702139027,0.0024390932108506735,0.005844525574259201,0.007064072179684508,0.0046249789688338925,0.9090909140703055,0.9577575149662378
p015,36,1.1,Q0,flat_level,1,1.1849636607191736,1.1849636607191736,0.0,0.0,0.0,0.0,0.9090908983503695,0.955563065083861
p015,36,1.1,Q0,max_export_lp,1,1.6572322875094938,1.6597689458772311,0.00253665836773731,0.005960920816131161,0.007229249999998508,0.004692591632262496,0.9090908982330103,0.9580031505025128
p015,36,1.1,Q0,fairness_qp,1,1.5948810760742278,1.5966732039325975,0.0017921278583696854,0.004935617918037056,0.0058316818472218535,0.004039553988852258,0.9090909038356487,0.9577031548572644
p015,36,1.1,Q95,weighted_proportional,1,1.5070032970001674,1.50789428468956,0.0008909876893925528,0.005478020489275693,0.005923514333971994,0.005032526644579393,0.9090908947669708,0.9556671076035268
p015,36,1.1,Q95,equal_kw_reduction,1,1.612487277003052,1.6149263702139027,0.0024390932108506735,0.005844525574259201,0.007064072179684508,0.0046249789688338925,0.9090909073299803,0.9560754197262424
p015,36,1.1,Q95,flat_level,1,1.1849636607191736,1.1849636607191736,0.0,0.0,0.0,0.0,0.9090909069966064,0.9543941331679278
p015,36,1.1,Q95,max_export_lp,1,1.6572322873433465,1.659768946484807,0.0025366591414606177,0.005960920429261535,0.007229249999991874,0.004692590858531195,0.9090908905411295,0.9562635950897407
p015,36,1.1,Q95,fairness_qp,1,1.5948810871865815,1.596673199251893,0.0017921120653114908,0.0049356259715108135,0.00583168200409763,0.0040395699388550525,0.9090908926265785,0.9560336732986411
p015,36,1.2,Q0,weighted_proportional,1,1.5070032969994482,1.5083015091422547,0.0012982121428064541,0.011133583898747731,0.011782689970150938,0.010484477827344525,0.909090912661914,0.9572094328879539
p015,36,1.2,Q0,equal_kw_reduction,1,1.612487277003052,1.6168405656953382,0.004353288692286128,0.011933400091521978,0.014110044437665031,0.009756755745378924,0.9090908922116037,0.9577477592082682
p015,36,1.2,Q0,flat_level,1,1.1849636607191736,1.1849636607191736,0.0,0.0,0.0,0.0,0.9090908983503695,0.955563065083861
p015,36,1.2,Q0,max_export_lp,1,1.6572322875094938,1.6617717663972629,0.004539478887769066,0.012188760556110984,0.014458499999995517,0.00991902111222645,0.909090913872416,0.9579988430490904
p015,36,1.2,Q0,fairness_qp,1,1.5948810760742278,1.5980583416688918,0.003177265594664025,0.009868921637842337,0.011457554430833836,0.008280288840510311,0.9090909017312366,0.9576946351930772
p015,36,1.2,Q95,weighted_proportional,1,1.5070032970001674,1.5083015091423202,0.0012982121421527548,0.011133583899048385,0.011782689970124716,0.010484477827972054,0.9090909091466539,0.9556556058550307
p015,36,1.2,Q95,equal_kw_reduction,1,1.612487277003052,1.6168405656953382,0.004353288692286128,0.011933400091521978,0.014110044437665031,0.009756755745378924,0.909090897334657,0.9560679646283545
p015,36,1.2,Q95,flat_level,1,1.1849636607191736,1.1849636607191736,0.0,0.0,0.0,0.0,0.9090909069966064,0.9543941331679278
p015,36,1.2,Q95,max_export_lp,1,1.6572322873433465,1.6617717664819966,0.00453947913865016,0.012188760430670883,0.014458499999996058,0.009919020861345707,0.9090909154292136,0.9562603094186186
p015,36,1.2,Q95,fairness_qp,1,1.5948810871865815,1.5980583413881588,0.0031772542015773286,0.009868925530544172,0.011457552631332815,0.008280298429755526,0.9090908986514075,0.956027159656324
p015,36,1.3,Q0,weighted_proportional,1,1.5070032969994482,1.5082354329572545,0.0012321359578062463,0.016956927597826993,0.01757299557673008,0.016340859618923908,0.9090909079404899,0.9571924563098256
p015,36,1.3,Q0,equal_kw_reduction,1,1.612487277003052,1.6182149072283998,0.005727630225347724,0.018273585929579558,0.021137401042253368,0.015409770816905748,0.909090900197629,0.9577358056116945
p015,36,1.3,Q0,flat_level,1,1.1849636607191736,1.1849636607191736,0.0,0.0,0.0,0.0,0.9090908983503695,0.955563065083861
p015,36,1.3,Q0,max_export_lp,1,1.6572322875094938,1.663211365032846,0.005979077523352139,0.01869821123831967,0.02168774999999583,0.015708672476643513,0.9090908939307333,0.9579927925455105
p015,36,1.3,Q0,fairness_qp,1,1.5948810760742278,1.5990741552146939,0.004193079140466072,0.01479567156845766,0.01689221113621335,0.012699131998224618,0.9090909049759617,0.9576850663115855
p015,36,1.3,Q95,weighted_proportional,1,1.5070032970001674,1.5082354329559178,0.0012321359557503353,0.01695692759875539,0.017572995576630515,0.01634085962088026,0.9090908946614502,0.9556426143510249
p015,36,1.3,Q95,equal_kw_reduction,1,1.612487277003052,1.6182149072283998,0.005727630225347724,0.018273585929579558,0.021137401042253368,0.015409770816905748,0.9090908921800447,0.9560588254735387
p015,36,1.3,Q95,flat_level,1,1.1849636607191736,1.1849636607191736,0.0,0.0,0.0,0.0,0.9090909069966064,0.9543941331679278
p015,36,1.3,Q95,max_export_lp,1,1.6572322873433465,1.6632113648325229,0.005979077489176365,0.01869821125540532,0.021687749999993497,0.015708672510817145,0.9090909011835857,0.956255687904972
p015,36,1.3,Q95,fairness_qp,1,1.5948810871865815,1.5990741496756207,0.004193062489039168,0.014795684013470266,0.0168922152579898,0.012699152768950733,0.9090909126354157,0.9560198411065477
p015,36,1.4,Q0,weighted_proportional,1,1.5070032969994482,1.507707590820174,0.0007042938207257876,0.022938054459626094,0.023290201369989015,0.02258590754926317,0.9090909082232536,0.9571735998564869
p015,36,1.4,Q0,equal_kw_reduction,1,1.612487277003052,1.6190318460949038,0.0065445690918517485,0.024873252319310427,0.028145536865236256,0.021600967773384598,0.9090908991749241,0.9577215826682084
p015,36,1.4,Q0,flat_level,1,1.1849636607191736,1.1849636607191736,0.0,0.0,0.0,0.0,0.9090908983503695,0.955563065083861
p015,36,1.4,Q0,max_export_lp,1,1.6572322875094938,1.6635601883455666,0.0063279008360728195,0.02093354958193714,0.024097499999973626,0.017769599163900657,0.9090909046359563,0.9579903699669268
p015,36,1.4,Q0,fairness_qp,1,1.5948810760742278,1.5996508126117632,0.0047697365375354295,0.019563354208081526,0.021948222476849286,0.017178485939313766,0.9090909093098236,0.9576745492697696
p015,36,1.4,Q95,weighted_proportional,1,1.5070032970001674,1.5077075908174382,0.0007042938172707736,0.022938054461170195,0.0232902013698056,0.02258590755253479,0.9090909132017624,0.9556281820776732
p015,36,1.4,Q95,equal_kw_reduction,1,1.612487277003052,1.6190318460949038,0.0065445690918517485,0.024873252319310427,0.028145536865236256,0.021600967773384598,0.9090909083047722,0.9560479473491209
p015,36,1.4,Q95,flat_level,1,1.1849636607191736,1.1849636607191736,0.0,0.0,0.0,0.0,0.9090909069966064,0.9543941331679278
p015,36,1.4,Q95,max_export_lp,1,1.6572322873433465,1.6635601884549918,0.006327901111645273,0.020933549444155684,0.024097499999978386,0.01776959888833298,0.9090908987210741,0.9562538369280795
p015,36,1.4,Q95,fairness_qp,1,1.5948810871865815,1.5996508024853242,0.004769715298742705,0.019563369812620263,0.021948227461991654,0.017178512163248873,0.9090909078498713,0.9560117951751294
p015,36,1.5,Q0,weighted_proportional,1,1.5070032969994482,1.5067304902665348,-0.00027280673291341095,0.02906679194982864,0.028930388583371915,0.029203195316285364,0.9090908900155049,0.9571529311325052
p015,36,1.5,Q0,equal_kw_reduction,1,1.612487277003052,1.6191129314895896,0.006625654486537513,0.026007076998005307,0.029319904241274064,0.02269424975473655,0.9090908892302808,0.9577189672283584
p015,36,1.5,Q0,flat_level,1,1.1849636607191736,1.1849636607191736,0.0,0.0,0.0,0.0,0.9090908983503695,0.955563065083861
p015,36,1.5,Q0,max_export_lp,1,1.6572322875094938,1.6635601882005198,0.006327900691025956,0.020933549654467778,0.02409749999998076,0.017769599308954796,0.9090909045022709,0.95799036970064
p015,36,1.5,Q0,fairness_qp,1,1.5948810760742278,1.599871502117638,0.004990426043410157,0.024050918126282697,0.02654613114376657,0.021555705104577647,0.9090909117801498,0.957663661080923
p015,36,1.5,Q95,weighted_proportional,1,1.5070032970001674,1.5067304902792702,-0.0002728067208972451,0.0290667919445563,0.028930388584107666,0.029203195305004932,0.9090909008716778,0.9556123608409831
p015,36,1.5,Q95,equal_kw_reduction,1,1.612487277003052,1.6191129314895896,0.006625654486537513,0.026007076998005307,0.029319904241274064,0.02269424975473655,0.9090908929072004,0.956045946655504
p015,36,1.5,Q95,flat_level,1,1.1849636607191736,1.1849636607191736,0.0,0.0,0.0,0.0,0.9090909069966064,0.9543941331679278
p015,36,1.5,Q95,max_export_lp,1,1.6572322873433465,1.663560188612875,0.006327901269528535,0.02093354936521164,0.024097499999976,0.017769598730447287,0.9090908913325481,0.9562538371205987
p015,36,1.5,Q95,fairness_qp,1,1.5948810871865815,1.5998714992305536,0.004990412043972103,0.024050924443159292,0.02654613046514534,0.02155571842117324,0.9090908925312594,0.9560034639196094
p015,36,1.6,Q0,weighted_proportional,1,1.5070032969994482,1.5053175093397084,-0.0016857876597398125,0.03533284996636523,0.034489956136495324,0.03617574379623514,0.9090908914672985,0.9571305207715995
p015,36,1.6,Q0,equal_kw_reduction,1,1.612487277003052,1.6191129314895896,0.006625654486537513,0.026007076998005307,0.029319904241274064,0.02269424975473655,0.9090908892302808,0.9577189672283584
p015,36,1.6,Q0,flat_level,1,1.1849636607191736,1.1849636607191736,0.0,0.0,0.0,0.0,0.9090908983503695,0.955563065083861
p015,36,1.6,Q0,max_export_lp,1,1.6572322875094938,1.6635601882121174,0.006327900702623568,0.020933549648677805,0.024097499999989697,0.017769599297365914,0.9090908970497541,0.9579903697202641
p015,36,1.6,Q0,fairness_qp,1,1.5948810760742278,1.5998477677003993,0.004966691626171471,0.028260041451826673,0.030743387264912422,0.025776695638740927,0.9090909064370039,0.9576527662084998
p015,36,1.6,Q95,weighted_proportional,1,1.5070032970001674,1.5053175093444078,-0.001685787655759663,0.035332849964645766,0.03448995613676589,0.03617574379252564,0.9090909080471614,0.9555952047026163
p015,36,1.6,Q95,equal_kw_reduction,1,1.612487277003052,1.6191129314895896,0.006625654486537513,0.026007076998005307,0.029319904241274064,0.02269424975473655,0.9090908929072004,0.956045946655504
p015,36,1.6,Q95,flat_level,1,1.1849636607191736,1.1849636607191736,0.0,0.0,0.0,0.0,0.9090909069966064,0.9543941331679278
p015,36,1.6,Q95,max_export_lp,1,1.6572322873433465,1.6635601882127449,0.006327900869398384,0.02093354956529017,0.024097499999989364,0.017769599130590976,0.909090905944395,0.9562538365617848
p015,36,1.6,Q95,fairness_qp,1,1.5948810871865815,1.5998477523619055,0.004966665175323959,0.028260077701704044,0.030743410289366002,0.025776745114042085,0.909090907545244,0.9559951260793725
p015,36,1.7,Q0,weighted_proportional,1,1.5070032969994482,1.426950000059781,-0.08005329693966723,0.07482250826549651,0.034795859795662874,0.11484915673533014,0.9090908885355518,0.9567748838640336
p015,36,1.7,Q0,equal_kw_reduction,1,1.612487277003052,1.6191129314895896,0.006625654486537513,0.026007076998005307,0.029319904241274064,0.02269424975473655,0.9090908892302808,0.9577189672283584
p015,36,1.7,Q0,flat_level,1,1.1849636607191736,1.1849636607191736,0.0,0.0,0.0,0.0,0.9090908983503695,0.955563065083861
p015,36,1.7,Q0,max_export_lp,1,1.6572322875094938,1.6635601883284794,0.006327900818985599,0.020933549590498198,0.024097499999991084,0.017769599181005312,0.909090912183123,0.9579903699216329
p015,36,1.7,Q0,fairness_qp,1,1.5948810760742278,1.5998035875601329,0.004922511485905057,0.030002985266563843,0.03246424100951639,0.027541729523611294,0.9090909071599662,0.9576481807057136
p015,36,1.7,Q95,weighted_proportional,1,1.5070032970001674,1.4269500000211675,-0.08005329697899999,0.07482250828513355,0.034795859795633474,0.11484915677463363,0.9090909068044805,0.9553227106548654
p015,36,1.7,Q95,equal_kw_reduction,1,1.612487277003052,1.6191129314895896,0.006625654486537513,0.026007076998005307,0.029319904241274064,0.02269424975473655,0.9090908929072004,0.956045946655504
p015,36,1.7,Q95,flat_level,1,1.1849636607191736,1.1849636607191736,0.0,0.0,0.0,0.0,0.9090909069966064,0.9543941331679278
p015,36,1.7,Q95,max_export_lp,1,1.6572322873433465,1.6635601883625257,0.006327901019179238,0.02093354949039694,0.024097499999986602,0.017769598980807277,0.9090909061488639,0.9562538367768613
p015,36,1.7,Q95,fairness_qp,1,1.5948810871865815,1.5998035711200387,0.004922483933457178,0.030003001989523558,0.03246424395625211,0.027541760022795007,0.9090908977439667,0.9559916167030467
p015,36,1.74,Q0,weighted_proportional,1,1.5070032969994482,1.3963624137941006,-0.1106408832053476,0.0901163013983367,0.034795859795662874,0.14543674300101056,0.9090909123504457,0.9566363380997077
p015,36,1.74,Q0,equal_kw_reduction,1,1.612487277003052,1.6191129314895896,0.006625654486537513,0.026007076998005307,0.029319904241274064,0.02269424975473655,0.9090908892302808,0.9577189672283584
p015,36,1.74,Q0,flat_level,1,1.1849636607191736,1.1849636607191736,0.0,0.0,0.0,0.0,0.9090908983503695,0.955563065083861
p015,36,1.74,Q0,max_export_lp,1,1.6572322875094938,1.6635601888590592,0.006327901349565401,0.020933549325210507,0.024097499999993208,0.01776959865042781,0.9090908977027176,0.9579903708347457
p015,36,1.74,Q0,fairness_qp,1,1.5948810760742278,1.599822642670237,0.004941566596009306,0.029993457713018017,0.03246424101102263,0.027522674415013406,0.9090909008024466,0.9576482800510832
p015,36,1.74,Q95,weighted_proportional,1,1.5070032970001674,1.3963624138057278,-0.11064088319443965,0.09011630139285333,0.034795859795633474,0.14543674299007317,0.9090908979596951,0.955216547443244
p015,36,1.74,Q95,equal_kw_reduction,1,1.612487277003052,1.6191129314895896,0.006625654486537513,0.026007076998005307,0.029319904241274064,0.02269424975473655,0.9090908929072004,0.956045946655504
p015,36,1.74,Q95,flat_level,1,1.1849636607191736,1.1849636607191736,0.0,0.0,0.0,0.0,0.9090909069966064,0.9543941331679278
p015,36,1.74,Q95,max_export_lp,1,1.6572322873433465,1.6635601885117233,0.006327901168376782,0.020933549415797763,0.024097499999986144,0.017769598831609383,0.9090909064312735,0.9562538369738118
p015,36,1.74,Q95,fairness_qp,1,1.5948810871865815,1.5998226300457994,0.0049415428592178845,0.029993472526643545,0.0324642439562525,0.027522701097034592,0.9090908912241621,0.9559916928272538
p015,36,1.8,Q0,weighted_proportional,1,1.5070032969994482,1.3530300000011504,-0.15397329699829787,0.1117825082948118,0.034795859795662874,0.18876915679396072,0.9090909101389132,0.9564399867020774
p015,36,1.8,Q0,equal_kw_reduction,1,1.612487277003052,1.6191129314895896,0.006625654486537513,0.026007076998005307,0.029319904241274064,0.02269424975473655,0.9090908892302808,0.9577189672283584
p015,36,1.8,Q0,flat_level,1,1.1849636607191736,1.1849636607191736,0.0,0.0,0.0,0.0,0.9090908983503695,0.955563065083861
p015,36,1.8,Q0,max_export_lp,1,1.6572322875094938,1.6635601882830646,0.006327900773570816,0.020933549613206006,0.024097499999991473,0.01776959922642054,0.9090908845797657,0.9579903698585094
p015,36,1.8,Q0,fairness_qp,1,1.5948810760742278,1.5998496834622795,0.004968607388051716,0.02997993731717387,0.032464241011199685,0.027495633623148052,0.909090909546553,0.9576484209430645
p015,36,1.8,Q95,weighted_proportional,1,1.5070032970001674,1.3530300000137663,-0.15397329698640116,0.11178250828883411,0.034795859795633474,0.18876915678203476,0.909090896154623,0.9550660827530233
p015,36,1.8,Q95,equal_kw_reduction,1,1.612487277003052,1.6191129314895896,0.006625654486537513,0.026007076998005307,0.029319904241274064,0.02269424975473655,0.9090908929072004,0.956045946655504
p015,36,1.8,Q95,flat_level,1,1.1849636607191736,1.1849636607191736,0.0,0.0,0.0,0.0,0.9090909069966064,0.9543941331679278
p015,36,1.8,Q95,max_export_lp,1,1.6572322873433465,1.663560188598845,0.006327901255498425,0.020933549372223047,0.024097499999972266,0.017769598744473827,0.9090908989846602,0.9562538371052302
p015,36,1.8,Q95,fairness_qp,1,1.5948810871865815,1.5998496717097077,0.004968584523126207,0.02997995169463847,0.03246424395620162,0.027495659433075317,0.9090909094334381,0.9559918007646675
p015,36,1.9,Q0,weighted_proportional,1,1.5070032969994482,1.2868910526335275,-0.2201122443659207,0.14485198197862323,0.034795859795662874,0.2549081041615836,0.9090908899991466,0.9561401154959283
p015,36,1.9,Q0,equal_kw_reduction,1,1.612487277003052,1.6191129314895896,0.006625654486537513,0.026007076998005307,0.029319904241274064,0.02269424975473655,0.9090908892302808,0.9577189672283584
p015,36,1.9,Q0,flat_level,1,1.1849636607191736,1.1849636607191736,0.0,0.0,0.0,0.0,0.9090908983503695,0.955563065083861
p015,36,1.9,Q0,max_export_lp,1,1.6572322875094938,1.66356019035221,0.0063279028427161155,0.020933548578635452,0.024097499999993555,0.017769597157277345,0.9090909065801986,0.9579903733952634
p015,36,1.9,Q0,fairness_qp,1,1.5948810760742278,1.5998910346451152,0.005009958570887374,0.029959261732742756,0.03246424101323704,0.027454282447299017,0.9090909060271775,0.9576486364880479
p015,36,1.9,Q95,weighted_proportional,1,1.5070032970001674,1.286891052639741,-0.22011224436042642,0.1448519819758467,0.034795859795633474,0.25490810415605997,0.9090909089469449,0.9548362748630377
p015,36,1.9,Q95,equal_kw_reduction,1,1.612487277003052,1.6191129314895896,0.006625654486537513,0.026007076998005307,0.029319904241274064,0.02269424975473655,0.9090908929072004,0.956045946655504
p015,36,1.9,Q95,flat_level,1,1.1849636607191736,1.1849636607191736,0.0,0.0,0.0,0.0,0.9090909069966064,0.9543941331679278
p015,36,1.9,Q95,max_export_lp,1,1.6572322873433465,1.6635601881240076,0.006327900780661144,0.02093354960964902,0.024097499999979635,0.017769599219318408,0.9090909134217752,0.9562538364627291
p015,36,1.9,Q95,fairness_qp,1,1.5948810871865815,1.599891039109739,0.005009951923157452,0.02995926799494572,0.032464243956435254,0.02745429203336704,0.9090909061584503,0.9559919659887554
p015,36,2.0,Q0,weighted_proportional,1,1.5070032969994482,1.2273660000010012,-0.2796372969984471,0.17461450829488645,0.034795859795662874,0.31443315679411005,0.9090909050312804,0.9558700480747
p015,36,2.0,Q0,equal_kw_reduction,1,1.612487277003052,1.6191129314895896,0.006625654486537513,0.026007076998005307,0.029319904241274064,0.02269424975473655,0.9090908892302808,0.9577189672283584
p015,36,2.0,Q0,flat_level,1,1.1849636607191736,1.1849636607191736,0.0,0.0,0.0,0.0,0.9090908983503695,0.955563065083861
p015,36,2.0,Q0,max_export_lp,1,1.6572322875094938,1.6635601902176271,0.006327902708133326,0.020933548645926916,0.02409749999999368,0.017769597291860156,0.9090909064785765,0.9579903731627648
p015,36,2.0,Q0,fairness_qp,1,1.5948810760742278,1.5999283574938041,0.005047281419576333,0.029940600304573513,0.03246424101310359,0.027416959594785326,0.9090909136884464,0.9576488310274847
p015,36,2.0,Q95,weighted_proportional,1,1.5070032970001674,1.2273660000009006,-0.27963729699926687,0.1746145082952669,0.034795859795633474,0.3144331567949003,0.9090908952757147,0.9546292913069333
p015,36,2.0,Q95,equal_kw_reduction,1,1.612487277003052,1.6191129314895896,0.006625654486537513,0.026007076998005307,0.029319904241274064,0.02269424975473655,0.9090908929072004,0.956045946655504
p015,36,2.0,Q95,flat_level,1,1.1849636607191736,1.1849636607191736,0.0,0.0,0.0,0.0,0.9090909069966064,0.9543941331679278
p015,36,2.0,Q95,max_export_lp,1,1.6572322873433465,1.663560188113738,0.006327900770391581,0.020933549614769165,0.024097499999965022,0.01776959922957331,0.9090908983618146,0.9562538364500718
p015,36,2.0,Q95,fairness_qp,1,1.5948810871865815,1.599928361424881,0.005047274238299426,0.02994060683714373,0.032464243956293465,0.027416969717993997,0.9090908973676448,0.9559921149972185
p016,37,1.0,Q0,weighted_proportional,1,1.5070032969994482,1.5070032969994482,0.0,0.0,0.0,0.0,0.9090908986590723,0.9572374939891118
p016,37,1.0,Q0,equal_kw_reduction,1,1.612487277003052,1.612487277003052,0.0,0.0,0.0,0.0,0.9090909085411034,0.9577651340631068
p016,37,1.0,Q0,flat_level,1,1.1849636607191736,1.1849636607191736,0.0,0.0,0.0,0.0,0.9090908983503695,0.955563065083861
p016,37,1.0,Q0,max_export_lp,1,1.6572322875094938,1.6572322875094938,0.0,0.0,0.0,0.0,0.9090908879931944,0.9580058048566669
p016,37,1.0,Q0,fairness_qp,1,1.5948810760742278,1.5948810760742278,0.0,0.0,0.0,0.0,0.9090908901901453,0.9577105026709762
p016,37,1.0,Q95,weighted_proportional,1,1.5070032970001674,1.5070032970001674,0.0,0.0,0.0,0.0,0.9090908975310804,0.9556770734851585
p016,37,1.0,Q95,equal_kw_reduction,1,1.612487277003052,1.612487277003052,0.0,0.0,0.0,0.0,0.9090908917775226,0.9560812375763708
p016,37,1.0,Q95,flat_level,1,1.1849636607191736,1.1849636607191736,0.0,0.0,0.0,0.0,0.9090909069966064,0.9543941331679278
p016,37,1.0,Q95,max_export_lp,1,1.6572322873433465,1.6572322873433465,0.0,0.0,0.0,0.0,0.9090909076611658,0.956265611819685
p016,37,1.0,Q95,fairness_qp,1,1.5948810871865815,1.5948810871865815,0.0,0.0,0.0,0.0,0.9090909102228547,0.9560392884682518
p016,37,1.1,Q0,weighted_proportional,1,1.5070032969994482,1.5038023056283067,-0.003200991371141493,0.0035750004635962756,0.001974504778025552,0.005175496149166999,0.9090909021806759,0.9572179129111489
p016,37,1.1,Q0,equal_kw_reduction,1,1.612487277003052,1.610836902729116,-0.001650374273935995,0.0030949328516598255,0.0022697457146918683,0.003920119988627783,0.9090908910622088,0.9577527747861856
p016,37,1.1,Q0,flat_level,1,1.1849636607191736,1.1740814027655144,-0.010882257953659158,0.007850878976829588,0.002409750000000002,0.013292007953659174,0.9090909071712862,0.9555027199225494
p016,37,1.1,Q0,max_export_lp,1,1.6572322875094938,1.657232287236866,-2.72627698194583e-10,9.22366172177746e-08,0.0,8.492247171025969e-08,0.9090909027904326,0.9580058043777652
p016,37,1.1,Q0,fairness_qp,1,1.5948810760742278,1.5935147358653108,-0.0013663402089170162,0.002175217368795004,0.0014920472643365386,0.0028583874732534703,0.9090908987417536,0.9577013704367575
p016,37,1.1,Q95,weighted_proportional,1,1.5070032970001674,1.5038023056268073,-0.0032009913733601625,0.0035750004646733645,0.0019745047779933106,0.005175496151353418,0.9090909001186394,0.9556620610388005
p016,37,1.1,Q95,equal_kw_reduction,1,1.612487277003052,1.610836902729116,-0.001650374273935995,0.0030949328516598255,0.0022697457146918683,0.003920119988627783,0.9090909039655145,0.9560717569538839
p016,37,1.1,Q95,flat_level,1,1.1849636607191736,1.1740814027655144,-0.010882257953659158,0.007850878976829588,0.002409750000000002,0.013292007953659174,0.909090895718373,0.9543478555341895
p016,37,1.1,Q95,max_export_lp,1,1.6572322873433465,1.657232287305436,-3.7910563577270295e-11,2.096251986100431e-08,0.0,1.59056427377971e-08,0.9090909001645198,0.956265611798259
p016,37,1.1,Q95,fairness_qp,1,1.5948810871865815,1.5935147504399827,-0.0013663367465988063,0.0021752168333730214,0.001492048460053231,0.0028583852066724675,0.9090909042697015,0.9560322831166695
p016,37,1.2,Q0,weighted_proportional,1,1.5070032969994482,1.500148528011756,-0.006854768987692328,0.007354947817229791,0.003927563323383648,0.010782332311075934,0.9090908997385497,0.9571963771397152
p016,37,1.2,Q0,equal_kw_reduction,1,1.612487277003052,1.6087169521689848,-0.0037703248340672513,0.006408461560686532,0.0045232991436528515,0.008293623977720212,0.9090908926693154,0.9577385041425278
p016,37,1.2,Q0,flat_level,1,1.1849636607191736,1.1616422724119129,-0.023321388307260715,0.01648019415363035,0.004819499999999997,0.028140888307260706,0.9090908946353011,0.9554348066884112
p016,37,1.2,Q0,max_export_lp,1,1.6572322875094938,1.6572322886413413,1.1318475046095955e-09,3.831938000625995e-07,3.2922643854182976e-08,3.8262787628226807e-07,0.90909091171238,0.9580058068598034
p016,37,1.2,Q0,fairness_qp,1,1.5948810760742278,1.5920337359839958,-0.00284734009023202,0.0043003497312949545,0.0028766796861789817,0.005724019776410927,0.9090909077740775,0.9576920171966831
p016,37,1.2,Q95,weighted_proportional,1,1.5070032970001674,1.5001485280122997,-0.006854768987867743,0.007354947817316588,0.003927563323382718,0.010782332311250458,0.9090909044101282,0.955645550995872
p016,37,1.2,Q95,equal_kw_reduction,1,1.612487277003052,1.6087169521689848,-0.0037703248340672513,0.006408461560686532,0.0045232991436528515,0.008293623977720212,0.9090908926516653,0.9560608119439264
p016,37,1.2,Q95,flat_level,1,1.1849636607191736,1.1616422724119129,-0.023321388307260715,0.01648019415363035,0.004819499999999997,0.028140888307260706,0.9090908958452196,0.9542957748233135
p016,37,1.2,Q95,max_export_lp,1,1.6572322873433465,1.6572322871979555,-1.4539103254662678e-10,4.9412835476320485e-08,0.0,4.3871252210052336e-08,0.9090908926196197,0.9562656116259616
p016,37,1.2,Q95,fairness_qp,1,1.5948810871865815,1.5920337393458848,-0.0028473478406967345,0.004300356002828063,0.002876682082479657,0.00572402992317647,0.9090908915668106,0.9560251088323787
p016,37,1.3,Q0,weighted_proportional,1,1.5070032969994482,1.4960558736063247,-0.01094742339312349,0.011331376888805204,0.005857665192243421,0.016805088585366987,0.9090909041287534,0.9571729523397488
p016,37,1.3,Q0,equal_kw_reduction,1,1.612487277003052,1.6061233534493775,-0.006363923553674544,0.009942481654296802,0.006760519877459497,0.013124443431134107,0.9090909041871102,0.9577223054062342
p016,37,1.3,Q0,flat_level,1,1.1849636607191736,1.147544294874834,-0.03741936584433958,0.02593893292216973,0.0072292499999999996,0.04464861584433946,0.9090909112945169,0.9553588263466453
p016,37,1.3,Q0,max_export_lp,1,1.6572322875094938,1.657232287124697,-3.8479686104153643e-10,1.299832427322672e-07,0.0,1.194542530590266e-07,0.9090909027523446,0.9580058041620462
p016,37,1.3,Q0,fairness_qp,1,1.5948810760742278,1.590492490595701,-0.00438858547852683,0.00634251812322971,0.0041482253839662635,0.008536810862493157,0.9090909033076602,0.957682681110646
p016,37,1.3,Q95,weighted_proportional,1,1.5070032970001674,1.4960558736051077,-0.010947423395059719,0.011331376889742074,0.005857665192212154,0.016805088587271994,0.9090909050230056,0.9556275935122102
p016,37,1.3,Q95,equal_kw_reduction,1,1.612487277003052,1.6061233534493775,-0.006363923553674544,0.009942481654296802,0.006760519877459497,0.013124443431134107,0.9090908999183558,0.9560483895735229
p016,37,1.3,Q95,flat_level,1,1.1849636607191736,1.147544294874834,-0.03741936584433958,0.02593893292216973,0.0072292499999999996,0.04464861584433946,0.9090908960480484,0.9542375081459047
p016,37,1.3,Q95,max_export_lp,1,1.6572322873433465,1.6572322871381409,-2.0520563026593663e-10,6.832586706633599e-08,0.0,6.58598977632853e-08,0.9090909074025059,0.9562656115476024
p016,37,1.3,Q95,fairness_qp,1,1.5948810871865815,1.5904925006931014,-0.004388586493480062,0.006342522654895199,0.004148229408155155,0.008536815901635242,0.9090908912798197,0.9560179480928603
p016,37,1.4,Q0,weighted_proportional,1,1.5070032969994482,1.4915391448060116,-0.015464152193436664,0.015495476553381305,0.007763400456662906,0.023227552650099705,0.909090915204718,0.9571477077420921
p016,37,1.4,Q0,equal_kw_reduction,1,1.612487277003052,1.6030504943374837,-0.009436782665568355,0.013699605723626631,0.00898121439084247,0.01841799705641079,0.9090908979363895,0.9577041554378243
p016,37,1.4,Q0,flat_level,1,1.1849636607191736,1.1425164983079825,-0.042447162411191064,0.02925608120559556,0.008032499999999998,0.050479662411191124,0.9090909074561685,0.955331959362645
p016,37,1.4,Q0,max_export_lp,1,1.6572322875094938,1.6572322870859846,-4.23509227687191e-10,1.43211904407841e-07,0.0,1.3164534504736883e-07,0.9090909253006912,0.9580058040785202
p016,37,1.4,Q0,fairness_qp,1,1.5948810760742278,1.5889402260067333,-0.005940850067494452,0.008274606214715697,0.005304181180968523,0.011245031248462871,0.909090893255177,0.9576735714519148
p016,37,1.4,Q95,weighted_proportional,1,1.5070032970001674,1.491539144803444,-0.015464152196723369,0.01549547655496606,0.007763400456604397,0.023227552653327724,0.9090908923217178,0.9556082416764132
p016,37,1.4,Q95,equal_kw_reduction,1,1.612487277003052,1.6030504943374837,-0.009436782665568355,0.013699605723626631,0.00898121439084247,0.01841799705641079,0.9090909044285732,0.9560344722405459
p016,37,1.4,Q95,flat_level,1,1.1849636607191736,1.1425164983079825,-0.042447162411191064,0.02925608120559556,0.008032499999999998,0.050479662411191124,0.9090909052418847,0.9542169048575982
p016,37,1.4,Q95,max_export_lp,1,1.6572322873433465,1.6572322871632286,-1.8011792057848197e-10,6.090630853356144e-08,0.0,5.8803461210586716e-08,0.9090908999557421,0.9562656115786474
p016,37,1.4,Q95,fairness_qp,1,1.5948810871865815,1.5889402386132179,-0.005940848573363633,0.008274611004172061,0.0053041867172294,0.011245035290853932,0.9090908989555747,0.9560109616770951
p016,37,1.5,Q0,weighted_proportional,1,1.5070032969994482,1.486613928313948,-0.020389368685500342,0.019838147203878984,0.009643462861128792,0.03003283154662918,0.9090909119139405,0.9571207158484784
p016,37,1.5,Q0,equal_kw_reduction,1,1.612487277003052,1.5994911321985488,-0.012996144804503285,0.017683205340027364,0.01118513293777576,0.02418127774227897,0.9090909028767387,0.9576840246370736
p016,37,1.5,Q0,flat_level,1,1.1849636607191736,1.1425164983079825,-0.042447162411191064,0.02925608120559556,0.008032499999999998,0.050479662411191124,0.9090909074561685,0.955331959362645
p016,37,1.5,Q0,max_export_lp,1,1.6572322875094938,1.6572322871713019,-3.381919189138216e-10,1.1425447525814604e-07,0.0,1.0503380270263443e-07,0.9090909027356344,0.9580058042447693
p016,37,1.5,Q0,fairness_qp,1,1.5948810760742278,1.587418764275665,-0.007462311798562826,0.010076236568606328,0.00634508066932497,0.013807392467887685,0.9090909177368319,0.9576648592992001
p016,37,1.5,Q95,weighted_proportional,1,1.5070032970001674,1.4866139283286801,-0.02038936867148733,0.019838147197161666,0.009643462861418026,0.030032831532905303,0.9090908939161776,0.9555875510074234
p016,37,1.5,Q95,equal_kw_reduction,1,1.612487277003052,1.5994911321985488,-0.012996144804503285,0.017683205340027364,0.01118513293777576,0.02418127774227897,0.909090917756396,0.9560190370856635
p016,37,1.5,Q95,flat_level,1,1.1849636607191736,1.1425164983079825,-0.042447162411191064,0.02925608120559556,0.008032499999999998,0.050479662411191124,0.9090909052418847,0.9542169048575982
p016,37,1.5,Q95,max_export_lp,1,1.6572322873433465,1.657232287102871,-2.4047541735683353e-10,8.09496699051733e-08,0.0,7.788791266854014e-08,0.9090909074466206,0.9562656114938927
p016,37,1.5,Q95,fairness_qp,1,1.5948810871865815,1.5874187775898134,-0.00746230959676808,0.010076241466112145,0.006345086667728126,0.013807396264496164,0.9090908960653411,0.95600428034288
p016,37,1.6,Q0,weighted_proportional,1,1.5070032969994482,1.4812964852549926,-0.02570681174445566,0.02435005791773692,0.011496652045509089,0.03720346378996475,0.9090909046803533,0.9570920518631595
p016,37,1.6,Q0,equal_kw_reduction,1,1.612487277003052,1.5956669148280525,-0.016820362174999604,0.02166508532877382,0.013254904241274075,0.030075266416273568,0.9090908862368171,0.9576631180777306
p016,37,1.6,Q0,flat_level,1,1.1849636607191736,1.1425164983079825,-0.042447162411191064,0.02925608120559556,0.008032499999999998,0.050479662411191124,0.9090909074561685,0.955331959362645
p016,37,1.6,Q0,max_export_lp,1,1.6572322875094938,1.6572322871607659,-3.4872793541751435e-10,1.1785052175019564e-07,0.0,1.0833232102309617e-07,0.9090909102926975,0.958005804209912
p016,37,1.6,Q0,fairness_qp,1,1.5948810760742278,1.5859614218628495,-0.008919654211378303,0.011733940641842869,0.007274113531323019,0.016193767747532055,0.909090896455983,0.9576566746231279
p016,37,1.6,Q95,weighted_proportional,1,1.5070032970001674,1.481296485260589,-0.02570681173957845,0.02435005791540955,0.011496652045620347,0.03720346378519875,0.9090909044554789,0.9555655790717392
p016,37,1.6,Q95,equal_kw_reduction,1,1.612487277003052,1.5956669148280525,-0.016820362174999604,0.02166508532877382,0.013254904241274075,0.030075266416273568,0.9090909016559604,0.9560030081060096
p016,37,1.6,Q95,flat_level,1,1.1849636607191736,1.1425164983079825,-0.042447162411191064,0.02925608120559556,0.008032499999999998,0.050479662411191124,0.9090909052418847,0.9542169048575982
p016,37,1.6,Q95,max_export_lp,1,1.6572322873433465,1.6572322871131384,-2.3020807482510008e-10,7.744952388672116e-08,0.0,7.474113886563744e-08,0.9090908923328774,0.9562656115245667
p016,37,1.6,Q95,fairness_qp,1,1.5948810871865815,1.58596142181634,-0.00891966537024147,0.011733947758074717,0.007274115072953936,0.0161937804431955,0.9090909072026498,0.9559980036928174
p016,37,1.7,Q0,weighted_proportional,1,1.5070032969994482,1.4004900000051634,-0.1065132969942848,0.0648552684290301,0.01159861993188763,0.11811191692617257,0.9090908990831955,0.9567324839626099
p016,37,1.7,Q0,equal_kw_reduction,1,1.612487277003052,1.5956669148280525,-0.016820362174999604,0.02166508532877382,0.013254904241274075,0.030075266416273568,0.9090908862368171,0.9576631180777306
p016,37,1.7,Q0,flat_level,1,1.1849636607191736,1.1425164983079825,-0.042447162411191064,0.02925608120559556,0.008032499999999998,0.050479662411191124,0.9090909074561685,0.955331959362645
p016,37,1.7,Q0,max_export_lp,1,1.6572322875094938,1.6572322874876306,-2.1863177934733358e-11,9.433349406739316e-09,0.0,9.110370920335786e-09,0.9090909030455075,0.9580058048221461
p016,37,1.7,Q0,fairness_qp,1,1.5948810760742278,1.5845927243818994,-0.010288351692328446,0.013240728231267459,0.008096552385103213,0.018384904077431704,0.9090909151503109,0.957649105933507
p016,37,1.7,Q95,weighted_proportional,1,1.5070032970001674,1.4004900000027725,-0.10651329699739498,0.06485526843057537,0.011598619931877833,0.1181119169292729,0.9090909034361551,0.9552900580867234
p016,37,1.7,Q95,equal_kw_reduction,1,1.612487277003052,1.5956669148280525,-0.016820362174999604,0.02166508532877382,0.013254904241274075,0.030075266416273568,0.9090909016559604,0.9560030081060096
p016,37,1.7,Q95,flat_level,1,1.1849636607191736,1.1425164983079825,-0.042447162411191064,0.02925608120559556,0.008032499999999998,0.050479662411191124,0.9090909052418847,0.9542169048575982
p016,37,1.7,Q95,max_export_lp,1,1.6572322873433465,1.6572322871988898,-1.4445666884910224e-10,5.3619723402065656e-08,1.3232025215109688e-09,5.36919516763712e-08,0.9090909075478596,0.9562656116003853
p016,37,1.7,Q95,fairness_qp,1,1.5948810871865815,1.5845927446370855,-0.010288342549495955,0.013240725186510014,0.008096553911654022,0.018384896461257953,0.9090909043887254,0.955992199762736
p016,37,1.74,Q0,weighted_proportional,1,1.5070032969994482,1.369033448280271,-0.13796984871917717,0.08058354429147627,0.01159861993188763,0.1495684686510649,0.9090908960750997,0.9565925357189836
p016,37,1.74,Q0,equal_kw_reduction,1,1.612487277003052,1.5956669148280525,-0.016820362174999604,0.02166508532877382,0.013254904241274075,0.030075266416273568,0.9090908862368171,0.9576631180777306
p016,37,1.74,Q0,flat_level,1,1.1849636607191736,1.1425164983079825,-0.042447162411191064,0.02925608120559556,0.008032499999999998,0.050479662411191124,0.9090909074561685,0.955331959362645
p016,37,1.74,Q0,max_export_lp,1,1.6572322875094938,1.657232287198799,-3.1069480321832543e-10,1.0508783608402777e-07,0.0,9.662789257755197e-08,0.9090909028286421,0.9580058042926153
p016,37,1.74,Q0,fairness_qp,1,1.5948810760742278,1.584073999319765,-0.010807076754462797,0.01380071781994364,0.008397179442712278,0.019204256197175,0.9090908964350063,0.957646263643768
p016,37,1.74,Q95,weighted_proportional,1,1.5070032970001674,1.36903344828014,-0.13796984872002738,0.08058354429189155,0.011598619931877833,0.14956846865190526,0.9090909032774822,0.9551828149523981
p016,37,1.74,Q95,equal_kw_reduction,1,1.612487277003052,1.5956669148280525,-0.016820362174999604,0.02166508532877382,0.013254904241274075,0.030075266416273568,0.9090909016559604,0.9560030081060096
p016,37,1.74,Q95,flat_level,1,1.1849636607191736,1.1425164983079825,-0.042447162411191064,0.02925608120559556,0.008032499999999998,0.050479662411191124,0.9090909052418847,0.9542169048575982
p016,37,1.74,Q95,max_export_lp,1,1.6572322873433465,1.6572322872109297,-1.3241674423625227e-10,4.6657507521863806e-08,0.0,4.664637124306148e-08,0.9090909001102235,0.9562656116410314
p016,37,1.74,Q95,fairness_qp,1,1.5948810871865815,1.5840740331694538,-0.01080705401712767,0.01380069197957882,0.008397164970849816,0.019204218988142622,0.9090908962271231,0.9559900202536357
p016,37,1.8,Q0,weighted_proportional,1,1.5070032969994482,1.3244700000057925,-0.18253329699365572,0.10286526842871553,0.01159861993188763,0.19413191692554344,0.9090909040920535,0.9563941962438649
p016,37,1.8,Q0,equal_kw_reduction,1,1.612487277003052,1.5956669148280525,-0.016820362174999604,0.02166508532877382,0.013254904241274075,0.030075266416273568,0.9090908862368171,0.9576631180777306
p016,37,1.8,Q0,flat_level,1,1.1849636607191736,1.1425164983079825,-0.042447162411191064,0.02925608120559556,0.008032499999999998,0.050479662411191124,0.9090909074561685,0.955331959362645
p016,37,1.8,Q0,max_export_lp,1,1.6572322875094938,1.6572322879286876,4.1919379079047303e-10,1.4214183686680907e-07,1.2335044836248032e-08,1.419322399454472e-07,0.9090908959144534,0.9580058056069308
p016,37,1.8,Q0,fairness_qp,1,1.5948810760742278,1.5833291543878625,-0.011551921686365318,0.014595143687939408,0.008819182840778754,0.020371104531122022,0.9090909040972625,0.9576422052065925
p016,37,1.8,Q95,weighted_proportional,1,1.5070032970001674,1.3244700000029743,-0.18253329699719312,0.10286526843047443,0.011598619931877833,0.19413191692907103,0.9090909013001829,0.9550308195400143
p016,37,1.8,Q95,equal_kw_reduction,1,1.612487277003052,1.5956669148280525,-0.016820362174999604,0.02166508532877382,0.013254904241274075,0.030075266416273568,0.9090909016559604,0.9560030081060096
p016,37,1.8,Q95,flat_level,1,1.1849636607191736,1.1425164983079825,-0.042447162411191064,0.02925608120559556,0.008032499999999998,0.050479662411191124,0.9090909052418847,0.9542169048575982
p016,37,1.8,Q95,max_export_lp,1,1.6572322873433465,1.6572322871767426,-1.6660384183353472e-10,5.696161035071475e-08,0.0,5.593809207504741e-08,0.909090907593123,0.9562656115478837
p016,37,1.8,Q95,fairness_qp,1,1.5948810871865815,1.5833291564781113,-0.01155193070847016,0.014595140409391614,0.008819175055156503,0.020371105763626725,0.9090909036415801,0.9559869077744885
p016,37,1.9,Q0,weighted_proportional,1,1.5070032969994482,1.256452105272936,-0.2505511917265122,0.13687421579514378,0.01159861993188763,0.26214981165839996,0.9090908961833294,0.9560912880343394
p016,37,1.9,Q0,equal_kw_reduction,1,1.612487277003052,1.5956669148280525,-0.016820362174999604,0.02166508532877382,0.013254904241274075,0.030075266416273568,0.9090908862368171,0.9576631180777306
p016,37,1.9,Q0,flat_level,1,1.1849636607191736,1.1425164983079825,-0.042447162411191064,0.02925608120559556,0.008032499999999998,0.050479662411191124,0.9090909074561685,0.955331959362645
p016,37,1.9,Q0,max_export_lp,1,1.6572322875094938,1.657232287643562,1.3406808996307973e-10,4.680884311392521e-08,4.145296255558817e-09,4.674180904406123e-08,0.9090909032611164,0.9580058050995223
p016,37,1.9,Q0,fairness_qp,1,1.5948810760742278,1.5821800546536509,-0.012701021420576941,0.015800157214089516,0.009449646500182703,0.02215066792437803,0.9090908969087984,0.957635992936426
p016,37,1.9,Q95,weighted_proportional,1,1.5070032970001674,1.2564521052636963,-0.2505511917364711,0.13687421580011339,0.011598619931877833,0.26214981166834894,0.9090909023424837,0.9547986733422995
p016,37,1.9,Q95,equal_kw_reduction,1,1.612487277003052,1.5956669148280525,-0.016820362174999604,0.02166508532877382,0.013254904241274075,0.030075266416273568,0.9090909016559604,0.9560030081060096
p016,37,1.9,Q95,flat_level,1,1.1849636607191736,1.1425164983079825,-0.042447162411191064,0.02925608120559556,0.008032499999999998,0.050479662411191124,0.9090909052418847,0.9542169048575982
p016,37,1.9,Q95,max_export_lp,1,1.6572322873433465,1.6572322871185863,-2.2476021044326444e-10,7.605729924391267e-08,0.0,7.438273897817857e-08,0.9090908924313494,0.9562656115280352
p016,37,1.9,Q95,fairness_qp,1,1.5948810871865815,1.582180052801645,-0.012701034384936527,0.01580015788105693,0.009449640688588699,0.022150675073525163,0.9090908953627715,0.9559821440748949
p016,37,2.0,Q0,weighted_proportional,1,1.5070032969994482,1.195236000018235,-0.3117672969812133,0.16748226842249425,0.01159861993188763,0.3233659169131009,0.9090909150514177,0.9558184848108354
p016,37,2.0,Q0,equal_kw_reduction,1,1.612487277003052,1.5956669148280525,-0.016820362174999604,0.02166508532877382,0.013254904241274075,0.030075266416273568,0.9090908862368171,0.9576631180777306
p016,37,2.0,Q0,flat_level,1,1.1849636607191736,1.1425164983079825,-0.042447162411191064,0.02925608120559556,0.008032499999999998,0.050479662411191124,0.9090909074561685,0.955331959362645
p016,37,2.0,Q0,max_export_lp,1,1.6572322875094938,1.6572322875281682,1.8674395363404983e-11,8.501156641756592e-09,8.324781280988347e-10,8.491819406182023e-09,0.9090908880288625,0.958005804894254
p016,37,2.0,Q0,fairness_qp,1,1.5948810760742278,1.5811490638432808,-0.013732012230947,0.016862035237327204,0.009996029121853687,0.02372804135280072,0.9090908914836161,0.957630465009044
p016,37,2.0,Q95,weighted_proportional,1,1.5070032970001674,1.1952360000195092,-0.3117672969806582,0.16748226842220695,0.011598619931877833,0.3233659169125361,0.9090908994420155,0.954589583361368
p016,37,2.0,Q95,equal_kw_reduction,1,1.612487277003052,1.5956669148280525,-0.016820362174999604,0.02166508532877382,0.013254904241274075,0.030075266416273568,0.9090909016559604,0.9560030081060096
p016,37,2.0,Q95,flat_level,1,1.1849636607191736,1.1425164983079825,-0.042447162411191064,0.02925608120559556,0.008032499999999998,0.050479662411191124,0.9090909052418847,0.9542169048575982
p016,37,2.0,Q95,max_export_lp,1,1.6572322873433465,1.657232287100837,-2.4250956798255174e-10,8.192410658988984e-08,0.0,7.766110871618506e-08,0.9090908999550426,0.9562656114777978
p016,37,2.0,Q95,fairness_qp,1,1.5948810871865815,1.5811490513915671,-0.013732035795014363,0.016862048919999324,0.009996031022492195,0.023728066817506454,0.9090909146848904,0.9559779051331078
p017,39,1.0,Q0,weighted_proportional,1,1.5070032969994482,1.5070032969994482,0.0,0.0,0.0,0.0,0.9090908986590723,0.9572374939891118
p017,39,1.0,Q0,equal_kw_reduction,1,1.612487277003052,1.612487277003052,0.0,0.0,0.0,0.0,0.9090909085411034,0.9577651340631068
p017,39,1.0,Q0,flat_level,1,1.1849636607191736,1.1849636607191736,0.0,0.0,0.0,0.0,0.9090908983503695,0.955563065083861
p017,39,1.0,Q0,max_export_lp,1,1.6572322875094938,1.6572322875094938,0.0,0.0,0.0,0.0,0.9090908879931944,0.9580058048566669
p017,39,1.0,Q0,fairness_qp,1,1.5948810760742278,1.5948810760742278,0.0,0.0,0.0,0.0,0.9090908901901453,0.9577105026709762
p017,39,1.0,Q95,weighted_proportional,1,1.5070032970001674,1.5070032970001674,0.0,0.0,0.0,0.0,0.9090908975310804,0.9556770734851585
p017,39,1.0,Q95,equal_kw_reduction,1,1.612487277003052,1.612487277003052,0.0,0.0,0.0,0.0,0.9090908917775226,0.9560812375763708
p017,39,1.0,Q95,flat_level,1,1.1849636607191736,1.1849636607191736,0.0,0.0,0.0,0.0,0.9090909069966064,0.9543941331679278
p017,39,1.0,Q95,max_export_lp,1,1.6572322873433465,1.6572322873433465,0.0,0.0,0.0,0.0,0.9090909076611658,0.956265611819685
p017,39,1.0,Q95,fairness_qp,1,1.5948810871865815,1.5948810871865815,0.0,0.0,0.0,0.0,0.9090909102228547,0.9560392884682518
p017,39,1.1,Q0,weighted_proportional,1,1.5070032969994482,1.5025747119094242,-0.004428585090024084,0.0030040944562223205,0.0007898019112102042,0.005218387001234437,0.909090909438821,0.957217469457036
p017,39,1.1,Q0,equal_kw_reduction,1,1.612487277003052,1.6110048588325887,-0.001482418170463351,0.0016207532862501503,0.0008795442010185121,0.0023619623714817885,0.9090909029172264,0.9577588192649018
p017,39,1.1,Q0,flat_level,1,1.1849636607191736,1.1726355527655146,-0.012328107953659018,0.0071279539768295385,0.0009639000000000002,0.013292007953659077,0.909090908076316,0.955502198694016
p017,39,1.1,Q0,max_export_lp,1,1.6572322875094938,1.6572322873365484,-1.729454357501936e-10,5.863057073125571e-08,0.0,5.7491011509910005e-08,0.9090909029660057,0.9580058045377021
p017,39,1.1,Q0,fairness_qp,1,1.5948810760742278,1.592888576792345,-0.0019924992818827203,0.001539446739047535,0.0005431970981062042,0.002535696379988866,0.9090909127818527,0.9577022591779552
p017,39,1.1,Q95,weighted_proportional,1,1.5070032970001674,1.5025747119080446,-0.00442858509212285,0.0030040944572594977,0.000789801911198023,0.0052183870033209725,0.9090909002617801,0.9556617297670775
p017,39,1.1,Q95,equal_kw_reduction,1,1.612487277003052,1.6110048588325887,-0.001482418170463351,0.0016207532862501503,0.0008795442010185121,0.0023619623714817885,0.9090909179649634,0.9560763976450039
p017,39,1.1,Q95,flat_level,1,1.1849636607191736,1.1726355527655146,-0.012328107953659018,0.0071279539768295385,0.0009639000000000002,0.013292007953659077,0.9090909128962941,0.9543474669971795
p017,39,1.1,Q95,max_export_lp,1,1.6572322873433465,1.6572322872879712,-5.537525993304371e-11,4.070004072599578e-08,6.598341755793824e-09,4.072772827670712e-08,0.9090909000240083,0.9562656117505697
p017,39,1.1,Q95,fairness_qp,1,1.5948810871865815,1.5928885874582521,-0.0019924997283293777,0.0015394472532192836,0.0005431973890545781,0.002535697117383989,0.9090908968826892,0.9560329705620326
p017,39,1.2,Q0,weighted_proportional,1,1.5070032969994482,1.497702633672632,-0.009300663326816228,0.006221356992761775,0.0015710253293536227,0.010871688656169928,0.9090909009751196,0.9571954935915803
p017,39,1.2,Q0,equal_kw_reduction,1,1.612487277003052,1.609116118298874,-0.0033711587041780344,0.0034306566381518736,0.0017450772860628282,0.005116235990240919,0.9090908852832921,0.957750850922763
p017,39,1.2,Q0,flat_level,1,1.1849636607191736,1.158750572411913,-0.026213088307260657,0.015034344153630353,0.0019278000000000003,0.028140888307260706,0.9090908963542061,0.9554337642642804
p017,39,1.2,Q0,max_export_lp,1,1.6572322875094938,1.6572322874473198,-6.217404369124324e-11,2.210632674517262e-08,0.0,2.1503868351561636e-08,0.9090908954736088,0.95800580476612
p017,39,1.2,Q0,fairness_qp,1,1.5948810760742278,1.5908932959069433,-0.003987780167284516,0.003034339514095819,0.0010404494304423672,0.00502822959773803,0.9090909121560798,0.9576940148744878
p017,39,1.2,Q95,weighted_proportional,1,1.5070032970001674,1.497702633673568,-0.009300663326599512,0.006221356992655555,0.0015710253293558189,0.010871688655955291,0.9090908989947705,0.955644890927937
p017,39,1.2,Q95,equal_kw_reduction,1,1.612487277003052,1.609116118298874,-0.0033711587041780344,0.0034306566381518736,0.0017450772860628282,0.005116235990240919,0.9090908973706123,0.9560702908700224
p017,39,1.2,Q95,flat_level,1,1.1849636607191736,1.158750572411913,-0.026213088307260657,0.015034344153630353,0.0019278000000000003,0.028140888307260706,0.9090909032218002,0.9542949978424566
p017,39,1.2,Q95,max_export_lp,1,1.6572322873433465,1.6572322872324519,-1.1089462681468376e-10,4.0668679789090684e-08,3.095853325866399e-09,4.0724127011587674e-08,0.9090909075989041,0.9562656116540785
p017,39,1.2,Q95,fairness_qp,1,1.5948810871865815,1.59089330325846,-0.003987783928121491,0.003034341955125496,0.0010404499910647604,0.0050282339191862315,0.9090909055307449,0.9560266519539976
p017,39,1.3,Q0,weighted_proportional,1,1.5070032969994482,1.4924020058011138,-0.01460129119833442,0.009643711676065037,0.0023430660768978557,0.016944357275232216,0.9090908938439618,0.9571716324611608
p017,39,1.3,Q0,equal_kw_reduction,1,1.612487277003052,1.6068343423461298,-0.005652934656922293,0.0054235247540844736,0.002597057425623375,0.008249992082545572,0.9090909077203712,0.9577412828902439
p017,39,1.3,Q0,flat_level,1,1.1849636607191736,1.1432067448748342,-0.04175691584433938,0.02377015792216968,0.0028917000000000005,0.044648615844339365,0.909090891871968,0.9553572627797452
p017,39,1.3,Q0,max_export_lp,1,1.6572322875094938,1.657232287271742,-2.377518182328231e-10,8.088566761353406e-08,0.0,7.92496251840729e-08,0.9090909028820383,0.9580058044241336
p017,39,1.3,Q0,fairness_qp,1,1.5948810760742278,1.5889446475619176,-0.005936428512310243,0.004458915310660012,0.0014907010545048777,0.007427129566815147,0.9090908922187895,0.95768597158493
p017,39,1.3,Q95,weighted_proportional,1,1.5070032970001674,1.4924020057999008,-0.014601291200266653,0.009643711677018758,0.002343066076885357,0.01694435727715216,0.9090909190458099,0.955626607436627
p017,39,1.3,Q95,equal_kw_reduction,1,1.612487277003052,1.6068343423461298,-0.005652934656922293,0.0054235247540844736,0.002597057425623375,0.008249992082545572,0.9090909006160034,0.9560629585151509
p017,39,1.3,Q95,flat_level,1,1.1849636607191736,1.1432067448748342,-0.04175691584433938,0.02377015792216968,0.0028917000000000005,0.044648615844339365,0.9090909098513958,0.9542363428108948
p017,39,1.3,Q95,max_export_lp,1,1.6572322873433465,1.6572322872529008,-9.044565096871793e-11,3.5802389955973905e-08,3.612532930782897e-09,3.584761271505088e-08,0.9090909000688053,0.9562656116975778
p017,39,1.3,Q95,fairness_qp,1,1.5948810871865815,1.5889446521272925,-0.00593643505928898,0.004458918449771424,0.0014907009201269358,0.007427135979415913,0.9090909016585029,0.9560204873661244
p017,39,1.4,Q0,weighted_proportional,1,1.5070032969994482,1.4866886110018167,-0.020314685997631532,0.013262703181481346,0.0031053601826655647,0.023420046180297128,0.9090908880730391,0.9571459556337046
p017,39,1.4,Q0,equal_kw_reduction,1,1.612487277003052,1.6041712989545978,-0.008315978048454298,0.0075938794363494475,0.003435890412122264,0.011751868460576631,0.9090909053001057,0.9577301631256441
p017,39,1.4,Q0,flat_level,1,1.1849636607191736,1.1376969983079823,-0.04726666241119126,0.026846331205595562,0.0032130000000000006,0.050479662411191124,0.9090909050754938,0.9553302220260458
p017,39,1.4,Q0,max_export_lp,1,1.6572322875094938,1.6572322872646348,-2.448590219472635e-10,8.281709803099066e-08,0.0,8.131564660214616e-08,0.9090909103314807,0.9580058044263636
p017,39,1.4,Q0,fairness_qp,1,1.5948810760742278,1.5870837402767306,-0.007797335797497196,0.0057927384221841466,0.0018940705182851616,0.009691406320932724,0.9090908987384632,0.9576782968444516
p017,39,1.4,Q95,weighted_proportional,1,1.5070032970001674,1.4866886109991908,-0.020314686000976634,0.013262703183130001,0.003105360182641655,0.02342004618361835,0.9090908974559632,0.9556069327424743
p017,39,1.4,Q95,equal_kw_reduction,1,1.612487277003052,1.6041712989545978,-0.008315978048454298,0.0075938794363494475,0.003435890412122264,0.011751868460576631,0.9090909116343541,0.9560544371843499
p017,39,1.4,Q95,flat_level,1,1.1849636607191736,1.1376969983079823,-0.04726666241119126,0.026846331205595562,0.0032130000000000006,0.050479662411191124,0.909090899992256,0.9542156101091165
p017,39,1.4,Q95,max_export_lp,1,1.6572322873433465,1.6572322872229914,-1.2035505925211964e-10,4.243479354048337e-08,2.6616148057247158e-09,4.2494971002129955e-08,0.9090909000963363,0.9562656116264234
p017,39,1.4,Q95,fairness_qp,1,1.5948810871865815,1.5870837394725728,-0.007797347714008751,0.00579274399456806,0.0018940701375637324,0.009691417851572388,0.9090909047979006,0.9560146054041945
p017,39,1.5,Q0,weighted_proportional,1,1.5070032969994482,1.480578959728178,-0.02642433727127025,0.017069553780087267,0.003857385144452153,0.030281722415722377,0.909090915385863,0.9571185359133035
p017,39,1.5,Q0,equal_kw_reduction,1,1.612487277003052,1.6011374067048418,-0.011349870298210218,0.009936870656063398,0.00426193550695827,0.015611805805168527,0.9090908985718337,0.9577175337901227
p017,39,1.5,Q0,flat_level,1,1.1849636607191736,1.1376969983079823,-0.04726666241119126,0.026846331205595562,0.0032130000000000006,0.050479662411191124,0.9090909050754938,0.9553302220260458
p017,39,1.5,Q0,max_export_lp,1,1.6572322875094938,1.6572322872725658,-2.3692803274855123e-10,8.02063096622921e-08,0.0,7.872395110504558e-08,0.9090909028496958,0.9580058044402172
p017,39,1.5,Q0,fairness_qp,1,1.5948810760742278,1.585342231132395,-0.00953884494183277,0.0070211550866833075,0.0022517326157669238,0.01179057755759969,0.9090908958923022,0.957671119479765
p017,39,1.5,Q95,weighted_proportional,1,1.5070032970001674,1.4805789597438652,-0.02642433725630222,0.01706955377272725,0.00385738514457613,0.030281722400878373,0.9090909013259849,0.9555859225169722
p017,39,1.5,Q95,equal_kw_reduction,1,1.612487277003052,1.6011374067048418,-0.011349870298210218,0.009936870656063398,0.00426193550695827,0.015611805805168527,0.9090909109702371,0.9560447593194977
p017,39,1.5,Q95,flat_level,1,1.1849636607191736,1.1376969983079823,-0.04726666241119126,0.026846331205595562,0.0032130000000000006,0.050479662411191124,0.909090899992256,0.9542156101091165
p017,39,1.5,Q95,max_export_lp,1,1.6572322873433465,1.6572322872515426,-9.180389781704434e-11,3.64259596011122e-08,3.632125158362781e-09,3.647186155517068e-08,0.9090909076219493,0.9562656116783195
p017,39,1.5,Q95,fairness_qp,1,1.5948810871865815,1.5853422346413661,-0.00953885254521536,0.00702115558649128,0.002251729313657103,0.011790581859098917,0.909090903920623,0.9560091048969281
p017,39,1.6,Q0,weighted_proportional,1,1.5070032969994482,1.474090178029378,-0.03291311897007021,0.021055220303238375,0.004598660818203228,0.037511779788273525,0.9090909112592074,0.9570894488146907
p017,39,1.6,Q0,equal_kw_reduction,1,1.612487277003052,1.5977418763241444,-0.014745400678907616,0.012448210660870776,0.005075510321416982,0.01982091100032457,0.909090900143774,0.9577034322718431
p017,39,1.6,Q0,flat_level,1,1.1849636607191736,1.1376969983079823,-0.04726666241119126,0.026846331205595562,0.0032130000000000006,0.050479662411191124,0.9090909050754938,0.9553302220260458
p017,39,1.6,Q0,max_export_lp,1,1.6572322875094938,1.657232287337143,-1.7235080029820438e-10,5.830683234386673e-08,0.0,5.7218306633109034e-08,0.909090902903682,0.9580058045221911
p017,39,1.6,Q0,fairness_qp,1,1.5948810760742278,1.583742236642742,-0.011138839431485748,0.00813513189359446,0.0025657121778516244,0.013704551609337295,0.9090909097938034,0.9576645290381649
p017,39,1.6,Q95,weighted_proportional,1,1.5070032970001674,1.4740901780351285,-0.0329131189650389,0.02105522030076869,0.004598660818249263,0.03751177978328812,0.9090909089597575,0.9555636345626438
p017,39,1.6,Q95,equal_kw_reduction,1,1.612487277003052,1.5977418763241444,-0.014745400678907616,0.012448210660870776,0.005075510321416982,0.01982091100032457,0.9090909144101098,0.9560339534038015
p017,39,1.6,Q95,flat_level,1,1.1849636607191736,1.1376969983079823,-0.04726666241119126,0.026846331205595562,0.0032130000000000006,0.050479662411191124,0.909090899992256,0.9542156101091165
p017,39,1.6,Q95,max_export_lp,1,1.6572322873433465,1.6572322872303316,-1.1301493074711289e-10,4.0910839768822094e-08,3.0040594330670023e-09,4.096734723332829e-08,0.9090909000405911,0.9562656116678996
p017,39,1.6,Q95,fairness_qp,1,1.5948810871865815,1.5837422463596857,-0.011138840826895757,0.008135128289134904,0.0025657078754893793,0.013704548702582808,0.9090909154603056,0.956004054099488
p017,39,1.7,Q0,weighted_proportional,1,1.5070032969994482,1.3925520000108391,-0.11445129698860912,0.06186509646705963,0.004639447972755053,0.11909074496136421,0.9090909032778139,0.9567296167429249
p017,39,1.7,Q0,equal_kw_reduction,1,1.612487277003052,1.5939928292237002,-0.01849444777935183,0.015124118793836164,0.005876894904160284,0.024371342683512043,0.909090905197147,0.9576878914443522
p017,39,1.7,Q0,flat_level,1,1.1849636607191736,1.1376969983079823,-0.04726666241119126,0.026846331205595562,0.0032130000000000006,0.050479662411191124,0.9090909050754938,0.9553302220260458
p017,39,1.7,Q0,max_export_lp,1,1.6572322875094938,1.657232287394995,-1.1449885484182687e-10,3.9324085478794485e-08,0.0,3.8459840985983346e-08,0.909090895409687,0.9580058046736757
p017,39,1.7,Q0,fairness_qp,1,1.5948810760742278,1.5822970274143517,-0.012584048659876057,0.009130695844391388,0.0028386715144533723,0.015422720174329404,0.9090909166824671,0.9576585789713846
p017,39,1.7,Q95,weighted_proportional,1,1.5070032970001674,1.3925520000105396,-0.11445129698962786,0.06186509646756513,0.0046394479727511345,0.11909074496237912,0.9090909077190229,0.9552879168863017
p017,39,1.7,Q95,equal_kw_reduction,1,1.612487277003052,1.5939928292237002,-0.01849444777935183,0.015124118793836164,0.005876894904160284,0.024371342683512043,0.9090909038407217,0.9560220447290377
p017,39,1.7,Q95,flat_level,1,1.1849636607191736,1.1376969983079823,-0.04726666241119126,0.026846331205595562,0.0032130000000000006,0.050479662411191124,0.909090899992256,0.9542156101091165
p017,39,1.7,Q95,max_export_lp,1,1.6572322873433465,1.6572322872534921,-8.985434618580257e-11,3.4517226226739566e-08,3.1957602913794403e-09,3.456215338752677e-08,0.9090909000561509,0.9562656116842666
p017,39,1.7,Q95,fairness_qp,1,1.5948810871865815,1.5822970355756865,-0.012584051610895042,0.00913069203076929,0.002838666225321751,0.015422717836216826,0.9090909045818576,0.9559994937577286
p017,39,1.74,Q0,weighted_proportional,1,1.5070032969994482,1.3608347586277256,-0.1461685383717226,0.07772371715861642,0.004639447972755053,0.15080798634447778,0.9090909011215742,0.9565895743004782
p017,39,1.74,Q0,equal_kw_reduction,1,1.612487277003052,1.5923958544341905,-0.02009142256886154,0.0162398029199873,0.0061940916355565,0.026285514204418096,0.9090909018071589,0.9576812787241805
p017,39,1.74,Q0,flat_level,1,1.1849636607191736,1.1376969983079823,-0.04726666241119126,0.026846331205595562,0.0032130000000000006,0.050479662411191124,0.9090909050754938,0.9553302220260458
p017,39,1.74,Q0,max_export_lp,1,1.6572322875094938,1.6572322873059917,-2.035021040569518e-10,6.903059556406192e-08,0.0,6.771502230576605e-08,0.9090908878679969,0.9580058044989851
p017,39,1.74,Q0,fairness_qp,1,1.5948810760742278,1.5817637774499769,-0.013117298624250928,0.009495696235272114,0.0029370469231466316,0.016054345547397597,0.9090909098416635,0.957656384201922
p017,39,1.74,Q95,weighted_proportional,1,1.5070032970001674,1.360834758635172,-0.14616853836499555,0.07772371715524899,0.0046394479727511345,0.15080798633774684,0.9090909039104371,0.9551806037418082
p017,39,1.74,Q95,equal_kw_reduction,1,1.612487277003052,1.5923958544341905,-0.02009142256886154,0.0162398029199873,0.0061940916355565,0.026285514204418096,0.9090908912506718,0.9560169775400132
p017,39,1.74,Q95,flat_level,1,1.1849636607191736,1.1376969983079823,-0.04726666241119126,0.026846331205595562,0.0032130000000000006,0.050479662411191124,0.909090899992256,0.9542156101091165
p017,39,1.74,Q95,max_export_lp,1,1.6572322873433465,1.6572322872612535,-8.209299906525303e-11,3.2545106452125903e-08,3.2514069553055136e-09,3.2586152914904076e-08,0.9090908924938079,0.9562656116938484
p017,39,1.74,Q95,fairness_qp,1,1.5948810871865815,1.5817637904779596,-0.01311729670862194,0.009495688966179205,0.0029370406118681813,0.016054337320490226,0.9090909020971436,0.9559978117376785
p017,39,1.8,Q0,weighted_proportional,1,1.5070032969994482,1.315902000016779,-0.1911012969826693,0.10019009646408975,0.004639447972755053,0.19574074495542443,0.9090909032374893,0.9563911015358025
p017,39,1.8,Q0,equal_kw_reduction,1,1.612487277003052,1.5898973969542651,-0.022589880048786926,0.01796127519512499,0.0066663351707314834,0.029256215219518496,0.9090908915991096,0.9576709402114422
p017,39,1.8,Q0,flat_level,1,1.1849636607191736,1.1376969983079823,-0.04726666241119126,0.026846331205595562,0.0032130000000000006,0.050479662411191124,0.9090909050754938,0.9553302220260458
p017,39,1.8,Q0,max_export_lp,1,1.6572322875094938,1.6572322872245333,-2.849604996413291e-10,9.628972603075792e-08,0.0,9.458633288595992e-08,0.9090908952261324,0.9580058043548296
p017,39,1.8,Q0,fairness_qp,1,1.5948810760742278,1.5810122867975194,-0.013868789276708426,0.01000806788940864,0.0030736732510544306,0.01694246252776285,0.9090909060793274,0.9576532917324005
p017,39,1.8,Q95,weighted_proportional,1,1.5070032970001674,1.3159020000044626,-0.19110129699570488,0.10019009647060356,0.0046394479727511345,0.195740744968456,0.9090908971639851,0.9550285091150175
p017,39,1.8,Q95,equal_kw_reduction,1,1.612487277003052,1.5898973969542651,-0.022589880048786926,0.01796127519512499,0.0066663351707314834,0.029256215219518496,0.9090908912592415,0.9560090553871828
p017,39,1.8,Q95,flat_level,1,1.1849636607191736,1.1376969983079823,-0.04726666241119126,0.026846331205595562,0.0032130000000000006,0.050479662411191124,0.909090899992256,0.9542156101091165
p017,39,1.8,Q95,max_export_lp,1,1.6572322873433465,1.6572322872597662,-8.358025382904088e-11,3.2972009018645675e-08,3.2668306258927526e-09,3.3013799125014565e-08,0.9090908927126835,0.9562656117238545
p017,39,1.8,Q95,fairness_qp,1,1.5948810871865815,1.5810123113112289,-0.013868775875352624,0.010008052596428814,0.003073664658752537,0.01694244053410509,0.909090907687894,0.9559954417578622
p017,39,1.9,Q0,weighted_proportional,1,1.5070032969994482,1.2473204210745445,-0.2596828759249037,0.13448088593520693,0.004639447972755053,0.2643223238976588,0.9090909032919547,0.9560879897935557
p017,39,1.9,Q0,equal_kw_reduction,1,1.612487277003052,1.5854618046797764,-0.02702547232327568,0.020956781943593822,0.007444045781956015,0.03446951810523163,0.90909091068204,0.9576526036627183
p017,39,1.9,Q0,flat_level,1,1.1849636607191736,1.1376969983079823,-0.04726666241119126,0.026846331205595562,0.0032130000000000006,0.050479662411191124,0.9090909050754938,0.9553302220260458
p017,39,1.9,Q0,max_export_lp,1,1.6572322875094938,1.6572322873353984,-1.7409540475910035e-10,5.910844371468174e-08,0.0,5.794934172667979e-08,0.9090909029483003,0.958005804519044
p017,39,1.9,Q0,fairness_qp,1,1.5948810760742278,1.5798876227001448,-0.014993453374082977,0.010770708294188896,0.003273981607147431,0.01826743498123036,0.9090908992951241,0.9576486648636804
p017,39,1.9,Q95,weighted_proportional,1,1.5070032970001674,1.2473204210534912,-0.2596828759466763,0.13448088594608934,0.0046394479727511345,0.26432232391942756,0.9090909114745167,0.9547962116094094
p017,39,1.9,Q95,equal_kw_reduction,1,1.612487277003052,1.5854618046797764,-0.02702547232327568,0.020956781943593822,0.007444045781956015,0.03446951810523163,0.909090891359687,0.9559950045880957
p017,39,1.9,Q95,flat_level,1,1.1849636607191736,1.1376969983079823,-0.04726666241119126,0.026846331205595562,0.0032130000000000006,0.050479662411191124,0.909090899992256,0.9542156101091165
p017,39,1.9,Q95,max_export_lp,1,1.6572322873433465,1.6572322872138725,-1.2947398708718083e-10,4.5957669528046835e-08,3.0592040923052566e-09,4.6022406526360915e-08,0.9090908924781607,0.9562656116773892
p017,39,1.9,Q95,fairness_qp,1,1.5948810871865815,1.5798876852959418,-0.01499340189063969,0.010770666701286118,0.0032739657559662273,0.018267367646606008,0.9090909009233016,0.9559918959539928
p017,39,2.0,Q0,weighted_proportional,1,1.5070032969994482,1.1855970000380993,-0.3214062969613489,0.16534259645342952,0.004639447972755053,0.326045744934104,0.9090909110867444,0.9558150033899224
p017,39,2.0,Q0,equal_kw_reduction,1,1.612487277003052,1.5806914411268518,-0.031795835876200274,0.02410813049409328,0.008210212555993093,0.040006048432193464,0.9090908987411124,0.9576329036685782
p017,39,2.0,Q0,flat_level,1,1.1849636607191736,1.1376969983079823,-0.04726666241119126,0.026846331205595562,0.0032130000000000006,0.050479662411191124,0.9090909050754938,0.9553302220260458
p017,39,2.0,Q0,max_export_lp,1,1.6572322875094938,1.6572322877422765,2.3278268201920582e-10,7.923226520137241e-08,1.01589392844173e-09,7.911587377308453e-08,0.9090908957319191,0.9580058052891598
p017,39,2.0,Q0,fairness_qp,1,1.5948810760742278,1.5789180824174571,-0.015962993656770674,0.011424398670549245,0.003442901842163862,0.01940589549893463,0.9090908925865798,0.9576446774397303
p017,39,2.0,Q95,weighted_proportional,1,1.5070032970001674,1.1855970000018135,-0.321406296998354,0.16534259647192814,0.0046394479727511345,0.32604574497110517,0.9090909038500529,0.9545869855246829
p017,39,2.0,Q95,equal_kw_reduction,1,1.612487277003052,1.5806914411268518,-0.031795835876200274,0.02410813049409328,0.008210212555993093,0.040006048432193464,0.909090901100043,0.9559799090042196
p017,39,2.0,Q95,flat_level,1,1.1849636607191736,1.1376969983079823,-0.04726666241119126,0.026846331205595562,0.0032130000000000006,0.050479662411191124,0.909090899992256,0.9542156101091165
p017,39,2.0,Q95,max_export_lp,1,1.6572322873433465,1.6572322871941654,-1.4918111190809213e-10,5.0080872956851426e-08,0.0,5.0032806911837896e-08,0.9090908924314758,0.9562656116282816
p017,39,2.0,Q95,fairness_qp,1,1.5948810871865815,1.5789182217352877,-0.015962865451293773,0.011424304561522011,0.0034428718358751366,0.019405737287168885,0.9090909088663379,0.9559888402673558
p018,41,1.0,Q0,weighted_proportional,1,1.5070032969994482,1.5070032969994482,0.0,0.0,0.0,0.0,0.9090908986590723,0.9572374939891118
p018,41,1.0,Q0,equal_kw_reduction,1,1.612487277003052,1.612487277003052,0.0,0.0,0.0,0.0,0.9090909085411034,0.9577651340631068
p018,41,1.0,Q0,flat_level,1,1.1849636607191736,1.1849636607191736,0.0,0.0,0.0,0.0,0.9090908983503695,0.955563065083861
p018,41,1.0,Q0,max_export_lp,1,1.6572322875094938,1.6572322875094938,0.0,0.0,0.0,0.0,0.9090908879931944,0.9580058048566669
p018,41,1.0,Q0,fairness_qp,1,1.5948810760742278,1.5948810760742278,0.0,0.0,0.0,0.0,0.9090908901901453,0.9577105026709762
p018,41,1.0,Q95,weighted_proportional,1,1.5070032970001674,1.5070032970001674,0.0,0.0,0.0,0.0,0.9090908975310804,0.9556770734851585
p018,41,1.0,Q95,equal_kw_reduction,1,1.612487277003052,1.612487277003052,0.0,0.0,0.0,0.0,0.9090908917775226,0.9560812375763708
p018,41,1.0,Q95,flat_level,1,1.1849636607191736,1.1849636607191736,0.0,0.0,0.0,0.0,0.9090909069966064,0.9543941331679278
p018,41,1.0,Q95,max_export_lp,1,1.6572322873433465,1.6572322873433465,0.0,0.0,0.0,0.0,0.9090909076611658,0.956265611819685
p018,41,1.0,Q95,fairness_qp,1,1.5948810871865815,1.5948810871865815,0.0,0.0,0.0,0.0,0.9090909102228547,0.9560392884682518
p018,41,1.1,Q0,weighted_proportional,1,1.5070032969994482,1.504825300394035,-0.0021779966054131794,0.004050755469744844,0.0029617571670382085,0.00513975377245148,0.9090908945286551,0.957228689470098
p018,41,1.1,Q0,equal_kw_reduction,1,1.612487277003052,1.6116777619129175,-0.0008095150901346049,0.0038668259902350783,0.0034620684451677833,0.004271583535302373,0.9090909032959538,0.9577639706784166
p018,41,1.1,Q0,flat_level,1,1.1849636607191736,1.1752862777655144,-0.009677382953659164,0.00845331647682954,0.0036146250000000033,0.013292007953659077,0.9090909113684831,0.9555154645146461
p018,41,1.1,Q0,max_export_lp,1,1.6572322875094938,1.657232287219667,-2.8982682920286607e-10,1.1097381253998917e-07,0.0,9.981222363821419e-08,0.9090909028562053,0.9580058043467444
p018,41,1.1,Q0,fairness_qp,1,1.5948810760742278,1.594149950552468,-0.0007311255217596901,0.0027721316748691854,0.0024065689139893195,0.0031376944357490513,0.9090908855189346,0.9577090809496438
p018,41,1.1,Q95,weighted_proportional,1,1.5070032970001674,1.5048253003925316,-0.002177996607635846,0.004050755470807715,0.0029617571669897855,0.005139753774625645,0.909090909834212,0.9556703242121085
p018,41,1.1,Q95,equal_kw_reduction,1,1.612487277003052,1.6116777619129175,-0.0008095150901346049,0.0038668259902350783,0.0034620684451677833,0.004271583535302373,0.9090908914847208,0.9560803413876835
p018,41,1.1,Q95,flat_level,1,1.1849636607191736,1.1752862777655144,-0.009677382953659164,0.00845331647682954,0.0036146250000000033,0.013292007953659077,0.9090909060776846,0.95435763223862
p018,41,1.1,Q95,max_export_lp,1,1.6572322873433465,1.6572322874270464,8.369993587109548e-11,3.906074914238793e-08,0.0,3.829321981729805e-08,0.9090909077699172,0.9562656119340796
p018,41,1.1,Q95,fairness_qp,1,1.5948810871865815,1.5941499595913275,-0.0007311275952539553,0.002772135916989406,0.002406572119315536,0.003137699714616397,0.9090909160630781,0.9560381942561722
p018,41,1.2,Q0,weighted_proportional,1,1.5070032969994482,1.5021867732944032,-0.004816523705045039,0.008299606837598578,0.005891344985076017,0.010707868690121141,0.9090909085637737,0.9572178493934328
p018,41,1.2,Q0,equal_kw_reduction,1,1.612487277003052,1.610373210771992,-0.002114066231060141,0.007964099797217697,0.006907066681687578,0.009021132912747818,0.909090891477106,0.9577607926205642
p018,41,1.2,Q0,flat_level,1,1.1849636607191736,1.1640520224119129,-0.020911638307260727,0.017685069153630304,0.0072292499999999996,0.02814088830726061,0.9090909064110103,0.9554602991176009
p018,41,1.2,Q0,max_export_lp,1,1.6572322875094938,1.657232287214907,-2.9458679939864396e-10,9.927208966821997e-08,0.0,7.588743161949726e-08,0.9090909103055407,0.9580058043237784
p018,41,1.2,Q0,fairness_qp,1,1.5948810760742278,1.593213756423398,-0.0016673196508298904,0.005494846612609764,0.004661186787194849,0.00632850643802468,0.9090908855450738,0.9577067255954304
p018,41,1.2,Q95,weighted_proportional,1,1.5070032970001674,1.5021867732946823,-0.004816523705485132,0.008299606837810782,0.005891344985068138,0.010707868690553426,0.9090909119159083,0.9556620152989093
p018,41,1.2,Q95,equal_kw_reduction,1,1.612487277003052,1.610373210771992,-0.002114066231060141,0.007964099797217697,0.006907066681687578,0.009021132912747818,0.9090909023783372,0.9560779015976132
p018,41,1.2,Q95,flat_level,1,1.1849636607191736,1.1640520224119129,-0.020911638307260727,0.017685069153630304,0.0072292499999999996,0.02814088830726061,0.9090909076246823,0.9543153309008525
p018,41,1.2,Q95,max_export_lp,1,1.6572322873433465,1.6572322891525466,1.8092001230485266e-09,6.177327406778777e-07,1.5287788255810564e-07,6.16828140596621e-07,0.9090909096889622,0.956265614253049
p018,41,1.2,Q95,fairness_qp,1,1.5948810871865815,1.5932137465815615,-0.0016673406050200512,0.005494856777017888,0.00466118647450783,0.0063285270795279455,0.9090909002564955,0.9560363848268972
p018,41,1.3,Q0,weighted_proportional,1,1.5070032969994482,1.4991007634440008,-0.007902533555447455,0.01273776456608735,0.008786497788363625,0.016689031343811073,0.9090908868415545,0.9572050304443391
p018,41,1.3,Q0,equal_kw_reduction,1,1.612487277003052,1.6085644830855081,-0.00392279391754391,0.012296076478856659,0.010334679520084697,0.01425747343762862,0.9090909132644686,0.9577555625621946
p018,41,1.3,Q0,flat_level,1,1.1849636607191736,1.1511589198748342,-0.033804740844339376,0.027746245422169684,0.010843875000000003,0.044648615844339365,0.909090912112856,0.9553970706299313
p018,41,1.3,Q0,max_export_lp,1,1.6572322875094938,1.657232287334691,-1.748028388703915e-10,5.907691526767364e-08,0.0,4.621226795664939e-08,0.9090908846220646,0.9580058045519769
p018,41,1.3,Q0,fairness_qp,1,1.5948810760742278,1.5921283810010856,-0.0027526950731422417,0.008127597613105402,0.006751250076534279,0.009503945149676524,0.9090908924742831,0.9577036573118529
p018,41,1.3,Q95,weighted_proportional,1,1.5070032970001674,1.499100763442783,-0.00790253355738435,0.012737764567008938,0.008786497788316784,0.016689031345701093,0.9090909158824271,0.9556521901285717
p018,41,1.3,Q95,equal_kw_reduction,1,1.612487277003052,1.6085644830855081,-0.00392279391754391,0.012296076478856659,0.010334679520084697,0.01425747343762862,0.9090909166490132,0.9560738895669267
p018,41,1.3,Q95,flat_level,1,1.1849636607191736,1.1511589198748342,-0.033804740844339376,0.027746245422169684,0.010843875000000003,0.044648615844339365,0.9090909063777592,0.9542668468379185
p018,41,1.3,Q95,max_export_lp,1,1.6572322873433465,1.6572322872230145,-1.2033196661320744e-10,4.317189137702671e-08,0.0,2.4267694055668532e-08,0.9090908924752141,0.9562656116742897
p018,41,1.3,Q95,fairness_qp,1,1.5948810871865815,1.5921283687013854,-0.002752718485196093,0.008127616211051012,0.006751256968452957,0.009503975453649066,0.9090909001977046,0.956034029557302
p018,41,1.4,Q0,weighted_proportional,1,1.5070032969994482,1.495581256309523,-0.01142204068992525,0.017356121029956244,0.011645100684993578,0.02306714137491891,0.9090909053011346,0.9571902933020972
p018,41,1.4,Q0,equal_kw_reduction,1,1.612487277003052,1.6062404863738597,-0.006246790629192311,0.016867919775658442,0.013744524461062342,0.019991315090254543,0.909090913782345,0.9577482353777644
p018,41,1.4,Q0,flat_level,1,1.1849636607191736,1.1466226810481521,-0.03834097967102146,0.03119309490102022,0.0120226050655095,0.05036358473653094,0.9090908977932982,0.9553748831962503
p018,41,1.4,Q0,max_export_lp,1,1.6572322875094938,1.657232287080225,-4.292688426943414e-10,1.4489978469655685e-07,0.0,1.0969145603119401e-07,0.9090909102534295,0.9580058040681988
p018,41,1.4,Q0,fairness_qp,1,1.5948810760742278,1.5909475901003718,-0.00393348597385601,0.010635931817376919,0.008669188826155624,0.012602674804304896,0.9090909090168395,0.9577000908551888
p018,41,1.4,Q95,weighted_proportional,1,1.5070032970001674,1.4955812563069462,-0.01142204069322128,0.017356121031516382,0.011645100684905756,0.023067141378127008,0.9090908987358769,0.9556408952062827
p018,41,1.4,Q95,equal_kw_reduction,1,1.612487277003052,1.6062404863738597,-0.006246790629192311,0.016867919775658442,0.013744524461062342,0.019991315090254543,0.9090908994432516,0.9560682707106609
p018,41,1.4,Q95,flat_level,1,1.1849636607191736,1.1466226810481521,-0.03834097967102146,0.03119309490102022,0.0120226050655095,0.05036358473653094,0.9090908989757154,0.9542498334305558
p018,41,1.4,Q95,max_export_lp,1,1.6572322873433465,1.6572322872646061,-7.874034757548998e-11,6.089199657683102e-08,0.0,2.563880189382882e-08,0.9090909001675823,0.9562656118014804
p018,41,1.4,Q95,fairness_qp,1,1.5948810871865815,1.5909475884370454,-0.00393349874953608,0.010635932564349422,0.008669183189581386,0.012602681939117458,0.9090908961705497,0.956031292464274
p018,41,1.5,Q0,weighted_proportional,1,1.5070032969994482,1.4916430688020512,-0.015360228197397019,0.02214530839038858,0.014465194291690051,0.029825422489087115,0.9090909106028309,0.9571737025646979
p018,41,1.5,Q0,equal_kw_reduction,1,1.612487277003052,1.603387976057946,-0.009099300945106137,0.02168579526754937,0.017136144794996346,0.026235445740102392,0.9090909015674679,0.9577387568928376
p018,41,1.5,Q0,flat_level,1,1.1849636607191736,1.1466226810481521,-0.03834097967102146,0.03119309490102022,0.0120226050655095,0.05036358473653094,0.9090908977932982,0.9553748831962503
p018,41,1.5,Q0,max_export_lp,1,1.6572322875094938,1.6572322871339047,-3.7558911536450523e-10,1.5676336142584528e-07,0.0,1.4135553708159807e-07,0.9090909026956354,0.9580058042527843
p018,41,1.5,Q0,fairness_qp,1,1.5948810760742278,1.5897201564840497,-0.005160919590178059,0.01299300577581633,0.010412545976954582,0.015573465570905375,0.9090908974654751,0.9576962234704149
p018,41,1.5,Q95,weighted_proportional,1,1.5070032970001674,1.4916430688163358,-0.015360228183831648,0.022145308384024693,0.01446519429210879,0.029825422475940593,0.9090908996840602,0.9556281799644111
p018,41,1.5,Q95,equal_kw_reduction,1,1.612487277003052,1.603387976057946,-0.009099300945106137,0.02168579526754937,0.017136144794996346,0.026235445740102392,0.9090909003651468,0.9560610034973002
p018,41,1.5,Q95,flat_level,1,1.1849636607191736,1.1466226810481521,-0.03834097967102146,0.03119309490102022,0.0120226050655095,0.05036358473653094,0.9090908989757154,0.9542498334305558
p018,41,1.5,Q95,max_export_lp,1,1.6572322873433465,1.6572322873581713,1.4824808047819715e-11,2.5471299428317645e-08,0.0,1.8889098167551577e-08,0.9090909150621643,0.9562656118406131
p018,41,1.5,Q95,fairness_qp,1,1.5948810871865815,1.5897201526638236,-0.0051609345227578984,0.012993000411295872,0.010412533149916931,0.015573467672674812,0.9090909113430737,0.9560283253112691
p018,41,1.6,Q0,weighted_proportional,1,1.5070032969994482,1.487301741276206,-0.01970155572324228,0.027095755929881896,0.017244978068260756,0.03694653379150303,0.9090908884662587,0.9571553258909368
p018,41,1.6,Q0,equal_kw_reduction,1,1.612487277003052,1.6032629200268471,-0.00922435697620494,0.021883332729376568,0.017271154241274074,0.026495511217479062,0.9090909060333602,0.9577383330059339
p018,41,1.6,Q0,flat_level,1,1.1849636607191736,1.1466226810481521,-0.03834097967102146,0.03119309490102022,0.0120226050655095,0.05036358473653094,0.9090908977932982,0.9553748831962503
p018,41,1.6,Q0,max_export_lp,1,1.6572322875094938,1.6572322870822023,-4.27291535487484e-10,1.443731407717438e-07,0.0,1.0899972157979096e-07,0.90909091019757,0.958005804084583
p018,41,1.6,Q0,fairness_qp,1,1.5948810760742278,1.5884877421960457,-0.006393333878182084,0.015180202984772632,0.011983536042682486,0.018376869923863677,0.9090909052972146,0.957692226064008
p018,41,1.6,Q95,weighted_proportional,1,1.5070032970001674,1.4873017412819225,-0.019701555718244945,0.02709575592755323,0.017244978068430707,0.036946533786675756,0.9090908998214338,0.9556140962128602
p018,41,1.6,Q95,equal_kw_reduction,1,1.612487277003052,1.6032629200268471,-0.00922435697620494,0.021883332729376568,0.017271154241274074,0.026495511217479062,0.9090908911635291,0.9560606785316742
p018,41,1.6,Q95,flat_level,1,1.1849636607191736,1.1466226810481521,-0.03834097967102146,0.03119309490102022,0.0120226050655095,0.05036358473653094,0.9090908989757154,0.9542498334305558
p018,41,1.6,Q95,max_export_lp,1,1.6572322873433465,1.6572322870045062,-3.388402891602027e-10,1.132942118320249e-07,0.0,7.705147356002612e-08,0.909090899838387,0.9562656113550888
p018,41,1.6,Q95,fairness_qp,1,1.5948810871865815,1.5884877364778176,-0.006393350708763901,0.01518020246209819,0.011983527107716187,0.018376877816480192,0.909090907055693,0.9560252588757914
p018,41,1.7,Q0,weighted_proportional,1,1.5070032969994482,1.4071050000020346,-0.0998982969974136,0.06734707839653827,0.017397929897831444,0.11729622689524508,0.9090908935600679,0.9568022364355587
p018,41,1.7,Q0,equal_kw_reduction,1,1.612487277003052,1.6032629200268471,-0.00922435697620494,0.021883332729376568,0.017271154241274074,0.026495511217479062,0.9090909060333602,0.9577383330059339
p018,41,1.7,Q0,flat_level,1,1.1849636607191736,1.1466226810481521,-0.03834097967102146,0.03119309490102022,0.0120226050655095,0.05036358473653094,0.9090908977932982,0.9553748831962503
p018,41,1.7,Q0,max_export_lp,1,1.6572322875094938,1.6572322869941438,-5.153499849086529e-10,1.7268107341234613e-07,0.0,1.2969408425900567e-07,0.9090908949676493,0.958005803982106
p018,41,1.7,Q0,fairness_qp,1,1.5948810760742278,1.5872838667657458,-0.007597209308481956,0.01718688848838126,0.013388283832259859,0.020985493142622193,0.9090909106568468,0.9576882387623801
p018,41,1.7,Q95,weighted_proportional,1,1.5070032970001674,1.4071050000038268,-0.09989829699634067,0.06734707839598716,0.01739792989781675,0.11729622689415757,0.9090908932671953,0.9553435463410386
p018,41,1.7,Q95,equal_kw_reduction,1,1.612487277003052,1.6032629200268471,-0.00922435697620494,0.021883332729376568,0.017271154241274074,0.026495511217479062,0.9090908911635291,0.9560606785316742
p018,41,1.7,Q95,flat_level,1,1.1849636607191736,1.1466226810481521,-0.03834097967102146,0.03119309490102022,0.0120226050655095,0.05036358473653094,0.9090908989757154,0.9542498334305558
p018,41,1.7,Q95,max_export_lp,1,1.6572322873433465,1.6572322878247445,4.813980325479861e-10,1.6875380538013823e-07,3.506798798222355e-08,1.6851310633133817e-07,0.9090909081581181,0.9562656124425387
p018,41,1.7,Q95,fairness_qp,1,1.5948810871865815,1.5872838511526772,-0.0075972360339042755,0.01718690210945031,0.013388284092498117,0.020985520126402504,0.909090901527217,0.9560222005044138
p018,41,1.74,Q0,weighted_proportional,1,1.5070032969994482,1.3758656896576174,-0.1311376073418309,0.0829667335687469,0.017397929897831444,0.14853553723966237,0.9090909069682145,0.9566646005621186
p018,41,1.74,Q0,equal_kw_reduction,1,1.612487277003052,1.6032629200268471,-0.00922435697620494,0.021883332729376568,0.017271154241274074,0.026495511217479062,0.9090909060333602,0.9577383330059339
p018,41,1.74,Q0,flat_level,1,1.1849636607191736,1.1466226810481521,-0.03834097967102146,0.03119309490102022,0.0120226050655095,0.05036358473653094,0.9090908977932982,0.9553748831962503
p018,41,1.74,Q0,max_export_lp,1,1.6572322875094938,1.6572322879685548,4.590610114263427e-10,1.5545441757567214e-07,4.28244304774561e-08,1.5522488707310315e-07,0.9090909035463918,0.9580058056760611
p018,41,1.74,Q0,fairness_qp,1,1.5948810760742278,1.586816231277406,-0.008064844796821902,0.017938003825239326,0.013905581425434299,0.021970426223650277,0.9090908992278307,0.957686672035911
p018,41,1.74,Q95,weighted_proportional,1,1.5070032970001674,1.3758656897021588,-0.1311376072980086,0.08296673354682105,0.01739792989781675,0.14853553719582535,0.9090908936295503,0.9552380778505641
p018,41,1.74,Q95,equal_kw_reduction,1,1.612487277003052,1.6032629200268471,-0.00922435697620494,0.021883332729376568,0.017271154241274074,0.026495511217479062,0.9090908911635291,0.9560606785316742
p018,41,1.74,Q95,flat_level,1,1.1849636607191736,1.1466226810481521,-0.03834097967102146,0.03119309490102022,0.0120226050655095,0.05036358473653094,0.9090908989757154,0.9542498334305558
p018,41,1.74,Q95,max_export_lp,1,1.6572322873433465,1.6572322878685946,5.25248067262396e-10,1.8518308522827865e-07,4.0449858278862605e-08,1.8492046120061056e-07,0.9090909007646055,0.9562656125295982
p018,41,1.74,Q95,fairness_qp,1,1.5948810871865815,1.586816205365014,-0.008064881821567393,0.017938033349056803,0.013905592438273082,0.021970474259840528,0.9090909073602563,0.9560209988155863
p018,41,1.8,Q0,weighted_proportional,1,1.5070032969994482,1.3316100000035327,-0.17539329699591555,0.10509457839578926,0.017397929897831444,0.19279122689374706,0.9090909041808074,0.9564695394941117
p018,41,1.8,Q0,equal_kw_reduction,1,1.612487277003052,1.6032629200268471,-0.00922435697620494,0.021883332729376568,0.017271154241274074,0.026495511217479062,0.9090909060333602,0.9577383330059339
p018,41,1.8,Q0,flat_level,1,1.1849636607191736,1.1466226810481521,-0.03834097967102146,0.03119309490102022,0.0120226050655095,0.05036358473653094,0.9090908977932982,0.9553748831962503
p018,41,1.8,Q0,max_export_lp,1,1.6572322875094938,1.6572322872369782,-2.7251556566909585e-10,9.207315703315061e-08,0.0,7.059239924566991e-08,0.9090909027988958,0.9580058043616007
p018,41,1.8,Q0,fairness_qp,1,1.5948810760742278,1.5861337820472974,-0.008747294026930419,0.019009464436707615,0.014635817422621357,0.023383111450172873,0.9090909043222688,0.9576843700301527
p018,41,1.8,Q95,weighted_proportional,1,1.5070032970001674,1.3316100000004434,-0.17539329699972406,0.10509457839767877,0.01739792989781675,0.1927912268975408,0.9090908982716532,0.9550885984985369
p018,41,1.8,Q95,equal_kw_reduction,1,1.612487277003052,1.6032629200268471,-0.00922435697620494,0.021883332729376568,0.017271154241274074,0.026495511217479062,0.9090908911635291,0.9560606785316742
p018,41,1.8,Q95,flat_level,1,1.1849636607191736,1.1466226810481521,-0.03834097967102146,0.03119309490102022,0.0120226050655095,0.05036358473653094,0.9090908989757154,0.9542498334305558
p018,41,1.8,Q95,max_export_lp,1,1.6572322873433465,1.6572322870407123,-3.0263413997033695e-10,1.0064527528643981e-07,0.0,6.838142167916658e-08,0.9090908998047499,0.9562656114198198
p018,41,1.8,Q95,fairness_qp,1,1.5948810871865815,1.586133733523085,-0.008747353663496549,0.019009527768609626,0.014635850936861396,0.02338320460035786,0.9090909153663221,0.9560192332117001
p018,41,1.9,Q0,weighted_proportional,1,1.5070032969994482,1.264061842110356,-0.24294145488909225,0.13886865734237763,0.017397929897831444,0.2603393847869238,0.9090908951868604,0.9561716405085587
p018,41,1.9,Q0,equal_kw_reduction,1,1.612487277003052,1.6032629200268471,-0.00922435697620494,0.021883332729376568,0.017271154241274074,0.026495511217479062,0.9090909060333602,0.9577383330059339
p018,41,1.9,Q0,flat_level,1,1.1849636607191736,1.1466226810481521,-0.03834097967102146,0.03119309490102022,0.0120226050655095,0.05036358473653094,0.9090908977932982,0.9553748831962503
p018,41,1.9,Q0,max_export_lp,1,1.6572322875094938,1.6572322871172858,-3.922080438201192e-10,1.3200921765638748e-07,0.0,9.987384503836252e-08,0.9090909102591842,0.9580058041495125
p018,41,1.9,Q0,fairness_qp,1,1.5948810760742278,1.5850550899164118,-0.009825986157816047,0.02065008521468915,0.015737092135781082,0.02556307829359722,0.9090909063600691,0.9576806982000299
p018,41,1.9,Q95,weighted_proportional,1,1.5070032970001674,1.2640618421239267,-0.24294145487624075,0.13886865733593715,0.01739792989781675,0.2603393847740575,0.9090909049586745,0.9548602971648398
p018,41,1.9,Q95,equal_kw_reduction,1,1.612487277003052,1.6032629200268471,-0.00922435697620494,0.021883332729376568,0.017271154241274074,0.026495511217479062,0.9090908911635291,0.9560606785316742
p018,41,1.9,Q95,flat_level,1,1.1849636607191736,1.1466226810481521,-0.03834097967102146,0.03119309490102022,0.0120226050655095,0.05036358473653094,0.9090908989757154,0.9542498334305558
p018,41,1.9,Q95,max_export_lp,1,1.6572322873433465,1.6572322870144063,-3.2894020840501526e-10,1.1034352041225425e-07,0.0,7.338849699689912e-08,0.9090909148732755,0.9562656113415814
p018,41,1.9,Q95,fairness_qp,1,1.5948810871865815,1.585054989219072,-0.00982609796750955,0.020650224016405757,0.015737175032651037,0.02556327300016048,0.9090908915848024,0.9560164171223011
p018,41,2.0,Q0,weighted_proportional,1,1.5070032969994482,1.2032685000023906,-0.30373479699705763,0.16926532839636033,0.017397929897831444,0.3211327268948892,0.9090909073591932,0.9559033512258867
p018,41,2.0,Q0,equal_kw_reduction,1,1.612487277003052,1.6032629200268471,-0.00922435697620494,0.021883332729376568,0.017271154241274074,0.026495511217479062,0.9090909060333602,0.9577383330059339
p018,41,2.0,Q0,flat_level,1,1.1849636607191736,1.1466226810481521,-0.03834097967102146,0.03119309490102022,0.0120226050655095,0.05036358473653094,0.9090908977932982,0.9553748831962503
p018,41,2.0,Q0,max_export_lp,1,1.6572322875094938,1.6572322873854701,-1.24023680214691e-10,4.2331032276525255e-08,0.0,3.3887555406860066e-08,0.9090909030017782,0.9580058046255655
p018,41,2.0,Q0,fairness_qp,1,1.5948810760742278,1.584058804583153,-0.010822271491074842,0.0221152378170454,0.016704102071507985,0.027526373562582813,0.9090908924203113,0.9576772756436646
p018,41,2.0,Q95,weighted_proportional,1,1.5070032970001674,1.2032685000151713,-0.30373479698499617,0.16926532839031488,0.01739792989781675,0.321132726882813,0.9090909275641073,0.9546546721998718
p018,41,2.0,Q95,equal_kw_reduction,1,1.612487277003052,1.6032629200268471,-0.00922435697620494,0.021883332729376568,0.017271154241274074,0.026495511217479062,0.9090908911635291,0.9560606785316742
p018,41,2.0,Q95,flat_level,1,1.1849636607191736,1.1466226810481521,-0.03834097967102146,0.03119309490102022,0.0120226050655095,0.05036358473653094,0.9090908989757154,0.9542498334305558
p018,41,2.0,Q95,max_export_lp,1,1.6572322873433465,1.6572322870343124,-3.090341316180911e-10,1.0367647533331917e-07,0.0,6.854987010234542e-08,0.90909090726294,0.956265611400794
p018,41,2.0,Q95,fairness_qp,1,1.5948810871865815,1.584058154839766,-0.010822932346815417,0.022116111484609003,0.01670464531120135,0.02752757765801666,0.909090904320229,0.9560137886163306
p019,44,1.0,Q0,weighted_proportional,1,1.5070032969994482,1.5070032969994482,0.0,0.0,0.0,0.0,0.9090908986590723,0.9572374939891118
p019,44,1.0,Q0,equal_kw_reduction,1,1.612487277003052,1.612487277003052,0.0,0.0,0.0,0.0,0.9090909085411034,0.9577651340631068
p019,44,1.0,Q0,flat_level,1,1.1849636607191736,1.1849636607191736,0.0,0.0,0.0,0.0,0.9090908983503695,0.955563065083861
p019,44,1.0,Q0,max_export_lp,1,1.6572322875094938,1.6572322875094938,0.0,0.0,0.0,0.0,0.9090908879931944,0.9580058048566669
p019,44,1.0,Q0,fairness_qp,1,1.5948810760742278,1.5948810760742278,0.0,0.0,0.0,0.0,0.9090908901901453,0.9577105026709762
p019,44,1.0,Q95,weighted_proportional,1,1.5070032970001674,1.5070032970001674,0.0,0.0,0.0,0.0,0.9090908975310804,0.9556770734851585
p019,44,1.0,Q95,equal_kw_reduction,1,1.612487277003052,1.612487277003052,0.0,0.0,0.0,0.0,0.9090908917775226,0.9560812375763708
p019,44,1.0,Q95,flat_level,1,1.1849636607191736,1.1849636607191736,0.0,0.0,0.0,0.0,0.9090909069966064,0.9543941331679278
p019,44,1.0,Q95,max_export_lp,1,1.6572322873433465,1.6572322873433465,0.0,0.0,0.0,0.0,0.9090909076611658,0.956265611819685
p019,44,1.0,Q95,fairness_qp,1,1.5948810871865815,1.5948810871865815,0.0,0.0,0.0,0.0,0.9090909102228547,0.9560392884682518
p019,44,1.1,Q0,weighted_proportional,1,1.5070032969994482,1.5038023056283483,-0.0032009913710999705,0.0035750004635762157,0.0019745047780261697,0.005175496149126262,0.9090909084841642,0.9572296180282481
p019,44,1.1,Q0,equal_kw_reduction,1,1.612487277003052,1.610836902729116,-0.001650374273935995,0.0030949328516598255,0.0022697457146918683,0.003920119988627783,0.9090909074175305,0.9577665424471288
p019,44,1.1,Q0,flat_level,1,1.1849636607191736,1.1740814027655144,-0.010882257953659158,0.007850878976829588,0.002409750000000002,0.013292007953659174,0.9090909040896834,0.9555165673453045
p019,44,1.1,Q0,max_export_lp,1,1.6572322875094938,1.6572322871881167,-3.2137714711666376e-10,1.0857970990873177e-07,0.0,9.45972875262581e-08,0.9090909103299749,0.9580058042742783
p019,44,1.1,Q0,fairness_qp,1,1.5948810760742278,1.5935147374422398,-0.0013663386319879844,0.0021752160498223977,0.0014920467338284012,0.002858385365816394,0.9090909047636574,0.9577102208975242
p019,44,1.1,Q95,weighted_proportional,1,1.5070032970001674,1.5038023056268612,-0.0032009913733062056,0.0035750004646472777,0.0019745047779941155,0.00517549615130044,0.9090908972256844,0.9556710432120675
p019,44,1.1,Q95,equal_kw_reduction,1,1.612487277003052,1.610836902729116,-0.001650374273935995,0.0030949328516598255,0.0022697457146918683,0.003920119988627783,0.9090909048912158,0.9560823199214282
p019,44,1.1,Q95,flat_level,1,1.1849636607191736,1.1740814027655144,-0.010882257953659158,0.007850878976829588,0.002409750000000002,0.013292007953659174,0.9090909023189682,0.9543584879529851
p019,44,1.1,Q95,max_export_lp,1,1.6572322873433465,1.6572322872190501,-1.2429635098953895e-10,4.4010540374984485e-08,0.0,4.2075199119945283e-08,0.9090909151383771,0.9562656116204398
p019,44,1.1,Q95,fairness_qp,1,1.5948810871865815,1.5935147217864585,-0.0013663654001230263,0.0021752294305593216,0.0014920467304978362,0.0028584121306208066,0.9090909086450026,0.9560390732662315
p019,44,1.2,Q0,weighted_proportional,1,1.5070032969994482,1.5001485280117481,-0.0068547689877000995,0.007354947817233639,0.003927563323383516,0.010782332311083762,0.9090909099632463,0.9572196996868921
p019,44,1.2,Q0,equal_kw_reduction,1,1.612487277003052,1.6087169521689848,-0.0037703248340672513,0.006408461560686532,0.0045232991436528515,0.008293623977720212,0.909090903185854,0.9577660398391208
p019,44,1.2,Q0,flat_level,1,1.1849636607191736,1.1616422724119129,-0.023321388307260715,0.01648019415363035,0.004819499999999997,0.028140888307260706,0.9090908998150534,0.9554625056417575
p019,44,1.2,Q0,max_export_lp,1,1.6572322875094938,1.657232287302955,-2.0653878607390652e-10,6.998339881366354e-08,0.0,6.103617189879423e-08,0.9090909104367298,0.9580058044620263
p019,44,1.2,Q0,fairness_qp,1,1.5948810760742278,1.5920337003443694,-0.0028473757298583813,0.004300358070832072,0.002876670201744709,0.005724045935761204,0.9090909007441675,0.9577091017223702
p019,44,1.2,Q95,weighted_proportional,1,1.5070032970001674,1.5001485280123423,-0.006854768987825111,0.007354947817296017,0.003927563323383409,0.010782332311208625,0.9090908973371913,0.9556634480005137
p019,44,1.2,Q95,equal_kw_reduction,1,1.612487277003052,1.6087169521689848,-0.0037703248340672513,0.006408461560686532,0.0045232991436528515,0.008293623977720212,0.9090908910201592,0.9560819382047274
p019,44,1.2,Q95,flat_level,1,1.1849636607191736,1.1616422724119129,-0.023321388307260715,0.01648019415363035,0.004819499999999997,0.028140888307260706,0.9090909079635311,0.954317043188417
p019,44,1.2,Q95,max_export_lp,1,1.6572322873433465,1.6572322872372658,-1.0608069977990908e-10,3.864096622822931e-08,0.0,3.760427009016909e-08,0.9090908925747025,0.9562656116788271
p019,44,1.2,Q95,fairness_qp,1,1.5948810871865815,1.5920336969472029,-0.0028473902393786332,0.004300367950567766,0.00287667283087846,0.005724063070257073,0.9090908971633951,0.956038216638388
p019,44,1.3,Q0,weighted_proportional,1,1.5070032969994482,1.496055873606341,-0.01094742339310728,0.011331376888797344,0.0058576651922437085,0.01680508858535098,0.9090909033102275,0.9572077947648728
p019,44,1.3,Q0,equal_kw_reduction,1,1.612487277003052,1.6061233534493775,-0.006363923553674544,0.009942481654296802,0.006760519877459497,0.013124443431134107,0.9090908943860021,0.9577636096652645
p019,44,1.3,Q0,flat_level,1,1.1849636607191736,1.147544294874834,-0.03741936584433958,0.02593893292216973,0.0072292499999999996,0.04464861584433946,0.9090908992175116,0.9554003818336594
p019,44,1.3,Q0,max_export_lp,1,1.6572322875094938,1.6572322876150407,1.0554690454966931e-10,3.7177871074084174e-08,4.837123659950926e-09,3.71250975561609e-08,0.9090909107637595,0.9580058050324001
p019,44,1.3,Q0,fairness_qp,1,1.5948810760742278,1.5904924747410718,-0.004388601333155995,0.006342504498008405,0.004148203831430459,0.008536805164586351,0.9090909039559035,0.9577073459831142
p019,44,1.3,Q95,weighted_proportional,1,1.5070032970001674,1.4960558736051017,-0.010947423395065714,0.011331376889744942,0.005857665192212046,0.016805088587277833,0.9090909016371828,0.9556543306350895
p019,44,1.3,Q95,equal_kw_reduction,1,1.612487277003052,1.6061233534493775,-0.006363923553674544,0.009942481654296802,0.006760519877459497,0.013124443431134107,0.9090908963225915,0.9560800795582309
p019,44,1.3,Q95,flat_level,1,1.1849636607191736,1.147544294874834,-0.03741936584433958,0.02593893292216973,0.0072292499999999996,0.04464861584433946,0.9090908959829822,0.9542694167620741
p019,44,1.3,Q95,max_export_lp,1,1.6572322873433465,1.6572322871672436,-1.7610291003222756e-10,6.01066604904131e-08,0.0,5.607327987350308e-08,0.9090908924976785,0.956265611597806
p019,44,1.3,Q95,fairness_qp,1,1.5948810871865815,1.5904924686327984,-0.004388618553783141,0.006342507721399947,0.004148198444508342,0.008536816998291553,0.9090908999692076,0.956036871724575
p019,44,1.4,Q0,weighted_proportional,1,1.5070032969994482,1.4915391448059452,-0.015464152193503056,0.015495476553413157,0.007763400456661646,0.023227552650164667,0.9090909059051648,0.9571939633204046
p019,44,1.4,Q0,equal_kw_reduction,1,1.612487277003052,1.6030504943374837,-0.009436782665568355,0.013699605723626631,0.00898121439084247,0.01841799705641079,0.9090909062295482,0.9577592290517489
p019,44,1.4,Q0,flat_level,1,1.1849636607191736,1.1425164983079825,-0.042447162411191064,0.02925608120559556,0.008032499999999998,0.050479662411191124,0.9090908918451983,0.9553781349158357
p019,44,1.4,Q0,max_export_lp,1,1.6572322875094938,1.6572322871296268,-3.798670267229909e-10,1.2844717338670805e-07,0.0,1.1186441076574405e-07,0.9090909027351112,0.9580058041689687
p019,44,1.4,Q0,fairness_qp,1,1.5948810760742278,1.5889402320949395,-0.0059408439792882906,0.008274561676433156,0.005304139686789045,0.011244983666077266,0.9090908963869845,0.9577051431799226
p019,44,1.4,Q95,weighted_proportional,1,1.5070032970001674,1.4915391448033828,-0.015464152196784653,0.015495476554995622,0.007763400456603238,0.023227552653388005,0.9090908942888514,0.9556437371333883
p019,44,1.4,Q95,equal_kw_reduction,1,1.612487277003052,1.6030504943374837,-0.009436782665568355,0.013699605723626631,0.00898121439084247,0.01841799705641079,0.9090909181256409,0.9560767265070491
p019,44,1.4,Q95,flat_level,1,1.1849636607191736,1.1425164983079825,-0.042447162411191064,0.02925608120559556,0.008032499999999998,0.050479662411191124,0.909090898900604,0.9542523612824718
p019,44,1.4,Q95,max_export_lp,1,1.6572322873433465,1.6572322871701666,-1.7317991485299444e-10,5.965633466034756e-08,0.0,5.608391483169495e-08,0.9090909075177087,0.9562656115686697
p019,44,1.4,Q95,fairness_qp,1,1.5948810871865815,1.588940224833924,-0.005940862352657561,0.008274562323509514,0.00530413114718075,0.011244993499838275,0.9090909054025997,0.9560351843189795
p019,44,1.5,Q0,weighted_proportional,1,1.5070032969994482,1.486613928313872,-0.02038936868557628,0.019838147203915402,0.009643462861127244,0.03003283154670356,0.9090909145299512,0.9571782692399631
p019,44,1.5,Q0,equal_kw_reduction,1,1.612487277003052,1.5994911321985488,-0.012996144804503285,0.017683205340027364,0.01118513293777576,0.02418127774227897,0.9090909152238906,0.9577528684279091
p019,44,1.5,Q0,flat_level,1,1.1849636607191736,1.1425164983079825,-0.042447162411191064,0.02925608120559556,0.008032499999999998,0.050479662411191124,0.9090908918451983,0.9553781349158357
p019,44,1.5,Q0,max_export_lp,1,1.6572322875094938,1.6572322871698022,-3.3969160817548527e-10,1.148547126444163e-07,0.0,1.000522147388827e-07,0.9090908952360482,0.9580058042398635
p019,44,1.5,Q0,fairness_qp,1,1.5948810760742278,1.5874187939820006,-0.007462282092227213,0.010076153445063196,0.006345012394885011,0.013807294491176798,0.9090908952204916,0.9577026633898007
p019,44,1.5,Q95,weighted_proportional,1,1.5070032970001674,1.486613928329006,-0.020389368671161368,0.019838147197005364,0.009643462861424649,0.030032831532586075,0.9090908923966321,0.9556317163272352
p019,44,1.5,Q95,equal_kw_reduction,1,1.612487277003052,1.5994911321985488,-0.012996144804503285,0.017683205340027364,0.01118513293777576,0.02418127774227897,0.9090908972343694,0.9560718564460698
p019,44,1.5,Q95,flat_level,1,1.1849636607191736,1.1425164983079825,-0.042447162411191064,0.02925608120559556,0.008032499999999998,0.050479662411191124,0.909090898900604,0.9542523612824718
p019,44,1.5,Q95,max_export_lp,1,1.6572322873433465,1.6572322870805793,-2.627671413790722e-10,8.825851138691493e-08,0.0,8.200721470386779e-08,0.9090909073212378,0.9562656114621171
p019,44,1.5,Q95,fairness_qp,1,1.5948810871865815,1.587418792861267,-0.0074622943253144225,0.010076156503507027,0.006345009340679952,0.013807303666164212,0.9090909121166681,0.9560332849168169
p019,44,1.6,Q0,weighted_proportional,1,1.5070032969994482,1.4812964852549613,-0.025706811744486968,0.024350057917751966,0.011496652045508458,0.03720346378999548,0.9090908977926409,0.9571607795507178
p019,44,1.6,Q0,equal_kw_reduction,1,1.612487277003052,1.5956669148280525,-0.016820362174999604,0.02166508532877382,0.013254904241274075,0.030075266416273568,0.9090909075095778,0.9577449932132048
p019,44,1.6,Q0,flat_level,1,1.1849636607191736,1.1425164983079825,-0.042447162411191064,0.02925608120559556,0.008032499999999998,0.050479662411191124,0.9090908918451983,0.9553781349158357
p019,44,1.6,Q0,max_export_lp,1,1.6572322875094938,1.6572322871353347,-3.7415914810878803e-10,1.2645113366778135e-07,0.0,1.1014179879470856e-07,0.909090895146635,0.9580058041958054
p019,44,1.6,Q0,fairness_qp,1,1.5948810760742278,1.5859614839540723,-0.008919592120155473,0.011733806191548951,0.00727401012747576,0.0161936022516267,0.9090909036148066,0.9577000518623641
p019,44,1.6,Q95,weighted_proportional,1,1.5070032970001674,1.4812964852609034,-0.025706811739264035,0.02435005791525923,0.01149665204562714,0.037203463784891325,0.9090908969033089,0.9556183195714321
p019,44,1.6,Q95,equal_kw_reduction,1,1.612487277003052,1.5956669148280525,-0.016820362174999604,0.02166508532877382,0.013254904241274075,0.030075266416273568,0.9090908958134587,0.956065825663866
p019,44,1.6,Q95,flat_level,1,1.1849636607191736,1.1425164983079825,-0.042447162411191064,0.02925608120559556,0.008032499999999998,0.050479662411191124,0.909090898900604,0.9542523612824718
p019,44,1.6,Q95,max_export_lp,1,1.6572322873433465,1.657232287142395,-2.0095147768017796e-10,7.116764252831096e-08,0.0,6.86286587125301e-08,0.9090909225068393,0.9562656115070293
p019,44,1.6,Q95,fairness_qp,1,1.5948810871865815,1.5859614821582073,-0.008919605028374189,0.011733809664824346,0.007274007150588808,0.016193612179011423,0.9090908956623415,0.9560312842807137
p019,44,1.7,Q0,weighted_proportional,1,1.5070032969994482,1.4004900000052347,-0.10651329699421352,0.06485526842899443,0.01159861993188763,0.11811191692610123,0.9090909067764497,0.9568082542197487
p019,44,1.7,Q0,equal_kw_reduction,1,1.612487277003052,1.5956669148280525,-0.016820362174999604,0.02166508532877382,0.013254904241274075,0.030075266416273568,0.9090909075095778,0.9577449932132048
p019,44,1.7,Q0,flat_level,1,1.1849636607191736,1.1425164983079825,-0.042447162411191064,0.02925608120559556,0.008032499999999998,0.050479662411191124,0.9090908918451983,0.9553781349158357
p019,44,1.7,Q0,max_export_lp,1,1.6572322875094938,1.6572322870859182,-4.235756190240636e-10,1.4309458594267705e-07,0.0,1.2461891986349435e-07,0.9090909026630811,0.958005804093063
p019,44,1.7,Q0,fairness_qp,1,1.5948810760742278,1.5845928608065,-0.010288215267727718,0.013240519337712066,0.008096411703848169,0.018384626971575963,0.9090909023390914,0.9576974255975735
p019,44,1.7,Q95,weighted_proportional,1,1.5070032970001674,1.4004900000027447,-0.10651329699742274,0.06485526843058924,0.011598619931877833,0.11811191692930065,0.9090908991320903,0.9553482086555527
p019,44,1.7,Q95,equal_kw_reduction,1,1.612487277003052,1.5956669148280525,-0.016820362174999604,0.02166508532877382,0.013254904241274075,0.030075266416273568,0.9090908958134587,0.956065825663866
p019,44,1.7,Q95,flat_level,1,1.1849636607191736,1.1425164983079825,-0.042447162411191064,0.02925608120559556,0.008032499999999998,0.050479662411191124,0.909090898900604,0.9542523612824718
p019,44,1.7,Q95,max_export_lp,1,1.6572322873433465,1.6572322882660961,9.22749654463928e-10,3.249664222342908e-07,5.102174847025631e-08,3.245050473332789e-07,0.9090909087303798,0.9562656130444962
p019,44,1.7,Q95,fairness_qp,1,1.5948810871865815,1.5845928608985456,-0.01028822628803594,0.013240525164047208,0.008096412019942458,0.01838463830806522,0.9090908977225326,0.9560292723101083
p019,44,1.74,Q0,weighted_proportional,1,1.5070032969994482,1.3690334482803828,-0.13796984871906548,0.08058354429142034,0.01159861993188763,0.14956846865095305,0.9090908916762479,0.9566708202132228
p019,44,1.74,Q0,equal_kw_reduction,1,1.612487277003052,1.5956669148280525,-0.016820362174999604,0.02166508532877382,0.013254904241274075,0.030075266416273568,0.9090909075095778,0.9577449932132048
p019,44,1.74,Q0,flat_level,1,1.1849636607191736,1.1425164983079825,-0.042447162411191064,0.02925608120559556,0.008032499999999998,0.050479662411191124,0.9090908918451983,0.9553781349158357
p019,44,1.74,Q0,max_export_lp,1,1.6572322875094938,1.6572322872302612,-2.7923263701268297e-10,9.432166524897794e-08,0.0,8.219146403667249e-08,0.909090895283193,0.9580058043647941
p019,44,1.74,Q0,fairness_qp,1,1.5948810760742278,1.584074159015127,-0.010806917059100751,0.013800451788388091,0.0083969932588377,0.019203910317938482,0.9090908968535711,0.957696391825812
p019,44,1.74,Q95,weighted_proportional,1,1.5070032970001674,1.3690334482794906,-0.13796984872067686,0.08058354429221631,0.011598619931877833,0.1495684686525548,0.9090908963487235,0.9552428973600513
p019,44,1.74,Q95,equal_kw_reduction,1,1.612487277003052,1.5956669148280525,-0.016820362174999604,0.02166508532877382,0.013254904241274075,0.030075266416273568,0.9090908958134587,0.956065825663866
p019,44,1.74,Q95,flat_level,1,1.1849636607191736,1.1425164983079825,-0.042447162411191064,0.02925608120559556,0.008032499999999998,0.050479662411191124,0.909090898900604,0.9542523612824718
p019,44,1.74,Q95,max_export_lp,1,1.6572322873433465,1.6572322871804832,-1.6286327841896764e-10,5.7647671355108305e-08,0.0,5.553293020224559e-08,0.9090908925112866,0.9562656116121203
p019,44,1.74,Q95,fairness_qp,1,1.5948810871865815,1.5840741715930142,-0.010806915593567279,0.013800469791321943,0.008397011994402168,0.019203927588105605,0.9090909127734289,0.9560284803563573
p019,44,1.8,Q0,weighted_proportional,1,1.5070032969994482,1.3244700000059888,-0.18253329699345944,0.1028652684286174,0.01159861993188763,0.19413191692534715,0.909090893338694,0.9564760455380127
p019,44,1.8,Q0,equal_kw_reduction,1,1.612487277003052,1.5956669148280525,-0.016820362174999604,0.02166508532877382,0.013254904241274075,0.030075266416273568,0.9090909075095778,0.9577449932132048
p019,44,1.8,Q0,flat_level,1,1.1849636607191736,1.1425164983079825,-0.042447162411191064,0.02925608120559556,0.008032499999999998,0.050479662411191124,0.9090908918451983,0.9553781349158357
p019,44,1.8,Q0,max_export_lp,1,1.6572322875094938,1.6572322872270338,-2.824600553452683e-10,9.542771384603516e-08,0.0,8.314829729426376e-08,0.9090909027730839,0.958005804359483
p019,44,1.8,Q0,fairness_qp,1,1.5948810760742278,1.5833293164361655,-0.01155175963806232,0.014594871864333048,0.008818992045301902,0.020370751683364195,0.9090908871621178,0.957694874031794
p019,44,1.8,Q95,weighted_proportional,1,1.5070032970001674,1.3244700000124987,-0.18253329698766874,0.10286526842571225,0.011598619931877833,0.19413191691954665,0.9090909097470843,0.9550936411420254
p019,44,1.8,Q95,equal_kw_reduction,1,1.612487277003052,1.5956669148280525,-0.016820362174999604,0.02166508532877382,0.013254904241274075,0.030075266416273568,0.9090908958134587,0.956065825663866
p019,44,1.8,Q95,flat_level,1,1.1849636607191736,1.1425164983079825,-0.042447162411191064,0.02925608120559556,0.008032499999999998,0.050479662411191124,0.909090898900604,0.9542523612824718
p019,44,1.8,Q95,max_export_lp,1,1.6572322873433465,1.6572322871517722,-1.9157431196958896e-10,6.613269954558855e-08,0.0,6.23451988090995e-08,0.9090909075718696,0.9562656115255272
p019,44,1.8,Q95,fairness_qp,1,1.5948810871865815,1.5833293508457233,-0.011551736340858154,0.014594861734679608,0.008818993564250546,0.02037072990510867,0.9090909055189386,0.9560273172507556
p019,44,1.9,Q0,weighted_proportional,1,1.5070032969994482,1.2564521052726314,-0.25055119172681684,0.13687421579529604,0.01159861993188763,0.26214981165870443,0.9090908996683869,0.9561785847060168
p019,44,1.9,Q0,equal_kw_reduction,1,1.612487277003052,1.5956669148280525,-0.016820362174999604,0.02166508532877382,0.013254904241274075,0.030075266416273568,0.9090909075095778,0.9577449932132048
p019,44,1.9,Q0,flat_level,1,1.1849636607191736,1.1425164983079825,-0.042447162411191064,0.02925608120559556,0.008032499999999998,0.050479662411191124,0.9090908918451983,0.9553781349158357
p019,44,1.9,Q0,max_export_lp,1,1.6572322875094938,1.6572322872090526,-3.0044122745209734e-10,1.0147225670327107e-07,0.0,8.839967983130786e-08,0.9090909103334377,0.9580058043280937
p019,44,1.9,Q0,fairness_qp,1,1.5948810760742278,1.5821802518129406,-0.012700824261287158,0.015799856624476544,0.009449444493832962,0.022150268755120127,0.9090909006387848,0.9576924615425378
p019,44,1.9,Q95,weighted_proportional,1,1.5070032970001674,1.2564521053061632,-0.2505511916940042,0.13687421577887998,0.011598619931877833,0.26214981162588213,0.9090909107089455,0.9548656814556743
p019,44,1.9,Q95,equal_kw_reduction,1,1.612487277003052,1.5956669148280525,-0.016820362174999604,0.02166508532877382,0.013254904241274075,0.030075266416273568,0.9090908958134587,0.956065825663866
p019,44,1.9,Q95,flat_level,1,1.1849636607191736,1.1425164983079825,-0.042447162411191064,0.02925608120559556,0.008032499999999998,0.050479662411191124,0.909090898900604,0.9542523612824718
p019,44,1.9,Q95,max_export_lp,1,1.6572322873433465,1.6572322871218563,-2.214901595465335e-10,7.4970216193545e-08,0.0,6.934431422220971e-08,0.9090908999931858,0.9562656115179203
p019,44,1.9,Q95,fairness_qp,1,1.5948810871865815,1.582180300487783,-0.012700786698798483,0.0157998273422689,0.009449433992869634,0.022150220691668165,0.909090905861724,0.956025468985856
p019,44,2.0,Q0,weighted_proportional,1,1.5070032969994482,1.1952360000159052,-0.311767296983543,0.1674822684236592,0.01159861993188763,0.32336591691543076,0.9090909106086721,0.9559106908103804
p019,44,2.0,Q0,equal_kw_reduction,1,1.612487277003052,1.5956669148280525,-0.016820362174999604,0.02166508532877382,0.013254904241274075,0.030075266416273568,0.9090909075095778,0.9577449932132048
p019,44,2.0,Q0,flat_level,1,1.1849636607191736,1.1425164983079825,-0.042447162411191064,0.02925608120559556,0.008032499999999998,0.050479662411191124,0.9090908918451983,0.9553781349158357
p019,44,2.0,Q0,max_export_lp,1,1.6572322875094938,1.6572322871288956,-3.80598219607009e-10,1.284931017350179e-07,0.0,1.118853494718082e-07,0.9090909027132116,0.9580058041709738
p019,44,2.0,Q0,fairness_qp,1,1.5948810760742278,1.5811492181645608,-0.013731857909667022,0.016861796123663446,0.009995867168829914,0.023727725078496978,0.909090905668577,0.9576902305067474
p019,44,2.0,Q95,weighted_proportional,1,1.5070032970001674,1.1952360000186522,-0.3117672969815153,0.16748226842263547,0.011598619931877833,0.3233659169133931,0.9090909070823459,0.954660365040712
p019,44,2.0,Q95,equal_kw_reduction,1,1.612487277003052,1.5956669148280525,-0.016820362174999604,0.02166508532877382,0.013254904241274075,0.030075266416273568,0.9090908958134587,0.956065825663866
p019,44,2.0,Q95,flat_level,1,1.1849636607191736,1.1425164983079825,-0.042447162411191064,0.02925608120559556,0.008032499999999998,0.050479662411191124,0.909090898900604,0.9542523612824718
p019,44,2.0,Q95,max_export_lp,1,1.6572322873433465,1.6572322875901995,2.468529824994903e-10,9.154632533644753e-08,1.4938084857626932e-08,9.142289876529208e-08,0.9090909229983845,0.9562656121241956
p019,44,2.0,Q95,fairness_qp,1,1.5948810871865815,1.5811493309654026,-0.013731756221178948,0.016861689105136312,0.00999581099454679,0.023727567215725838,0.9090908948032308,0.9560237597732031
p020,48,1.0,Q0,weighted_proportional,1,1.5070032969994482,1.5070032969994482,0.0,0.0,0.0,0.0,0.9090908986590723,0.9572374939891118
p020,48,1.0,Q0,equal_kw_reduction,1,1.612487277003052,1.612487277003052,0.0,0.0,0.0,0.0,0.9090909085411034,0.9577651340631068
p020,48,1.0,Q0,flat_level,1,1.1849636607191736,1.1849636607191736,0.0,0.0,0.0,0.0,0.9090908983503695,0.955563065083861
p020,48,1.0,Q0,max_export_lp,1,1.6572322875094938,1.6572322875094938,0.0,0.0,0.0,0.0,0.9090908879931944,0.9580058048566669
p020,48,1.0,Q0,fairness_qp,1,1.5948810760742278,1.5948810760742278,0.0,0.0,0.0,0.0,0.9090908901901453,0.9577105026709762
p020,48,1.0,Q95,weighted_proportional,1,1.5070032970001674,1.5070032970001674,0.0,0.0,0.0,0.0,0.9090908975310804,0.9556770734851585
p020,48,1.0,Q95,equal_kw_reduction,1,1.612487277003052,1.612487277003052,0.0,0.0,0.0,0.0,0.9090908917775226,0.9560812375763708
p020,48,1.0,Q95,flat_level,1,1.1849636607191736,1.1849636607191736,0.0,0.0,0.0,0.0,0.9090909069966064,0.9543941331679278
p020,48,1.0,Q95,max_export_lp,1,1.6572322873433465,1.6572322873433465,0.0,0.0,0.0,0.0,0.9090909076611658,0.956265611819685
p020,48,1.0,Q95,fairness_qp,1,1.5948810871865815,1.5948810871865815,0.0,0.0,0.0,0.0,0.9090909102228547,0.9560392884682518
p020,48,1.1,Q0,weighted_proportional,1,1.5070032969994482,1.5068712899256145,-0.00013200707383376198,0.00500226548198474,0.004936261945067889,0.005068269018901591,0.9090909027319194,0.9572581338962467
p020,48,1.1,Q0,equal_kw_reduction,1,1.612487277003052,1.6137948595315534,0.0013075825285013831,0.005207935719490742,0.005861726983741433,0.00455414445524005,0.9090909122753909,0.9577974166272746
p020,48,1.1,Q0,flat_level,1,1.1849636607191736,1.1849636607191736,0.0,0.0,0.0,0.0,0.9090908983503695,0.955563065083861
p020,48,1.1,Q0,max_export_lp,1,1.6572322875094938,1.658564071211127,0.0013317837016331158,0.005358483149176953,0.006024374999993615,0.004692591298360291,0.9090909085678661,0.9580427295646846
p020,48,1.1,Q0,fairness_qp,1,1.5948810760742278,1.5957552167867706,0.0008741407125427703,0.004149287620241013,0.004586357976512363,0.0037122172639696615,0.9090909211850546,0.957735614063113
p020,48,1.1,Q95,weighted_proportional,1,1.5070032970001674,1.5068712899238204,-0.00013200707634708486,0.005002265483149998,0.004936261944976414,0.005068269021323582,0.9090908982974235,0.9556928886569048
p020,48,1.1,Q95,equal_kw_reduction,1,1.612487277003052,1.6137948595315534,0.0013075825285013831,0.005207935719490742,0.005861726983741433,0.00455414445524005,0.9090909054995595,0.956105969139873
p020,48,1.1,Q95,flat_level,1,1.1849636607191736,1.1849636607191736,0.0,0.0,0.0,0.0,0.9090909069966064,0.9543941331679278
p020,48,1.1,Q95,max_export_lp,1,1.6572322873433465,1.658564070687817,0.001331783344470594,0.005358483327761315,0.006024374999996654,0.004692591655525977,0.9090909013497551,0.9562938931787944
p020,48,1.1,Q95,fairness_qp,1,1.5948810871865815,1.595755222703947,0.0008741355173655929,0.004149291289828864,0.004586359048454849,0.0037122235311460913,0.9090909066754052,0.9560585249100114
p020,48,1.2,Q0,weighted_proportional,1,1.5070032969994482,1.5062632638595939,-0.0007400331398543791,0.010188924878384874,0.009818908308457663,0.010558941448312084,0.9090908999989089,0.9572765141173085
p020,48,1.2,Q0,equal_kw_reduction,1,1.612487277003052,1.6145838747686316,0.0020965977655795776,0.010657273453954315,0.01170557233674413,0.0096089745711645,0.9090909079457881,0.9578275857057181
p020,48,1.2,Q0,flat_level,1,1.1849636607191736,1.1849636607191736,0.0,0.0,0.0,0.0,0.9090908983503695,0.955563065083861
p020,48,1.2,Q0,max_export_lp,1,1.6572322875094938,1.6593620164416267,0.002129728932132924,0.010983885533923625,0.012048749999990144,0.009919021067857104,0.9090909160271357,0.9580779961962365
p020,48,1.2,Q0,fairness_qp,1,1.5948810760742278,1.596293287812993,0.0014122117387651567,0.008295511087081828,0.009001616951968779,0.007589405217699195,0.909090909887794,0.9577586437923576
p020,48,1.2,Q95,weighted_proportional,1,1.5070032970001674,1.5062632638597633,-0.0007400331404041616,0.010188924878642126,0.009818908308440046,0.010558941448844207,0.9090909080276661,0.9557069721014646
p020,48,1.2,Q95,equal_kw_reduction,1,1.612487277003052,1.6145838747686316,0.0020965977655795776,0.010657273453954315,0.01170557233674413,0.0096089745711645,0.9090909000383544,0.9561290808826287
p020,48,1.2,Q95,flat_level,1,1.1849636607191736,1.1849636607191736,0.0,0.0,0.0,0.0,0.9090909069966064,0.9543941331679278
p020,48,1.2,Q95,max_export_lp,1,1.6572322873433465,1.6593620165204437,0.002129729177097195,0.010983885411408358,0.012048749999957031,0.009919020822859684,0.9090908905917394,0.956320904334925
p020,48,1.2,Q95,fairness_qp,1,1.5948810871865815,1.5962932867979278,0.0014121996113463098,0.008295516801186792,0.00900161660685999,0.007589416995513594,0.9090909012319845,0.9560761659559265
p020,48,1.3,Q0,weighted_proportional,1,1.5070032969994482,1.5051905431193784,-0.0018127538800698506,0.015550539920637135,0.014644162980602143,0.016456916860672126,0.9090909154502695,0.9572926669693372
p020,48,1.3,Q0,equal_kw_reduction,1,1.612487277003052,1.61484059708009,0.0023533200770380347,0.016354402722758146,0.01753106276127718,0.015177742684239109,0.9090909035529888,0.9578555858363388
p020,48,1.3,Q0,flat_level,1,1.1849636607191736,1.1849636607191736,0.0,0.0,0.0,0.0,0.9090908983503695,0.955563065083861
p020,48,1.3,Q0,max_export_lp,1,1.6572322875094938,1.6595995652167144,0.002367277707220561,0.016212303256985326,0.017395942110595683,0.015028664403374971,0.9090909055915248,0.9581079645660003
p020,48,1.3,Q0,fairness_qp,1,1.5948810760742278,1.596516430988353,0.0016353549141252532,0.012427828684640181,0.013245506136745293,0.011610151227577508,0.9090909098900224,0.9577796627028229
p020,48,1.3,Q95,weighted_proportional,1,1.5070032970001674,1.5051905431181574,-0.0018127538820100764,0.015550539921529164,0.01464416298052415,0.016456916862534178,0.9090909085573367,0.9557193486651282
p020,48,1.3,Q95,equal_kw_reduction,1,1.612487277003052,1.61484059708009,0.0023533200770380347,0.016354402722758146,0.01753106276127718,0.015177742684239109,0.9090908943821141,0.9561505302732578
p020,48,1.3,Q95,flat_level,1,1.1849636607191736,1.1849636607191736,0.0,0.0,0.0,0.0,0.9090909069966064,0.9543941331679278
p020,48,1.3,Q95,max_export_lp,1,1.6572322873433465,1.659599565675692,0.0023672783323454016,0.016212394368909623,0.017396033535082345,0.015028755202736901,0.9090909004979737,0.9563438560813357
p020,48,1.3,Q95,fairness_qp,1,1.5948810871865815,1.5965164327262846,0.0016353455397031258,0.01242782603086789,0.013245498800719402,0.011610153261016377,0.9090909145135735,0.9560922660093426
p020,48,1.4,Q0,weighted_proportional,1,1.5070032969994482,1.5036654793163142,-0.0033378176831340145,0.021077409983209488,0.019408501141642456,0.02274631882477652,0.9090908941756013,0.957306630159631
p020,48,1.4,Q0,equal_kw_reduction,1,1.612487277003052,1.6145488574403288,0.0020615804372767776,0.022306850486095313,0.02333764070473368,0.021276060267456945,0.9090908939315108,0.9578813515821916
p020,48,1.4,Q0,flat_level,1,1.1849636607191736,1.1849636607191736,0.0,0.0,0.0,0.0,0.9090908983503695,0.955563065083861
p020,48,1.4,Q0,max_export_lp,1,1.6572322875094938,1.6595995651052349,0.0023672775957410686,0.016212281134736176,0.017395919932606724,0.015028642336865631,0.9090909129220536,0.9581079642673703
p020,48,1.4,Q0,fairness_qp,1,1.5948810760742278,1.5963652596010005,0.0014841835267727088,0.016386020968547094,0.01712811272864736,0.015643929205160684,0.9090909016901071,0.957797467102471
p020,48,1.4,Q95,weighted_proportional,1,1.5070032970001674,1.5036654793139197,-0.003337817686247746,0.021077409984629182,0.01940850114150533,0.022746318827753034,0.9090909076636763,0.955730047176771
p020,48,1.4,Q95,equal_kw_reduction,1,1.612487277003052,1.6145488574403288,0.0020615804372767776,0.022306850486095313,0.02333764070473368,0.021276060267456945,0.909090891033649,0.956170267256753
p020,48,1.4,Q95,flat_level,1,1.1849636607191736,1.1849636607191736,0.0,0.0,0.0,0.0,0.9090909069966064,0.9543941331679278
p020,48,1.4,Q95,max_export_lp,1,1.6572322873433465,1.6595995651082858,0.0023672777649392795,0.016212278950435404,0.017395917832905075,0.015028640067965737,0.9090909144603907,0.9563438549410138
p020,48,1.4,Q95,fairness_qp,1,1.5948810871865815,1.5963652589921367,0.0014841718055551567,0.016386023865181072,0.017128109767915803,0.01564393796240351,0.9090909076272868,0.956105903499981
p020,48,1.5,Q0,weighted_proportional,1,1.5070032969994482,1.5017013497781329,-0.005301947221315384,0.026759630763457755,0.024108657152800098,0.029410604374115416,0.9090909120608595,0.9573184463299347
p020,48,1.5,Q0,equal_kw_reduction,1,1.612487277003052,1.6143219528446975,0.0018346758416454279,0.024386316320451337,0.02530365424127408,0.023468978399628592,0.909090899709225,0.9578895740254325
p020,48,1.5,Q0,flat_level,1,1.1849636607191736,1.1849636607191736,0.0,0.0,0.0,0.0,0.9090908983503695,0.955563065083861
p020,48,1.5,Q0,max_export_lp,1,1.6572322875094938,1.659599565139379,0.0023672776298850895,0.01621228682553557,0.01739592564047815,0.015028648010592987,0.9090908978679063,0.9581079644001668
p020,48,1.5,Q0,fairness_qp,1,1.5948810760742278,1.5959927661728839,0.0011116900986560818,0.02015074508964083,0.020706590136513235,0.01959490004031275,0.909090906151746,0.9578129807572809
p020,48,1.5,Q95,weighted_proportional,1,1.5070032970001674,1.5017013497917229,-0.0053019472084445685,0.026759630757680574,0.024108657153458293,0.02941060436190285,0.9090908938341034,0.955739100383323
p020,48,1.5,Q95,equal_kw_reduction,1,1.612487277003052,1.6143219528446975,0.0018346758416454279,0.024386316320451337,0.02530365424127408,0.023468978399628592,0.9090909077189434,0.9561765655170434
p020,48,1.5,Q95,flat_level,1,1.1849636607191736,1.1849636607191736,0.0,0.0,0.0,0.0,0.9090909069966064,0.9543941331679278
p020,48,1.5,Q95,max_export_lp,1,1.6572322873433465,1.659599565387889,0.002367278044542509,0.01621235577379855,0.01739599479606989,0.015028716751527211,0.9090908924495551,0.9563438555788828
p020,48,1.5,Q95,fairness_qp,1,1.5948810871865815,1.5959927667576435,0.001111679571061952,0.020150751360765592,0.02070659114626508,0.01959491157523463,0.9090908989561464,0.9561177857968479
p020,48,1.6,Q0,weighted_proportional,1,1.5070032969994482,1.4993122533182786,-0.007691043681169685,0.03258715195432422,0.02874163011373937,0.03643267379490907,0.9090909043008746,0.9573281628889071
p020,48,1.6,Q0,equal_kw_reduction,1,1.612487277003052,1.6143219528446975,0.0018346758416454279,0.024386316320451337,0.02530365424127408,0.023468978399628592,0.909090899709225,0.9578895740254325
p020,48,1.6,Q0,flat_level,1,1.1849636607191736,1.1849636607191736,0.0,0.0,0.0,0.0,0.9090908983503695,0.955563065083861
p020,48,1.6,Q0,max_export_lp,1,1.6572322875094938,1.6595995651085806,0.0023672775990868367,0.01621228045779289,0.017395919257336315,0.01502864165824937,0.9090909053902893,0.9581079643037353
p020,48,1.6,Q0,fairness_qp,1,1.5948810760742278,1.5954559458370305,0.0005748697628027433,0.02368602395381142,0.023973458833759516,0.02339858907241004,0.9090909022760736,0.9578263881750777
p020,48,1.6,Q95,weighted_proportional,1,1.5070032970001674,1.4993122533240641,-0.007691043676103293,0.03258715195207551,0.028741630114023864,0.03643267379012716,0.9090909032268831,0.9557465445161172
p020,48,1.6,Q95,equal_kw_reduction,1,1.612487277003052,1.6143219528446975,0.0018346758416454279,0.024386316320451337,0.02530365424127408,0.023468978399628592,0.9090909077189434,0.9561765655170434
p020,48,1.6,Q95,flat_level,1,1.1849636607191736,1.1849636607191736,0.0,0.0,0.0,0.0,0.9090909069966064,0.9543941331679278
p020,48,1.6,Q95,max_export_lp,1,1.6572322873433465,1.6595995654512175,0.0023672781078709626,0.016212366616224032,0.017396005670159503,0.015028727562288558,0.9090909076732148,0.9563438556652244
p020,48,1.6,Q95,fairness_qp,1,1.5948810871865815,1.5954559612031456,0.0005748740165640864,0.023685988265937426,0.023973425274219515,0.023398551257655338,0.9090909027801771,0.9561280540494232
p020,48,1.7,Q0,weighted_proportional,1,1.5070032969994482,1.420335000072946,-0.08666829692650224,0.07233069829297024,0.02899654982971908,0.11566484675622139,0.9090909022126579,0.956992767190586
p020,48,1.7,Q0,equal_kw_reduction,1,1.612487277003052,1.6143219528446975,0.0018346758416454279,0.024386316320451337,0.02530365424127408,0.023468978399628592,0.909090899709225,0.9578895740254325
p020,48,1.7,Q0,flat_level,1,1.1849636607191736,1.1849636607191736,0.0,0.0,0.0,0.0,0.9090908983503695,0.955563065083861
p020,48,1.7,Q0,max_export_lp,1,1.6572322875094938,1.659599565095177,0.002367277585683114,0.016212277737295052,0.017395916530136654,0.015028638944453448,0.909090897887244,0.9581079642700097
p020,48,1.7,Q0,fairness_qp,1,1.5948810760742278,1.5948066635190845,-7.441255514328837e-05,0.026968464316605004,0.026931258039033394,0.02700567059417661,0.9090908995164966,0.9578379010252134
p020,48,1.7,Q95,weighted_proportional,1,1.5070032970001674,1.4203350000017612,-0.08666829699840628,0.07233069832889774,0.028996549829694587,0.1156648468281009,0.90909090214978,0.9554895640399451
p020,48,1.7,Q95,equal_kw_reduction,1,1.612487277003052,1.6143219528446975,0.0018346758416454279,0.024386316320451337,0.02530365424127408,0.023468978399628592,0.9090909077189434,0.9561765655170434
p020,48,1.7,Q95,flat_level,1,1.1849636607191736,1.1849636607191736,0.0,0.0,0.0,0.0,0.9090909069966064,0.9543941331679278
p020,48,1.7,Q95,max_export_lp,1,1.6572322873433465,1.6595995651685072,0.002367277825160663,0.016212308550008003,0.01739594746258835,0.015028669637427652,0.9090909069716872,0.956343855127506
p020,48,1.7,Q95,fairness_qp,1,1.5948810871865815,1.594806672022397,-7.441516418449368e-05,0.026968453633392824,0.026931246051300553,0.027005661215485095,0.9090908980117004,0.9561368712681653
p020,48,1.74,Q0,weighted_proportional,1,1.5070032969994482,1.389530172415008,-0.11747312458444026,0.08773311212193922,0.02899654982971908,0.14646967441415937,0.9090909130273682,0.9568614469815603
p020,48,1.74,Q0,equal_kw_reduction,1,1.612487277003052,1.6143219528446975,0.0018346758416454279,0.024386316320451337,0.02530365424127408,0.023468978399628592,0.909090899709225,0.9578895740254325
p020,48,1.74,Q0,flat_level,1,1.1849636607191736,1.1849636607191736,0.0,0.0,0.0,0.0,0.9090908983503695,0.955563065083861
p020,48,1.74,Q0,max_export_lp,1,1.6572322875094938,1.6595995661881875,0.002367278678693685,0.016212496086731903,0.01739613542607861,0.015028856747384961,0.9090909069932037,0.9581079670468372
p020,48,1.74,Q0,fairness_qp,1,1.5948810760742278,1.594525691407513,-0.0003553846667148086,0.028207732281462453,0.028030039947654607,0.028385424614819854,0.9090909028575462,0.9578420254188952
p020,48,1.74,Q95,weighted_proportional,1,1.5070032970001674,1.3895301724323128,-0.11747312456785464,0.0877331121136219,0.028996549829694587,0.1464696743975492,0.9090909087039081,0.95538893989872
p020,48,1.74,Q95,equal_kw_reduction,1,1.612487277003052,1.6143219528446975,0.0018346758416454279,0.024386316320451337,0.02530365424127408,0.023468978399628592,0.9090909077189434,0.9561765655170434
p020,48,1.74,Q95,flat_level,1,1.1849636607191736,1.1849636607191736,0.0,0.0,0.0,0.0,0.9090909069966064,0.9543941331679278
p020,48,1.74,Q95,max_export_lp,1,1.6572322873433465,1.6595995651599298,0.002367277816583302,0.016212306400376936,0.01739594530866863,0.015028667492085247,0.9090908995744006,0.9563438551097568
p020,48,1.74,Q95,fairness_qp,1,1.5948810871865815,1.5945256838745936,-0.00035540331198791186,0.028207739465599537,0.028030037809605585,0.02838544112159349,0.9090909003759069,0.9561400301485145
p020,48,1.8,Q0,weighted_proportional,1,1.5070032969994482,1.345890000001639,-0.1611132969978093,0.1095531983286237,0.02899654982971908,0.19010984682752832,0.9090909004493908,0.9566753395819921
p020,48,1.8,Q0,equal_kw_reduction,1,1.612487277003052,1.6143219528446975,0.0018346758416454279,0.024386316320451337,0.02530365424127408,0.023468978399628592,0.909090899709225,0.9578895740254325
p020,48,1.8,Q0,flat_level,1,1.1849636607191736,1.1849636607191736,0.0,0.0,0.0,0.0,0.9090908983503695,0.955563065083861
p020,48,1.8,Q0,max_export_lp,1,1.6572322875094938,1.6595995664753733,0.0023672789658795157,0.016212553568098562,0.01739619305103815,0.015028914085158768,0.9090909072576798,0.9581079677771851
p020,48,1.8,Q0,fairness_qp,1,1.5948810760742278,1.594366871390563,-0.0005142046836648095,0.028930629689057685,0.02867352734481298,0.029187732030890125,0.9090909067728647,0.9578444742426075
p020,48,1.8,Q95,weighted_proportional,1,1.5070032970001674,1.3458900000141312,-0.16111329698603627,0.10955319832271279,0.028996549829694587,0.19010984681573098,0.9090909029809381,0.9552463287785187
p020,48,1.8,Q95,equal_kw_reduction,1,1.612487277003052,1.6143219528446975,0.0018346758416454279,0.024386316320451337,0.02530365424127408,0.023468978399628592,0.9090909077189434,0.9561765655170434
p020,48,1.8,Q95,flat_level,1,1.1849636607191736,1.1849636607191736,0.0,0.0,0.0,0.0,0.9090909069966064,0.9543941331679278
p020,48,1.8,Q95,max_export_lp,1,1.6572322873433465,1.6595995652846494,0.00236727794130287,0.016212330963734214,0.01739596993438565,0.015028691993082781,0.909090907375201,0.9563438553517206
p020,48,1.8,Q95,fairness_qp,1,1.5948810871865815,1.5943668671796694,-0.0005142200069121472,0.028930634061759792,0.028673524058303757,0.029187744065215827,0.9090908984598655,0.9561419054535969
p020,48,1.9,Q0,weighted_proportional,1,1.5070032969994482,1.2792813157901914,-0.2277219812092568,0.14285754043434748,0.02899654982971908,0.25671853103897585,0.9090909050043567,0.9563911213284486
p020,48,1.9,Q0,equal_kw_reduction,1,1.612487277003052,1.6143219528446975,0.0018346758416454279,0.024386316320451337,0.02530365424127408,0.023468978399628592,0.909090899709225,0.9578895740254325
p020,48,1.9,Q0,flat_level,1,1.1849636607191736,1.1849636607191736,0.0,0.0,0.0,0.0,0.9090908983503695,0.955563065083861
p020,48,1.9,Q0,max_export_lp,1,1.6572322875094938,1.6595995652865303,0.0023672777770364917,0.01621231603893344,0.01739595492745169,0.015028677150415188,0.9090909132274596,0.9581079647397807
p020,48,1.9,Q0,fairness_qp,1,1.5948810760742278,1.594407906896213,-0.0004731691780148761,0.02891011193359754,0.028673527344590076,0.029146696522604997,0.9090909027252981,0.9578446613704178
p020,48,1.9,Q95,weighted_proportional,1,1.5070032970001674,1.2792813157999068,-0.22772198120026066,0.142857540429825,0.028996549829694587,0.2567185310299554,0.9090908947080019,0.9550285227883997
p020,48,1.9,Q95,equal_kw_reduction,1,1.612487277003052,1.6143219528446975,0.0018346758416454279,0.024386316320451337,0.02530365424127408,0.023468978399628592,0.9090909077189434,0.9561765655170434
p020,48,1.9,Q95,flat_level,1,1.1849636607191736,1.1849636607191736,0.0,0.0,0.0,0.0,0.9090909069966064,0.9543941331679278
p020,48,1.9,Q95,max_export_lp,1,1.6572322873433465,1.6595995651845288,0.0023672778411822915,0.016212310481184145,0.0173959494017753,0.015028671560592986,0.9090908996179194,0.9563438551555377
p020,48,1.9,Q95,fairness_qp,1,1.5948810871865815,1.59440791696829,-0.0004731702182914077,0.02891010917068728,0.02867352406154161,0.029146694279832946,0.9090909074881093,0.956142048667092
p020,48,2.0,Q0,weighted_proportional,1,1.5070032969994482,1.2193335000017684,-0.2876697969976798,0.17283144832855904,0.02899654982971908,0.31666634682739897,0.9090908963115875,0.9561351598536452
p020,48,2.0,Q0,equal_kw_reduction,1,1.612487277003052,1.6143219528446975,0.0018346758416454279,0.024386316320451337,0.02530365424127408,0.023468978399628592,0.909090899709225,0.9578895740254325
p020,48,2.0,Q0,flat_level,1,1.1849636607191736,1.1849636607191736,0.0,0.0,0.0,0.0,0.9090908983503695,0.955563065083861
p020,48,2.0,Q0,max_export_lp,1,1.6572322875094938,1.6595995651540072,0.002367277644513388,0.016212287643628517,0.017395926465885253,0.015028648821371785,0.9090908978472219,0.958107964428546
p020,48,2.0,Q0,fairness_qp,1,1.5948810760742278,1.5944449291112497,-0.0004361469629781123,0.02889160082651471,0.028673527345025616,0.0291096743080038,0.9090908962969328,0.9578448301447287
p020,48,2.0,Q95,weighted_proportional,1,1.5070032970001674,1.2193335000025318,-0.2876697969976356,0.1728314483285124,0.028996549829694587,0.3166663468273302,0.9090909031619917,0.9548323562761708
p020,48,2.0,Q95,equal_kw_reduction,1,1.612487277003052,1.6143219528446975,0.0018346758416454279,0.024386316320451337,0.02530365424127408,0.023468978399628592,0.9090909077189434,0.9561765655170434
p020,48,2.0,Q95,flat_level,1,1.1849636607191736,1.1849636607191736,0.0,0.0,0.0,0.0,0.9090909069966064,0.9543941331679278
p020,48,2.0,Q95,max_export_lp,1,1.6572322873433465,1.6595995652073416,0.002367277863995154,0.01621231486424357,0.017395953796241176,0.015028675932245966,0.9090908921997012,0.9563438552159054
p020,48,2.0,Q95,fairness_qp,1,1.5948810871865815,1.5944449397183764,-0.00043614746820508365,0.028891597795567873,0.028673524061465283,0.029109671529670464,0.909090891247483,0.9561421779763057
p021,49,1.0,Q0,weighted_proportional,1,1.5070032969994482,1.5070032969994482,0.0,0.0,0.0,0.0,0.9090908986590723,0.9572374939891118
p021,49,1.0,Q0,equal_kw_reduction,1,1.612487277003052,1.612487277003052,0.0,0.0,0.0,0.0,0.9090909085411034,0.9577651340631068
p021,49,1.0,Q0,flat_level,1,1.1849636607191736,1.1849636607191736,0.0,0.0,0.0,0.0,0.9090908983503695,0.955563065083861
p021,49,1.0,Q0,max_export_lp,1,1.6572322875094938,1.6572322875094938,0.0,0.0,0.0,0.0,0.9090908879931944,0.9580058048566669
p021,49,1.0,Q0,fairness_qp,1,1.5948810760742278,1.5948810760742278,0.0,0.0,0.0,0.0,0.9090908901901453,0.9577105026709762
p021,49,1.0,Q95,weighted_proportional,1,1.5070032970001674,1.5070032970001674,0.0,0.0,0.0,0.0,0.9090908975310804,0.9556770734851585
p021,49,1.0,Q95,equal_kw_reduction,1,1.612487277003052,1.612487277003052,0.0,0.0,0.0,0.0,0.9090908917775226,0.9560812375763708
p021,49,1.0,Q95,flat_level,1,1.1849636607191736,1.1849636607191736,0.0,0.0,0.0,0.0,0.9090909069966064,0.9543941331679278
p021,49,1.0,Q95,max_export_lp,1,1.6572322873433465,1.6572322873433465,0.0,0.0,0.0,0.0,0.9090909076611658,0.956265611819685
p021,49,1.0,Q95,fairness_qp,1,1.5948810871865815,1.5948810871865815,0.0,0.0,0.0,0.0,0.9090909102228547,0.9560392884682518
p021,49,1.1,Q0,weighted_proportional,1,1.5070032969994482,1.5078942846912629,0.0008909876918146153,0.0054780204881704105,0.005923514334077652,0.005032526642263168,0.9090909081343463,0.9572699516045095
p021,49,1.1,Q0,equal_kw_reduction,1,1.612487277003052,1.6149263702139027,0.0024390932108506735,0.005844525574259201,0.007064072179684508,0.0046249789688338925,0.9090908981528729,0.9578110214539185
p021,49,1.1,Q0,flat_level,1,1.1849636607191736,1.1849636607191736,0.0,0.0,0.0,0.0,0.9090908983503695,0.955563065083861
p021,49,1.1,Q0,max_export_lp,1,1.6572322875094938,1.6597689460177962,0.002536658508302425,0.005960920745837641,0.007229249999988904,0.0046925914916863785,0.909090897893875,0.9580566248642547
p021,49,1.1,Q0,fairness_qp,1,1.5948810760742278,1.5966732018575889,0.001792125783361076,0.004935621970301094,0.005831684861981601,0.004039559078620587,0.9090908957875243,0.9577482432185295
p021,49,1.1,Q95,weighted_proportional,1,1.5070032970001674,1.507894284689522,0.0008909876893545832,0.005478020489293053,0.005923514333970287,0.00503252664461582,0.9090908942524971,0.9557019595663677
p021,49,1.1,Q95,equal_kw_reduction,1,1.612487277003052,1.6149263702139027,0.0024390932108506735,0.005844525574259201,0.007064072179684508,0.0046249789688338925,0.9090909204315043,0.9561164112923854
p021,49,1.1,Q95,flat_level,1,1.1849636607191736,1.1849636607191736,0.0,0.0,0.0,0.0,0.9090909069966064,0.9543941331679278
p021,49,1.1,Q95,max_export_lp,1,1.6572322873433465,1.6597689457716895,0.0025366584283430527,0.005960920785807919,0.007229249999979537,0.004692591571636302,0.9090909117660717,0.9563045576460484
p021,49,1.1,Q95,fairness_qp,1,1.5948810871865815,1.5966732000722876,0.001792112885706132,0.004935627421908359,0.005831683864718731,0.00403957097905527,0.9090908976949238,0.956068216701392
p021,49,1.2,Q0,weighted_proportional,1,1.5070032969994482,1.5083015091422254,0.0012982121427771443,0.011133583898760948,0.011782689970149522,0.010484477827372374,0.9090909054653987,0.9573000582707123
p021,49,1.2,Q0,equal_kw_reduction,1,1.612487277003052,1.6168405656953382,0.004353288692286128,0.011933400091521978,0.014110044437665031,0.009756755745378924,0.9090908935246921,0.9578547665954812
p021,49,1.2,Q0,flat_level,1,1.1849636607191736,1.1849636607191736,0.0,0.0,0.0,0.0,0.9090908983503695,0.955563065083861
p021,49,1.2,Q0,max_export_lp,1,1.6572322875094938,1.6617717663873401,0.004539478877846337,0.012188760561075115,0.014458499999997251,0.009919021122151884,0.9090909071289275,0.9581057840040623
p021,49,1.2,Q0,fairness_qp,1,1.5948810760742278,1.5980583419984717,0.003177265924243944,0.009868926081305646,0.011457559039300153,0.008280293119183693,0.9090909094677796,0.9577833745556974
p021,49,1.2,Q95,weighted_proportional,1,1.5070032970001674,1.5083015091422027,0.0012982121420352932,0.011133583899101384,0.011782689970118998,0.01048447782808377,0.9090908956693211,0.955725043555647
p021,49,1.2,Q95,equal_kw_reduction,1,1.612487277003052,1.6168405656953382,0.004353288692286128,0.011933400091521978,0.014110044437665031,0.009756755745378924,0.9090909122384588,0.9561499427206035
p021,49,1.2,Q95,flat_level,1,1.1849636607191736,1.1849636607191736,0.0,0.0,0.0,0.0,0.9090909069966064,0.9543941331679278
p021,49,1.2,Q95,max_export_lp,1,1.6572322873433465,1.6617717665968468,0.004539479253500289,0.01218876037324995,0.014458499999999888,0.009919020746499722,0.9090909002430643,0.9563422300083189
p021,49,1.2,Q95,fairness_qp,1,1.5948810871865815,1.5980583399469614,0.003177252760379945,0.009868928877634112,0.011457555257824062,0.008280302497444164,0.9090909031153208,0.9560951445662005
p021,49,1.3,Q0,weighted_proportional,1,1.5070032969994482,1.5082354329570706,0.0012321359576223934,0.016956927597909226,0.017572995576720436,0.016340859619098015,0.9090909028950375,0.9573278364513409
p021,49,1.3,Q0,equal_kw_reduction,1,1.612487277003052,1.6182149072283998,0.005727630225347724,0.018273585929579558,0.021137401042253368,0.015409770816905748,0.9090909000623044,0.9578963091353595
p021,49,1.3,Q0,flat_level,1,1.1849636607191736,1.1849636607191736,0.0,0.0,0.0,0.0,0.9090908983503695,0.955563065083861
p021,49,1.3,Q0,max_export_lp,1,1.6572322875094938,1.6632113650664868,0.005979077556993007,0.01869821122149941,0.021687749999995995,0.01570867244300282,0.9090909058243913,0.9581531936570149
p021,49,1.3,Q0,fairness_qp,1,1.5948810760742278,1.5990741521019494,0.004193076027721565,0.014795675329046921,0.01689221333809572,0.01269913731518611,0.9090909075866336,0.9578161159066351
p021,49,1.3,Q95,weighted_proportional,1,1.5070032970001674,1.508235432955851,0.0012321359556834999,0.016956927598785233,0.017572995576627004,0.016340859620943463,0.9090909227594672,0.9557463426934485
p021,49,1.3,Q95,equal_kw_reduction,1,1.612487277003052,1.6182149072283998,0.005727630225347724,0.018273585929579558,0.021137401042253368,0.015409770816905748,0.9090908978300585,0.9561817856230218
p021,49,1.3,Q95,flat_level,1,1.1849636607191736,1.1849636607191736,0.0,0.0,0.0,0.0,0.9090909069966064,0.9543941331679278
p021,49,1.3,Q95,max_export_lp,1,1.6572322873433465,1.6632113654449516,0.00597907810160514,0.01869821094918347,0.021687749999986128,0.01570867189838081,0.9090909017092004,0.9563785598254744
p021,49,1.3,Q95,fairness_qp,1,1.5948810871865815,1.5990741511859072,0.00419306399932573,0.014795671721735723,0.01689220372139863,0.012699139722072815,0.9090909035349661,0.9561202400853146
p021,49,1.4,Q0,weighted_proportional,1,1.5070032969994482,1.5077075908199113,0.0007042938204631088,0.0229380544597427,0.023290201369974194,0.02258590754951121,0.9090909007693916,0.9573533146287754
p021,49,1.4,Q0,equal_kw_reduction,1,1.612487277003052,1.6190318460949038,0.0065445690918517485,0.024873252319310427,0.028145536865236256,0.021600967773384598,0.9090908945754995,0.9579355783265028
p021,49,1.4,Q0,flat_level,1,1.1849636607191736,1.1849636607191736,0.0,0.0,0.0,0.0,0.9090908983503695,0.955563065083861
p021,49,1.4,Q0,max_export_lp,1,1.6572322875094938,1.6635601881446953,0.0063279006352015,0.02093354968237956,0.024097499999980343,0.017769599364778777,0.9090909038355606,0.9581685893221917
p021,49,1.4,Q0,fairness_qp,1,1.5948810760742278,1.599650809395253,0.00476973332102526,0.019563359076443403,0.021948225733554164,0.017178492415930724,0.9090908980726701,0.9578451760345433
p021,49,1.4,Q95,weighted_proportional,1,1.5070032970001674,1.507707590817503,0.0007042938173356106,0.0229380544611415,0.023290201369809235,0.02258590755247376,0.909090895032742,0.9557658789004929
p021,49,1.4,Q95,equal_kw_reduction,1,1.612487277003052,1.6190318460949038,0.0065445690918517485,0.024873252319310427,0.028145536865236256,0.021600967773384598,0.9090908946245639,0.9562118857320577
p021,49,1.4,Q95,flat_level,1,1.1849636607191736,1.1849636607191736,0.0,0.0,0.0,0.0,0.9090909069966064,0.9543941331679278
p021,49,1.4,Q95,max_export_lp,1,1.6572322873433465,1.6635601880783584,0.006327900735011882,0.02093354963246642,0.02409749999997235,0.017769599264960485,0.909090907229294,0.9563903564203489
p021,49,1.4,Q95,fairness_qp,1,1.5948810871865815,1.599650808554488,0.004769721367906543,0.019563359546641405,0.021948220230594728,0.01717849886268808,0.9090908949353516,0.9561425142493098
p021,49,1.5,Q0,weighted_proportional,1,1.5070032969994482,1.506730490266239,-0.00027280673320917437,0.029066791949958773,0.028930388583354137,0.029203195316563405,0.9090909100341875,0.9573765267894128
p021,49,1.5,Q0,equal_kw_reduction,1,1.612487277003052,1.6191129314895896,0.006625654486537513,0.026007076998005307,0.029319904241274064,0.02269424975473655,0.9090908996013803,0.9579419410826333
p021,49,1.5,Q0,flat_level,1,1.1849636607191736,1.1849636607191736,0.0,0.0,0.0,0.0,0.9090908983503695,0.955563065083861
p021,49,1.5,Q0,max_export_lp,1,1.6572322875094938,1.6635601884153455,0.006327900905851669,0.02093354954706258,0.02409749999998849,0.017769599094136668,0.9090908965591968,0.9581685897782656
p021,49,1.5,Q0,fairness_qp,1,1.5948810760742278,1.599871499703496,0.004990423629268159,0.024050918570048336,0.02654613038091677,0.02155570675541425,0.9090908968126006,0.957870452068847
p021,49,1.5,Q95,weighted_proportional,1,1.5070032970001674,1.5067304902795429,-0.00027280672062457434,0.029066791944436343,0.028930388584124028,0.029203195304748658,0.9090908930796372,0.9557836781473293
p021,49,1.5,Q95,equal_kw_reduction,1,1.612487277003052,1.6191129314895896,0.006625654486537513,0.026007076998005307,0.029319904241274064,0.02269424975473655,0.9090908909507139,0.9562167628251862
p021,49,1.5,Q95,flat_level,1,1.1849636607191736,1.1849636607191736,0.0,0.0,0.0,0.0,0.9090909069966064,0.9543941331679278
p021,49,1.5,Q95,max_export_lp,1,1.6572322873433465,1.6635601885705305,0.006327901227183963,0.020933549386397167,0.024097499999989197,0.017769598772805133,0.9090909079553979,0.9563903570840814
p021,49,1.5,Q95,fairness_qp,1,1.5948810871865815,1.5998715012418998,0.004990414055318304,0.024050914702992258,0.026546121730651448,0.021555707675333068,0.909090891280315,0.9561618875615082
p021,49,1.6,Q0,weighted_proportional,1,1.5070032969994482,1.5053175093391085,-0.001685787660339777,0.03533284996662701,0.03448995613645708,0.03617574379679694,0.9090908915480933,0.9573975121862827
p021,49,1.6,Q0,equal_kw_reduction,1,1.612487277003052,1.6191129314895896,0.006625654486537513,0.026007076998005307,0.029319904241274064,0.02269424975473655,0.9090908996013803,0.9579419410826333
p021,49,1.6,Q0,flat_level,1,1.1849636607191736,1.1849636607191736,0.0,0.0,0.0,0.0,0.9090908983503695,0.955563065083861
p021,49,1.6,Q0,max_export_lp,1,1.6572322875094938,1.6635601881574138,0.006327900647919993,0.02093354967601048,0.024097499999970518,0.017769599352050438,0.9090908962872697,0.9581685893410983
p021,49,1.6,Q0,fairness_qp,1,1.5948810760742278,1.599847767896675,0.0049666918224471335,0.028260049973578647,0.030743395884802238,0.025776704062355056,0.9090909074786659,0.9578926827324682
p021,49,1.6,Q95,weighted_proportional,1,1.5070032970001674,1.5053175093450322,-0.0016857876551352735,0.03533284996437339,0.03448995613680575,0.036175743791941044,0.9090908956182826,0.9557997705105701
p021,49,1.6,Q95,equal_kw_reduction,1,1.612487277003052,1.6191129314895896,0.006625654486537513,0.026007076998005307,0.029319904241274064,0.02269424975473655,0.9090908909507139,0.9562167628251862
p021,49,1.6,Q95,flat_level,1,1.1849636607191736,1.1849636607191736,0.0,0.0,0.0,0.0,0.9090909069966064,0.9543941331679278
p021,49,1.6,Q95,max_export_lp,1,1.6572322873433465,1.6635601887747982,0.006327901431451677,0.020933549284249117,0.024097499999975,0.01776959856852323,0.9090909005468352,0.9563903573544905
p021,49,1.6,Q95,fairness_qp,1,1.5948810871865815,1.5998477569089729,0.004966669722391348,0.028260061924772643,0.030743396785968297,0.02577672706357699,0.9090908963992359,0.9561789266230972
p021,49,1.7,Q0,weighted_proportional,1,1.5070032969994482,1.4269500000601347,-0.08005329693931351,0.07482250826531961,0.034795859795662874,0.11484915673497635,0.9090909043507824,0.9570692082802524
p021,49,1.7,Q0,equal_kw_reduction,1,1.612487277003052,1.6191129314895896,0.006625654486537513,0.026007076998005307,0.029319904241274064,0.02269424975473655,0.9090908996013803,0.9579419410826333
p021,49,1.7,Q0,flat_level,1,1.1849636607191736,1.1849636607191736,0.0,0.0,0.0,0.0,0.9090908983503695,0.955563065083861
p021,49,1.7,Q0,max_export_lp,1,1.6572322875094938,1.6635601887205447,0.006327901211050868,0.020933549394430862,0.02409749999995635,0.017769598788905373,0.9090909042984531,0.9581685903119409
p021,49,1.7,Q0,fairness_qp,1,1.5948810760742278,1.5998035849925856,0.004922508918357771,0.030002990178326517,0.032464244637505385,0.02754173571914765,0.9090908886952749,0.9579016791306231
p021,49,1.7,Q95,weighted_proportional,1,1.5070032970001674,1.4269500000039395,-0.08005329699622799,0.07482250829374748,0.034795859795633474,0.11484915679186149,0.9090908929982798,0.9555482353156062
p021,49,1.7,Q95,equal_kw_reduction,1,1.612487277003052,1.6191129314895896,0.006625654486537513,0.026007076998005307,0.029319904241274064,0.02269424975473655,0.9090908909507139,0.9562167628251862
p021,49,1.7,Q95,flat_level,1,1.1849636607191736,1.1849636607191736,0.0,0.0,0.0,0.0,0.9090909069966064,0.9543941331679278
p021,49,1.7,Q95,max_export_lp,1,1.6572322873433465,1.6635601885488973,0.006327901205550823,0.0209335493971945,0.024097499999969962,0.017769598794419035,0.9090909078191542,0.9563903570408991
p021,49,1.7,Q95,fairness_qp,1,1.5948810871865815,1.5998035754337958,0.004922488247214307,0.030002996260000532,0.03246424038360765,0.02754175213639341,0.9090908989376112,0.9561858219257134
p021,49,1.74,Q0,weighted_proportional,1,1.5070032969994482,1.3963624137940849,-0.11064088320536336,0.09011630139834453,0.034795859795662874,0.1454367430010262,0.9090908989357229,0.9569404189422837
p021,49,1.74,Q0,equal_kw_reduction,1,1.612487277003052,1.6191129314895896,0.006625654486537513,0.026007076998005307,0.029319904241274064,0.02269424975473655,0.9090908996013803,0.9579419410826333
p021,49,1.74,Q0,flat_level,1,1.1849636607191736,1.1849636607191736,0.0,0.0,0.0,0.0,0.9090908983503695,0.955563065083861
p021,49,1.74,Q0,max_export_lp,1,1.6572322875094938,1.6635601881624698,0.0063279006529759485,0.020933549673489527,0.024097499999977567,0.017769599347001487,0.9090908962617551,0.958168589364393
p021,49,1.74,Q0,fairness_qp,1,1.5948810760742278,1.599822646602426,0.004941570528198103,0.029993459371459814,0.03246424463555893,0.0275226741073607,0.9090909086937923,0.9579017577734421
p021,49,1.74,Q95,weighted_proportional,1,1.5070032970001674,1.396362413804306,-0.1106408831958614,0.09011630139356419,0.034795859795633474,0.1454367429914949,0.9090909079558186,0.9554495546051911
p021,49,1.74,Q95,equal_kw_reduction,1,1.612487277003052,1.6191129314895896,0.006625654486537513,0.026007076998005307,0.029319904241274064,0.02269424975473655,0.9090908909507139,0.9562167628251862
p021,49,1.74,Q95,flat_level,1,1.1849636607191736,1.1849636607191736,0.0,0.0,0.0,0.0,0.9090909069966064,0.9543941331679278
p021,49,1.74,Q95,max_export_lp,1,1.6572322873433465,1.6635601881591855,0.006327900815839005,0.020933549592063352,0.024097499999982855,0.017769599184143853,0.9090908999656004,0.9563903565427143
p021,49,1.74,Q95,fairness_qp,1,1.5948810871865815,1.599822636365165,0.004941549178583582,0.029993465794562205,0.032464240383853954,0.027522691205270455,0.9090909016267305,0.9561858821487388
p021,49,1.8,Q0,weighted_proportional,1,1.5070032969994482,1.3530300000011364,-0.15397329699831186,0.1117825082948188,0.034795859795662874,0.18876915679397474,0.9090909060181023,0.9567578991531523
p021,49,1.8,Q0,equal_kw_reduction,1,1.612487277003052,1.6191129314895896,0.006625654486537513,0.026007076998005307,0.029319904241274064,0.02269424975473655,0.9090908996013803,0.9579419410826333
p021,49,1.8,Q0,flat_level,1,1.1849636607191736,1.1849636607191736,0.0,0.0,0.0,0.0,0.9090908983503695,0.955563065083861
p021,49,1.8,Q0,max_export_lp,1,1.6572322875094938,1.6635601881338329,0.006327900624339078,0.020933549687829914,0.024097499999998745,0.01776959937566036,0.9090909113454301,0.9581685892627895
p021,49,1.8,Q0,fairness_qp,1,1.5948810760742278,1.5998496740214379,0.004968597947210052,0.02997994567021284,0.032464244639010306,0.027495646696607833,0.9090909087173311,0.9579018692496316
p021,49,1.8,Q95,weighted_proportional,1,1.5070032970001674,1.3530300000118365,-0.15397329698833095,0.11178250828979899,0.034795859795633474,0.1887691567839645,0.909090900407175,0.9553096985301882
p021,49,1.8,Q95,equal_kw_reduction,1,1.612487277003052,1.6191129314895896,0.006625654486537513,0.026007076998005307,0.029319904241274064,0.02269424975473655,0.9090908909507139,0.9562167628251862
p021,49,1.8,Q95,flat_level,1,1.1849636607191736,1.1849636607191736,0.0,0.0,0.0,0.0,0.9090909069966064,0.9543941331679278
p021,49,1.8,Q95,max_export_lp,1,1.6572322873433465,1.6635601881319884,0.0063279007886418714,0.02093354960565892,0.024097499999979954,0.017769599211337892,0.9090908998364065,0.9563903565069486
p021,49,1.8,Q95,fairness_qp,1,1.5948810871865815,1.5998496642305378,0.004968577043956257,0.029979951859890053,0.03246424038186818,0.027495663337911924,0.9090909020612393,0.9561859676967487
p021,49,1.9,Q0,weighted_proportional,1,1.5070032969994482,1.2868910526336845,-0.2201122443657637,0.14485198197854474,0.034795859795662874,0.25490810416142656,0.9090908960729235,0.9564791619191974
p021,49,1.9,Q0,equal_kw_reduction,1,1.612487277003052,1.6191129314895896,0.006625654486537513,0.026007076998005307,0.029319904241274064,0.02269424975473655,0.9090908996013803,0.9579419410826333
p021,49,1.9,Q0,flat_level,1,1.1849636607191736,1.1849636607191736,0.0,0.0,0.0,0.0,0.9090908983503695,0.955563065083861
p021,49,1.9,Q0,max_export_lp,1,1.6572322875094938,1.6635601888001896,0.006327901290695825,0.020933549354629415,0.0240974999999774,0.01776959870928143,0.9090909044108164,0.9581685904303703
p021,49,1.9,Q0,fairness_qp,1,1.5948810760742278,1.5998910364326762,0.005009960358448362,0.029959264463843872,0.03246424463898426,0.027454284284619726,0.9090908880660425,0.9579020399762268
p021,49,1.9,Q95,weighted_proportional,1,1.5070032970001674,1.2868910526380493,-0.22011224436211818,0.14485198197669255,0.034795859795633474,0.2549081041577516,0.9090908953229998,0.9550961017823583
p021,49,1.9,Q95,equal_kw_reduction,1,1.612487277003052,1.6191129314895896,0.006625654486537513,0.026007076998005307,0.029319904241274064,0.02269424975473655,0.9090908909507139,0.9562167628251862
p021,49,1.9,Q95,flat_level,1,1.1849636607191736,1.1849636607191736,0.0,0.0,0.0,0.0,0.9090909069966064,0.9543941331679278
p021,49,1.9,Q95,max_export_lp,1,1.6572322873433465,1.6635601880958193,0.006327900752472804,0.0209335496237198,0.024097499999956293,0.017769599247483305,0.9090908997609412,0.9563903564275568
p021,49,1.9,Q95,fairness_qp,1,1.5948810871865815,1.5998910456610091,0.005009958474427645,0.029959261145070394,0.032464240382284223,0.027454281907856568,0.909090908310575,0.9561860983245296
p021,49,2.0,Q0,weighted_proportional,1,1.5070032969994482,1.2273660000018258,-0.2796372969976224,0.1746145082944741,0.034795859795662874,0.3144331567932854,0.9090908989191893,0.9562281385923945
p021,49,2.0,Q0,equal_kw_reduction,1,1.612487277003052,1.6191129314895896,0.006625654486537513,0.026007076998005307,0.029319904241274064,0.02269424975473655,0.9090908996013803,0.9579419410826333
p021,49,2.0,Q0,flat_level,1,1.1849636607191736,1.1849636607191736,0.0,0.0,0.0,0.0,0.9090908983503695,0.955563065083861
p021,49,2.0,Q0,max_export_lp,1,1.6572322875094938,1.663560188185783,0.0063279006762893,0.020933549661836172,0.02409749999998087,0.017769599323691473,0.9090909038601334,0.9581685893982779
p021,49,2.0,Q0,fairness_qp,1,1.5948810760742278,1.599928360652296,0.005047284578068245,0.02994060235506299,0.032464244639030804,0.02741696006602881,0.9090909111874994,0.9579021939460056
p021,49,2.0,Q95,weighted_proportional,1,1.5070032970001674,1.2273660000010453,-0.2796372969991221,0.17461450829519456,0.034795859795633474,0.31443315679475564,0.9090909026704042,0.9549037278791555
p021,49,2.0,Q95,equal_kw_reduction,1,1.612487277003052,1.6191129314895896,0.006625654486537513,0.026007076998005307,0.029319904241274064,0.02269424975473655,0.9090908909507139,0.9562167628251862
p021,49,2.0,Q95,flat_level,1,1.1849636607191736,1.1849636607191736,0.0,0.0,0.0,0.0,0.9090909069966064,0.9543941331679278
p021,49,2.0,Q95,max_export_lp,1,1.6572322873433465,1.663560188089087,0.006327900745740411,0.020933549627125982,0.024097499999996247,0.017769599254255714,0.9090908997821334,0.9563903564498516
p021,49,2.0,Q95,fairness_qp,1,1.5948810871865815,1.5999283612160018,0.00504727402942029,0.02994060336967649,0.0324642403840185,0.027416966354966328,0.9090908968991074,0.9561862163390974
p022,51,1.0,Q0,weighted_proportional,1,1.5070032969994482,1.5070032969994482,0.0,0.0,0.0,0.0,0.9090908986590723,0.9572374939891118
p022,51,1.0,Q0,equal_kw_reduction,1,1.612487277003052,1.612487277003052,0.0,0.0,0.0,0.0,0.9090909085411034,0.9577651340631068
p022,51,1.0,Q0,flat_level,1,1.1849636607191736,1.1849636607191736,0.0,0.0,0.0,0.0,0.9090908983503695,0.955563065083861
p022,51,1.0,Q0,max_export_lp,1,1.6572322875094938,1.6572322875094938,0.0,0.0,0.0,0.0,0.9090908879931944,0.9580058048566669
p022,51,1.0,Q0,fairness_qp,1,1.5948810760742278,1.5948810760742278,0.0,0.0,0.0,0.0,0.9090908901901453,0.9577105026709762
p022,51,1.0,Q95,weighted_proportional,1,1.5070032970001674,1.5070032970001674,0.0,0.0,0.0,0.0,0.9090908975310804,0.9556770734851585
p022,51,1.0,Q95,equal_kw_reduction,1,1.612487277003052,1.612487277003052,0.0,0.0,0.0,0.0,0.9090908917775226,0.9560812375763708
p022,51,1.0,Q95,flat_level,1,1.1849636607191736,1.1849636607191736,0.0,0.0,0.0,0.0,0.9090909069966064,0.9543941331679278
p022,51,1.0,Q95,max_export_lp,1,1.6572322873433465,1.6572322873433465,0.0,0.0,0.0,0.0,0.9090909076611658,0.956265611819685
p022,51,1.0,Q95,fairness_qp,1,1.5948810871865815,1.5948810871865815,0.0,0.0,0.0,0.0,0.9090909102228547,0.9560392884682518
p022,51,1.1,Q0,weighted_proportional,1,1.5070032969994482,1.506871289925519,-0.00013200707392924116,0.00500226548202895,0.004936261945064323,0.005068269018993579,0.9090909203608523,0.9572635707144396
p022,51,1.1,Q0,equal_kw_reduction,1,1.612487277003052,1.6137948595315534,0.0013075825285013831,0.005207935719490742,0.005861726983741433,0.00455414445524005,0.9090908962109377,0.9578038149868892
p022,51,1.1,Q0,flat_level,1,1.1849636607191736,1.1849636607191736,0.0,0.0,0.0,0.0,0.9090908983503695,0.955563065083861
p022,51,1.1,Q0,max_export_lp,1,1.6572322875094938,1.658564071267388,0.0013317837578941116,0.005358483121033357,0.0060243749999804586,0.004692591242086255,0.9090909044196498,0.9580491250247054
p022,51,1.1,Q0,fairness_qp,1,1.5948810760742278,1.5957552248396443,0.0008741487654164715,0.0041492807545373805,0.004586355137245569,0.0037122063718291907,0.9090909067871451,0.9577406966983207
p022,51,1.1,Q95,weighted_proportional,1,1.5070032970001674,1.5068712899238148,-0.00013200707635263598,0.005002265483152548,0.004936261944976185,0.00506826902132891,0.9090908989095803,0.9556971067472582
p022,51,1.1,Q95,equal_kw_reduction,1,1.612487277003052,1.6137948595315534,0.0013075825285013831,0.005207935719490742,0.005861726983741433,0.00455414445524005,0.9090908920948931,0.9561109333860339
p022,51,1.1,Q95,flat_level,1,1.1849636607191736,1.1849636607191736,0.0,0.0,0.0,0.0,0.9090909069966064,0.9543941331679278
p022,51,1.1,Q95,max_export_lp,1,1.6572322873433465,1.6585640708975697,0.0013317835542232537,0.005358483222856764,0.006024374999968399,0.0046925914457451295,0.9090909002590566,0.9562988553115295
p022,51,1.1,Q95,fairness_qp,1,1.5948810871865815,1.595755222026583,0.0008741348400014282,0.004149291059943,0.004586358479885949,0.003712223639942318,0.9090909075697632,0.9560624686150908
p022,51,1.2,Q0,weighted_proportional,1,1.5070032969994482,1.5062632638595923,-0.0007400331398559334,0.010188924878385552,0.009818908308457601,0.010558941448313503,0.9090909119610444,0.9572873455402264
p022,51,1.2,Q0,equal_kw_reduction,1,1.612487277003052,1.6145838747686316,0.0020965977655795776,0.010657273453954315,0.01170557233674413,0.0096089745711645,0.9090909125810895,0.9578403807098903
p022,51,1.2,Q0,flat_level,1,1.1849636607191736,1.1849636607191736,0.0,0.0,0.0,0.0,0.9090908983503695,0.955563065083861
p022,51,1.2,Q0,max_export_lp,1,1.6572322875094938,1.6593620167335181,0.0021297292240243237,0.010983885387962411,0.0120487499999746,0.00991902077595022,0.9090909065586726,0.9580907858214199
p022,51,1.2,Q0,fairness_qp,1,1.5948810760742278,1.5962932859817651,0.0014122099075373207,0.008295508289031282,0.009001613237689991,0.007589403335262574,0.9090909062276444,0.9577686353696379
p022,51,1.2,Q95,weighted_proportional,1,1.5070032970001674,1.506263263859672,-0.0007400331404954219,0.01018892487868409,0.009818908308436347,0.010558941448931831,0.9090909053782614,0.9557153753159325
p022,51,1.2,Q95,equal_kw_reduction,1,1.612487277003052,1.6145838747686316,0.0020965977655795776,0.010657273453954315,0.01170557233674413,0.0096089745711645,0.909090894692713,0.9561390077454349
p022,51,1.2,Q95,flat_level,1,1.1849636607191736,1.1849636607191736,0.0,0.0,0.0,0.0,0.9090909069966064,0.9543941331679278
p022,51,1.2,Q95,max_export_lp,1,1.6572322873433465,1.6593620164831748,0.0021297291398283402,0.010983885430084854,0.012048749999999095,0.009919020860170612,0.9090909085023864,0.9563308263352426
p022,51,1.2,Q95,fairness_qp,1,1.5948810871865815,1.5962932865470112,0.001412199360429689,0.008295517116254088,0.009001616796468936,0.007589417436039242,0.9090909068323089,0.9560839186526459
p022,51,1.3,Q0,weighted_proportional,1,1.5070032969994482,1.5051905431193908,-0.0018127538800574161,0.015550539920631448,0.014644162980602698,0.016456916860660198,0.909090896050873,0.9573088463407095
p022,51,1.3,Q0,equal_kw_reduction,1,1.612487277003052,1.61484059708009,0.0023533200770380347,0.016354402722758146,0.01753106276127718,0.015177742684239109,0.9090908900306209,0.9578747759723749
p022,51,1.3,Q0,flat_level,1,1.1849636607191736,1.1849636607191736,0.0,0.0,0.0,0.0,0.9090908983503695,0.955563065083861
p022,51,1.3,Q0,max_export_lp,1,1.6572322875094938,1.6595995652379245,0.0023672777284307056,0.01620003795010219,0.01738367681431756,0.015016399085886816,0.9090908960201013,0.9581263887145727
p022,51,1.3,Q0,fairness_qp,1,1.5948810760742278,1.5965161578517728,0.001635081777545011,0.012427597349656922,0.013245138233821126,0.011610056460884432,0.9090908945313668,0.9577943852375393
p022,51,1.3,Q95,weighted_proportional,1,1.5070032970001674,1.5051905431181865,-0.0018127538819809885,0.015550539921515984,0.014644162980525427,0.01645691686250654,0.9090908956675923,0.9557319004635745
p022,51,1.3,Q95,equal_kw_reduction,1,1.612487277003052,1.61484059708009,0.0023533200770380347,0.016354402722758146,0.01753106276127718,0.015177742684239109,0.909090895968475,0.9561654182476068
p022,51,1.3,Q95,flat_level,1,1.1849636607191736,1.1849636607191736,0.0,0.0,0.0,0.0,0.9090909069966064,0.9543941331679278
p022,51,1.3,Q95,max_export_lp,1,1.6572322873433465,1.6595995652037272,0.002367277860380712,0.01620002994751336,0.017383668877703748,0.015016391017322977,0.9090909127326748,0.9563581489182257
p022,51,1.3,Q95,fairness_qp,1,1.5948810871865815,1.596516158044071,0.0016350708574894846,0.012427599623267446,0.013245135052012226,0.011610064194522665,0.9090909105326799,0.956103689268401
p022,51,1.4,Q0,weighted_proportional,1,1.5070032969994482,1.5036654793162336,-0.0033378176832146167,0.02107740998324602,0.019408501141638668,0.022746318824853378,0.9090909134102073,0.9573281063658418
p022,51,1.4,Q0,equal_kw_reduction,1,1.612487277003052,1.6145488574403288,0.0020615804372767776,0.022306850486095313,0.02333764070473368,0.021276060267456945,0.9090908989491936,0.9579069353525838
p022,51,1.4,Q0,flat_level,1,1.1849636607191736,1.1849636607191736,0.0,0.0,0.0,0.0,0.9090908983503695,0.955563065083861
p022,51,1.4,Q0,max_export_lp,1,1.6572322875094938,1.6595995651357176,0.002367277626223796,0.01620001622344729,0.017383655036559295,0.015016377410335286,0.9090909109143123,0.958126388413235
p022,51,1.4,Q0,fairness_qp,1,1.5948810760742278,1.596365012529421,0.001483936455193291,0.016385617899575676,0.01712758612496707,0.015643649671979076,0.9090909069870146,0.957816540207477
p022,51,1.4,Q95,weighted_proportional,1,1.5070032970001674,1.503665479313917,-0.0033378176862504105,0.02107740998463041,0.019408501141505205,0.022746318827755612,0.9090908979325993,0.9557467077905419
p022,51,1.4,Q95,equal_kw_reduction,1,1.612487277003052,1.6145488574403288,0.0020615804372767776,0.022306850486095313,0.02333764070473368,0.021276060267456945,0.9090909089498944,0.9561901148848118
p022,51,1.4,Q95,flat_level,1,1.1849636607191736,1.1849636607191736,0.0,0.0,0.0,0.0,0.9090909069966064,0.9543941331679278
p022,51,1.4,Q95,max_export_lp,1,1.6572322873433465,1.6595995651399535,0.002367277796607059,0.016200027663835444,0.017383666562138966,0.015016388765531925,0.9090909052343589,0.956358148794062
p022,51,1.4,Q95,fairness_qp,1,1.5948810871865815,1.5963650130954394,0.0014839259088579304,0.01638562465718801,0.017127587611421906,0.015643661702759045,0.9090909030158713,0.9561207021135384
p022,51,1.5,Q0,weighted_proportional,1,1.5070032969994482,1.5017013497778986,-0.005301947221549641,0.02675963076356319,0.024108657152788315,0.029410604374338064,0.9090909020307627,0.9573451645101556
p022,51,1.5,Q0,equal_kw_reduction,1,1.612487277003052,1.6143219528446975,0.0018346758416454279,0.024386316320451337,0.02530365424127408,0.023468978399628592,0.9090908890888424,0.95791732712779
p022,51,1.5,Q0,flat_level,1,1.1849636607191736,1.1849636607191736,0.0,0.0,0.0,0.0,0.9090908983503695,0.955563065083861
p022,51,1.5,Q0,max_export_lp,1,1.6572322875094938,1.659599565128218,0.0023672776187242395,0.01620001530223142,0.01738365411159362,0.015016376492869217,0.909090903473533,0.9581263883949366
p022,51,1.5,Q0,fairness_qp,1,1.5948810760742278,1.5959925673340507,0.0011114912598229054,0.020150147782474526,0.02070589340745093,0.019594402152563042,0.909090910264568,0.9578360763781029
p022,51,1.5,Q95,weighted_proportional,1,1.5070032970001674,1.5017013497916443,-0.005301947208523172,0.02675963075771592,0.024108657153454352,0.02941060436197749,0.9090909053323571,0.9557598268826769
p022,51,1.5,Q95,equal_kw_reduction,1,1.612487277003052,1.6143219528446975,0.0018346758416454279,0.024386316320451337,0.02530365424127408,0.023468978399628592,0.9090908964876037,0.9561980959003065
p022,51,1.5,Q95,flat_level,1,1.1849636607191736,1.1849636607191736,0.0,0.0,0.0,0.0,0.9090909069966064,0.9543941331679278
p022,51,1.5,Q95,max_export_lp,1,1.6572322873433465,1.6595995653019566,0.0023672779586101367,0.016200061561341208,0.017383700540646363,0.015016422582036053,0.9090909130227923,0.9563581491232866
p022,51,1.5,Q95,fairness_qp,1,1.5948810871865815,1.5959925677905673,0.0011114806039858038,0.020150156069467295,0.020705896371460218,0.019594415767474373,0.9090908978065647,0.9561357050643269
p022,51,1.6,Q0,weighted_proportional,1,1.5070032969994482,1.4993122533177865,-0.007691043681661736,0.03258715195454388,0.02874163011371303,0.036432673795374744,0.90909089315118,0.9573600642020323
p022,51,1.6,Q0,equal_kw_reduction,1,1.612487277003052,1.6143219528446975,0.0018346758416454279,0.024386316320451337,0.02530365424127408,0.023468978399628592,0.9090908890888424,0.95791732712779
p022,51,1.6,Q0,flat_level,1,1.1849636607191736,1.1849636607191736,0.0,0.0,0.0,0.0,0.9090908983503695,0.955563065083861
p022,51,1.6,Q0,max_export_lp,1,1.6572322875094938,1.6595995657995588,0.0023672782900650002,0.01620016786584451,0.017383807010877092,0.015016528720811929,0.9090908894026699,0.9581263903167534
p022,51,1.6,Q0,fairness_qp,1,1.5948810760742278,1.5954558165270767,0.0005747404528488875,0.02368522212909057,0.02397259235215412,0.023397851902666158,0.9090909149603743,0.9578531667288399
p022,51,1.6,Q95,weighted_proportional,1,1.5070032970001674,1.4993122533240293,-0.007691043676138154,0.032587151952091,0.02874163011402192,0.03643267379016007,0.909090899085651,0.9557712912048828
p022,51,1.6,Q95,equal_kw_reduction,1,1.612487277003052,1.6143219528446975,0.0018346758416454279,0.024386316320451337,0.02530365424127408,0.023468978399628592,0.9090908964876037,0.9561980959003065
p022,51,1.6,Q95,flat_level,1,1.1849636607191736,1.1849636607191736,0.0,0.0,0.0,0.0,0.9090909069966064,0.9543941331679278
p022,51,1.6,Q95,max_export_lp,1,1.6572322873433465,1.6595995651719617,0.002367277828615233,0.01620003011264423,0.01738366902695189,0.015016391198336575,0.9090908905546201,0.956358148883601
p022,51,1.6,Q95,fairness_qp,1,1.5948810871865815,1.5954558170641815,0.0005747298775999887,0.02368521622703925,0.023972581165839286,0.02339785128823921,0.9090909095504262,0.9561488306813196
p022,51,1.7,Q0,weighted_proportional,1,1.5070032969994482,1.4203350000733184,-0.08666829692612987,0.07233069829278407,0.02899654982971908,0.11566484675584907,0.9090909006175341,0.9570279254918491
p022,51,1.7,Q0,equal_kw_reduction,1,1.612487277003052,1.6143219528446975,0.0018346758416454279,0.024386316320451337,0.02530365424127408,0.023468978399628592,0.9090908890888424,0.95791732712779
p022,51,1.7,Q0,flat_level,1,1.1849636607191736,1.1849636607191736,0.0,0.0,0.0,0.0,0.9090908983503695,0.955563065083861
p022,51,1.7,Q0,max_export_lp,1,1.6572322875094938,1.659599565642997,0.0023672781335031257,0.016200131856742902,0.01738377092349455,0.015016492789991254,0.9090909042402897,0.9581263898554094
p022,51,1.7,Q0,fairness_qp,1,1.5948810760742278,1.5948066154512202,-7.446062300764389e-05,0.026967438766285146,0.02693020845478137,0.027004669077788923,0.9090908926030716,0.9578680230768205
p022,51,1.7,Q95,weighted_proportional,1,1.5070032970001674,1.4203350000017947,-0.08666829699837275,0.07233069832888102,0.028996549829694587,0.11566484682806746,0.9090909192693877,0.9555168366747423
p022,51,1.7,Q95,equal_kw_reduction,1,1.612487277003052,1.6143219528446975,0.0018346758416454279,0.024386316320451337,0.02530365424127408,0.023468978399628592,0.9090908964876037,0.9561980959003065
p022,51,1.7,Q95,flat_level,1,1.1849636607191736,1.1849636607191736,0.0,0.0,0.0,0.0,0.9090909069966064,0.9543941331679278
p022,51,1.7,Q95,max_export_lp,1,1.6572322873433465,1.6595995651949513,0.002367277851604843,0.016200040678730838,0.017383679604533325,0.015016401752928349,0.909090912744174,0.9563581489303224
p022,51,1.7,Q95,fairness_qp,1,1.5948810871865815,1.594806618756502,-7.446843007952175e-05,0.0269674460707183,0.026930211855678503,0.027004680285758094,0.9090909023040371,0.956160241370579
p022,51,1.74,Q0,weighted_proportional,1,1.5070032969994482,1.3895301724149982,-0.11747312458445003,0.08773311212194414,0.02899654982971908,0.1464696744141692,0.9090909077680157,0.9568977672093103
p022,51,1.74,Q0,equal_kw_reduction,1,1.612487277003052,1.6143219528446975,0.0018346758416454279,0.024386316320451337,0.02530365424127408,0.023468978399628592,0.9090908890888424,0.95791732712779
p022,51,1.74,Q0,flat_level,1,1.1849636607191736,1.1849636607191736,0.0,0.0,0.0,0.0,0.9090908983503695,0.955563065083861
p022,51,1.74,Q0,max_export_lp,1,1.6572322875094938,1.6595995651255215,0.00236727761602773,0.016200014389747355,0.017383653197761237,0.015016375581733469,0.909090903433817,0.9581263884032599
p022,51,1.74,Q0,fairness_qp,1,1.5948810760742278,1.5945256818257392,-0.00035539424848862744,0.028206608998867254,0.02802891187055103,0.028384306123111536,0.9090909077255284,0.957873391531287
p022,51,1.74,Q95,weighted_proportional,1,1.5070032970001674,1.389530172431718,-0.1174731245684495,0.0877331121139194,0.028996549829694587,0.14646967439814423,0.9090909091634048,0.9554171136292644
p022,51,1.74,Q95,equal_kw_reduction,1,1.612487277003052,1.6143219528446975,0.0018346758416454279,0.024386316320451337,0.02530365424127408,0.023468978399628592,0.9090908964876037,0.9561980959003065
p022,51,1.74,Q95,flat_level,1,1.1849636607191736,1.1849636607191736,0.0,0.0,0.0,0.0,0.9090909069966064,0.9543941331679278
p022,51,1.74,Q95,max_export_lp,1,1.6572322873433465,1.6595995651503321,0.002367277806985646,0.01620003104948919,0.017383669952982087,0.015016392145996297,0.9090909052732045,0.9563581488349273
p022,51,1.74,Q95,fairness_qp,1,1.5948810871865815,1.5945256780155361,-0.0003554091710453733,0.02820662232420914,0.028028917738686467,0.02838432690973181,0.9090908977646481,0.9561643653834662
p022,51,1.8,Q0,weighted_proportional,1,1.5070032969994482,1.345890000001766,-0.1611132969976823,0.10955319832856023,0.02899654982971908,0.19010984682740137,0.9090908972091738,0.9567133066533908
p022,51,1.8,Q0,equal_kw_reduction,1,1.612487277003052,1.6143219528446975,0.0018346758416454279,0.024386316320451337,0.02530365424127408,0.023468978399628592,0.9090908890888424,0.95791732712779
p022,51,1.8,Q0,flat_level,1,1.1849636607191736,1.1849636607191736,0.0,0.0,0.0,0.0,0.9090908983503695,0.955563065083861
p022,51,1.8,Q0,max_export_lp,1,1.6572322875094938,1.6595995651905122,0.0023672776810184093,0.01620002899698058,0.017383667837489875,0.015016390156471285,0.9090909034980027,0.9581263885712703
p022,51,1.8,Q0,fairness_qp,1,1.5948810760742278,1.5943665380024852,-0.0005145380717426207,0.02893079326182414,0.028673524225952825,0.029188062297695452,0.9090909073338787,0.9578765740699313
p022,51,1.8,Q95,weighted_proportional,1,1.5070032970001674,1.3458900000139915,-0.16111329698617594,0.10955319832278257,0.028996549829694587,0.19010984681587056,0.9090908939369925,0.9552757796933257
p022,51,1.8,Q95,equal_kw_reduction,1,1.612487277003052,1.6143219528446975,0.0018346758416454279,0.024386316320451337,0.02530365424127408,0.023468978399628592,0.9090908964876037,0.9561980959003065
p022,51,1.8,Q95,flat_level,1,1.1849636607191736,1.1849636607191736,0.0,0.0,0.0,0.0,0.9090909069966064,0.9543941331679278
p022,51,1.8,Q95,max_export_lp,1,1.6572322873433465,1.659599565885448,0.002367278542101614,0.01620019700717091,0.01738383627822178,0.01501655773612004,0.9090909064902547,0.956358150415679
p022,51,1.8,Q95,fairness_qp,1,1.5948810871865815,1.5943665422163156,-0.0005145449702659288,0.028930796962358937,0.028673524477225994,0.029188069447491884,0.9090909061635266,0.9561668097805985
p022,51,1.9,Q0,weighted_proportional,1,1.5070032969994482,1.2792813157901572,-0.227721981209291,0.14285754043436463,0.02899654982971908,0.2567185310390102,0.9090909049533157,0.9564316038271007
p022,51,1.9,Q0,equal_kw_reduction,1,1.612487277003052,1.6143219528446975,0.0018346758416454279,0.024386316320451337,0.02530365424127408,0.023468978399628592,0.9090908890888424,0.95791732712779
p022,51,1.9,Q0,flat_level,1,1.1849636607191736,1.1849636607191736,0.0,0.0,0.0,0.0,0.9090908983503695,0.955563065083861
p022,51,1.9,Q0,max_export_lp,1,1.6572322875094938,1.6595995651231035,0.002367277613609664,0.01620001362226555,0.017383652429070418,0.015016374815460688,0.9090908958133462,0.9581263883963026
p022,51,1.9,Q0,fairness_qp,1,1.5948810760742278,1.5944075651882905,-0.0004735108859372783,0.02891027968929376,0.028673524246325154,0.02914703513226237,0.9090909169073775,0.9578767584863176
p022,51,1.9,Q95,weighted_proportional,1,1.5070032970001674,1.2792813157997402,-0.2277219812004272,0.1428575404299082,0.028996549829694587,0.2567185310301218,0.9090909018162361,0.9550599243701853
p022,51,1.9,Q95,equal_kw_reduction,1,1.612487277003052,1.6143219528446975,0.0018346758416454279,0.024386316320451337,0.02530365424127408,0.023468978399628592,0.9090908964876037,0.9561980959003065
p022,51,1.9,Q95,flat_level,1,1.1849636607191736,1.1849636607191736,0.0,0.0,0.0,0.0,0.9090909069966064,0.9543941331679278
p022,51,1.9,Q95,max_export_lp,1,1.6572322873433465,1.6595995663912362,0.002367279047889692,0.016200312556370385,0.017383952080315318,0.015016673032425456,0.90909089980918,0.9563581515518114
p022,51,1.9,Q95,fairness_qp,1,1.5948810871865815,1.5944075830721105,-0.0004735041144710017,0.028910276540404276,0.02867352448316874,0.02914702859763981,0.909090898337702,0.9561669508973315
p022,51,2.0,Q0,weighted_proportional,1,1.5070032969994482,1.2193335000021666,-0.2876697969972817,0.17283144832835995,0.02899654982971908,0.3166663468270008,0.9090909054194365,0.9561779081038319
p022,51,2.0,Q0,equal_kw_reduction,1,1.612487277003052,1.6143219528446975,0.0018346758416454279,0.024386316320451337,0.02530365424127408,0.023468978399628592,0.9090908890888424,0.95791732712779
p022,51,2.0,Q0,flat_level,1,1.1849636607191736,1.1849636607191736,0.0,0.0,0.0,0.0,0.9090908983503695,0.955563065083861
p022,51,2.0,Q0,max_export_lp,1,1.6572322875094938,1.659599565159356,0.0023672776498622206,0.016200021744270543,0.017383660569201667,0.015016382919339422,0.9090909110276703,0.9581263884825261
p022,51,2.0,Q0,fairness_qp,1,1.5948810760742278,1.5944445815721522,-0.0004364945020756128,0.02889177149787347,0.02867352424683569,0.029110018748911247,0.9090909015734177,0.9578769248553193
p022,51,2.0,Q95,weighted_proportional,1,1.5070032970001674,1.21933350000234,-0.28766979699782746,0.17283144832860836,0.028996549829694587,0.31666634682752215,0.9090909074223201,0.9548655148977981
p022,51,2.0,Q95,equal_kw_reduction,1,1.612487277003052,1.6143219528446975,0.0018346758416454279,0.024386316320451337,0.02530365424127408,0.023468978399628592,0.9090908964876037,0.9561980959003065
p022,51,2.0,Q95,flat_level,1,1.1849636607191736,1.1849636607191736,0.0,0.0,0.0,0.0,0.9090909069966064,0.9543941331679278
p022,51,2.0,Q95,max_export_lp,1,1.6572322873433465,1.6595995661063863,0.0023672787630397707,0.016200248363047356,0.01738388774456731,0.015016608981527403,0.9090909069658238,0.956358150915975
p022,51,2.0,Q95,fairness_qp,1,1.5948810871865815,1.594444598150762,-0.0004364890358194984,0.028891769001649747,0.02867352448374002,0.029110013519559472,0.9090909096840352,0.9561670783200453
p023,52,1.0,Q0,weighted_proportional,1,1.5070032969994482,1.5070032969994482,0.0,0.0,0.0,0.0,0.9090908986590723,0.9572374939891118
p023,52,1.0,Q0,equal_kw_reduction,1,1.612487277003052,1.612487277003052,0.0,0.0,0.0,0.0,0.9090909085411034,0.9577651340631068
p023,52,1.0,Q0,flat_level,1,1.1849636607191736,1.1849636607191736,0.0,0.0,0.0,0.0,0.9090908983503695,0.955563065083861
p023,52,1.0,Q0,max_export_lp,1,1.6572322875094938,1.6572322875094938,0.0,0.0,0.0,0.0,0.9090908879931944,0.9580058048566669
p023,52,1.0,Q0,fairness_qp,1,1.5948810760742278,1.5948810760742278,0.0,0.0,0.0,0.0,0.9090908901901453,0.9577105026709762
p023,52,1.0,Q95,weighted_proportional,1,1.5070032970001674,1.5070032970001674,0.0,0.0,0.0,0.0,0.9090908975310804,0.9556770734851585
p023,52,1.0,Q95,equal_kw_reduction,1,1.612487277003052,1.612487277003052,0.0,0.0,0.0,0.0,0.9090908917775226,0.9560812375763708
p023,52,1.0,Q95,flat_level,1,1.1849636607191736,1.1849636607191736,0.0,0.0,0.0,0.0,0.9090909069966064,0.9543941331679278
p023,52,1.0,Q95,max_export_lp,1,1.6572322873433465,1.6572322873433465,0.0,0.0,0.0,0.0,0.9090909076611658,0.956265611819685
p023,52,1.0,Q95,fairness_qp,1,1.5948810871865815,1.5948810871865815,0.0,0.0,0.0,0.0,0.9090909102228547,0.9560392884682518
p023,52,1.1,Q0,weighted_proportional,1,1.5070032969994482,1.5048253003940946,-0.0021779966053536715,0.004050755469716451,0.002961757167039541,0.005139753772393362,0.9090908985835656,0.957243893771364
p023,52,1.1,Q0,equal_kw_reduction,1,1.612487277003052,1.6116777619129175,-0.0008095150901346049,0.0038668259902350783,0.0034620684451677833,0.004271583535302373,0.9090909060090699,0.957781857202815
p023,52,1.1,Q0,flat_level,1,1.1849636607191736,1.1752862777655144,-0.009677382953659164,0.00845331647682954,0.0036146250000000033,0.013292007953659077,0.9090909031986567,0.9555334323301226
p023,52,1.1,Q0,max_export_lp,1,1.6572322875094938,1.6572322871886702,-3.2082358991658566e-10,1.0847799936802589e-07,0.0,6.101385271496673e-08,0.9090909103303895,0.9580058042747152
p023,52,1.1,Q0,fairness_qp,1,1.5948810760742278,1.5941498792938562,-0.0007311967803715902,0.002772160680716039,0.002406562290530271,0.003137759070901808,0.9090908962377803,0.9577214726555003
p023,52,1.1,Q95,weighted_proportional,1,1.5070032970001674,1.5048253003924812,-0.00217799660768625,0.004050755470831765,0.0029617571669886544,0.005139753774674875,0.9090908921509906,0.9556820092047736
p023,52,1.1,Q95,equal_kw_reduction,1,1.612487277003052,1.6116777619129175,-0.0008095150901346049,0.0038668259902350783,0.0034620684451677833,0.004271583535302373,0.9090909084833564,0.9560940862435875
p023,52,1.1,Q95,flat_level,1,1.1849636607191736,1.1752862777655144,-0.009677382953659164,0.00845331647682954,0.0036146250000000033,0.013292007953659077,0.9090908957299626,0.9543714432555908
p023,52,1.1,Q95,max_export_lp,1,1.6572322873433465,1.6572322872262562,-1.170903374259069e-10,4.19793968174393e-08,0.0,1.952081584745413e-08,0.9090909000993035,0.9562656116295446
p023,52,1.1,Q95,fairness_qp,1,1.5948810871865815,1.5941498922722228,-0.0007311949143586904,0.002772157000601291,0.002406559543405934,0.0031377544577806333,0.9090908962570271,0.956047717237426
p023,52,1.2,Q0,weighted_proportional,1,1.5070032969994482,1.5021867732943759,-0.004816523705072351,0.008299606837611512,0.005891344985075351,0.010707868690147674,0.9090908986238352,0.9572481426780786
p023,52,1.2,Q0,equal_kw_reduction,1,1.612487277003052,1.610373210771992,-0.002114066231060141,0.007964099797217697,0.006907066681687578,0.009021132912747818,0.9090908963695842,0.9577965646090635
p023,52,1.2,Q0,flat_level,1,1.1849636607191736,1.1640520224119129,-0.020911638307260727,0.017685069153630304,0.0072292499999999996,0.02814088830726061,0.9090909012423476,0.9554962382417195
p023,52,1.2,Q0,max_export_lp,1,1.6572322875094938,1.657232287090718,-4.187759028440041e-10,1.4148866267488366e-07,0.0,7.972698419815225e-08,0.9090909102071739,0.9580058040696207
p023,52,1.2,Q0,fairness_qp,1,1.5948810760742278,1.5932136430704653,-0.0016674330037624863,0.005494843883732176,0.004661127377148234,0.006328560385613408,0.909090902657701,0.9577307601604391
p023,52,1.2,Q95,weighted_proportional,1,1.5070032970001674,1.5021867732946796,-0.004816523705487796,0.008299606837812014,0.0058913449850680755,0.010707868690555952,0.9090909121940853,0.9556852964401644
p023,52,1.2,Q95,equal_kw_reduction,1,1.612487277003052,1.610373210771992,-0.002114066231060141,0.007964099797217697,0.006907066681687578,0.009021132912747818,0.9090909057887678,0.9561053902349873
p023,52,1.2,Q95,flat_level,1,1.1849636607191736,1.1640520224119129,-0.020911638307260727,0.017685069153630304,0.0072292499999999996,0.02814088830726061,0.9090909055826606,0.9543429559092081
p023,52,1.2,Q95,max_export_lp,1,1.6572322873433465,1.6572322872740173,-6.932920904034745e-11,2.9710928497518087e-08,0.0,1.4363151605578661e-08,0.9090909000014007,0.9562656117267889
p023,52,1.2,Q95,fairness_qp,1,1.5948810871865815,1.5932136415179265,-0.0016674456686549544,0.005494856491898408,0.004661133657570982,0.006328579326225834,0.909090896033247,0.9560548552175476
p023,52,1.3,Q0,weighted_proportional,1,1.5070032969994482,1.499100763443957,-0.007902533555491198,0.012737764566108045,0.008786497788362473,0.016689031343853616,0.9090909075586565,0.9572502847714977
p023,52,1.3,Q0,equal_kw_reduction,1,1.612487277003052,1.6085644830855081,-0.00392279391754391,0.012296076478856659,0.010334679520084697,0.01425747343762862,0.9090908972187773,0.9578092192735592
p023,52,1.3,Q0,flat_level,1,1.1849636607191736,1.1511589198748342,-0.033804740844339376,0.027746245422169684,0.010843875000000003,0.044648615844339365,0.9090908995340178,0.9554509856561841
p023,52,1.3,Q0,max_export_lp,1,1.6572322875094938,1.6572322871711183,-3.383755498020946e-10,1.1434249971896751e-07,0.0,6.431061766974666e-08,0.9090908952729627,0.9580058042285983
p023,52,1.3,Q0,fairness_qp,1,1.5948810760742278,1.5921282564974275,-0.0027528195768002917,0.008127536627540885,0.0067511268364032866,0.009503946415940977,0.9090909072294104,0.9577385146755347
p023,52,1.3,Q95,weighted_proportional,1,1.5070032970001674,1.499100763442829,-0.007902533557338387,0.012737764566987185,0.008786497788317991,0.01668903134565638,0.9090909134170996,0.9556869690381501
p023,52,1.3,Q95,equal_kw_reduction,1,1.612487277003052,1.6085644830855081,-0.00392279391754391,0.012296076478856659,0.010334679520084697,0.01425747343762862,0.9090908985441992,0.9561151212238428
p023,52,1.3,Q95,flat_level,1,1.1849636607191736,1.1511589198748342,-0.033804740844339376,0.027746245422169684,0.010843875000000003,0.044648615844339365,0.9090909051029106,0.9543082896672791
p023,52,1.3,Q95,max_export_lp,1,1.6572322873433465,1.6572322870304022,-3.129443371108209e-10,1.0604565608155142e-07,0.0,5.706353225880256e-08,0.9090908905685171,0.9562656114212955
p023,52,1.3,Q95,fairness_qp,1,1.5948810871865815,1.5921282559511893,-0.0027528312353921613,0.0081275446287249,0.0067511290110287905,0.009503960246421009,0.9090908951951439,0.9560608167621268
p023,52,1.4,Q0,weighted_proportional,1,1.5070032969994482,1.4955812563094248,-0.011422040690023394,0.017356121030002537,0.011645100684990774,0.023067141375014304,0.90909089908398,0.9572503688604082
p023,52,1.4,Q0,equal_kw_reduction,1,1.612487277003052,1.6062404863738597,-0.006246790629192311,0.016867919775658442,0.013744524461062342,0.019991315090254543,0.9090908918497508,0.957819776191071
p023,52,1.4,Q0,flat_level,1,1.1849636607191736,1.1466226810481521,-0.03834097967102146,0.03119309490102022,0.0120226050655095,0.05036358473653094,0.9090909023834266,0.9554346612863354
p023,52,1.4,Q0,max_export_lp,1,1.6572322875094938,1.6572322870913645,-4.1812930895446243e-10,1.4480315423343135e-07,0.0,8.06851832761777e-08,0.9090909026877962,0.9580058040940248
p023,52,1.4,Q0,fairness_qp,1,1.5948810760742278,1.5909474990180732,-0.003933577056154602,0.010635770363522356,0.008668981830838276,0.012602558891599704,0.9090908957107209,0.9577449054569919
p023,52,1.4,Q95,weighted_proportional,1,1.5070032970001674,1.4955812563068955,-0.011422040693271907,0.017356121031540266,0.01164510068490432,0.023067141378176212,0.9090909039881749,0.9556870643297235
p023,52,1.4,Q95,equal_kw_reduction,1,1.612487277003052,1.6062404863738597,-0.006246790629192311,0.016867919775658442,0.013744524461062342,0.019991315090254543,0.9090909048675102,0.956123244658032
p023,52,1.4,Q95,flat_level,1,1.1849636607191736,1.1466226810481521,-0.03834097967102146,0.03119309490102022,0.0120226050655095,0.05036358473653094,0.9090909101921024,0.9542957831752259
p023,52,1.4,Q95,max_export_lp,1,1.6572322873433465,1.657232287256178,-8.716849464462939e-11,3.681245311197307e-08,0.0,2.1055810765086003e-08,0.9090909150993329,0.956265611679483
p023,52,1.4,Q95,fairness_qp,1,1.5948810871865815,1.5909474988353036,-0.0039335883512778835,0.010635778464855389,0.00866898428921642,0.012602572640494358,0.9090909061007219,0.9560657319449787
p023,52,1.5,Q0,weighted_proportional,1,1.5070032969994482,1.491643068801832,-0.015360228197616177,0.022145308390491527,0.01446519429168339,0.029825422489299664,0.9090909094106537,0.957248448214485
p023,52,1.5,Q0,equal_kw_reduction,1,1.612487277003052,1.603387976057946,-0.009099300945106137,0.02168579526754937,0.017136144794996346,0.026235445740102392,0.9090909114976682,0.9578281815222722
p023,52,1.5,Q0,flat_level,1,1.1849636607191736,1.1466226810481521,-0.03834097967102146,0.03119309490102022,0.0120226050655095,0.05036358473653094,0.9090909023834266,0.9554346612863354
p023,52,1.5,Q0,max_export_lp,1,1.6572322875094938,1.6572322870078702,-5.016236315213973e-10,1.6955544450072838e-07,0.0,9.556078419108854e-08,0.9090909025853429,0.958005803986059
p023,52,1.5,Q0,fairness_qp,1,1.5948810760742278,1.5897201234773577,-0.005160952596870105,0.012992709200651828,0.010412232902216784,0.015573185499086872,0.9090909041764718,0.9577501104938164
p023,52,1.5,Q95,weighted_proportional,1,1.5070032970001674,1.4916430688163476,-0.01536022818381988,0.022145308384019083,0.014465194292109157,0.02982542247592901,0.9090909011667337,0.9556856230368136
p023,52,1.5,Q95,equal_kw_reduction,1,1.612487277003052,1.603387976057946,-0.009099300945106137,0.02168579526754937,0.017136144794996346,0.026235445740102392,0.9090909065729831,0.9561297193641976
p023,52,1.5,Q95,flat_level,1,1.1849636607191736,1.1466226810481521,-0.03834097967102146,0.03119309490102022,0.0120226050655095,0.05036358473653094,0.9090909101921024,0.9542957831752259
p023,52,1.5,Q95,max_export_lp,1,1.6572322873433465,1.6572322870495058,-2.9384072952609586e-10,9.963136511322631e-08,0.0,5.317268144885978e-08,0.9090908923219495,0.9562656114129581
p023,52,1.5,Q95,fairness_qp,1,1.5948810871865815,1.5897201227978341,-0.005160964388747358,0.012992718620025582,0.010412236425617831,0.015573200814399248,0.9090908941906614,0.9560697368510226
p023,52,1.6,Q0,weighted_proportional,1,1.5070032969994482,1.4873017412757514,-0.019701555723696806,0.027095755930094435,0.017244978068246004,0.03694653379194286,0.9090909093135147,0.9572445799794065
p023,52,1.6,Q0,equal_kw_reduction,1,1.612487277003052,1.6032629200268471,-0.00922435697620494,0.021883332729376568,0.017271154241274074,0.026495511217479062,0.9090909095415407,0.9578284715810959
p023,52,1.6,Q0,flat_level,1,1.1849636607191736,1.1466226810481521,-0.03834097967102146,0.03119309490102022,0.0120226050655095,0.05036358473653094,0.9090909023834266,0.9554346612863354
p023,52,1.6,Q0,max_export_lp,1,1.6572322875094938,1.657232287034657,-4.748368365170563e-10,1.6042207886775902e-07,0.0,9.036071227158313e-08,0.909090902648615,0.9580058040025692
p023,52,1.6,Q0,fairness_qp,1,1.5948810760742278,1.5884877962771289,-0.006393279797098916,0.015179750423925262,0.011983110525375828,0.018376390322474692,0.9090909004192227,0.9577543065417166
p023,52,1.6,Q95,weighted_proportional,1,1.5070032970001674,1.4873017412819804,-0.01970155571818699,0.027095755927526086,0.017244978068432525,0.03694653378661965,0.909090909757548,0.9556826889699129
p023,52,1.6,Q95,equal_kw_reduction,1,1.612487277003052,1.6032629200268471,-0.00922435697620494,0.021883332729376568,0.017271154241274074,0.026495511217479062,0.9090908989844421,0.9561299429741165
p023,52,1.6,Q95,flat_level,1,1.1849636607191736,1.1466226810481521,-0.03834097967102146,0.03119309490102022,0.0120226050655095,0.05036358473653094,0.9090909101921024,0.9542957831752259
p023,52,1.6,Q95,max_export_lp,1,1.6572322873433465,1.6572322872186478,-1.246986958136631e-10,4.4526835553740374e-08,0.0,2.1317699151063296e-08,0.9090908924396317,0.9562656116368606
p023,52,1.6,Q95,fairness_qp,1,1.5948810871865815,1.5884877963528707,-0.006393290833710763,0.015179759359622756,0.01198311394276732,0.018376404776478193,0.909090892185578,0.9560729668441456
p023,52,1.7,Q0,weighted_proportional,1,1.5070032969994482,1.407105000002202,-0.09989829699724617,0.06734707839645457,0.017397929897831444,0.1172962268950777,0.9090909036657286,0.95690062665919
p023,52,1.7,Q0,equal_kw_reduction,1,1.612487277003052,1.6032629200268471,-0.00922435697620494,0.021883332729376568,0.017271154241274074,0.026495511217479062,0.9090909095415407,0.9578284715810959
p023,52,1.7,Q0,flat_level,1,1.1849636607191736,1.1466226810481521,-0.03834097967102146,0.03119309490102022,0.0120226050655095,0.05036358473653094,0.9090909023834266,0.9554346612863354
p023,52,1.7,Q0,max_export_lp,1,1.6572322875094938,1.657232287371533,-1.3796075393202045e-10,4.7277575669353415e-08,0.0,2.658227750656876e-08,0.9090908878513074,0.9580058046318963
p023,52,1.7,Q0,fairness_qp,1,1.5948810760742278,1.5872840348710526,-0.00759704120317517,0.017186256653979128,0.013387736052391543,0.020984777255566713,0.9090909073380443,0.9577576603897048
p023,52,1.7,Q95,weighted_proportional,1,1.5070032970001674,1.407105000004077,-0.09989829699609043,0.067347078395862,0.01739792989781675,0.11729622689390724,0.9090909062141325,0.9554191651572613
p023,52,1.7,Q95,equal_kw_reduction,1,1.612487277003052,1.6032629200268471,-0.00922435697620494,0.021883332729376568,0.017271154241274074,0.026495511217479062,0.9090908989844421,0.9561299429741165
p023,52,1.7,Q95,flat_level,1,1.1849636607191736,1.1466226810481521,-0.03834097967102146,0.03119309490102022,0.0120226050655095,0.05036358473653094,0.9090909101921024,0.9542957831752259
p023,52,1.7,Q95,max_export_lp,1,1.6572322873433465,1.6572322871584952,-1.8485124542166886e-10,6.28534217083569e-08,0.0,3.0479198104629845e-08,0.9090909000115379,0.9562656115372248
p023,52,1.7,Q95,fairness_qp,1,1.5948810871865815,1.5872840338735485,-0.007597053313032953,0.017186264177902956,0.013387737521386486,0.020984790834419426,0.9090908974959503,0.9560755499112429
p023,52,1.74,Q0,weighted_proportional,1,1.5070032969994482,1.3758656896577999,-0.13113760734164837,0.0829667335686556,0.017397929897831444,0.14853553723947974,0.9090909051518214,0.95676625175556
p023,52,1.74,Q0,equal_kw_reduction,1,1.612487277003052,1.6032629200268471,-0.00922435697620494,0.021883332729376568,0.017271154241274074,0.026495511217479062,0.9090909095415407,0.9578284715810959
p023,52,1.74,Q0,flat_level,1,1.1849636607191736,1.1466226810481521,-0.03834097967102146,0.03119309490102022,0.0120226050655095,0.05036358473653094,0.9090909023834266,0.9554346612863354
p023,52,1.74,Q0,max_export_lp,1,1.6572322875094938,1.65723228700743,-5.020637239283587e-10,1.7463863316981385e-07,0.0,9.688814808545172e-08,0.9090909101751298,0.9580058039606032
p023,52,1.74,Q0,fairness_qp,1,1.5948810760742278,1.5868164496602122,-0.008064626414015619,0.01793729871844918,0.013904985511441346,0.021969611925457013,0.9090909013304659,0.9577588005508937
p023,52,1.74,Q95,weighted_proportional,1,1.5070032970001674,1.3758656896933985,-0.13113760730676893,0.08296673355120128,0.01739792989781675,0.1485355372045858,0.9090908939908698,0.9553162049139413
p023,52,1.74,Q95,equal_kw_reduction,1,1.612487277003052,1.6032629200268471,-0.00922435697620494,0.021883332729376568,0.017271154241274074,0.026495511217479062,0.9090908989844421,0.9561299429741165
p023,52,1.74,Q95,flat_level,1,1.1849636607191736,1.1466226810481521,-0.03834097967102146,0.03119309490102022,0.0120226050655095,0.05036358473653094,0.9090909101921024,0.9542957831752259
p023,52,1.74,Q95,max_export_lp,1,1.6572322873433465,1.6572322870550873,-2.8825919429209534e-10,9.683298841348283e-08,0.0,4.923180317670944e-08,0.9090908998931199,0.956265611412662
p023,52,1.74,Q95,fairness_qp,1,1.5948810871865815,1.5868164494008654,-0.008064637785716089,0.01793730355037687,0.013904984657410184,0.021969622443234946,0.9090909038570473,0.9560764284024003
p023,52,1.8,Q0,weighted_proportional,1,1.5070032969994482,1.3316100000037214,-0.1753932969957268,0.10509457839569485,0.017397929897831444,0.19279122689355824,0.9090909027463997,0.9565758136630534
p023,52,1.8,Q0,equal_kw_reduction,1,1.612487277003052,1.6032629200268471,-0.00922435697620494,0.021883332729376568,0.017271154241274074,0.026495511217479062,0.9090909095415407,0.9578284715810959
p023,52,1.8,Q0,flat_level,1,1.1849636607191736,1.1466226810481521,-0.03834097967102146,0.03119309490102022,0.0120226050655095,0.05036358473653094,0.9090909023834266,0.9554346612863354
p023,52,1.8,Q0,max_export_lp,1,1.6572322875094938,1.6572322877470747,2.375808438870308e-10,8.019281271854934e-08,3.543199875166714e-08,8.00740222069423e-08,0.9090908882684812,0.9580058052972642
p023,52,1.8,Q0,fairness_qp,1,1.5948810760742278,1.586134084239194,-0.008746991835033802,0.019008636418075174,0.014635140500558332,0.023382132335592012,0.9090909015128327,0.9577603228991597
p023,52,1.8,Q95,weighted_proportional,1,1.5070032970001674,1.331610000018476,-0.17539329698169137,0.10509457838866243,0.01739792989781675,0.19279122687950812,0.9090909091166346,0.9551702816119815
p023,52,1.8,Q95,equal_kw_reduction,1,1.612487277003052,1.6032629200268471,-0.00922435697620494,0.021883332729376568,0.017271154241274074,0.026495511217479062,0.9090908989844421,0.9561299429741165
p023,52,1.8,Q95,flat_level,1,1.1849636607191736,1.1466226810481521,-0.03834097967102146,0.03119309490102022,0.0120226050655095,0.05036358473653094,0.9090909101921024,0.9542957831752259
p023,52,1.8,Q95,max_export_lp,1,1.6572322873433465,1.6572322874268033,8.345679702870257e-11,3.8172931194106145e-08,7.076318749715815e-09,3.813120279944071e-08,0.9090909001835565,0.9562656119183973
p023,52,1.8,Q95,fairness_qp,1,1.5948810871865815,1.5861340842649314,-0.008747002921650093,0.019008642169421795,0.014635140708596776,0.023382143630246818,0.9090908969354609,0.9560776016948344
p023,52,1.9,Q0,weighted_proportional,1,1.5070032969994482,1.264061842110819,-0.24294145488862928,0.13886865734214612,0.017397929897831444,0.2603393847864608,0.9090909205220377,0.9562849782218631
p023,52,1.9,Q0,equal_kw_reduction,1,1.612487277003052,1.6032629200268471,-0.00922435697620494,0.021883332729376568,0.017271154241274074,0.026495511217479062,0.9090909095415407,0.9578284715810959
p023,52,1.9,Q0,flat_level,1,1.1849636607191736,1.1466226810481521,-0.03834097967102146,0.03119309490102022,0.0120226050655095,0.05036358473653094,0.9090909023834266,0.9554346612863354
p023,52,1.9,Q0,max_export_lp,1,1.6572322875094938,1.6572322876540981,1.446043285113774e-10,5.09371642996425e-08,2.3492547074344117e-08,5.086486208052618e-08,0.9090909032582944,0.9580058050965484
p023,52,1.9,Q0,fairness_qp,1,1.5948810760742278,1.5850555450024602,-0.009825531071767646,0.020649044530410977,0.015736278994527172,0.02556181006629478,0.9090909172490848,0.957762425937162
p023,52,1.9,Q95,weighted_proportional,1,1.5070032970001674,1.26406184212326,-0.24294145487690755,0.13886865733627052,0.01739792989781675,0.2603393847747243,0.9090908959793601,0.9549474141558005
p023,52,1.9,Q95,equal_kw_reduction,1,1.612487277003052,1.6032629200268471,-0.00922435697620494,0.021883332729376568,0.017271154241274074,0.026495511217479062,0.9090908989844421,0.9561299429741165
p023,52,1.9,Q95,flat_level,1,1.1849636607191736,1.1466226810481521,-0.03834097967102146,0.03119309490102022,0.0120226050655095,0.05036358473653094,0.9090909101921024,0.9542957831752259
p023,52,1.9,Q95,max_export_lp,1,1.6572322873433465,1.6572322870128608,-3.3048563885529347e-10,1.1072006914596274e-07,0.0,5.682340613539019e-08,0.9090908998234767,0.9562656113394047
p023,52,1.9,Q95,fairness_qp,1,1.5948810871865815,1.58505554341142,-0.009825543775161538,0.020649053486074744,0.01573628159838538,0.025561825373655502,0.9090909048351183,0.956079223453669
p023,52,2.0,Q0,weighted_proportional,1,1.5070032969994482,1.203268500003466,-0.30373479699598227,0.1692653283958226,0.017397929897831444,0.3211327268938138,0.9090909059913735,0.9560230538277262
p023,52,2.0,Q0,equal_kw_reduction,1,1.612487277003052,1.6032629200268471,-0.00922435697620494,0.021883332729376568,0.017271154241274074,0.026495511217479062,0.9090909095415407,0.9578284715810959
p023,52,2.0,Q0,flat_level,1,1.1849636607191736,1.1466226810481521,-0.03834097967102146,0.03119309490102022,0.0120226050655095,0.05036358473653094,0.9090909023834266,0.9554346612863354
p023,52,2.0,Q0,max_export_lp,1,1.6572322875094938,1.6572322875374286,2.7934765611803414e-11,9.431825424518515e-09,4.7726470622788675e-09,9.417857952265934e-09,0.9090909106550469,0.958005804892755
p023,52,2.0,Q0,fairness_qp,1,1.5948810760742278,1.5840594303212263,-0.010821645753001485,0.02211396301487687,0.016703140138376083,0.02752478589137766,0.9090909026540406,0.9577640813272856
p023,52,2.0,Q95,weighted_proportional,1,1.5070032970001674,1.2032685000144319,-0.3037347969857356,0.1692653283906846,0.01739792989781675,0.32113272688355243,0.9090909054500027,0.9547466860784637
p023,52,2.0,Q95,equal_kw_reduction,1,1.612487277003052,1.6032629200268471,-0.00922435697620494,0.021883332729376568,0.017271154241274074,0.026495511217479062,0.9090908989844421,0.9561299429741165
p023,52,2.0,Q95,flat_level,1,1.1849636607191736,1.1466226810481521,-0.03834097967102146,0.03119309490102022,0.0120226050655095,0.05036358473653094,0.9090909101921024,0.9542957831752259
p023,52,2.0,Q95,max_export_lp,1,1.6572322873433465,1.6572322876986607,3.553142224888006e-10,1.2638862531148863e-07,4.722595059111767e-08,1.2621096819390165e-07,0.9090909081069036,0.9562656122885528
p023,52,2.0,Q95,fairness_qp,1,1.5948810871865815,1.584059427133584,-0.010821660052997562,0.022113984913033596,0.01670315488653476,0.027524814939532433,0.9090908922605284,0.9560805009015254
p024,53,1.0,Q0,weighted_proportional,1,1.5070032969994482,1.5070032969994482,0.0,0.0,0.0,0.0,0.9090908986590723,0.9572374939891118
p024,53,1.0,Q0,equal_kw_reduction,1,1.612487277003052,1.612487277003052,0.0,0.0,0.0,0.0,0.9090909085411034,0.9577651340631068
p024,53,1.0,Q0,flat_level,1,1.1849636607191736,1.1849636607191736,0.0,0.0,0.0,0.0,0.9090908983503695,0.955563065083861
p024,53,1.0,Q0,max_export_lp,1,1.6572322875094938,1.6572322875094938,0.0,0.0,0.0,0.0,0.9090908879931944,0.9580058048566669
p024,53,1.0,Q0,fairness_qp,1,1.5948810760742278,1.5948810760742278,0.0,0.0,0.0,0.0,0.9090908901901453,0.9577105026709762
p024,53,1.0,Q95,weighted_proportional,1,1.5070032970001674,1.5070032970001674,0.0,0.0,0.0,0.0,0.9090908975310804,0.9556770734851585
p024,53,1.0,Q95,equal_kw_reduction,1,1.612487277003052,1.612487277003052,0.0,0.0,0.0,0.0,0.9090908917775226,0.9560812375763708
p024,53,1.0,Q95,flat_level,1,1.1849636607191736,1.1849636607191736,0.0,0.0,0.0,0.0,0.9090909069966064,0.9543941331679278
p024,53,1.0,Q95,max_export_lp,1,1.6572322873433465,1.6572322873433465,0.0,0.0,0.0,0.0,0.9090909076611658,0.956265611819685
p024,53,1.0,Q95,fairness_qp,1,1.5948810871865815,1.5948810871865815,0.0,0.0,0.0,0.0,0.9090909102228547,0.9560392884682518
p024,53,1.1,Q0,weighted_proportional,1,1.5070032969994482,1.5058482951598577,-0.001155001839590497,0.004526510475848847,0.003949009556053609,0.005104011395644086,0.9090909095814886,0.9572271798204486
p024,53,1.1,Q0,equal_kw_reduction,1,1.612487277003052,1.6126998798538026,0.00021260285075053176,0.004554340052236853,0.004660641477612096,0.004448038626861611,0.9090908994708519,0.9577614532286194
p024,53,1.1,Q0,flat_level,1,1.1849636607191736,1.179881109175529,-0.0050825515436445645,0.005533866383524159,0.0029925906117019355,0.008075142155346382,0.909090896853535,0.9555332610264317
p024,53,1.1,Q0,max_export_lp,1,1.6572322875094938,1.6573764870563001,0.00014419954680633396,0.0034292307619803665,0.0035013305353835747,0.0033571309885771583,0.9090909019591213,0.9580065193826007
p024,53,1.1,Q0,fairness_qp,1,1.5948810760742278,1.594920242489064,3.9166414836255825e-05,0.003423726302430978,0.0034433095056019547,0.003404143095012815,0.9090908951458886,0.9577074015160172
p024,53,1.1,Q95,weighted_proportional,1,1.5070032970001674,1.505848295158143,-0.00115500184202455,0.004526510476995026,0.003949009555982777,0.005104011398007274,0.9090908921427213,0.9556691596913798
p024,53,1.1,Q95,equal_kw_reduction,1,1.612487277003052,1.6126998798538026,0.00021260285075053176,0.004554340052236853,0.004660641477612096,0.004448038626861611,0.9090909175775933,0.9560784041346094
p024,53,1.1,Q95,flat_level,1,1.1849636607191736,1.179881109175529,-0.0050825515436445645,0.005533866383524159,0.0029925906117019355,0.008075142155346382,0.9090909073565073,0.9543712717021576
p024,53,1.1,Q95,max_export_lp,1,1.6572322873433465,1.6573764882475723,0.00014420090422584408,0.003429457845826421,0.003501558297939418,0.003357357393713424,0.9090908941642976,0.9562661483875201
p024,53,1.1,Q95,fairness_qp,1,1.5948810871865815,1.5949202459443528,3.9158757771273756e-05,0.0034237317492427305,0.0034433111280247133,0.003404152370357136,0.9090909012906813,0.9560369008210846
p024,53,1.2,Q0,weighted_proportional,1,1.5070032969994482,1.5042250185769996,-0.002778278422448599,0.00924426585799143,0.007855126646767109,0.01063340506921575,0.9090909071593622,0.9572148412655094
p024,53,1.2,Q0,equal_kw_reduction,1,1.612487277003052,1.6124030737808277,-8.420322222435495e-05,0.009345818741380305,0.009303717130268126,0.009387920352492484,0.9090909048985605,0.9577556989139633
p024,53,1.2,Q0,flat_level,1,1.1849636607191736,1.179881109175529,-0.0050825515436445645,0.005533866383524159,0.0029925906117019355,0.008075142155346382,0.909090896853535,0.9555332610264317
p024,53,1.2,Q0,max_export_lp,1,1.6572322875094938,1.6573764876831183,0.0001442001736244869,0.003429354825806709,0.0035014549126189745,0.003357254738994443,0.9090908949439842,0.9580065202142899
p024,53,1.2,Q0,fairness_qp,1,1.5948810760742278,1.5946318127023378,-0.00024926337189001835,0.0068212785619790025,0.006696646871431074,0.006945910247923974,0.9090909069449113,0.9577031045991301
p024,53,1.2,Q95,weighted_proportional,1,1.5070032970001674,1.504225018577177,-0.002778278422990388,0.009244265858248541,0.007855126646753287,0.010633405069743796,0.9090909130052836,0.9556596947829008
p024,53,1.2,Q95,equal_kw_reduction,1,1.612487277003052,1.6124030737808277,-8.420322222435495e-05,0.009345818741380305,0.009303717130268126,0.009387920352492484,0.9090909036272848,0.9560739820521501
p024,53,1.2,Q95,flat_level,1,1.1849636607191736,1.179881109175529,-0.0050825515436445645,0.005533866383524159,0.0029925906117019355,0.008075142155346382,0.9090909073565073,0.9543712717021576
p024,53,1.2,Q95,max_export_lp,1,1.6572322873433465,1.657376487228224,0.0001441998848774606,0.003429264421448326,0.003501364363887101,0.0033571644790095505,0.9090909005948569,0.9562661472875429
p024,53,1.2,Q95,fairness_qp,1,1.5948810871865815,1.5946318114970968,-0.0002492756894847403,0.00682128514762694,0.006696647302884516,0.006945922992369364,0.90909089932349,0.9560335975244464
p024,53,1.3,Q0,weighted_proportional,1,1.5070032969994482,1.50214565328173,-0.00485764371771813,0.014144152243343783,0.01171533038448469,0.016572974102202875,0.9090909076305097,0.9572005361855023
p024,53,1.3,Q0,equal_kw_reduction,1,1.612487277003052,1.611584913744709,-0.0009023632583431418,0.014379996689228725,0.013928815060057137,0.014831178318400312,0.9090908982676874,0.9577478224947438
p024,53,1.3,Q0,flat_level,1,1.1849636607191736,1.179881109175529,-0.0050825515436445645,0.005533866383524159,0.0029925906117019355,0.008075142155346382,0.909090896853535,0.9555332610264317
p024,53,1.3,Q0,max_export_lp,1,1.6572322875094938,1.6573764869078782,0.00014419939838439255,0.0034292030970825426,0.0035013027962747384,0.0033571033978903467,0.9090908867710477,0.9580065191737207
p024,53,1.3,Q0,fairness_qp,1,1.5948810760742278,1.5941038559270688,-0.0007772201471589746,0.010125771602371523,0.009737161526475767,0.010514381675951019,0.9090908921365274,0.9576980225911881
p024,53,1.3,Q95,weighted_proportional,1,1.5070032970001674,1.5021456532805446,-0.004857643719622828,0.014144152244234843,0.011715330384423447,0.016572974104046238,0.9090909061592348,0.9556487231232962
p024,53,1.3,Q95,equal_kw_reduction,1,1.612487277003052,1.611584913744709,-0.0009023632583431418,0.014379996689228725,0.013928815060057137,0.014831178318400312,0.9090909106093467,0.9560679338818338
p024,53,1.3,Q95,flat_level,1,1.1849636607191736,1.179881109175529,-0.0050825515436445645,0.005533866383524159,0.0029925906117019355,0.008075142155346382,0.9090909073565073,0.9543712717021576
p024,53,1.3,Q95,max_export_lp,1,1.6572322873433465,1.6573764868015712,0.00014419945822474745,0.003429183570890419,0.0035012833000028637,0.0033570838417779736,0.9090909078074975,0.9562661468100037
p024,53,1.3,Q95,fairness_qp,1,1.5948810871865815,1.5941038516457093,-0.0007772355408721676,0.010125781958306395,0.009737164187870344,0.010514399728742446,0.9090908919234834,0.9560296930201129
p024,53,1.4,Q0,weighted_proportional,1,1.5070032969994482,1.4996233678130144,-0.00737992918643382,0.0192167655065399,0.015526800913322966,0.02290673009975684,0.90909089938463,0.9571843265792266
p024,53,1.4,Q0,equal_kw_reduction,1,1.612487277003052,1.6102312145156086,-0.0022560624874434776,0.019663477364844344,0.018535446121122637,0.020791508608566052,0.9090908857957307,0.9577377660814818
p024,53,1.4,Q0,flat_level,1,1.1849636607191736,1.179881109175529,-0.0050825515436445645,0.005533866383524159,0.0029925906117019355,0.008075142155346382,0.909090896853535,0.9555332610264317
p024,53,1.4,Q0,max_export_lp,1,1.6572322875094938,1.6573764868986178,0.0001441993891240223,0.0034292012549747442,0.0035013009495367883,0.0033571015604127005,0.9090909093316226,0.9580065191281695
p024,53,1.4,Q0,fairness_qp,1,1.5948810760742278,1.5933925836004788,-0.001488492473749048,0.01329320138477683,0.012548955147902274,0.014037447621651385,0.9090909023308078,0.9576924037302716
p024,53,1.4,Q95,weighted_proportional,1,1.5070032970001674,1.499623367810433,-0.007379929189734513,0.01921676550807329,0.015526800913205956,0.02290673010294062,0.9090909016584963,0.9556362921048142
p024,53,1.4,Q95,equal_kw_reduction,1,1.612487277003052,1.6102312145156086,-0.0022560624874434776,0.019663477364844344,0.018535446121122637,0.020791508608566052,0.9090909104092391,0.9560602153012853
p024,53,1.4,Q95,flat_level,1,1.1849636607191736,1.179881109175529,-0.0050825515436445645,0.005533866383524159,0.0029925906117019355,0.008075142155346382,0.9090909073565073,0.9543712717021576
p024,53,1.4,Q95,max_export_lp,1,1.6572322873433465,1.6573764868954874,0.0001441995521409556,0.0034292051696261073,0.0035013049456966705,0.003357105393555544,0.9090909003484346,0.9562661469282192
p024,53,1.4,Q95,fairness_qp,1,1.5948810871865815,1.593392578109036,-0.0014885090775456078,0.01329321618507025,0.01254896164629745,0.01403747072384305,0.909090903250702,0.9560253779264433
p024,53,1.5,Q0,weighted_proportional,1,1.5070032969994482,1.496672209290202,-0.010331087709246178,0.024452469576874223,0.01928692572225113,0.029618013431497312,0.9090909027964985,0.9571662780433656
p024,53,1.5,Q0,equal_kw_reduction,1,1.612487277003052,1.6091563527484691,-0.003330924254582923,0.0229528663685655,0.021287404241274073,0.02461832849585693,0.9090909109183076,0.9577306658635051
p024,53,1.5,Q0,flat_level,1,1.1849636607191736,1.179881109175529,-0.0050825515436445645,0.005533866383524159,0.0029925906117019355,0.008075142155346382,0.909090896853535,0.9555332610264317
p024,53,1.5,Q0,max_export_lp,1,1.6572322875094938,1.6573764869919778,0.0001441994824840087,0.003429218955345251,0.003501318696587291,0.0033571192141032117,0.9090908868028709,0.9580065193075887
p024,53,1.5,Q0,fairness_qp,1,1.5948810760742278,1.5925522983432279,-0.0023287777309999314,0.016288160670320913,0.015123771804820905,0.01745254953582092,0.9090909128444761,0.9576864804211825
p024,53,1.5,Q95,weighted_proportional,1,1.5070032970001674,1.4966722093039557,-0.010331087696211716,0.024452469570891974,0.01928692572278612,0.029618013418997828,0.9090909093944344,0.9556224520013097
p024,53,1.5,Q95,equal_kw_reduction,1,1.612487277003052,1.6091563527484691,-0.003330924254582923,0.0229528663685655,0.021287404241274073,0.02461832849585693,0.9090908972626331,0.9560547670992352
p024,53,1.5,Q95,flat_level,1,1.1849636607191736,1.179881109175529,-0.0050825515436445645,0.005533866383524159,0.0029925906117019355,0.008075142155346382,0.9090909073565073,0.9543712717021576
p024,53,1.5,Q95,max_export_lp,1,1.6572322873433465,1.6573764869110081,0.00014419956766165143,0.003429201594972382,0.0035013013788031955,0.003357101811141568,0.9090909003414386,0.9562661469208602
p024,53,1.5,Q95,fairness_qp,1,1.5948810871865815,1.5925522916206214,-0.0023287955659601067,0.01628816822377935,0.015123770440799267,0.017452566006759436,0.909090909688018,0.9560208304877371
p024,53,1.6,Q0,weighted_proportional,1,1.5070032969994482,1.493306997297382,-0.013696299702066206,0.029841453942041907,0.022993304091008818,0.036689603793074996,0.9090909099003859,0.9571464592632506
p024,53,1.6,Q0,equal_kw_reduction,1,1.612487277003052,1.6091563527484691,-0.003330924254582923,0.0229528663685655,0.021287404241274073,0.02461832849585693,0.9090909109183076,0.9577306658635051
p024,53,1.6,Q0,flat_level,1,1.1849636607191736,1.179881109175529,-0.0050825515436445645,0.005533866383524159,0.0029925906117019355,0.008075142155346382,0.909090896853535,0.9555332610264317
p024,53,1.6,Q0,max_export_lp,1,1.6572322875094938,1.6573764868588445,0.00014419934935072654,0.003429199190364295,0.003501298865039665,0.0033570995156889253,0.9090909017767576,0.9580065190650091
p024,53,1.6,Q0,fairness_qp,1,1.5948810760742278,1.5916323495180211,-0.0032487265562066714,0.019085084370310815,0.01746072109220744,0.020709447648414186,0.909090914006388,0.9576804572370242
p024,53,1.6,Q95,weighted_proportional,1,1.5070032970001674,1.4933069973028357,-0.01369629969733177,0.02984145393988906,0.022993304091223167,0.03668960378855495,0.9090909112491231,0.9556072554526635
p024,53,1.6,Q95,equal_kw_reduction,1,1.612487277003052,1.6091563527484691,-0.003330924254582923,0.0229528663685655,0.021287404241274073,0.02461832849585693,0.9090908972626331,0.9560547670992352
p024,53,1.6,Q95,flat_level,1,1.1849636607191736,1.179881109175529,-0.0050825515436445645,0.005533866383524159,0.0029925906117019355,0.008075142155346382,0.9090909073565073,0.9543712717021576
p024,53,1.6,Q95,max_export_lp,1,1.6572322873433465,1.6573764870441032,0.00014419970075674193,0.0034292288784190245,0.0035013287287974093,0.003357129028040639,0.9090909004861025,0.956266147073031
p024,53,1.6,Q95,fairness_qp,1,1.5948810871865815,1.5916323426160321,-0.0032487445705493556,0.019085095825174727,0.017460723539900094,0.020709468110449363,0.9090908933482141,0.9560162071283071
p024,53,1.7,Q0,weighted_proportional,1,1.5070032969994482,1.413720000001186,-0.09328329699826221,0.06983888836290641,0.02319723986377524,0.11648053686203759,0.9090909058941805,0.9567924560159936
p024,53,1.7,Q0,equal_kw_reduction,1,1.612487277003052,1.6091563527484691,-0.003330924254582923,0.0229528663685655,0.021287404241274073,0.02461832849585693,0.9090909109183076,0.9577306658635051
p024,53,1.7,Q0,flat_level,1,1.1849636607191736,1.179881109175529,-0.0050825515436445645,0.005533866383524159,0.0029925906117019355,0.008075142155346382,0.909090896853535,0.9555332610264317
p024,53,1.7,Q0,max_export_lp,1,1.6572322875094938,1.657376487106067,0.00014419959657319126,0.0034292408942344023,0.003501340692521032,0.0033571410959477724,0.9090908944184064,0.9580065194346844
p024,53,1.7,Q0,fairness_qp,1,1.5948810760742278,1.5906750436540293,-0.004206032420198458,0.021668312148483884,0.019565295938384623,0.023771328358583144,0.9090909071172437,0.9576745033804455
p024,53,1.7,Q95,weighted_proportional,1,1.5070032970001674,1.413720000001505,-0.09328329699866234,0.06983888836308683,0.023197239863755652,0.116480536862418,0.9090908942859045,0.9553359981707148
p024,53,1.7,Q95,equal_kw_reduction,1,1.612487277003052,1.6091563527484691,-0.003330924254582923,0.0229528663685655,0.021287404241274073,0.02461832849585693,0.9090908972626331,0.9560547670992352
p024,53,1.7,Q95,flat_level,1,1.1849636607191736,1.179881109175529,-0.0050825515436445645,0.005533866383524159,0.0029925906117019355,0.008075142155346382,0.9090909073565073,0.9543712717021576
p024,53,1.7,Q95,max_export_lp,1,1.6572322873433465,1.6573764871143675,0.0001441997710209808,0.003429242158474538,0.0035013420439850562,0.0033571422729640203,0.9090908931766754,0.9562661471484196
p024,53,1.7,Q95,fairness_qp,1,1.5948810871865815,1.5906750355797297,-0.004206051606851835,0.02166832401392645,0.019565298210500556,0.023771349817352343,0.9090909052152406,0.9560116375232259
p024,53,1.74,Q0,weighted_proportional,1,1.5070032969994482,1.3826979310359968,-0.12430536596345143,0.08534992284550097,0.02319723986377524,0.1475026058272267,0.9090909065410205,0.9566544934959923
p024,53,1.74,Q0,equal_kw_reduction,1,1.612487277003052,1.6091563527484691,-0.003330924254582923,0.0229528663685655,0.021287404241274073,0.02461832849585693,0.9090909109183076,0.9577306658635051
p024,53,1.74,Q0,flat_level,1,1.1849636607191736,1.179881109175529,-0.0050825515436445645,0.005533866383524159,0.0029925906117019355,0.008075142155346382,0.909090896853535,0.9555332610264317
p024,53,1.74,Q0,max_export_lp,1,1.6572322875094938,1.6573764875659454,0.00014420005645154887,0.0034293278262479557,0.0035014278544737293,0.003357227798022182,0.9090908948351739,0.9580065200996251
p024,53,1.74,Q0,fairness_qp,1,1.5948810760742278,1.5902896143348608,-0.0045914617393669754,0.022640008296836947,0.020344277427153508,0.024935739166520386,0.9090909027640866,0.9576721718934897
p024,53,1.74,Q95,weighted_proportional,1,1.5070032970001674,1.382697931042777,-0.1243053659573905,0.08534992284245088,0.023197239863755652,0.1475026058211461,0.9090909025300477,0.955230276641498
p024,53,1.74,Q95,equal_kw_reduction,1,1.612487277003052,1.6091563527484691,-0.003330924254582923,0.0229528663685655,0.021287404241274073,0.02461832849585693,0.9090908972626331,0.9560547670992352
p024,53,1.74,Q95,flat_level,1,1.1849636607191736,1.179881109175529,-0.0050825515436445645,0.005533866383524159,0.0029925906117019355,0.008075142155346382,0.9090909073565073,0.9543712717021576
p024,53,1.74,Q95,max_export_lp,1,1.6572322873433465,1.6573764868686556,0.00014419952530908553,0.003429195460167386,0.0035012952228220123,0.0033570956975127594,0.9090909005117765,0.9562661468998097
p024,53,1.74,Q95,fairness_qp,1,1.5948810871865815,1.590289606839678,-0.004591480346903598,0.022640014800514273,0.02034427462706044,0.024935754973966023,0.9090908999710061,0.9560098482771967
p024,53,1.8,Q0,weighted_proportional,1,1.5070032969994482,1.3387500000023593,-0.1682532969970889,0.10732388836231974,0.02319723986377524,0.19145053686086425,0.9090908991106923,0.956458969100112
p024,53,1.8,Q0,equal_kw_reduction,1,1.612487277003052,1.6091563527484691,-0.003330924254582923,0.0229528663685655,0.021287404241274073,0.02461832849585693,0.9090909109183076,0.9577306658635051
p024,53,1.8,Q0,flat_level,1,1.1849636607191736,1.179881109175529,-0.0050825515436445645,0.005533866383524159,0.0029925906117019355,0.008075142155346382,0.909090896853535,0.9555332610264317
p024,53,1.8,Q0,max_export_lp,1,1.6572322875094938,1.6573764868649445,0.00014419935545073592,0.0034291969460783552,0.003501296623803732,0.003357097268352978,0.9090909093566711,0.9580065191043995
p024,53,1.8,Q0,fairness_qp,1,1.5948810760742278,1.5897146609133535,-0.005166415160874349,0.0240311753490553,0.021447967768618174,0.026614382929492423,0.9090908955352026,0.957668750012272
p024,53,1.8,Q95,weighted_proportional,1,1.5070032970001674,1.3387500000159556,-0.16825329698421188,0.10732388835586158,0.023197239863755652,0.1914505368479675,0.9090908996520254,0.9550804382441568
p024,53,1.8,Q95,equal_kw_reduction,1,1.612487277003052,1.6091563527484691,-0.003330924254582923,0.0229528663685655,0.021287404241274073,0.02461832849585693,0.9090908972626331,0.9560547670992352
p024,53,1.8,Q95,flat_level,1,1.1849636607191736,1.179881109175529,-0.0050825515436445645,0.005533866383524159,0.0029925906117019355,0.008075142155346382,0.9090909073565073,0.9543712717021576
p024,53,1.8,Q95,max_export_lp,1,1.6572322873433465,1.657376487027369,0.00014419968402257233,0.0034292265236680773,0.003501326365679354,0.0033571266816568007,0.9090909080280657,0.9562661470420175
p024,53,1.8,Q95,fairness_qp,1,1.5948810871865815,1.5897146502716413,-0.005166436914940231,0.024031191001918827,0.021447972544448655,0.026614409459388994,0.9090909044692049,0.9560072222317598
p024,53,1.9,Q0,weighted_proportional,1,1.5070032969994482,1.2716715789491997,-0.23533171805024855,0.1408630988888995,0.02319723986377524,0.2585289579140238,0.9090909094333659,0.956160361547626
p024,53,1.9,Q0,equal_kw_reduction,1,1.612487277003052,1.6091563527484691,-0.003330924254582923,0.0229528663685655,0.021287404241274073,0.02461832849585693,0.9090909109183076,0.9577306658635051
p024,53,1.9,Q0,flat_level,1,1.1849636607191736,1.179881109175529,-0.0050825515436445645,0.005533866383524159,0.0029925906117019355,0.008075142155346382,0.909090896853535,0.9555332610264317
p024,53,1.9,Q0,max_export_lp,1,1.6572322875094938,1.657376486813558,0.00014419930406428527,0.0034291848928385323,0.0035012845448707183,0.0033570852408063463,0.9090908941878622,0.9580065190412362
p024,53,1.9,Q0,fairness_qp,1,1.5948810760742278,1.588777470004439,-0.0061036060697887695,0.026174449128798852,0.02312264609390443,0.029226252163693275,0.9090909155672156,0.9576632919398543
p024,53,1.9,Q95,weighted_proportional,1,1.5070032970001674,1.2716715789635955,-0.23533171803657194,0.14086309888204168,0.023197239863755652,0.2585289579003277,0.9090909034827107,0.9548515875927371
p024,53,1.9,Q95,equal_kw_reduction,1,1.612487277003052,1.6091563527484691,-0.003330924254582923,0.0229528663685655,0.021287404241274073,0.02461832849585693,0.9090908972626331,0.9560547670992352
p024,53,1.9,Q95,flat_level,1,1.1849636607191736,1.179881109175529,-0.0050825515436445645,0.005533866383524159,0.0029925906117019355,0.008075142155346382,0.9090909073565073,0.9543712717021576
p024,53,1.9,Q95,max_export_lp,1,1.6572322873433465,1.6573764869801404,0.0001441996367939069,0.0034292177130387813,0.0035013175314358227,0.0033571178946417398,0.9090908931334065,0.9562661470027918
p024,53,1.9,Q95,fairness_qp,1,1.5948810871865815,1.5887774254209317,-0.006103661765649804,0.026174523639041356,0.023122692756146458,0.029226354521866223,0.9090909044288115,0.9560030338495906
p024,53,2.0,Q0,weighted_proportional,1,1.5070032969994482,1.2113010000009943,-0.29570229699845396,0.1710483883630022,0.02319723986377524,0.3188995368622292,0.9090909184923192,0.9558914331132848
p024,53,2.0,Q0,equal_kw_reduction,1,1.612487277003052,1.6091563527484691,-0.003330924254582923,0.0229528663685655,0.021287404241274073,0.02461832849585693,0.9090909109183076,0.9577306658635051
p024,53,2.0,Q0,flat_level,1,1.1849636607191736,1.179881109175529,-0.0050825515436445645,0.005533866383524159,0.0029925906117019355,0.008075142155346382,0.909090896853535,0.9555332610264317
p024,53,2.0,Q0,max_export_lp,1,1.6572322875094938,1.6573764869584462,0.0001441994489523868,0.0034292134800811263,0.003501313204557349,0.003357113755604904,0.9090909018244676,0.9580065192407018
p024,53,2.0,Q0,fairness_qp,1,1.5948810760742278,1.5881195173819065,-0.006761558692321312,0.02761555350897164,0.02423477416281101,0.030996332855132275,0.9090908956243108,0.957659526929912
p024,53,2.0,Q95,weighted_proportional,1,1.5070032970001674,1.211301000009982,-0.29570229699018546,0.17104838835884845,0.023197239863755652,0.31889953685394123,0.9090908954097019,0.9546454669690693
p024,53,2.0,Q95,equal_kw_reduction,1,1.612487277003052,1.6091563527484691,-0.003330924254582923,0.0229528663685655,0.021287404241274073,0.02461832849585693,0.9090908972626331,0.9560547670992352
p024,53,2.0,Q95,flat_level,1,1.1849636607191736,1.179881109175529,-0.0050825515436445645,0.005533866383524159,0.0029925906117019355,0.008075142155346382,0.9090909073565073,0.9543712717021576
p024,53,2.0,Q95,max_export_lp,1,1.6572322873433465,1.6573764868933973,0.00014419955005084972,0.0034291993354315558,0.0035012991104570595,0.003357099560406052,0.9090908928725384,0.956266146928614
p024,53,2.0,Q95,fairness_qp,1,1.5948810871865815,1.5881195180306227,-0.006761569155958824,0.027615560771740752,0.024234776193761305,0.0309963453497202,0.9090909176246789,0.9560001451760783
p025,56,1.0,Q0,weighted_proportional,1,1.5070032969994482,1.5070032969994482,0.0,0.0,0.0,0.0,0.9090908986590723,0.9572374939891118
p025,56,1.0,Q0,equal_kw_reduction,1,1.612487277003052,1.612487277003052,0.0,0.0,0.0,0.0,0.9090909085411034,0.9577651340631068
p025,56,1.0,Q0,flat_level,1,1.1849636607191736,1.1849636607191736,0.0,0.0,0.0,0.0,0.9090908983503695,0.955563065083861
p025,56,1.0,Q0,max_export_lp,1,1.6572322875094938,1.6572322875094938,0.0,0.0,0.0,0.0,0.9090908879931944,0.9580058048566669
p025,56,1.0,Q0,fairness_qp,1,1.5948810760742278,1.5948810760742278,0.0,0.0,0.0,0.0,0.9090908901901453,0.9577105026709762
p025,56,1.0,Q95,weighted_proportional,1,1.5070032970001674,1.5070032970001674,0.0,0.0,0.0,0.0,0.9090908975310804,0.9556770734851585
p025,56,1.0,Q95,equal_kw_reduction,1,1.612487277003052,1.612487277003052,0.0,0.0,0.0,0.0,0.9090908917775226,0.9560812375763708
p025,56,1.0,Q95,flat_level,1,1.1849636607191736,1.1849636607191736,0.0,0.0,0.0,0.0,0.9090909069966064,0.9543941331679278
p025,56,1.0,Q95,max_export_lp,1,1.6572322873433465,1.6572322873433465,0.0,0.0,0.0,0.0,0.9090909076611658,0.956265611819685
p025,56,1.0,Q95,fairness_qp,1,1.5948810871865815,1.5948810871865815,0.0,0.0,0.0,0.0,0.9090909102228547,0.9560392884682518
p025,56,1.1,Q0,weighted_proportional,1,1.5070032969994482,1.5027793108625747,-0.004223986136873581,0.003099245457449649,0.0009872523890127882,0.00521123852588651,0.909090904417642,0.9572208329901937
p025,56,1.1,Q0,equal_kw_reduction,1,1.612487277003052,1.6107122557671172,-0.0017750212359348705,0.0019896305753489447,0.0011021199573815633,0.002877141193316326,0.9090908996495364,0.9577606024686789
p025,56,1.1,Q0,flat_level,1,1.1849636607191736,1.1728765277655144,-0.012087132953659152,0.0072484414768295875,0.001204875000000001,0.013292007953659174,0.9090908985854974,0.9555061854016579
p025,56,1.1,Q0,max_export_lp,1,1.6572322875094938,1.6572322881172052,6.07711436728664e-10,2.0606568966902725e-07,1.1246384713694407e-08,2.0576183390084383e-07,0.9090908961772858,0.9580058059591546
p025,56,1.1,Q0,fairness_qp,1,1.5948810760742278,1.5929826041209276,-0.0018984719533001737,0.0016393764835360598,0.0006901405068859712,0.0025886124601861484,0.9090909026444682,0.9577044066498203
p025,56,1.1,Q95,weighted_proportional,1,1.5070032970001674,1.5027793108612049,-0.004223986138962577,0.0030992454584789025,0.0009872523889976354,0.0052112385279601695,0.9090908921520867,0.9556643059402394
p025,56,1.1,Q95,equal_kw_reduction,1,1.612487277003052,1.6107122557671172,-0.0017750212359348705,0.0019896305753489447,0.0011021199573815633,0.002877141193316326,0.9090909061405087,0.9560777617950954
p025,56,1.1,Q95,flat_level,1,1.1849636607191736,1.1728765277655144,-0.012087132953659152,0.0072484414768295875,0.001204875000000001,0.013292007953659174,0.9090908957748415,0.9543505248324679
p025,56,1.1,Q95,max_export_lp,1,1.6572322873433465,1.657232287309352,-3.399458492481244e-11,3.417254822228556e-08,5.237345905052815e-09,3.418954542394603e-08,0.9090908925478932,0.9562656117507403
p025,56,1.1,Q95,fairness_qp,1,1.5948810871865815,1.5929826164562633,-0.0018984707303182358,0.0016393764021864522,0.0006901410370273153,0.002588611767345589,0.9090909098979197,0.9560346144563312
p025,56,1.2,Q0,weighted_proportional,1,1.5070032969994482,1.498110282729136,-0.008893014270312305,0.006410288796848051,0.001963781661691859,0.010856795932004244,0.9090908999376774,0.957202195650895
p025,56,1.2,Q0,equal_kw_reduction,1,1.612487277003052,1.6085188181640309,-0.003968458839021194,0.00417404118368229,0.0021898117641716824,0.006158270603192897,0.9090909099807737,0.9577543680975081
p025,56,1.2,Q0,flat_level,1,1.1849636607191736,1.1592325224119129,-0.025731138307260704,0.015275319153630352,0.0024097499999999987,0.028140888307260706,0.9090909087616249,0.9554417391511442
p025,56,1.2,Q0,max_export_lp,1,1.6572322875094938,1.6572322883983897,8.88895845818638e-10,3.009091873164781e-07,1.6757471251772904e-08,3.004647393007069e-07,0.90909090396265,0.9580058064407966
p025,56,1.2,Q0,fairness_qp,1,1.5948810760742278,1.5910624981782195,-0.0038185778960082573,0.0032327580360704336,0.0013234690878006893,0.005142046984074585,0.9090908861215535,0.9576980909726225
p025,56,1.2,Q95,weighted_proportional,1,1.5070032970001674,1.4981102827298833,-0.008893014270284105,0.006410288796835098,0.001963781661693066,0.01085679593197713,0.9090909084049879,0.9556500241436361
p025,56,1.2,Q95,equal_kw_reduction,1,1.612487277003052,1.6085188181640309,-0.003968458839021194,0.00417404118368229,0.0021898117641716824,0.006158270603192897,0.909090891044543,0.9560729814944466
p025,56,1.2,Q95,flat_level,1,1.1849636607191736,1.1592325224119129,-0.025731138307260704,0.015275319153630352,0.0024097499999999987,0.028140888307260706,0.9090908958624085,0.954301114876532
p025,56,1.2,Q95,max_export_lp,1,1.6572322873433465,1.6572322872274137,-1.1593281890043272e-10,5.363080343034508e-08,5.244726898872426e-09,5.3688769829224325e-08,0.9090908905529926,0.9562656116651
p025,56,1.2,Q95,fairness_qp,1,1.5948810871865815,1.59106249543507,-0.0038185917515114465,0.0032327657569355276,0.0013234698811798434,0.005142061632691212,0.9090908912753827,0.9560297722941415
p025,56,1.3,Q0,weighted_proportional,1,1.5070032969994482,1.4930109837686023,-0.013992313230845932,0.009924989211544806,0.002928832596121809,0.016921145826967805,0.9090909044675628,0.9571816451362501
p025,56,1.3,Q0,equal_kw_reduction,1,1.612487277003052,1.6059150714894597,-0.0065722055135923885,0.006549457739086113,0.003263354982289921,0.009835560495882306,0.9090908970311172,0.9577464639818745
p025,56,1.3,Q0,flat_level,1,1.1849636607191736,1.143929669874834,-0.04103399084433956,0.02413162042216973,0.0036146249999999998,0.04464861584433946,0.9090909118766596,0.9553692278018301
p025,56,1.3,Q0,max_export_lp,1,1.6572322875094938,1.6572322871869234,-3.225704148235309e-10,1.0907151285215362e-07,0.0,1.0291659905282274e-07,0.9090909028086738,0.9580058042715724
p025,56,1.3,Q0,fairness_qp,1,1.5948810760742278,1.5891712162934497,-0.005709859780778093,0.004753351152118116,0.0018984212568961892,0.007608281042507187,0.9090909046304385,0.9576917568201159
p025,56,1.3,Q95,weighted_proportional,1,1.5070032970001674,1.4930109837674508,-0.013992313232716658,0.009924989212465114,0.0029288325961067327,0.016921145828823494,0.909090908370139,0.9556342764950626
p025,56,1.3,Q95,equal_kw_reduction,1,1.612487277003052,1.6059150714894597,-0.0065722055135923885,0.006549457739086113,0.003263354982289921,0.009835560495882306,0.9090908978843184,0.9560669218076943
p025,56,1.3,Q95,flat_level,1,1.1849636607191736,1.143929669874834,-0.04103399084433956,0.02413162042216973,0.0036146249999999998,0.04464861584433946,0.9090908960388159,0.9542455207507856
p025,56,1.3,Q95,max_export_lp,1,1.6572322873433465,1.6572322871815288,-1.6181767037437567e-10,5.661820757558609e-08,1.1579668339652127e-09,5.6699116388059245e-08,0.9090909074359778,0.9562656115828112
p025,56,1.3,Q95,fairness_qp,1,1.5948810871865815,1.589171214760773,-0.005709872425808449,0.004753356624885094,0.0018984204119808605,0.007608292837789327,0.9090908995258449,0.9560249159960825
p025,56,1.4,Q0,weighted_proportional,1,1.5070032969994482,1.4874970333025175,-0.01950626369693076,0.013634832076797337,0.0038817002283318847,0.023387963925262788,0.9090909089184551,0.9571592484299446
p025,56,1.4,Q0,equal_kw_reduction,1,1.612487277003052,1.602907856013982,-0.009579420989070053,0.009112695977670546,0.004322985483135514,0.013902406472205578,0.9090909060385552,0.9577369177159638
p025,56,1.4,Q0,flat_level,1,1.1849636607191736,1.1385002483079825,-0.04646341241119112,0.02724795620559556,0.004016249999999999,0.050479662411191124,0.9090909038566235,0.9553435176289733
p025,56,1.4,Q0,max_export_lp,1,1.6572322875094938,1.6572322885669863,1.0574925379813749e-09,3.5827280210441867e-07,1.9995280168584595e-08,3.5774405579243936e-07,0.9090909116956376,0.9580058067418278
p025,56,1.4,Q0,fairness_qp,1,1.5948810760742278,1.5873514086293032,-0.007529667444924559,0.006179754347828017,0.0024149206207043066,0.009944588070290234,0.9090909163897329,0.9576855772649103
p025,56,1.4,Q95,weighted_proportional,1,1.5070032970001674,1.48749703329987,-0.0195062637002974,0.013634832078450482,0.00388170022830181,0.023387963928599154,0.9090909008503428,0.9556171142551253
p025,56,1.4,Q95,equal_kw_reduction,1,1.612487277003052,1.602907856013982,-0.009579420989070053,0.009112695977670546,0.004322985483135514,0.013902406472205578,0.9090909043933878,0.9560596040228349
p025,56,1.4,Q95,flat_level,1,1.1849636607191736,1.1385002483079825,-0.04646341241119112,0.02724795620559556,0.004016249999999999,0.050479662411191124,0.90909090629699,0.9542258087502362
p025,56,1.4,Q95,max_export_lp,1,1.6572322873433465,1.6572322872238783,-1.1946821310004907e-10,4.2739610879604685e-08,1.3745850356398914e-09,4.279934492056048e-08,0.909090900048042,0.956265611675737
p025,56,1.4,Q95,fairness_qp,1,1.5948810871865815,1.5873514061037168,-0.00752968108286467,0.006179760533912658,0.0024149199924803546,0.00994460107534496,0.909090900410493,0.9560201785817605
p025,56,1.5,Q0,weighted_proportional,1,1.5070032969994482,1.4815847878258945,-0.025418509173553705,0.017530986017342796,0.004821731430565959,0.030240240604119634,0.9090909061947048,0.9571350758980284
p025,56,1.5,Q0,equal_kw_reduction,1,1.612487277003052,1.5995028390215624,-0.012984437981489627,0.011861117681038303,0.0053688986902934634,0.01835333667178314,0.9090909115767001,0.9577257523723559
p025,56,1.5,Q0,flat_level,1,1.1849636607191736,1.1385002483079825,-0.04646341241119112,0.02724795620559556,0.004016249999999999,0.050479662411191124,0.9090909038566235,0.9553435176289733
p025,56,1.5,Q0,max_export_lp,1,1.6572322875094938,1.6572322876073937,9.789991040065615e-11,3.4655681335120456e-08,1.6864097410196344e-09,3.460673127545725e-08,0.9090909031757622,0.9580058050346586
p025,56,1.5,Q0,fairness_qp,1,1.5948810760742278,1.5856365770938863,-0.00924449898034152,0.007496491231556477,0.0028742417413856938,0.01211874072172726,0.909090898646438,0.9576796912278732
p025,56,1.5,Q95,weighted_proportional,1,1.5070032970001674,1.4815847878412793,-0.025418509158888103,0.017530986010161797,0.004821731430717737,0.03024024058960586,0.9090909135926231,0.9555985912953584
p025,56,1.5,Q95,equal_kw_reduction,1,1.612487277003052,1.5995028390215624,-0.012984437981489627,0.011861117681038303,0.0053688986902934634,0.01835333667178314,0.9090909080280534,0.9560510457047938
p025,56,1.5,Q95,flat_level,1,1.1849636607191736,1.1385002483079825,-0.04646341241119112,0.02724795620559556,0.004016249999999999,0.050479662411191124,0.90909090629699,0.9542258087502362
p025,56,1.5,Q95,max_export_lp,1,1.6572322873433465,1.657232287180816,-1.6253043355618502e-10,5.612811250824655e-08,7.554346666445444e-10,5.620937764370948e-08,0.909090922564376,0.9562656115675517
p025,56,1.5,Q95,fairness_qp,1,1.5948810871865815,1.5856365598130164,-0.00924452737356507,0.007496504886972258,0.0028742412001897047,0.012118768573754811,0.9090909072147065,0.9560156661982646
p025,56,1.6,Q0,weighted_proportional,1,1.5070032969994482,1.4752912292336726,-0.03171206776577562,0.021604359905642218,0.005748326022754371,0.03746039378853006,0.9090908981787377,0.9571092006986605
p025,56,1.6,Q0,equal_kw_reduction,1,1.612487277003052,1.5957045901450733,-0.01678268685797879,0.014792595606300524,0.006401252177311077,0.023183939035289973,0.9090908934829759,0.9577129864034937
p025,56,1.6,Q0,flat_level,1,1.1849636607191736,1.1385002483079825,-0.04646341241119112,0.02724795620559556,0.004016249999999999,0.050479662411191124,0.9090909038566235,0.9553435176289733
p025,56,1.6,Q0,max_export_lp,1,1.6572322875094938,1.657232287236142,-2.733517856512435e-10,9.245339843520902e-08,0.0,8.725838491997415e-08,0.9090909103618888,0.9580058043580756
p025,56,1.6,Q0,fairness_qp,1,1.5948810760742278,1.5840507538805628,-0.010830322193664976,0.008693931121472785,0.003278770024640271,0.014109092218305301,0.9090909147303387,0.9576742015031803
p025,56,1.6,Q95,weighted_proportional,1,1.5070032970001674,1.4752912292394116,-0.03171206776075586,0.021604359903189787,0.0057483260228117904,0.03746039378356778,0.9090909011002479,0.955578763691016
p025,56,1.6,Q95,equal_kw_reduction,1,1.612487277003052,1.5957045901450733,-0.01678268685797879,0.014792595606300524,0.006401252177311077,0.023183939035289973,0.9090908969957147,0.9560412610608175
p025,56,1.6,Q95,flat_level,1,1.1849636607191736,1.1385002483079825,-0.04646341241119112,0.02724795620559556,0.004016249999999999,0.050479662411191124,0.90909090629699,0.9542258087502362
p025,56,1.6,Q95,max_export_lp,1,1.6572322873433465,1.657232287701471,3.581244190087318e-10,1.274643282664768e-07,1.0519656877799183e-08,1.2728526600433443e-07,0.9090908929186512,0.9562656123409653
p025,56,1.6,Q95,fairness_qp,1,1.5948810871865815,1.5840507306953275,-0.010830356491253967,0.008693948631431104,0.0032787703858041077,0.014109126877058101,0.9090909156126682,0.9560114577793073
p025,56,1.7,Q0,weighted_proportional,1,1.5070032969994482,1.3938750000019002,-0.113128296997548,0.062363458464717865,0.005799309965943812,0.11892760696349192,0.9090909051404586,0.9567513972493242
p025,56,1.7,Q0,equal_kw_reduction,1,1.612487277003052,1.59151664042469,-0.020970636578361956,0.017905485993375443,0.007420167704194415,0.028390804282556477,0.9090909047308663,0.9576986339798996
p025,56,1.7,Q0,flat_level,1,1.1849636607191736,1.1385002483079825,-0.04646341241119112,0.02724795620559556,0.004016249999999999,0.050479662411191124,0.9090909038566235,0.9553435176289733
p025,56,1.7,Q0,max_export_lp,1,1.6572322875094938,1.6572322872385128,-2.7098101540445896e-10,9.167096138478284e-08,0.0,8.65214946580567e-08,0.909090895328734,0.9580058043626196
p025,56,1.7,Q0,fairness_qp,1,1.5948810760742278,1.5826091404863958,-0.012271935587832017,0.009767688524220906,0.003631720730304929,0.015903656318136884,0.9090909042716879,0.9576691772521193
p025,56,1.7,Q95,weighted_proportional,1,1.5070032970001674,1.3938750000000353,-0.11312829700013216,0.06236345846600501,0.005799309965938913,0.11892760696607112,0.9090909099548207,0.9553046030352318
p025,56,1.7,Q95,equal_kw_reduction,1,1.612487277003052,1.59151664042469,-0.020970636578361956,0.017905485993375443,0.007420167704194415,0.028390804282556477,0.9090909026433178,0.9560302608807016
p025,56,1.7,Q95,flat_level,1,1.1849636607191736,1.1385002483079825,-0.04646341241119112,0.02724795620559556,0.004016249999999999,0.050479662411191124,0.90909090629699,0.9542258087502362
p025,56,1.7,Q95,max_export_lp,1,1.6572322873433465,1.6572322879209744,5.776279454750011e-10,2.031252754504929e-07,1.6297442434216186e-08,2.0283646141872058e-07,0.9090909007386515,0.956265612602411
p025,56,1.7,Q95,fairness_qp,1,1.5948810871865815,1.5826091108653964,-0.012271976321185152,0.00976771038402935,0.003631722223436799,0.015903698544621904,0.9090908924915795,0.956007606298578
p025,56,1.74,Q0,weighted_proportional,1,1.5070032969994482,1.3622012069104565,-0.1448020900889917,0.07820035501043972,0.005799309965943812,0.15060140005493564,0.9090909071701702,0.9566120794791396
p025,56,1.74,Q0,equal_kw_reduction,1,1.612487277003052,1.5897329452036175,-0.022754331799434535,0.019201157906633334,0.00782399200691605,0.030578323806350616,0.9090908943085335,0.9576924512682292
p025,56,1.74,Q0,flat_level,1,1.1849636607191736,1.1385002483079825,-0.04646341241119112,0.02724795620559556,0.004016249999999999,0.050479662411191124,0.9090909038566235,0.9553435176289733
p025,56,1.74,Q0,max_export_lp,1,1.6572322875094938,1.6572322872637437,-2.4575008694682765e-10,8.31540609811548e-08,0.0,7.8424873973062e-08,0.9090908953154928,0.9580058044239151
p025,56,1.74,Q0,fairness_qp,1,1.5948810760742278,1.5820747766786414,-0.012806299395586418,0.01016243828346465,0.0037592885856714067,0.016565587981257894,0.9090909005266029,0.9576673074753237
p025,56,1.74,Q95,weighted_proportional,1,1.5070032970001674,1.362201206912301,-0.14480209008786638,0.07820035500987216,0.005799309965938913,0.1506014000538054,0.9090908937835952,0.9551978462623117
p025,56,1.74,Q95,equal_kw_reduction,1,1.612487277003052,1.5897329452036175,-0.022754331799434535,0.019201157906633334,0.00782399200691605,0.030578323806350616,0.9090908912713422,0.9560255223377876
p025,56,1.74,Q95,flat_level,1,1.1849636607191736,1.1385002483079825,-0.04646341241119112,0.02724795620559556,0.004016249999999999,0.050479662411191124,0.90909090629699,0.9542258087502362
p025,56,1.74,Q95,max_export_lp,1,1.6572322873433465,1.657232287164123,-1.7922352490984395e-10,6.034587982393707e-08,0.0,5.970576603606115e-08,0.9090909150703621,0.9562656115488952
p025,56,1.74,Q95,fairness_qp,1,1.5948810871865815,1.5820747428611044,-0.012806344325477115,0.010162463527631378,0.00375929136489277,0.016565635690369986,0.9090909010873788,0.9560061729993227
p025,56,1.8,Q0,weighted_proportional,1,1.5070032969994482,1.3173300000153607,-0.18967329698408752,0.10063595845798762,0.005799309965943812,0.1954726069500314,0.9090908985991252,0.956414634265459
p025,56,1.8,Q0,equal_kw_reduction,1,1.612487277003052,1.5869415269197849,-0.025545750083267205,0.021198607797383043,0.008425732755749408,0.03397148283901668,0.9090909055043859,0.9576827053303588
p025,56,1.8,Q0,flat_level,1,1.1849636607191736,1.1385002483079825,-0.04646341241119112,0.02724795620559556,0.004016249999999999,0.050479662411191124,0.9090909038566235,0.9553435176289733
p025,56,1.8,Q0,max_export_lp,1,1.6572322875094938,1.6572322872343075,-2.7518631817713413e-10,9.302374108245129e-08,0.0,8.782458020160575e-08,0.9090909179575767,0.9580058043388381
p025,56,1.8,Q0,fairness_qp,1,1.5948810760742278,1.5813192199836372,-0.013561856090590574,0.01071777766351495,0.003936849618219688,0.01749870570881021,0.9090909033928372,0.9576646573652983
p025,56,1.8,Q95,weighted_proportional,1,1.5070032970001674,1.3173300000073116,-0.18967329699285584,0.10063595846236689,0.005799309965938913,0.19547260695879487,0.9090909059806264,0.9550465407836516
p025,56,1.8,Q95,equal_kw_reduction,1,1.612487277003052,1.5869415269197849,-0.025545750083267205,0.021198607797383043,0.008425732755749408,0.03397148283901668,0.9090909086173197,0.9560180529777276
p025,56,1.8,Q95,flat_level,1,1.1849636607191736,1.1385002483079825,-0.04646341241119112,0.02724795620559556,0.004016249999999999,0.050479662411191124,0.90909090629699,0.9542258087502362
p025,56,1.8,Q95,max_export_lp,1,1.6572322873433465,1.6572322871637588,-1.79587678061921e-10,6.015904617691359e-08,0.0,5.839023785661479e-08,0.9090909000408477,0.9562656115680556
p025,56,1.8,Q95,fairness_qp,1,1.5948810871865815,1.5813191833755311,-0.01356190381105038,0.010717804961019144,0.003936853055493931,0.017498756866544354,0.9090908917505608,0.9560041415294636
p025,56,1.9,Q0,weighted_proportional,1,1.5070032969994482,1.2488423684395578,-0.2581609285598905,0.13487977424588907,0.005799309965943812,0.26396023852583433,0.9090908991858522,0.9561130932979823
p025,56,1.9,Q0,equal_kw_reduction,1,1.612487277003052,1.582911010307648,-0.02957626669540403,0.024026787588976115,0.009238654241274074,0.038814920936678154,0.9090909064972146,0.9576685034758301
p025,56,1.9,Q0,flat_level,1,1.1849636607191736,1.1385002483079825,-0.04646341241119112,0.02724795620559556,0.004016249999999999,0.050479662411191124,0.9090909038566235,0.9553435176289733
p025,56,1.9,Q0,max_export_lp,1,1.6572322875094938,1.657232287168464,-3.4102987100936843e-10,1.1529143548611722e-07,0.0,1.088958594174308e-07,0.9090909102802898,0.9580058042219198
p025,56,1.9,Q0,fairness_qp,1,1.5948810760742278,1.5801822068562312,-0.014698869217996569,0.011547630710853914,0.004198196097658601,0.01889706531985219,0.909090912248178,0.9576606561550552
p025,56,1.9,Q95,weighted_proportional,1,1.5070032970001674,1.248842368425834,-0.25816092857433337,0.1348797742531056,0.005799309965938913,0.2639602385402723,0.9090909059601975,0.9548154498845297
p025,56,1.9,Q95,equal_kw_reduction,1,1.612487277003052,1.582911010307648,-0.02957626669540403,0.024026787588976115,0.009238654241274074,0.038814920936678154,0.9090908998571454,0.9560071687701334
p025,56,1.9,Q95,flat_level,1,1.1849636607191736,1.1385002483079825,-0.04646341241119112,0.02724795620559556,0.004016249999999999,0.050479662411191124,0.90909090629699,0.9542258087502362
p025,56,1.9,Q95,max_export_lp,1,1.6572322873433465,1.6572322871631182,-1.802282767471297e-10,6.161665904022215e-08,4.1249906311893736e-10,6.170677315474327e-08,0.9090909150804249,0.9562656115594802
p025,56,1.9,Q95,fairness_qp,1,1.5948810871865815,1.5801821855580611,-0.014698901628520389,0.011547648354627914,0.004198197540367684,0.018897099168888147,0.9090909067996675,0.9560010744194246
p025,56,2.0,Q0,weighted_proportional,1,1.5070032969994482,1.1872035000321497,-0.31979979696729854,0.16569920844959304,0.005799309965943812,0.3255991069332423,0.9090909064690034,0.9558415229697178
p025,56,2.0,Q0,equal_kw_reduction,1,1.612487277003052,1.582911010307648,-0.02957626669540403,0.024026787588976115,0.009238654241274074,0.038814920936678154,0.9090909064972146,0.9576685034758301
p025,56,2.0,Q0,flat_level,1,1.1849636607191736,1.1385002483079825,-0.04646341241119112,0.02724795620559556,0.004016249999999999,0.050479662411191124,0.9090909038566235,0.9553435176289733
p025,56,2.0,Q0,max_export_lp,1,1.6572322875094938,1.6572322872110312,-2.984625879776104e-10,1.0095101092945976e-07,0.0,9.533277452958983e-08,0.9090908952733434,0.9580058043293316
p025,56,2.0,Q0,fairness_qp,1,1.5948810760742278,1.5791946052579104,-0.015686470816317355,0.012263102267812872,0.004419866855862839,0.020106337675971492,0.9090909058805523,0.9576571688270833
p025,56,2.0,Q95,weighted_proportional,1,1.5070032970001674,1.1872035000242973,-0.31979979697587013,0.165699208453874,0.005799309965938913,0.3255991069418091,0.9090909097712738,0.9546073118550712
p025,56,2.0,Q95,equal_kw_reduction,1,1.612487277003052,1.582911010307648,-0.02957626669540403,0.024026787588976115,0.009238654241274074,0.038814920936678154,0.9090908998571454,0.9560071687701334
p025,56,2.0,Q95,flat_level,1,1.1849636607191736,1.1385002483079825,-0.04646341241119112,0.02724795620559556,0.004016249999999999,0.050479662411191124,0.90909090629699,0.9542258087502362
p025,56,2.0,Q95,max_export_lp,1,1.6572322873433465,1.6572322872469687,-9.637779463389506e-11,4.1205173239124756e-08,3.551392651745394e-09,4.125336209095942e-08,0.9090909150900371,0.9562656116697047
p025,56,2.0,Q95,fairness_qp,1,1.5948810871865815,1.5791945885074816,-0.01568649867909988,0.012263116310223357,0.004419866970673425,0.02010636564977329,0.9090909124356475,0.9559984012557701
p026,58,1.0,Q0,weighted_proportional,1,1.5070032969994482,1.5070032969994482,0.0,0.0,0.0,0.0,0.9090908986590723,0.9572374939891118
p026,58,1.0,Q0,equal_kw_reduction,1,1.612487277003052,1.612487277003052,0.0,0.0,0.0,0.0,0.9090909085411034,0.9577651340631068
p026,58,1.0,Q0,flat_level,1,1.1849636607191736,1.1849636607191736,0.0,0.0,0.0,0.0,0.9090908983503695,0.955563065083861
p026,58,1.0,Q0,max_export_lp,1,1.6572322875094938,1.6572322875094938,0.0,0.0,0.0,0.0,0.9090908879931944,0.9580058048566669
p026,58,1.0,Q0,fairness_qp,1,1.5948810760742278,1.5948810760742278,0.0,0.0,0.0,0.0,0.9090908901901453,0.9577105026709762
p026,58,1.0,Q95,weighted_proportional,1,1.5070032970001674,1.5070032970001674,0.0,0.0,0.0,0.0,0.9090908975310804,0.9556770734851585
p026,58,1.0,Q95,equal_kw_reduction,1,1.612487277003052,1.612487277003052,0.0,0.0,0.0,0.0,0.9090908917775226,0.9560812375763708
p026,58,1.0,Q95,flat_level,1,1.1849636607191736,1.1849636607191736,0.0,0.0,0.0,0.0,0.9090909069966064,0.9543941331679278
p026,58,1.0,Q95,max_export_lp,1,1.6572322873433465,1.6572322873433465,0.0,0.0,0.0,0.0,0.9090909076611658,0.956265611819685
p026,58,1.0,Q95,fairness_qp,1,1.5948810871865815,1.5948810871865815,0.0,0.0,0.0,0.0,0.9090909102228547,0.9560392884682518
p026,58,1.1,Q0,weighted_proportional,1,1.5070032969994482,1.5140322532855721,0.0070289562861238775,0.008332550525085134,0.011847028668147033,0.004818072382023236,0.9090909010097843,0.9572918716732375
p026,58,1.1,Q0,equal_kw_reduction,1,1.612487277003052,1.6219718556124354,0.009484578609383343,0.00954469616459737,0.014286985469289082,0.004802406859905658,0.9090908930616954,0.9578360300650306
p026,58,1.1,Q0,flat_level,1,1.1849636607191736,1.1849636607191736,0.0,0.0,0.0,0.0,0.9090908983503695,0.955563065083861
p026,58,1.1,Q0,max_export_lp,1,1.6572322875094938,1.666998195513738,0.009765908004244261,0.009575545997879346,0.014458500000000013,0.004692591995757112,0.9090908970719586,0.9580823567999821
p026,58,1.1,Q0,fairness_qp,1,1.5948810760742278,1.6034742753089288,0.008593199234701032,0.010161900372467048,0.014458499989817575,0.00586530075511652,0.9090908979903769,0.957777922135583
p026,58,1.1,Q95,weighted_proportional,1,1.5070032970001674,1.514032253302678,0.007028956302510547,0.008332550518358614,0.011847028669613874,0.004818072367103356,0.909090905385886,0.9557186920646892
p026,58,1.1,Q95,equal_kw_reduction,1,1.612487277003052,1.6219718556124354,0.009484578609383343,0.00954469616459737,0.014286985469289082,0.004802406859905658,0.9090909037523578,0.9561354871850155
p026,58,1.1,Q95,flat_level,1,1.1849636607191736,1.1849636607191736,0.0,0.0,0.0,0.0,0.9090909069966064,0.9543941331679278
p026,58,1.1,Q95,max_export_lp,1,1.6572322873433465,1.666998195536125,0.00976590819277856,0.009575545903599877,0.014458499999989216,0.004692591807210537,0.9090908930330227,0.9563241840485909
p026,58,1.1,Q95,fairness_qp,1,1.5948810871865815,1.6034743318269706,0.00859324464038913,0.010161877679688056,0.01445849999988258,0.00586525535949353,0.9090909070367883,0.9560908696632653
p026,58,1.2,Q0,weighted_proportional,1,1.5070032969994482,1.5205309808375318,0.01352768383808356,0.016801538021214545,0.023565379940256356,0.010037696102172736,0.9090909030725017,0.9573437226010391
p026,58,1.2,Q0,equal_kw_reduction,1,1.612487277003052,1.630914915978552,0.018427638975500038,0.019341478407956855,0.028555297895706905,0.010127658920206804,0.9090909060628068,0.9579047004944434
p026,58,1.2,Q0,flat_level,1,1.1849636607191736,1.1849636607191736,0.0,0.0,0.0,0.0,0.9090908983503695,0.955563065083861
p026,58,1.2,Q0,max_export_lp,1,1.6572322875094938,1.6762302661895636,0.018997978680069805,0.019418010659954334,0.028916999999989285,0.009919021319919383,0.9090908965588353,0.9581572317296299
p026,58,1.2,Q0,fairness_qp,1,1.5948810760742278,1.6114700509747615,0.01658897490053368,0.02062251255224608,0.028917000000742404,0.012328025101979258,0.9090908952143916,0.9578429053854205
p026,58,1.2,Q95,weighted_proportional,1,1.5070032970001674,1.5205309808377703,0.013527683837602833,0.01680153802141919,0.023565379940220593,0.010037696102617788,0.9090909047025328,0.9557583721393756
p026,58,1.2,Q95,equal_kw_reduction,1,1.612487277003052,1.630914915978552,0.018427638975500038,0.019341478407956855,0.028555297895706905,0.010127658920206804,0.9090908969237891,0.9561880270850092
p026,58,1.2,Q95,flat_level,1,1.1849636607191736,1.1849636607191736,0.0,0.0,0.0,0.0,0.9090909069966064,0.9543941331679278
p026,58,1.2,Q95,max_export_lp,1,1.6572322873433465,1.676230266464185,0.01899797912083856,0.01941801043957939,0.028916999999998666,0.009919020879160117,0.9090909070249563,0.9563814656896872
p026,58,1.2,Q95,fairness_qp,1,1.5948810871865815,1.6114700531556483,0.016588965969066782,0.020622517014919052,0.028916999999452436,0.012328034030385671,0.9090908987729555,0.9561405790059484
p026,58,1.3,Q0,weighted_proportional,1,1.5070032969994482,1.5265047719832252,0.019501474983776967,0.025395253661527104,0.035145991153415615,0.015644516169638592,0.9090908926504755,0.957393051574649
p026,58,1.3,Q0,equal_kw_reduction,1,1.612487277003052,1.6392982632043338,0.02681098620128175,0.029398816768368842,0.04280430986900971,0.015993323667727974,0.909090893336711,0.9579710725234633
p026,58,1.3,Q0,flat_level,1,1.1849636607191736,1.1849636607191736,0.0,0.0,0.0,0.0,0.9090908983503695,0.955563065083861
p026,58,1.3,Q0,max_export_lp,1,1.6572322875094938,1.6848991144951642,0.027666826985670356,0.029542086507160354,0.04337549999999557,0.01570867301432514,0.9090909057391717,0.9582303386751604
p026,58,1.3,Q0,fairness_qp,1,1.5948810760742278,1.6188568414379307,0.02397576536370294,0.03138761732184626,0.043375500001014616,0.01939973463999474,0.909090918477832,0.9579054074333804
p026,58,1.3,Q95,weighted_proportional,1,1.5070032970001674,1.5265047719820908,0.01950147498192334,0.02539525366227746,0.03514599115323916,0.015644516171315764,0.9090909211355472,0.9557961175334073
p026,58,1.3,Q95,equal_kw_reduction,1,1.612487277003052,1.6392982632043338,0.02681098620128175,0.029398816768368842,0.04280430986900971,0.015993323667727974,0.9090909102722883,0.9562388014351372
p026,58,1.3,Q95,flat_level,1,1.1849636607191736,1.1849636607191736,0.0,0.0,0.0,0.0,0.9090909069966064,0.9543941331679278
p026,58,1.3,Q95,max_export_lp,1,1.6572322873433465,1.68489911458534,0.02766682724199354,0.02954208637895379,0.04337549999995058,0.015708672757957006,0.9090908902777569,0.9564373864138475
p026,58,1.3,Q95,fairness_qp,1,1.5948810871865815,1.618856839462142,0.02397575227556059,0.03138762386252764,0.043375500000081973,0.019399747724747354,0.9090909111975323,0.9561883828652197
p026,58,1.4,Q0,weighted_proportional,1,1.5070032969994482,1.5319602598407809,0.02495696284133264,0.03410192131924201,0.04658040273990828,0.021623439898575732,0.9090908989728732,0.9574398702689394
p026,58,1.4,Q0,equal_kw_reduction,1,1.612487277003052,1.6451732306089732,0.03268595360592119,0.03707442743831351,0.05341740424127406,0.020731450635352967,0.9090908981275588,0.958019022558598
p026,58,1.4,Q0,flat_level,1,1.1849636607191736,1.1849636607191736,0.0,0.0,0.0,0.0,0.9090908983503695,0.955563065083861
p026,58,1.4,Q0,max_export_lp,1,1.6572322875094938,1.6876576876742024,0.030425400164708627,0.03298229991763724,0.04819499999999163,0.017769599835282833,0.9090908879242435,0.9582542967117132
p026,58,1.4,Q0,fairness_qp,1,1.5948810760742278,1.6212338428764446,0.026352766802216765,0.03501861660280704,0.04819500000116195,0.02184223320169868,0.9090909000253732,0.9579259334794009
p026,58,1.4,Q95,weighted_proportional,1,1.5070032970001674,1.531960259838541,0.024956962838373453,0.034101921320414556,0.04658040273960126,0.02162343990122785,0.9090909015653295,0.955831937464876
p026,58,1.4,Q95,equal_kw_reduction,1,1.612487277003052,1.6451732306089732,0.03268595360592119,0.03707442743831351,0.05341740424127406,0.020731450635352967,0.909090900971119,0.9562754783457965
p026,58,1.4,Q95,flat_level,1,1.1849636607191736,1.1849636607191736,0.0,0.0,0.0,0.0,0.9090909069966064,0.9543941331679278
p026,58,1.4,Q95,max_export_lp,1,1.6572322873433465,1.6876576876172924,0.030425400273945913,0.032982299863026074,0.04819499999999907,0.017769599726053076,0.9090908989540223,0.9564557103991176
p026,58,1.4,Q95,fairness_qp,1,1.5948810871865815,1.6212338516023814,0.026352764415799923,0.03501861779211539,0.04819500000001539,0.021842235584215386,0.9090908981702351,0.9562040803155823
p026,58,1.5,Q0,weighted_proportional,1,1.5070032969994482,1.5369053331956775,0.02990203619622922,0.04290975906861813,0.0578607771667327,0.027958740970503555,0.9090909020016258,0.9574841969451041
p026,58,1.5,Q0,equal_kw_reduction,1,1.612487277003052,1.6451732306089732,0.03268595360592119,0.03707442743831351,0.05341740424127406,0.020731450635352967,0.9090908981275588,0.958019022558598
p026,58,1.5,Q0,flat_level,1,1.1849636607191736,1.1849636607191736,0.0,0.0,0.0,0.0,0.9090908983503695,0.955563065083861
p026,58,1.5,Q0,max_export_lp,1,1.6572322875094938,1.6876576876369769,0.03042540012748307,0.03298229993624847,0.04819499999999008,0.01776959987250685,0.9090909029810781,0.9582542966320281
p026,58,1.5,Q0,fairness_qp,1,1.5948810760742278,1.6213037160275023,0.02642263995327454,0.0349836800234434,0.0481950000000807,0.0217723600468061,0.9090908869497134,0.9579262705167384
p026,58,1.5,Q95,weighted_proportional,1,1.5070032970001674,1.5369053332068885,0.02990203620672105,0.04290975906463406,0.057860777167994565,0.027958740961273553,0.9090909099367367,0.9558658460711615
p026,58,1.5,Q95,equal_kw_reduction,1,1.612487277003052,1.6451732306089732,0.03268595360592119,0.03707442743831351,0.05341740424127406,0.020731450635352967,0.909090900971119,0.9562754783457965
p026,58,1.5,Q95,flat_level,1,1.1849636607191736,1.1849636607191736,0.0,0.0,0.0,0.0,0.9090909069966064,0.9543941331679278
p026,58,1.5,Q95,max_export_lp,1,1.6572322873433465,1.6876576876004596,0.030425400257113155,0.03298229987144333,0.04819499999999999,0.01776959974288667,0.9090909064075591,0.9564557103768462
p026,58,1.5,Q95,fairness_qp,1,1.5948810871865815,1.6213037510001787,0.026422663813597147,0.034983668093369405,0.048195000000084115,0.021772336186570797,0.9090909010948283,0.9562043383679751
p026,58,1.6,Q0,weighted_proportional,1,1.5070032969994482,1.5413490454672214,0.03434574846777316,0.05180703803906672,0.06897991227295332,0.034634163805180126,0.9090908926307134,0.9575260561257296
p026,58,1.6,Q0,equal_kw_reduction,1,1.612487277003052,1.6451732306089732,0.03268595360592119,0.03707442743831351,0.05341740424127406,0.020731450635352967,0.9090908981275588,0.958019022558598
p026,58,1.6,Q0,flat_level,1,1.1849636607191736,1.1849636607191736,0.0,0.0,0.0,0.0,0.9090908983503695,0.955563065083861
p026,58,1.6,Q0,max_export_lp,1,1.6572322875094938,1.6876576879372214,0.030425400427727567,0.032982299786075364,0.04819499999993915,0.017769599572211574,0.9090909183851826,0.9582542971191825
p026,58,1.6,Q0,fairness_qp,1,1.5948810760742278,1.6213651493503867,0.02648407327615887,0.03495296336666947,0.04819500000127172,0.021710926728589975,0.9090909043452032,0.9579265663479045
p026,58,1.6,Q95,weighted_proportional,1,1.5070032970001674,1.5413490454710972,0.03434574847092975,0.051807038037913034,0.06897991227337785,0.03463416380244821,0.9090908935331603,0.9558978623676441
p026,58,1.6,Q95,equal_kw_reduction,1,1.612487277003052,1.6451732306089732,0.03268595360592119,0.03707442743831351,0.05341740424127406,0.020731450635352967,0.909090900971119,0.9562754783457965
p026,58,1.6,Q95,flat_level,1,1.1849636607191736,1.1849636607191736,0.0,0.0,0.0,0.0,0.9090909069966064,0.9543941331679278
p026,58,1.6,Q95,max_export_lp,1,1.6572322873433465,1.6876576882210503,0.030425400877703845,0.032982299561148024,0.04819499999999999,0.017769599122296063,0.9090909071701424,0.9564557111791612
p026,58,1.6,Q95,fairness_qp,1,1.5948810871865815,1.6213651537222875,0.026484066535706008,0.03495296673214478,0.04819499999999782,0.02171093346429173,0.9090909016067404,0.9562045650848685
p026,58,1.7,Q0,weighted_proportional,1,1.5070032969994482,1.4666400000086515,-0.04036329699079677,0.08977336808672413,0.06959171959132575,0.10995501658212252,0.9090908908659096,0.9572109616811203
p026,58,1.7,Q0,equal_kw_reduction,1,1.612487277003052,1.6451732306089732,0.03268595360592119,0.03707442743831351,0.05341740424127406,0.020731450635352967,0.9090908981275588,0.958019022558598
p026,58,1.7,Q0,flat_level,1,1.1849636607191736,1.1849636607191736,0.0,0.0,0.0,0.0,0.9090908983503695,0.955563065083861
p026,58,1.7,Q0,max_export_lp,1,1.6572322875094938,1.6876576876989053,0.030425400189411533,0.03298229990528457,0.04819499999999044,0.0177695998105787,0.9090908954833388,0.9582542967544051
p026,58,1.7,Q0,fairness_qp,1,1.5948810760742278,1.6214195234669457,0.026538447392717934,0.03492577630647872,0.04819500000118526,0.021656552610119784,0.9090909109091444,0.9579268284984506
p026,58,1.7,Q95,weighted_proportional,1,1.5070032970001674,1.466640000005505,-0.040363296994662345,0.08977336808859815,0.06959171959126695,0.10995501658592935,0.9090908929318797,0.9556564328931398
p026,58,1.7,Q95,equal_kw_reduction,1,1.612487277003052,1.6451732306089732,0.03268595360592119,0.03707442743831351,0.05341740424127406,0.020731450635352967,0.909090900971119,0.9562754783457965
p026,58,1.7,Q95,flat_level,1,1.1849636607191736,1.1849636607191736,0.0,0.0,0.0,0.0,0.9090909069966064,0.9543941331679278
p026,58,1.7,Q95,max_export_lp,1,1.6572322873433465,1.6876576878161478,0.03042540047280129,0.03298229976359934,0.04819499999999999,0.01776959952719869,0.9090908992021329,0.9564557106601552
p026,58,1.7,Q95,fairness_qp,1,1.5948810871865815,1.621419531334066,0.02653844414748452,0.03492577792633942,0.0481950000000817,0.02165655585259714,0.9090909042410176,0.9562047658369032
p026,58,1.74,Q0,weighted_proportional,1,1.5070032969994482,1.4373558620824447,-0.06964743491700354,0.10441543704982753,0.06959171959132575,0.1392391545083293,0.909090898683754,0.9570868919747079
p026,58,1.74,Q0,equal_kw_reduction,1,1.612487277003052,1.6451732306089732,0.03268595360592119,0.03707442743831351,0.05341740424127406,0.020731450635352967,0.9090908981275588,0.958019022558598
p026,58,1.74,Q0,flat_level,1,1.1849636607191736,1.1849636607191736,0.0,0.0,0.0,0.0,0.9090908983503695,0.955563065083861
p026,58,1.74,Q0,max_export_lp,1,1.6572322875094938,1.687657687718531,0.030425400209037168,0.03298229989544747,0.048194999999966154,0.017769599790928788,0.9090909030684342,0.9582542967743058
p026,58,1.74,Q0,fairness_qp,1,1.5948810760742278,1.621439581913707,0.026558505839479274,0.0349157470847459,0.0481950000012642,0.021636494165006234,0.9090908955514496,0.9579269250489431
p026,58,1.74,Q95,weighted_proportional,1,1.5070032970001674,1.4373558620730156,-0.06964743492715186,0.10441543705484291,0.06959171959126695,0.13923915451841887,0.909090912308624,0.9555613650599596
p026,58,1.74,Q95,equal_kw_reduction,1,1.612487277003052,1.6451732306089732,0.03268595360592119,0.03707442743831351,0.05341740424127406,0.020731450635352967,0.909090900971119,0.9562754783457965
p026,58,1.74,Q95,flat_level,1,1.1849636607191736,1.1849636607191736,0.0,0.0,0.0,0.0,0.9090909069966064,0.9543941331679278
p026,58,1.74,Q95,max_export_lp,1,1.6572322873433465,1.6876576883526664,0.030425401009319897,0.03298229949534002,0.04819499999999999,0.017769598990680046,0.9090908997635719,0.9564557113510148
p026,58,1.74,Q95,fairness_qp,1,1.5948810871865815,1.621439578785837,0.026558491599255607,0.03491575420037943,0.04819500000000729,0.021636508400751573,0.9090909030782796,0.9562048398399081
p026,58,1.8,Q0,weighted_proportional,1,1.5070032969994482,1.395870000002676,-0.11113329699677221,0.12515836808971187,0.06959171959132575,0.18072501658809798,0.909090912638974,0.9569110654287316
p026,58,1.8,Q0,equal_kw_reduction,1,1.612487277003052,1.6451732306089732,0.03268595360592119,0.03707442743831351,0.05341740424127406,0.020731450635352967,0.9090908981275588,0.958019022558598
p026,58,1.8,Q0,flat_level,1,1.1849636607191736,1.1849636607191736,0.0,0.0,0.0,0.0,0.9090908983503695,0.955563065083861
p026,58,1.8,Q0,max_export_lp,1,1.6572322875094938,1.6876576876279956,0.03042540011850181,0.03298229994074086,0.04819499999999183,0.017769599881489895,0.9090908954480367,0.958254296616799
p026,58,1.8,Q0,fairness_qp,1,1.5948810760742278,1.621468021808233,0.026586945734005107,0.03490152713719493,0.0481950000012529,0.021608054270192394,0.9090909020440553,0.9579270621280489
p026,58,1.8,Q95,weighted_proportional,1,1.5070032970001674,1.3958700000016353,-0.11113329699853214,0.125158368090533,0.06959171959126695,0.18072501658979903,0.9090909096597087,0.955426633764662
p026,58,1.8,Q95,equal_kw_reduction,1,1.612487277003052,1.6451732306089732,0.03268595360592119,0.03707442743831351,0.05341740424127406,0.020731450635352967,0.909090900971119,0.9562754783457965
p026,58,1.8,Q95,flat_level,1,1.1849636607191736,1.1849636607191736,0.0,0.0,0.0,0.0,0.9090909069966064,0.9543941331679278
p026,58,1.8,Q95,max_export_lp,1,1.6572322873433465,1.6876576876829228,0.030425400339576303,0.03298229983020361,0.048194999999991744,0.017769599660415462,0.9090908914955834,0.9564557105164002
p026,58,1.8,Q95,fairness_qp,1,1.5948810871865815,1.6214680219328212,0.026586934746239743,0.03490153262680545,0.048194999999925325,0.021608065253685565,0.9090909118597255,0.9562049448356188
p026,58,1.9,Q0,weighted_proportional,1,1.5070032969994482,1.3325494737096604,-0.17445382328978787,0.15681863123621967,0.06959171959132575,0.24404554288111358,0.9090908980760775,0.9566425602937345
p026,58,1.9,Q0,equal_kw_reduction,1,1.612487277003052,1.6451732306089732,0.03268595360592119,0.03707442743831351,0.05341740424127406,0.020731450635352967,0.9090908981275588,0.958019022558598
p026,58,1.9,Q0,flat_level,1,1.1849636607191736,1.1849636607191736,0.0,0.0,0.0,0.0,0.9090908983503695,0.955563065083861
p026,58,1.9,Q0,max_export_lp,1,1.6572322875094938,1.687657687944732,0.030425400435238226,0.03298229978233183,0.04819499999995103,0.017769599564712635,0.9090909032796021,0.958254297147486
p026,58,1.9,Q0,fairness_qp,1,1.5948810760742278,1.621511527108054,0.02663045103382622,0.034879774484319885,0.04819500000112975,0.021564548967406713,0.9090908954339468,0.9579272719813668
p026,58,1.9,Q95,weighted_proportional,1,1.5070032970001674,1.3325494737073305,-0.17445382329283698,0.1568186312376855,0.06959171959126695,0.24404554288410407,0.9090908988323526,0.9552208739316407
p026,58,1.9,Q95,equal_kw_reduction,1,1.612487277003052,1.6451732306089732,0.03268595360592119,0.03707442743831351,0.05341740424127406,0.020731450635352967,0.909090900971119,0.9562754783457965
p026,58,1.9,Q95,flat_level,1,1.1849636607191736,1.1849636607191736,0.0,0.0,0.0,0.0,0.9090909069966064,0.9543941331679278
p026,58,1.9,Q95,max_export_lp,1,1.6572322873433465,1.6876576876948657,0.030425400351519194,0.03298229982423128,0.04819499999999094,0.017769599648471624,0.9090908903098518,0.9564557104997476
p026,58,1.9,Q95,fairness_qp,1,1.5948810871865815,1.6215115266612043,0.026630439474622847,0.03487978026275528,0.048195000000066684,0.021564560525443883,0.9090909121787097,0.9562051054893502
p026,58,2.0,Q0,weighted_proportional,1,1.5070032969994482,1.2755610000008843,-0.2314422969985639,0.18531286809060768,0.06959171959132575,0.30103401658988965,0.9090909110107785,0.9564007625231788
p026,58,2.0,Q0,equal_kw_reduction,1,1.612487277003052,1.6451732306089732,0.03268595360592119,0.03707442743831351,0.05341740424127406,0.020731450635352967,0.9090908981275588,0.958019022558598
p026,58,2.0,Q0,flat_level,1,1.1849636607191736,1.1849636607191736,0.0,0.0,0.0,0.0,0.9090908983503695,0.955563065083861
p026,58,2.0,Q0,max_export_lp,1,1.6572322875094938,1.6876576878752363,0.030425400365742483,0.03298229981708644,0.04819499999995769,0.017769599634215184,0.9090908957254875,0.9582542970598468
p026,58,2.0,Q0,fairness_qp,1,1.5948810760742278,1.621550780964437,0.026669704890209145,0.0348601475595613,0.04819500000127608,0.02152529511445671,0.9090909076834062,0.9579274611641111
p026,58,2.0,Q95,weighted_proportional,1,1.5070032970001674,1.2755610000018942,-0.23144229699827323,0.18531286809040354,0.06959171959126695,0.30103401658954015,0.9090909047328123,0.9550355686751556
p026,58,2.0,Q95,equal_kw_reduction,1,1.612487277003052,1.6451732306089732,0.03268595360592119,0.03707442743831351,0.05341740424127406,0.020731450635352967,0.909090900971119,0.9562754783457965
p026,58,2.0,Q95,flat_level,1,1.1849636607191736,1.1849636607191736,0.0,0.0,0.0,0.0,0.9090909069966064,0.9543941331679278
p026,58,2.0,Q95,max_export_lp,1,1.6572322873433465,1.6876576877683445,0.030425400424997973,0.032982299787495804,0.04819499999999485,0.017769599574996752,0.9090908991256399,0.9564557105796767
p026,58,2.0,Q95,fairness_qp,1,1.5948810871865815,1.6215507818154056,0.02666969462882407,0.03486015268585871,0.048195000000095245,0.0215253053714467,0.9090909000384391,0.9562052504356283
p027,59,1.0,Q0,weighted_proportional,1,1.5070032969994482,1.5070032969994482,0.0,0.0,0.0,0.0,0.9090908986590723,0.9572374939891118
p027,59,1.0,Q0,equal_kw_reduction,1,1.612487277003052,1.612487277003052,0.0,0.0,0.0,0.0,0.9090909085411034,0.9577651340631068
p027,59,1.0,Q0,flat_level,1,1.1849636607191736,1.1849636607191736,0.0,0.0,0.0,0.0,0.9090908983503695,0.955563065083861
p027,59,1.0,Q0,max_export_lp,1,1.6572322875094938,1.6572322875094938,0.0,0.0,0.0,0.0,0.9090908879931944,0.9580058048566669
p027,59,1.0,Q0,fairness_qp,1,1.5948810760742278,1.5948810760742278,0.0,0.0,0.0,0.0,0.9090908901901453,0.9577105026709762
p027,59,1.0,Q95,weighted_proportional,1,1.5070032970001674,1.5070032970001674,0.0,0.0,0.0,0.0,0.9090908975310804,0.9556770734851585
p027,59,1.0,Q95,equal_kw_reduction,1,1.612487277003052,1.612487277003052,0.0,0.0,0.0,0.0,0.9090908917775226,0.9560812375763708
p027,59,1.0,Q95,flat_level,1,1.1849636607191736,1.1849636607191736,0.0,0.0,0.0,0.0,0.9090909069966064,0.9543941331679278
p027,59,1.0,Q95,max_export_lp,1,1.6572322873433465,1.6572322873433465,0.0,0.0,0.0,0.0,0.9090909076611658,0.956265611819685
p027,59,1.0,Q95,fairness_qp,1,1.5948810871865815,1.5948810871865815,0.0,0.0,0.0,0.0,0.9090909102228547,0.9560392884682518
p027,59,1.1,Q0,weighted_proportional,1,1.5070032969994482,1.507894284691196,0.0008909876917477799,0.005478020488200758,0.0059235143340746685,0.005032526642326848,0.9090909035672222,0.9572531275154362
p027,59,1.1,Q0,equal_kw_reduction,1,1.612487277003052,1.6149263702139027,0.0024390932108506735,0.005844525574259201,0.007064072179684508,0.0046249789688338925,0.9090909036654712,0.957791214404773
p027,59,1.1,Q0,flat_level,1,1.1849636607191736,1.1849636607191736,0.0,0.0,0.0,0.0,0.9090908983503695,0.955563065083861
p027,59,1.1,Q0,max_export_lp,1,1.6572322875094938,1.659768945668816,0.002536658159322247,0.0059609209203359236,0.007229249999995829,0.004692591840674714,0.9090909052525405,0.9580368237410295
p027,59,1.1,Q0,fairness_qp,1,1.5948810760742278,1.5966731878670195,0.0017921117927917063,0.004935620187635125,0.005831676084030971,0.00403956429123928,0.9090909083706912,0.9577315480169719
p027,59,1.1,Q95,weighted_proportional,1,1.5070032970001674,1.5078942846894154,0.0008909876892480018,0.0054780204893415535,0.005923514333965527,0.005032526644717581,0.9090909148388044,0.9556890291598567
p027,59,1.1,Q95,equal_kw_reduction,1,1.612487277003052,1.6149263702139027,0.0024390932108506735,0.005844525574259201,0.007064072179684508,0.0046249789688338925,0.909090901965439,0.9561011850450329
p027,59,1.1,Q95,flat_level,1,1.1849636607191736,1.1849636607191736,0.0,0.0,0.0,0.0,0.9090909069966064,0.9543941331679278
p027,59,1.1,Q95,max_export_lp,1,1.6572322873433465,1.6597689456423823,0.002536658299035821,0.00596092085047316,0.007229249999991139,0.004692591700955182,0.9090909011875626,0.9562893356922466
p027,59,1.1,Q95,fairness_qp,1,1.5948810871865815,1.596673200617925,0.001792113431343445,0.0049356278841975985,0.005831684599822376,0.0040395711685258864,0.9090908912172296,0.9560553809274895
p027,59,1.2,Q0,weighted_proportional,1,1.5070032969994482,1.5083015091419811,0.0012982121425328952,0.011133583898871192,0.011782689970137629,0.010484477827604755,0.9090909011328863,0.9572665387650282
p027,59,1.2,Q0,equal_kw_reduction,1,1.612487277003052,1.6168405656953382,0.004353288692286128,0.011933400091521978,0.014110044437665031,0.009756755745378924,0.9090908997672539,0.9578151544832989
p027,59,1.2,Q0,flat_level,1,1.1849636607191736,1.1849636607191736,0.0,0.0,0.0,0.0,0.9090908983503695,0.955563065083861
p027,59,1.2,Q0,max_export_lp,1,1.6572322875094938,1.6617717666059124,0.004539479096418608,0.012188760451771502,0.01445849999998089,0.009919020903562115,0.9090909030479455,0.9580661853831485
p027,59,1.2,Q0,fairness_qp,1,1.5948810760742278,1.5980583394356265,0.0031772633613986745,0.0098689275407203,0.011457559221120378,0.008280295860020935,0.9090909004293558,0.9577505164112714
p027,59,1.2,Q95,weighted_proportional,1,1.5070032970001674,1.5083015091421845,0.0012982121420170856,0.011133583899109584,0.011782689970118096,0.010484477828101073,0.9090909061446149,0.955699281794656
p027,59,1.2,Q95,equal_kw_reduction,1,1.612487277003052,1.6168405656953382,0.004353288692286128,0.011933400091521978,0.014110044437665031,0.009756755745378924,0.9090908926373871,0.9561194916660586
p027,59,1.2,Q95,flat_level,1,1.1849636607191736,1.1849636607191736,0.0,0.0,0.0,0.0,0.9090909069966064,0.9543941331679278
p027,59,1.2,Q95,max_export_lp,1,1.6572322873433465,1.661771767340415,0.004539479997068607,0.012188760001450636,0.014458499999984942,0.009919020002916331,0.9090909056263615,0.9563117888286397
p027,59,1.2,Q95,fairness_qp,1,1.5948810871865815,1.5980583384362692,0.003177251249687707,0.009868922393451884,0.011457548018295724,0.008280296768608043,0.9090908911774472,0.9560698818374858
p027,59,1.3,Q0,weighted_proportional,1,1.5070032969994482,1.508235432956509,0.0012321359570608426,0.016956927598160563,0.017572995576690946,0.01634085961963018,0.9090909036219393,0.9572777643489186
p027,59,1.3,Q0,equal_kw_reduction,1,1.612487277003052,1.6182149072283998,0.005727630225347724,0.018273585929579558,0.021137401042253368,0.015409770816905748,0.9090909019237619,0.9578368938117711
p027,59,1.3,Q0,flat_level,1,1.1849636607191736,1.1849636607191736,0.0,0.0,0.0,0.0,0.9090908983503695,0.955563065083861
p027,59,1.3,Q0,max_export_lp,1,1.6572322875094938,1.6632113665205828,0.005979079011088961,0.018698210494425323,0.02168774999996985,0.015708670988880798,0.9090908940253392,0.9580938006424553
p027,59,1.3,Q0,fairness_qp,1,1.5948810760742278,1.5990741493225336,0.0041930732483057565,0.014795676140005046,0.016892212759396397,0.012699139515852144,0.9090908905040443,0.9577675909940278
p027,59,1.3,Q95,weighted_proportional,1,1.5070032970001674,1.5082354329558287,0.0012321359556612954,0.016956927598795177,0.017572995576625852,0.016340859620964505,0.909090901392757,0.9557078594288003
p027,59,1.3,Q95,equal_kw_reduction,1,1.612487277003052,1.6182149072283998,0.005727630225347724,0.018273585929579558,0.021137401042253368,0.015409770816905748,0.9090908943205038,0.9561361111209966
p027,59,1.3,Q95,flat_level,1,1.1849636607191736,1.1849636607191736,0.0,0.0,0.0,0.0,0.9090909069966064,0.9543941331679278
p027,59,1.3,Q95,max_export_lp,1,1.6572322873433465,1.6632113649245757,0.005979077581229175,0.018698211209369004,0.021687749999983685,0.01570867241875432,0.9090909075884156,0.956332897804935
p027,59,1.3,Q95,fairness_qp,1,1.5948810871865815,1.5990741516661913,0.004193064479609765,0.014795677927035674,0.016892210166840504,0.012699145687230844,0.9090908940298785,0.9560829322160528
p027,59,1.4,Q0,weighted_proportional,1,1.5070032969994482,1.5077075908189905,0.0007042938195422899,0.022938054460151264,0.023290201369922388,0.02258590755038014,0.9090908885750534,0.9572868460053272
p027,59,1.4,Q0,equal_kw_reduction,1,1.612487277003052,1.6190318460949038,0.0065445690918517485,0.024873252319310427,0.028145536865236256,0.021600967773384598,0.9090908943780005,0.957856361422615
p027,59,1.4,Q0,flat_level,1,1.1849636607191736,1.1849636607191736,0.0,0.0,0.0,0.0,0.9090908983503695,0.955563065083861
p027,59,1.4,Q0,max_export_lp,1,1.6572322875094938,1.6635601880919075,0.006327900582413726,0.020933549708764064,0.024097499999971003,0.01776959941755712,0.9090908982719577,0.9581025952213401
p027,59,1.4,Q0,fairness_qp,1,1.5948810760742278,1.5996508095961153,0.004769733521887476,0.019563360939926954,0.021948227696294675,0.017178494178983168,0.9090909168333507,0.9577819963126402
p027,59,1.4,Q95,weighted_proportional,1,1.5070032970001674,1.507707590817424,0.0007042938172565627,0.022938054461176503,0.02329020136980478,0.022585907552548225,0.9090908957902022,0.9557147940599657
p027,59,1.4,Q95,equal_kw_reduction,1,1.612487277003052,1.6190318460949038,0.0065445690918517485,0.024873252319310427,0.028145536865236256,0.021600967773384598,0.9090909088806957,0.9561509889429222
p027,59,1.4,Q95,flat_level,1,1.1849636607191736,1.1849636607191736,0.0,0.0,0.0,0.0,0.9090909069966064,0.9543941331679278
p027,59,1.4,Q95,max_export_lp,1,1.6572322873433465,1.6635601880760147,0.006327900732668201,0.020933549633631466,0.02409749999996559,0.017769599267297344,0.9090909075553635,0.9563396223109416
p027,59,1.4,Q95,fairness_qp,1,1.5948810871865815,1.5996508086242522,0.0047697214376707375,0.019563359021780285,0.0219482197406156,0.017178498302944968,0.9090909241908588,0.9560939386192171
p027,59,1.5,Q0,weighted_proportional,1,1.5070032969994482,1.5067304902652272,-0.00027280673422103163,0.02906679195040388,0.028930388583293352,0.02920319531751441,0.9090908887212358,0.9572938301908437
p027,59,1.5,Q0,equal_kw_reduction,1,1.612487277003052,1.6191129314895896,0.006625654486537513,0.026007076998005307,0.029319904241274064,0.02269424975473655,0.9090909037287849,0.9578594006596381
p027,59,1.5,Q0,flat_level,1,1.1849636607191736,1.1849636607191736,0.0,0.0,0.0,0.0,0.9090908983503695,0.955563065083861
p027,59,1.5,Q0,max_export_lp,1,1.6572322875094938,1.6635601881073667,0.006327900597872915,0.020933549701036388,0.02409749999997285,0.017769599402099927,0.9090909058156814,0.958102595247738
p027,59,1.5,Q0,fairness_qp,1,1.5948810760742278,1.599871503064438,0.004990426990210128,0.024050927315333533,0.026546140807041527,0.021555713820228476,0.9090909018100537,0.9577938812480399
p027,59,1.5,Q95,weighted_proportional,1,1.5070032970001674,1.506730490279462,-0.0002728067207053986,0.029066791944471895,0.028930388584119185,0.029203195304824604,0.9090908953106356,0.9557201213941576
p027,59,1.5,Q95,equal_kw_reduction,1,1.612487277003052,1.6191129314895896,0.006625654486537513,0.026007076998005307,0.029319904241274064,0.02269424975473655,0.909090903884773,0.9561533111368273
p027,59,1.5,Q95,flat_level,1,1.1849636607191736,1.1849636607191736,0.0,0.0,0.0,0.0,0.9090909069966064,0.9543941331679278
p027,59,1.5,Q95,max_export_lp,1,1.6572322873433465,1.663560188468029,0.006327901124682622,0.020933549437633862,0.024097499999975236,0.017769598875292485,0.9090909154567697,0.9563396228589495
p027,59,1.5,Q95,fairness_qp,1,1.5948810871865815,1.599871500608227,0.004990413421645412,0.024050921234188612,0.026546127945011294,0.02155571452336593,0.9090909109194142,0.9561030160848314
p027,59,1.6,Q0,weighted_proportional,1,1.5070032969994482,1.5053175093390108,-0.0016857876604374766,0.03533284996666956,0.034489956136450776,0.03617574379688836,0.9090908940975042,0.9572987678402675
p027,59,1.6,Q0,equal_kw_reduction,1,1.612487277003052,1.6191129314895896,0.006625654486537513,0.026007076998005307,0.029319904241274064,0.02269424975473655,0.9090909037287849,0.9578594006596381
p027,59,1.6,Q0,flat_level,1,1.1849636607191736,1.1849636607191736,0.0,0.0,0.0,0.0,0.9090908983503695,0.955563065083861
p027,59,1.6,Q0,max_export_lp,1,1.6572322875094938,1.663560188210483,0.0063279007009890975,0.02093354964948137,0.024097499999975375,0.017769599298986773,0.9090909059356361,0.9581025954243383
p027,59,1.6,Q0,fairness_qp,1,1.5948810760742278,1.5998477582921038,0.004966682217875995,0.02826005722905051,0.030743398337988503,0.025776716120112512,0.9090909072484123,0.957803845863759
p027,59,1.6,Q95,weighted_proportional,1,1.5070032970001674,1.505317509345049,-0.0016857876551183981,0.03533284996436602,0.034489956136806804,0.03617574379192524,0.9090909085688041,0.9557238805176308
p027,59,1.6,Q95,equal_kw_reduction,1,1.612487277003052,1.6191129314895896,0.006625654486537513,0.026007076998005307,0.029319904241274064,0.02269424975473655,0.909090903884773,0.9561533111368273
p027,59,1.6,Q95,flat_level,1,1.1849636607191736,1.1849636607191736,0.0,0.0,0.0,0.0,0.9090909069966064,0.9543941331679278
p027,59,1.6,Q95,max_export_lp,1,1.6572322873433465,1.6635601881705457,0.006327900827199251,0.020933549586388336,0.024097499999988004,0.01776959917278867,0.909090907674689,0.9563396224364688
p027,59,1.6,Q95,fairness_qp,1,1.5948810871865815,1.5998477561796134,0.004966668993031886,0.028260064838524515,0.030743399335040472,0.025776730342008555,0.9090909050950299,0.9561106241531818
p027,59,1.7,Q0,weighted_proportional,1,1.5070032969994482,1.4269500000638315,-0.08005329693561669,0.07482250826347125,0.034795859795662874,0.11484915673127966,0.9090908924511203,0.9569603966025673
p027,59,1.7,Q0,equal_kw_reduction,1,1.612487277003052,1.6191129314895896,0.006625654486537513,0.026007076998005307,0.029319904241274064,0.02269424975473655,0.9090909037287849,0.9578594006596381
p027,59,1.7,Q0,flat_level,1,1.1849636607191736,1.1849636607191736,0.0,0.0,0.0,0.0,0.9090908983503695,0.955563065083861
p027,59,1.7,Q0,max_export_lp,1,1.6572322875094938,1.6635601881112998,0.006327900601805991,0.02093354969905445,0.024097499999957542,0.017769599398151356,0.9090908982870963,0.9581025952874732
p027,59,1.7,Q0,fairness_qp,1,1.5948810760742278,1.5998035751180553,0.004922499043827466,0.030002999677291493,0.03246424919490472,0.027541750155377707,0.9090909010248185,0.9578078130286841
p027,59,1.7,Q95,weighted_proportional,1,1.5070032970001674,1.4269500000058821,-0.08005329699428532,0.07482250829277617,0.034795859795633474,0.11484915678991887,0.9090909109975372,0.9554646146978252
p027,59,1.7,Q95,equal_kw_reduction,1,1.612487277003052,1.6191129314895896,0.006625654486537513,0.026007076998005307,0.029319904241274064,0.02269424975473655,0.909090903884773,0.9561533111368273
p027,59,1.7,Q95,flat_level,1,1.1849636607191736,1.1849636607191736,0.0,0.0,0.0,0.0,0.9090909069966064,0.9543941331679278
p027,59,1.7,Q95,max_export_lp,1,1.6572322873433465,1.6635601889806697,0.006327901637323219,0.020933549181327952,0.024097499999989627,0.017769598362666273,0.9090909085318966,0.9563396235384991
p027,59,1.7,Q95,fairness_qp,1,1.5948810871865815,1.5998035752024429,0.00492248801586137,0.030002995733750454,0.03246423974168115,0.027541751725819755,0.9090909021348729,0.9561136525520554
p027,59,1.74,Q0,weighted_proportional,1,1.5070032969994482,1.3963624137941217,-0.1106408832053265,0.09011630139832615,0.034795859795662874,0.1454367430009894,0.9090908923294193,0.9568280170602085
p027,59,1.74,Q0,equal_kw_reduction,1,1.612487277003052,1.6191129314895896,0.006625654486537513,0.026007076998005307,0.029319904241274064,0.02269424975473655,0.9090909037287849,0.9578594006596381
p027,59,1.74,Q0,flat_level,1,1.1849636607191736,1.1849636607191736,0.0,0.0,0.0,0.0,0.9090908983503695,0.955563065083861
p027,59,1.74,Q0,max_export_lp,1,1.6572322875094938,1.6635601881487605,0.0063279006392666926,0.020933549680342445,0.024097499999974584,0.017769599360709102,0.9090908983021877,0.9581025953033784
p027,59,1.74,Q0,fairness_qp,1,1.5948810760742278,1.5998226340069865,0.0049415579327587444,0.02999347023339971,0.032464249195005776,0.02752269126702038,0.9090909253137753,0.9578078992884627
p027,59,1.74,Q95,weighted_proportional,1,1.5070032970001674,1.3963624138046016,-0.11064088319556586,0.0901163013934164,0.034795859795633474,0.14543674299119935,0.9090909119555034,0.9553631776795198
p027,59,1.74,Q95,equal_kw_reduction,1,1.612487277003052,1.6191129314895896,0.006625654486537513,0.026007076998005307,0.029319904241274064,0.02269424975473655,0.909090903884773,0.9561533111368273
p027,59,1.74,Q95,flat_level,1,1.1849636607191736,1.1849636607191736,0.0,0.0,0.0,0.0,0.9090909069966064,0.9543941331679278
p027,59,1.74,Q95,max_export_lp,1,1.6572322873433465,1.6635601880904685,0.006327900747121973,0.020933549626427427,0.024097499999988503,0.01776959925286635,0.9090908925597826,0.9563396223645174
p027,59,1.74,Q95,fairness_qp,1,1.5948810871865815,1.5998226366780286,0.004941549491447095,0.029993464995770245,0.03246423974149382,0.027522690250046677,0.90909090235732,0.9561137186437003
p027,59,1.8,Q0,weighted_proportional,1,1.5070032969994482,1.3530300000006137,-0.15397329699883455,0.1117825082950802,0.034795859795662874,0.18876915679449752,0.9090909030445631,0.9566404093287254
p027,59,1.8,Q0,equal_kw_reduction,1,1.612487277003052,1.6191129314895896,0.006625654486537513,0.026007076998005307,0.029319904241274064,0.02269424975473655,0.9090909037287849,0.9578594006596381
p027,59,1.8,Q0,flat_level,1,1.1849636607191736,1.1849636607191736,0.0,0.0,0.0,0.0,0.9090908983503695,0.955563065083861
p027,59,1.8,Q0,max_export_lp,1,1.6572322875094938,1.6635601885428297,0.006327901033335914,0.020933549483299056,0.024097499999967117,0.017769598966631,0.9090908986935566,0.9581025960169172
p027,59,1.8,Q0,fairness_qp,1,1.5948810760742278,1.5998496741885992,0.0049685981143714475,0.029979950137123113,0.03246424919430886,0.02749565107993736,0.9090908937642014,0.9578080217797544
p027,59,1.8,Q95,weighted_proportional,1,1.5070032970001674,1.3530300000121067,-0.15397329698806073,0.11178250828966381,0.034795859795633474,0.18876915678369416,0.9090908966491382,0.955219415640286
p027,59,1.8,Q95,equal_kw_reduction,1,1.612487277003052,1.6191129314895896,0.006625654486537513,0.026007076998005307,0.029319904241274064,0.02269424975473655,0.909090903884773,0.9561533111368273
p027,59,1.8,Q95,flat_level,1,1.1849636607191736,1.1849636607191736,0.0,0.0,0.0,0.0,0.9090909069966064,0.9543941331679278
p027,59,1.8,Q95,max_export_lp,1,1.6572322873433465,1.6635601882769877,0.006327900933641217,0.020933549533163294,0.024097499999983937,0.017769599066342647,0.9090909078246506,0.9563396225942246
p027,59,1.8,Q95,fairness_qp,1,1.5948810871865815,1.5998496772967974,0.004968590110215887,0.02997994468652498,0.03246423974163293,0.027495649631417037,0.9090909095016337,0.9561138124471421
p027,59,1.9,Q0,weighted_proportional,1,1.5070032969994482,1.2868910526324306,-0.2201122443670176,0.14485198197917165,0.034795859795662874,0.25490810416268045,0.909090889938361,0.95635390205821
p027,59,1.9,Q0,equal_kw_reduction,1,1.612487277003052,1.6191129314895896,0.006625654486537513,0.026007076998005307,0.029319904241274064,0.02269424975473655,0.9090909037287849,0.9578594006596381
p027,59,1.9,Q0,flat_level,1,1.1849636607191736,1.1849636607191736,0.0,0.0,0.0,0.0,0.9090908983503695,0.955563065083861
p027,59,1.9,Q0,max_export_lp,1,1.6572322875094938,1.6635601882004103,0.006327900690916488,0.020933549654520163,0.02409749999997711,0.01776959930906191,0.9090909058261651,0.958102595409322
p027,59,1.9,Q0,fairness_qp,1,1.5948810760742278,1.599891038758458,0.0050099626842301515,0.02995926785711462,0.03246424919500211,0.02745428651499954,0.9090908974207971,0.9578082090919852
p027,59,1.9,Q95,weighted_proportional,1,1.5070032970001674,1.2868910526382107,-0.22011224436195675,0.14485198197661187,0.034795859795633474,0.25490810415759024,0.9090909051591534,0.9549998545988511
p027,59,1.9,Q95,equal_kw_reduction,1,1.612487277003052,1.6191129314895896,0.006625654486537513,0.026007076998005307,0.029319904241274064,0.02269424975473655,0.909090903884773,0.9561533111368273
p027,59,1.9,Q95,flat_level,1,1.1849636607191736,1.1849636607191736,0.0,0.0,0.0,0.0,0.9090909069966064,0.9543941331679278
p027,59,1.9,Q95,max_export_lp,1,1.6572322873433465,1.663560188114819,0.006327900771472494,0.020933549614235478,0.024097499999971808,0.01776959922849915,0.9090909000511201,0.956339622381009
p027,59,1.9,Q95,fairness_qp,1,1.5948810871865815,1.5998910409071267,0.005009953720545246,0.029959262881681287,0.03246423974195392,0.02745428602140865,0.9090908964034816,0.9561139559812053
p027,59,2.0,Q0,weighted_proportional,1,1.5070032969994482,1.2273660000024855,-0.2796372969969627,0.17461450829414424,0.034795859795662874,0.3144331567926256,0.9090909015035524,0.956095881387206
p027,59,2.0,Q0,equal_kw_reduction,1,1.612487277003052,1.6191129314895896,0.006625654486537513,0.026007076998005307,0.029319904241274064,0.02269424975473655,0.9090909037287849,0.9578594006596381
p027,59,2.0,Q0,flat_level,1,1.1849636607191736,1.1849636607191736,0.0,0.0,0.0,0.0,0.9090908983503695,0.955563065083861
p027,59,2.0,Q0,max_export_lp,1,1.6572322875094938,1.663560188106509,0.006327900597015157,0.020933549701461607,0.02409749999996924,0.017769599402953976,0.9090909209663485,0.9581025952166264
p027,59,2.0,Q0,fairness_qp,1,1.5948810760742278,1.5999283616263706,0.005047285552142844,0.029940606418768313,0.03246424919483974,0.027416963642696884,0.9090908987613724,0.9578083780949781
p027,59,2.0,Q95,weighted_proportional,1,1.5070032970001674,1.2273660000010227,-0.27963729699914475,0.17461450829520583,0.034795859795633474,0.3144331567947782,0.9090909201553221,0.9548021102202708
p027,59,2.0,Q95,equal_kw_reduction,1,1.612487277003052,1.6191129314895896,0.006625654486537513,0.026007076998005307,0.029319904241274064,0.02269424975473655,0.909090903884773,0.9561533111368273
p027,59,2.0,Q95,flat_level,1,1.1849636607191736,1.1849636607191736,0.0,0.0,0.0,0.0,0.9090909069966064,0.9543941331679278
p027,59,2.0,Q95,max_export_lp,1,1.6572322873433465,1.663560188090181,0.006327900746834425,0.020933549626551026,0.024097499999968297,0.017769599253133758,0.9090908999405184,0.9563396223647941
p027,59,2.0,Q95,fairness_qp,1,1.5948810871865815,1.5999283637435264,0.005047276556944924,0.029940601463529854,0.032464239742002354,0.02741696318505735,0.9090909019450011,0.9561140854603138
p028,61,1.0,Q0,weighted_proportional,1,1.5070032969994482,1.5070032969994482,0.0,0.0,0.0,0.0,0.9090908986590723,0.9572374939891118
p028,61,1.0,Q0,equal_kw_reduction,1,1.612487277003052,1.612487277003052,0.0,0.0,0.0,0.0,0.9090909085411034,0.9577651340631068
p028,61,1.0,Q0,flat_level,1,1.1849636607191736,1.1849636607191736,0.0,0.0,0.0,0.0,0.9090908983503695,0.955563065083861
p028,61,1.0,Q0,max_export_lp,1,1.6572322875094938,1.6572322875094938,0.0,0.0,0.0,0.0,0.9090908879931944,0.9580058048566669
p028,61,1.0,Q0,fairness_qp,1,1.5948810760742278,1.5948810760742278,0.0,0.0,0.0,0.0,0.9090908901901453,0.9577105026709762
p028,61,1.0,Q95,weighted_proportional,1,1.5070032970001674,1.5070032970001674,0.0,0.0,0.0,0.0,0.9090908975310804,0.9556770734851585
p028,61,1.0,Q95,equal_kw_reduction,1,1.612487277003052,1.612487277003052,0.0,0.0,0.0,0.0,0.9090908917775226,0.9560812375763708
p028,61,1.0,Q95,flat_level,1,1.1849636607191736,1.1849636607191736,0.0,0.0,0.0,0.0,0.9090909069966064,0.9543941331679278
p028,61,1.0,Q95,max_export_lp,1,1.6572322873433465,1.6572322873433465,0.0,0.0,0.0,0.0,0.9090909076611658,0.956265611819685
p028,61,1.0,Q95,fairness_qp,1,1.5948810871865815,1.5948810871865815,0.0,0.0,0.0,0.0,0.9090909102228547,0.9560392884682518
p028,61,1.1,Q0,weighted_proportional,1,1.5070032969994482,1.5140322532854449,0.007028956285996646,0.008332550525137324,0.011847028668135681,0.004818072382138966,0.9090909030540725,0.9572918793342963
p028,61,1.1,Q0,equal_kw_reduction,1,1.612487277003052,1.6219718556124354,0.009484578609383343,0.00954469616459737,0.014286985469289082,0.004802406859905658,0.9090908969484338,0.9578360447657817
p028,61,1.1,Q0,flat_level,1,1.1849636607191736,1.1849636607191736,0.0,0.0,0.0,0.0,0.9090908983503695,0.955563065083861
p028,61,1.1,Q0,max_export_lp,1,1.6572322875094938,1.6669981955184627,0.009765908008968927,0.009575545995500985,0.014458499999985497,0.0046925919910164714,0.9090908940859488,0.9580823742212277
p028,61,1.1,Q0,fairness_qp,1,1.5948810760742278,1.6034743217499823,0.00859324567575448,0.01016187716473595,0.01445850000071719,0.005865254326858757,0.9090909095460814,0.9577779373937739
p028,61,1.1,Q95,weighted_proportional,1,1.5070032970001674,1.5140322533031145,0.007028956302947087,0.008332550518179254,0.011847028669652815,0.004818072366705693,0.9090908957986061,0.9557187131076595
p028,61,1.1,Q95,equal_kw_reduction,1,1.612487277003052,1.6219718556124354,0.009484578609383343,0.00954469616459737,0.014286985469289082,0.004802406859905658,0.909090896738331,0.9561355182538495
p028,61,1.1,Q95,flat_level,1,1.1849636607191736,1.1849636607191736,0.0,0.0,0.0,0.0,0.9090909069966064,0.9543941331679278
p028,61,1.1,Q95,max_export_lp,1,1.6572322873433465,1.6669981954964672,0.009765908153120728,0.009575545923334929,0.014458499999895374,0.004692591846774483,0.9090908942003213,0.9563242180732981
p028,61,1.1,Q95,fairness_qp,1,1.5948810871865815,1.6034743318337619,0.008593244647180365,0.010161877676292577,0.014458499999882718,0.005865255352702435,0.9090909079499228,0.9560909012022162
p028,61,1.2,Q0,weighted_proportional,1,1.5070032969994482,1.5205309808377054,0.013527683838257198,0.01680153802114451,0.023565379940273093,0.01003769610201593,0.9090908928399701,0.9573437410588846
p028,61,1.2,Q0,equal_kw_reduction,1,1.612487277003052,1.630914915978552,0.018427638975500038,0.019341478407956855,0.028555297895706905,0.010127658920206804,0.9090908999452448,0.9579047344936592
p028,61,1.2,Q0,flat_level,1,1.1849636607191736,1.1849636607191736,0.0,0.0,0.0,0.0,0.9090908983503695,0.955563065083861
p028,61,1.2,Q0,max_export_lp,1,1.6572322875094938,1.6762302670001636,0.018997979490669836,0.0194180102546441,0.028916999999979015,0.009919020509309186,0.9090908926828309,0.9581572728014999
p028,61,1.2,Q0,fairness_qp,1,1.5948810760742278,1.6114700502843826,0.016588974210154817,0.020622512897190547,0.02891700000067035,0.012328025792113102,0.9090908969078398,0.9578429403149518
p028,61,1.2,Q95,weighted_proportional,1,1.5070032970001674,1.5205309808377592,0.01352768383759173,0.016801538021423645,0.02356537994021951,0.010037696102627777,0.9090909015601514,0.9557584175035371
p028,61,1.2,Q95,equal_kw_reduction,1,1.612487277003052,1.630914915978552,0.018427638975500038,0.019341478407956855,0.028555297895706905,0.010127658920206804,0.90909090697257,0.9561880942630544
p028,61,1.2,Q95,flat_level,1,1.1849636607191736,1.1849636607191736,0.0,0.0,0.0,0.0,0.9090909069966064,0.9543941331679278
p028,61,1.2,Q95,max_export_lp,1,1.6572322873433465,1.676230266157991,0.0189979788146446,0.019418010592657665,0.028916999999979986,0.009919021185335346,0.9090909182649466,0.9563815387571049
p028,61,1.2,Q95,fairness_qp,1,1.5948810871865815,1.6114700530367503,0.01658896585016878,0.02062251707440034,0.028916999999484716,0.012328034149315964,0.9090908940650989,0.9561406472857169
p028,61,1.3,Q0,weighted_proportional,1,1.5070032969994482,1.5265047719835787,0.019501474984130462,0.025395253661387045,0.03514599115345225,0.015644516169321835,0.9090909011565259,0.9573930837238187
p028,61,1.3,Q0,equal_kw_reduction,1,1.612487277003052,1.6392982632043338,0.02681098620128175,0.029398816768368842,0.04280430986900971,0.015993323667727974,0.9090909010848186,0.9579711303206837
p028,61,1.3,Q0,flat_level,1,1.1849636607191736,1.1849636607191736,0.0,0.0,0.0,0.0,0.9090908983503695,0.955563065083861
p028,61,1.3,Q0,max_export_lp,1,1.6572322875094938,1.6848991150204438,0.027666827510949954,0.029542086244523338,0.0433754999999984,0.01570867248904827,0.9090909011829589,0.9582304063363183
p028,61,1.3,Q0,fairness_qp,1,1.5948810760742278,1.6188568286804805,0.02397575260625273,0.03138762369719858,0.043375500000324946,0.019399747394072218,0.9090909114140084,0.9579054667393422
p028,61,1.3,Q95,weighted_proportional,1,1.5070032970001674,1.5265047719820228,0.019501474981855393,0.025395253662304364,0.03514599115323208,0.015644516171376646,0.909090895010131,0.9557961904903527
p028,61,1.3,Q95,equal_kw_reduction,1,1.612487277003052,1.6392982632043338,0.02681098620128175,0.029398816768368842,0.04280430986900971,0.015993323667727974,0.9090908936379044,0.9562389098068241
p028,61,1.3,Q95,flat_level,1,1.1849636607191736,1.1849636607191736,0.0,0.0,0.0,0.0,0.9090909069966064,0.9543941331679278
p028,61,1.3,Q95,max_export_lp,1,1.6572322873433465,1.6848991149659673,0.02766682762262085,0.02954208618868511,0.0433754999999956,0.015708672377374625,0.9090909104512239,0.9564375052665653
p028,61,1.3,Q95,fairness_qp,1,1.5948810871865815,1.6188568391705953,0.023975751984013804,0.03138762400695186,0.04337549999895873,0.019399748014944984,0.9090909173438255,0.9561884929957738
p028,61,1.4,Q0,weighted_proportional,1,1.5070032969994482,1.5319602598406439,0.02495696284119564,0.034101921319295306,0.046580402739893126,0.021623439898697486,0.9090909042652462,0.9574399189783706
p028,61,1.4,Q0,equal_kw_reduction,1,1.612487277003052,1.6451732306089732,0.03268595360592119,0.03707442743831351,0.05341740424127406,0.020731450635352967,0.9090908961971659,0.9580191010342607
p028,61,1.4,Q0,flat_level,1,1.1849636607191736,1.1849636607191736,0.0,0.0,0.0,0.0,0.9090908983503695,0.955563065083861
p028,61,1.4,Q0,max_export_lp,1,1.6572322875094938,1.6876576876763851,0.030425400166891325,0.03298229991650924,0.04819499999995491,0.01776959983306357,0.9090909081657711,0.958254373566293
p028,61,1.4,Q0,fairness_qp,1,1.5948810760742278,1.6212338508410393,0.026352774766811526,0.03501861261874452,0.04819500000096402,0.02184222523533877,0.9090909028916799,0.9579260018992154
p028,61,1.4,Q95,weighted_proportional,1,1.5070032970001674,1.531960259838552,0.024956962838384555,0.034101921320410254,0.04658040273960251,0.021623439901218,0.9090908985989018,0.9558320409444707
p028,61,1.4,Q95,equal_kw_reduction,1,1.612487277003052,1.6451732306089732,0.03268595360592119,0.03707442743831351,0.05341740424127406,0.020731450635352967,0.9090908930531937,0.9562756207228642
p028,61,1.4,Q95,flat_level,1,1.1849636607191736,1.1849636607191736,0.0,0.0,0.0,0.0,0.9090909069966064,0.9543941331679278
p028,61,1.4,Q95,max_export_lp,1,1.6572322873433465,1.6876576877105258,0.030425400367179334,0.03298229981641031,0.04819499999999999,0.017769599632820633,0.909090896425129,0.9564558450244348
p028,61,1.4,Q95,fairness_qp,1,1.5948810871865815,1.6212338515495706,0.026352764362989056,0.03501861781850125,0.048194999999995825,0.02184223563700667,0.9090909007630124,0.9562042054869145
p028,61,1.5,Q0,weighted_proportional,1,1.5070032969994482,1.5369053331956122,0.02990203619616394,0.04290975906864304,0.05786077716672498,0.0279587409705611,0.9090908973038061,0.9574842648784688
p028,61,1.5,Q0,equal_kw_reduction,1,1.612487277003052,1.6451732306089732,0.03268595360592119,0.03707442743831351,0.05341740424127406,0.020731450635352967,0.9090908961971659,0.9580191010342607
p028,61,1.5,Q0,flat_level,1,1.1849636607191736,1.1849636607191736,0.0,0.0,0.0,0.0,0.9090908983503695,0.955563065083861
p028,61,1.5,Q0,max_export_lp,1,1.6572322875094938,1.6876576879369394,0.03042540042744557,0.032982299786239976,0.04819499999996282,0.01776959957251712,0.9090909084447625,0.9582543740109645
p028,61,1.5,Q0,fairness_qp,1,1.5948810760742278,1.6213037470639433,0.026422670989715513,0.0349836645070983,0.04819500000106647,0.021772329012240566,0.9090908897912643,0.9579263388102046
p028,61,1.5,Q95,weighted_proportional,1,1.5070032970001674,1.536905333206761,0.029902036206593596,0.04290975906468278,0.05786077716797958,0.027958740961385977,0.9090909081862659,0.9558659830003529
p028,61,1.5,Q95,equal_kw_reduction,1,1.612487277003052,1.6451732306089732,0.03268595360592119,0.03707442743831351,0.05341740424127406,0.020731450635352967,0.9090908930531937,0.9562756207228642
p028,61,1.5,Q95,flat_level,1,1.1849636607191736,1.1849636607191736,0.0,0.0,0.0,0.0,0.9090909069966064,0.9543941331679278
p028,61,1.5,Q95,max_export_lp,1,1.6572322873433465,1.6876576876199227,0.030425400276576253,0.032982299861711854,0.04819499999999999,0.017769599723423717,0.9090909039722763,0.9564558449003123
p028,61,1.5,Q95,fairness_qp,1,1.5948810871865815,1.6213037501276968,0.026422662941115282,0.03498366852958464,0.04819500000008414,0.02177233705902696,0.9090909037792869,0.9562044635357122
p028,61,1.6,Q0,weighted_proportional,1,1.5070032969994482,1.541349045467134,0.03434574846768568,0.051807038039099564,0.06897991227294244,0.03463416380525669,0.9090909011602669,0.9575261457856656
p028,61,1.6,Q0,equal_kw_reduction,1,1.612487277003052,1.6451732306089732,0.03268595360592119,0.03707442743831351,0.05341740424127406,0.020731450635352967,0.9090908961971659,0.9580191010342607
p028,61,1.6,Q0,flat_level,1,1.1849636607191736,1.1849636607191736,0.0,0.0,0.0,0.0,0.9090908983503695,0.955563065083861
p028,61,1.6,Q0,max_export_lp,1,1.6572322875094938,1.6876576886720627,0.030425401162568866,0.03298229941871736,0.04819499999999852,0.017769598837432846,0.9090909015526575,0.9582543752737037
p028,61,1.6,Q0,fairness_qp,1,1.5948810760742278,1.6213651535988187,0.02648407752459092,0.03495296124280008,0.04819500000128313,0.021710922480504664,0.9090908921344918,0.9579266348014767
p028,61,1.6,Q95,weighted_proportional,1,1.5070032970001674,1.5413490454709624,0.03434574847079497,0.05180703803796346,0.06897991227336095,0.034634163802565975,0.9090909087376033,0.9558980354212845
p028,61,1.6,Q95,equal_kw_reduction,1,1.612487277003052,1.6451732306089732,0.03268595360592119,0.03707442743831351,0.05341740424127406,0.020731450635352967,0.9090908930531937,0.9562756207228642
p028,61,1.6,Q95,flat_level,1,1.1849636607191736,1.1849636607191736,0.0,0.0,0.0,0.0,0.9090909069966064,0.9543941331679278
p028,61,1.6,Q95,max_export_lp,1,1.6572322873433465,1.6876576878354446,0.030425400492098076,0.03298229975395087,0.04819499999999999,0.01776959950790174,0.9090909041622397,0.9564558452003419
p028,61,1.6,Q95,fairness_qp,1,1.5948810871865815,1.6213651542536467,0.026484067067065187,0.03495296646670017,0.048195000000092775,0.02171093293316754,0.9090909043805974,0.9562046902466009
p028,61,1.7,Q0,weighted_proportional,1,1.5070032969994482,1.4666400000066624,-0.040363296992785846,0.08977336808771871,0.06959171959132575,0.10995501658411168,0.9090908994150138,0.9572110512774549
p028,61,1.7,Q0,equal_kw_reduction,1,1.612487277003052,1.6451732306089732,0.03268595360592119,0.03707442743831351,0.05341740424127406,0.020731450635352967,0.9090908961971659,0.9580191010342607
p028,61,1.7,Q0,flat_level,1,1.1849636607191736,1.1849636607191736,0.0,0.0,0.0,0.0,0.9090908983503695,0.955563065083861
p028,61,1.7,Q0,max_export_lp,1,1.6572322875094938,1.6876576876352918,0.030425400125797974,0.032982299937085825,0.04819499999998486,0.017769599874186793,0.9090909081435363,0.9582543734926581
p028,61,1.7,Q0,fairness_qp,1,1.5948810760742278,1.6214195317528783,0.02653845567865054,0.034925772161877595,0.04819500000109078,0.021656544322552356,0.9090908912241722,0.957926896923741
p028,61,1.7,Q95,weighted_proportional,1,1.5070032970001674,1.4666400000054054,-0.04036329699476204,0.089773368088648,0.06959171959126695,0.10995501658602903,0.909090910007743,0.955656613319
p028,61,1.7,Q95,equal_kw_reduction,1,1.612487277003052,1.6451732306089732,0.03268595360592119,0.03707442743831351,0.05341740424127406,0.020731450635352967,0.9090908930531937,0.9562756207228642
p028,61,1.7,Q95,flat_level,1,1.1849636607191736,1.1849636607191736,0.0,0.0,0.0,0.0,0.9090909069966064,0.9543941331679278
p028,61,1.7,Q95,max_export_lp,1,1.6572322873433465,1.687657687605252,0.030425400261905544,0.032982299869047195,0.04819499999999999,0.01776959973809441,0.9090909039726923,0.9564558449007499
p028,61,1.7,Q95,fairness_qp,1,1.5948810871865815,1.6214195333636463,0.0265384461770648,0.0349257769113063,0.04819499999983873,0.021656553822773872,0.9090908991931058,0.9562048910362139
p028,61,1.74,Q0,weighted_proportional,1,1.5070032969994482,1.4373558620740738,-0.0696474349253744,0.10441543705401296,0.06959171959132575,0.13923915451670016,0.909090899508807,0.957086980606376
p028,61,1.74,Q0,equal_kw_reduction,1,1.612487277003052,1.6451732306089732,0.03268595360592119,0.03707442743831351,0.05341740424127406,0.020731450635352967,0.9090908961971659,0.9580191010342607
p028,61,1.74,Q0,flat_level,1,1.1849636607191736,1.1849636607191736,0.0,0.0,0.0,0.0,0.9090908983503695,0.955563065083861
p028,61,1.74,Q0,max_export_lp,1,1.6572322875094938,1.6876576876486329,0.03042540013913908,0.032982299930417326,0.04819499999998697,0.017769599860847682,0.9090909081172623,0.9582543735151607
p028,61,1.74,Q0,fairness_qp,1,1.5948810760742278,1.6214395804708748,0.026558504396646976,0.03491574780551762,0.048195000001229144,0.021636495607194075,0.9090909135731889,0.9579269935429381
p028,61,1.74,Q95,weighted_proportional,1,1.5070032970001674,1.4373558620729525,-0.06964743492721492,0.10441543705487441,0.06959171959126695,0.13923915451848187,0.9090909074393443,0.9555615470736171
p028,61,1.74,Q95,equal_kw_reduction,1,1.612487277003052,1.6451732306089732,0.03268595360592119,0.03707442743831351,0.05341740424127406,0.020731450635352967,0.9090908930531937,0.9562756207228642
p028,61,1.74,Q95,flat_level,1,1.1849636607191736,1.1849636607191736,0.0,0.0,0.0,0.0,0.9090909069966064,0.9543941331679278
p028,61,1.74,Q95,max_export_lp,1,1.6572322873433465,1.6876576876009688,0.030425400257622304,0.032982299871188815,0.04819499999999999,0.01776959974237764,0.9090909038693124,0.9564558448921527
p028,61,1.74,Q95,fairness_qp,1,1.5948810871865815,1.6214395795337702,0.026558492347188656,0.03491575382593341,0.0481949999995277,0.021636507652339126,0.909090898221011,0.9562049650395693
p028,61,1.8,Q0,weighted_proportional,1,1.5070032969994482,1.3958700000022388,-0.11113329699720942,0.12515836808993044,0.06959171959132575,0.18072501658853513,0.9090909054225491,0.9569111522525232
p028,61,1.8,Q0,equal_kw_reduction,1,1.612487277003052,1.6451732306089732,0.03268595360592119,0.03707442743831351,0.05341740424127406,0.020731450635352967,0.9090908961971659,0.9580191010342607
p028,61,1.8,Q0,flat_level,1,1.1849636607191736,1.1849636607191736,0.0,0.0,0.0,0.0,0.9090908983503695,0.955563065083861
p028,61,1.8,Q0,max_export_lp,1,1.6572322875094938,1.6876576877229694,0.030425400213475617,0.03298229989325004,0.048194999999987886,0.017769599786512203,0.9090909006721296,0.9582543736427926
p028,61,1.8,Q0,fairness_qp,1,1.5948810760742278,1.6214680201514866,0.02658694407725881,0.034901527965654135,0.04819500000124882,0.021608055927024684,0.909090885119359,0.9579271306734163
p028,61,1.8,Q95,weighted_proportional,1,1.5070032970001674,1.3958700000015942,-0.11113329699857322,0.12515836809055358,0.06959171959126695,0.1807250165898402,0.9090908977492147,0.9554268175404295
p028,61,1.8,Q95,equal_kw_reduction,1,1.612487277003052,1.6451732306089732,0.03268595360592119,0.03707442743831351,0.05341740424127406,0.020731450635352967,0.9090908930531937,0.9562756207228642
p028,61,1.8,Q95,flat_level,1,1.1849636607191736,1.1849636607191736,0.0,0.0,0.0,0.0,0.9090909069966064,0.9543941331679278
p028,61,1.8,Q95,max_export_lp,1,1.6572322873433465,1.6876576876070364,0.030425400263689895,0.03298229986815504,0.04819499999999999,0.01776959973631009,0.909090903970624,0.9564558448985737
p028,61,1.8,Q95,fairness_qp,1,1.5948810871865815,1.621468020332133,0.026586933145551495,0.03490153342761851,0.04819500000010177,0.02160806685484276,0.9090908993444695,0.9562050700449074
p028,61,1.9,Q0,weighted_proportional,1,1.5070032969994482,1.3325494736849401,-0.1744538233145081,0.15681863124857984,0.06959171959132575,0.24404554290583394,0.9090908974994222,0.9566426433186028
p028,61,1.9,Q0,equal_kw_reduction,1,1.612487277003052,1.6451732306089732,0.03268595360592119,0.03707442743831351,0.05341740424127406,0.020731450635352967,0.9090908961971659,0.9580191010342607
p028,61,1.9,Q0,flat_level,1,1.1849636607191736,1.1849636607191736,0.0,0.0,0.0,0.0,0.9090908983503695,0.955563065083861
p028,61,1.9,Q0,max_export_lp,1,1.6572322875094938,1.6876576876218587,0.030425400112364942,0.03298229994381751,0.04819499999999999,0.01776959988763503,0.9090908855322307,0.9582543734843298
p028,61,1.9,Q0,fairness_qp,1,1.5948810760742278,1.621511527150133,0.026630451075905226,0.034879774467011605,0.0481950000012788,0.021564548929058968,0.9090909058867103,0.9579273403974466
p028,61,1.9,Q95,weighted_proportional,1,1.5070032970001674,1.332549473706193,-0.17445382329397452,0.15681863123825424,0.06959171959126695,0.24404554288524152,0.9090909024368387,0.9552210592520811
p028,61,1.9,Q95,equal_kw_reduction,1,1.612487277003052,1.6451732306089732,0.03268595360592119,0.03707442743831351,0.05341740424127406,0.020731450635352967,0.9090908930531937,0.9562756207228642
p028,61,1.9,Q95,flat_level,1,1.1849636607191736,1.1849636607191736,0.0,0.0,0.0,0.0,0.9090909069966064,0.9543941331679278
p028,61,1.9,Q95,max_export_lp,1,1.6572322873433465,1.6876576876268388,0.030425400283492277,0.032982299858245766,0.048194999999991966,0.01776959971649957,0.9090909040591901,0.9564558448915853
p028,61,1.9,Q95,fairness_qp,1,1.5948810871865815,1.6215115269185767,0.026630439731995192,0.0348797801340656,0.048195000000063215,0.02156456026806798,0.909090907415936,0.9562052306883745
p028,61,2.0,Q0,weighted_proportional,1,1.5070032969994482,1.2755610000152136,-0.23144229698423469,0.18531286808344316,0.06959171959132575,0.30103401657556056,0.9090909017271402,0.9564008411716415
p028,61,2.0,Q0,equal_kw_reduction,1,1.612487277003052,1.6451732306089732,0.03268595360592119,0.03707442743831351,0.05341740424127406,0.020731450635352967,0.9090908961971659,0.9580191010342607
p028,61,2.0,Q0,flat_level,1,1.1849636607191736,1.1849636607191736,0.0,0.0,0.0,0.0,0.9090908983503695,0.955563065083861
p028,61,2.0,Q0,max_export_lp,1,1.6572322875094938,1.6876576876387765,0.030425400129282743,0.032982299935348514,0.048194999999989885,0.017769599870707142,0.909090900597188,0.9582543735136007
p028,61,2.0,Q0,fairness_qp,1,1.5948810760742278,1.6215507881033915,0.026669712029163684,0.03486014398659424,0.04819500000112506,0.021525287972012357,0.9090908851437302,0.9579275296416613
p028,61,2.0,Q95,weighted_proportional,1,1.5070032970001674,1.2755610000021345,-0.23144229699803298,0.18531286809028347,0.06959171959126695,0.3010340165893,0.9090909010424204,0.9550357542736951
p028,61,2.0,Q95,equal_kw_reduction,1,1.612487277003052,1.6451732306089732,0.03268595360592119,0.03707442743831351,0.05341740424127406,0.020731450635352967,0.9090908930531937,0.9562756207228642
p028,61,2.0,Q95,flat_level,1,1.1849636607191736,1.1849636607191736,0.0,0.0,0.0,0.0,0.9090909069966064,0.9543941331679278
p028,61,2.0,Q95,max_export_lp,1,1.6572322873433465,1.6876576876536407,0.03042540031029417,0.032982299844843535,0.048194999999990634,0.01776959968969644,0.9090909039323083,0.9564558449584307
p028,61,2.0,Q95,fairness_qp,1,1.5948810871865815,1.6215507821592487,0.026669694972667246,0.03486015251403271,0.04819500000010077,0.021525305027699115,0.9090908951973253,0.9562053756523871
p029,62,1.0,Q0,weighted_proportional,1,1.5070032969994482,1.5070032969994482,0.0,0.0,0.0,0.0,0.9090908986590723,0.9572374939891118
p029,62,1.0,Q0,equal_kw_reduction,1,1.612487277003052,1.612487277003052,0.0,0.0,0.0,0.0,0.9090909085411034,0.9577651340631068
p029,62,1.0,Q0,flat_level,1,1.1849636607191736,1.1849636607191736,0.0,0.0,0.0,0.0,0.9090908983503695,0.955563065083861
p029,62,1.0,Q0,max_export_lp,1,1.6572322875094938,1.6572322875094938,0.0,0.0,0.0,0.0,0.9090908879931944,0.9580058048566669
p029,62,1.0,Q0,fairness_qp,1,1.5948810760742278,1.5948810760742278,0.0,0.0,0.0,0.0,0.9090908901901453,0.9577105026709762
p029,62,1.0,Q95,weighted_proportional,1,1.5070032970001674,1.5070032970001674,0.0,0.0,0.0,0.0,0.9090908975310804,0.9556770734851585
p029,62,1.0,Q95,equal_kw_reduction,1,1.612487277003052,1.612487277003052,0.0,0.0,0.0,0.0,0.9090908917775226,0.9560812375763708
p029,62,1.0,Q95,flat_level,1,1.1849636607191736,1.1849636607191736,0.0,0.0,0.0,0.0,0.9090909069966064,0.9543941331679278
p029,62,1.0,Q95,max_export_lp,1,1.6572322873433465,1.6572322873433465,0.0,0.0,0.0,0.0,0.9090909076611658,0.956265611819685
p029,62,1.0,Q95,fairness_qp,1,1.5948810871865815,1.5948810871865815,0.0,0.0,0.0,0.0,0.9090909102228547,0.9560392884682518
p029,62,1.1,Q0,weighted_proportional,1,1.5070032969994482,1.5099402742226216,0.0029369772231733204,0.006429530500510376,0.00789801911209706,0.004961041888923693,0.9090908946111372,0.9572660484002664
p029,62,1.1,Q0,equal_kw_reduction,1,1.612487277003052,1.6172443011828164,0.004757024179764313,0.0070921439163166185,0.009470656006198772,0.004713631826434465,0.9090908886665722,0.9578060393673578
p029,62,1.1,Q0,flat_level,1,1.1849636607191736,1.1849636607191736,0.0,0.0,0.0,0.0,0.9090908983503695,0.955563065083861
p029,62,1.1,Q0,max_export_lp,1,1.6572322875094938,1.6621786956109905,0.004946408101496713,0.007165795949248119,0.00963899999999654,0.004692591898499699,0.9090908960946051,0.9580520138526154
p029,62,1.1,Q0,fairness_qp,1,1.5948810760742278,1.598809555854051,0.003928479779823135,0.006672445157301463,0.008636685045165085,0.004708205267389839,0.9090909088986464,0.9577468690318531
p029,62,1.1,Q95,weighted_proportional,1,1.5070032970001674,1.5099402742208279,0.0029369772206604416,0.00642953050162068,0.007898019111950913,0.004961041891290448,0.9090908921279163,0.9556989309760133
p029,62,1.1,Q95,equal_kw_reduction,1,1.612487277003052,1.6172443011828164,0.004757024179764313,0.0070921439163166185,0.009470656006198772,0.004713631826434465,0.909090897428624,0.9561125443452958
p029,62,1.1,Q95,flat_level,1,1.1849636607191736,1.1849636607191736,0.0,0.0,0.0,0.0,0.9090909069966064,0.9543941331679278
p029,62,1.1,Q95,max_export_lp,1,1.6572322873433465,1.6621786959106735,0.004946408567326976,0.007165795716330486,0.009638999999993972,0.004692591432667001,0.9090909148746302,0.956300974577299
p029,62,1.1,Q95,fairness_qp,1,1.5948810871865815,1.5988095558137483,0.003928468627166781,0.0066724435037795,0.008636677817362853,0.004708209190196147,0.9090908966288079,0.9560671160570771
p029,62,1.2,Q0,weighted_proportional,1,1.5070032969994482,1.5123779997072302,0.005374702707781953,0.013022901939625894,0.015710253293516885,0.010335550585734904,0.9090908966421491,0.9572922813824467
p029,62,1.2,Q0,equal_kw_reduction,1,1.612487277003052,1.6214682598359458,0.008980982832893725,0.014432439026066663,0.018922930442513572,0.009941947609619754,0.9090908948544174,0.9578447686285234
p029,62,1.2,Q0,flat_level,1,1.1849636607191736,1.1849636607191736,0.0,0.0,0.0,0.0,0.9090908983503695,0.955563065083861
p029,62,1.2,Q0,max_export_lp,1,1.6572322875094938,1.6665912663153628,0.009358978805869,0.014598510597063786,0.019277999999998352,0.009919021194129218,0.9090909047363656,0.9580965623410148
p029,62,1.2,Q0,fairness_qp,1,1.5948810760742278,1.6021800878467714,0.007299011772543551,0.013338107251605984,0.016987613133536777,0.009688601365334193,0.9090909101974394,0.9577803834066659
p029,62,1.2,Q95,weighted_proportional,1,1.5070032970001674,1.5123779997073423,0.005374702707174883,0.013022901939897465,0.01571025329348491,0.01033555058631002,0.9090908921557919,0.9557190091549544
p029,62,1.2,Q95,equal_kw_reduction,1,1.612487277003052,1.6214682598359458,0.008980982832893725,0.014432439026066663,0.018922930442513572,0.009941947609619754,0.9090909065707943,0.9561421825117842
p029,62,1.2,Q95,flat_level,1,1.1849636607191736,1.1849636607191736,0.0,0.0,0.0,0.0,0.9090909069966064,0.9543941331679278
p029,62,1.2,Q95,max_export_lp,1,1.6572322873433465,1.6665912668115737,0.009358979468227169,0.01459851026588632,0.01927799999999999,0.009919020531772653,0.9090908921910531,0.9563350625723306
p029,62,1.2,Q95,fairness_qp,1,1.5948810871865815,1.6021800848965913,0.007298997710009747,0.013338083764228735,0.016987582619233554,0.009688584909223915,0.909090892661302,0.9560927579366696
p029,62,1.3,Q0,weighted_proportional,1,1.5070032969994482,1.514325212632332,0.007321915632883869,0.019769702952504367,0.023430660768946315,0.016108745136062422,0.9090908964744762,0.957316218766261
p029,62,1.3,Q0,equal_kw_reduction,1,1.612487277003052,1.6251426071782502,0.012655330175198154,0.022028587677062877,0.028356252764662,0.015700922589463755,0.9090909138362457,0.9578812551497415
p029,62,1.3,Q0,flat_level,1,1.1849636607191736,1.1849636607191736,0.0,0.0,0.0,0.0,0.9090908983503695,0.955563065083861
p029,62,1.3,Q0,max_export_lp,1,1.6572322875094938,1.6704406148598663,0.013208327350372473,0.02231283632481146,0.028916999999997778,0.015708672649625145,0.9090909027914824,0.9581393596167
p029,62,1.3,Q0,fairness_qp,1,1.5948810760742278,1.6050319634118644,0.010150887337636583,0.019978116919817452,0.025053560588635795,0.014902673250999109,0.9090909023314744,0.9578111997687965
p029,62,1.3,Q95,weighted_proportional,1,1.5070032970001674,1.51432521263123,0.007321915631062659,0.019769702953298992,0.023430660768830283,0.0161087451377677,0.9090909027761345,0.9557373280101605
p029,62,1.3,Q95,equal_kw_reduction,1,1.612487277003052,1.6251426071782502,0.012655330175198154,0.022028587677062877,0.028356252764662,0.015700922589463755,0.9090909082244356,0.9561701010980369
p029,62,1.3,Q95,flat_level,1,1.1849636607191736,1.1849636607191736,0.0,0.0,0.0,0.0,0.9090909069966064,0.9543941331679278
p029,62,1.3,Q95,max_export_lp,1,1.6572322873433465,1.670440614773897,0.01320832743055056,0.022312836284720267,0.02891699999999564,0.015708672569444894,0.9090908904313646,0.9563678054613425
p029,62,1.3,Q95,fairness_qp,1,1.5948810871865815,1.6050319606374213,0.010150873450839759,0.019978104452340176,0.025053541177759653,0.014902667726920338,0.9090908959296299,0.9561163328191101
p029,62,1.4,Q0,weighted_proportional,1,1.5070032969994482,1.5157918138264745,0.008788516827026305,0.0266593434130808,0.031053601826593905,0.022265084999567697,0.909090918785099,0.9573378921979436
p029,62,1.4,Q0,equal_kw_reduction,1,1.612487277003052,1.6281224889204304,0.015635211917378378,0.029534798282584818,0.03735240424127406,0.021717192323895573,0.9090909058911129,0.9579139543374572
p029,62,1.4,Q0,flat_level,1,1.1849636607191736,1.1849636607191736,0.0,0.0,0.0,0.0,0.9090908983503695,0.955563065083861
p029,62,1.4,Q0,max_export_lp,1,1.6572322875094938,1.6715926882920484,0.014360400782554628,0.024949799608693944,0.03212999999997129,0.017769599217416592,0.9090909087187513,0.9581532182515505
p029,62,1.4,Q0,fairness_qp,1,1.5948810760742278,1.607246646010358,0.01236556993613025,0.026349771837249642,0.03253255680023197,0.02016698686918455,0.9090909156809573,0.9578381105673852
p029,62,1.4,Q95,weighted_proportional,1,1.5070032970001674,1.515791813824472,0.008788516824304482,0.02665934341425297,0.031053601826405167,0.022265085002100775,0.9090908995510545,0.9557539117771037
p029,62,1.4,Q95,equal_kw_reduction,1,1.612487277003052,1.6281224889204304,0.015635211917378378,0.029534798282584818,0.03735240424127406,0.021717192323895573,0.9090909134872271,0.9561951182677949
p029,62,1.4,Q95,flat_level,1,1.1849636607191736,1.1849636607191736,0.0,0.0,0.0,0.0,0.9090909069966064,0.9543941331679278
p029,62,1.4,Q95,max_export_lp,1,1.6572322873433465,1.6715926886154064,0.014360401272059953,0.024949799363966765,0.03212999999999683,0.017769598727936705,0.9090909044223857,0.9563784081394064
p029,62,1.4,Q95,fairness_qp,1,1.5948810871865815,1.6072466466618762,0.012365559475294718,0.026349759061197547,0.03253253879884495,0.020166979323550147,0.9090908910957647,0.9561369165050674
p029,62,1.5,Q0,weighted_proportional,1,1.5070032969994482,1.5167887712424333,0.009785474242985037,0.03368111432296247,0.03857385144445501,0.02878837720146993,0.9090909010155042,0.9573573387099699
p029,62,1.5,Q0,equal_kw_reduction,1,1.612487277003052,1.6281224889204304,0.015635211917378378,0.029534798282584818,0.03735240424127406,0.021717192323895573,0.9090909058911129,0.9579139543374572
p029,62,1.5,Q0,flat_level,1,1.1849636607191736,1.1849636607191736,0.0,0.0,0.0,0.0,0.9090908983503695,0.955563065083861
p029,62,1.5,Q0,max_export_lp,1,1.6572322875094938,1.6715926884231105,0.014360400913616678,0.024949799543176304,0.03212999999998464,0.01776959908636797,0.9090908862227154,0.9581532184652494
p029,62,1.5,Q0,fairness_qp,1,1.5948810760742278,1.608636511034994,0.013755434960766255,0.03122386578327844,0.03810158326366157,0.024346148302895304,0.9090909050482734,0.957857147297087
p029,62,1.5,Q95,weighted_proportional,1,1.5070032970001674,1.5167887712550732,0.009785474254905724,0.033681114317968774,0.03857385144542162,0.02878837719051593,0.9090909123995544,0.9557687889061134
p029,62,1.5,Q95,equal_kw_reduction,1,1.612487277003052,1.6281224889204304,0.015635211917378378,0.029534798282584818,0.03735240424127406,0.021717192323895573,0.9090909134872271,0.9561951182677949
p029,62,1.5,Q95,flat_level,1,1.1849636607191736,1.1849636607191736,0.0,0.0,0.0,0.0,0.9090909069966064,0.9543941331679278
p029,62,1.5,Q95,max_export_lp,1,1.6572322873433465,1.6715926880281793,0.014360400684832797,0.024949799657583538,0.03212999999999999,0.017769599315167084,0.9090909038613878,0.9563784073489344
p029,62,1.5,Q95,fairness_qp,1,1.5948810871865815,1.6086365089198755,0.013755421733294027,0.03122385698498181,0.03810156785162887,0.024346146118334747,0.9090909059352138,0.9561514753457693
p029,62,1.6,Q0,weighted_proportional,1,1.5070032969994482,1.517328021382316,0.01032472438286769,0.04082424599056026,0.04598660818199404,0.035661883799126486,0.9090909035156552,0.9573746002341454
p029,62,1.6,Q0,equal_kw_reduction,1,1.612487277003052,1.6281224889204304,0.015635211917378378,0.029534798282584818,0.03735240424127406,0.021717192323895573,0.9090909058911129,0.9579139543374572
p029,62,1.6,Q0,flat_level,1,1.1849636607191736,1.1849636607191736,0.0,0.0,0.0,0.0,0.9090908983503695,0.955563065083861
p029,62,1.6,Q0,max_export_lp,1,1.6572322875094938,1.6715926879273275,0.014360400417833707,0.024949799791071356,0.032129999999988224,0.01776959958215449,0.9090909008773732,0.9581532176102961
p029,62,1.6,Q0,fairness_qp,1,1.5948810760742278,1.6086876379295498,0.01380656185532203,0.031198302346659237,0.03810158327225292,0.024295021418998176,0.9090908948814898,0.9578573506961265
p029,62,1.6,Q95,weighted_proportional,1,1.5070032970001674,1.5173280213869373,0.010324724386769901,0.04082424598896027,0.04598660818234519,0.03566188379557535,0.9090908994970686,0.9557819916700999
p029,62,1.6,Q95,equal_kw_reduction,1,1.612487277003052,1.6281224889204304,0.015635211917378378,0.029534798282584818,0.03735240424127406,0.021717192323895573,0.9090909134872271,0.9561951182677949
p029,62,1.6,Q95,flat_level,1,1.1849636607191736,1.1849636607191736,0.0,0.0,0.0,0.0,0.9090909069966064,0.9543941331679278
p029,62,1.6,Q95,max_export_lp,1,1.6572322873433465,1.6715926880756713,0.014360400732324807,0.024949799633833526,0.032129999999995995,0.017769599267671056,0.9090908964497462,0.9563784074159495
p029,62,1.6,Q95,fairness_qp,1,1.5948810871865815,1.6086876377410118,0.013806550554430252,0.031198292575544066,0.03810156785275924,0.024295017298328895,0.909090910026423,0.9561516311982285
p029,62,1.7,Q0,weighted_proportional,1,1.5070032969994482,1.440180000056412,-0.06682329694303624,0.07980612819906865,0.04639447972755051,0.11321777667058681,0.9090909144406946,0.9570439901042386
p029,62,1.7,Q0,equal_kw_reduction,1,1.612487277003052,1.6281224889204304,0.015635211917378378,0.029534798282584818,0.03735240424127406,0.021717192323895573,0.9090909058911129,0.9579139543374572
p029,62,1.7,Q0,flat_level,1,1.1849636607191736,1.1849636607191736,0.0,0.0,0.0,0.0,0.9090908983503695,0.955563065083861
p029,62,1.7,Q0,max_export_lp,1,1.6572322875094938,1.6715926879495835,0.014360400440089682,0.024949799779948087,0.032129999999993,0.017769599559903176,0.9090909008165577,0.9581532176465679
p029,62,1.7,Q0,fairness_qp,1,1.5948810760742278,1.6087329139859015,0.013851837911673659,0.03117566432105422,0.038101583272467,0.024249745365217422,0.9090908947101927,0.9578575308309588
p029,62,1.7,Q95,weighted_proportional,1,1.5070032970001674,1.4401800000089864,-0.06682329699118106,0.07980612822310189,0.046394479727511304,0.11321777671869249,0.9090908992642031,0.9555286773202979
p029,62,1.7,Q95,equal_kw_reduction,1,1.612487277003052,1.6281224889204304,0.015635211917378378,0.029534798282584818,0.03735240424127406,0.021717192323895573,0.9090909134872271,0.9561951182677949
p029,62,1.7,Q95,flat_level,1,1.1849636607191736,1.1849636607191736,0.0,0.0,0.0,0.0,0.9090909069966064,0.9543941331679278
p029,62,1.7,Q95,max_export_lp,1,1.6572322873433465,1.6715926880379604,0.014360400694613862,0.02494979965268864,0.032129999999995607,0.01776959930538168,0.909090896497219,0.9563784073657452
p029,62,1.7,Q95,fairness_qp,1,1.5948810871865815,1.6087329138849567,0.013851826698375147,0.031175654503593324,0.03810156785278092,0.024249741154405733,0.9090908924842082,0.9561517692593395
p029,62,1.74,Q0,weighted_proportional,1,1.5070032969994482,1.4100268966074967,-0.09697640039195154,0.09488267992352628,0.04639447972755051,0.14337088011950205,0.9090909002022796,0.9569143807448027
p029,62,1.74,Q0,equal_kw_reduction,1,1.612487277003052,1.6281224889204304,0.015635211917378378,0.029534798282584818,0.03735240424127406,0.021717192323895573,0.9090909058911129,0.9579139543374572
p029,62,1.74,Q0,flat_level,1,1.1849636607191736,1.1849636607191736,0.0,0.0,0.0,0.0,0.9090908983503695,0.955563065083861
p029,62,1.74,Q0,max_export_lp,1,1.6572322875094938,1.6715926889242547,0.014360401414760915,0.02494979929262009,0.03212999999999938,0.0177695985852396,0.9090909018017613,0.9581532193373429
p029,62,1.74,Q0,fairness_qp,1,1.5948810760742278,1.6087496042744516,0.013868528200223773,0.031167319176839778,0.03810158327247361,0.024233055076727888,0.9090909005335501,0.9578575972393555
p029,62,1.74,Q95,weighted_proportional,1,1.5070032970001674,1.4100268965606868,-0.09697640043948064,0.09488267994725166,0.046394479727511304,0.143370880166992,0.9090909074558966,0.9554293648640697
p029,62,1.74,Q95,equal_kw_reduction,1,1.612487277003052,1.6281224889204304,0.015635211917378378,0.029534798282584818,0.03735240424127406,0.021717192323895573,0.9090909134872271,0.9561951182677949
p029,62,1.74,Q95,flat_level,1,1.1849636607191736,1.1849636607191736,0.0,0.0,0.0,0.0,0.9090909069966064,0.9543941331679278
p029,62,1.74,Q95,max_export_lp,1,1.6572322873433465,1.6715926881565326,0.014360400813186125,0.024949799593401756,0.03212999999999486,0.01776959918680866,0.9090908904016699,0.9563784075383918
p029,62,1.74,Q95,fairness_qp,1,1.5948810871865815,1.608749605513061,0.013868518326479506,0.03116730868954361,0.03810156785278339,0.02423304952630383,0.9090909030811868,0.9561518201687724
p029,62,1.8,Q0,weighted_proportional,1,1.5070032969994482,1.36731000000128,-0.13969329699816835,0.11624112822663472,0.04639447972755051,0.18608777672571894,0.9090908981061343,0.9567307001387236
p029,62,1.8,Q0,equal_kw_reduction,1,1.612487277003052,1.6281224889204304,0.015635211917378378,0.029534798282584818,0.03735240424127406,0.021717192323895573,0.9090909058911129,0.9579139543374572
p029,62,1.8,Q0,flat_level,1,1.1849636607191736,1.1849636607191736,0.0,0.0,0.0,0.0,0.9090908983503695,0.955563065083861
p029,62,1.8,Q0,max_export_lp,1,1.6572322875094938,1.6715926880387488,0.014360400529255024,0.024949799735367876,0.03212999999999544,0.017769599470740315,0.9090908933628593,0.9581532178153933
p029,62,1.8,Q0,fairness_qp,1,1.5948810760742278,1.6087732879562415,0.013892211882013727,0.031155477335856913,0.03810158327247491,0.024209371394850066,0.9090908914208484,0.9578576914840494
p029,62,1.8,Q95,weighted_proportional,1,1.5070032970001674,1.3673100000073943,-0.1396932969927731,0.1162411282238979,0.046394479727511304,0.18608777672028448,0.9090908952829528,0.9552886149671828
p029,62,1.8,Q95,equal_kw_reduction,1,1.612487277003052,1.6281224889204304,0.015635211917378378,0.029534798282584818,0.03735240424127406,0.021717192323895573,0.9090909134872271,0.9561951182677949
p029,62,1.8,Q95,flat_level,1,1.1849636607191736,1.1849636607191736,0.0,0.0,0.0,0.0,0.9090909069966064,0.9543941331679278
p029,62,1.8,Q95,max_export_lp,1,1.6572322873433465,1.6715926880989271,0.014360400755580649,0.024949799622199433,0.03212999999998975,0.01776959924440911,0.9090908964791622,0.9563784074468955
p029,62,1.8,Q95,fairness_qp,1,1.5948810871865815,1.6087732879072751,0.013892200720693637,0.031155467492435432,0.03810156785278228,0.024209367132088586,0.9090909005226591,0.9561518924018526
p029,62,1.9,Q0,weighted_proportional,1,1.5070032969994482,1.302110526318033,-0.2048927706814152,0.14884086506825814,0.04639447972755051,0.25128725040896577,0.9090909072495661,0.9564501931447212
p029,62,1.9,Q0,equal_kw_reduction,1,1.612487277003052,1.6281224889204304,0.015635211917378378,0.029534798282584818,0.03735240424127406,0.021717192323895573,0.9090909058911129,0.9579139543374572
p029,62,1.9,Q0,flat_level,1,1.1849636607191736,1.1849636607191736,0.0,0.0,0.0,0.0,0.9090908983503695,0.955563065083861
p029,62,1.9,Q0,max_export_lp,1,1.6572322875094938,1.6715926883655587,0.014360400856064937,0.024949799571957098,0.032129999999989584,0.01776959914392461,0.9090909087635046,0.958153218348904
p029,62,1.9,Q0,fairness_qp,1,1.5948810760742278,1.6088095151264483,0.01392843905222052,0.031137363750610388,0.038101583272474246,0.024173144224500096,0.9090908943016547,0.9578578356229189
p029,62,1.9,Q95,weighted_proportional,1,1.5070032970001674,1.3021105263175274,-0.20489277068264,0.14884086506883132,0.046394479727511304,0.2512872504101513,0.9090909020270177,0.955073656540072
p029,62,1.9,Q95,equal_kw_reduction,1,1.612487277003052,1.6281224889204304,0.015635211917378378,0.029534798282584818,0.03735240424127406,0.021717192323895573,0.9090909134872271,0.9561951182677949
p029,62,1.9,Q95,flat_level,1,1.1849636607191736,1.1849636607191736,0.0,0.0,0.0,0.0,0.9090909069966064,0.9543941331679278
p029,62,1.9,Q95,max_export_lp,1,1.6572322873433465,1.6715926881788998,0.014360400835553344,0.024949799582214896,0.03212999999999164,0.01776959916443815,0.9090909040695884,0.9563784075679649
p029,62,1.9,Q95,fairness_qp,1,1.5948810871865815,1.608809515153622,0.013928427967040413,0.031137353869272487,0.03810156785279269,0.024173139885752284,0.9090908985806166,0.9561520028454438
p029,62,2.0,Q0,weighted_proportional,1,1.5070032969994482,1.243431000001601,-0.26357229699784734,0.17818062822647424,0.04639447972755051,0.30996677672539796,0.9090908947084927,0.9561975791655289
p029,62,2.0,Q0,equal_kw_reduction,1,1.612487277003052,1.6281224889204304,0.015635211917378378,0.029534798282584818,0.03735240424127406,0.021717192323895573,0.9090909058911129,0.9579139543374572
p029,62,2.0,Q0,flat_level,1,1.1849636607191736,1.1849636607191736,0.0,0.0,0.0,0.0,0.9090908983503695,0.955563065083861
p029,62,2.0,Q0,max_export_lp,1,1.6572322875094938,1.6715926880376097,0.014360400528115935,0.02494979973594202,0.03212999999999999,0.017769599471884046,0.9090908933847404,0.9581532178384554
p029,62,2.0,Q0,fairness_qp,1,1.5948810760742278,1.6088422039687202,0.013961127894492442,0.03112101932467137,0.03810158327191761,0.02414045537742513,0.9090909121393257,0.9578579656616332
p029,62,2.0,Q95,weighted_proportional,1,1.5070032970001674,1.2434310000187028,-0.26357229698146467,0.17818062821824363,0.046394479727511304,0.30996677670897593,0.9090908983842093,0.9548800598925548
p029,62,2.0,Q95,equal_kw_reduction,1,1.612487277003052,1.6281224889204304,0.015635211917378378,0.029534798282584818,0.03735240424127406,0.021717192323895573,0.9090909134872271,0.9561951182677949
p029,62,2.0,Q95,flat_level,1,1.1849636607191736,1.1849636607191736,0.0,0.0,0.0,0.0,0.9090909069966064,0.9543941331679278
p029,62,2.0,Q95,max_export_lp,1,1.6572322873433465,1.6715926881397245,0.014360400796378014,0.024949799601806006,0.03212999999999511,0.017769599203616905,0.9090909039897238,0.956378407483946
p029,62,2.0,Q95,fairness_qp,1,1.5948810871865815,1.6088422035192775,0.013961116332696033,0.03112100968638172,0.03810156785272979,0.02414045152003365,0.9090909104328582,0.9561521025031526
p030,64,1.0,Q0,weighted_proportional,1,1.5070032969994482,1.5070032969994482,0.0,0.0,0.0,0.0,0.9090908986590723,0.9572374939891118
p030,64,1.0,Q0,equal_kw_reduction,1,1.612487277003052,1.612487277003052,0.0,0.0,0.0,0.0,0.9090909085411034,0.9577651340631068
p030,64,1.0,Q0,flat_level,1,1.1849636607191736,1.1849636607191736,0.0,0.0,0.0,0.0,0.9090908983503695,0.955563065083861
p030,64,1.0,Q0,max_export_lp,1,1.6572322875094938,1.6572322875094938,0.0,0.0,0.0,0.0,0.9090908879931944,0.9580058048566669
p030,64,1.0,Q0,fairness_qp,1,1.5948810760742278,1.5948810760742278,0.0,0.0,0.0,0.0,0.9090908901901453,0.9577105026709762
p030,64,1.0,Q95,weighted_proportional,1,1.5070032970001674,1.5070032970001674,0.0,0.0,0.0,0.0,0.9090908975310804,0.9556770734851585
p030,64,1.0,Q95,equal_kw_reduction,1,1.612487277003052,1.612487277003052,0.0,0.0,0.0,0.0,0.9090908917775226,0.9560812375763708
p030,64,1.0,Q95,flat_level,1,1.1849636607191736,1.1849636607191736,0.0,0.0,0.0,0.0,0.9090909069966064,0.9543941331679278
p030,64,1.0,Q95,max_export_lp,1,1.6572322873433465,1.6572322873433465,0.0,0.0,0.0,0.0,0.9090909076611658,0.956265611819685
p030,64,1.0,Q95,fairness_qp,1,1.5948810871865815,1.5948810871865815,0.0,0.0,0.0,0.0,0.9090909102228547,0.9560392884682518
p030,64,1.1,Q0,weighted_proportional,1,1.5070032969994482,1.5140322532855883,0.007028956286140087,0.008332550525078447,0.011847028668148504,0.0048180723820083916,0.9090908960941224,0.9572919675236137
p030,64,1.1,Q0,equal_kw_reduction,1,1.612487277003052,1.6219718556124354,0.009484578609383343,0.00954469616459737,0.014286985469289082,0.004802406859905658,0.9090909157983862,0.9578361453084387
p030,64,1.1,Q0,flat_level,1,1.1849636607191736,1.1849636607191736,0.0,0.0,0.0,0.0,0.9090908983503695,0.955563065083861
p030,64,1.1,Q0,max_export_lp,1,1.6572322875094938,1.6669981955380473,0.009765908028553483,0.00957554598571241,0.014458499999989216,0.004692591971435607,0.9090908975972314,0.9580824739464981
p030,64,1.1,Q0,fairness_qp,1,1.5948810760742278,1.6034743508494644,0.008593274775236637,0.010161862613974502,0.014458500000484903,0.005865225226356184,0.9090909130496945,0.9577780368469502
p030,64,1.1,Q95,weighted_proportional,1,1.5070032970001674,1.5140322533035393,0.007028956303371858,0.008332550518004782,0.011847028669690729,0.004818072366318837,0.9090909128583543,0.955718778021272
p030,64,1.1,Q95,equal_kw_reduction,1,1.612487277003052,1.6219718556124354,0.009484578609383343,0.00954469616459737,0.014286985469289082,0.004802406859905658,0.9090909082203272,0.9561355912345599
p030,64,1.1,Q95,flat_level,1,1.1849636607191736,1.1849636607191736,0.0,0.0,0.0,0.0,0.9090909069966064,0.9543941331679278
p030,64,1.1,Q95,max_export_lp,1,1.6572322873433465,1.6669981959571285,0.009765908613782015,0.009575545693098184,0.014458499999989216,0.004692591386207151,0.9090909135779665,0.9563242907259811
p030,64,1.1,Q95,fairness_qp,1,1.5948810871865815,1.6034743313437405,0.008593244157159008,0.010161877921425557,0.014458500000005037,0.005865255842846076,0.9090908911239127,0.9560909729122089
p030,64,1.2,Q0,weighted_proportional,1,1.5070032969994482,1.5205309808378253,0.013527683838377103,0.016801538021096185,0.023565379940284695,0.010037696101907675,0.9090909008824549,0.95734391465154
p030,64,1.2,Q0,equal_kw_reduction,1,1.612487277003052,1.630914915978552,0.018427638975500038,0.019341478407956855,0.028555297895706905,0.010127658920206804,0.9090909142448039,0.9579049326122988
p030,64,1.2,Q0,flat_level,1,1.1849636607191736,1.1849636607191736,0.0,0.0,0.0,0.0,0.9090908983503695,0.955563065083861
p030,64,1.2,Q0,max_export_lp,1,1.6572322875094938,1.6762302661455781,0.018997978636084323,0.019418010681949743,0.028916999999991977,0.009919021363907508,0.9090909207991342,0.9581574676306719
p030,64,1.2,Q0,fairness_qp,1,1.5948810760742278,1.6114700520136434,0.01658897593941555,0.020622512030407984,0.028917000000115795,0.01232802406070017,0.9090909105873699,0.9578431359745156
p030,64,1.2,Q95,weighted_proportional,1,1.5070032970001674,1.520530980837892,0.013527683837724513,0.016801538021370084,0.023565379940232334,0.01003769610250783,0.9090908920338925,0.9557585447208452
p030,64,1.2,Q95,equal_kw_reduction,1,1.612487277003052,1.630914915978552,0.018427638975500038,0.019341478407956855,0.028555297895706905,0.010127658920206804,0.9090908991058307,0.9561882369689914
p030,64,1.2,Q95,flat_level,1,1.1849636607191736,1.1849636607191736,0.0,0.0,0.0,0.0,0.9090909069966064,0.9543941331679278
p030,64,1.2,Q95,max_export_lp,1,1.6572322873433465,1.676230266107923,0.01899797876457643,0.019418010617709914,0.028916999999997972,0.009919021235421618,0.9090908947904404,0.9563816795258684
p030,64,1.2,Q95,fairness_qp,1,1.5948810871865815,1.6114700525707553,0.01658896538417376,0.02062251730788466,0.02891699999997155,0.01232803461579777,0.9090909079487396,0.9561407872595116
p030,64,1.3,Q0,weighted_proportional,1,1.5070032969994482,1.5265047719831666,0.019501474983718348,0.025395253661550363,0.035145991153409564,0.015644516169691165,0.9090909007334976,0.9573933400748825
p030,64,1.3,Q0,equal_kw_reduction,1,1.612487277003052,1.6392982632043338,0.02681098620128175,0.029398816768368842,0.04280430986900971,0.015993323667727974,0.9090908948878218,0.9579714230778807
p030,64,1.3,Q0,flat_level,1,1.1849636607191736,1.1849636607191736,0.0,0.0,0.0,0.0,0.9090908983503695,0.955563065083861
p030,64,1.3,Q0,max_export_lp,1,1.6572322875094938,1.6848991145703878,0.02766682706089396,0.02954208646955156,0.043375499999998596,0.015708672939104523,0.9090909089537047,0.9582306955145099
p030,64,1.3,Q0,fairness_qp,1,1.5948810760742278,1.6188568401983383,0.02397576412411051,0.03138761793644261,0.043375499998497824,0.01939973587438739,0.9090909043788067,0.9579057556893881
p030,64,1.3,Q95,weighted_proportional,1,1.5070032970001674,1.526504771982013,0.019501474981845623,0.025395253662308243,0.035145991153231054,0.01564451617138543,0.9090909063153,0.9557963771180144
p030,64,1.3,Q95,equal_kw_reduction,1,1.612487277003052,1.6392982632043338,0.02681098620128175,0.029398816768368842,0.04280430986900971,0.015993323667727974,0.9090908907265112,0.9562391189631525
p030,64,1.3,Q95,flat_level,1,1.1849636607191736,1.1849636607191736,0.0,0.0,0.0,0.0,0.9090909069966064,0.9543941331679278
p030,64,1.3,Q95,max_export_lp,1,1.6572322873433465,1.6848991146101167,0.027666827266770166,0.029542086366614897,0.04337550000000001,0.015708672733229782,0.9090909187350837,0.9564377110116382
p030,64,1.3,Q95,fairness_qp,1,1.5948810871865815,1.6188568465464697,0.02397575935988816,0.03138762031814095,0.04337549999808504,0.01939974063819685,0.9090908954152925,0.9561886976099359
p030,64,1.4,Q0,weighted_proportional,1,1.5070032969994482,1.53196025984106,0.02495696284161175,0.03410192131913334,0.0465804027399392,0.02162343989832748,0.909090909865094,0.9574402553199934
p030,64,1.4,Q0,equal_kw_reduction,1,1.612487277003052,1.6451732306089732,0.03268595360592119,0.03707442743831351,0.05341740424127406,0.020731450635352967,0.9090909081291605,0.9580194623909518
p030,64,1.4,Q0,flat_level,1,1.1849636607191736,1.1849636607191736,0.0,0.0,0.0,0.0,0.9090908983503695,0.955563065083861
p030,64,1.4,Q0,max_export_lp,1,1.6572322875094938,1.6876576878944936,0.030425400384999746,0.03298229980748895,0.04819499999998886,0.01776959961498904,0.909090894418848,0.958254694417508
p030,64,1.4,Q0,fairness_qp,1,1.5948810760742278,1.6212338416455119,0.026352765571284076,0.03501861721736787,0.04819500000118612,0.021842234431725793,0.9090909038007482,0.9579263212010287
p030,64,1.4,Q95,weighted_proportional,1,1.5070032970001674,1.5319602598385786,0.0249569628384112,0.03410192132039985,0.04658040273960545,0.021623439901194252,0.9090908945617734,0.9558322844581225
p030,64,1.4,Q95,equal_kw_reduction,1,1.612487277003052,1.6451732306089732,0.03268595360592119,0.03707442743831351,0.05341740424127406,0.020731450635352967,0.9090908906474936,0.9562758772709596
p030,64,1.4,Q95,flat_level,1,1.1849636607191736,1.1849636607191736,0.0,0.0,0.0,0.0,0.9090909069966064,0.9543941331679278
p030,64,1.4,Q95,max_export_lp,1,1.6572322873433465,1.687657687635577,0.03042540029223062,0.03298229985387978,0.04819499999999516,0.0177695997077644,0.9090909104639949,0.9564560721583062
p030,64,1.4,Q95,fairness_qp,1,1.5948810871865815,1.6212338578753658,0.026352770688784277,0.035018614655520766,0.04819499999991292,0.021842229311128614,0.9090909069617096,0.9562044310137878
p030,64,1.5,Q0,weighted_proportional,1,1.5070032969994482,1.5369053331951406,0.029902036195692316,0.04290975906882331,0.057860777166669444,0.027958740970977166,0.9090909005655229,0.957484678583848
p030,64,1.5,Q0,equal_kw_reduction,1,1.612487277003052,1.6451732306089732,0.03268595360592119,0.03707442743831351,0.05341740424127406,0.020731450635352967,0.9090909081291605,0.9580194623909518
p030,64,1.5,Q0,flat_level,1,1.1849636607191736,1.1849636607191736,0.0,0.0,0.0,0.0,0.9090908983503695,0.955563065083861
p030,64,1.5,Q0,max_export_lp,1,1.6572322875094938,1.6876576878168206,0.030425400307326766,0.03298229984633482,0.04819499999999827,0.01776959969267138,0.9090908942740834,0.9582546943151122
p030,64,1.5,Q0,fairness_qp,1,1.5948810760742278,1.6213037852804013,0.02642270920617351,0.03498364539111068,0.04819499999419746,0.021772290788023903,0.9090909135439666,0.9579266585152624
p030,64,1.5,Q95,weighted_proportional,1,1.5070032970001674,1.536905333206619,0.029902036206451488,0.04290975906473712,0.05786077716796281,0.02795874096151143,0.9090908956841078,0.9558662806729246
p030,64,1.5,Q95,equal_kw_reduction,1,1.612487277003052,1.6451732306089732,0.03268595360592119,0.03707442743831351,0.05341740424127406,0.020731450635352967,0.9090908906474936,0.9562758772709596
p030,64,1.5,Q95,flat_level,1,1.1849636607191736,1.1849636607191736,0.0,0.0,0.0,0.0,0.9090909069966064,0.9543941331679278
p030,64,1.5,Q95,max_export_lp,1,1.6572322873433465,1.6876576876062503,0.030425400262903857,0.03298229986854646,0.048194999999998406,0.017769599737094504,0.9090908955729893,0.9564560721195908
p030,64,1.5,Q95,fairness_qp,1,1.5948810871865815,1.6213037505767103,0.026422663390128776,0.03498366830498573,0.04819500000005009,0.021772336609921367,0.9090909024917275,0.9562046891528516
p030,64,1.6,Q0,weighted_proportional,1,1.5070032969994482,1.5413490454664085,0.03434574846696026,0.051807038039371915,0.06897991227285198,0.03463416380589185,0.9090909014738326,0.9575266341697439
p030,64,1.6,Q0,equal_kw_reduction,1,1.612487277003052,1.6451732306089732,0.03268595360592119,0.03707442743831351,0.05341740424127406,0.020731450635352967,0.9090909081291605,0.9580194623909518
p030,64,1.6,Q0,flat_level,1,1.1849636607191736,1.1849636607191736,0.0,0.0,0.0,0.0,0.9090908983503695,0.955563065083861
p030,64,1.6,Q0,max_export_lp,1,1.6572322875094938,1.6876576876291693,0.03042540011967554,0.03298229994015795,0.048194999999995825,0.017769599880320085,0.9090908941374817,0.9582546939703331
p030,64,1.6,Q0,fairness_qp,1,1.5948810760742278,1.621365158639025,0.026484082564797173,0.03495295872140541,0.04819500000134652,0.021710917439006765,0.9090909005946631,0.9579269540374548
p030,64,1.6,Q95,weighted_proportional,1,1.5070032970001674,1.541349045470913,0.03434574847074545,0.05180703803798206,0.06897991227335479,0.034634163802609336,0.9090909022765118,0.9558983846325414
p030,64,1.6,Q95,equal_kw_reduction,1,1.612487277003052,1.6451732306089732,0.03268595360592119,0.03707442743831351,0.05341740424127406,0.020731450635352967,0.9090908906474936,0.9562758772709596
p030,64,1.6,Q95,flat_level,1,1.1849636607191736,1.1849636607191736,0.0,0.0,0.0,0.0,0.9090909069966064,0.9543941331679278
p030,64,1.6,Q95,max_export_lp,1,1.6572322873433465,1.687657687603495,0.030425400260148505,0.032982299869923126,0.04819499999999746,0.017769599739848787,0.9090909030300909,0.9564560721010673
p030,64,1.6,Q95,fairness_qp,1,1.5948810871865815,1.6213651501172568,0.02648406293067529,0.03495296853472889,0.04819500000006652,0.021710937069391253,0.9090909104926834,0.9562049158827979
p030,64,1.7,Q0,weighted_proportional,1,1.5070032969994482,1.4666400000070434,-0.04036329699240482,0.08977336808752816,0.06959171959132575,0.10995501658373055,0.9090909061230514,0.9572115918152613
p030,64,1.7,Q0,equal_kw_reduction,1,1.612487277003052,1.6451732306089732,0.03268595360592119,0.03707442743831351,0.05341740424127406,0.020731450635352967,0.9090909081291605,0.9580194623909518
p030,64,1.7,Q0,flat_level,1,1.1849636607191736,1.1849636607191736,0.0,0.0,0.0,0.0,0.9090908983503695,0.955563065083861
p030,64,1.7,Q0,max_export_lp,1,1.6572322875094938,1.6876576876151208,0.030425400105627,0.0329822999471839,0.048194999999997434,0.017769599894370366,0.9090909016639067,0.9582546939283871
p030,64,1.7,Q0,fairness_qp,1,1.5948810760742278,1.6214195312209116,0.026538455146683848,0.034925772426276695,0.04819499999961857,0.021656544852934813,0.9090908921857069,0.9579272161811277
p030,64,1.7,Q95,weighted_proportional,1,1.5070032970001674,1.46664000000534,-0.04036329699482755,0.08977336808868075,0.06959171959126695,0.10995501658609454,0.9090908986192654,0.9556570004872993
p030,64,1.7,Q95,equal_kw_reduction,1,1.612487277003052,1.6451732306089732,0.03268595360592119,0.03707442743831351,0.05341740424127406,0.020731450635352967,0.9090908906474936,0.9562758772709596
p030,64,1.7,Q95,flat_level,1,1.1849636607191736,1.1849636607191736,0.0,0.0,0.0,0.0,0.9090909069966064,0.9543941331679278
p030,64,1.7,Q95,max_export_lp,1,1.6572322873433465,1.6876576877939093,0.030425400450562856,0.03298229977471852,0.04819499999999999,0.017769599549437045,0.9090908956391679,0.9564560723895557
p030,64,1.7,Q95,fairness_qp,1,1.5948810871865815,1.621419528049134,0.026538440862552415,0.0349257795687643,0.04819500000004048,0.021656559137488117,0.9090908978237753,0.956205116667643
p030,64,1.74,Q0,weighted_proportional,1,1.5070032969994482,1.4373558620825515,-0.06964743491689673,0.10441543704977407,0.06959171959132575,0.1392391545082224,0.9090909036790008,0.9570875400873865
p030,64,1.74,Q0,equal_kw_reduction,1,1.612487277003052,1.6451732306089732,0.03268595360592119,0.03707442743831351,0.05341740424127406,0.020731450635352967,0.9090909081291605,0.9580194623909518
p030,64,1.74,Q0,flat_level,1,1.1849636607191736,1.1849636607191736,0.0,0.0,0.0,0.0,0.9090908983503695,0.955563065083861
p030,64,1.74,Q0,max_export_lp,1,1.6572322875094938,1.687657688756661,0.030425401247167194,0.03298229937641634,0.04819499999999999,0.017769598752832697,0.9090909027257539,0.9582546959010166
p030,64,1.74,Q0,fairness_qp,1,1.5948810760742278,1.621439576843352,0.02655850076912425,0.03491574961998382,0.04819500000139462,0.021636499235421672,0.9090908993891099,0.957927312786851
p030,64,1.74,Q95,weighted_proportional,1,1.5070032970001674,1.43735586207291,-0.06964743492725733,0.10441543705489566,0.06959171959126695,0.13923915451852437,0.9090909147622379,0.9555619480958777
p030,64,1.74,Q95,equal_kw_reduction,1,1.612487277003052,1.6451732306089732,0.03268595360592119,0.03707442743831351,0.05341740424127406,0.020731450635352967,0.9090908906474936,0.9562758772709596
p030,64,1.74,Q95,flat_level,1,1.1849636607191736,1.1849636607191736,0.0,0.0,0.0,0.0,0.9090909069966064,0.9543941331679278
p030,64,1.74,Q95,max_export_lp,1,1.6572322873433465,1.6876576878010796,0.03042540045773312,0.032982299771133435,0.04819499999999999,0.017769599542266878,0.9090909031990642,0.9564560723790133
p030,64,1.74,Q95,fairness_qp,1,1.5948810871865815,1.621439573641422,0.02655848645484049,0.03491575677262825,0.04819500000004853,0.021636513545207972,0.90909089694574,0.9562051906698715
p030,64,1.8,Q0,weighted_proportional,1,1.5070032969994482,1.3958700000160553,-0.11113329698339292,0.12515836808302216,0.06959171959132575,0.1807250165747186,0.9090909092759575,0.9569117386454552
p030,64,1.8,Q0,equal_kw_reduction,1,1.612487277003052,1.6451732306089732,0.03268595360592119,0.03707442743831351,0.05341740424127406,0.020731450635352967,0.9090909081291605,0.9580194623909518
p030,64,1.8,Q0,flat_level,1,1.1849636607191736,1.1849636607191736,0.0,0.0,0.0,0.0,0.9090908983503695,0.955563065083861
p030,64,1.8,Q0,max_export_lp,1,1.6572322875094938,1.6876576878611875,0.03042540035169372,0.03298229982415302,0.04819499999999999,0.01776959964830606,0.9090909018228708,0.9582546943469354
p030,64,1.8,Q0,fairness_qp,1,1.5948810760742278,1.6214680199630465,0.02658694388881866,0.0349015280597191,0.04819500000137758,0.021608056115309766,0.9090909059586362,0.9579274498969615
p030,64,1.8,Q95,weighted_proportional,1,1.5070032970001674,1.3958700000015383,-0.11113329699862917,0.12515836809058156,0.06959171959126695,0.18072501658989615,0.9090909177182838,0.955427238355877
p030,64,1.8,Q95,equal_kw_reduction,1,1.612487277003052,1.6451732306089732,0.03268595360592119,0.03707442743831351,0.05341740424127406,0.020731450635352967,0.9090908906474936,0.9562758772709596
p030,64,1.8,Q95,flat_level,1,1.1849636607191736,1.1849636607191736,0.0,0.0,0.0,0.0,0.9090909069966064,0.9543941331679278
p030,64,1.8,Q95,max_export_lp,1,1.6572322873433465,1.6876576878512335,0.030425400507887,0.03298229974605639,0.04819499999999999,0.017769599492112792,0.9090909031646646,0.9564560724429907
p030,64,1.8,Q95,fairness_qp,1,1.5948810871865815,1.6214680134891868,0.026586926302605285,0.03490153684877019,0.048195000000072846,0.021608073697467527,0.9090909055613347,0.956205295691401
p030,64,1.9,Q0,weighted_proportional,1,1.5070032969994482,1.332549473690631,-0.1744538233088173,0.1568186312457344,0.06959171959132575,0.24404554290014302,0.9090909124237098,0.9566432711792476
p030,64,1.9,Q0,equal_kw_reduction,1,1.612487277003052,1.6451732306089732,0.03268595360592119,0.03707442743831351,0.05341740424127406,0.020731450635352967,0.9090909081291605,0.9580194623909518
p030,64,1.9,Q0,flat_level,1,1.1849636607191736,1.1849636607191736,0.0,0.0,0.0,0.0,0.9090908983503695,0.955563065083861
p030,64,1.9,Q0,max_export_lp,1,1.6572322875094938,1.6876576876236893,0.030425400114195478,0.03298229994290552,0.04819499999999999,0.017769599885807737,0.9090909017105547,0.9582546939273603
p030,64,1.9,Q0,fairness_qp,1,1.5948810760742278,1.621511526464813,0.026630450390585203,0.03487977480859532,0.048195000001372335,0.02156454961330267,0.909090899249351,0.9579276596208697
p030,64,1.9,Q95,weighted_proportional,1,1.5070032970001674,1.3325494737046126,-0.1744538232955548,0.15681863123904435,0.06959171959126695,0.24404554288682173,0.909090900560465,0.9552215105440072
p030,64,1.9,Q95,equal_kw_reduction,1,1.612487277003052,1.6451732306089732,0.03268595360592119,0.03707442743831351,0.05341740424127406,0.020731450635352967,0.9090908906474936,0.9562758772709596
p030,64,1.9,Q95,flat_level,1,1.1849636607191736,1.1849636607191736,0.0,0.0,0.0,0.0,0.9090909069966064,0.9543941331679278
p030,64,1.9,Q95,max_export_lp,1,1.6572322873433465,1.6876576876986773,0.03042540035533081,0.0329822998223345,0.04819499999999999,0.01776959964466901,0.9090909106230972,0.9564560722255291
p030,64,1.9,Q95,fairness_qp,1,1.5948810871865815,1.6215115205518802,0.02663043336529869,0.03487978331744075,0.048195000000090055,0.021564566634791445,0.9090908909264411,0.956205456357054
p030,64,2.0,Q0,weighted_proportional,1,1.5070032969994482,1.2755610000005713,-0.23144229699887697,0.18531286809076422,0.06959171959132575,0.3010340165902027,0.9090909041720291,0.9564015065990548
p030,64,2.0,Q0,equal_kw_reduction,1,1.612487277003052,1.6451732306089732,0.03268595360592119,0.03707442743831351,0.05341740424127406,0.020731450635352967,0.9090909081291605,0.9580194623909518
p030,64,2.0,Q0,flat_level,1,1.1849636607191736,1.1849636607191736,0.0,0.0,0.0,0.0,0.9090908983503695,0.955563065083861
p030,64,2.0,Q0,max_export_lp,1,1.6572322875094938,1.6876576876287037,0.03042540011920991,0.03298229994039692,0.04819499999999999,0.017769599880791947,0.9090908940986044,0.9582546939293531
p030,64,2.0,Q0,fairness_qp,1,1.5948810760742278,1.621550781528247,0.026669705454019255,0.034860147275529586,0.04819500000132307,0.021525294548519994,0.9090909039799725,0.9579278488789427
p030,64,2.0,Q95,weighted_proportional,1,1.5070032970001674,1.2755610000023712,-0.23144229699779628,0.18531286809016506,0.06959171959126695,0.3010340165890632,0.909090894717388,0.9550362333083203
p030,64,2.0,Q95,equal_kw_reduction,1,1.612487277003052,1.6451732306089732,0.03268595360592119,0.03707442743831351,0.05341740424127406,0.020731450635352967,0.9090908906474936,0.9562758772709596
p030,64,2.0,Q95,flat_level,1,1.1849636607191736,1.1849636607191736,0.0,0.0,0.0,0.0,0.9090909069966064,0.9543941331679278
p030,64,2.0,Q95,max_export_lp,1,1.6572322873433465,1.6876576890082455,0.030425401664899043,0.03298229916754048,0.048194999999990024,0.01776959833509094,0.9090909119928104,0.9564560739671136
p030,64,2.0,Q95,fairness_qp,1,1.5948810871865815,1.621550774538491,0.026669687351909444,0.034860156324118756,0.04819500000007343,0.02152531264816408,0.9090908939249267,0.9562056012859048
