Behavior,Control,Seed,Date,Contiguous block,Positive-request participant intervals,Multiplier 0.50 count,Multiplier 0.75 count,Multiplier 1.00 count,Multiplier 1.25 count,Multiplier 1.50 count,Mean expected multiplier,Capacity-capped request (MWh),Admitted request (MWh),Binding-ceiling participant intervals,Mean end ceiling / capacity,Mean absolute log-weight change
Own-delivery adaptation,No feedback,2001,2013-01-02,1,10693,2103,2115,2158,2120,2197,1.001484844101699,28.137586053651148,28.137586053651148,0,1,0.02661020505140886
Own-delivery adaptation,ECF,2001,2013-01-02,1,10693,2103,2118,2156,2119,2197,1.0014062616107333,28.135803720301425,27.645463994214197,1945,0.9993024678826673,0.026175346021183436
Own-delivery adaptation,Same update without qualification,2001,2013-01-02,1,10693,2105,2115,2157,2119,2197,1.0013002351067959,28.136568328669703,26.68419527587475,2916,0.9973324596588072,0.025613570942686802
Own-delivery adaptation,No feedback,2001,2013-01-03,1,10532,2062,2056,2147,2146,2121,1.0044386986051146,22.854918543381324,22.854918543381324,0,1,0.022672448686375322
Own-delivery adaptation,ECF,2001,2013-01-03,1,10532,2062,2057,2149,2143,2121,1.0042987022496213,22.852941058359207,22.620594215589612,769,0.9999990531184061,0.022523555500169923
Own-delivery adaptation,Same update without qualification,2001,2013-01-03,1,10532,2063,2057,2150,2142,2120,1.0041175390471297,22.84964662116198,22.17249018237729,1310,0.9980453331735409,0.022446414654208116
Own-delivery adaptation,No feedback,2001,2013-01-04,1,10677,2063,2044,2193,2123,2254,1.0082652740710558,27.42387213952274,27.42387213952274,0,1,0.024263852473078985
Own-delivery adaptation,ECF,2001,2013-01-04,1,10677,2063,2046,2193,2122,2253,1.0081006753104838,27.41993091302064,27.31861755408311,829,0.9999980099970818,0.024194720250390184
Own-delivery adaptation,Same update without qualification,2001,2013-01-04,1,10677,2066,2044,2197,2122,2248,1.0078151023486848,27.412924592687865,26.791303157575697,1740,0.9964191865295765,0.023646453502888087
Own-delivery adaptation,No feedback,2001,2013-01-05,1,10664,2004,2121,2153,2086,2300,1.0118249314070684,29.467376606506097,29.467376606506097,0,1,0.025554898795313478
Own-delivery adaptation,ECF,2001,2013-01-05,1,10664,2006,2123,2154,2082,2299,1.0116341995378788,29.463261669062067,29.39743146225902,882,0.9999991985688889,0.02546598238235432
Own-delivery adaptation,Same update without qualification,2001,2013-01-05,1,10664,2007,2124,2158,2077,2298,1.0111672529605804,29.458161936547732,28.771916208098354,2423,0.9979692340667657,0.024634281429828903
Own-delivery adaptation,No feedback,2001,2013-01-06,1,10625,1958,1990,2089,2223,2365,1.0151534412034084,29.40927583351405,29.40927583351405,0,1,0.02256629661202178
Own-delivery adaptation,ECF,2001,2013-01-06,1,10625,1961,1992,2084,2224,2364,1.0148802942309432,29.402432764796025,29.16239085645907,1581,0.9999852309551723,0.02215766707774979
Own-delivery adaptation,Same update without qualification,2001,2013-01-06,1,10625,1965,1994,2087,2221,2358,1.0142673461587062,29.388871409293458,28.739524239470093,2434,0.9991804695929061,0.021733524708900876
Own-delivery adaptation,No feedback,2001,2013-01-07,1,10604,1879,2062,2193,2151,2319,1.0184644531823166,29.430368773165885,29.430368773165885,0,1,0.02140693566457573
Own-delivery adaptation,ECF,2001,2013-01-07,1,10604,1882,2063,2195,2145,2319,1.018098539656345,29.421341035660753,28.9373980558711,1840,0.9999855446881322,0.02122799700093007
Own-delivery adaptation,Same update without qualification,2001,2013-01-07,1,10604,1890,2060,2204,2136,2314,1.0173898640527441,29.414099516999016,28.254284262018803,2632,0.9982901119434517,0.02076060324083798
Own-delivery adaptation,No feedback,2001,2013-01-08,1,10640,1882,2041,2255,2214,2248,1.021540371715953,27.834303171728305,27.834303171728305,0,1,0.019714453092721303
Own-delivery adaptation,ECF,2001,2013-01-08,1,10640,1886,2045,2250,2214,2245,1.0211498798672212,27.824314799710343,27.769185435473883,677,0.9996881184092896,0.0196865117433546
Own-delivery adaptation,Same update without qualification,2001,2013-01-08,1,10640,1890,2049,2249,2213,2239,1.0203164164704834,27.809284901409136,27.06797204654363,1994,0.997946632262553,0.01900524153854983
Own-delivery adaptation,No feedback,2001,2013-01-12,2,10600,2126,2162,2129,2072,2111,1.0013575248933293,28.106427800112137,28.106427800112137,0,1,0.02538717194334335
Own-delivery adaptation,ECF,2001,2013-01-12,2,10600,2127,2161,2129,2072,2111,1.0012881374233642,28.10642772511268,27.35234934651004,1916,0.9997052446900231,0.02502895136119816
Own-delivery adaptation,Same update without qualification,2001,2013-01-12,2,10600,2127,2161,2128,2076,2108,1.001163423986635,28.10727520140602,25.581540281210625,3301,0.9989638125852865,0.023950161639486905
Own-delivery adaptation,No feedback,2001,2013-01-13,2,10792,2018,2217,2181,2238,2138,1.0039065492478583,21.422204431639372,21.422204431639372,0,1,0.016985799956251515
Own-delivery adaptation,ECF,2001,2013-01-13,2,10792,2019,2217,2181,2238,2137,1.0037652839128663,21.42047492350912,20.873250740028748,1060,0.9997795174303583,0.016632052390929256
Own-delivery adaptation,Same update without qualification,2001,2013-01-13,2,10792,2023,2222,2180,2231,2136,1.0034073847399148,21.410741176688383,18.49939208539117,3542,0.9968832639138211,0.015571386036564341
Own-delivery adaptation,No feedback,2001,2013-01-14,2,10449,2040,2080,2151,2114,2064,1.0062395178951786,17.88206994016987,17.88206994016987,0,1,0.022309710543072063
Own-delivery adaptation,ECF,2001,2013-01-14,2,10449,2041,2080,2152,2114,2062,1.00606016020282,17.880382419094225,17.683666752818915,636,0.9999998176792076,0.022226778163174626
Own-delivery adaptation,Same update without qualification,2001,2013-01-14,2,10449,2046,2090,2142,2116,2055,1.005506420999259,17.87037922728673,16.532902501199864,1660,0.999043649266276,0.021636833553021224
Own-delivery adaptation,No feedback,2001,2013-01-15,2,10741,2125,2023,2143,2243,2207,1.0096013815272027,26.382002191692326,26.382002191692326,0,1,0.02169492589363299
Own-delivery adaptation,ECF,2001,2013-01-15,2,10741,2128,2022,2145,2242,2204,1.009411890176338,26.37727128269637,26.164272499869718,1141,0.9994462046081334,0.021743226390996042
Own-delivery adaptation,Same update without qualification,2001,2013-01-15,2,10741,2132,2025,2140,2244,2200,1.0087564002557128,26.369525376731012,25.6966031394351,1920,0.9977877024710244,0.02175573110847624
Own-delivery adaptation,No feedback,2001,2013-01-16,2,10684,2079,2092,2207,2134,2172,1.012811505256864,27.29604273058274,27.29604273058274,0,1,0.024225699531219003
Own-delivery adaptation,ECF,2001,2013-01-16,2,10684,2080,2093,2213,2134,2164,1.0125386233950122,27.291056914331975,27.113641769699854,1313,0.9998871392710602,0.02400296849477699
Own-delivery adaptation,Same update without qualification,2001,2013-01-16,2,10684,2090,2097,2207,2134,2156,1.011786145057806,27.264125425471384,26.596117935542395,2006,0.9976011791716068,0.023280553552131697
Own-delivery adaptation,No feedback,2001,2013-01-17,2,10793,1991,2083,2186,2191,2342,1.016115020708996,28.57820897593331,28.57820897593331,0,1,0.02149792988737
Own-delivery adaptation,ECF,2001,2013-01-17,2,10793,1994,2088,2186,2187,2338,1.0156958419517348,28.56612478759748,28.143909268799888,1734,0.999581306740743,0.02108802244083624
Own-delivery adaptation,Same update without qualification,2001,2013-01-17,2,10793,2008,2086,2184,2185,2330,1.0148168520201244,28.546806828303424,27.56358793496777,2562,0.9952329280286097,0.02083346471984836
Own-delivery adaptation,No feedback,2001,2013-01-18,2,10648,1918,2074,2183,2225,2248,1.0190419201889898,28.5748540410913,28.5748540410913,0,1,0.019039684349845227
Own-delivery adaptation,ECF,2001,2013-01-18,2,10648,1918,2079,2187,2218,2246,1.0185765172384307,28.57063570209558,28.36590077414423,1442,0.9995559741923015,0.01884185337908514
Own-delivery adaptation,Same update without qualification,2001,2013-01-18,2,10648,1925,2082,2186,2221,2234,1.0175580829532747,28.556426695220654,27.42470295407589,2708,0.9967861894247593,0.01817031488740875
Own-delivery adaptation,No feedback,2001,2013-01-19,2,10471,1816,2039,2151,2222,2243,1.021394536998006,25.82519487763674,25.82519487763674,0,1,0.017251322571507105
Own-delivery adaptation,ECF,2001,2013-01-19,2,10471,1823,2042,2147,2219,2240,1.02078880894568,25.81269086052213,24.55013053789115,2520,0.999629621351262,0.016661085086137836
Own-delivery adaptation,Same update without qualification,2001,2013-01-19,2,10471,1833,2040,2160,2208,2230,1.0196455991362359,25.787682204330324,23.024204588578442,3624,0.9984582530024719,0.016382066326573415
Own-delivery adaptation,No feedback,2001,2013-01-20,2,10459,1834,1964,2185,2240,2236,1.0231753746011623,19.5275510798811,19.5275510798811,0,1,0.013894697481837127
Own-delivery adaptation,ECF,2001,2013-01-20,2,10459,1837,1978,2185,2237,2222,1.0224132707034073,19.50830327461466,16.96931513607634,2179,0.9999225731501131,0.013562264580617767
Own-delivery adaptation,Same update without qualification,2001,2013-01-20,2,10459,1856,1970,2198,2219,2216,1.0211212557954694,19.48171547099333,14.565172251035072,3632,0.9990738049142384,0.013093234101267013
Own-delivery adaptation,No feedback,2001,2013-01-21,2,10531,1787,2082,2081,2189,2392,1.026035541841551,16.28188302374024,16.28188302374024,0,1,0.021272020182647157
Own-delivery adaptation,ECF,2001,2013-01-21,2,10531,1791,2082,2094,2184,2380,1.0252142555239971,16.270921513173057,16.168792255962106,222,0.9999995537807072,0.021269946122114622
Own-delivery adaptation,Same update without qualification,2001,2013-01-21,2,10531,1810,2080,2092,2178,2371,1.0238352014492391,16.247750795251484,15.807065936985762,582,0.9988857482076889,0.02177459852475259
Own-delivery adaptation,No feedback,2001,2013-01-22,2,10649,1847,2032,2185,2218,2367,1.0294621326986237,25.852317035105877,25.852317035105877,0,1,0.019756108526725435
Own-delivery adaptation,ECF,2001,2013-01-22,2,10649,1854,2031,2194,2210,2360,1.0286393313278943,25.83868948866322,25.505691622055444,381,0.9995974610650786,0.019821032975119564
Own-delivery adaptation,Same update without qualification,2001,2013-01-22,2,10649,1863,2041,2195,2206,2344,1.0271066537840907,25.79846789736603,23.91669169124339,2550,0.9983117540521594,0.01864835424626083
Own-delivery adaptation,No feedback,2001,2013-01-23,2,10529,1790,1997,2080,2272,2390,1.0316869134799975,24.409645609709987,24.409645609709987,0,1,0.017791941371388946
Own-delivery adaptation,ECF,2001,2013-01-23,2,10529,1794,2005,2089,2263,2378,1.0307379455514973,24.39192620793936,23.03721777021987,2527,0.9999400121364204,0.017370861527904506
Own-delivery adaptation,Same update without qualification,2001,2013-01-23,2,10529,1807,2005,2099,2259,2359,1.029023895085733,24.367841692374064,21.438908970968946,3463,0.9972660195629052,0.016602973030388508
Own-delivery adaptation,No feedback,2001,2013-01-24,2,10546,1724,2015,2205,2318,2284,1.0344643084750278,19.860327212816053,19.860327212816053,0,1,0.02114485895351398
Own-delivery adaptation,ECF,2001,2013-01-24,2,10546,1725,2026,2207,2315,2273,1.0334538841163374,19.840709128524836,19.520812091401663,561,0.9999986016521943,0.021146001633931953
Own-delivery adaptation,Same update without qualification,2001,2013-01-24,2,10546,1738,2041,2197,2308,2262,1.031612892850159,19.808678785806244,18.777121969414353,1319,0.9982901113432421,0.021143911627037992
Own-delivery adaptation,No feedback,2001,2013-01-25,2,10649,1760,1948,2189,2334,2418,1.0378537019460088,27.172810465415125,27.172810465415125,0,1,0.022386584133173484
Own-delivery adaptation,ECF,2001,2013-01-25,2,10649,1766,1957,2188,2332,2406,1.0368315801619628,27.156723216213322,27.08899575244707,909,0.9999999607150802,0.02237376733391519
Own-delivery adaptation,Same update without qualification,2001,2013-01-25,2,10649,1778,1972,2180,2330,2389,1.034871525182751,27.11614904310639,26.565379039427064,2003,0.9939076652631221,0.02181575972009252
Own-delivery adaptation,No feedback,2001,2013-04-02,3,10450,2041,2135,2120,2062,2092,1.0014436985962096,22.78945091110281,22.78945091110281,0,1,0.025537653020737145
Own-delivery adaptation,ECF,2001,2013-04-02,3,10450,2041,2136,2118,2064,2091,1.0014210654916038,22.788059150514016,22.71639986212916,858,0.9996999802623842,0.025513053015812758
Own-delivery adaptation,Same update without qualification,2001,2013-04-02,3,10450,2042,2139,2114,2066,2089,1.0012350997044042,22.78338841224798,21.69513152323816,2118,0.9920172059086443,0.024754037669241013
Own-delivery adaptation,No feedback,2001,2013-04-03,3,10434,2046,2039,2033,2176,2140,1.0032914885371196,25.803933708889808,25.803933708889808,0,1,0.012018344694314509
Own-delivery adaptation,ECF,2001,2013-04-03,3,10434,2046,2040,2032,2176,2140,1.0031852006232573,25.802798138016133,21.772061052003206,3701,0.9998346696682487,0.012429693982948496
Own-delivery adaptation,Same update without qualification,2001,2013-04-03,3,10434,2049,2039,2032,2181,2133,1.0027907701212122,25.797554743415297,15.834607577967432,5935,0.9967106686207078,0.010902732424622584
Own-delivery adaptation,No feedback,2001,2013-04-04,3,10445,1978,2168,2049,2067,2183,1.0050495083950686,14.315195336371193,14.315195336371193,0,1,0.01816063115511008
Own-delivery adaptation,ECF,2001,2013-04-04,3,10445,1980,2170,2053,2061,2181,1.0048614629675006,14.312479436794481,14.154889925994517,311,0.9998442774228495,0.01796458468196805
Own-delivery adaptation,Same update without qualification,2001,2013-04-04,3,10445,1986,2169,2058,2063,2169,1.0041362141719778,14.3043196282709,12.895646129224277,1685,0.9952988305997963,0.016975604460189173
Own-delivery adaptation,No feedback,2001,2013-04-09,4,10439,2110,2040,2062,2138,2089,1.0013567728414885,23.128767792063517,23.128767792063517,0,1,0.023375419025410224
Own-delivery adaptation,ECF,2001,2013-04-09,4,10439,2109,2047,2060,2136,2087,1.0011834730463507,23.128585036460358,22.18994976396295,1914,0.9999047683934812,0.02289332842893353
Own-delivery adaptation,Same update without qualification,2001,2013-04-09,4,10439,2109,2047,2060,2136,2087,1.0011024105343493,23.127300927585154,20.214574889013008,3234,0.996830590508344,0.022967024265848443
Own-delivery adaptation,No feedback,2001,2013-04-10,4,10445,2065,2009,2122,2111,2138,1.0043696545179976,19.61725734395241,19.61725734395241,0,1,0.02352845799751773
Own-delivery adaptation,ECF,2001,2013-04-10,4,10445,2065,2018,2114,2112,2136,1.0041168746440168,19.61249813082448,19.528527507258268,338,0.9999376352567103,0.02322389863766883
Own-delivery adaptation,Same update without qualification,2001,2013-04-10,4,10445,2066,2019,2113,2117,2130,1.0039061405945495,19.611588518148174,19.037709904045776,1273,0.997258433197774,0.022695800969187004
Own-delivery adaptation,No feedback,2001,2013-04-14,5,10441,2061,2090,2135,2029,2126,1.0016001875873906,24.092762881228595,24.092762881228595,0,1,0.026973079787955774
Own-delivery adaptation,ECF,2001,2013-04-14,5,10441,2061,2091,2135,2029,2125,1.0015444673946954,24.09172731659865,23.984163713672665,1125,0.9999985054894676,0.026627877466369593
Own-delivery adaptation,Same update without qualification,2001,2013-04-14,5,10441,2063,2090,2135,2029,2124,1.0014152520491144,24.090454155063362,23.422183091672377,2143,0.9954598699912106,0.025759801320393932
Own-delivery adaptation,No feedback,2001,2013-04-15,5,10442,2068,2056,2057,2103,2158,1.004094550632354,24.54083164027717,24.54083164027717,0,1,0.01985674434830469
Own-delivery adaptation,ECF,2001,2013-04-15,5,10442,2068,2058,2056,2104,2156,1.0039102322117388,24.53925295680949,24.007887831185215,1503,0.9999999939182508,0.019222626873420818
Own-delivery adaptation,Same update without qualification,2001,2013-04-15,5,10442,2069,2061,2053,2105,2154,1.0036644349981352,24.534915068686104,23.0397224646226,2639,0.9960877484437736,0.019090936940094724
Own-delivery adaptation,No feedback,2001,2013-04-22,6,10441,2121,2043,2100,2080,2097,1.0011090339095479,22.989033461580497,22.989033461580497,0,1,0.022798564042461916
Own-delivery adaptation,ECF,2001,2013-04-22,6,10441,2124,2042,2104,2077,2094,1.0008736109463767,22.979008573610187,20.95599838201637,2546,0.9999609702692084,0.021760515253949772
Own-delivery adaptation,Same update without qualification,2001,2013-04-22,6,10441,2124,2041,2105,2074,2097,1.000851804738283,22.980863088822463,20.152187338299953,3172,0.9978641390963715,0.021607718054030285
Own-delivery adaptation,No feedback,2001,2013-04-28,7,10448,2151,2109,2111,2007,2070,1.0013661859043024,23.280797177112277,23.280797177112277,0,1,0.025476921030216936
Own-delivery adaptation,ECF,2001,2013-04-28,7,10448,2151,2112,2108,2007,2070,1.001285853880792,23.278910375604298,23.058341851086087,1534,0.999959399759442,0.02498171463874587
Own-delivery adaptation,Same update without qualification,2001,2013-04-28,7,10448,2151,2113,2109,2004,2071,1.0011510334153662,23.27771789041546,22.342544523183296,2583,0.9981317474566918,0.024435154925243355
Own-delivery adaptation,No feedback,2001,2013-04-29,7,10446,2029,2049,2150,2129,2089,1.0040364206326517,23.39933068296427,23.39933068296427,0,1,0.022678248700910397
Own-delivery adaptation,ECF,2001,2013-04-29,7,10446,2029,2052,2152,2125,2088,1.0038805393479338,23.393265642916795,23.2655645177078,1334,0.9999695451981764,0.022672681731305225
Own-delivery adaptation,Same update without qualification,2001,2013-04-29,7,10446,2032,2055,2152,2123,2084,1.0035079086051264,23.38807690193083,22.474305663856192,2628,0.9935168062667992,0.02182839331737621
Own-delivery adaptation,No feedback,2001,2013-04-30,7,10450,1987,2063,2159,2047,2194,1.006372808953895,23.352116898763832,23.352116898763832,0,1,0.01710187457621264
Own-delivery adaptation,ECF,2001,2013-04-30,7,10450,1989,2063,2165,2043,2190,1.0060556570880557,23.349283381600877,21.911900386075615,2420,0.9999699507202281,0.016632621664830254
Own-delivery adaptation,Same update without qualification,2001,2013-04-30,7,10450,1993,2066,2168,2038,2185,1.0055206517754256,23.342622894432196,20.39163786013114,3291,0.9946872090825509,0.01598256778424262
Own-delivery adaptation,No feedback,2001,2013-05-01,7,10436,2050,2069,2048,2096,2173,1.0090204216693628,19.601656219675696,19.601656219675696,0,1,0.019079259731418458
Own-delivery adaptation,ECF,2001,2013-05-01,7,10436,2050,2071,2052,2094,2169,1.0086454561063305,19.597023350174467,19.57808906007984,475,0.9999965310322224,0.018889220974059262
Own-delivery adaptation,Same update without qualification,2001,2013-05-01,7,10436,2052,2077,2051,2091,2165,1.0079663197396516,19.58771501865739,18.840877316773767,1883,0.9972838780600541,0.018631088680238092
Own-delivery adaptation,No feedback,2001,2013-05-06,8,10445,2097,2133,2010,2102,2103,1.0013520964592737,22.48171295763291,22.48171295763291,0,1,0.024027862996748837
Own-delivery adaptation,ECF,2001,2013-05-06,8,10445,2097,2133,2010,2102,2103,1.0013255079550298,22.48171295763291,22.409345104621853,1057,0.9999693056172231,0.024014783772829226
Own-delivery adaptation,Same update without qualification,2001,2013-05-06,8,10445,2098,2134,2010,2101,2102,1.0011668177575448,22.47794798401854,21.626840520947084,2273,0.9949533286266687,0.02361506064623107
Own-delivery adaptation,No feedback,2001,2013-05-07,8,10443,2059,2036,2056,2169,2123,1.003628701526047,22.257022643605865,22.257022643605865,0,1,0.017315943280109262
Own-delivery adaptation,ECF,2001,2013-05-07,8,10443,2059,2037,2055,2169,2123,1.0035796465131388,22.256950525107477,22.070904377572504,987,0.9999835939335335,0.01733362303673242
Own-delivery adaptation,Same update without qualification,2001,2013-05-07,8,10443,2061,2035,2060,2165,2122,1.0032250485353542,22.252193805977228,20.705747401225565,2959,0.9986029715783676,0.017030355183886747
Own-delivery adaptation,No feedback,2001,2013-05-08,8,10446,2029,2062,2124,2109,2122,1.0059347643061092,19.559314572948963,19.559314572948963,0,1,0.01824009430977544
Own-delivery adaptation,ECF,2001,2013-05-08,8,10446,2031,2061,2126,2107,2121,1.005791548923959,19.5569392294487,19.13833530792657,828,0.9999552810382868,0.01777273659983503
Own-delivery adaptation,Same update without qualification,2001,2013-05-08,8,10446,2033,2066,2122,2106,2119,1.0053023932724934,19.55000320671853,18.274540231407403,1965,0.998316846346094,0.017467922395559637
Own-delivery adaptation,No feedback,2001,2013-05-09,8,10451,2072,1964,2062,2207,2146,1.0086736975136221,20.104926117390345,20.104926117390345,0,1,0.020011361496427512
Own-delivery adaptation,ECF,2001,2013-05-09,8,10451,2075,1963,2065,2204,2144,1.0084788499577904,20.101076526603066,19.986244015798377,397,0.9999578978562847,0.019869123706328772
Own-delivery adaptation,Same update without qualification,2001,2013-05-09,8,10451,2081,1971,2059,2204,2136,1.007813637752582,20.08805091210528,19.13301968954167,2077,0.9966811641526622,0.01924854271216501
Own-delivery adaptation,No feedback,2001,2013-05-10,8,10444,1979,2026,2231,2107,2101,1.011287007775131,22.81955344033048,22.81955344033048,0,1,0.020074501268744122
Own-delivery adaptation,ECF,2001,2013-05-10,8,10444,1979,2030,2232,2101,2102,1.0109929784519978,22.81855009954394,22.509582981804186,1606,0.9999999235956442,0.019688032348517768
Own-delivery adaptation,Same update without qualification,2001,2013-05-10,8,10444,1986,2036,2228,2098,2096,1.0101013850332174,22.804044687639674,21.736665241969046,2739,0.9983261884400025,0.01856523503302283
Own-delivery adaptation,No feedback,2001,2013-05-11,8,10449,1951,2028,2161,2171,2138,1.0133555703904245,22.55635521671048,22.55635521671048,0,1,0.015433619720791767
Own-delivery adaptation,ECF,2001,2013-05-11,8,10449,1952,2033,2163,2170,2131,1.0128454695018188,22.54500934158908,20.800301778023435,2390,0.999998608794289,0.015918456565008447
Own-delivery adaptation,Same update without qualification,2001,2013-05-11,8,10449,1960,2037,2162,2173,2117,1.0117896292720325,22.529082425844273,18.211775798042506,4495,0.9986290479546377,0.015656978811442526
Own-delivery adaptation,No feedback,2001,2013-05-12,8,10441,1947,2015,2097,2188,2194,1.0157411884002392,17.26450040674868,17.26450040674868,0,1,0.022268635426336825
Own-delivery adaptation,ECF,2001,2013-05-12,8,10441,1950,2017,2101,2187,2186,1.0151262089092266,17.25865758249342,17.020124475061746,568,0.9999693666589953,0.022124160454842213
Own-delivery adaptation,Same update without qualification,2001,2013-05-12,8,10441,1956,2021,2106,2179,2179,1.0139305993188132,17.244831627086153,16.004932247000887,1908,0.9989080392767944,0.02101099057003646
Own-delivery adaptation,No feedback,2001,2013-05-16,9,10456,2120,2062,2116,2068,2090,1.0013837491825723,22.07607804922891,22.07607804922891,0,1,0.025088775020424583
Own-delivery adaptation,ECF,2001,2013-05-16,9,10456,2121,2061,2118,2069,2087,1.0013314093308519,22.07529857712118,21.923942088635627,1068,0.9999870512775356,0.025019779797976344
Own-delivery adaptation,Same update without qualification,2001,2013-05-16,9,10456,2126,2059,2115,2069,2087,1.0010439797848079,22.07048013112969,20.513966509639815,3210,0.9977371520580319,0.023024564823425547
Own-delivery adaptation,No feedback,2001,2013-05-17,9,10446,2017,2056,2118,2160,2095,1.0037110856261475,20.42585941574093,20.42585941574093,0,1,0.018284180025873644
Own-delivery adaptation,ECF,2001,2013-05-17,9,10446,2016,2057,2123,2157,2093,1.003645569514361,20.421651356766237,20.40996720093815,22,0.9999998938888974,0.0182834366850706
Own-delivery adaptation,Same update without qualification,2001,2013-05-17,9,10446,2023,2053,2134,2147,2089,1.003025390980792,20.408317004637837,19.243863726135523,2535,0.9954599176125905,0.017139831273862014
Own-delivery adaptation,No feedback,2001,2013-05-18,9,10441,2055,2013,2095,2126,2152,1.0059735641956187,22.277504969281434,22.277504969281434,0,1,0.017897967889154036
Own-delivery adaptation,ECF,2001,2013-05-18,9,10441,2054,2016,2096,2124,2151,1.0059077978690587,22.278009559561767,22.266645595875907,23,0.9999991105711615,0.017908437305681042
Own-delivery adaptation,Same update without qualification,2001,2013-05-18,9,10441,2061,2021,2099,2124,2136,1.0049531919504306,22.26581412619621,20.999866286892992,2975,0.9985898685493415,0.01659920697980883
Own-delivery adaptation,No feedback,2001,2013-05-19,9,10454,2048,2027,2133,2103,2143,1.0081655629289374,21.94691962113214,21.94691962113214,0,1,0.018680621982490417
Own-delivery adaptation,ECF,2001,2013-05-19,9,10454,2050,2023,2139,2102,2140,1.0080973954204442,21.945484683254982,21.92908952328317,23,0.999999948696905,0.01857648020028145
Own-delivery adaptation,Same update without qualification,2001,2013-05-19,9,10454,2056,2036,2133,2098,2131,1.0068519327527339,21.92308073938993,20.66668534271873,2947,0.9980880159176706,0.01703068112831847
Own-delivery adaptation,No feedback,2001,2013-05-20,9,10452,2000,2046,2110,2136,2160,1.010308102568903,22.2159923408736,22.2159923408736,0,1,0.01687048017217931
Own-delivery adaptation,ECF,2001,2013-05-20,9,10452,2002,2047,2109,2131,2163,1.010174340486641,22.213045685587517,22.03643270223139,1243,0.9999868245325034,0.016611608180566725
Own-delivery adaptation,Same update without qualification,2001,2013-05-20,9,10452,2014,2062,2099,2126,2151,1.008700476790365,22.184541554445712,20.872040883403017,2966,0.996077474124083,0.016066130414695987
Own-delivery adaptation,No feedback,2001,2013-05-21,9,10438,1947,2031,2194,2204,2062,1.0125684257374894,21.605512011147514,21.605512011147514,0,1,0.01720158349306028
Own-delivery adaptation,ECF,2001,2013-05-21,9,10438,1949,2033,2192,2203,2061,1.0124115297026373,21.597164910264095,21.56481028667575,23,0.9999850369569099,0.017322507359850314
Own-delivery adaptation,Same update without qualification,2001,2013-05-21,9,10438,1959,2041,2205,2188,2045,1.0107037715237188,21.569310576310986,20.50270644117998,2603,0.9962949827053762,0.016066765196464185
Own-delivery adaptation,No feedback,2001,2013-05-22,9,10452,1925,2072,2106,2230,2119,1.0142661398885067,20.860726044915104,20.860726044915104,0,1,0.012814984163364258
Own-delivery adaptation,ECF,2001,2013-05-22,9,10452,1927,2074,2108,2230,2113,1.0139428741897845,20.85347963772095,19.538791845736142,1983,0.9999961594175674,0.012222048394371484
Own-delivery adaptation,Same update without qualification,2001,2013-05-22,9,10452,1935,2085,2116,2216,2100,1.0120454685284996,20.827652182704526,14.78248290736348,6405,0.9964855448863326,0.011677498088995193
Own-delivery adaptation,No feedback,2001,2013-05-23,9,10430,1931,2068,2069,2216,2146,1.0153344905086472,14.85541449356951,14.85541449356951,0,1,0.010164464209107603
Own-delivery adaptation,ECF,2001,2013-05-23,9,10430,1932,2069,2070,2213,2146,1.0149315146679863,14.854032913801596,14.367065793151117,871,0.9999881333858764,0.010286310558007645
Own-delivery adaptation,Same update without qualification,2001,2013-05-23,9,10430,1953,2067,2083,2198,2129,1.0128116567540162,14.82049245520121,10.144438829419332,5326,0.9990557708279532,0.010283749338408121
Own-delivery adaptation,No feedback,2001,2013-05-24,9,10445,1887,2049,2108,2248,2153,1.0170726844727342,14.183466909085015,14.183466909085015,0,1,0.01766601429395184
Own-delivery adaptation,ECF,2001,2013-05-24,9,10445,1892,2047,2116,2243,2147,1.0166583280352042,14.17740620120744,14.145684642679564,78,0.9999855417139507,0.01761233375948299
Own-delivery adaptation,Same update without qualification,2001,2013-05-24,9,10445,1908,2058,2118,2227,2134,1.014394602036496,14.147906125694732,12.989874521668849,2011,0.9976179597009986,0.016966316092507712
Own-delivery adaptation,No feedback,2001,2013-05-25,9,10457,1883,2000,2231,2154,2189,1.019480796965756,18.299168918818964,18.299168918818964,0,1,0.017046131949856207
Own-delivery adaptation,ECF,2001,2013-05-25,9,10457,1886,2001,2238,2148,2184,1.0190114135213058,18.29046618259994,17.98003905000816,698,0.9999857971731944,0.01698022950281489
Own-delivery adaptation,Same update without qualification,2001,2013-05-25,9,10457,1900,2016,2247,2133,2161,1.016583441794745,18.24452083779134,16.835130848711728,2272,0.9980543329842698,0.016699851533688026
Own-delivery adaptation,No feedback,2001,2013-05-26,9,10444,1948,1978,2096,2196,2226,1.0217577035191525,20.919808988782684,20.919808988782684,0,1,0.017524406763783248
Own-delivery adaptation,ECF,2001,2013-05-26,9,10444,1950,1987,2088,2202,2217,1.0212208137966916,20.912098771304912,20.69340950139123,1025,0.9999861526001764,0.017440990802729768
Own-delivery adaptation,Same update without qualification,2001,2013-05-26,9,10444,1963,2012,2087,2184,2198,1.01861336393374,20.858573255536932,19.62264204905431,2801,0.9966243979221862,0.01679520652726877
Own-delivery adaptation,No feedback,2001,2013-05-27,9,10454,1818,1978,2159,2189,2310,1.0235122912767178,22.14077349730387,22.14077349730387,0,1,0.013276384322875995
Own-delivery adaptation,ECF,2001,2013-05-27,9,10454,1825,1982,2160,2181,2306,1.022862747250749,22.122113241523195,19.955464901357594,2584,0.9999798298009357,0.013789064278424622
Own-delivery adaptation,Same update without qualification,2001,2013-05-27,9,10454,1839,1992,2164,2180,2279,1.0201145607246238,22.087890033419576,16.925981315700582,4389,0.997028951012866,0.013342784957344589
Own-delivery adaptation,No feedback,2001,2013-05-28,9,10448,1908,2035,2118,2147,2240,1.0252509086170787,17.332257720664305,17.332257720664305,0,1,0.01628711257986465
Own-delivery adaptation,ECF,2001,2013-05-28,9,10448,1914,2038,2124,2136,2236,1.0245736884485117,17.320528945983657,17.251693047034202,570,0.9999848899338806,0.01638610389417657
Own-delivery adaptation,Same update without qualification,2001,2013-05-28,9,10448,1939,2043,2130,2115,2221,1.0215830291045258,17.279702888075708,14.855110006240803,3610,0.9939182625845564,0.015546855750933015
Own-delivery adaptation,No feedback,2001,2013-05-29,9,10440,1870,1964,2138,2210,2258,1.0275229496561005,17.399512582839108,17.399512582839108,0,1,0.018070720418602415
Own-delivery adaptation,ECF,2001,2013-05-29,9,10440,1873,1969,2143,2206,2249,1.0267826095347692,17.390512392396214,17.076745874942656,768,0.9999989623489028,0.018016147397172416
Own-delivery adaptation,Same update without qualification,2001,2013-05-29,9,10440,1895,1983,2136,2202,2224,1.0236114898140345,17.341836770537803,15.788141526615643,2249,0.996638428537707,0.017957963248441646
Own-delivery adaptation,No feedback,2001,2013-05-30,9,10453,1898,1919,2121,2200,2315,1.0299608052045242,20.389877835923976,20.389877835923976,0,1,0.018610921411872913
Own-delivery adaptation,ECF,2001,2013-05-30,9,10453,1902,1924,2124,2194,2309,1.0291755322252902,20.375391771861697,20.26725955433551,980,0.9999851808525276,0.018471890520609012
Own-delivery adaptation,Same update without qualification,2001,2013-05-30,9,10453,1925,1943,2130,2175,2280,1.0258901453299007,20.314401861812875,19.207930755645705,2571,0.9969816697657055,0.017732418217870555
Own-delivery adaptation,No feedback,2001,2013-05-31,9,10450,1836,1945,2097,2260,2312,1.0322422355849155,21.302267604927255,21.302267604927255,0,1,0.016380934209523787
Own-delivery adaptation,ECF,2001,2013-05-31,9,10450,1839,1953,2098,2260,2300,1.031384110752809,21.290331696553555,21.08043516380775,1260,0.9999998829889956,0.01612811848084162
Own-delivery adaptation,Same update without qualification,2001,2013-05-31,9,10450,1870,1967,2090,2252,2271,1.027891925930549,21.237980141642403,19.806597413431312,3095,0.9975720097976418,0.015318968484375686
Own-delivery adaptation,No feedback,2001,2013-06-01,9,10450,1816,1960,2135,2272,2267,1.0341080412347636,21.66677078569726,21.66677078569726,0,1,0.01410006167463513
Own-delivery adaptation,ECF,2001,2013-06-01,9,10450,1822,1958,2145,2262,2263,1.0331892142303898,21.653515627678825,20.894461337568522,1700,0.9999982007636022,0.014413741150463209
Own-delivery adaptation,Same update without qualification,2001,2013-06-01,9,10450,1843,1974,2169,2231,2233,1.0294807486691497,21.599125760025544,17.49705652737064,5699,0.9972093652253998,0.01351542051359637
Own-delivery adaptation,No feedback,2001,2013-06-02,9,10437,1880,2018,2074,2217,2248,1.0348250314495073,16.476129774757247,16.476129774757247,0,1,0.0059074616513131875
Own-delivery adaptation,ECF,2001,2013-06-02,9,10437,1885,2026,2076,2212,2238,1.0338805665287745,16.464067709840513,13.472101488348837,2332,0.9999830136593064,0.006828917033088738
Own-delivery adaptation,Same update without qualification,2001,2013-06-02,9,10437,1920,2035,2081,2193,2208,1.0300572947374271,16.413658457542656,6.148087942238712,6100,0.9987749086835853,0.005725320543144246
Own-delivery adaptation,No feedback,2001,2013-06-03,9,10447,1737,1898,2166,2215,2431,1.0364565259066703,12.919444334418046,12.919444334418046,0,1,0.018896530838179996
Own-delivery adaptation,ECF,2001,2013-06-03,9,10447,1744,1896,2169,2214,2424,1.0354854612241116,12.911276732357496,12.843994533157291,156,0.9999813976622607,0.018840740203475915
Own-delivery adaptation,Same update without qualification,2001,2013-06-03,9,10447,1766,1924,2176,2195,2386,1.0315431687850154,12.859986697890761,11.964356717019353,1626,0.9971210100979104,0.018075800597314718
Own-delivery adaptation,No feedback,2001,2013-06-04,9,10444,1676,1897,2146,2307,2418,1.0387895920717354,20.83765476560893,20.83765476560893,0,1,0.016432791867940496
Own-delivery adaptation,ECF,2001,2013-06-04,9,10444,1681,1908,2140,2306,2409,1.0377773521945808,20.827157318161966,20.696573067896516,1147,0.9999859592624976,0.016277648329412565
Own-delivery adaptation,Same update without qualification,2001,2013-06-04,9,10444,1710,1923,2145,2291,2375,1.0336140017885207,20.765488758067065,19.21925757945344,2980,0.9957756631982743,0.015294505114727776
Own-delivery adaptation,No feedback,2001,2013-06-05,9,10448,1737,1907,2099,2260,2445,1.0406810530378616,20.947591254670094,20.947591254670094,0,1,0.013902315738521489
Own-delivery adaptation,ECF,2001,2013-06-05,9,10448,1743,1908,2105,2261,2431,1.039605947029551,20.936332568950558,20.492472597106655,1441,0.9999848944492865,0.013435938906699342
Own-delivery adaptation,Same update without qualification,2001,2013-06-05,9,10448,1776,1933,2107,2235,2397,1.0351954073491605,20.86407548971884,18.218127759622085,3467,0.9989745999637549,0.01271423096973014
Own-delivery adaptation,No feedback,2001,2013-06-06,9,10455,1686,1893,2073,2340,2463,1.0426387017022671,18.439108378531017,18.439108378531017,0,1,0.015074446336032336
Own-delivery adaptation,ECF,2001,2013-06-06,9,10455,1691,1899,2077,2337,2451,1.0415335323651962,18.42031395468505,18.102200920836218,919,0.9999942674603051,0.015030278772635046
Own-delivery adaptation,Same update without qualification,2001,2013-06-06,9,10455,1709,1941,2076,2314,2415,1.0368629369139732,18.359398101603702,15.159357389051202,5025,0.9988751782353595,0.013860403219234482
Own-delivery adaptation,No feedback,2001,2013-06-07,9,10457,1717,1894,2130,2231,2485,1.0441145789103068,16.17848275979599,16.17848275979599,0,1,0.014007063980527153
Own-delivery adaptation,ECF,2001,2013-06-07,9,10457,1720,1903,2134,2231,2469,1.0430077603321675,16.159421548440587,16.153787490871082,10,0.9999840244436382,0.01401736696814284
Own-delivery adaptation,Same update without qualification,2001,2013-06-07,9,10457,1759,1914,2151,2206,2427,1.038133974196581,16.086359264934714,12.394856908037927,3418,0.9968256844602789,0.013081223990062408
Own-delivery adaptation,No feedback,2001,2013-06-08,9,10447,1758,1929,2101,2240,2419,1.0457270812776427,15.812470305152615,15.812470305152615,0,1,0.01273118029833256
Own-delivery adaptation,ECF,2001,2013-06-08,9,10447,1763,1942,2096,2239,2407,1.0446107364134056,15.790451455609565,15.75648635151584,210,0.9999999994131532,0.012655174362979905
Own-delivery adaptation,Same update without qualification,2001,2013-06-08,9,10447,1790,1969,2097,2230,2361,1.039552490914093,15.72330675295402,13.492554285871819,3809,0.9963052187625446,0.012062834077158548
Own-delivery adaptation,No feedback,2001,2013-06-09,9,10452,1676,1875,2054,2409,2438,1.0476435614790387,16.770277394557844,16.770277394557844,0,1,0.017529815553705787
Own-delivery adaptation,ECF,2001,2013-06-09,9,10452,1686,1873,2066,2412,2415,1.0464939487718623,16.7513385010851,16.69160140252921,252,0.9999996792745149,0.017332193818639114
Own-delivery adaptation,Same update without qualification,2001,2013-06-09,9,10452,1708,1917,2070,2388,2369,1.041272927120502,16.680145908150354,15.55436907282387,2130,0.9982272095412713,0.016985034368616064
Own-delivery adaptation,No feedback,2001,2013-06-10,9,10464,1662,1895,2025,2380,2502,1.0500232270127177,20.20848879981586,20.20848879981586,0,1,0.016134890457727494
Own-delivery adaptation,ECF,2001,2013-06-10,9,10464,1665,1902,2030,2375,2492,1.0488286088142167,20.195494840007555,19.80095498907131,1173,0.99999046845434,0.016299948991056985
Own-delivery adaptation,Same update without qualification,2001,2013-06-10,9,10464,1703,1942,2009,2364,2446,1.0433805128645102,20.118403473942745,16.829614904432866,5197,0.9912672158314034,0.015165505502689957
Own-delivery adaptation,No feedback,2001,2013-06-11,9,10448,1630,1862,2108,2320,2528,1.0521580376711435,18.533336262112762,18.533336262112762,0,1,0.018323537802861674
Own-delivery adaptation,ECF,2001,2013-06-11,9,10448,1631,1878,2106,2319,2514,1.0509434105672726,18.516508081048997,18.42933911746936,208,0.9999863285106575,0.018361043909788197
Own-delivery adaptation,Same update without qualification,2001,2013-06-11,9,10448,1678,1918,2106,2294,2452,1.045188953090008,18.403958823873666,16.853276244258673,2644,0.9960736378367203,0.016916794689547508
Own-delivery adaptation,No feedback,2001,2013-06-12,9,10445,1591,1831,2110,2368,2545,1.0536007765220003,21.5825003259839,21.5825003259839,0,1,0.007881413920013385
Own-delivery adaptation,ECF,2001,2013-06-12,9,10445,1596,1834,2119,2374,2522,1.0522791534654456,21.56377451888686,14.545454143908932,3881,0.9999850902141596,0.008667131086764018
Own-delivery adaptation,Same update without qualification,2001,2013-06-12,9,10445,1633,1871,2119,2339,2483,1.0464076446569395,21.479882927638307,9.840806526732088,6083,0.9966803304021633,0.008792852871856301
Own-delivery adaptation,No feedback,2001,2013-06-13,9,10453,1666,1857,2106,2337,2487,1.0551076213258697,14.229491913843917,14.229491913843917,0,1,0.016689817869867042
Own-delivery adaptation,ECF,2001,2013-06-13,9,10453,1672,1864,2109,2351,2457,1.0536864325731063,14.211033792370094,14.085070517584995,202,0.9999829307759653,0.016562099597048657
Own-delivery adaptation,Same update without qualification,2001,2013-06-13,9,10453,1717,1887,2128,2313,2408,1.0477153528405356,14.138399740690211,12.806056470562135,2005,0.9964908608101981,0.016373523201978078
Own-delivery adaptation,No feedback,2001,2013-06-14,9,10455,1623,1825,2010,2439,2558,1.0572717406522503,21.017020999705636,21.017020999705636,0,1,0.01611675194489472
Own-delivery adaptation,ECF,2001,2013-06-14,9,10455,1633,1828,2016,2429,2549,1.0557920125219724,20.997070914764226,20.87380508222595,1159,0.9999949636241916,0.015839432689337192
Own-delivery adaptation,Same update without qualification,2001,2013-06-14,9,10455,1678,1840,2035,2411,2491,1.0496149325054411,20.911468249729765,19.24846175183935,3399,0.9957589710574322,0.014921689960738083
Own-delivery adaptation,No feedback,2001,2013-06-15,9,10452,1558,1828,2103,2361,2602,1.0591608326810042,21.270331041046422,21.270331041046422,0,1,0.014570433693152841
Own-delivery adaptation,ECF,2001,2013-06-15,9,10452,1568,1832,2106,2369,2577,1.0576252856560209,21.24998860929889,20.814759564345856,1915,0.9999745213629089,0.01451871724879584
Own-delivery adaptation,Same update without qualification,2001,2013-06-15,9,10452,1611,1876,2099,2350,2516,1.0512110219842175,21.150495662601738,17.875161207205807,5113,0.9980991196237688,0.013675596710730709
Own-delivery adaptation,No feedback,2001,2013-06-16,9,10439,1555,1798,2124,2339,2623,1.0611266895357672,18.994905536154704,18.994905536154704,0,1,0.0173012681535518
Own-delivery adaptation,ECF,2001,2013-06-16,9,10439,1562,1805,2144,2319,2609,1.0595451473863968,18.970364931290234,18.838028421788984,882,0.999985572105778,0.017247468244735296
Own-delivery adaptation,Same update without qualification,2001,2013-06-16,9,10439,1601,1847,2154,2277,2560,1.052874947904293,18.869314604712038,17.345409099307407,3052,0.996659881105955,0.015958270539220675
Own-delivery adaptation,No feedback,2001,2013-06-17,9,10442,1561,1809,2112,2332,2628,1.0631648522592048,21.11849315350905,21.11849315350905,0,1,0.014454122550157334
Own-delivery adaptation,ECF,2001,2013-06-17,9,10442,1566,1824,2118,2325,2609,1.0615223365887367,21.101095087228003,20.76622385762044,1434,0.9999796176766002,0.014175045088148921
Own-delivery adaptation,Same update without qualification,2001,2013-06-17,9,10442,1616,1860,2103,2314,2549,1.0546658807355251,20.98115123649434,19.238658582582264,3379,0.996774336063723,0.013501424328280665
Own-delivery adaptation,No feedback,2001,2013-06-18,9,10453,1543,1865,2046,2371,2628,1.0651479674759383,19.000519802597807,19.000519802597807,0,1,0.016625466131798102
Own-delivery adaptation,ECF,2001,2013-06-18,9,10453,1547,1878,2049,2373,2606,1.063451486260205,18.977871224837116,18.744202455627168,806,0.999999933443333,0.01683739751342917
Own-delivery adaptation,Same update without qualification,2001,2013-06-18,9,10453,1594,1898,2078,2341,2542,1.0564476516722512,18.8617229527025,17.176438928865355,2793,0.9965993817233009,0.015937997805389778
Own-delivery adaptation,No feedback,2001,2013-06-19,9,10452,1508,1761,2181,2391,2611,1.0669382093323707,21.82695584635197,21.82695584635197,0,1,0.014127845709154853
Own-delivery adaptation,ECF,2001,2013-06-19,9,10452,1513,1770,2210,2373,2586,1.0650699336992577,21.796610383676747,20.149322334961475,2408,0.9999854848494394,0.014246547880831798
Own-delivery adaptation,Same update without qualification,2001,2013-06-19,9,10452,1557,1811,2242,2316,2526,1.0579689371158043,21.678513638033095,18.21628275602673,4238,0.9953196744044728,0.014457131453039191
Own-delivery adaptation,No feedback,2001,2013-06-23,10,10442,2072,2095,2044,2107,2124,1.0007497926318272,17.09716471089765,17.09716471089765,0,1,0.01576216330301047
Own-delivery adaptation,ECF,2001,2013-06-23,10,10442,2072,2095,2044,2107,2124,1.0006888153785594,17.09716471089765,15.9678186610785,1572,0.9999946565637076,0.015639117423467762
Own-delivery adaptation,Same update without qualification,2001,2013-06-23,10,10442,2074,2095,2043,2107,2123,1.0005544147162895,17.093386889985595,11.574575657260194,5968,0.9978947661237032,0.014966271975988946
Own-delivery adaptation,No feedback,2001,2013-06-24,10,10453,2120,2146,2054,2068,2065,1.0021995563656647,14.413901141578597,14.413901141578597,0,1,0.01582460054079685
Own-delivery adaptation,ECF,2001,2013-06-24,10,10453,2119,2149,2054,2068,2063,1.0020466443794567,14.411803486509141,14.174403591382294,457,0.9999920928544657,0.015500225352878778
Own-delivery adaptation,Same update without qualification,2001,2013-06-24,10,10453,2122,2146,2058,2063,2064,1.0016924587670288,14.411452561352945,12.162082006409467,3082,0.9975196551757466,0.014028848879077157
Own-delivery adaptation,No feedback,2001,2013-06-25,10,10440,2034,2042,2076,2134,2154,1.0038424980733738,17.094862445267882,17.094862445267882,0,1,0.013011701365065475
Own-delivery adaptation,ECF,2001,2013-06-25,10,10440,2034,2044,2076,2134,2152,1.0036506701666783,17.091759392255156,16.99237519438089,520,0.9999858135471364,0.012938190157960367
Own-delivery adaptation,Same update without qualification,2001,2013-06-25,10,10440,2039,2045,2081,2128,2147,1.003054914041652,17.07905064751701,13.808748690524638,3942,0.9990681224583121,0.01165191049143728
Own-delivery adaptation,No feedback,2001,2013-06-26,10,10446,2028,2073,2053,2094,2198,1.0056767672904348,15.956651205521517,15.956651205521517,0,1,0.014827046213410506
Own-delivery adaptation,ECF,2001,2013-06-26,10,10446,2030,2078,2051,2088,2199,1.0053842884753,15.95416252754347,15.520989781845405,860,0.9999781157024279,0.014277876798127441
Own-delivery adaptation,Same update without qualification,2001,2013-06-26,10,10446,2036,2077,2055,2090,2188,1.0046242811965596,15.942746025859662,13.942635469796368,2708,0.997271109592095,0.013896496013268483
Own-delivery adaptation,No feedback,2001,2013-06-27,10,10447,2049,2059,2032,2166,2141,1.0074013821395882,16.77121975193272,16.77121975193272,0,1,0.012317610380372053
Own-delivery adaptation,ECF,2001,2013-06-27,10,10447,2049,2062,2035,2161,2140,1.0070685793151262,16.765514952882718,16.50962027958832,752,0.9999746865414371,0.01234047910320017
Own-delivery adaptation,Same update without qualification,2001,2013-06-27,10,10447,2052,2071,2030,2159,2135,1.0061036263233811,16.752632116944213,12.80953718984973,4716,0.9960470577321476,0.011465300510174819
Own-delivery adaptation,No feedback,2002,2013-01-02,1,10693,2149,2165,2130,2109,2140,1.001311140469507,28.03070930980758,28.03070930980758,0,1,0.026957752332013495
Own-delivery adaptation,ECF,2002,2013-01-02,1,10693,2150,2164,2131,2109,2139,1.0012489209123707,28.030065326734796,27.68170378446171,1667,0.9992943721394546,0.026602838062143457
Own-delivery adaptation,Same update without qualification,2002,2013-01-02,1,10693,2150,2165,2131,2109,2138,1.0011284021050677,28.02876245237258,26.53761185937256,2923,0.9973436260234263,0.02626056105921664
Own-delivery adaptation,No feedback,2002,2013-01-03,1,10532,2052,2129,2147,2124,2080,1.0042625239972953,22.74905017507276,22.74905017507276,0,1,0.024560907475189103
Own-delivery adaptation,ECF,2002,2013-01-03,1,10532,2053,2129,2147,2124,2079,1.0041673129604376,22.74828595767761,22.669824300203622,559,0.9999980284194663,0.024593347040511394
Own-delivery adaptation,Same update without qualification,2002,2013-01-03,1,10532,2056,2127,2148,2127,2074,1.0039138548430984,22.74371818763963,21.956469440212615,1453,0.9980455254160842,0.024179245887021694
Own-delivery adaptation,No feedback,2002,2013-01-04,1,10677,1983,2088,2185,2216,2205,1.0078347620189119,27.4327490725086,27.4327490725086,0,1,0.025371817386604233
Own-delivery adaptation,ECF,2002,2013-01-04,1,10677,1984,2089,2183,2216,2205,1.007706946978483,27.4312429485707,27.220376458067577,1227,0.9999852127961049,0.025250188577811132
Own-delivery adaptation,Same update without qualification,2002,2013-01-04,1,10677,1987,2093,2183,2214,2200,1.00741056925609,27.42123084792174,26.84371169655425,1778,0.998841657256856,0.025268989692505118
Own-delivery adaptation,No feedback,2002,2013-01-05,1,10664,2036,2012,2143,2241,2232,1.0114039640588268,29.407068657261075,29.407068657261075,0,1,0.023072702579374518
Own-delivery adaptation,ECF,2002,2013-01-05,1,10664,2040,2011,2143,2241,2229,1.0112347429500264,29.399902229212135,29.2924594427501,1227,0.9997033075113125,0.0229724924876392
Own-delivery adaptation,Same update without qualification,2002,2013-01-05,1,10664,2046,2007,2148,2238,2225,1.0107768399041412,29.391954936815193,28.71280482097618,2561,0.9979679651258986,0.022639157663636243
Own-delivery adaptation,No feedback,2002,2013-01-06,1,10625,1937,2080,2180,2230,2198,1.0145855425201826,29.31238176683729,29.31238176683729,0,1,0.02330235488266034
Own-delivery adaptation,ECF,2002,2013-01-06,1,10625,1937,2085,2179,2231,2193,1.0143669176071564,29.30947089537283,29.145379970121112,1397,0.9999091532385191,0.023034814683527336
Own-delivery adaptation,Same update without qualification,2002,2013-01-06,1,10625,1941,2092,2175,2233,2184,1.0137173170065055,29.295819355360933,28.597891939139238,2483,0.9991308966079083,0.022140981768609437
Own-delivery adaptation,No feedback,2002,2013-01-07,1,10604,1946,2168,2076,2177,2237,1.0177257039822798,29.126273188616047,29.126273188616047,0,1,0.021801938784122635
Own-delivery adaptation,ECF,2002,2013-01-07,1,10604,1948,2166,2080,2175,2235,1.0174187905526357,29.12264189147826,28.603223265937707,1732,0.9999851218438456,0.021705706767263182
Own-delivery adaptation,Same update without qualification,2002,2013-01-07,1,10604,1955,2163,2083,2176,2227,1.0166732611693632,29.11040248886485,27.898175166066384,2585,0.9982911902418655,0.021256635824251354
Own-delivery adaptation,No feedback,2002,2013-01-08,1,10640,1931,2040,2193,2231,2245,1.020789271707346,27.814224355420325,27.814224355420325,0,1,0.020503734703317882
Own-delivery adaptation,ECF,2002,2013-01-08,1,10640,1931,2049,2187,2232,2241,1.0204252952402622,27.80646588205142,27.61506268524009,1346,0.9996388163351665,0.020504066328468056
Own-delivery adaptation,Same update without qualification,2002,2013-01-08,1,10640,1937,2051,2192,2233,2227,1.019591015350529,27.792801140064462,27.057236885575435,2103,0.9979028000284295,0.020101098129719157
Own-delivery adaptation,No feedback,2002,2013-01-12,2,10600,2143,2156,2089,2056,2156,1.0013776457634365,28.014945240388855,28.014945240388855,0,1,0.025877528920775508
Own-delivery adaptation,ECF,2002,2013-01-12,2,10600,2145,2156,2087,2056,2156,1.0013302965346669,28.01246305626172,27.31923304315326,1240,0.9999201332719911,0.025623180060551035
Own-delivery adaptation,Same update without qualification,2002,2013-01-12,2,10600,2146,2156,2091,2054,2153,1.0011552454741126,28.00886720550701,25.39910971407742,3348,0.9989455099172779,0.024057656909784415
Own-delivery adaptation,No feedback,2002,2013-01-13,2,10792,2127,2127,2219,2170,2149,1.0038540127796989,21.337938665249332,21.337938665249332,0,1,0.015955988574013022
Own-delivery adaptation,ECF,2002,2013-01-13,2,10792,2126,2131,2216,2173,2146,1.0037012016772877,21.33847445702329,20.620835354383445,1140,0.9997887100600389,0.016263584871908134
Own-delivery adaptation,Same update without qualification,2002,2013-01-13,2,10792,2131,2129,2218,2171,2143,1.0033004216522092,21.331108111916382,18.24987800738047,3548,0.9968823789591034,0.015449908078576467
Own-delivery adaptation,No feedback,2002,2013-01-14,2,10449,2072,2093,2104,2127,2053,1.0060090278573555,17.942353895037122,17.942353895037122,0,1,0.020038450414090792
Own-delivery adaptation,ECF,2002,2013-01-14,2,10449,2071,2097,2103,2126,2052,1.0058093070786003,17.937976199471635,17.647905602583087,618,0.9999950722705366,0.01989103240833642
Own-delivery adaptation,Same update without qualification,2002,2013-01-14,2,10449,2072,2109,2100,2119,2049,1.0052371943029492,17.927904736638144,16.563601793217476,1662,0.9990433947106114,0.01996164571714783
Own-delivery adaptation,No feedback,2002,2013-01-15,2,10741,2074,2061,2153,2179,2274,1.009461617560876,26.451846033950673,26.451846033950673,0,1,0.02433054410113521
Own-delivery adaptation,ECF,2002,2013-01-15,2,10741,2074,2060,2159,2176,2272,1.0092485057150982,26.45307745261121,26.309847404493155,620,0.9993615514851644,0.02422136135224598
Own-delivery adaptation,Same update without qualification,2002,2013-01-15,2,10741,2077,2062,2158,2177,2267,1.0085829270051716,26.44363033171624,25.75410253281074,1976,0.9977011294381735,0.023999230006410313
Own-delivery adaptation,No feedback,2002,2013-01-16,2,10684,1951,2053,2200,2297,2183,1.0127998503714588,27.727344222275256,27.727344222275256,0,1,0.022736995341075393
Own-delivery adaptation,ECF,2002,2013-01-16,2,10684,1952,2053,2202,2296,2181,1.012576068311586,27.723513615945194,27.65318852231698,930,0.9998640947066857,0.022648778465642436
Own-delivery adaptation,Same update without qualification,2002,2013-01-16,2,10684,1958,2057,2205,2287,2177,1.0117928568571357,27.708758193280016,27.066294745806125,2020,0.9975766134028978,0.022616037823010735
Own-delivery adaptation,No feedback,2002,2013-01-17,2,10793,2049,2139,2167,2195,2243,1.0159350683468906,28.326586748240626,28.326586748240626,0,1,0.02208359602874667
Own-delivery adaptation,ECF,2002,2013-01-17,2,10793,2052,2139,2174,2185,2243,1.015601647666702,28.319224163568542,27.902595539761467,1616,0.9999997907904716,0.021696965481168874
Own-delivery adaptation,Same update without qualification,2002,2013-01-17,2,10793,2058,2152,2163,2183,2237,1.014663788850094,28.294837259786604,27.336741653248843,2513,0.9952089475428256,0.02122209630105227
Own-delivery adaptation,No feedback,2002,2013-01-18,2,10648,1959,1997,2110,2260,2322,1.0188687198915352,28.42622665286864,28.42622665286864,0,1,0.021048420355368032
Own-delivery adaptation,ECF,2002,2013-01-18,2,10648,1959,2001,2114,2252,2322,1.0184862268703472,28.41928155475027,28.13094877258986,1129,0.9994361236507102,0.020995166307296153
Own-delivery adaptation,Same update without qualification,2002,2013-01-18,2,10648,1963,2011,2121,2246,2307,1.0173530724178546,28.400612899608866,27.05541614975119,3066,0.9967911963816897,0.020825270655773876
Own-delivery adaptation,No feedback,2002,2013-01-19,2,10471,1917,2012,2102,2167,2273,1.0213402981746704,25.699683500621727,25.699683500621727,0,1,0.01713299682193745
Own-delivery adaptation,ECF,2002,2013-01-19,2,10471,1923,2011,2106,2159,2272,1.020899083122512,25.689022270664072,24.955420137904053,1827,0.9996240091579857,0.017284099388809388
Own-delivery adaptation,Same update without qualification,2002,2013-01-19,2,10471,1929,2024,2104,2153,2261,1.019545369805964,25.658722651910963,22.92559585051616,3502,0.9984633857591495,0.016321263481572496
Own-delivery adaptation,No feedback,2002,2013-01-20,2,10459,1953,1989,2077,2250,2190,1.0230474659497684,19.469723606794837,19.469723606794837,0,1,0.013874703182192156
Own-delivery adaptation,ECF,2002,2013-01-20,2,10459,1957,1997,2078,2239,2188,1.0225476777740463,19.456687190186962,18.7354273887478,1247,0.9999151251991357,0.013782991516918747
Own-delivery adaptation,Same update without qualification,2002,2013-01-20,2,10459,1965,2007,2084,2223,2180,1.0209671537541165,19.42740274529747,15.095795867320884,3426,0.9990678707648496,0.013054905204953877
Own-delivery adaptation,No feedback,2002,2013-01-21,2,10531,1855,2028,2120,2229,2299,1.025735003171297,16.24076608474984,16.24076608474984,0,1,0.021887232170317232
Own-delivery adaptation,ECF,2002,2013-01-21,2,10531,1856,2037,2112,2237,2289,1.0252157213183528,16.231338249422084,16.165975349141576,107,0.9999235544483961,0.021649494395959954
Own-delivery adaptation,Same update without qualification,2002,2013-01-21,2,10531,1872,2046,2108,2227,2278,1.0235075189112923,16.204091296066668,15.78106250466497,581,0.9965218208327112,0.021436889729958223
Own-delivery adaptation,No feedback,2002,2013-01-22,2,10649,1849,2018,2159,2284,2339,1.028959535733627,25.79775053822481,25.79775053822481,0,1,0.01839560533782465
Own-delivery adaptation,ECF,2002,2013-01-22,2,10649,1851,2021,2160,2284,2333,1.028440822542399,25.78793794763382,25.389060265923035,396,0.9995895624810902,0.018465267602165502
Own-delivery adaptation,Same update without qualification,2002,2013-01-22,2,10649,1863,2024,2168,2272,2322,1.0266414180062537,25.75244839672906,23.898329339413518,2422,0.9983000687043088,0.01790363995967661
Own-delivery adaptation,No feedback,2002,2013-01-23,2,10529,1807,1998,2177,2218,2329,1.0311009439603376,24.297010852384822,24.297010852384822,0,1,0.017621041446384204
Own-delivery adaptation,ECF,2002,2013-01-23,2,10529,1812,2000,2180,2208,2329,1.0304893371292636,24.287177012861846,23.030217882347138,2507,0.999932567870118,0.017700859738611227
Own-delivery adaptation,Same update without qualification,2002,2013-01-23,2,10529,1827,2013,2168,2209,2312,1.028517563611898,24.255500688903943,21.267881577680207,3477,0.9972820817336168,0.01702131489267948
Own-delivery adaptation,No feedback,2002,2013-01-24,2,10546,1814,1961,2202,2194,2375,1.0338190492504626,19.888780093655523,19.888780093655523,0,1,0.021386319994897734
Own-delivery adaptation,ECF,2002,2013-01-24,2,10546,1816,1966,2201,2196,2367,1.033157905338432,19.87774140663872,19.570410909572193,567,0.9999984374493492,0.021462903451437698
Own-delivery adaptation,Same update without qualification,2002,2013-01-24,2,10546,1842,1960,2212,2185,2347,1.031051227380735,19.84027008945157,18.881090513809927,1249,0.9982939368561767,0.0212075349481778
Own-delivery adaptation,No feedback,2002,2013-01-25,2,10649,1778,2010,2277,2239,2345,1.037145216439046,27.103444319472224,27.103444319472224,0,1,0.021293002378186175
Own-delivery adaptation,ECF,2002,2013-01-25,2,10649,1788,2008,2280,2233,2340,1.0364665491616183,27.086459815302184,27.01080575489383,797,0.9999818158201969,0.021010862240554293
Own-delivery adaptation,Same update without qualification,2002,2013-01-25,2,10649,1802,2021,2277,2222,2327,1.0342863490100787,27.04051808323323,26.47682936678376,2012,0.9939239209850099,0.02106310325434082
Own-delivery adaptation,No feedback,2002,2013-04-02,3,10450,2017,2137,2059,2153,2084,1.001506546745063,22.781192432566513,22.781192432566513,0,1,0.027314536150635924
Own-delivery adaptation,ECF,2002,2013-04-02,3,10450,2015,2139,2059,2155,2082,1.001488826466944,22.782339198534707,22.705149936360645,934,0.999694761448647,0.027444623696330155
Own-delivery adaptation,Same update without qualification,2002,2013-04-02,3,10450,2020,2136,2060,2158,2076,1.0012329311086285,22.773997804986372,21.662851843535734,2161,0.9920064270596436,0.025691539438760583
Own-delivery adaptation,No feedback,2002,2013-04-03,3,10434,2054,2051,2065,2107,2157,1.0033945352164533,25.68702848407829,25.68702848407829,0,1,0.011467840597195963
Own-delivery adaptation,ECF,2002,2013-04-03,3,10434,2056,2049,2062,2111,2156,1.0032825328672694,25.68655156580897,20.75800646938749,4010,0.999819419544472,0.011450390250973488
Own-delivery adaptation,Same update without qualification,2002,2013-04-03,3,10434,2059,2050,2067,2104,2154,1.0028058297855629,25.680129865055108,15.961512854260866,5947,0.9967135566342373,0.01016253853973323
Own-delivery adaptation,No feedback,2002,2013-04-04,3,10445,1992,2028,2175,2151,2099,1.0050265731542822,14.311115632436024,14.311115632436024,0,1,0.017148990770754317
Own-delivery adaptation,ECF,2002,2013-04-04,3,10445,1991,2033,2176,2149,2096,1.0047773414049732,14.306564208270562,13.884361634592603,599,0.999835464818385,0.016789221162738708
Own-delivery adaptation,Same update without qualification,2002,2013-04-04,3,10445,1996,2035,2182,2141,2091,1.00400595183945,14.299294665312907,12.834125558171905,1741,0.9952884362376037,0.01583165566929478
Own-delivery adaptation,No feedback,2002,2013-04-09,4,10439,2090,2165,2122,2012,2050,1.001196867237128,23.085739441473397,23.085739441473397,0,1,0.022457563558373445
Own-delivery adaptation,ECF,2002,2013-04-09,4,10439,2092,2162,2123,2016,2046,1.001110412748953,23.084561797879623,22.095133175533512,1962,0.9999079883241043,0.023406396260596207
Own-delivery adaptation,Same update without qualification,2002,2013-04-09,4,10439,2091,2165,2122,2016,2045,1.001019960171361,23.085300511378925,20.330781872143316,3153,0.9968284364882988,0.02346225567090557
Own-delivery adaptation,No feedback,2002,2013-04-10,4,10445,2023,2117,2062,2117,2126,1.0038859921086083,19.517573610529677,19.517573610529677,0,1,0.02250442855460674
Own-delivery adaptation,ECF,2002,2013-04-10,4,10445,2022,2119,2066,2112,2126,1.0037781031005453,19.516072179739552,19.49225233680647,38,0.999974068953692,0.022320900102280432
Own-delivery adaptation,Same update without qualification,2002,2013-04-10,4,10445,2025,2116,2070,2113,2121,1.0035211954808543,19.51385784756114,18.92117679559047,1241,0.9972523422702636,0.021586080900516096
Own-delivery adaptation,No feedback,2002,2013-04-14,5,10441,2084,2034,2140,2126,2057,1.001551681553801,24.187715719059057,24.187715719059057,0,1,0.02728584080694173
Own-delivery adaptation,ECF,2002,2013-04-14,5,10441,2086,2032,2141,2126,2056,1.0014677385191189,24.186843032904665,23.936603342134262,1403,0.9999983830697791,0.02666013935903699
Own-delivery adaptation,Same update without qualification,2002,2013-04-14,5,10441,2086,2033,2142,2124,2056,1.0013855511523087,24.186536036762753,23.532488201625128,2152,0.9954579419800779,0.026144174602014424
Own-delivery adaptation,No feedback,2002,2013-04-15,5,10442,1995,2080,2101,2082,2184,1.004080556665985,24.607862774607142,24.607862774607142,0,1,0.018717887215017704
Own-delivery adaptation,ECF,2002,2013-04-15,5,10442,1996,2087,2098,2078,2183,1.003840408763099,24.59502544102427,24.015362431312383,1627,0.9999924234361207,0.018289180664223116
Own-delivery adaptation,Same update without qualification,2002,2013-04-15,5,10442,1996,2088,2099,2077,2182,1.003613718773837,24.594748678344043,23.085303858423615,2621,0.9960851651720996,0.017790944596304026
Own-delivery adaptation,No feedback,2002,2013-04-22,6,10441,2080,2056,2123,2126,2056,1.0010869843923362,22.925348926630278,22.925348926630278,0,1,0.02379624058004169
Own-delivery adaptation,ECF,2002,2013-04-22,6,10441,2084,2057,2123,2122,2055,1.0008865047877697,22.912968118423784,21.24609093866764,2406,0.9999721754555054,0.023316724963075405
Own-delivery adaptation,Same update without qualification,2002,2013-04-22,6,10441,2087,2051,2125,2124,2054,1.0008217138744937,22.914573548347583,19.911570520463492,3227,0.9978624184461266,0.02230815784708023
Own-delivery adaptation,No feedback,2002,2013-04-28,7,10448,2030,2059,2090,2164,2105,1.001243013679351,23.664799018658414,23.664799018658414,0,1,0.02229436836879411
Own-delivery adaptation,ECF,2002,2013-04-28,7,10448,2030,2061,2088,2164,2105,1.0012071663483462,23.66359836187893,23.55929235039319,1268,0.9999993973846726,0.022139611083329375
Own-delivery adaptation,Same update without qualification,2002,2013-04-28,7,10448,2030,2063,2089,2160,2106,1.001096477732876,23.661479628013424,22.901146656539105,2377,0.9981272904756247,0.021417034643330696
Own-delivery adaptation,No feedback,2002,2013-04-29,7,10446,2116,2089,2097,2059,2085,1.0035384975565191,23.366854459109263,23.366854459109263,0,1,0.01961864430669733
Own-delivery adaptation,ECF,2002,2013-04-29,7,10446,2116,2089,2100,2058,2083,1.0034489337896983,23.366097267897224,23.26283173784465,1337,0.9999695123744803,0.019316967142995974
Own-delivery adaptation,Same update without qualification,2002,2013-04-29,7,10446,2118,2088,2101,2063,2076,1.0031863378166483,23.361377465081326,22.55236370615674,2484,0.994109305918847,0.018785341633774343
Own-delivery adaptation,No feedback,2002,2013-04-30,7,10450,1972,2108,2147,2170,2053,1.0056969875321997,23.243522635423254,23.243522635423254,0,1,0.016648804952686277
Own-delivery adaptation,ECF,2002,2013-04-30,7,10450,1975,2109,2146,2172,2048,1.0054259564243289,23.239316602918336,21.326628326942664,2593,0.999970026059362,0.01587531978016599
Own-delivery adaptation,Same update without qualification,2002,2013-04-30,7,10450,1978,2108,2150,2166,2048,1.0050949201347887,23.23220300426074,20.53653967834711,3187,0.9946901770931206,0.015485185219463847
Own-delivery adaptation,No feedback,2002,2013-05-01,7,10436,2067,2019,2119,2084,2147,1.0080983182404872,19.399168994207187,19.399168994207187,0,1,0.01940950657050672
Own-delivery adaptation,ECF,2002,2013-05-01,7,10436,2069,2022,2119,2081,2145,1.0077640479962469,19.38551983026435,19.38515341152462,1,0.9999870891194925,0.01935079854644529
Own-delivery adaptation,Same update without qualification,2002,2013-05-01,7,10436,2072,2029,2117,2078,2140,1.0072779525911728,19.367595397608685,18.593765098105422,1945,0.9984763005892544,0.01857919036727647
Own-delivery adaptation,No feedback,2002,2013-05-06,8,10445,2015,2149,2120,2085,2076,1.0013480409320608,22.555570742212964,22.555570742212964,0,1,0.023463301347826565
Own-delivery adaptation,ECF,2002,2013-05-06,8,10445,2015,2149,2120,2085,2076,1.0013457197090847,22.555570742212964,22.53788703983001,57,0.9999693206390278,0.023413949080289147
Own-delivery adaptation,Same update without qualification,2002,2013-05-06,8,10445,2015,2148,2123,2085,2074,1.0011778679375476,22.557140907141516,21.712559473817347,2244,0.9950286065565696,0.022515719983044167
Own-delivery adaptation,No feedback,2002,2013-05-07,8,10443,1993,2116,2176,2049,2109,1.0036583723786792,22.17245141360378,22.17245141360378,0,1,0.01902890200140357
Own-delivery adaptation,ECF,2002,2013-05-07,8,10443,1992,2120,2172,2051,2108,1.0035648122571665,22.171140086356232,21.764737036266702,1268,0.9999833014508405,0.018689621896366918
Own-delivery adaptation,Same update without qualification,2002,2013-05-07,8,10443,1994,2125,2169,2052,2103,1.0032174662829973,22.165497648909234,20.52167583912842,3006,0.9986092201910758,0.018096372078647314
Own-delivery adaptation,No feedback,2002,2013-05-08,8,10446,1988,2154,2080,2110,2114,1.0060846102942607,19.538967345554315,19.538967345554315,0,1,0.01868072805911207
Own-delivery adaptation,ECF,2002,2013-05-08,8,10446,1988,2157,2080,2111,2110,1.0058761814529027,19.535321641274244,18.95541989693691,975,0.9999566766250375,0.01850450582687537
Own-delivery adaptation,Same update without qualification,2002,2013-05-08,8,10446,1987,2162,2085,2104,2108,1.0054097205823604,19.529182072936912,18.086168586848856,2029,0.9983171797907999,0.018274007156847207
Own-delivery adaptation,No feedback,2002,2013-05-09,8,10451,2032,2025,2175,2086,2133,1.0086700353967146,20.024532830148267,20.024532830148267,0,1,0.01948712809227831
Own-delivery adaptation,ECF,2002,2013-05-09,8,10451,2035,2024,2173,2092,2127,1.008420278214463,20.021624708943143,19.948516550361372,232,0.999953942781522,0.01944289826048722
Own-delivery adaptation,Same update without qualification,2002,2013-05-09,8,10451,2040,2028,2177,2083,2123,1.0077875000590324,20.00879805127554,19.103061296538762,2002,0.996691201565556,0.018597331091976955
Own-delivery adaptation,No feedback,2002,2013-05-10,8,10444,1978,2133,2080,2086,2167,1.011009144508022,22.96786559212093,22.96786559212093,0,1,0.017796910853332838
Own-delivery adaptation,ECF,2002,2013-05-10,8,10444,1978,2135,2082,2086,2163,1.0107561439819057,22.966187199810662,22.961467000414224,12,0.9999997956023521,0.017787631689941925
Own-delivery adaptation,Same update without qualification,2002,2013-05-10,8,10444,1988,2137,2079,2082,2158,1.0099043011928377,22.949852742902273,22.05060902393882,2610,0.9983287642722423,0.016740840063880227
Own-delivery adaptation,No feedback,2002,2013-05-11,8,10449,2003,2085,2106,2152,2103,1.0131161037873109,22.39404405500826,22.39404405500826,0,1,0.015783758983446857
Own-delivery adaptation,ECF,2002,2013-05-11,8,10449,2007,2088,2106,2150,2098,1.0127489011177075,22.385331616486912,20.88252977238394,2371,0.9999788949979226,0.015945242691688177
Own-delivery adaptation,Same update without qualification,2002,2013-05-11,8,10449,2016,2090,2116,2131,2096,1.011672904992604,22.36426138055611,18.186612563340006,4339,0.9986218129270006,0.015101991182825111
Own-delivery adaptation,No feedback,2002,2013-05-12,8,10441,1904,1995,2154,2136,2252,1.0154089356897475,17.281857343794613,17.281857343794613,0,1,0.020483040468174625
Own-delivery adaptation,ECF,2002,2013-05-12,8,10441,1908,1995,2157,2135,2246,1.014979632785741,17.277122969071208,17.07394557067458,534,0.9999879679672526,0.02039427872621343
Own-delivery adaptation,Same update without qualification,2002,2013-05-12,8,10441,1919,2003,2155,2123,2241,1.0137383669789979,17.25800142842014,16.050282256455354,1852,0.9989082419419565,0.020229127168507277
Own-delivery adaptation,No feedback,2002,2013-05-16,9,10456,2060,2048,2143,2145,2060,1.001318983631819,22.356080638458053,22.356080638458053,0,1,0.02394223724892182
Own-delivery adaptation,ECF,2002,2013-05-16,9,10456,2060,2048,2143,2145,2060,1.001318983631819,22.356080638458053,22.353304409878298,12,0.9999567492492717,0.02394223724892182
Own-delivery adaptation,Same update without qualification,2002,2013-05-16,9,10456,2060,2053,2144,2142,2057,1.0010189102607756,22.351820903234092,20.801889743210573,3162,0.9977484780542109,0.022021832271144848
Own-delivery adaptation,No feedback,2002,2013-05-17,9,10446,2065,2060,2123,2068,2130,1.0036568456237507,20.352256080049315,20.352256080049315,0,1,0.019320010307930267
Own-delivery adaptation,ECF,2002,2013-05-17,9,10446,2066,2059,2123,2068,2130,1.0036583321817838,20.35222027296279,20.337055860089773,24,0.9999999509200843,0.019351607436509585
Own-delivery adaptation,Same update without qualification,2002,2013-05-17,9,10446,2072,2061,2119,2067,2127,1.0030125480042296,20.345014199682925,19.108140910071846,2641,0.9954642012540933,0.017823859039824436
Own-delivery adaptation,No feedback,2002,2013-05-18,9,10441,2046,1999,2089,2168,2139,1.0062275884368885,22.401421933724784,22.401421933724784,0,1,0.01986529001100937
Own-delivery adaptation,ECF,2002,2013-05-18,9,10441,2047,1999,2090,2165,2140,1.0061934829339583,22.40044830195322,22.291478789058402,555,0.9999993060683082,0.019523971985523445
Own-delivery adaptation,Same update without qualification,2002,2013-05-18,9,10441,2051,2005,2089,2163,2133,1.0052307815352588,22.38991730949864,21.128690370359454,2899,0.9985924835793286,0.018638278770473603
Own-delivery adaptation,No feedback,2002,2013-05-19,9,10454,1947,2008,2125,2144,2230,1.0086368085306499,22.327398444354664,22.327398444354664,0,1,0.018108915506664075
Own-delivery adaptation,ECF,2002,2013-05-19,9,10454,1947,2011,2125,2141,2230,1.0085452629415697,22.325745983022397,22.183197220508013,1398,0.9999872266481442,0.01789801227530255
Own-delivery adaptation,Same update without qualification,2002,2013-05-19,9,10454,1959,2008,2131,2133,2223,1.007376963793199,22.306655737958955,21.05659568578728,3023,0.9980870270824695,0.017333566920061966
Own-delivery adaptation,No feedback,2002,2013-05-20,9,10452,2053,2034,2080,2140,2145,1.0108049327884405,22.13577100230107,22.13577100230107,0,1,0.016174576299275583
Own-delivery adaptation,ECF,2002,2013-05-20,9,10452,2055,2034,2079,2140,2144,1.0106703440464933,22.132543386579023,22.0419895496455,1287,0.9999866454794999,0.01613765411241814
Own-delivery adaptation,Same update without qualification,2002,2013-05-20,9,10452,2066,2039,2082,2128,2137,1.0092855181777955,22.111293817671424,20.91487349259841,2769,0.9960767357452893,0.015272321095783515
Own-delivery adaptation,No feedback,2002,2013-05-21,9,10438,2011,2013,2117,2127,2170,1.0131313717117665,21.52720989113697,21.52720989113697,0,1,0.018502806017188542
Own-delivery adaptation,ECF,2002,2013-05-21,9,10438,2012,2012,2120,2124,2170,1.0129441991799084,21.525359544650463,21.42182741632864,1111,0.9999828808015749,0.01834066388463423
Own-delivery adaptation,Same update without qualification,2002,2013-05-21,9,10438,2027,2022,2121,2117,2151,1.0112691988426,21.503217653668163,20.26318996307281,2764,0.996301913636581,0.017143170753756178
Own-delivery adaptation,No feedback,2002,2013-05-22,9,10452,1955,2066,2128,2125,2178,1.0149353378074557,20.80206006073105,20.80206006073105,0,1,0.012950765969217917
Own-delivery adaptation,ECF,2002,2013-05-22,9,10452,1957,2068,2131,2119,2177,1.0145467388520604,20.798123663969044,19.376086686102546,2006,0.9999998699347986,0.012453899026261804
Own-delivery adaptation,Same update without qualification,2002,2013-05-22,9,10452,1971,2073,2135,2111,2162,1.0126889019299903,20.774069642968886,14.626775829811764,6443,0.9964780279529336,0.01228542229625824
Own-delivery adaptation,No feedback,2002,2013-05-23,9,10430,1914,1959,2157,2198,2202,1.016068746723981,14.929528344658507,14.929528344658507,0,1,0.011521790321241045
Own-delivery adaptation,ECF,2002,2013-05-23,9,10430,1919,1957,2164,2193,2197,1.0155342810803099,14.921103802603973,12.645149000361528,2625,0.9999722651305135,0.011186319110542062
Own-delivery adaptation,Same update without qualification,2002,2013-05-23,9,10430,1930,1974,2162,2184,2180,1.0134571171073656,14.8944345239221,10.091708893839977,5342,0.9990653773976086,0.010567095522191292
Own-delivery adaptation,No feedback,2002,2013-05-24,9,10445,1929,2039,1997,2235,2245,1.0179848892752033,14.204100117772882,14.204100117772882,0,1,0.01752048989011123
Own-delivery adaptation,ECF,2002,2013-05-24,9,10445,1933,2043,1998,2229,2242,1.0173973740429363,14.196596720352959,14.167857889012506,60,0.9999857403363132,0.01748344281730284
Own-delivery adaptation,Same update without qualification,2002,2013-05-24,9,10445,1957,2043,1999,2222,2224,1.0151340091867507,14.162801799293732,13.021224429111228,1805,0.9976236438171512,0.01636349187311049
Own-delivery adaptation,No feedback,2002,2013-05-25,9,10457,1813,2046,2088,2230,2280,1.0205276461437414,18.483243411276103,18.483243411276103,0,1,0.01709669491858282
Own-delivery adaptation,ECF,2002,2013-05-25,9,10457,1819,2045,2088,2231,2274,1.0199013334533793,18.475454646556628,18.18965799949575,694,0.9999860165319409,0.01701750968329446
Own-delivery adaptation,Same update without qualification,2002,2013-05-25,9,10457,1833,2062,2100,2199,2263,1.0174531138323268,18.435276335535914,16.99513919825717,2341,0.9980526867263749,0.016397742162081716
Own-delivery adaptation,No feedback,2002,2013-05-26,9,10444,1897,1967,2036,2207,2337,1.0231298487346967,21.07361503117417,21.07361503117417,0,1,0.018087915111010936
Own-delivery adaptation,ECF,2002,2013-05-26,9,10444,1905,1969,2037,2203,2330,1.0224538068244835,21.055254019475754,20.935642175974813,898,0.9999856715148745,0.017956994693641128
Own-delivery adaptation,Same update without qualification,2002,2013-05-26,9,10444,1921,1985,2038,2192,2308,1.019844359333733,21.01445897340897,19.794101614904953,2827,0.9966091652408008,0.01705452318818778
Own-delivery adaptation,No feedback,2002,2013-05-27,9,10454,1897,1937,2122,2250,2248,1.024947925355321,22.05581287677237,22.05581287677237,0,1,0.013671506824636623
Own-delivery adaptation,ECF,2002,2013-05-27,9,10454,1902,1940,2131,2239,2242,1.0241415022206066,22.039871783293513,19.720371246407737,2620,0.9999811179274314,0.013718571905031876
Own-delivery adaptation,Same update without qualification,2002,2013-05-27,9,10454,1921,1960,2137,2217,2219,1.021423899323512,22.001503099214283,16.94914406221186,4198,0.9970288282546279,0.013440571949601285
Own-delivery adaptation,No feedback,2002,2013-05-28,9,10448,1875,1954,2065,2263,2291,1.0267974436649634,17.356201285670792,17.356201285670792,0,1,0.015772122447036043
Own-delivery adaptation,ECF,2002,2013-05-28,9,10448,1880,1953,2073,2259,2283,1.0259090064314549,17.349220015811863,17.052447621472176,761,0.9999848550703659,0.01572891781219285
Own-delivery adaptation,Same update without qualification,2002,2013-05-28,9,10448,1894,1972,2078,2246,2258,1.023025201634652,17.31508203608667,15.105966045870971,3399,0.9939049079212734,0.014893201287436573
Own-delivery adaptation,No feedback,2002,2013-05-29,9,10440,1804,1988,2109,2221,2318,1.0290351837515759,17.485057947658643,17.485057947658643,0,1,0.018348606425783783
Own-delivery adaptation,ECF,2002,2013-05-29,9,10440,1810,1988,2115,2218,2309,1.0281557468117979,17.473414006250863,17.397451888235675,429,0.9999838489584411,0.01875374665795446
Own-delivery adaptation,Same update without qualification,2002,2013-05-29,9,10440,1828,2003,2118,2211,2280,1.025127837947224,17.437895633930825,15.96403176442073,2315,0.99665926402186,0.019154860056368284
Own-delivery adaptation,No feedback,2002,2013-05-30,9,10453,1839,1957,2102,2220,2335,1.0315294674833666,20.60688786055274,20.60688786055274,0,1,0.018123748589153454
Own-delivery adaptation,ECF,2002,2013-05-30,9,10453,1847,1961,2102,2216,2327,1.0306508199660995,20.588141674708794,20.49605747181587,1091,0.9999851055632059,0.017900550256946257
Own-delivery adaptation,Same update without qualification,2002,2013-05-30,9,10453,1867,1977,2112,2191,2306,1.0274208747132345,20.531512463551646,19.328077882660427,2802,0.9970230977414004,0.01710205738742712
Own-delivery adaptation,No feedback,2002,2013-05-31,9,10450,1792,1988,2055,2246,2369,1.034006417314225,21.223161177799525,21.223161177799525,0,1,0.018327145167482073
Own-delivery adaptation,ECF,2002,2013-05-31,9,10450,1793,2002,2049,2247,2359,1.033045872224851,21.209825172036282,21.011619498501314,1244,0.9999813399351433,0.01788984270577307
Own-delivery adaptation,Same update without qualification,2002,2013-05-31,9,10450,1818,2012,2074,2216,2330,1.0295403357623056,21.138113438821243,19.767372457527898,3060,0.9975723076282524,0.016091798854431266
Own-delivery adaptation,No feedback,2002,2013-06-01,9,10450,1783,1952,2136,2250,2329,1.0359554138935743,21.75009845581009,21.75009845581009,0,1,0.012913456657931923
Own-delivery adaptation,ECF,2002,2013-06-01,9,10450,1784,1961,2141,2242,2322,1.0348859441129108,21.73938929069177,20.928047709424938,1804,0.999998129189053,0.01273456796323156
Own-delivery adaptation,Same update without qualification,2002,2013-06-01,9,10450,1814,1980,2133,2232,2291,1.031157416958897,21.67361814475401,17.236270002985435,5949,0.9972197396030642,0.01252724846072666
Own-delivery adaptation,No feedback,2002,2013-06-02,9,10437,1782,1916,2137,2241,2361,1.0366885530200307,16.5404595702569,16.5404595702569,0,1,0.006006810101538533
Own-delivery adaptation,ECF,2002,2013-06-02,9,10437,1788,1921,2138,2241,2349,1.0355606001491395,16.52903926375089,14.353520107489505,1893,0.9999838701642824,0.006981867613805509
Own-delivery adaptation,Same update without qualification,2002,2013-06-02,9,10437,1822,1937,2136,2237,2305,1.0317221051318242,16.46375266451701,5.933071672169778,6092,0.9984719535936988,0.0059684392068096595
Own-delivery adaptation,No feedback,2002,2013-06-03,9,10447,1788,1930,2118,2321,2290,1.0382716243437908,12.859987168249141,12.859987168249141,0,1,0.016191135628997263
Own-delivery adaptation,ECF,2002,2013-06-03,9,10447,1793,1940,2121,2311,2282,1.0371071166797412,12.850322053141218,12.810436128209066,91,0.9999860749220285,0.016368008264045678
Own-delivery adaptation,Same update without qualification,2002,2013-06-03,9,10447,1820,1960,2137,2279,2251,1.0331598695463478,12.803736250095607,11.901208776869206,1608,0.9971261617985926,0.015861923695240903
Own-delivery adaptation,No feedback,2002,2013-06-04,9,10444,1718,1900,2156,2300,2370,1.0403949992579222,20.768509805782433,20.768509805782433,0,1,0.01620283841960653
Own-delivery adaptation,ECF,2002,2013-06-04,9,10444,1724,1915,2154,2293,2358,1.039195878496671,20.75341819578658,20.61855887134296,1130,0.9999855655110311,0.015895287548480328
Own-delivery adaptation,Same update without qualification,2002,2013-06-04,9,10444,1754,1944,2143,2284,2319,1.0350737008848265,20.681070369084733,19.217381677855016,3009,0.9957814681844441,0.015332437167773397
Own-delivery adaptation,No feedback,2002,2013-06-05,9,10448,1737,1872,2157,2272,2410,1.0421474420887986,20.770005108183422,20.770005108183422,0,1,0.01343025079479711
Own-delivery adaptation,ECF,2002,2013-06-05,9,10448,1745,1878,2165,2275,2385,1.04074992312446,20.75027344896648,19.236845405322644,2167,0.9999999930059504,0.012841202231164604
Own-delivery adaptation,Same update without qualification,2002,2013-06-05,9,10448,1776,1906,2173,2231,2362,1.036528817664146,20.677877493322065,17.882243399480853,3634,0.9989772928569951,0.01277839034989201
Own-delivery adaptation,No feedback,2002,2013-06-06,9,10455,1731,1924,2074,2264,2462,1.0438804027489317,18.327939662665955,18.327939662665955,0,1,0.013835909182705714
Own-delivery adaptation,ECF,2002,2013-06-06,9,10455,1735,1933,2083,2261,2443,1.0423686355302988,18.307935171048193,18.08069656173756,869,0.9999960892432385,0.013657125014960395
Own-delivery adaptation,Same update without qualification,2002,2013-06-06,9,10455,1772,1958,2074,2266,2385,1.0380180007193731,18.23197925808438,15.422577285864307,4673,0.9988708733409092,0.012679720521704567
Own-delivery adaptation,No feedback,2002,2013-06-07,9,10457,1627,1861,2143,2340,2486,1.0453763491936117,16.164526977310324,16.164526977310324,0,1,0.013514118375597324
Own-delivery adaptation,ECF,2002,2013-06-07,9,10457,1636,1870,2145,2345,2461,1.0438452540067829,16.143402242652268,16.083719939302224,94,0.9999835213914092,0.013570300823242988
Own-delivery adaptation,Same update without qualification,2002,2013-06-07,9,10457,1665,1884,2158,2333,2417,1.0393255299706592,16.082333080029105,12.392840210095741,3527,0.996820068270493,0.01298970421378175
Own-delivery adaptation,No feedback,2002,2013-06-08,9,10447,1733,1812,2112,2383,2407,1.0472484057252809,16.02919914566487,16.02919914566487,0,1,0.01388453127551836
Own-delivery adaptation,ECF,2002,2013-06-08,9,10447,1744,1825,2117,2369,2392,1.0456930400141362,16.003294746808898,15.859090057210938,389,0.9999997035810794,0.014040249406982895
Own-delivery adaptation,Same update without qualification,2002,2013-06-08,9,10447,1783,1827,2142,2337,2358,1.040992096926725,15.934360121708774,13.598214791011618,3966,0.9963113077627925,0.013377569905194649
Own-delivery adaptation,No feedback,2002,2013-06-09,9,10452,1564,1884,2148,2346,2510,1.049242321414416,16.927037137318727,16.927037137318727,0,1,0.01706617868330544
Own-delivery adaptation,ECF,2002,2013-06-09,9,10452,1568,1897,2159,2334,2494,1.0476124939920362,16.904216532655113,16.69009283064212,622,0.9999850783971498,0.016767202489080084
Own-delivery adaptation,Same update without qualification,2002,2013-06-09,9,10452,1603,1922,2159,2328,2440,1.042813153496928,16.83113127773852,15.80594043801856,2055,0.9982251534273948,0.016237270989761982
Own-delivery adaptation,No feedback,2002,2013-06-10,9,10464,1646,1813,2158,2337,2510,1.0513501161599894,20.328145395221235,20.328145395221235,0,1,0.015047953939405008
Own-delivery adaptation,ECF,2002,2013-06-10,9,10464,1665,1814,2164,2327,2494,1.0497047691727206,20.30060834289901,20.036770368651098,286,0.999990407524227,0.015053495561407709
Own-delivery adaptation,Same update without qualification,2002,2013-06-10,9,10464,1694,1853,2178,2283,2456,1.0446644985790818,20.20712737278284,16.98086883153901,5215,0.9912623473290766,0.01441466199560779
Own-delivery adaptation,No feedback,2002,2013-06-11,9,10448,1630,1817,2135,2326,2540,1.0533009004409626,18.509608751353607,18.509608751353607,0,1,0.015437754814385064
Own-delivery adaptation,ECF,2002,2013-06-11,9,10448,1637,1830,2142,2316,2523,1.0516047884357491,18.48339278000961,18.30556725468206,756,0.9999999728207684,0.01513433227995157
Own-delivery adaptation,Same update without qualification,2002,2013-06-11,9,10448,1670,1849,2151,2299,2479,1.046382675684934,18.403403815126506,16.93911130606887,2618,0.996072747266008,0.014719276550569484
Own-delivery adaptation,No feedback,2002,2013-06-12,9,10445,1596,1831,2157,2335,2526,1.0546899379783088,21.51992763990228,21.51992763990228,0,1,0.008440545643626977
Own-delivery adaptation,ECF,2002,2013-06-12,9,10445,1603,1849,2165,2326,2502,1.0528799115954954,21.486974801124845,13.824895794069688,4196,0.9999965445129958,0.008999657226139974
Own-delivery adaptation,Same update without qualification,2002,2013-06-12,9,10445,1637,1866,2187,2304,2451,1.0476261971491618,21.408678139783607,9.936678638441904,6049,0.996680809301058,0.00911108863831855
Own-delivery adaptation,No feedback,2002,2013-06-13,9,10453,1643,1785,2099,2428,2498,1.0563335000963372,14.356017806276189,14.356017806276189,0,1,0.018031092060788918
Own-delivery adaptation,ECF,2002,2013-06-13,9,10453,1655,1789,2109,2419,2481,1.0544334464399943,14.337497957587654,14.275730498121328,182,0.9999846689615914,0.01779973629515098
Own-delivery adaptation,Same update without qualification,2002,2013-06-13,9,10453,1693,1823,2119,2388,2430,1.0490799902399037,14.259148946871356,12.917409856792379,2038,0.9964888530378311,0.017058395236412324
Own-delivery adaptation,No feedback,2002,2013-06-14,9,10455,1590,1834,2061,2388,2582,1.0585046356199825,21.111856145965533,21.111856145965533,0,1,0.01576991343685342
Own-delivery adaptation,ECF,2002,2013-06-14,9,10455,1598,1849,2066,2381,2561,1.0565658108890175,21.08766201328465,20.93160520062355,1175,0.9999802070173698,0.015795282850552178
Own-delivery adaptation,Same update without qualification,2002,2013-06-14,9,10455,1623,1899,2080,2348,2505,1.0509945050482987,20.990707378335674,19.29983449352784,3437,0.9957599391451587,0.01518399825814618
Own-delivery adaptation,No feedback,2002,2013-06-15,9,10452,1583,1861,2113,2388,2507,1.0602333570169278,20.994063345576038,20.994063345576038,0,1,0.014737057173909865
Own-delivery adaptation,ECF,2002,2013-06-15,9,10452,1596,1877,2114,2388,2477,1.0582099187051566,20.96219551576376,20.055128902357872,2127,0.9999871814517914,0.014400289040857016
Own-delivery adaptation,Same update without qualification,2002,2013-06-15,9,10452,1639,1906,2129,2354,2424,1.0523562951126864,20.86656608929123,17.660030223794394,5123,0.9975015521162665,0.01299929630318938
Own-delivery adaptation,No feedback,2002,2013-06-16,9,10439,1584,1859,2138,2341,2517,1.0619092579791138,18.863300703146507,18.863300703146507,0,1,0.017253723775848006
Own-delivery adaptation,ECF,2002,2013-06-16,9,10439,1593,1881,2139,2329,2497,1.059745233981719,18.82294620760409,18.527429736699503,1050,0.9999854482563177,0.016680007966834904
Own-delivery adaptation,Same update without qualification,2002,2013-06-16,9,10439,1622,1918,2178,2296,2425,1.0536734072866736,18.74116506017405,17.161649309565483,3067,0.9966581046778384,0.01560318724319122
Own-delivery adaptation,No feedback,2002,2013-06-17,9,10442,1544,1817,2102,2437,2542,1.0638005203565202,20.99250007006872,20.99250007006872,0,1,0.01456945685810773
Own-delivery adaptation,ECF,2002,2013-06-17,9,10442,1559,1831,2108,2432,2512,1.0615530394555985,20.955207081748586,20.620229667017185,1467,0.99997937204742,0.014523694322049622
Own-delivery adaptation,Same update without qualification,2002,2013-06-17,9,10442,1597,1866,2132,2394,2453,1.0552939732242483,20.8451784337428,19.015944459095287,3452,0.9967709684254662,0.013982460051726809
Own-delivery adaptation,No feedback,2002,2013-06-18,9,10453,1534,1806,2120,2396,2597,1.065661060785732,18.984462974838678,18.984462974838678,0,1,0.01575735487079842
Own-delivery adaptation,ECF,2002,2013-06-18,9,10453,1547,1823,2130,2384,2569,1.0633686632347419,18.938403593246957,18.76647364194082,445,0.9999853081566176,0.01571769785773925
Own-delivery adaptation,Same update without qualification,2002,2013-06-18,9,10453,1588,1853,2142,2367,2503,1.056917017240765,18.839816743446207,17.165505259894502,2742,0.9965934113116731,0.015453633177678805
Own-delivery adaptation,No feedback,2002,2013-06-19,9,10452,1512,1730,2117,2443,2650,1.0673994415395234,21.973321209168788,21.973321209168788,0,1,0.014051818686523441
Own-delivery adaptation,ECF,2002,2013-06-19,9,10452,1524,1742,2128,2440,2618,1.0649973457289155,21.938860700774516,20.1259218645296,2486,0.999983087945345,0.015453938719503573
Own-delivery adaptation,Same update without qualification,2002,2013-06-19,9,10452,1579,1771,2148,2384,2570,1.0584493870873264,21.808886964810917,18.218160218842197,4251,0.9953231262171772,0.015837198828534762
Own-delivery adaptation,No feedback,2002,2013-06-23,10,10442,2086,2177,2023,2044,2112,1.0007072874686909,17.195205506681347,17.195205506681347,0,1,0.014966593326673609
Own-delivery adaptation,ECF,2002,2013-06-23,10,10442,2087,2178,2020,2046,2111,1.000674779228548,17.194781693670596,15.71949739426632,1998,0.9999867826479538,0.01598860816548616
Own-delivery adaptation,Same update without qualification,2002,2013-06-23,10,10442,2085,2182,2023,2042,2110,1.0005355348486955,17.18901182625777,11.455875929719952,6049,0.9979000402390251,0.01598385976203013
Own-delivery adaptation,No feedback,2002,2013-06-24,10,10453,2057,2103,2146,2097,2050,1.002206012479685,14.495401023568572,14.495401023568572,0,1,0.017494256430811064
Own-delivery adaptation,ECF,2002,2013-06-24,10,10453,2056,2102,2147,2100,2048,1.002096325972884,14.494541137896931,13.769073361960233,1130,0.9999764312976085,0.017120774313133726
Own-delivery adaptation,Same update without qualification,2002,2013-06-24,10,10453,2058,2107,2141,2103,2044,1.0017654837456254,14.49088280834778,12.22722239789595,3120,0.9975220268464523,0.01586477285391304
Own-delivery adaptation,No feedback,2002,2013-06-25,10,10440,2009,2129,2058,2110,2134,1.003846533810371,17.09651378911207,17.09651378911207,0,1,0.012273891933783544
Own-delivery adaptation,ECF,2002,2013-06-25,10,10440,2009,2134,2054,2112,2131,1.003676760959715,17.095819833914526,16.850635676685886,762,0.9999858708004805,0.012060499550054081
Own-delivery adaptation,Same update without qualification,2002,2013-06-25,10,10440,2016,2136,2055,2108,2125,1.0031337860588159,17.082236340660856,13.845781554594081,3875,0.9990640827880782,0.010565431439814324
Own-delivery adaptation,No feedback,2002,2013-06-26,10,10446,2027,2028,2111,2115,2165,1.005553598528534,15.904182116089675,15.904182116089675,0,1,0.015330414926297933
Own-delivery adaptation,ECF,2002,2013-06-26,10,10446,2031,2028,2114,2110,2163,1.0052871071013079,15.900213508407733,15.453500811597507,858,0.9999780370900369,0.014935637539167013
Own-delivery adaptation,Same update without qualification,2002,2013-06-26,10,10446,2032,2036,2115,2102,2161,1.0045562879055547,15.89090829662652,13.868277189683475,2783,0.997272858929003,0.01438879336826507
Own-delivery adaptation,No feedback,2002,2013-06-27,10,10447,2080,2086,2016,2089,2176,1.0071492700462918,16.705495440683883,16.705495440683883,0,1,0.011614176210194437
Own-delivery adaptation,ECF,2002,2013-06-27,10,10447,2078,2090,2019,2088,2172,1.0068198526318604,16.70173102898044,16.379702367846097,688,0.9999777866457468,0.011733165861881712
Own-delivery adaptation,Same update without qualification,2002,2013-06-27,10,10447,2088,2089,2018,2088,2164,1.0059056830836424,16.68898321378917,13.045771643673707,4331,0.9960465457523923,0.010770291218503881
Own-delivery adaptation,No feedback,2003,2013-01-02,1,10693,2155,2062,2163,2148,2165,1.0014870552342632,28.150096107419607,28.150096107419607,0,1,0.02783195650336245
Own-delivery adaptation,ECF,2003,2013-01-02,1,10693,2155,2062,2163,2147,2166,1.0014684610737552,28.150259631698418,28.01994490206136,1325,0.999321769541962,0.027806499620052143
Own-delivery adaptation,Same update without qualification,2003,2013-01-02,1,10693,2156,2062,2166,2146,2163,1.00129819310506,28.1468731146618,26.757084863058978,2931,0.9973543258657552,0.026553572311358076
Own-delivery adaptation,No feedback,2003,2013-01-03,1,10532,1969,2066,2157,2179,2161,1.004468966291792,22.931859250094632,22.931859250094632,0,1,0.022979139649496563
Own-delivery adaptation,ECF,2003,2013-01-03,1,10532,1971,2066,2159,2175,2161,1.0044141497429804,22.92857676655491,22.56767954885202,878,0.9999992959456271,0.023223587952070135
Own-delivery adaptation,Same update without qualification,2003,2013-01-03,1,10532,1974,2068,2157,2176,2157,1.0041469641833838,22.92139889489424,22.13219585331013,1428,0.998051520983031,0.02295931214400658
Own-delivery adaptation,No feedback,2003,2013-01-04,1,10677,2009,2127,2197,2183,2161,1.008122107783489,27.458900877301218,27.458900877301218,0,1,0.02310911522984074
Own-delivery adaptation,ECF,2003,2013-01-04,1,10677,2011,2126,2196,2185,2159,1.0080500394044294,27.456801883083763,27.36234429026016,195,0.9999848872450546,0.022973579938256248
Own-delivery adaptation,Same update without qualification,2003,2013-01-04,1,10677,2010,2133,2200,2178,2156,1.0076596946823255,27.449163029126865,26.825266868817405,1835,0.9976934571284074,0.022360409226286043
Own-delivery adaptation,No feedback,2003,2013-01-05,1,10664,2007,2028,2163,2231,2235,1.011572276118165,29.520741422901043,29.520741422901043,0,1,0.022409845904819092
Own-delivery adaptation,ECF,2003,2013-01-05,1,10664,2007,2032,2160,2230,2235,1.0114721862215912,29.516941177087574,29.39299463615282,1166,0.9997945742671418,0.022332969988079557
Own-delivery adaptation,Same update without qualification,2003,2013-01-05,1,10664,2011,2033,2163,2222,2235,1.0109344122009105,29.50973052993193,28.885090834844767,2461,0.9980316058301048,0.02203022614538423
Own-delivery adaptation,No feedback,2003,2013-01-06,1,10625,1943,2115,2182,2213,2172,1.0150012345194446,29.16316589368412,29.16316589368412,0,1,0.024827504271740828
Own-delivery adaptation,ECF,2003,2013-01-06,1,10625,1943,2122,2177,2213,2170,1.0148460289391987,29.157957405165355,29.0199915090562,1387,0.9999317211224339,0.024790210017348952
Own-delivery adaptation,Same update without qualification,2003,2013-01-06,1,10625,1945,2133,2176,2205,2166,1.0141311575317122,29.13907107408539,28.442655436887105,2490,0.9991322920171962,0.024246999495824186
Own-delivery adaptation,No feedback,2003,2013-01-07,1,10604,1968,2040,2159,2219,2218,1.01802803000087,29.09177125944199,29.09177125944199,0,1,0.02102927640724274
Own-delivery adaptation,ECF,2003,2013-01-07,1,10604,1970,2037,2172,2210,2215,1.017771322414055,29.084869244657767,28.49695862985692,1877,0.9999840136920611,0.02085996845609347
Own-delivery adaptation,Same update without qualification,2003,2013-01-07,1,10604,1974,2042,2175,2202,2211,1.017007680697871,29.071960127356583,27.910379106263953,2561,0.9988369851296207,0.020977066936654732
Own-delivery adaptation,No feedback,2003,2013-01-08,1,10640,1871,2045,2231,2218,2275,1.0210070134871319,27.698858807181296,27.698858807181296,0,1,0.02013382051821714
Own-delivery adaptation,ECF,2003,2013-01-08,1,10640,1874,2045,2231,2220,2270,1.020688906129093,27.694520209992092,27.541901422620185,955,0.99973246785943,0.01991761351798023
Own-delivery adaptation,Same update without qualification,2003,2013-01-08,1,10640,1878,2053,2235,2211,2263,1.0198403228174284,27.679634644361347,27.006155882871063,2035,0.99784680408212,0.01976899350853943
Own-delivery adaptation,No feedback,2003,2013-01-12,2,10600,2092,2072,2202,2146,2088,1.0014129271827392,28.09584430075251,28.09584430075251,0,1,0.026847956868688263
Own-delivery adaptation,ECF,2003,2013-01-12,2,10600,2093,2070,2204,2145,2088,1.0013907569672944,28.095348997201803,27.807849523478673,574,0.9997021099479387,0.026660337144350114
Own-delivery adaptation,Same update without qualification,2003,2013-01-12,2,10600,2095,2072,2203,2145,2085,1.0011939476827765,28.090661950426927,25.73850614968279,3299,0.9989696650882144,0.02533052914152967
Own-delivery adaptation,No feedback,2003,2013-01-13,2,10792,2100,2119,2223,2094,2256,1.0040367885314778,21.4800102267447,21.4800102267447,0,1,0.017060797858094768
Own-delivery adaptation,ECF,2003,2013-01-13,2,10792,2103,2117,2224,2091,2257,1.0039157490712693,21.476296655432982,20.809717331323526,1126,0.9995486226741525,0.016751615810728707
Own-delivery adaptation,Same update without qualification,2003,2013-01-13,2,10792,2104,2124,2221,2093,2250,1.0034958023441605,21.468071573632272,18.376719760550923,3682,0.9968746185243991,0.016059817322623262
Own-delivery adaptation,No feedback,2003,2013-01-14,2,10449,2005,1990,2142,2121,2191,1.0064946965005843,18.11759686718806,18.11759686718806,0,1,0.020752704125424862
Own-delivery adaptation,ECF,2003,2013-01-14,2,10449,2004,1995,2140,2120,2190,1.0063460236460682,18.120890616467513,18.04805945232995,436,0.9999997501228901,0.020667481760903165
Own-delivery adaptation,Same update without qualification,2003,2013-01-14,2,10449,2006,2008,2130,2121,2184,1.00572607016663,18.10891177203367,16.71384454638826,1714,0.9985939201253207,0.02002661085325462
Own-delivery adaptation,No feedback,2003,2013-01-15,2,10741,2044,2099,2190,2189,2219,1.0098846464016549,26.54857533890474,26.54857533890474,0,1,0.022806355933267287
Own-delivery adaptation,ECF,2003,2013-01-15,2,10741,2046,2100,2190,2188,2217,1.0097022543624687,26.54365867489857,26.272526285102572,1033,0.9995863137525638,0.022703748174722087
Own-delivery adaptation,Same update without qualification,2003,2013-01-15,2,10741,2052,2108,2181,2188,2212,1.0089385925259957,26.525317625277665,25.778675826047373,2018,0.99781410030929,0.022690858564444524
Own-delivery adaptation,No feedback,2003,2013-01-16,2,10684,2042,2025,2103,2249,2265,1.0133762092885934,27.545205660908,27.545205660908,0,1,0.02438865843368316
Own-delivery adaptation,ECF,2003,2013-01-16,2,10684,2043,2024,2107,2248,2262,1.0131666196019502,27.540276483988137,27.443604788522656,713,0.9998636373406323,0.024320960235362486
Own-delivery adaptation,Same update without qualification,2003,2013-01-16,2,10684,2052,2028,2108,2246,2250,1.012230194226684,27.517447176370815,26.84827331757539,2093,0.9975995250541826,0.02351170914337921
Own-delivery adaptation,No feedback,2003,2013-01-17,2,10793,2033,2161,2126,2196,2277,1.016489457683401,28.289919430095146,28.289919430095146,0,1,0.020160841610118923
Own-delivery adaptation,ECF,2003,2013-01-17,2,10793,2034,2163,2128,2193,2275,1.0161627117050078,28.284055975374827,27.850860731251533,1749,0.9995907267264702,0.01964807834437237
Own-delivery adaptation,Same update without qualification,2003,2013-01-17,2,10793,2046,2162,2136,2181,2268,1.015082838484089,28.260158733355006,27.26663087651395,2531,0.9952348619475345,0.019539656901600314
Own-delivery adaptation,No feedback,2003,2013-01-18,2,10648,1959,2030,2123,2234,2302,1.0194608617675727,28.3615111294528,28.3615111294528,0,1,0.021218183191981595
Own-delivery adaptation,ECF,2003,2013-01-18,2,10648,1963,2028,2130,2229,2298,1.0190078679820227,28.3534976289748,27.94631796849632,1987,0.9995491549801625,0.021009933354579596
Own-delivery adaptation,Same update without qualification,2003,2013-01-18,2,10648,1975,2032,2132,2223,2286,1.017842710702339,28.32316018245255,27.07858967513532,2976,0.9967686625296445,0.020656236345586367
Own-delivery adaptation,No feedback,2003,2013-01-19,2,10471,1907,1930,2145,2189,2300,1.0218786094791494,25.687801304969135,25.687801304969135,0,1,0.017451278037180447
Own-delivery adaptation,ECF,2003,2013-01-19,2,10471,1910,1930,2153,2182,2296,1.021321199009542,25.68056856816137,24.59906730533186,2141,0.9996694088950644,0.01746081303479057
Own-delivery adaptation,Same update without qualification,2003,2013-01-19,2,10471,1918,1939,2161,2168,2285,1.020019990996647,25.651261561640325,22.83158858591521,3689,0.9984556378675512,0.017013538407806755
Own-delivery adaptation,No feedback,2003,2013-01-20,2,10459,1812,1984,2139,2287,2237,1.0237132408840475,19.464047752333865,19.464047752333865,0,1,0.013913336374438742
Own-delivery adaptation,ECF,2003,2013-01-20,2,10459,1815,1992,2137,2289,2226,1.0230165944284257,19.453517913954357,17.35574117846749,2000,0.9999289234620519,0.013670202056981487
Own-delivery adaptation,Same update without qualification,2003,2013-01-20,2,10459,1822,2006,2132,2300,2199,1.021532773179183,19.42660897550005,14.466781845142547,3639,0.9990908876157398,0.012546386273238386
Own-delivery adaptation,No feedback,2003,2013-01-21,2,10531,1950,1978,2134,2214,2255,1.0264618355813413,16.11645618621983,16.11645618621983,0,1,0.022133881998017364
Own-delivery adaptation,ECF,2003,2013-01-21,2,10531,1953,1986,2137,2204,2251,1.0257208636010386,16.104524314088103,16.064337567759065,114,0.9999026559612616,0.02224343103151625
Own-delivery adaptation,Same update without qualification,2003,2013-01-21,2,10531,1961,1997,2145,2191,2237,1.024077295591172,16.075950921502624,15.646005072507348,598,0.9964804869818014,0.02205775084958489
Own-delivery adaptation,No feedback,2003,2013-01-22,2,10649,1871,1970,2193,2261,2354,1.0298026440220476,25.894482486828316,25.894482486828316,0,1,0.018890945138153384
Own-delivery adaptation,ECF,2003,2013-01-22,2,10649,1874,1977,2195,2259,2344,1.029035845054581,25.87740523257836,25.355196085422854,1144,0.9995904768472748,0.018784887105595078
Own-delivery adaptation,Same update without qualification,2003,2013-01-22,2,10649,1878,2005,2179,2267,2320,1.0272956493161172,25.835752221579803,23.962802553114393,2453,0.9982976597271154,0.018042454313149915
Own-delivery adaptation,No feedback,2003,2013-01-23,2,10529,1799,1949,2236,2230,2315,1.0319040355814053,24.28595721200969,24.28595721200969,0,1,0.017081405628611906
Own-delivery adaptation,ECF,2003,2013-01-23,2,10529,1803,1960,2236,2224,2306,1.0310150882372382,24.267261012932266,22.899292183540148,2585,0.9999246923890663,0.016642949685555148
Own-delivery adaptation,Same update without qualification,2003,2013-01-23,2,10529,1815,1975,2233,2207,2299,1.029125793201074,24.237963950735086,21.2277078349829,3478,0.9972656883941782,0.01626147606296853
Own-delivery adaptation,No feedback,2003,2013-01-24,2,10546,1759,1940,2155,2327,2365,1.034547484704211,19.92381754303387,19.92381754303387,0,1,0.02183479497304398
Own-delivery adaptation,ECF,2003,2013-01-24,2,10546,1765,1948,2154,2323,2356,1.0336099542284354,19.907137239145634,19.856367814147127,253,0.9999183687682307,0.021706214243765672
Own-delivery adaptation,Same update without qualification,2003,2013-01-24,2,10546,1778,1958,2166,2302,2342,1.0315778343888469,19.873445017008347,18.843002247746906,1314,0.9982850048686172,0.02105232090545382
Own-delivery adaptation,No feedback,2003,2013-01-25,2,10649,1757,1886,2235,2302,2469,1.0381549602822298,27.414000026683034,27.414000026683034,0,1,0.022146053889654523
Own-delivery adaptation,ECF,2003,2013-01-25,2,10649,1760,1899,2237,2295,2458,1.0372296594899078,27.39457082348737,27.247164792017436,1023,0.9999804387599129,0.022389177242207126
Own-delivery adaptation,Same update without qualification,2003,2013-01-25,2,10649,1780,1907,2243,2279,2440,1.0350881368580807,27.34849586638922,26.732803278827834,2086,0.9939245623121424,0.022362744371696424
Own-delivery adaptation,No feedback,2003,2013-04-02,3,10450,2051,2144,2038,2119,2098,1.0015225643638175,22.625566545059904,22.625566545059904,0,1,0.027877646256743636
Own-delivery adaptation,ECF,2003,2013-04-02,3,10450,2051,2144,2038,2120,2097,1.0014565749355822,22.625566545059904,22.49254830030968,1046,0.999772975550514,0.027307837742028124
Own-delivery adaptation,Same update without qualification,2003,2013-04-02,3,10450,2055,2140,2039,2122,2094,1.0013068330310555,22.62169394467026,21.58044091520899,2160,0.9920137996619748,0.02658627955316182
Own-delivery adaptation,No feedback,2003,2013-04-03,3,10434,1993,2078,2028,2117,2218,1.0034783905527425,25.78818366339673,25.78818366339673,0,1,0.012508869769198265
Own-delivery adaptation,ECF,2003,2013-04-03,3,10434,1993,2078,2027,2120,2216,1.0033431684960041,25.790850225269054,22.132689928903417,3671,0.9998199924572971,0.012667006841066806
Own-delivery adaptation,Same update without qualification,2003,2013-04-03,3,10434,1995,2078,2029,2118,2214,1.0029841614960147,25.7865474472678,16.375782606823165,5914,0.9967115688728312,0.010986806745376299
Own-delivery adaptation,No feedback,2003,2013-04-04,3,10445,2022,2052,2063,2181,2127,1.005173044008191,14.310020704122541,14.310020704122541,0,1,0.017160873040682135
Own-delivery adaptation,ECF,2003,2013-04-04,3,10445,2023,2056,2059,2184,2123,1.0049601332939475,14.307135754340191,13.96044978647798,520,0.9998349755166906,0.0170100530099198
Own-delivery adaptation,Same update without qualification,2003,2013-04-04,3,10445,2028,2063,2063,2172,2119,1.004304701823753,14.29474831342126,12.841270825220636,1692,0.995286047771776,0.015998632271274883
Own-delivery adaptation,No feedback,2003,2013-04-09,4,10439,2020,2074,2088,2147,2110,1.0012509265564342,23.29225278106057,23.29225278106057,0,1,0.02283040965462968
Own-delivery adaptation,ECF,2003,2013-04-09,4,10439,2023,2071,2087,2151,2107,1.0012189498358435,23.292329924022432,22.485488060905578,1812,0.9999033331797333,0.02322314777569609
Own-delivery adaptation,Same update without qualification,2003,2013-04-09,4,10439,2023,2074,2086,2147,2109,1.0011325891373462,23.288731144818406,20.485023968189424,3176,0.9968245770036717,0.023473112267990596
Own-delivery adaptation,No feedback,2003,2013-04-10,4,10445,2084,2074,2064,2138,2085,1.004073100651139,19.581764630168855,19.581764630168855,0,1,0.023343107732837473
Own-delivery adaptation,ECF,2003,2013-04-10,4,10445,2084,2073,2070,2131,2087,1.0040169763332778,19.587963285940965,19.564906110019997,79,0.9999732234729874,0.0233027821803878
Own-delivery adaptation,Same update without qualification,2003,2013-04-10,4,10445,2085,2074,2070,2132,2084,1.0038169965493675,19.582354343668165,19.035870549081288,1205,0.9972540730360824,0.022923442971193995
Own-delivery adaptation,No feedback,2003,2013-04-14,5,10441,2045,2030,2084,2176,2106,1.0016307102860804,24.335916578041385,24.335916578041385,0,1,0.028702410911711607
Own-delivery adaptation,ECF,2003,2013-04-14,5,10441,2046,2031,2083,2175,2106,1.0015485929194243,24.333072117327063,24.13568567428821,1362,0.9999998802594025,0.02803087324188675
Own-delivery adaptation,Same update without qualification,2003,2013-04-14,5,10441,2047,2031,2084,2169,2110,1.0014851646209413,24.33159940130586,23.65177377776659,2169,0.9954562434458902,0.02772260893952357
Own-delivery adaptation,No feedback,2003,2013-04-15,5,10442,2067,2097,2097,2085,2096,1.0042137519907914,24.442627858179115,24.442627858179115,0,1,0.018612998798895695
Own-delivery adaptation,ECF,2003,2013-04-15,5,10442,2069,2101,2093,2081,2098,1.0040038239896567,24.438907698531555,23.77372656156283,1655,0.9999993282798517,0.0183958500947309
Own-delivery adaptation,Same update without qualification,2003,2013-04-15,5,10442,2068,2104,2092,2084,2094,1.0038517720210622,24.436966813802492,22.981710456083356,2538,0.9960890187195371,0.0180033452094688
Own-delivery adaptation,No feedback,2003,2013-04-22,6,10441,2128,2044,2058,2090,2121,1.0012114599041846,23.04734540105344,23.04734540105344,0,1,0.022992457375341117
Own-delivery adaptation,ECF,2003,2013-04-22,6,10441,2129,2045,2062,2086,2119,1.0010477453296354,23.044980809804528,21.892312162346755,2120,0.9999915121907943,0.022380679983819558
Own-delivery adaptation,Same update without qualification,2003,2013-04-22,6,10441,2131,2045,2062,2087,2116,1.0009043312116912,23.041249875913387,19.983460407313387,3221,0.9978680751572562,0.021165125722820196
Own-delivery adaptation,No feedback,2003,2013-04-28,7,10448,2089,2112,2123,2073,2051,1.0013482616545597,23.579740514289707,23.579740514289707,0,1,0.02669293270039009
Own-delivery adaptation,ECF,2003,2013-04-28,7,10448,2089,2113,2122,2073,2051,1.0013125983555273,23.579581415700286,23.47327857608564,1229,0.9999695454652785,0.02659890493728516
Own-delivery adaptation,Same update without qualification,2003,2013-04-28,7,10448,2089,2117,2120,2072,2050,1.001130521619291,23.576997516347774,22.700783355767168,2489,0.9981311468512754,0.025467522406473195
Own-delivery adaptation,No feedback,2003,2013-04-29,7,10446,2025,2064,2047,2144,2166,1.0041958871205816,23.536916741054377,23.536916741054377,0,1,0.022421797822317905
Own-delivery adaptation,ECF,2003,2013-04-29,7,10446,2025,2065,2051,2144,2161,1.004073604637239,23.535794923078804,23.370669924766425,1508,0.9999696049606122,0.02198561160459767
Own-delivery adaptation,Same update without qualification,2003,2013-04-29,7,10446,2027,2071,2053,2133,2162,1.0036545096574507,23.530383574450894,22.628173968553895,2573,0.9941025868782765,0.020697249114316727
Own-delivery adaptation,No feedback,2003,2013-04-30,7,10450,2004,2104,2106,2105,2131,1.0064917708165166,23.309799965036724,23.309799965036724,0,1,0.016067861055677635
Own-delivery adaptation,ECF,2003,2013-04-30,7,10450,2006,2105,2110,2103,2126,1.006159281300345,23.305396865116183,21.13293695961548,2698,0.9999999883682699,0.015785044293117778
Own-delivery adaptation,Same update without qualification,2003,2013-04-30,7,10450,2010,2108,2106,2105,2121,1.0056624178994757,23.297533820402634,20.51698738677927,3194,0.994688290299476,0.015230228031661327
Own-delivery adaptation,No feedback,2003,2013-05-01,7,10436,1996,2128,2114,2107,2091,1.008954597103369,19.528196438048838,19.528196438048838,0,1,0.019470367682992006
Own-delivery adaptation,ECF,2003,2013-05-01,7,10436,1997,2133,2113,2110,2083,1.0085494412376008,19.52004867521167,19.52004867521167,0,1,0.019376850136640405
Own-delivery adaptation,Same update without qualification,2003,2013-05-01,7,10436,2001,2131,2115,2114,2075,1.0078982421572187,19.51578449485858,18.765031330308908,1915,0.9972764397349322,0.018393344522057032
Own-delivery adaptation,No feedback,2003,2013-05-06,8,10445,2091,2121,2041,2099,2093,1.0013243911686813,22.434495326750643,22.434495326750643,0,1,0.023691334167927958
Own-delivery adaptation,ECF,2003,2013-05-06,8,10445,2090,2122,2042,2098,2093,1.001300241964408,22.435953180994243,22.348006463909563,1147,0.99996983196742,0.023571444868498395
Own-delivery adaptation,Same update without qualification,2003,2013-05-06,8,10445,2090,2123,2041,2099,2092,1.0011404984450132,22.433832795590824,21.566541136932514,2356,0.9949488831709259,0.02263337405951934
Own-delivery adaptation,No feedback,2003,2013-05-07,8,10443,2031,2062,2103,2107,2140,1.0036905685291302,22.268180069266023,22.268180069266023,0,1,0.019678301069126318
Own-delivery adaptation,ECF,2003,2013-05-07,8,10443,2032,2063,2103,2106,2139,1.0036192389693548,22.265867431989086,21.94127316713721,1417,0.9999999486718895,0.019964982874895756
Own-delivery adaptation,Same update without qualification,2003,2013-05-07,8,10443,2033,2068,2100,2106,2136,1.0032602152427363,22.256070712672603,20.706877770238126,2963,0.998607591955095,0.01947864338452353
Own-delivery adaptation,No feedback,2003,2013-05-08,8,10446,2070,2070,2148,2073,2085,1.0059524548981713,19.4715752335212,19.4715752335212,0,1,0.017214737868517037
Own-delivery adaptation,ECF,2003,2013-05-08,8,10446,2070,2069,2151,2071,2085,1.0058293166666843,19.469588725667244,19.22898522608006,662,0.999957452807584,0.017131580606780602
Own-delivery adaptation,Same update without qualification,2003,2013-05-08,8,10446,2071,2078,2153,2065,2079,1.0052962558575693,19.462652562882518,18.160680607670727,2059,0.9983176714996874,0.01673972568116734
Own-delivery adaptation,No feedback,2003,2013-05-09,8,10451,2019,2013,2111,2113,2195,1.008533631220186,20.00866701690515,20.00866701690515,0,1,0.01981042963448352
Own-delivery adaptation,ECF,2003,2013-05-09,8,10451,2018,2016,2111,2111,2195,1.0083869526756757,20.011371395418585,19.95265120721224,660,0.9999698039419714,0.01976337631170107
Own-delivery adaptation,Same update without qualification,2003,2013-05-09,8,10451,2024,2024,2104,2108,2191,1.007660750656381,19.991764005283756,19.100083317626115,1990,0.9966822456807667,0.01899404126871422
Own-delivery adaptation,No feedback,2003,2013-05-10,8,10444,1924,1936,2156,2234,2194,1.0110853363947185,23.139408468693393,23.139408468693393,0,1,0.018480411626323072
Own-delivery adaptation,ECF,2003,2013-05-10,8,10444,1921,1941,2156,2236,2190,1.0108926799069455,23.137627963615067,23.020649609811038,1351,0.9999997769977227,0.018209114977913943
Own-delivery adaptation,Same update without qualification,2003,2013-05-10,8,10444,1927,1949,2155,2233,2180,1.0099138573603863,23.11712307962462,22.101558419653998,2730,0.9983348538167494,0.017115964362282052
Own-delivery adaptation,No feedback,2003,2013-05-11,8,10449,1971,2078,2081,2146,2173,1.013138692985199,22.430720471287117,22.430720471287117,0,1,0.014886367341964067
Own-delivery adaptation,ECF,2003,2013-05-11,8,10449,1972,2081,2082,2146,2168,1.012892381009073,22.425026834246182,21.265443131439994,1823,0.9999797320326417,0.016260534268159987
Own-delivery adaptation,Same update without qualification,2003,2013-05-11,8,10449,1981,2092,2076,2146,2154,1.0116612217259797,22.404504518809944,17.993504227049037,4563,0.9986201646034571,0.015769308657370036
Own-delivery adaptation,No feedback,2003,2013-05-12,8,10441,1876,1975,2193,2216,2181,1.0155794390072987,17.436886857489196,17.436886857489196,0,1,0.022171924345408926
Own-delivery adaptation,ECF,2003,2013-05-12,8,10441,1874,1981,2198,2205,2183,1.0153216237332952,17.433142346131376,17.335655723970262,422,0.9999872579763294,0.022423429024100338
Own-delivery adaptation,Same update without qualification,2003,2013-05-12,8,10441,1882,1990,2203,2205,2161,1.0138094508994204,17.409024446343928,16.188128571958575,1913,0.9988982649876005,0.02097096920501468
Own-delivery adaptation,No feedback,2003,2013-05-16,9,10456,2109,2015,2111,2154,2067,1.001191889629134,22.121688355101703,22.121688355101703,0,1,0.023603214817983848
Own-delivery adaptation,ECF,2003,2013-05-16,9,10456,2109,2014,2113,2155,2065,1.0011382445611066,22.122018608087174,22.01751445282092,1369,0.9999867861596186,0.023631857764322677
Own-delivery adaptation,Same update without qualification,2003,2013-05-16,9,10456,2114,2014,2111,2155,2062,1.0009024192648652,22.114043572823647,20.559339433296024,3148,0.997736231573667,0.02166829278129343
Own-delivery adaptation,No feedback,2003,2013-05-17,9,10446,2017,2098,2119,2101,2111,1.003568570305349,20.37778015563691,20.37778015563691,0,1,0.019591461934387405
Own-delivery adaptation,ECF,2003,2013-05-17,9,10446,2019,2096,2120,2100,2111,1.0035016155420537,20.375913753573577,20.354543067951795,40,0.9999996164831517,0.019644477924093448
Own-delivery adaptation,Same update without qualification,2003,2013-05-17,9,10446,2025,2098,2120,2099,2104,1.0029182783158626,20.367855612806917,19.247542371821382,2530,0.9954606199774291,0.018567822574555227
Own-delivery adaptation,No feedback,2003,2013-05-18,9,10441,2059,2054,2059,2105,2164,1.0060261589204487,22.258830561506727,22.258830561506727,0,1,0.018652474664107844
Own-delivery adaptation,ECF,2003,2013-05-18,9,10441,2059,2055,2058,2105,2164,1.0059547714921024,22.258806402892972,22.21231008565246,141,0.9999694939397431,0.018540517787557845
Own-delivery adaptation,Same update without qualification,2003,2013-05-18,9,10441,2064,2064,2059,2097,2157,1.005088945725671,22.24047116517051,21.04158733554616,3027,0.9985876518608922,0.017520756991891144
Own-delivery adaptation,No feedback,2003,2013-05-19,9,10454,1963,2070,2107,2146,2168,1.0084015785711278,22.20164588566907,22.20164588566907,0,1,0.017565802740884966
Own-delivery adaptation,ECF,2003,2013-05-19,9,10454,1963,2074,2103,2148,2166,1.0082875468992183,22.197028441951346,22.078301255851137,1328,0.9999864059211675,0.0174430907126395
Own-delivery adaptation,Same update without qualification,2003,2013-05-19,9,10454,1974,2084,2097,2150,2149,1.0071800904622452,22.16750590962335,20.845340785771317,3016,0.9980811301622776,0.016589676763872196
Own-delivery adaptation,No feedback,2003,2013-05-20,9,10452,2015,2070,2065,2151,2151,1.0105831131960854,22.108081004148403,22.108081004148403,0,1,0.017208631010184057
Own-delivery adaptation,ECF,2003,2013-05-20,9,10452,2016,2069,2069,2147,2151,1.0104548135784668,22.106900229826245,22.104881473889346,10,0.9999999966250767,0.017174806854686125
Own-delivery adaptation,Same update without qualification,2003,2013-05-20,9,10452,2033,2069,2069,2152,2129,1.0090595869117485,22.07987416682805,20.898216768381328,2852,0.9960741793212944,0.015882195046967973
Own-delivery adaptation,No feedback,2003,2013-05-21,9,10438,1913,2109,2119,2185,2112,1.0126685910490394,21.67875693195808,21.67875693195808,0,1,0.017447347979458058
Own-delivery adaptation,ECF,2003,2013-05-21,9,10438,1914,2109,2121,2186,2108,1.0125380674905518,21.67541514662757,21.66718101561729,23,0.9999838703009686,0.017388841986438495
Own-delivery adaptation,Same update without qualification,2003,2013-05-21,9,10438,1924,2119,2121,2181,2093,1.0108974495250118,21.65418704245637,20.59214098826128,2497,0.9963009898882733,0.01619512003266508
Own-delivery adaptation,No feedback,2003,2013-05-22,9,10452,2022,1997,2092,2147,2194,1.01437910043512,20.793049297691063,20.793049297691063,0,1,0.012197639909675565
Own-delivery adaptation,ECF,2003,2013-05-22,9,10452,2021,2001,2091,2145,2194,1.0141585713555683,20.79031184460866,19.8104506995188,1713,0.999996118290474,0.012227531016479323
Own-delivery adaptation,Same update without qualification,2003,2013-05-22,9,10452,2039,2001,2095,2148,2169,1.0122860004921268,20.758066821343903,14.928712427863255,6244,0.9964873403954536,0.011248493477504585
Own-delivery adaptation,No feedback,2003,2013-05-23,9,10430,2056,2006,2084,2142,2142,1.0154048378241596,14.733393740256016,14.733393740256016,0,1,0.01155623957533364
Own-delivery adaptation,ECF,2003,2013-05-23,9,10430,2056,2010,2084,2145,2135,1.015069625357557,14.730175678734646,13.491470361933754,1377,0.9999887987206401,0.011351086052637432
Own-delivery adaptation,Same update without qualification,2003,2013-05-23,9,10430,2068,2019,2091,2136,2116,1.0130016089402685,14.701564581401534,9.936077876287825,5258,0.9990626181383252,0.01071963331607764
Own-delivery adaptation,No feedback,2003,2013-05-24,9,10445,1995,2005,2067,2225,2153,1.0172474631627113,14.077713045553967,14.077713045553967,0,1,0.018778131537791225
Own-delivery adaptation,ECF,2003,2013-05-24,9,10445,1994,2009,2069,2221,2152,1.016876442250284,14.07432620200236,14.041335021129434,74,0.9999797873252684,0.01862682197879333
Own-delivery adaptation,Same update without qualification,2003,2013-05-24,9,10445,2014,2012,2077,2211,2131,1.0146186115874087,14.047074754799054,12.907330434482596,1845,0.997615474134549,0.018016235188882932
Own-delivery adaptation,No feedback,2003,2013-05-25,9,10457,1928,1973,2134,2181,2241,1.0196647099505578,18.35481368226938,18.35481368226938,0,1,0.017358132577353393
Own-delivery adaptation,ECF,2003,2013-05-25,9,10457,1928,1979,2134,2175,2241,1.0192394342034399,18.34895473720392,18.0251700646866,728,0.999999950673731,0.017467237886615077
Own-delivery adaptation,Same update without qualification,2003,2013-05-25,9,10457,1946,1994,2136,2163,2218,1.0168167743983738,18.312258515562913,16.89090869198923,2228,0.9980524129596589,0.0169492196263178
Own-delivery adaptation,No feedback,2003,2013-05-26,9,10444,1861,2013,2114,2208,2248,1.022031838258025,20.906023544123087,20.906023544123087,0,1,0.016448179040255664
Own-delivery adaptation,ECF,2003,2013-05-26,9,10444,1866,2017,2115,2200,2246,1.0215632019558023,20.893192988055883,20.774595994388026,493,0.9999858952369872,0.0161714075276692
Own-delivery adaptation,Same update without qualification,2003,2013-05-26,9,10444,1890,2020,2117,2199,2218,1.0189463549103943,20.853177936920183,19.60060133515001,2796,0.9966171389117949,0.015468149337985713
Own-delivery adaptation,No feedback,2003,2013-05-27,9,10454,1860,2029,2136,2171,2258,1.0236300932144924,21.934826654338135,21.934826654338135,0,1,0.014043312761317693
Own-delivery adaptation,ECF,2003,2013-05-27,9,10454,1866,2028,2135,2175,2250,1.0230680751946726,21.924201205697507,19.53555665326522,2608,0.9999813158940848,0.014726276038514617
Own-delivery adaptation,Same update without qualification,2003,2013-05-27,9,10454,1892,2036,2139,2163,2224,1.0203391258317775,21.870987835417488,16.66447698268079,4335,0.9970240848184946,0.014464696440330039
Own-delivery adaptation,No feedback,2003,2013-05-28,9,10448,1821,1984,2074,2354,2215,1.0253262093800175,17.47985403103452,17.47985403103452,0,1,0.015655252070445203
Own-delivery adaptation,ECF,2003,2013-05-28,9,10448,1825,1986,2081,2348,2208,1.0247159705895728,17.467529884025964,17.27120081300228,815,0.9999999859151023,0.015542832077937078
Own-delivery adaptation,Same update without qualification,2003,2013-05-28,9,10448,1838,2014,2073,2347,2176,1.0218132660212396,17.429748043323535,15.189433746847778,3220,0.9939098173158968,0.015477516296843687
Own-delivery adaptation,No feedback,2003,2013-05-29,9,10440,1717,1990,2203,2220,2310,1.027696419841764,17.49493572706907,17.49493572706907,0,1,0.01799204777964366
Own-delivery adaptation,ECF,2003,2013-05-29,9,10440,1722,1987,2209,2219,2303,1.027095936681192,17.48593031296498,17.315572574753958,511,0.9999838103678623,0.0185753152196515
Own-delivery adaptation,Same update without qualification,2003,2013-05-29,9,10440,1747,2006,2216,2195,2276,1.0239922143876892,17.434064373361284,15.889420781791644,2416,0.996636601435501,0.017699562420717758
Own-delivery adaptation,No feedback,2003,2013-05-30,9,10453,1863,1978,2161,2206,2245,1.0300501309973509,20.348964079304494,20.348964079304494,0,1,0.01950750440710947
Own-delivery adaptation,ECF,2003,2013-05-30,9,10453,1870,1973,2175,2196,2239,1.0294537553242167,20.3361539422648,20.235383165717664,1057,0.9999851859725375,0.019359671547383543
Own-delivery adaptation,Same update without qualification,2003,2013-05-30,9,10453,1890,2011,2158,2188,2206,1.0261432408197093,20.281500706192798,19.111703955391718,2825,0.9969842783301637,0.018469871112804688
Own-delivery adaptation,No feedback,2003,2013-05-31,9,10450,1834,1913,2131,2263,2309,1.032326204671292,21.176230705866566,21.176230705866566,0,1,0.017608847837119964
Own-delivery adaptation,ECF,2003,2013-05-31,9,10450,1838,1915,2133,2261,2303,1.0316816390707806,21.164983223902993,20.989058479990724,1099,0.9999819488658636,0.017500980843047943
Own-delivery adaptation,Same update without qualification,2003,2013-05-31,9,10450,1872,1921,2141,2244,2272,1.0281183337065989,21.11008522630582,19.671423069728657,3112,0.997579722974407,0.01632761653215835
Own-delivery adaptation,No feedback,2003,2013-06-01,9,10450,1681,2011,2142,2309,2307,1.0342271983549864,21.719350268565584,21.719350268565584,0,1,0.013428909192970634
Own-delivery adaptation,ECF,2003,2013-06-01,9,10450,1683,2016,2149,2301,2301,1.033525355363144,21.708869691853113,21.51620396986787,1330,0.9999999998978469,0.013185198246266776
Own-delivery adaptation,Same update without qualification,2003,2013-06-01,9,10450,1715,2031,2159,2281,2264,1.0297201707702923,21.636511458412357,17.374971959759698,5829,0.9972221519591872,0.012709318348832162
Own-delivery adaptation,No feedback,2003,2013-06-02,9,10437,1734,2030,2131,2156,2386,1.0350076546741065,16.56665001705521,16.56665001705521,0,1,0.006424829199331787
Own-delivery adaptation,ECF,2003,2013-06-02,9,10437,1735,2037,2137,2149,2379,1.0342841948794885,16.555893621621607,16.032334889181012,631,0.9999990526631068,0.006539113738163278
Own-delivery adaptation,Same update without qualification,2003,2013-06-02,9,10437,1759,2057,2159,2115,2347,1.0303166014057912,16.486913412051862,6.108507687315384,6154,0.9978818913217429,0.005791383454946827
Own-delivery adaptation,No feedback,2003,2013-06-03,9,10447,1800,1937,2113,2279,2318,1.0365689037998052,12.81218309165284,12.81218309165284,0,1,0.01756213527645651
Own-delivery adaptation,ECF,2003,2013-06-03,9,10447,1803,1943,2117,2280,2304,1.035825231388795,12.803186487959604,12.715389805556576,158,0.9999815987743746,0.01733982337611159
Own-delivery adaptation,Same update without qualification,2003,2013-06-03,9,10447,1823,1973,2110,2270,2271,1.0317138823632048,12.761443887622049,11.834730287200786,1630,0.9971235668261237,0.016963042291030274
Own-delivery adaptation,No feedback,2003,2013-06-04,9,10444,1717,1888,2083,2305,2451,1.0388079780604784,20.876882469873358,20.876882469873358,0,1,0.016069877422915203
Own-delivery adaptation,ECF,2003,2013-06-04,9,10444,1720,1889,2090,2298,2447,1.037967302338953,20.86883276483707,20.536265721030155,1433,0.9999847205316893,0.015944556653956794
Own-delivery adaptation,Same update without qualification,2003,2013-06-04,9,10444,1746,1912,2098,2283,2405,1.0337171995601775,20.811116510298728,19.192085398088178,3164,0.9957756420901298,0.015717638383931476
Own-delivery adaptation,No feedback,2003,2013-06-05,9,10448,1718,1951,2097,2346,2336,1.04068863950693,20.79593009713362,20.79593009713362,0,1,0.013632411619451026
Own-delivery adaptation,ECF,2003,2013-06-05,9,10448,1719,1956,2098,2357,2318,1.0396954512431318,20.782939970425375,19.01995213971016,2314,0.9999997988413882,0.01345986063877131
Own-delivery adaptation,Same update without qualification,2003,2013-06-05,9,10448,1749,1980,2114,2318,2287,1.0353515206603325,20.724233804521827,17.90576744970251,3647,0.9989733232900762,0.013400232645560003
Own-delivery adaptation,No feedback,2003,2013-06-06,9,10455,1667,1905,2120,2338,2425,1.0425008834668767,18.36365228923797,18.36365228923797,0,1,0.014008223790321257
Own-delivery adaptation,ECF,2003,2013-06-06,9,10455,1675,1909,2129,2328,2414,1.041403627733888,18.34453866845751,18.079728641780797,952,0.9999958411467685,0.013763481872467674
Own-delivery adaptation,Same update without qualification,2003,2013-06-06,9,10455,1698,1942,2121,2323,2371,1.036922184359371,18.28719330031712,15.555836756832225,4580,0.9988761098503569,0.012761408667226125
Own-delivery adaptation,No feedback,2003,2013-06-07,9,10457,1668,1886,2126,2286,2491,1.0439456700360192,16.150780498709494,16.150780498709494,0,1,0.013147654032818916
Own-delivery adaptation,ECF,2003,2013-06-07,9,10457,1671,1891,2131,2292,2472,1.0428267691031532,16.136959664989043,15.868043166570605,402,0.9999833663495031,0.013247836420942143
Own-delivery adaptation,Same update without qualification,2003,2013-06-07,9,10457,1700,1909,2140,2284,2424,1.0381933487602917,16.07642990829995,12.297620248197887,3486,0.996818421555599,0.01245129470197638
Own-delivery adaptation,No feedback,2003,2013-06-08,9,10447,1758,1826,2116,2296,2451,1.0458396043904314,16.00463708645801,16.00463708645801,0,1,0.014683151101126564
Own-delivery adaptation,ECF,2003,2013-06-08,9,10447,1766,1830,2116,2305,2430,1.0446902769097406,15.982846013958302,15.883811665148997,332,0.9999925666614932,0.014588886589556807
Own-delivery adaptation,Same update without qualification,2003,2013-06-08,9,10447,1790,1864,2121,2293,2379,1.039861888377291,15.920810668512146,13.589538648041337,3827,0.9963072477684993,0.013476634486129836
Own-delivery adaptation,No feedback,2003,2013-06-09,9,10452,1653,1920,2088,2351,2440,1.0479087087845473,16.780277046161522,16.780277046161522,0,1,0.017117659939888563
Own-delivery adaptation,ECF,2003,2013-06-09,9,10452,1664,1927,2093,2336,2432,1.0467233218509358,16.76227910339079,16.659258533201537,458,0.9999850489961553,0.017064042141001316
Own-delivery adaptation,Same update without qualification,2003,2013-06-09,9,10452,1692,1963,2094,2313,2390,1.0417075026741105,16.686307136154355,15.545964961496491,2211,0.9982204493668272,0.0162138105192741
Own-delivery adaptation,No feedback,2003,2013-06-10,9,10464,1670,1823,2170,2367,2434,1.0501435403612467,20.20840094711926,20.20840094711926,0,1,0.01668696351657157
Own-delivery adaptation,ECF,2003,2013-06-10,9,10464,1678,1825,2178,2352,2431,1.0489145765666514,20.191082422954423,19.720000237603543,1189,0.9999900005383101,0.016575926161189226
Own-delivery adaptation,Same update without qualification,2003,2013-06-10,9,10464,1713,1862,2168,2339,2382,1.0436546487013343,20.09203902717428,16.961450167700814,5076,0.9912715021465011,0.016476098043292715
Own-delivery adaptation,No feedback,2003,2013-06-11,9,10448,1591,1894,2174,2348,2441,1.0522277745822401,18.438912608618786,18.438912608618786,0,1,0.0176291220863465
Own-delivery adaptation,ECF,2003,2013-06-11,9,10448,1594,1903,2185,2336,2430,1.0508926677209132,18.42139985817363,18.15497533269236,838,0.9999863924048671,0.01685528427366716
Own-delivery adaptation,Same update without qualification,2003,2013-06-11,9,10448,1630,1935,2184,2323,2376,1.045427201249021,18.33215015140078,16.867884142500188,2606,0.9972647139699312,0.016280702339502535
Own-delivery adaptation,No feedback,2003,2013-06-12,9,10445,1636,1860,2138,2357,2454,1.0536302711634982,21.463555479533944,21.463555479533944,0,1,0.008412567515004604
Own-delivery adaptation,ECF,2003,2013-06-12,9,10445,1640,1877,2143,2353,2432,1.0522173974193207,21.438662724685067,17.16829324349122,3184,0.999983110591384,0.00955702817267478
Own-delivery adaptation,Same update without qualification,2003,2013-06-12,9,10445,1666,1915,2144,2355,2365,1.046628945077724,21.370723849868092,9.882676137177274,6070,0.996686038357373,0.00951886713252509
Own-delivery adaptation,No feedback,2003,2013-06-13,9,10453,1612,1840,2087,2412,2502,1.0551974603318632,14.325183280856292,14.325183280856292,0,1,0.016925332509914792
Own-delivery adaptation,ECF,2003,2013-06-13,9,10453,1621,1849,2097,2399,2487,1.053774275831827,14.303144865035161,14.160340293106199,193,0.999984657972947,0.016834956563569974
Own-delivery adaptation,Same update without qualification,2003,2013-06-13,9,10453,1662,1885,2107,2362,2437,1.0479982705150719,14.226965103774974,12.82322124270636,2066,0.9964942485989058,0.016420843595672748
Own-delivery adaptation,No feedback,2003,2013-06-14,9,10455,1512,1848,2092,2397,2606,1.0573735551350065,21.128478871851204,21.128478871851204,0,1,0.016165143767603158
Own-delivery adaptation,ECF,2003,2013-06-14,9,10455,1514,1857,2102,2388,2594,1.0558757344986862,21.109643017899465,20.884437107786724,1335,0.9999947656086573,0.015916503015773138
Own-delivery adaptation,Same update without qualification,2003,2013-06-14,9,10455,1555,1894,2102,2369,2535,1.0499334013953836,21.021520788765454,19.40394967907809,3372,0.9957577276977716,0.01514397395737662
Own-delivery adaptation,No feedback,2003,2013-06-15,9,10452,1634,1792,2054,2373,2599,1.0592560307342922,21.3631836749243,21.3631836749243,0,1,0.014212370323715636
Own-delivery adaptation,ECF,2003,2013-06-15,9,10452,1643,1800,2062,2366,2581,1.0576792012948448,21.338522355315895,20.852214360529352,1968,0.9999747095611837,0.01403439634917964
Own-delivery adaptation,Same update without qualification,2003,2013-06-15,9,10452,1678,1839,2068,2347,2520,1.0514608170922408,21.24271464217723,17.95791477928171,5161,0.9974984242848273,0.012844283033051738
Own-delivery adaptation,No feedback,2003,2013-06-16,9,10439,1556,1852,2062,2346,2623,1.0611492541448144,18.960340943917927,18.960340943917927,0,1,0.017275017430723353
Own-delivery adaptation,ECF,2003,2013-06-16,9,10439,1566,1856,2077,2336,2604,1.0594816169661263,18.930960029447995,18.652643103595,1070,0.9999840819165768,0.016625253494341602
Own-delivery adaptation,Same update without qualification,2003,2013-06-16,9,10439,1605,1899,2069,2321,2545,1.053049716618191,18.81912614762321,17.250797503604183,2984,0.9966614827174453,0.015987900684171958
Own-delivery adaptation,No feedback,2003,2013-06-17,9,10442,1637,1755,2098,2381,2571,1.0631540577086667,20.92157711817744,20.92157711817744,0,1,0.01458987591628314
Own-delivery adaptation,ECF,2003,2013-06-17,9,10442,1644,1763,2110,2380,2545,1.0614585595875015,20.889568142301613,20.842734442401788,74,0.999979429415347,0.014716522487944729
Own-delivery adaptation,Same update without qualification,2003,2013-06-17,9,10442,1688,1794,2108,2376,2476,1.0548120539160721,20.79467154397976,19.001381768929782,3406,0.9967737178715017,0.014035784987895874
Own-delivery adaptation,No feedback,2003,2013-06-18,9,10453,1484,1753,2210,2383,2623,1.065219534987925,19.189528190071908,19.189528190071908,0,1,0.017198236820512646
Own-delivery adaptation,ECF,2003,2013-06-18,9,10453,1496,1750,2221,2385,2601,1.0635057771022334,19.166775206183583,19.060282604036985,636,0.9999999861383781,0.017075063744154906
Own-delivery adaptation,Same update without qualification,2003,2013-06-18,9,10453,1543,1781,2254,2338,2537,1.0566258886030269,19.058605853082664,17.356932649370485,2752,0.9965956952274984,0.01616891943585639
Own-delivery adaptation,No feedback,2003,2013-06-19,9,10452,1505,1832,2121,2418,2576,1.0670550669257626,21.84614590627111,21.84614590627111,0,1,0.01339043627544776
Own-delivery adaptation,ECF,2003,2013-06-19,9,10452,1512,1848,2135,2405,2552,1.0652639234931094,21.81615440147987,20.32850237729931,2334,0.999985605451649,0.014477666086822326
Own-delivery adaptation,Same update without qualification,2003,2013-06-19,9,10452,1570,1873,2141,2381,2487,1.058282873365217,21.69125591470143,18.22015962840758,4443,0.9953178106856542,0.014921220628755727
Own-delivery adaptation,No feedback,2003,2013-06-23,10,10442,2102,2110,2095,2060,2075,1.0007375298690442,17.116760189359482,17.116760189359482,0,1,0.016943164093174652
Own-delivery adaptation,ECF,2003,2013-06-23,10,10442,2103,2112,2094,2057,2076,1.0006428960600755,17.114293445900582,15.777306170813983,1791,0.9999792009868875,0.016383408240899695
Own-delivery adaptation,Same update without qualification,2003,2013-06-23,10,10442,2105,2114,2092,2058,2073,1.000534416799197,17.108432930375994,11.37365028099659,6041,0.9978993112738243,0.0163922399034585
Own-delivery adaptation,No feedback,2003,2013-06-24,10,10453,2076,2066,2094,2105,2112,1.0021465399378287,14.505950916235506,14.505950916235506,0,1,0.015705231373565876
Own-delivery adaptation,ECF,2003,2013-06-24,10,10453,2076,2070,2093,2105,2109,1.0018638108071247,14.503923530383565,13.456755180399588,1184,0.9999975228362643,0.015436894463506228
Own-delivery adaptation,Same update without qualification,2003,2013-06-24,10,10453,2078,2070,2091,2106,2108,1.0016644862497328,14.503419244373934,12.219568602182992,3188,0.9975246723332556,0.014681915095446647
Own-delivery adaptation,No feedback,2003,2013-06-25,10,10440,2101,2038,2045,2155,2101,1.0037831423897727,16.900407453449397,16.900407453449397,0,1,0.01397057514745349
Own-delivery adaptation,ECF,2003,2013-06-25,10,10440,2106,2036,2046,2154,2098,1.0034140622837275,16.895974210942576,16.6962326496791,627,0.9999852329436041,0.013751299515680136
Own-delivery adaptation,Same update without qualification,2003,2013-06-25,10,10440,2109,2037,2047,2154,2093,1.003060296773841,16.892906695812894,13.587878515124942,4006,0.9990694229308991,0.012403100249590264
Own-delivery adaptation,No feedback,2003,2013-06-26,10,10446,2035,2109,2060,2086,2156,1.005643188488114,15.955538122364658,15.955538122364658,0,1,0.014384444299712085
Own-delivery adaptation,ECF,2003,2013-06-26,10,10446,2037,2116,2065,2082,2146,1.0051832522588275,15.947478942840341,15.62251725757276,745,0.9999779773345907,0.013912628392676036
Own-delivery adaptation,Same update without qualification,2003,2013-06-26,10,10446,2040,2116,2062,2083,2145,1.0046262713111824,15.943076457903118,13.933948191811588,2760,0.9972701100588783,0.013200609168092467
Own-delivery adaptation,No feedback,2003,2013-06-27,10,10447,2063,2025,2093,2104,2162,1.0072164329057558,16.68861982862702,16.68861982862702,0,1,0.012197594203698673
Own-delivery adaptation,ECF,2003,2013-06-27,10,10447,2064,2025,2099,2102,2157,1.0066630108123757,16.68859807282225,15.749026678336065,1240,0.9999819944682025,0.0121641950949754
Own-delivery adaptation,Same update without qualification,2003,2013-06-27,10,10447,2072,2027,2099,2096,2153,1.0059342818621013,16.671663316642118,12.828622235603147,4502,0.9960421867111735,0.011929139151496833
No preference update,No feedback,2001,2013-01-02,1,10693,2119,2123,2146,2121,2184,1,28.097690763405758,28.097690763405758,0,1,0
No preference update,ECF,2001,2013-01-02,1,10693,2119,2123,2146,2121,2184,1,28.097690763405758,27.60730347735666,1941,0.9993024678826673,0
No preference update,Same update without qualification,2001,2013-01-02,1,10693,2119,2123,2146,2121,2184,1,28.097690763405758,26.644109370031526,2915,0.9973324595955756,0
No preference update,No feedback,2001,2013-01-03,1,10532,2100,2066,2152,2130,2084,1,22.77076866002485,22.77076866002485,0,1,0
No preference update,ECF,2001,2013-01-03,1,10532,2100,2066,2152,2130,2084,1,22.77076866002485,22.545161523146092,758,0.9999990539837438,0
No preference update,Same update without qualification,2001,2013-01-03,1,10532,2100,2066,2152,2130,2084,1,22.77076866002485,22.098390653650668,1303,0.9980456369647251,0
No preference update,No feedback,2001,2013-01-04,1,10677,2148,2077,2168,2109,2175,1,27.22559342599279,27.22559342599279,0,1,0
No preference update,ECF,2001,2013-01-04,1,10677,2148,2077,2168,2109,2175,1,27.22559342599279,27.124631658151287,819,0.9999980099970818,0
No preference update,Same update without qualification,2001,2013-01-04,1,10677,2148,2077,2168,2109,2175,1,27.22559342599279,26.608899130029656,1713,0.9964263830408769,0
No preference update,No feedback,2001,2013-01-05,1,10664,2111,2176,2116,2036,2225,1,29.190528495916148,29.190528495916148,0,1,0
No preference update,ECF,2001,2013-01-05,1,10664,2111,2176,2116,2036,2225,1,29.190528495916148,29.127463631096113,844,0.9999991985690174,0
No preference update,Same update without qualification,2001,2013-01-05,1,10664,2111,2176,2116,2036,2225,1,29.190528495916148,28.521316835687102,2349,0.9979768979910564,0
No preference update,No feedback,2001,2013-01-06,1,10625,2091,2075,2088,2135,2236,1,29.061361343553685,29.061361343553685,0,1,0
No preference update,ECF,2001,2013-01-06,1,10625,2091,2075,2088,2135,2236,1,29.061361343553685,28.84162947442554,1484,0.9999852127052569,0
No preference update,Same update without qualification,2001,2013-01-06,1,10625,2091,2075,2088,2135,2236,1,29.061361343553685,28.4248323059691,2363,0.9991870530681455,0
No preference update,No feedback,2001,2013-01-07,1,10604,2044,2163,2148,2084,2165,1,28.98639180778109,28.98639180778109,0,1,0
No preference update,ECF,2001,2013-01-07,1,10604,2044,2163,2148,2084,2165,1,28.98639180778109,28.493212180052296,1812,0.9999846979876111,0
No preference update,Same update without qualification,2001,2013-01-07,1,10604,2044,2163,2148,2084,2165,1,28.98639180778109,27.84996954173132,2559,0.9982934982087532,0
No preference update,No feedback,2001,2013-01-08,1,10640,2059,2169,2211,2125,2076,1,27.33128696475548,27.33128696475548,0,1,0
No preference update,ECF,2001,2013-01-08,1,10640,2059,2169,2211,2125,2076,1,27.33128696475548,27.24639230380669,761,0.9996886944317549,0
No preference update,Same update without qualification,2001,2013-01-08,1,10640,2059,2169,2211,2125,2076,1,27.33128696475548,26.592832698609598,1915,0.9979448522700753,0
No preference update,No feedback,2001,2013-01-12,2,10600,2138,2160,2133,2074,2095,1,28.087453477193655,28.087453477193655,0,1,0
No preference update,ECF,2001,2013-01-12,2,10600,2138,2160,2133,2074,2095,1,28.087453477193655,27.336638021467856,1913,0.999705244705692,0
No preference update,Same update without qualification,2001,2013-01-12,2,10600,2138,2160,2133,2074,2095,1,28.087453477193655,25.565137897062755,3291,0.9989684335864858,0
No preference update,No feedback,2001,2013-01-13,2,10792,2050,2247,2176,2212,2107,1,21.33924802736725,21.33924802736725,0,1,0
No preference update,ECF,2001,2013-01-13,2,10792,2050,2247,2176,2212,2107,1,21.33924802736725,20.799919196706234,1052,0.999779552778108,0
No preference update,Same update without qualification,2001,2013-01-13,2,10792,2050,2247,2176,2212,2107,1,21.33924802736725,18.45369714822355,3517,0.9968833401390843,0
No preference update,No feedback,2001,2013-01-14,2,10449,2107,2104,2124,2082,2032,1,17.768449410712336,17.768449410712336,0,1,0
No preference update,ECF,2001,2013-01-14,2,10449,2107,2104,2124,2082,2032,1,17.768449410712336,17.57823083474222,628,0.9999998176797187,0
No preference update,Same update without qualification,2001,2013-01-14,2,10449,2107,2104,2124,2082,2032,1,17.768449410712336,16.456877002008806,1643,0.9990436492774457,0
No preference update,No feedback,2001,2013-01-15,2,10741,2213,2069,2131,2179,2149,1,26.189521390917275,26.189521390917275,0,1,0
No preference update,ECF,2001,2013-01-15,2,10741,2213,2069,2131,2179,2149,1,26.189521390917275,25.98292228870355,1103,0.9994428278049826,0
No preference update,Same update without qualification,2001,2013-01-15,2,10741,2213,2069,2131,2179,2149,1,26.189521390917275,25.52501747105796,1885,0.9977832080978758,0
No preference update,No feedback,2001,2013-01-16,2,10684,2218,2134,2183,2070,2079,1,26.978474159866852,26.978474159866852,0,1,0
No preference update,ECF,2001,2013-01-16,2,10684,2218,2134,2183,2070,2079,1,26.978474159866852,26.81008265385544,1255,0.9998870055886048,0
No preference update,Same update without qualification,2001,2013-01-16,2,10684,2218,2134,2183,2070,2079,1,26.978474159866852,26.33657292315165,1941,0.9976020673551989,0
No preference update,No feedback,2001,2013-01-17,2,10793,2128,2176,2139,2129,2221,1,28.232917386846985,28.232917386846985,0,1,0
No preference update,ECF,2001,2013-01-17,2,10793,2128,2176,2139,2129,2221,1,28.232917386846985,27.754684721087976,1781,0.9995823730071454,0
No preference update,Same update without qualification,2001,2013-01-17,2,10793,2128,2176,2139,2129,2221,1,28.232917386846985,27.27894928715657,2473,0.995238645655146,0
No preference update,No feedback,2001,2013-01-18,2,10648,2109,2142,2127,2187,2083,1,28.13029407881482,28.13029407881482,0,1,0
No preference update,ECF,2001,2013-01-18,2,10648,2109,2142,2127,2187,2083,1,28.13029407881482,27.936243564249633,1377,0.9995586317265508,0
No preference update,Same update without qualification,2001,2013-01-18,2,10648,2109,2142,2127,2187,2083,1,28.13029407881482,27.03384397494385,2608,0.9967919347478448,0
No preference update,No feedback,2001,2013-01-19,2,10471,2014,2112,2123,2122,2100,1,25.39553342970832,25.39553342970832,0,1,0
No preference update,ECF,2001,2013-01-19,2,10471,2014,2112,2123,2122,2100,1,25.39553342970832,24.168451640151396,2331,0.9996300413207286,0
No preference update,Same update without qualification,2001,2013-01-19,2,10471,2014,2112,2123,2122,2100,1,25.39553342970832,22.7201133459557,3527,0.9984670839446403,0
No preference update,No feedback,2001,2013-01-20,2,10459,2075,2032,2152,2108,2092,1,19.101270368021353,19.101270368021353,0,1,0
No preference update,ECF,2001,2013-01-20,2,10459,2075,2032,2152,2108,2092,1,19.101270368021353,16.638090914612874,2115,0.9999234005025367,0
No preference update,Same update without qualification,2001,2013-01-20,2,10459,2075,2032,2152,2108,2092,1,19.101270368021353,14.377218501034324,3545,0.9990799128462614,0
No preference update,No feedback,2001,2013-01-21,2,10531,2043,2191,2039,2064,2194,1,15.840576919115367,15.840576919115367,0,1,0
No preference update,ECF,2001,2013-01-21,2,10531,2043,2191,2039,2064,2194,1,15.840576919115367,15.765295678820099,173,0.9999996643203797,0
No preference update,Same update without qualification,2001,2013-01-21,2,10531,2043,2191,2039,2064,2194,1,15.840576919115367,15.415294542827963,554,0.9988889747494639,0
No preference update,No feedback,2001,2013-01-22,2,10649,2105,2185,2127,2084,2148,1,25.170974691389198,25.170974691389198,0,1,0
No preference update,ECF,2001,2013-01-22,2,10649,2105,2185,2127,2084,2148,1,25.170974691389198,24.821797747716467,394,0.999597719728688,0
No preference update,Same update without qualification,2001,2013-01-22,2,10649,2105,2185,2127,2084,2148,1,25.170974691389198,23.377918108342296,2437,0.9983139343985317,0
No preference update,No feedback,2001,2013-01-23,2,10529,2096,2106,2065,2116,2146,1,23.787613517672025,23.787613517672025,0,1,0
No preference update,ECF,2001,2013-01-23,2,10529,2096,2106,2065,2116,2146,1,23.787613517672025,22.53318886737593,2334,0.9999213440278657,0
No preference update,Same update without qualification,2001,2013-01-23,2,10529,2096,2106,2065,2116,2146,1,23.787613517672025,20.971496531771557,3309,0.9972811261471144,0
No preference update,No feedback,2001,2013-01-24,2,10546,2036,2215,2100,2152,2043,1,19.185038710989872,19.185038710989872,0,1,0
No preference update,ECF,2001,2013-01-24,2,10546,2036,2215,2100,2152,2043,1,19.185038710989872,18.85546125963494,535,0.999998343412223,0
No preference update,Same update without qualification,2001,2013-01-24,2,10546,2036,2215,2100,2152,2043,1,19.185038710989872,18.20386490395916,1257,0.9983009825731978,0
No preference update,No feedback,2001,2013-01-25,2,10649,2115,2085,2165,2145,2139,1,26.364778897336198,26.364778897336198,0,1,0
No preference update,ECF,2001,2013-01-25,2,10649,2115,2085,2165,2145,2139,1,26.364778897336198,26.268170850363084,843,0.9999999590053292,0
No preference update,Same update without qualification,2001,2013-01-25,2,10649,2115,2085,2165,2145,2139,1,26.364778897336198,25.845936133222562,1860,0.9939200853293056,0
No preference update,No feedback,2001,2013-04-02,3,10450,2056,2142,2109,2062,2081,1,22.7507062433264,22.7507062433264,0,1,0
No preference update,ECF,2001,2013-04-02,3,10450,2056,2142,2109,2062,2081,1,22.7507062433264,22.67871555989613,853,0.9996999802623842,0
No preference update,Same update without qualification,2001,2013-04-02,3,10450,2056,2142,2109,2062,2081,1,22.7507062433264,21.662430016943397,2112,0.9920173500242628,0
No preference update,No feedback,2001,2013-04-03,3,10434,2087,2049,2014,2162,2122,1,25.72659641727402,25.72659641727402,0,1,0
No preference update,ECF,2001,2013-04-03,3,10434,2087,2049,2014,2162,2122,1,25.72659641727402,21.63323402793655,3789,0.9998146319062289,0
No preference update,Same update without qualification,2001,2013-04-03,3,10434,2087,2049,2014,2162,2122,1,25.72659641727402,15.813140639944608,5919,0.9967107295401751,0
No preference update,No feedback,2001,2013-04-04,3,10445,2028,2185,2050,2040,2142,1,14.246713038315995,14.246713038315995,0,1,0
No preference update,ECF,2001,2013-04-04,3,10445,2028,2185,2050,2040,2142,1,14.246713038315995,14.069670882171357,326,0.9998448252212063,0
No preference update,Same update without qualification,2001,2013-04-04,3,10445,2028,2185,2050,2040,2142,1,14.246713038315995,12.846179477731173,1673,0.995299616329382,0
No preference update,No feedback,2001,2013-04-09,4,10439,2118,2052,2061,2125,2083,1,23.101922764591393,23.101922764591393,0,1,0
No preference update,ECF,2001,2013-04-09,4,10439,2118,2052,2061,2125,2083,1,23.101922764591393,22.16397032812394,1911,0.9999047683934812,0
No preference update,Same update without qualification,2001,2013-04-09,4,10439,2118,2052,2061,2125,2083,1,23.101922764591393,20.198583575766506,3224,0.9968305984753321,0
No preference update,No feedback,2001,2013-04-10,4,10445,2103,2036,2095,2109,2102,1,19.54868583798104,19.54868583798104,0,1,0
No preference update,ECF,2001,2013-04-10,4,10445,2103,2036,2095,2109,2102,1,19.54868583798104,19.46594160484851,332,0.9999376352567103,0
No preference update,Same update without qualification,2001,2013-04-10,4,10445,2103,2036,2095,2109,2102,1,19.54868583798104,18.984576656254962,1253,0.9972587126520622,0
No preference update,No feedback,2001,2013-04-14,5,10441,2081,2094,2133,2019,2114,1,24.053601901184745,24.053601901184745,0,1,0
No preference update,ECF,2001,2013-04-14,5,10441,2081,2094,2133,2019,2114,1,24.053601901184745,23.945990989466367,1121,0.9999985054894676,0
No preference update,Same update without qualification,2001,2013-04-14,5,10441,2081,2094,2133,2019,2114,1,24.053601901184745,23.38599406399532,2130,0.995459939213332,0
No preference update,No feedback,2001,2013-04-15,5,10442,2100,2081,2051,2085,2125,1,24.442983715942923,24.442983715942923,0,1,0
No preference update,ECF,2001,2013-04-15,5,10442,2100,2081,2051,2085,2125,1,24.442983715942923,23.91799728877279,1508,0.9999999939175879,0
No preference update,Same update without qualification,2001,2013-04-15,5,10442,2100,2081,2051,2085,2125,1,24.442983715942923,22.95732517425727,2618,0.9960877879774666,0
No preference update,No feedback,2001,2013-04-22,6,10441,2126,2049,2110,2067,2089,1,22.973856443974945,22.973856443974945,0,1,0
No preference update,ECF,2001,2013-04-22,6,10441,2126,2049,2110,2067,2089,1,22.973856443974945,20.948537866466488,2540,0.9999609782290495,0
No preference update,Same update without qualification,2001,2013-04-22,6,10441,2126,2049,2110,2067,2089,1,22.973856443974945,20.140914180358912,3164,0.9978641724129149,0
No preference update,No feedback,2001,2013-04-28,7,10448,2165,2121,2093,2012,2057,1,23.251126617074057,23.251126617074057,0,1,0
No preference update,ECF,2001,2013-04-28,7,10448,2165,2121,2093,2012,2057,1,23.251126617074057,23.030100715208455,1531,0.9999594355364044,0
No preference update,Same update without qualification,2001,2013-04-28,7,10448,2165,2121,2093,2012,2057,1,23.251126617074057,22.314960953195303,2582,0.9981317495626669,0
No preference update,No feedback,2001,2013-04-29,7,10446,2071,2073,2131,2109,2062,1,23.312249315692053,23.312249315692053,0,1,0
No preference update,ECF,2001,2013-04-29,7,10446,2071,2073,2131,2109,2062,1,23.312249315692053,23.186755139628886,1305,0.9999695451982992,0
No preference update,Same update without qualification,2001,2013-04-29,7,10446,2071,2073,2131,2109,2062,1,23.312249315692053,22.40581703997381,2596,0.9935192089689343,0
No preference update,No feedback,2001,2013-04-30,7,10450,2038,2105,2132,2041,2134,1,23.235165418686336,23.235165418686336,0,1,0
No preference update,ECF,2001,2013-04-30,7,10450,2038,2105,2132,2041,2134,1,23.235165418686336,21.81093585658583,2390,0.999969950720757,0
No preference update,Same update without qualification,2001,2013-04-30,7,10450,2038,2105,2132,2041,2134,1,23.235165418686336,20.305846335997977,3263,0.9946895632242178,0
No preference update,No feedback,2001,2013-05-01,7,10436,2133,2103,2036,2067,2097,1,19.43832746472714,19.43832746472714,0,1,0
No preference update,ECF,2001,2013-05-01,7,10436,2133,2103,2036,2067,2097,1,19.43832746472714,19.419855612055343,462,0.9999965486708493,0
No preference update,Same update without qualification,2001,2013-05-01,7,10436,2133,2103,2036,2067,2097,1,19.43832746472714,18.692672011118777,1856,0.9972838745932168,0
No preference update,No feedback,2001,2013-05-06,8,10445,2112,2134,2013,2090,2096,1,22.45990184026435,22.45990184026435,0,1,0
No preference update,ECF,2001,2013-05-06,8,10445,2112,2134,2013,2090,2096,1,22.45990184026435,22.387868318876524,1055,0.9999693752034968,0
No preference update,Same update without qualification,2001,2013-05-06,8,10445,2112,2134,2013,2090,2096,1,22.45990184026435,21.609339146825597,2269,0.9949533286266687,0
No preference update,No feedback,2001,2013-05-07,8,10443,2086,2043,2066,2145,2103,1,22.201502884381235,22.201502884381235,0,1,0
No preference update,ECF,2001,2013-05-07,8,10443,2086,2043,2066,2145,2103,1,22.201502884381235,22.01711704316598,975,0.9999835939335335,0
No preference update,Same update without qualification,2001,2013-05-07,8,10443,2086,2043,2066,2145,2103,1,22.201502884381235,20.66304006835628,2938,0.9986041318141279,0
No preference update,No feedback,2001,2013-05-08,8,10446,2070,2105,2119,2060,2092,1,19.458137887039694,19.458137887039694,0,1,0
No preference update,ECF,2001,2013-05-08,8,10446,2070,2105,2119,2060,2092,1,19.458137887039694,19.128895658768243,733,0.9999552896788615,0
No preference update,Same update without qualification,2001,2013-05-08,8,10446,2070,2105,2119,2060,2092,1,19.458137887039694,18.197216779730578,1947,0.9983170178529638,0
No preference update,No feedback,2001,2013-05-09,8,10451,2147,1998,2066,2176,2064,1,19.961734871018848,19.961734871018848,0,1,0
No preference update,ECF,2001,2013-05-09,8,10451,2147,1998,2066,2176,2064,1,19.961734871018848,19.83863024815372,630,0.9999579625787317,0
No preference update,Same update without qualification,2001,2013-05-09,8,10451,2147,1998,2066,2176,2064,1,19.961734871018848,19.00873629933249,2051,0.996681283624973,0
No preference update,No feedback,2001,2013-05-10,8,10444,2064,2085,2222,2046,2027,1,22.63548031969949,22.63548031969949,0,1,0
No preference update,ECF,2001,2013-05-10,8,10444,2064,2085,2222,2046,2027,1,22.63548031969949,22.334086154244115,1563,0.9999999235962553,0
No preference update,Same update without qualification,2001,2013-05-10,8,10444,2064,2085,2222,2046,2027,1,22.63548031969949,21.585556859648598,2696,0.9983285426109314,0
No preference update,No feedback,2001,2013-05-11,8,10449,2063,2091,2138,2113,2044,1,22.312557031429538,22.312557031429538,0,1,0
No preference update,ECF,2001,2013-05-11,8,10449,2063,2091,2138,2113,2044,1,22.312557031429538,20.569434366269178,2392,0.9999931491290486,0
No preference update,Same update without qualification,2001,2013-05-11,8,10449,2063,2091,2138,2113,2044,1,22.312557031429538,18.093224445718285,4440,0.9986290150888315,0
No preference update,No feedback,2001,2013-05-12,8,10441,2080,2084,2097,2090,2090,1,17.006754769193652,17.006754769193652,0,1,0
No preference update,ECF,2001,2013-05-12,8,10441,2080,2084,2097,2090,2090,1,17.006754769193652,16.77932663376952,547,0.9999693666594645,0
No preference update,Same update without qualification,2001,2013-05-12,8,10441,2080,2084,2097,2090,2090,1,17.006754769193652,15.78967845622403,1869,0.9989081329021585,0
No preference update,No feedback,2001,2013-05-16,9,10456,2127,2080,2108,2062,2079,1,22.037422442077617,22.037422442077617,0,1,0
No preference update,ECF,2001,2013-05-16,9,10456,2127,2080,2108,2062,2079,1,22.037422442077617,21.88687070755953,1061,0.9999870855530224,0
No preference update,Same update without qualification,2001,2013-05-16,9,10456,2127,2080,2108,2062,2079,1,22.037422442077617,20.484711395764414,3193,0.9977371995436172,0
No preference update,No feedback,2001,2013-05-17,9,10446,2055,2069,2122,2126,2074,1,20.353482692151008,20.353482692151008,0,1,0
No preference update,ECF,2001,2013-05-17,9,10446,2055,2069,2122,2126,2074,1,20.353482692151008,20.23148479538916,805,0.9999998938064788,0
No preference update,Same update without qualification,2001,2013-05-17,9,10446,2055,2069,2122,2126,2074,1,20.353482692151008,19.193871415821217,2529,0.9954599176125905,0
No preference update,No feedback,2001,2013-05-18,9,10441,2105,2042,2094,2081,2119,1,22.189889404565463,22.189889404565463,0,1,0
No preference update,ECF,2001,2013-05-18,9,10441,2105,2042,2094,2081,2119,1,22.189889404565463,22.17876887881774,22,0.9999991105711615,0
No preference update,Same update without qualification,2001,2013-05-18,9,10441,2105,2042,2094,2081,2119,1,22.189889404565463,20.93128439028863,2956,0.9985899069446299,0
No preference update,No feedback,2001,2013-05-19,9,10454,2127,2063,2127,2048,2089,1,21.79658910947327,21.79658910947327,0,1,0
No preference update,ECF,2001,2013-05-19,9,10454,2127,2063,2127,2048,2089,1,21.79658910947327,21.78019394950156,23,0.9999999492423194,0
No preference update,Same update without qualification,2001,2013-05-19,9,10454,2127,2063,2127,2048,2089,1,21.79658910947327,20.551399838407583,2902,0.9980880369505792,0
No preference update,No feedback,2001,2013-05-20,9,10452,2081,2118,2084,2057,2112,1,22.01777806588555,22.01777806588555,0,1,0
No preference update,ECF,2001,2013-05-20,9,10452,2081,2118,2084,2057,2112,1,22.01777806588555,21.84501255294059,1201,0.9999868189442073,0
No preference update,Same update without qualification,2001,2013-05-20,9,10452,2081,2118,2084,2057,2112,1,22.01777806588555,20.73072033083016,2910,0.996079847540572,0
No preference update,No feedback,2001,2013-05-21,9,10438,2056,2103,2177,2122,1980,1,21.364661481964458,21.364661481964458,0,1,0
No preference update,ECF,2001,2013-05-21,9,10438,2056,2103,2177,2122,1980,1,21.364661481964458,21.311917603065787,63,0.9999828810587984,0
No preference update,Same update without qualification,2001,2013-05-21,9,10438,2056,2103,2177,2122,1980,1,21.364661481964458,20.299224983940988,2566,0.9962950304019955,0
No preference update,No feedback,2001,2013-05-22,9,10452,2068,2120,2109,2131,2024,1,20.58380449192515,20.58380449192515,0,1,0
No preference update,ECF,2001,2013-05-22,9,10452,2068,2120,2109,2131,2024,1,20.58380449192515,19.304620718247357,1920,0.9999961595423372,0
No preference update,Same update without qualification,2001,2013-05-22,9,10452,2068,2120,2109,2131,2024,1,20.58380449192515,14.662566102562877,6337,0.9964861282938743,0
No preference update,No feedback,2001,2013-05-23,9,10430,2096,2098,2065,2101,2070,1,14.61535085327792,14.61535085327792,0,1,0
No preference update,ECF,2001,2013-05-23,9,10430,2096,2098,2065,2101,2070,1,14.61535085327792,14.255767129097567,659,0.9999885714782547,0
No preference update,Same update without qualification,2001,2013-05-23,9,10430,2096,2098,2065,2101,2070,1,14.61535085327792,10.040121296087893,5251,0.999058181112554,0
No preference update,No feedback,2001,2013-05-24,9,10445,2055,2085,2117,2148,2040,1,13.94622263124865,13.94622263124865,0,1,0
No preference update,ECF,2001,2013-05-24,9,10445,2055,2085,2117,2148,2040,1,13.94622263124865,13.916420648126685,75,0.9999856464325124,0
No preference update,Same update without qualification,2001,2013-05-24,9,10445,2055,2085,2117,2148,2040,1,13.94622263124865,12.823221752655781,1976,0.99762049072249,0
No preference update,No feedback,2001,2013-05-25,9,10457,2032,2092,2223,2044,2066,1,17.9682467125074,17.9682467125074,0,1,0
No preference update,ECF,2001,2013-05-25,9,10457,2032,2092,2223,2044,2066,1,17.9682467125074,17.844479789897363,491,0.9999859626264217,0
No preference update,Same update without qualification,2001,2013-05-25,9,10457,2032,2092,2223,2044,2066,1,17.9682467125074,16.575696438336486,2223,0.9980558256760648,0
No preference update,No feedback,2001,2013-05-26,9,10444,2160,2068,2049,2085,2082,1,20.49584492340555,20.49584492340555,0,1,0
No preference update,ECF,2001,2013-05-26,9,10444,2160,2068,2049,2085,2082,1,20.49584492340555,20.283755387557296,1014,0.9999862226426453,0
No preference update,Same update without qualification,2001,2013-05-26,9,10444,2160,2068,2049,2085,2082,1,20.49584492340555,19.281730132473783,2732,0.996624490209595,0
No preference update,No feedback,2001,2013-05-27,9,10454,2044,2087,2102,2087,2134,1,21.684652176053646,21.684652176053646,0,1,0
No preference update,ECF,2001,2013-05-27,9,10454,2044,2087,2102,2087,2134,1,21.684652176053646,19.6000749244498,2460,0.9999798784060012,0
No preference update,Same update without qualification,2001,2013-05-27,9,10454,2044,2087,2102,2087,2134,1,21.684652176053646,16.687192797866672,4263,0.9970289862187011,0
No preference update,No feedback,2001,2013-05-28,9,10448,2157,2149,2058,2027,2057,1,16.916775014823546,16.916775014823546,0,1,0
No preference update,ECF,2001,2013-05-28,9,10448,2157,2149,2058,2027,2057,1,16.916775014823546,16.85028205621488,539,0.9999848899344094,0
No preference update,Same update without qualification,2001,2013-05-28,9,10448,2157,2149,2058,2027,2057,1,16.916775014823546,14.609255689582955,3481,0.9939187616285973,0
No preference update,No feedback,2001,2013-05-29,9,10440,2141,2074,2054,2090,2081,1,16.93393080746096,16.93393080746096,0,1,0
No preference update,ECF,2001,2013-05-29,9,10440,2141,2074,2054,2090,2081,1,16.93393080746096,16.648980597434047,712,0.9999989723301386,0
No preference update,Same update without qualification,2001,2013-05-29,9,10440,2141,2074,2054,2090,2081,1,16.93393080746096,15.406322601993192,2216,0.9966384351417917,0
No preference update,No feedback,2001,2013-05-30,9,10453,2206,2021,2058,2064,2104,1,19.82098654841642,19.82098654841642,0,1,0
No preference update,ECF,2001,2013-05-30,9,10453,2206,2021,2058,2064,2104,1,19.82098654841642,19.72549807815065,902,0.9999852838990906,0
No preference update,Same update without qualification,2001,2013-05-30,9,10453,2206,2021,2058,2064,2104,1,19.82098654841642,18.74423598466905,2458,0.9970567640491457,0
No preference update,No feedback,2001,2013-05-31,9,10450,2134,2066,2052,2130,2068,1,20.717556327160906,20.717556327160906,0,1,0
No preference update,ECF,2001,2013-05-31,9,10450,2134,2066,2052,2130,2068,1,20.717556327160906,20.60778226477838,1064,0.9999861623348912,0
No preference update,Same update without qualification,2001,2013-05-31,9,10450,2134,2066,2052,2130,2068,1,20.717556327160906,19.37006309272504,2928,0.9975768560562857,0
No preference update,No feedback,2001,2013-06-01,9,10450,2122,2085,2115,2065,2063,1,21.052070880038997,21.052070880038997,0,1,0
No preference update,ECF,2001,2013-06-01,9,10450,2122,2085,2115,2065,2063,1,21.052070880038997,20.374658675408448,1560,0.999998200768875,0
No preference update,Same update without qualification,2001,2013-06-01,9,10450,2122,2085,2115,2065,2063,1,21.052070880038997,17.098446923007593,5587,0.9972094036785999,0
No preference update,No feedback,2001,2013-06-02,9,10437,2229,2107,2068,2018,2015,1,15.930690885277631,15.930690885277631,0,1,0
No preference update,ECF,2001,2013-06-02,9,10437,2229,2107,2068,2018,2015,1,15.930690885277631,13.122901733267144,2253,0.9999831844326026,0
No preference update,Same update without qualification,2001,2013-06-02,9,10437,2229,2107,2068,2018,2015,1,15.930690885277631,6.063033991515669,5992,0.9987775298869884,0
No preference update,No feedback,2001,2013-06-03,9,10447,2060,2048,2145,2031,2163,1,12.474135492777503,12.474135492777503,0,1,0
No preference update,ECF,2001,2013-06-03,9,10447,2060,2048,2145,2031,2163,1,12.474135492777503,12.381166966647726,117,0.9999854801770386,0
No preference update,Same update without qualification,2001,2013-06-03,9,10447,2060,2048,2145,2031,2163,1,12.474135492777503,11.59726083764619,1592,0.9971263716576265,0
No preference update,No feedback,2001,2013-06-04,9,10444,1994,2095,2114,2149,2092,1,20.169257118535796,20.169257118535796,0,1,0
No preference update,ECF,2001,2013-06-04,9,10444,1994,2095,2114,2149,2092,1,20.169257118535796,19.74847023582337,1431,0.9999860241166352,0
No preference update,Same update without qualification,2001,2013-06-04,9,10444,1994,2095,2114,2149,2092,1,20.169257118535796,18.70127327186772,2807,0.9957780948674876,0
No preference update,No feedback,2001,2013-06-05,9,10448,2075,2109,2028,2123,2113,1,20.255284107290247,20.255284107290247,0,1,0
No preference update,ECF,2001,2013-06-05,9,10448,2075,2109,2028,2123,2113,1,20.255284107290247,19.48205031491245,1577,0.9999846581683031,0
No preference update,Same update without qualification,2001,2013-06-05,9,10448,2075,2109,2028,2123,2113,1,20.255284107290247,17.761680041828832,3292,0.9989748088206836,0
No preference update,No feedback,2001,2013-06-06,9,10455,2050,2069,2078,2105,2153,1,17.730038278244095,17.730038278244095,0,1,0
No preference update,ECF,2001,2013-06-06,9,10455,2050,2069,2078,2105,2153,1,17.730038278244095,17.656867684720407,615,0.9999961147228189,0
No preference update,Same update without qualification,2001,2013-06-06,9,10455,2050,2069,2078,2105,2153,1,17.730038278244095,14.787651644835844,4832,0.9988752111391435,0
No preference update,No feedback,2001,2013-06-07,9,10457,2093,2092,2069,2037,2166,1,15.517766304475558,15.517766304475558,0,1,0
No preference update,ECF,2001,2013-06-07,9,10457,2093,2092,2069,2037,2166,1,15.517766304475558,15.512132246907516,10,0.9999840598431324,0
No preference update,Same update without qualification,2001,2013-06-07,9,10457,2093,2092,2069,2037,2166,1,15.517766304475558,12.013502843391787,3271,0.9968292938590112,0
No preference update,No feedback,2001,2013-06-08,9,10447,2165,2120,2009,2077,2076,1,15.128014322383205,15.128014322383205,0,1,0
No preference update,ECF,2001,2013-06-08,9,10447,2165,2120,2009,2077,2076,1,15.128014322383205,15.123261514753615,142,0.9999999997932436,0
No preference update,Same update without qualification,2001,2013-06-08,9,10447,2165,2120,2009,2077,2076,1,15.128014322383205,13.034442909210377,3641,0.9963052547261965,0
No preference update,No feedback,2001,2013-06-09,9,10452,2065,2092,2068,2142,2085,1,16.00251583499491,16.00251583499491,0,1,0
No preference update,ECF,2001,2013-06-09,9,10452,2065,2092,2068,2142,2085,1,16.00251583499491,15.949396641792141,217,0.9999999997157194,0
No preference update,Same update without qualification,2001,2013-06-09,9,10452,2065,2092,2068,2142,2085,1,16.00251583499491,14.934754265898803,1987,0.9982277053282359,0
No preference update,No feedback,2001,2013-06-10,9,10464,2123,2084,1992,2130,2135,1,19.319465492759285,19.319465492759285,0,1,0
No preference update,ECF,2001,2013-06-10,9,10464,2123,2084,1992,2130,2135,1,19.319465492759285,18.991402113695536,1000,0.9999904849004255,0
No preference update,Same update without qualification,2001,2013-06-10,9,10464,2123,2084,1992,2130,2135,1,19.319465492759285,16.260807008382532,4965,0.9912719108836148,0
No preference update,No feedback,2001,2013-06-11,9,10448,2082,2076,2058,2105,2127,1,17.64135753949938,17.64135753949938,0,1,0
No preference update,ECF,2001,2013-06-11,9,10448,2082,2076,2058,2105,2127,1,17.64135753949938,17.559181760031308,186,0.9999865486992988,0
No preference update,Same update without qualification,2001,2013-06-11,9,10448,2082,2076,2058,2105,2127,1,17.64135753949938,16.18701783119625,2436,0.9960751510307145,0
No preference update,No feedback,2001,2013-06-12,9,10445,2015,2091,2104,2096,2139,1,20.632669208611524,20.632669208611524,0,1,0
No preference update,ECF,2001,2013-06-12,9,10445,2015,2091,2104,2096,2139,1,20.632669208611524,16.840781981287805,2879,0.9999854685966043,0
No preference update,Same update without qualification,2001,2013-06-12,9,10445,2015,2091,2104,2096,2139,1,20.632669208611524,9.540549530257703,5980,0.9966798403145746,0
No preference update,No feedback,2001,2013-06-13,9,10453,2135,2081,2103,2104,2030,1,13.479124444831822,13.479124444831822,0,1,0
No preference update,ECF,2001,2013-06-13,9,10453,2135,2081,2103,2104,2030,1,13.479124444831822,13.272878562603712,229,0.9999829326392189,0
No preference update,Same update without qualification,2001,2013-06-13,9,10453,2135,2081,2103,2104,2030,1,13.479124444831822,12.213998071508541,1917,0.9964929078060745,0
No preference update,No feedback,2001,2013-06-14,9,10455,2102,1985,2121,2105,2142,1,20.04312276460209,20.04312276460209,0,1,0
No preference update,ECF,2001,2013-06-14,9,10455,2102,1985,2121,2105,2142,1,20.04312276460209,19.942217597412274,1028,0.9999950170123727,0
No preference update,Same update without qualification,2001,2013-06-14,9,10455,2102,1985,2121,2105,2142,1,20.04312276460209,18.50374379336279,3138,0.9957624510348311,0
No preference update,No feedback,2001,2013-06-15,9,10452,2058,2112,2039,2101,2142,1,20.211213634585235,20.211213634585235,0,1,0
No preference update,ECF,2001,2013-06-15,9,10452,2058,2112,2039,2101,2142,1,20.211213634585235,19.124433695204196,2168,0.9999869704977145,0
No preference update,Same update without qualification,2001,2013-06-15,9,10452,2058,2112,2039,2101,2142,1,20.211213634585235,17.264432076906143,4732,0.9980979767985073,0
No preference update,No feedback,2001,2013-06-16,9,10439,2082,2014,2159,2060,2124,1,17.973582593209244,17.973582593209244,0,1,0
No preference update,ECF,2001,2013-06-16,9,10439,2082,2014,2159,2060,2124,1,17.973582593209244,17.8606706411274,748,0.9999806729372812,0
No preference update,Same update without qualification,2001,2013-06-16,9,10439,2082,2014,2159,2060,2124,1,17.973582593209244,16.564823683880807,2806,0.9966602724532159,0
No preference update,No feedback,2001,2013-06-17,9,10442,2124,2024,2088,2113,2093,1,19.975660869010586,19.975660869010586,0,1,0
No preference update,ECF,2001,2013-06-17,9,10442,2124,2024,2088,2113,2093,1,19.975660869010586,19.689207037698456,1191,0.9999796333809087,0
No preference update,Same update without qualification,2001,2013-06-17,9,10442,2124,2024,2088,2113,2093,1,19.975660869010586,18.378189699012122,3072,0.9967732627893543,0
No preference update,No feedback,2001,2013-06-18,9,10453,2118,2092,2038,2125,2080,1,17.846484447028033,17.846484447028033,0,1,0
No preference update,ECF,2001,2013-06-18,9,10453,2118,2092,2038,2125,2080,1,17.846484447028033,17.755381534815776,527,0.9999999351726697,0
No preference update,Same update without qualification,2001,2013-06-18,9,10453,2118,2092,2038,2125,2080,1,17.846484447028033,16.36090731850586,2523,0.9965999818155848,0
No preference update,No feedback,2001,2013-06-19,9,10452,2046,2097,2162,2078,2069,1,20.624220685193677,20.624220685193677,0,1,0
No preference update,ECF,2001,2013-06-19,9,10452,2046,2097,2162,2078,2069,1,20.624220685193677,19.51813366761627,1895,0.9999845006510878,0
No preference update,Same update without qualification,2001,2013-06-19,9,10452,2046,2097,2162,2078,2069,1,20.624220685193677,17.465657614116235,3827,0.9953197814379695,0
No preference update,No feedback,2001,2013-06-23,10,10442,2082,2091,2046,2106,2117,1,17.079593470361168,17.079593470361168,0,1,0
No preference update,ECF,2001,2013-06-23,10,10442,2082,2091,2046,2106,2117,1,17.079593470361168,15.951377664841376,1567,0.9999946609131134,0
No preference update,Same update without qualification,2001,2013-06-23,10,10442,2082,2091,2046,2106,2117,1,17.079593470361168,11.569884315330485,5961,0.9978947683063047,0
No preference update,No feedback,2001,2013-06-24,10,10453,2140,2152,2063,2052,2046,1,14.379118518102755,14.379118518102755,0,1,0
No preference update,ECF,2001,2013-06-24,10,10453,2140,2152,2063,2052,2046,1,14.379118518102755,14.14302234065632,457,0.9999920928558904,0
No preference update,Same update without qualification,2001,2013-06-24,10,10453,2140,2152,2063,2052,2046,1,14.379118518102755,12.14053243171773,3077,0.9975196859072711,0
No preference update,No feedback,2001,2013-06-25,10,10440,2071,2056,2070,2116,2127,1,17.01770567883198,17.01770567883198,0,1,0
No preference update,ECF,2001,2013-06-25,10,10440,2071,2056,2070,2116,2127,1,17.01770567883198,16.91909767081891,511,0.9999858138095945,0
No preference update,Same update without qualification,2001,2013-06-25,10,10440,2071,2056,2070,2116,2127,1,17.01770567883198,13.766033841464782,3926,0.9990681435869313,0
No preference update,No feedback,2001,2013-06-26,10,10446,2070,2103,2060,2072,2141,1,15.858222996768994,15.858222996768994,0,1,0
No preference update,ECF,2001,2013-06-26,10,10446,2070,2103,2060,2072,2141,1,15.858222996768994,15.431447753626257,840,0.9999781332228459,0
No preference update,Same update without qualification,2001,2013-06-26,10,10446,2070,2103,2060,2072,2141,1,15.858222996768994,13.89364355274737,2683,0.9972711129174827,0
No preference update,No feedback,2001,2013-06-27,10,10447,2120,2081,2017,2148,2081,1,16.638273701851553,16.638273701851553,0,1,0
No preference update,ECF,2001,2013-06-27,10,10447,2120,2081,2017,2148,2081,1,16.638273701851553,16.300921141170246,730,0.9999899119285708,0
No preference update,Same update without qualification,2001,2013-06-27,10,10447,2120,2081,2017,2148,2081,1,16.638273701851553,12.733217028024612,4684,0.9960470890846371,0
No preference update,No feedback,2002,2013-01-02,1,10693,2166,2166,2127,2102,2132,1,27.999923815712272,27.999923815712272,0,1,0
No preference update,ECF,2002,2013-01-02,1,10693,2166,2166,2127,2102,2132,1,27.999923815712272,27.652327392596696,1662,0.9992940652219694,0
No preference update,Same update without qualification,2002,2013-01-02,1,10693,2166,2166,2127,2102,2132,1,27.999923815712272,26.508245383767864,2926,0.9973435567824902,0
No preference update,No feedback,2002,2013-01-03,1,10532,2089,2150,2144,2096,2053,1,22.660043700415414,22.660043700415414,0,1,0
No preference update,ECF,2002,2013-01-03,1,10532,2089,2150,2144,2096,2053,1,22.660043700415414,22.58176650692195,551,0.9999980284194663,0
No preference update,Same update without qualification,2002,2013-01-03,1,10532,2089,2150,2144,2096,2053,1,22.660043700415414,21.881193339334395,1435,0.9980455254171913,0
No preference update,No feedback,2002,2013-01-04,1,10677,2071,2111,2171,2171,2153,1,27.21696401049077,27.21696401049077,0,1,0
No preference update,ECF,2002,2013-01-04,1,10677,2071,2111,2171,2171,2153,1,27.21696401049077,27.013838892576672,1211,0.9999854266219309,0
No preference update,Same update without qualification,2002,2013-01-04,1,10677,2071,2111,2171,2171,2153,1,27.21696401049077,26.64264489819257,1756,0.9988444888632175,0
No preference update,No feedback,2002,2013-01-05,1,10664,2159,2048,2123,2171,2163,1,29.14457414513891,29.14457414513891,0,1,0
No preference update,ECF,2002,2013-01-05,1,10664,2159,2048,2123,2171,2163,1,29.14457414513891,29.050975378971387,1152,0.9997103434900266,0
No preference update,Same update without qualification,2002,2013-01-05,1,10664,2159,2048,2123,2171,2163,1,29.14457414513891,28.465353716577415,2513,0.9979758939336112,0
No preference update,No feedback,2002,2013-01-06,1,10625,2088,2153,2136,2149,2099,1,28.97442677296842,28.97442677296842,0,1,0
No preference update,ECF,2002,2013-01-06,1,10625,2088,2153,2136,2149,2099,1,28.97442677296842,28.781006584714678,1302,0.9999102567882595,0
No preference update,Same update without qualification,2002,2013-01-06,1,10625,2088,2153,2136,2149,2099,1,28.97442677296842,28.305745807166332,2361,0.9991388426213316,0
No preference update,No feedback,2002,2013-01-07,1,10604,2123,2211,2046,2096,2128,1,28.745148370368874,28.745148370368874,0,1,0
No preference update,ECF,2002,2013-01-07,1,10604,2123,2211,2046,2096,2128,1,28.745148370368874,28.354635467507997,1551,0.9999851218912938,0
No preference update,Same update without qualification,2002,2013-01-07,1,10604,2123,2211,2046,2096,2128,1,28.745148370368874,27.565540057329123,2501,0.9982940513133662,0
No preference update,No feedback,2002,2013-01-08,1,10640,2141,2134,2136,2114,2115,1,27.311232698862895,27.311232698862895,0,1,0
No preference update,ECF,2002,2013-01-08,1,10640,2141,2134,2136,2114,2115,1,27.311232698862895,27.113610883657312,1286,0.999639985669022,0
No preference update,Same update without qualification,2002,2013-01-08,1,10640,2141,2134,2136,2114,2115,1,27.311232698862895,26.58895952253357,2028,0.997909970680168,0
No preference update,No feedback,2002,2013-01-12,2,10600,2161,2158,2087,2054,2140,1,27.978441840524034,27.978441840524034,0,1,0
No preference update,ECF,2002,2013-01-12,2,10600,2161,2158,2087,2054,2140,1,27.978441840524034,27.28502783498204,1238,0.9999201332719911,0
No preference update,Same update without qualification,2002,2013-01-12,2,10600,2161,2158,2087,2054,2140,1,27.978441840524034,25.371748932043765,3342,0.9989466759268983,0
No preference update,No feedback,2002,2013-01-13,2,10792,2168,2132,2219,2149,2124,1,21.267040277653358,21.267040277653358,0,1,0
No preference update,ECF,2002,2013-01-13,2,10792,2168,2132,2219,2149,2124,1,21.267040277653358,20.555906485958342,1134,0.9997887100753577,0
No preference update,Same update without qualification,2002,2013-01-13,2,10792,2168,2132,2219,2149,2124,1,21.267040277653358,18.21010166343215,3540,0.996884712320709,0
No preference update,No feedback,2002,2013-01-14,2,10449,2111,2154,2068,2107,2009,1,17.81960583025947,17.81960583025947,0,1,0
No preference update,ECF,2002,2013-01-14,2,10449,2111,2154,2068,2107,2009,1,17.81960583025947,17.53494908164508,608,0.9999950722665171,0
No preference update,Same update without qualification,2002,2013-01-14,2,10449,2111,2154,2068,2107,2009,1,17.81960583025947,16.46047833165468,1652,0.9990439682434986,0
No preference update,No feedback,2002,2013-01-15,2,10741,2139,2108,2175,2113,2206,1,26.275386782704317,26.275386782704317,0,1,0
No preference update,ECF,2002,2013-01-15,2,10741,2139,2108,2175,2113,2206,1,26.275386782704317,26.131302919879985,635,0.9993682967296396,0
No preference update,Same update without qualification,2002,2013-01-15,2,10741,2139,2108,2175,2113,2206,1,26.275386782704317,25.594200014714815,1943,0.997707874687568,0
No preference update,No feedback,2002,2013-01-16,2,10684,2086,2077,2196,2228,2097,1,27.439766909714415,27.439766909714415,0,1,0
No preference update,ECF,2002,2013-01-16,2,10684,2086,2077,2196,2228,2097,1,27.439766909714415,27.37094999522347,869,0.999857278464438,0
No preference update,Same update without qualification,2002,2013-01-16,2,10684,2086,2077,2196,2228,2097,1,27.439766909714415,26.809706982136404,1964,0.9975868177220837,0
No preference update,No feedback,2002,2013-01-17,2,10793,2230,2176,2139,2107,2141,1,27.965463086978637,27.965463086978637,0,1,0
No preference update,ECF,2002,2013-01-17,2,10793,2230,2176,2139,2107,2141,1,27.965463086978637,27.570170841010807,1528,0.9999997748593554,0
No preference update,Same update without qualification,2002,2013-01-17,2,10793,2230,2176,2139,2107,2141,1,27.965463086978637,27.03180104681565,2435,0.9952123619812087,0
No preference update,No feedback,2002,2013-01-18,2,10648,2116,2082,2106,2158,2186,1,28.02206051098068,28.02206051098068,0,1,0
No preference update,ECF,2002,2013-01-18,2,10648,2116,2082,2106,2158,2186,1,28.02206051098068,27.744509208000675,1108,0.9994369666643687,0
No preference update,Same update without qualification,2002,2013-01-18,2,10648,2116,2082,2106,2158,2186,1,28.02206051098068,26.71330238767107,3005,0.9967862684929703,0
No preference update,No feedback,2002,2013-01-19,2,10471,2116,2120,2033,2067,2135,1,25.221120761320464,25.221120761320464,0,1,0
No preference update,ECF,2002,2013-01-19,2,10471,2116,2120,2033,2067,2135,1,25.221120761320464,23.878374616428573,2434,0.9996244336898484,0
No preference update,Same update without qualification,2002,2013-01-19,2,10471,2116,2120,2033,2067,2135,1,25.221120761320464,22.61305749390972,3362,0.9984637210147342,0
No preference update,No feedback,2002,2013-01-20,2,10459,2154,2099,2101,2060,2045,1,19.03357596800381,19.03357596800381,0,1,0
No preference update,ECF,2002,2013-01-20,2,10459,2154,2099,2101,2060,2045,1,19.03357596800381,18.347184980245654,1196,0.9998934946057154,0
No preference update,Same update without qualification,2002,2013-01-20,2,10459,2154,2099,2101,2060,2045,1,19.03357596800381,14.80720842435166,3385,0.9990785677257281,0
No preference update,No feedback,2002,2013-01-21,2,10531,2092,2146,2048,2145,2100,1,15.819427832037208,15.819427832037208,0,1,0
No preference update,ECF,2002,2013-01-21,2,10531,2092,2146,2048,2145,2100,1,15.819427832037208,15.731249453363361,153,0.9999252477357513,0
No preference update,Same update without qualification,2002,2013-01-21,2,10531,2092,2146,2048,2145,2100,1,15.819427832037208,15.413073186892298,558,0.9965300820414817,0
No preference update,No feedback,2002,2013-01-22,2,10649,2094,2177,2092,2155,2131,1,25.099354079072256,25.099354079072256,0,1,0
No preference update,ECF,2002,2013-01-22,2,10649,2094,2177,2092,2155,2131,1,25.099354079072256,24.705540813590638,400,0.999591069851498,0
No preference update,Same update without qualification,2002,2013-01-22,2,10649,2094,2177,2092,2155,2131,1,25.099354079072256,23.310158001881838,2321,0.9983027476777453,0
No preference update,No feedback,2002,2013-01-23,2,10529,2105,2123,2107,2062,2132,1,23.704869535211632,23.704869535211632,0,1,0
No preference update,ECF,2002,2013-01-23,2,10529,2105,2123,2107,2062,2132,1,23.704869535211632,22.447931725808644,2436,0.9999323475529825,0
No preference update,Same update without qualification,2002,2013-01-23,2,10529,2105,2123,2107,2062,2132,1,23.704869535211632,20.868783628044923,3324,0.9972921148088101,0
No preference update,No feedback,2002,2013-01-24,2,10546,2144,2086,2109,2086,2121,1,19.259290560802626,19.259290560802626,0,1,0
No preference update,ECF,2002,2013-01-24,2,10546,2144,2086,2109,2086,2121,1,19.259290560802626,18.967960757902,529,0.9999984374244655,0
No preference update,Same update without qualification,2002,2013-01-24,2,10546,2144,2086,2109,2086,2121,1,19.259290560802626,18.35740563115781,1180,0.9982968410639954,0
No preference update,No feedback,2002,2013-01-25,2,10649,2152,2161,2153,2108,2075,1,26.254786332988353,26.254786332988353,0,1,0
No preference update,ECF,2002,2013-01-25,2,10649,2152,2161,2153,2108,2075,1,26.254786332988353,26.18279191390648,705,0.9999818158221518,0
No preference update,Same update without qualification,2002,2013-01-25,2,10649,2152,2161,2153,2108,2075,1,26.254786332988353,25.726984058592098,1861,0.9939288029186343,0
No preference update,No feedback,2002,2013-04-02,3,10450,2042,2132,2054,2151,2071,1,22.74862643293534,22.74862643293534,0,1,0
No preference update,ECF,2002,2013-04-02,3,10450,2042,2132,2054,2151,2071,1,22.74862643293534,22.671494130616445,928,0.999694761448647,0
No preference update,Same update without qualification,2002,2013-04-02,3,10450,2042,2132,2054,2151,2071,1,22.74862643293534,21.63797138849978,2158,0.9920064270596436,0
No preference update,No feedback,2002,2013-04-03,3,10434,2086,2057,2074,2082,2135,1,25.628894979388356,25.628894979388356,0,1,0
No preference update,ECF,2002,2013-04-03,3,10434,2086,2057,2074,2082,2135,1,25.628894979388356,20.72073050185678,3992,0.9998195615343394,0
No preference update,Same update without qualification,2002,2013-04-03,3,10434,2086,2057,2074,2082,2135,1,25.628894979388356,15.945463099247085,5933,0.9967135884358248,0
No preference update,No feedback,2002,2013-04-04,3,10445,2044,2041,2177,2115,2068,1,14.234978211356697,14.234978211356697,0,1,0
No preference update,ECF,2002,2013-04-04,3,10445,2044,2041,2177,2115,2068,1,14.234978211356697,13.816395834998282,595,0.99983532403773,0
No preference update,Same update without qualification,2002,2013-04-04,3,10445,2044,2041,2177,2115,2068,1,14.234978211356697,12.77680328439239,1737,0.9952885379755949,0
No preference update,No feedback,2002,2013-04-09,4,10439,2109,2160,2122,2004,2044,1,23.065994543907085,23.065994543907085,0,1,0
No preference update,ECF,2002,2013-04-09,4,10439,2109,2160,2122,2004,2044,1,23.065994543907085,22.080373037044623,1958,0.999908024430724,0
No preference update,Same update without qualification,2002,2013-04-09,4,10439,2109,2160,2122,2004,2044,1,23.065994543907085,20.317440246074266,3147,0.9968284702512872,0
No preference update,No feedback,2002,2013-04-10,4,10445,2073,2113,2081,2080,2098,1,19.439416410906595,19.439416410906595,0,1,0
No preference update,ECF,2002,2013-04-10,4,10445,2073,2113,2081,2080,2098,1,19.439416410906595,19.421686464831748,22,0.9999751893421824,0
No preference update,Same update without qualification,2002,2013-04-10,4,10445,2073,2113,2081,2080,2098,1,19.439416410906595,18.851061367658332,1240,0.9972520465527965,0
No preference update,No feedback,2002,2013-04-14,5,10441,2108,2033,2141,2104,2055,1,24.14332567802937,24.14332567802937,0,1,0
No preference update,ECF,2002,2013-04-14,5,10441,2108,2033,2141,2104,2055,1,24.14332567802937,23.893247985602805,1398,0.9999983830697791,0
No preference update,Same update without qualification,2002,2013-04-14,5,10441,2108,2033,2141,2104,2055,1,24.14332567802937,23.489680906262933,2146,0.9954579419800779,0
No preference update,No feedback,2002,2013-04-15,5,10442,2039,2094,2092,2064,2153,1,24.519004616179902,24.519004616179902,0,1,0
No preference update,ECF,2002,2013-04-15,5,10442,2039,2094,2092,2064,2153,1,24.519004616179902,23.944584765100387,1610,0.9999999938318088,0
No preference update,Same update without qualification,2002,2013-04-15,5,10442,2039,2094,2092,2064,2153,1,24.519004616179902,23.005468225705368,2624,0.996084379920737,0
No preference update,No feedback,2002,2013-04-22,6,10441,2098,2052,2124,2117,2050,1,22.902324346668166,22.902324346668166,0,1,0
No preference update,ECF,2002,2013-04-22,6,10441,2098,2052,2124,2117,2050,1,22.902324346668166,21.232057780302195,2407,0.9999723081084333,0
No preference update,Same update without qualification,2002,2013-04-22,6,10441,2098,2052,2124,2117,2050,1,22.902324346668166,19.898296283092005,3227,0.9978625686292263,0
No preference update,No feedback,2002,2013-04-28,7,10448,2040,2069,2080,2153,2106,1,23.652748018500382,23.652748018500382,0,1,0
No preference update,ECF,2002,2013-04-28,7,10448,2040,2069,2080,2153,2106,1,23.652748018500382,23.548444177070593,1266,0.9999993973846726,0
No preference update,Same update without qualification,2002,2013-04-28,7,10448,2040,2069,2080,2153,2106,1,23.652748018500382,22.892408340884515,2374,0.998127306125245,0
No preference update,No feedback,2002,2013-04-29,7,10446,2146,2101,2092,2046,2061,1,23.321750854897978,23.321750854897978,0,1,0
No preference update,ECF,2002,2013-04-29,7,10446,2146,2101,2092,2046,2061,1,23.321750854897978,23.218051821371006,1330,0.9999695211029681,0
No preference update,Same update without qualification,2002,2013-04-29,7,10446,2146,2101,2092,2046,2061,1,23.321750854897978,22.513999373478704,2467,0.994109314647206,0
No preference update,No feedback,2002,2013-04-30,7,10450,2030,2127,2128,2151,2014,1,23.130846229057163,23.130846229057163,0,1,0
No preference update,ECF,2002,2013-04-30,7,10450,2030,2127,2128,2151,2014,1,23.130846229057163,21.23545024578794,2567,0.9999700934011851,0
No preference update,Same update without qualification,2002,2013-04-30,7,10450,2030,2127,2128,2151,2014,1,23.130846229057163,20.447619088252658,3180,0.9946887790764731,0
No preference update,No feedback,2002,2013-05-01,7,10436,2143,2048,2087,2055,2103,1,19.256349606143807,19.256349606143807,0,1,0
No preference update,ECF,2002,2013-05-01,7,10436,2143,2048,2087,2055,2103,1,19.256349606143807,19.255983187404425,1,0.9999870891194925,0
No preference update,Same update without qualification,2002,2013-05-01,7,10436,2143,2048,2087,2055,2103,1,19.256349606143807,18.490717391488264,1941,0.9984763005858879,0
No preference update,No feedback,2002,2013-05-06,8,10445,2032,2144,2133,2072,2064,1,22.5334572582304,22.5334572582304,0,1,0
No preference update,ECF,2002,2013-05-06,8,10445,2032,2144,2133,2072,2064,1,22.5334572582304,22.51513907596697,58,0.9999693167002016,0
No preference update,Same update without qualification,2002,2013-05-06,8,10445,2032,2144,2133,2072,2064,1,22.5334572582304,21.68844383781336,2238,0.9950286065565696,0
No preference update,No feedback,2002,2013-05-07,8,10443,2032,2124,2162,2037,2088,1,22.1054283627151,22.1054283627151,0,1,0
No preference update,ECF,2002,2013-05-07,8,10443,2032,2124,2162,2037,2088,1,22.1054283627151,21.865171866047774,1131,0.9999833296280976,0
No preference update,Same update without qualification,2002,2013-05-07,8,10443,2032,2124,2162,2037,2088,1,22.1054283627151,20.47178865855615,2990,0.9986092330796809,0
No preference update,No feedback,2002,2013-05-08,8,10446,2053,2160,2078,2085,2070,1,19.430371623244973,19.430371623244973,0,1,0
No preference update,ECF,2002,2013-05-08,8,10446,2053,2160,2078,2085,2070,1,19.430371623244973,18.861853874963934,950,0.9999566766302833,0
No preference update,Same update without qualification,2002,2013-05-08,8,10446,2053,2160,2078,2085,2070,1,19.430371623244973,18.002625825803275,2001,0.9983172089504814,0
No preference update,No feedback,2002,2013-05-09,8,10451,2116,2078,2138,2054,2065,1,19.86840535139758,19.86840535139758,0,1,0
No preference update,ECF,2002,2013-05-09,8,10451,2116,2078,2138,2054,2065,1,19.86840535139758,19.796155054640238,230,0.9999540573850156,0
No preference update,Same update without qualification,2002,2013-05-09,8,10451,2116,2078,2138,2054,2065,1,19.86840535139758,18.97475783039254,1978,0.9966911809389707,0
No preference update,No feedback,2002,2013-05-10,8,10444,2080,2161,2066,2053,2084,1,22.787441881873825,22.787441881873825,0,1,0
No preference update,ECF,2002,2013-05-10,8,10444,2080,2161,2066,2053,2084,1,22.787441881873825,22.782966342997113,12,0.9999997956023521,0
No preference update,Same update without qualification,2002,2013-05-10,8,10444,2080,2161,2066,2053,2084,1,22.787441881873825,21.907140121696084,2557,0.9983288093289375,0
No preference update,No feedback,2002,2013-05-11,8,10449,2145,2100,2125,2065,2014,1,22.13094951794762,22.13094951794762,0,1,0
No preference update,ECF,2002,2013-05-11,8,10449,2145,2100,2125,2065,2014,1,22.13094951794762,20.691694088567957,2292,0.9999790008639954,0
No preference update,Same update without qualification,2002,2013-05-11,8,10449,2145,2100,2125,2065,2014,1,22.13094951794762,18.110234076680506,4234,0.9986219417299022,0
No preference update,No feedback,2002,2013-05-12,8,10441,2050,2061,2110,2075,2145,1,17.0275177953797,17.0275177953797,0,1,0
No preference update,ECF,2002,2013-05-12,8,10441,2050,2061,2110,2075,2145,1,17.0275177953797,16.60150991235091,700,0.999988001592669,0
No preference update,Same update without qualification,2002,2013-05-12,8,10441,2050,2061,2110,2075,2145,1,17.0275177953797,15.844507517391206,1837,0.9989080939314862,0
No preference update,No feedback,2002,2013-05-16,9,10456,2077,2056,2144,2124,2055,1,22.328360474959716,22.328360474959716,0,1,0
No preference update,ECF,2002,2013-05-16,9,10456,2077,2056,2144,2124,2055,1,22.328360474959716,22.32558424637996,12,0.9999567492492717,0
No preference update,Same update without qualification,2002,2013-05-16,9,10456,2077,2056,2144,2124,2055,1,22.328360474959716,20.779705094726907,3165,0.9977484582054973,0
No preference update,No feedback,2002,2013-05-17,9,10446,2106,2075,2103,2052,2110,1,20.274164804676737,20.274164804676737,0,1,0
No preference update,ECF,2002,2013-05-17,9,10446,2106,2075,2103,2052,2110,1,20.274164804676737,20.25951937512025,23,0.9999999509200843,0
No preference update,Same update without qualification,2002,2013-05-17,9,10446,2106,2075,2103,2052,2110,1,20.274164804676737,19.045331216667247,2621,0.995464183671695,0
No preference update,No feedback,2002,2013-05-18,9,10441,2098,2014,2096,2124,2109,1,22.303085990286135,22.303085990286135,0,1,0
No preference update,ECF,2002,2013-05-18,9,10441,2098,2014,2096,2124,2109,1,22.303085990286135,22.195620791806867,546,0.9999993060683082,0
No preference update,Same update without qualification,2002,2013-05-18,9,10441,2098,2014,2096,2124,2109,1,22.303085990286135,21.04181565705591,2898,0.9985935458660538,0
No preference update,No feedback,2002,2013-05-19,9,10454,2044,2039,2108,2095,2168,1,22.128521593578768,22.128521593578768,0,1,0
No preference update,ECF,2002,2013-05-19,9,10454,2044,2039,2108,2095,2168,1,22.128521593578768,21.987695813181652,1366,0.9999872938912348,0
No preference update,Same update without qualification,2002,2013-05-19,9,10454,2044,2039,2108,2095,2168,1,22.128521593578768,20.89580000539953,2977,0.9980871762126808,0
No preference update,No feedback,2002,2013-05-20,9,10452,2156,2060,2080,2073,2083,1,21.92859147975087,21.92859147975087,0,1,0
No preference update,ECF,2002,2013-05-20,9,10452,2156,2060,2080,2073,2083,1,21.92859147975087,21.83318332370446,1270,0.9999866315908179,0
No preference update,Same update without qualification,2002,2013-05-20,9,10452,2156,2060,2080,2073,2083,1,21.92859147975087,20.748884645705388,2722,0.9960768035122212,0
No preference update,No feedback,2002,2013-05-21,9,10438,2137,2077,2094,2054,2076,1,21.294524393183668,21.294524393183668,0,1,0
No preference update,ECF,2002,2013-05-21,9,10438,2137,2077,2094,2054,2076,1,21.294524393183668,21.19561015714579,1069,0.9999829512370534,0
No preference update,Same update without qualification,2002,2013-05-21,9,10438,2137,2077,2094,2054,2076,1,21.294524393183668,20.071316126997157,2697,0.996301981692534,0
No preference update,No feedback,2002,2013-05-22,9,10452,2112,2119,2106,2052,2063,1,20.5081015564227,20.5081015564227,0,1,0
No preference update,ECF,2002,2013-05-22,9,10452,2112,2119,2106,2052,2063,1,20.5081015564227,18.918149821437645,2077,0.9999992899920634,0
No preference update,Same update without qualification,2002,2013-05-22,9,10452,2112,2119,2106,2052,2063,1,20.5081015564227,14.497667947601368,6351,0.9964780724826381,0
No preference update,No feedback,2002,2013-05-23,9,10430,2060,2038,2117,2114,2101,1,14.698885252033214,14.698885252033214,0,1,0
No preference update,ECF,2002,2013-05-23,9,10430,2060,2038,2117,2114,2101,1,14.698885252033214,11.983154349140776,2855,0.9999723246162889,0
No preference update,Same update without qualification,2002,2013-05-23,9,10430,2060,2038,2117,2114,2101,1,14.698885252033214,10.01451567538139,5247,0.9990654439336191,0
No preference update,No feedback,2002,2013-05-24,9,10445,2098,2105,1995,2115,2132,1,13.941609721904848,13.941609721904848,0,1,0
No preference update,ECF,2002,2013-05-24,9,10445,2098,2105,1995,2115,2132,1,13.941609721904848,13.91215357275022,60,0.99998584176828,0
No preference update,Same update without qualification,2002,2013-05-24,9,10445,2098,2105,1995,2115,2132,1,13.941609721904848,12.816988828242888,1774,0.9976238254740096,0
No preference update,No feedback,2002,2013-05-25,9,10457,2029,2074,2074,2129,2151,1,18.13722643759326,18.13722643759326,0,1,0
No preference update,ECF,2002,2013-05-25,9,10457,2029,2074,2074,2129,2151,1,18.13722643759326,17.865549026366594,661,0.9999860148163595,0
No preference update,Same update without qualification,2002,2013-05-25,9,10457,2029,2074,2074,2129,2151,1,18.13722643759326,16.691853254506597,2294,0.9980527099447849,0
No preference update,No feedback,2002,2013-05-26,9,10444,2121,2028,2032,2088,2175,1,20.66277218997491,20.66277218997491,0,1,0
No preference update,ECF,2002,2013-05-26,9,10444,2121,2028,2032,2088,2175,1,20.66277218997491,20.546600361090373,851,0.9999858395805897,0
No preference update,Same update without qualification,2002,2013-05-26,9,10444,2121,2028,2032,2088,2175,1,20.66277218997491,19.491251099711302,2712,0.9966034904121354,0
No preference update,No feedback,2002,2013-05-27,9,10454,2130,2022,2122,2115,2065,1,21.587068301075785,21.587068301075785,0,1,0
No preference update,ECF,2002,2013-05-27,9,10454,2130,2022,2122,2115,2065,1,21.587068301075785,19.124328177446873,2570,0.9999807664249019,0
No preference update,Same update without qualification,2002,2013-05-27,9,10454,2130,2022,2122,2115,2065,1,21.587068301075785,16.675370047669006,4123,0.9970304338279339,0
No preference update,No feedback,2002,2013-05-28,9,10448,2118,2049,2063,2129,2089,1,16.93773989317952,16.93773989317952,0,1,0
No preference update,ECF,2002,2013-05-28,9,10448,2118,2049,2063,2129,2089,1,16.93773989317952,16.671268751653212,697,0.9999848550826154,0
No preference update,Same update without qualification,2002,2013-05-28,9,10448,2118,2049,2063,2129,2089,1,16.93773989317952,14.801771351434162,3293,0.9939097117329725,0
No preference update,No feedback,2002,2013-05-29,9,10440,2087,2070,2108,2098,2077,1,16.99085357130981,16.99085357130981,0,1,0
No preference update,ECF,2002,2013-05-29,9,10440,2087,2070,2108,2098,2077,1,16.99085357130981,16.921767658759748,390,0.9999838210688,0
No preference update,Same update without qualification,2002,2013-05-29,9,10440,2087,2070,2108,2098,2077,1,16.99085357130981,15.559576708343322,2220,0.9966591656881291,0
No preference update,No feedback,2002,2013-05-30,9,10453,2125,2125,2030,2052,2121,1,19.99816793049912,19.99816793049912,0,1,0
No preference update,ECF,2002,2013-05-30,9,10453,2125,2125,2030,2052,2121,1,19.99816793049912,19.91694418823963,987,0.9999851406277052,0
No preference update,Same update without qualification,2002,2013-05-30,9,10453,2125,2125,2030,2052,2121,1,19.99816793049912,18.863884731261045,2655,0.9970254173536254,0
No preference update,No feedback,2002,2013-05-31,9,10450,2129,2096,2047,2078,2100,1,20.55092019811178,20.55092019811178,0,1,0
No preference update,ECF,2002,2013-05-31,9,10450,2129,2096,2047,2078,2100,1,20.55092019811178,20.369125093044403,1127,0.9999813332699415,0
No preference update,Same update without qualification,2002,2013-05-31,9,10450,2129,2096,2047,2078,2100,1,20.55092019811178,19.1890705879809,2939,0.997574727116172,0
No preference update,No feedback,2002,2013-06-01,9,10450,2101,2105,2089,2073,2082,1,21.109692040917892,21.109692040917892,0,1,0
No preference update,ECF,2002,2013-06-01,9,10450,2101,2105,2089,2073,2082,1,21.109692040917892,20.338314457390187,1714,0.9999981296666328,0
No preference update,Same update without qualification,2002,2013-06-01,9,10450,2101,2105,2089,2073,2082,1,21.109692040917892,16.90961630213512,5753,0.9972197611722866,0
No preference update,No feedback,2002,2013-06-02,9,10437,2115,2059,2114,2085,2064,1,15.95042775131272,15.95042775131272,0,1,0
No preference update,ECF,2002,2013-06-02,9,10437,2115,2059,2114,2085,2064,1,15.95042775131272,13.906403997677648,1845,0.9999839505332228,0
No preference update,Same update without qualification,2002,2013-06-02,9,10437,2115,2059,2114,2085,2064,1,15.95042775131272,5.778181022352479,6008,0.9984721435633392,0
No preference update,No feedback,2002,2013-06-03,9,10447,2115,2105,2099,2116,2012,1,12.389548718200016,12.389548718200016,0,1,0
No preference update,ECF,2002,2013-06-03,9,10447,2115,2105,2099,2116,2012,1,12.389548718200016,12.352289739888015,87,0.9999861728554901,0
No preference update,Same update without qualification,2002,2013-06-03,9,10447,2115,2105,2099,2116,2012,1,12.389548718200016,11.523911030774855,1546,0.9971263201752678,0
No preference update,No feedback,2002,2013-06-04,9,10444,2071,2101,2129,2111,2032,1,20.03941942567547,20.03941942567547,0,1,0
No preference update,ECF,2002,2013-06-04,9,10444,2071,2101,2129,2111,2032,1,20.03941942567547,19.883892809386275,1092,0.9999856002143481,0
No preference update,Same update without qualification,2002,2013-06-04,9,10444,2071,2101,2129,2111,2032,1,20.03941942567547,18.66041079327335,2802,0.9957839305594076,0
No preference update,No feedback,2002,2013-06-05,9,10448,2134,2056,2159,2018,2081,1,20.005807506133714,20.005807506133714,0,1,0
No preference update,ECF,2002,2013-06-05,9,10448,2134,2056,2159,2018,2081,1,20.005807506133714,18.563790283294896,2027,0.9999999927329557,0
No preference update,Same update without qualification,2002,2013-06-05,9,10448,2134,2056,2159,2018,2081,1,20.005807506133714,17.387341476354514,3445,0.9989797265923822,0
No preference update,No feedback,2002,2013-06-06,9,10455,2098,2115,2062,2048,2132,1,17.58614679039059,17.58614679039059,0,1,0
No preference update,ECF,2002,2013-06-06,9,10455,2098,2115,2062,2048,2132,1,17.58614679039059,17.251754662549757,952,0.9999960965992394,0
No preference update,Same update without qualification,2002,2013-06-06,9,10455,2098,2115,2062,2048,2132,1,17.58614679039059,14.971373424324142,4519,0.9988720727528156,0
No preference update,No feedback,2002,2013-06-07,9,10457,2014,2086,2080,2153,2124,1,15.47639336875195,15.47639336875195,0,1,0
No preference update,ECF,2002,2013-06-07,9,10457,2014,2086,2080,2153,2124,1,15.47639336875195,14.95048431951994,672,0.999983432312486,0
No preference update,Same update without qualification,2002,2013-06-07,9,10457,2014,2086,2080,2153,2124,1,15.47639336875195,12.06522560364287,3334,0.9968248153536207,0
No preference update,No feedback,2002,2013-06-08,9,10447,2162,1985,2126,2091,2083,1,15.29928349209657,15.29928349209657,0,1,0
No preference update,ECF,2002,2013-06-08,9,10447,2162,1985,2126,2091,2083,1,15.29928349209657,15.156945584450078,392,0.9999962827170195,0
No preference update,Same update without qualification,2002,2013-06-08,9,10447,2162,1985,2126,2091,2083,1,15.29928349209657,13.148985874121777,3796,0.9963136786697817,0
No preference update,No feedback,2002,2013-06-09,9,10452,2032,2030,2180,2107,2103,1,16.11617965435544,16.11617965435544,0,1,0
No preference update,ECF,2002,2013-06-09,9,10452,2032,2030,2180,2107,2103,1,16.11617965435544,16.01808351831534,430,0.9999851459369887,0
No preference update,Same update without qualification,2002,2013-06-09,9,10452,2032,2030,2180,2107,2103,1,16.11617965435544,15.107989444782064,1952,0.9982255557358848,0
No preference update,No feedback,2002,2013-06-10,9,10464,2101,2042,2134,2068,2119,1,19.39212825169052,19.39212825169052,0,1,0
No preference update,ECF,2002,2013-06-10,9,10464,2101,2042,2134,2068,2119,1,19.39212825169052,19.105481045061453,918,0.9999904400402972,0
No preference update,Same update without qualification,2002,2013-06-10,9,10464,2101,2042,2134,2068,2119,1,19.39212825169052,16.5226343480236,4904,0.9912629175902394,0
No preference update,No feedback,2002,2013-06-11,9,10448,2105,2031,2098,2078,2136,1,17.593856958512795,17.593856958512795,0,1,0
No preference update,ECF,2002,2013-06-11,9,10448,2105,2031,2098,2078,2136,1,17.593856958512795,17.454840920182747,622,0.9999999754369905,0
No preference update,Same update without qualification,2002,2013-06-11,9,10448,2105,2031,2098,2078,2136,1,17.593856958512795,16.238274460149498,2420,0.996079898559011,0
No preference update,No feedback,2002,2013-06-12,9,10445,2048,2095,2127,2121,2054,1,20.53501626565683,20.53501626565683,0,1,0
No preference update,ECF,2002,2013-06-12,9,10445,2048,2095,2127,2121,2054,1,20.53501626565683,16.719883036018967,2911,0.9999972505178713,0
No preference update,Same update without qualification,2002,2013-06-12,9,10445,2048,2095,2127,2121,2054,1,20.53501626565683,9.734854948816666,5903,0.9966818150678559,0
No preference update,No feedback,2002,2013-06-13,9,10453,2136,1996,2155,2108,2058,1,13.569729741701522,13.569729741701522,0,1,0
No preference update,ECF,2002,2013-06-13,9,10453,2136,1996,2155,2108,2058,1,13.569729741701522,13.51725015223299,143,0.9999850034110858,0
No preference update,Same update without qualification,2002,2013-06-13,9,10453,2136,1996,2155,2108,2058,1,13.569729741701522,12.302397905523302,1950,0.9964913030708321,0
No preference update,No feedback,2002,2013-06-14,9,10455,2104,2069,2076,2084,2122,1,20.054174612545857,20.054174612545857,0,1,0
No preference update,ECF,2002,2013-06-14,9,10455,2104,2069,2076,2084,2122,1,20.054174612545857,19.764500097217685,1219,0.9999801861394768,0
No preference update,Same update without qualification,2002,2013-06-14,9,10455,2104,2069,2076,2084,2122,1,20.054174612545857,18.493712761127888,3159,0.9957587017777801,0
No preference update,No feedback,2002,2013-06-15,9,10452,2124,2087,2115,2119,2007,1,19.885994888015695,19.885994888015695,0,1,0
No preference update,ECF,2002,2013-06-15,9,10452,2124,2087,2115,2119,2007,1,19.885994888015695,19.45789386523463,1625,0.999974627831949,0
No preference update,Same update without qualification,2002,2013-06-15,9,10452,2124,2087,2115,2119,2007,1,19.885994888015695,16.97858921253284,4789,0.9975036911822474,0
No preference update,No feedback,2002,2013-06-16,9,10439,2142,2112,2090,2066,2029,1,17.83078722243108,17.83078722243108,0,1,0
No preference update,ECF,2002,2013-06-16,9,10439,2142,2112,2090,2066,2029,1,17.83078722243108,17.491505913237475,953,0.9999837086335664,0
No preference update,Same update without qualification,2002,2013-06-16,9,10439,2142,2112,2090,2066,2029,1,17.83078722243108,16.38405966742623,2806,0.9966619500517073,0
No preference update,No feedback,2002,2013-06-17,9,10442,2091,2116,2053,2142,2040,1,19.80721583482294,19.80721583482294,0,1,0
No preference update,ECF,2002,2013-06-17,9,10442,2091,2116,2053,2142,2040,1,19.80721583482294,19.539931602456093,1223,0.9999797167360609,0
No preference update,Same update without qualification,2002,2013-06-17,9,10442,2091,2116,2053,2142,2040,1,19.80721583482294,18.16752214734956,3087,0.9967716979371327,0
No preference update,No feedback,2002,2013-06-18,9,10453,2104,2095,2102,2046,2106,1,17.813616469081413,17.813616469081413,0,1,0
No preference update,ECF,2002,2013-06-18,9,10453,2104,2095,2102,2046,2106,1,17.813616469081413,17.692849784809017,528,0.999985344752508,0
No preference update,Same update without qualification,2002,2013-06-18,9,10453,2104,2095,2102,2046,2106,1,17.813616469081413,16.2680879565404,2533,0.9965961475127655,0
No preference update,No feedback,2002,2013-06-19,9,10452,2068,2047,2131,2066,2140,1,20.746676917272865,20.746676917272865,0,1,0
No preference update,ECF,2002,2013-06-19,9,10452,2068,2047,2131,2066,2140,1,20.746676917272865,19.174379866410376,2167,0.9999832738469489,0
No preference update,Same update without qualification,2002,2013-06-19,9,10452,2068,2047,2131,2066,2140,1,20.746676917272865,17.49967629324769,3876,0.9953235732191852,0
No preference update,No feedback,2002,2013-06-23,10,10442,2090,2181,2031,2031,2109,1,17.178943293776367,17.178943293776367,0,1,0
No preference update,ECF,2002,2013-06-23,10,10442,2090,2181,2031,2031,2109,1,17.178943293776367,15.704613383847207,1996,0.9999867826479538,0
No preference update,Same update without qualification,2002,2013-06-23,10,10442,2090,2181,2031,2031,2109,1,17.178943293776367,11.452182284817097,6049,0.9979000402390251,0
No preference update,No feedback,2002,2013-06-24,10,10453,2071,2105,2153,2086,2038,1,14.473906372170017,14.473906372170017,0,1,0
No preference update,ECF,2002,2013-06-24,10,10453,2071,2105,2153,2086,2038,1,14.473906372170017,13.746085032066233,1129,0.9999764635866498,0
No preference update,Same update without qualification,2002,2013-06-24,10,10453,2071,2105,2153,2086,2038,1,14.473906372170017,12.224352230172151,3085,0.9975223088694264,0
No preference update,No feedback,2002,2013-06-25,10,10440,2051,2144,2050,2096,2099,1,17.01697970463605,17.01697970463605,0,1,0
No preference update,ECF,2002,2013-06-25,10,10440,2051,2144,2050,2096,2099,1,17.01697970463605,16.765924779274695,776,0.9999803446186614,0
No preference update,Same update without qualification,2002,2013-06-25,10,10440,2051,2144,2050,2096,2099,1,17.01697970463605,13.787867730825209,3859,0.9990640743348588,0
No preference update,No feedback,2002,2013-06-26,10,10446,2082,2038,2109,2085,2132,1,15.815600984638905,15.815600984638905,0,1,0
No preference update,ECF,2002,2013-06-26,10,10446,2082,2038,2109,2085,2132,1,15.815600984638905,15.265040822272727,962,0.999978054290225,0
No preference update,Same update without qualification,2002,2013-06-26,10,10446,2082,2038,2109,2085,2132,1,15.815600984638905,13.799531427434905,2775,0.9972728862725408,0
No preference update,No feedback,2002,2013-06-27,10,10447,2159,2091,2011,2065,2121,1,16.576390338747505,16.576390338747505,0,1,0
No preference update,ECF,2002,2013-06-27,10,10447,2159,2091,2011,2065,2121,1,16.576390338747505,16.18309734124127,871,0.9999750478676345,0
No preference update,Same update without qualification,2002,2013-06-27,10,10447,2159,2091,2011,2065,2121,1,16.576390338747505,12.982513158327311,4302,0.9960465839451927,0
No preference update,No feedback,2003,2013-01-02,1,10693,2167,2075,2148,2152,2151,1,28.113492203800284,28.113492203800284,0,1,0
No preference update,ECF,2003,2013-01-02,1,10693,2167,2075,2148,2152,2151,1,28.113492203800284,27.983915969764556,1319,0.9993222360814731,0
No preference update,Same update without qualification,2003,2013-01-02,1,10693,2167,2075,2148,2152,2151,1,28.113492203800284,26.731398306750364,2918,0.9973547924048494,0
No preference update,No feedback,2003,2013-01-03,1,10532,2016,2093,2148,2142,2133,1,22.826746046668227,22.826746046668227,0,1,0
No preference update,ECF,2003,2013-01-03,1,10532,2016,2093,2148,2142,2133,1,22.826746046668227,22.528099931562565,788,0.9999992959850574,0
No preference update,Same update without qualification,2003,2013-01-03,1,10532,2016,2093,2148,2142,2133,1,22.826746046668227,22.04678742482777,1407,0.9980515209842652,0
No preference update,No feedback,2003,2013-01-04,1,10677,2082,2188,2168,2132,2107,1,27.255213231325644,27.255213231325644,0,1,0
No preference update,ECF,2003,2013-01-04,1,10677,2082,2188,2168,2132,2107,1,27.255213231325644,27.189001462059547,159,0.9999848873631411,0
No preference update,Same update without qualification,2003,2013-01-04,1,10677,2082,2188,2168,2132,2107,1,27.255213231325644,26.62807837571247,1818,0.9976957726816433,0
No preference update,No feedback,2003,2013-01-05,1,10664,2117,2078,2126,2170,2173,1,29.271742358535683,29.271742358535683,0,1,0
No preference update,ECF,2003,2013-01-05,1,10664,2117,2078,2126,2170,2173,1,29.271742358535683,29.161348585058835,1113,0.9997945924692755,0
No preference update,Same update without qualification,2003,2013-01-05,1,10664,2117,2078,2126,2170,2173,1,29.271742358535683,28.665975545070335,2396,0.9980362105394422,0
No preference update,No feedback,2003,2013-01-06,1,10625,2085,2216,2116,2140,2068,1,28.771830511709354,28.771830511709354,0,1,0
No preference update,ECF,2003,2013-01-06,1,10625,2085,2216,2116,2140,2068,1,28.771830511709354,28.635939431485816,1307,0.9997110142709726,0
No preference update,Same update without qualification,2003,2013-01-06,1,10625,2085,2216,2116,2140,2068,1,28.771830511709354,28.08874797845037,2393,0.9991422535182535,0
No preference update,No feedback,2003,2013-01-07,1,10604,2155,2129,2094,2107,2119,1,28.655450035447576,28.655450035447576,0,1,0
No preference update,ECF,2003,2013-01-07,1,10604,2155,2129,2094,2107,2119,1,28.655450035447576,28.132174640662512,1777,0.9999840138663739,0
No preference update,Same update without qualification,2003,2013-01-07,1,10604,2155,2129,2094,2107,2119,1,28.655450035447576,27.540463917042057,2455,0.9988558806927796,0
No preference update,No feedback,2003,2013-01-08,1,10640,2087,2120,2185,2101,2147,1,27.217992998503167,27.217992998503167,0,1,0
No preference update,ECF,2003,2013-01-08,1,10640,2087,2120,2185,2101,2147,1,27.217992998503167,27.10773179385201,910,0.9996110342254633,0
No preference update,Same update without qualification,2003,2013-01-08,1,10640,2087,2120,2185,2101,2147,1,27.217992998503167,26.565357053371613,1933,0.9978529429011248,0
No preference update,No feedback,2003,2013-01-12,2,10600,2112,2080,2194,2135,2079,1,28.05904686816059,28.05904686816059,0,1,0
No preference update,ECF,2003,2013-01-12,2,10600,2112,2080,2194,2135,2079,1,28.05904686816059,27.771693378296483,573,0.9997021099479387,0
No preference update,Same update without qualification,2003,2013-01-12,2,10600,2112,2080,2194,2135,2079,1,28.05904686816059,25.706561293066212,3296,0.9989696650864376,0
No preference update,No feedback,2003,2013-01-13,2,10792,2132,2146,2207,2071,2236,1,21.413509312168653,21.413509312168653,0,1,0
No preference update,ECF,2003,2013-01-13,2,10792,2132,2146,2207,2071,2236,1,21.413509312168653,20.753478370359762,1115,0.9995486226818026,0
No preference update,Same update without qualification,2003,2013-01-13,2,10792,2132,2146,2207,2071,2236,1,21.413509312168653,18.340971382252363,3666,0.9968746260383294,0
No preference update,No feedback,2003,2013-01-14,2,10449,2060,2026,2129,2096,2138,1,18.0213049817081,18.0213049817081,0,1,0
No preference update,ECF,2003,2013-01-14,2,10449,2060,2026,2129,2096,2138,1,18.0213049817081,17.94846348205128,427,0.9999997501228901,0
No preference update,Same update without qualification,2003,2013-01-14,2,10449,2060,2026,2129,2096,2138,1,18.0213049817081,16.61488505353038,1706,0.9985939201226705,0
No preference update,No feedback,2003,2013-01-15,2,10741,2140,2152,2151,2171,2127,1,26.312632481811473,26.312632481811473,0,1,0
No preference update,ECF,2003,2013-01-15,2,10741,2140,2152,2151,2171,2127,1,26.312632481811473,26.10335400542825,959,0.9995906256754421,0
No preference update,Same update without qualification,2003,2013-01-15,2,10741,2140,2152,2151,2171,2127,1,26.312632481811473,25.584369827411237,1973,0.9978180998110662,0
No preference update,No feedback,2003,2013-01-16,2,10684,2175,2069,2090,2183,2167,1,27.240707327454835,27.240707327454835,0,1,0
No preference update,ECF,2003,2013-01-16,2,10684,2175,2069,2090,2183,2167,1,27.240707327454835,27.107305249593693,759,0.9998647139240363,0
No preference update,Same update without qualification,2003,2013-01-16,2,10684,2175,2069,2090,2183,2167,1,27.240707327454835,26.580681833760117,2040,0.9975985429179534,0
No preference update,No feedback,2003,2013-01-17,2,10793,2200,2211,2077,2146,2159,1,27.936152400450002,27.936152400450002,0,1,0
No preference update,ECF,2003,2013-01-17,2,10793,2200,2211,2077,2146,2159,1,27.936152400450002,27.533792382530677,1672,0.9995905981476844,0
No preference update,Same update without qualification,2003,2013-01-17,2,10793,2200,2211,2077,2146,2159,1,27.936152400450002,26.979569218174888,2443,0.9952347620996009,0
No preference update,No feedback,2003,2013-01-18,2,10648,2152,2117,2103,2138,2138,1,27.853875031547368,27.853875031547368,0,1,0
No preference update,ECF,2003,2013-01-18,2,10648,2152,2117,2103,2138,2138,1,27.853875031547368,27.543381866827282,1384,0.9995474910027556,0
No preference update,Same update without qualification,2003,2013-01-18,2,10648,2152,2117,2103,2138,2138,1,27.853875031547368,26.645451176698945,2872,0.9967691932933571,0
No preference update,No feedback,2003,2013-01-19,2,10471,2081,2032,2139,2093,2126,1,25.2913825964456,25.2913825964456,0,1,0
No preference update,ECF,2003,2013-01-19,2,10471,2081,2032,2139,2093,2126,1,25.2913825964456,24.412020058558294,1910,0.9996705243898726,0
No preference update,Same update without qualification,2003,2013-01-19,2,10471,2081,2032,2139,2093,2126,1,25.2913825964456,22.55587572870838,3535,0.9984577267872363,0
No preference update,No feedback,2003,2013-01-20,2,10459,2027,2104,2075,2182,2071,1,19.036780608780184,19.036780608780184,0,1,0
No preference update,ECF,2003,2013-01-20,2,10459,2027,2104,2075,2182,2071,1,19.036780608780184,17.017552541000626,1937,0.9999300426913807,0
No preference update,Same update without qualification,2003,2013-01-20,2,10459,2027,2104,2075,2182,2071,1,19.036780608780184,14.24850951715668,3582,0.9990937044663332,0
No preference update,No feedback,2003,2013-01-21,2,10531,2170,2095,2119,2063,2084,1,15.692514793365227,15.692514793365227,0,1,0
No preference update,ECF,2003,2013-01-21,2,10531,2170,2095,2119,2063,2084,1,15.692514793365227,15.616777782810725,172,0.9999048638865541,0
No preference update,Same update without qualification,2003,2013-01-21,2,10531,2170,2095,2119,2063,2084,1,15.692514793365227,15.264041597399954,588,0.9964864156839318,0
No preference update,No feedback,2003,2013-01-22,2,10649,2151,2102,2146,2118,2132,1,25.21172227265901,25.21172227265901,0,1,0
No preference update,ECF,2003,2013-01-22,2,10649,2151,2102,2146,2118,2132,1,25.21172227265901,24.725821658366307,1077,0.9995925800647001,0
No preference update,Same update without qualification,2003,2013-01-22,2,10649,2151,2102,2146,2118,2132,1,25.21172227265901,23.39288851992356,2385,0.9983000758030313,0
No preference update,No feedback,2003,2013-01-23,2,10529,2055,2136,2212,2025,2101,1,23.67504128138929,23.67504128138929,0,1,0
No preference update,ECF,2003,2013-01-23,2,10529,2055,2136,2212,2025,2101,1,23.67504128138929,22.37327988768041,2454,0.999926505559391,0
No preference update,Same update without qualification,2003,2013-01-23,2,10529,2055,2136,2212,2025,2101,1,23.67504128138929,20.66975064663749,3346,0.9972707633074669,0
No preference update,No feedback,2003,2013-01-24,2,10546,2076,2119,2083,2164,2104,1,19.271885380422226,19.271885380422226,0,1,0
No preference update,ECF,2003,2013-01-24,2,10546,2076,2119,2083,2164,2104,1,19.271885380422226,19.08233050710297,411,0.999921551591634,0
No preference update,Same update without qualification,2003,2013-01-24,2,10546,2076,2119,2083,2164,2104,1,19.271885380422226,18.288694189545165,1263,0.9982908239142108,0
No preference update,No feedback,2003,2013-01-25,2,10649,2093,2059,2214,2097,2186,1,26.602947767064805,26.602947767064805,0,1,0
No preference update,ECF,2003,2013-01-25,2,10649,2093,2059,2214,2097,2186,1,26.602947767064805,26.45966188308293,912,0.9999806599641645,0
No preference update,Same update without qualification,2003,2013-01-25,2,10649,2093,2059,2214,2097,2186,1,26.602947767064805,26.031560091315235,1901,0.9939256202873188,0
No preference update,No feedback,2003,2013-04-02,3,10450,2068,2143,2041,2121,2077,1,22.592610587144975,22.592610587144975,0,1,0
No preference update,ECF,2003,2013-04-02,3,10450,2068,2143,2041,2121,2077,1,22.592610587144975,22.459609671423614,1040,0.999772975550514,0
No preference update,Same update without qualification,2003,2013-04-02,3,10450,2068,2143,2041,2121,2077,1,22.592610587144975,21.548396807252303,2156,0.9920140780328249,0
No preference update,No feedback,2003,2013-04-03,3,10434,2026,2091,2025,2107,2185,1,25.708501592338166,25.708501592338166,0,1,0
No preference update,ECF,2003,2013-04-03,3,10434,2026,2091,2025,2107,2185,1,25.708501592338166,22.065587474556256,3651,0.9998204095785085,0
No preference update,Same update without qualification,2003,2013-04-03,3,10434,2026,2091,2025,2107,2185,1,25.708501592338166,16.304500924907913,5916,0.9967116894585951,0
No preference update,No feedback,2003,2013-04-04,3,10445,2067,2083,2063,2140,2092,1,14.224194311275866,14.224194311275866,0,1,0
No preference update,ECF,2003,2013-04-04,3,10445,2067,2083,2063,2140,2092,1,14.224194311275866,13.883912630984216,511,0.9998355313915614,0
No preference update,Same update without qualification,2003,2013-04-04,3,10445,2067,2083,2063,2140,2092,1,14.224194311275866,12.782742107129636,1679,0.9952866681079269,0
No preference update,No feedback,2003,2013-04-09,4,10439,2038,2074,2080,2150,2097,1,23.263066148269004,23.263066148269004,0,1,0
No preference update,ECF,2003,2013-04-09,4,10439,2038,2074,2080,2150,2097,1,23.263066148269004,22.45637692080446,1807,0.9999033674842343,0
No preference update,Same update without qualification,2003,2013-04-09,4,10439,2038,2074,2080,2150,2097,1,23.263066148269004,20.46483388010273,3168,0.9968246407827266,0
No preference update,No feedback,2003,2013-04-10,4,10445,2122,2098,2054,2116,2055,1,19.500579877362348,19.500579877362348,0,1,0
No preference update,ECF,2003,2013-04-10,4,10445,2122,2098,2054,2116,2055,1,19.500579877362348,19.47496119274236,83,0.9999733422542482,0
No preference update,Same update without qualification,2003,2013-04-10,4,10445,2122,2098,2054,2116,2055,1,19.500579877362348,18.952302805795764,1200,0.9972547821098094,0
No preference update,No feedback,2003,2013-04-14,5,10441,2062,2034,2089,2170,2086,1,24.297605094290866,24.297605094290866,0,1,0
No preference update,ECF,2003,2013-04-14,5,10441,2062,2034,2089,2170,2086,1,24.297605094290866,24.10099673051718,1354,0.9999998802594025,0
No preference update,Same update without qualification,2003,2013-04-14,5,10441,2062,2034,2089,2170,2086,1,24.297605094290866,23.62063480498935,2156,0.9954562434458902,0
No preference update,No feedback,2003,2013-04-15,5,10442,2111,2118,2073,2061,2079,1,24.339237731971366,24.339237731971366,0,1,0
No preference update,ECF,2003,2013-04-15,5,10442,2111,2118,2073,2061,2079,1,24.339237731971366,23.70004441051343,1612,0.9999993283885884,0
No preference update,Same update without qualification,2003,2013-04-15,5,10442,2111,2118,2073,2061,2079,1,24.339237731971366,22.91338709521853,2501,0.9960889897829627,0
No preference update,No feedback,2003,2013-04-22,6,10441,2137,2057,2051,2089,2107,1,23.02150784218132,23.02150784218132,0,1,0
No preference update,ECF,2003,2013-04-22,6,10441,2137,2057,2051,2089,2107,1,23.02150784218132,21.868415839344593,2115,0.9999915121907943,0
No preference update,Same update without qualification,2003,2013-04-22,6,10441,2137,2057,2051,2089,2107,1,23.02150784218132,19.963367600641224,3218,0.9978680751572562,0
No preference update,No feedback,2003,2013-04-28,7,10448,2103,2120,2119,2072,2034,1,23.549075134761445,23.549075134761445,0,1,0
No preference update,ECF,2003,2013-04-28,7,10448,2103,2120,2119,2072,2034,1,23.549075134761445,23.44276138645538,1229,0.9999695454652785,0
No preference update,Same update without qualification,2003,2013-04-28,7,10448,2103,2120,2119,2072,2034,1,23.549075134761445,22.673166615534445,2484,0.9981312464433654,0
No preference update,No feedback,2003,2013-04-29,7,10446,2066,2084,2050,2105,2141,1,23.452173588892734,23.452173588892734,0,1,0
No preference update,ECF,2003,2013-04-29,7,10446,2066,2084,2050,2105,2141,1,23.452173588892734,23.28875358852168,1483,0.9999696049607235,0
No preference update,Same update without qualification,2003,2013-04-29,7,10446,2066,2084,2050,2105,2141,1,23.452173588892734,22.556993200462223,2553,0.9941037666323942,0
No preference update,No feedback,2003,2013-04-30,7,10450,2068,2134,2087,2081,2080,1,23.192410141877986,23.192410141877986,0,1,0
No preference update,ECF,2003,2013-04-30,7,10450,2068,2134,2087,2081,2080,1,23.192410141877986,21.039719178187077,2670,0.9999999883690741,0
No preference update,Same update without qualification,2003,2013-04-30,7,10450,2068,2134,2087,2081,2080,1,23.192410141877986,20.433155588536373,3167,0.9946883948937406,0
No preference update,No feedback,2003,2013-05-01,7,10436,2068,2159,2099,2081,2029,1,19.39067551242738,19.39067551242738,0,1,0
No preference update,ECF,2003,2013-05-01,7,10436,2068,2159,2099,2081,2029,1,19.39067551242738,19.39067551242737,0,1,0
No preference update,Same update without qualification,2003,2013-05-01,7,10436,2068,2159,2099,2081,2029,1,19.39067551242738,18.647462658620327,1893,0.9972764126499597,0
No preference update,No feedback,2003,2013-05-06,8,10445,2104,2125,2037,2091,2088,1,22.403876027573876,22.403876027573876,0,1,0
No preference update,ECF,2003,2013-05-06,8,10445,2104,2125,2037,2091,2088,1,22.403876027573876,22.31604110216734,1142,0.99996983196742,0
No preference update,Same update without qualification,2003,2013-05-06,8,10445,2104,2125,2037,2091,2088,1,22.403876027573876,21.537389644765224,2349,0.9949488992008689,0
No preference update,No feedback,2003,2013-05-07,8,10443,2057,2093,2097,2075,2121,1,22.194233894574225,22.194233894574225,0,1,0
No preference update,ECF,2003,2013-05-07,8,10443,2057,2093,2097,2075,2121,1,22.194233894574225,21.870674118298677,1409,0.9999999486718895,0
No preference update,Same update without qualification,2003,2013-05-07,8,10443,2057,2093,2097,2075,2121,1,22.194233894574225,20.644368042502563,2959,0.9986086807453783,0
No preference update,No feedback,2003,2013-05-08,8,10446,2122,2091,2160,2040,2033,1,19.352649727716006,19.352649727716006,0,1,0
No preference update,ECF,2003,2013-05-08,8,10446,2122,2091,2160,2040,2033,1,19.352649727716006,19.11947104991661,642,0.9999574571783308,0
No preference update,Same update without qualification,2003,2013-05-08,8,10446,2122,2091,2160,2040,2033,1,19.352649727716006,18.051069891291842,2049,0.9983178461214921,0
No preference update,No feedback,2003,2013-05-09,8,10451,2096,2048,2086,2080,2141,1,19.865966143543993,19.865966143543993,0,1,0
No preference update,ECF,2003,2013-05-09,8,10451,2096,2048,2086,2080,2141,1,19.865966143543993,19.80736526578565,651,0.9999698039431252,0
No preference update,Same update without qualification,2003,2013-05-09,8,10451,2096,2048,2086,2080,2141,1,19.865966143543993,18.98230602280033,1971,0.9966834456744299,0
No preference update,No feedback,2003,2013-05-10,8,10444,2036,1978,2134,2191,2105,1,22.919096746683223,22.919096746683223,0,1,0
No preference update,ECF,2003,2013-05-10,8,10444,2036,1978,2134,2191,2105,1,22.919096746683223,22.806289740265736,1307,0.9999997902469983,0
No preference update,Same update without qualification,2003,2013-05-10,8,10444,2036,1978,2134,2191,2105,1,22.919096746683223,21.9256064109558,2662,0.9983349517046397,0
No preference update,No feedback,2003,2013-05-11,8,10449,2098,2110,2050,2119,2072,1,22.210930532582818,22.210930532582818,0,1,0
No preference update,ECF,2003,2013-05-11,8,10449,2098,2110,2050,2119,2072,1,22.210930532582818,21.083383649292465,1753,0.9999798066376165,0
No preference update,Same update without qualification,2003,2013-05-11,8,10449,2098,2110,2050,2119,2072,1,22.210930532582818,17.903415275633122,4479,0.9986202132359103,0
No preference update,No feedback,2003,2013-05-12,8,10441,2010,2059,2181,2130,2061,1,17.16493857373949,17.16493857373949,0,1,0
No preference update,ECF,2003,2013-05-12,8,10441,2010,2059,2181,2130,2061,1,17.16493857373949,17.0721856142063,394,0.9999874419697273,0
No preference update,Same update without qualification,2003,2013-05-12,8,10441,2010,2059,2181,2130,2061,1,17.16493857373949,15.978314011873369,1876,0.998900636658735,0
No preference update,No feedback,2003,2013-05-16,9,10456,2126,2010,2112,2144,2064,1,22.095086645556364,22.095086645556364,0,1,0
No preference update,ECF,2003,2013-05-16,9,10456,2126,2010,2112,2144,2064,1,22.095086645556364,21.98961768358499,1364,0.9999867861596186,0
No preference update,Same update without qualification,2003,2013-05-16,9,10456,2126,2010,2112,2144,2064,1,22.095086645556364,20.541846870072618,3142,0.9977362467794074,0
No preference update,No feedback,2003,2013-05-17,9,10446,2050,2113,2118,2080,2085,1,20.31920644292073,20.31920644292073,0,1,0
No preference update,ECF,2003,2013-05-17,9,10446,2050,2113,2118,2080,2085,1,20.31920644292073,20.298651568022358,38,0.9999996218355637,0
No preference update,Same update without qualification,2003,2013-05-17,9,10446,2050,2113,2118,2080,2085,1,20.31920644292073,19.20698685678421,2516,0.9954606675035826,0
No preference update,No feedback,2003,2013-05-18,9,10441,2113,2087,2053,2072,2116,1,22.133800643144557,22.133800643144557,0,1,0
No preference update,ECF,2003,2013-05-18,9,10441,2113,2087,2053,2072,2116,1,22.133800643144557,22.09126991855907,136,0.9999694939419211,0
No preference update,Same update without qualification,2003,2013-05-18,9,10441,2113,2087,2053,2072,2116,1,22.133800643144557,20.948569953926587,2985,0.9985876249711282,0
No preference update,No feedback,2003,2013-05-19,9,10454,2037,2105,2110,2089,2113,1,22.029694225688612,22.029694225688612,0,1,0
No preference update,ECF,2003,2013-05-19,9,10454,2037,2105,2110,2089,2113,1,22.029694225688612,21.928129472426075,1275,0.999986439790593,0
No preference update,Same update without qualification,2003,2013-05-19,9,10454,2037,2105,2110,2089,2113,1,22.029694225688612,20.718567773592397,2997,0.9980810402804415,0
No preference update,No feedback,2003,2013-05-20,9,10452,2101,2106,2067,2122,2056,1,21.930586938859236,21.930586938859236,0,1,0
No preference update,ECF,2003,2013-05-20,9,10452,2101,2106,2067,2122,2056,1,21.930586938859236,21.928568182924764,10,0.9999999966250767,0
No preference update,Same update without qualification,2003,2013-05-20,9,10452,2101,2106,2067,2122,2056,1,21.930586938859236,20.754704695532546,2817,0.9960741416836971,0
No preference update,No feedback,2003,2013-05-21,9,10438,2043,2118,2158,2099,2020,1,21.446271405261818,21.446271405261818,0,1,0
No preference update,ECF,2003,2013-05-21,9,10438,2043,2118,2158,2099,2020,1,21.446271405261818,21.43901061774726,20,0.9999838659849223,0
No preference update,Same update without qualification,2003,2013-05-21,9,10438,2043,2118,2158,2099,2020,1,21.446271405261818,20.401208075775696,2447,0.9963010050923431,0
No preference update,No feedback,2003,2013-05-22,9,10452,2159,2047,2063,2091,2092,1,20.530272534586455,20.530272534586455,0,1,0
No preference update,ECF,2003,2013-05-22,9,10452,2159,2047,2063,2091,2092,1,20.530272534586455,19.570695475620184,1728,0.9999959454441184,0
No preference update,Same update without qualification,2003,2013-05-22,9,10452,2159,2047,2063,2091,2092,1,20.530272534586455,14.749561616313429,6220,0.9964896630711366,0
No preference update,No feedback,2003,2013-05-23,9,10430,2203,2061,2071,2057,2038,1,14.500907235063941,14.500907235063941,0,1,0
No preference update,ECF,2003,2013-05-23,9,10430,2203,2061,2071,2057,2038,1,14.500907235063941,13.301664139897031,1345,0.9999888249094547,0
No preference update,Same update without qualification,2003,2013-05-23,9,10430,2203,2061,2071,2057,2038,1,14.500907235063941,9.83445696115847,5193,0.999062633152598,0
No preference update,No feedback,2003,2013-05-24,9,10445,2148,2067,2063,2109,2058,1,13.8433319174647,13.8433319174647,0,1,0
No preference update,ECF,2003,2013-05-24,9,10445,2148,2067,2063,2109,2058,1,13.8433319174647,13.811680018356967,68,0.999979853975071,0
No preference update,Same update without qualification,2003,2013-05-24,9,10445,2148,2067,2063,2109,2058,1,13.8433319174647,12.730135574225834,1806,0.9976156135819065,0
No preference update,No feedback,2003,2013-05-25,9,10457,2119,2064,2072,2109,2093,1,18.002774517104775,18.002774517104775,0,1,0
No preference update,ECF,2003,2013-05-25,9,10457,2119,2064,2072,2109,2093,1,18.002774517104775,17.687490891640472,711,0.9999999495854937,0
No preference update,Same update without qualification,2003,2013-05-25,9,10457,2119,2064,2072,2109,2093,1,18.002774517104775,16.639693852309627,2155,0.9980525145884868,0
No preference update,No feedback,2003,2013-05-26,9,10444,2069,2097,2070,2110,2098,1,20.537563385812202,20.537563385812202,0,1,0
No preference update,ECF,2003,2013-05-26,9,10444,2069,2097,2070,2110,2098,1,20.537563385812202,20.421848225298753,475,0.9999859242871568,0
No preference update,Same update without qualification,2003,2013-05-26,9,10444,2069,2097,2070,2110,2098,1,20.537563385812202,19.310729364235975,2712,0.9966195005219826,0
No preference update,No feedback,2003,2013-05-27,9,10454,2085,2116,2112,2052,2089,1,21.4912757811176,21.4912757811176,0,1,0
No preference update,ECF,2003,2013-05-27,9,10454,2085,2116,2112,2052,2089,1,21.4912757811176,19.205562508678607,2506,0.9999814113061275,0
No preference update,Same update without qualification,2003,2013-05-27,9,10454,2085,2116,2112,2052,2089,1,21.4912757811176,16.382585527393957,4238,0.9970242155198924,0
No preference update,No feedback,2003,2013-05-28,9,10448,2043,2079,2084,2230,2012,1,17.06074897427591,17.06074897427591,0,1,0
No preference update,ECF,2003,2013-05-28,9,10448,2043,2079,2084,2230,2012,1,17.06074897427591,16.879583715746076,762,0.9999999859124737,0
No preference update,Same update without qualification,2003,2013-05-28,9,10448,2043,2079,2084,2230,2012,1,17.06074897427591,14.925871382605969,3171,0.9939097599313738,0
No preference update,No feedback,2003,2013-05-29,9,10440,1969,2098,2204,2046,2123,1,17.05747324121955,17.05747324121955,0,1,0
No preference update,ECF,2003,2013-05-29,9,10440,1969,2098,2204,2046,2123,1,17.05747324121955,16.993705041526404,317,0.9999838410805619,0
No preference update,Same update without qualification,2003,2013-05-29,9,10440,1969,2098,2204,2046,2123,1,17.05747324121955,15.550702438440126,2333,0.9966390103847754,0
No preference update,No feedback,2003,2013-05-30,9,10453,2155,2077,2104,2095,2022,1,19.80871281222337,19.80871281222337,0,1,0
No preference update,ECF,2003,2013-05-30,9,10453,2155,2077,2104,2095,2022,1,19.80871281222337,19.71494380871358,974,0.999985221037067,0
No preference update,Same update without qualification,2003,2013-05-30,9,10453,2155,2077,2104,2095,2022,1,19.80871281222337,18.66735340714293,2704,0.996984349419347,0
No preference update,No feedback,2003,2013-05-31,9,10450,2120,2040,2136,2086,2068,1,20.58078257708943,20.58078257708943,0,1,0
No preference update,ECF,2003,2013-05-31,9,10450,2120,2040,2136,2086,2068,1,20.58078257708943,20.416052441850656,1011,0.9999819499732641,0
No preference update,Same update without qualification,2003,2013-05-31,9,10450,2120,2040,2136,2086,2068,1,20.58078257708943,19.16395845133217,2981,0.9975797369077043,0
No preference update,No feedback,2003,2013-06-01,9,10450,2021,2128,2140,2083,2078,1,21.04416913218785,21.04416913218785,0,1,0
No preference update,ECF,2003,2013-06-01,9,10450,2021,2128,2140,2083,2078,1,21.04416913218785,20.87505654422398,1199,0.9999999998989193,0
No preference update,Same update without qualification,2003,2013-06-01,9,10450,2021,2128,2140,2083,2078,1,21.04416913218785,17.056284372868724,5629,0.997223340445294,0
No preference update,No feedback,2003,2013-06-02,9,10437,2070,2163,2091,1984,2129,1,15.97738416554307,15.97738416554307,0,1,0
No preference update,ECF,2003,2013-06-02,9,10437,2070,2163,2091,1984,2129,1,15.97738416554307,15.501788976818244,577,0.9999848119884304,0
No preference update,Same update without qualification,2003,2013-06-02,9,10437,2070,2163,2091,1984,2129,1,15.97738416554307,5.9889097998159,6090,0.9981814512962558,0
No preference update,No feedback,2003,2013-06-03,9,10447,2124,2096,2051,2116,2060,1,12.363663197859747,12.363663197859747,0,1,0
No preference update,ECF,2003,2013-06-03,9,10447,2124,2096,2051,2116,2060,1,12.363663197859747,12.285366766499212,129,0.999986172258399,0
No preference update,Same update without qualification,2003,2013-06-03,9,10447,2124,2096,2051,2116,2060,1,12.363663197859747,11.4699425944616,1579,0.9971233501947759,0
No preference update,No feedback,2003,2013-06-04,9,10444,2061,2011,2079,2128,2165,1,20.212194727548695,20.212194727548695,0,1,0
No preference update,ECF,2003,2013-06-04,9,10444,2061,2011,2079,2128,2165,1,20.212194727548695,19.917555161566547,1293,0.9999849185364209,0
No preference update,Same update without qualification,2003,2013-06-04,9,10444,2061,2011,2079,2128,2165,1,20.212194727548695,18.673573194058413,2984,0.9957764168369277,0
No preference update,No feedback,2003,2013-06-05,9,10448,2066,2134,2081,2122,2045,1,20.095690839661515,20.095690839661515,0,1,0
No preference update,ECF,2003,2013-06-05,9,10448,2066,2134,2081,2122,2045,1,20.095690839661515,18.50214167195751,2140,0.9999998118212552,0
No preference update,Same update without qualification,2003,2013-06-05,9,10448,2066,2134,2081,2122,2045,1,20.095690839661515,17.441782574115237,3436,0.9989758186412457,0
No preference update,No feedback,2003,2013-06-06,9,10455,2029,2077,2114,2114,2121,1,17.671134708670117,17.671134708670117,0,1,0
No preference update,ECF,2003,2013-06-06,9,10455,2029,2077,2114,2114,2121,1,17.671134708670117,17.434246449754752,857,0.9999958449530558,0
No preference update,Same update without qualification,2003,2013-06-06,9,10455,2029,2077,2114,2114,2121,1,17.671134708670117,15.055439412457705,4455,0.9988772372276529,0
No preference update,No feedback,2003,2013-06-07,9,10457,2078,2038,2093,2093,2155,1,15.466388073228181,15.466388073228181,0,1,0
No preference update,ECF,2003,2013-06-07,9,10457,2078,2038,2093,2093,2155,1,15.466388073228181,15.227312898289483,356,0.9999834339686503,0
No preference update,Same update without qualification,2003,2013-06-07,9,10457,2078,2038,2093,2093,2155,1,15.466388073228181,11.899291204027417,3351,0.9968216072600006,0
No preference update,No feedback,2003,2013-06-08,9,10447,2147,2002,2124,2065,2109,1,15.301916804838292,15.301916804838292,0,1,0
No preference update,ECF,2003,2013-06-08,9,10447,2147,2002,2124,2065,2109,1,15.301916804838292,15.21521037244694,296,0.9999926021969966,0
No preference update,Same update without qualification,2003,2013-06-08,9,10447,2147,2002,2124,2065,2109,1,15.301916804838292,13.123726845251445,3654,0.9963074254104697,0
No preference update,No feedback,2003,2013-06-09,9,10452,2043,2115,2114,2111,2069,1,16.031645382536777,16.031645382536777,0,1,0
No preference update,ECF,2003,2013-06-09,9,10452,2043,2115,2114,2111,2069,1,16.031645382536777,15.945594328467546,325,0.9999794035806148,0
No preference update,Same update without qualification,2003,2013-06-09,9,10452,2043,2115,2114,2111,2069,1,16.031645382536777,14.95013918257581,2088,0.998220584330863,0
No preference update,No feedback,2003,2013-06-10,9,10464,2109,2054,2103,2100,2098,1,19.313211789592664,19.313211789592664,0,1,0
No preference update,ECF,2003,2013-06-10,9,10464,2109,2054,2103,2100,2098,1,19.313211789592664,19.01124718383453,934,0.9999904511278573,0
No preference update,Same update without qualification,2003,2013-06-10,9,10464,2109,2054,2103,2100,2098,1,19.313211789592664,16.07534888838184,5053,0.9912724653733,0
No preference update,No feedback,2003,2013-06-11,9,10448,2057,2125,2096,2102,2068,1,17.536248709305205,17.536248709305205,0,1,0
No preference update,ECF,2003,2013-06-11,9,10448,2057,2125,2096,2102,2068,1,17.536248709305205,17.2769487861015,741,0.9999864224460477,0
No preference update,Same update without qualification,2003,2013-06-11,9,10448,2057,2125,2096,2102,2068,1,17.536248709305205,16.167521850581632,2434,0.9972647892350661,0
No preference update,No feedback,2003,2013-06-12,9,10445,2096,2136,2094,2074,2045,1,20.477971605963646,20.477971605963646,0,1,0
No preference update,ECF,2003,2013-06-12,9,10445,2096,2136,2094,2074,2045,1,20.477971605963646,17.51210817336961,2692,0.9999828870051525,0
No preference update,Same update without qualification,2003,2013-06-12,9,10445,2096,2136,2094,2074,2045,1,20.477971605963646,9.61129636621771,5944,0.9966855987179141,0
No preference update,No feedback,2003,2013-06-13,9,10453,2112,2068,2057,2143,2073,1,13.549773371301526,13.549773371301526,0,1,0
No preference update,ECF,2003,2013-06-13,9,10453,2112,2068,2057,2143,2073,1,13.549773371301526,13.427245851618487,157,0.999984703632882,0
No preference update,Same update without qualification,2003,2013-06-13,9,10453,2112,2068,2057,2143,2073,1,13.549773371301526,12.248974722145913,1942,0.9964992129983395,0
No preference update,No feedback,2003,2013-06-14,9,10455,1998,2086,2120,2117,2134,1,20.098633957224294,20.098633957224294,0,1,0
No preference update,ECF,2003,2013-06-14,9,10455,1998,2086,2120,2117,2134,1,20.098633957224294,19.972658830568378,1077,0.9999948720013815,0
No preference update,Same update without qualification,2003,2013-06-14,9,10455,1998,2086,2120,2117,2134,1,20.098633957224294,18.625633427803738,3071,0.9957603289150063,0
No preference update,No feedback,2003,2013-06-15,9,10452,2151,2012,2032,2062,2195,1,20.33565674403134,20.33565674403134,0,1,0
No preference update,ECF,2003,2013-06-15,9,10452,2151,2012,2032,2062,2195,1,20.33565674403134,19.473625404464155,1931,0.9999896332863888,0
No preference update,Same update without qualification,2003,2013-06-15,9,10452,2151,2012,2032,2062,2195,1,20.33565674403134,17.301550019030955,4850,0.9975008397915593,0
No preference update,No feedback,2003,2013-06-16,9,10439,2127,2054,2060,2040,2158,1,17.89870418756054,17.89870418756054,0,1,0
No preference update,ECF,2003,2013-06-16,9,10439,2127,2054,2060,2040,2158,1,17.89870418756054,17.6579044557394,891,0.9999843161748599,0
No preference update,Same update without qualification,2003,2013-06-16,9,10439,2127,2054,2060,2040,2158,1,17.89870418756054,16.451791476324907,2738,0.9966640951456744,0
No preference update,No feedback,2003,2013-06-17,9,10442,2143,2018,2093,2140,2048,1,19.851348742805044,19.851348742805044,0,1,0
No preference update,ECF,2003,2013-06-17,9,10442,2143,2018,2093,2140,2048,1,19.851348742805044,19.250522512670877,1562,0.9999796191743167,0
No preference update,Same update without qualification,2003,2013-06-17,9,10442,2143,2018,2093,2140,2048,1,19.851348742805044,18.22480949909533,3098,0.9967751492984744,0
No preference update,No feedback,2003,2013-06-18,9,10453,2060,2021,2193,2070,2109,1,18.036658611124864,18.036658611124864,0,1,0
No preference update,ECF,2003,2013-06-18,9,10453,2060,2021,2193,2070,2109,1,18.036658611124864,17.6288151697699,875,0.9999998461598641,0
No preference update,Same update without qualification,2003,2013-06-18,9,10453,2060,2021,2193,2070,2109,1,18.036658611124864,16.42674309108427,2563,0.9965970361044828,0
No preference update,No feedback,2003,2013-06-19,9,10452,2083,2139,2093,2105,2032,1,20.64812092354396,20.64812092354396,0,1,0
No preference update,ECF,2003,2013-06-19,9,10452,2083,2139,2093,2105,2032,1,20.64812092354396,19.39712982448212,2020,0.999985330030028,0
No preference update,Same update without qualification,2003,2013-06-19,9,10452,2083,2139,2093,2105,2032,1,20.64812092354396,17.48970335739901,4037,0.9953180649349643,0
No preference update,No feedback,2003,2013-06-23,10,10442,2111,2116,2091,2054,2070,1,17.102298526093293,17.102298526093293,0,1,0
No preference update,ECF,2003,2013-06-23,10,10442,2111,2116,2091,2054,2070,1,17.102298526093293,15.765950192170465,1790,0.9999792020607978,0
No preference update,Same update without qualification,2003,2013-06-23,10,10442,2111,2116,2091,2054,2070,1,17.102298526093293,11.370826583603659,6042,0.9978993112738243,0
No preference update,No feedback,2003,2013-06-24,10,10453,2089,2078,2095,2094,2097,1,14.487455477550316,14.487455477550316,0,1,0
No preference update,ECF,2003,2013-06-24,10,10453,2089,2078,2095,2094,2097,1,14.487455477550316,13.442275479277626,1183,0.9999975228362643,0
No preference update,Same update without qualification,2003,2013-06-24,10,10453,2089,2078,2095,2094,2097,1,14.487455477550316,12.210293537294033,3174,0.9975246866459934,0
No preference update,No feedback,2003,2013-06-25,10,10440,2130,2072,2027,2147,2064,1,16.82883898242575,16.82883898242575,0,1,0
No preference update,ECF,2003,2013-06-25,10,10440,2130,2072,2027,2147,2064,1,16.82883898242575,16.28377390036207,972,0.9999852323036155,0
No preference update,Same update without qualification,2003,2013-06-25,10,10440,2130,2072,2027,2147,2064,1,16.82883898242575,13.542101419670729,3988,0.9990694099724458,0
No preference update,No feedback,2003,2013-06-26,10,10446,2082,2145,2042,2070,2107,1,15.858983147498876,15.858983147498876,0,1,0
No preference update,ECF,2003,2013-06-26,10,10446,2082,2145,2042,2070,2107,1,15.858983147498876,15.536237761701905,740,0.9999779948198542,0
No preference update,Same update without qualification,2003,2013-06-26,10,10446,2082,2145,2042,2070,2107,1,15.858983147498876,13.874208588733403,2734,0.997270115520681,0
No preference update,No feedback,2003,2013-06-27,10,10447,2130,2038,2104,2064,2111,1,16.578950439067654,16.578950439067654,0,1,0
No preference update,ECF,2003,2013-06-27,10,10447,2130,2038,2104,2064,2111,1,16.578950439067654,15.466946701843003,1347,0.9999819955702087,0
No preference update,Same update without qualification,2003,2013-06-27,10,10447,2130,2038,2104,2064,2111,1,16.578950439067654,12.808237062999357,4482,0.9960421728796521,0
