Behavior,Control,Seed,Date,Contiguous block,Authorization (MWh),Delivery (MWh),Unused authorization (MWh),Source exchange (MWh),Qualifying intervals,Failed observed intervals,Failed replay intervals
Own-delivery adaptation,No feedback,2001,2013-01-02,1,4.138213912849103,3.561573669923135,0.5766402429259687,-1.2757694147105678,0,0,0
Own-delivery adaptation,ECF,2001,2013-01-02,1,4.113010443486135,3.554200423485726,0.5588100200004095,-1.2830914987835644,9,0,0
Own-delivery adaptation,Same update without qualification,2001,2013-01-02,1,4.1816586385631345,3.567228257769618,0.6144303807935161,-1.270424046519091,0,0,0
Own-delivery adaptation,Equal-total shadow,2001,2013-01-02,1,4.135572712962121,3.5614053043554,0.5741674086067212,-1.2759358946724264,0,0,0
Own-delivery adaptation,No feedback,2001,2013-01-03,1,4.0503986252490165,3.7687840161143584,0.2816146091346578,-0.710192629022881,0,0,0
Own-delivery adaptation,ECF,2001,2013-01-03,1,4.022261820269125,3.7647941186260496,0.25746770164307536,-0.7138858734550005,10,0,0
Own-delivery adaptation,Same update without qualification,2001,2013-01-03,1,3.9460515730573857,3.7584487275877425,0.18760284546964304,-0.7202160383674061,0,0,0
Own-delivery adaptation,Equal-total shadow,2001,2013-01-03,1,4.049864653570117,3.7682527490866558,0.28161190448346074,-0.7107198788288199,0,0,0
Own-delivery adaptation,No feedback,2001,2013-01-04,1,4.268261185928904,4.0038260710347,0.2644351148942044,-1.0973934240415368,0,0,0
Own-delivery adaptation,ECF,2001,2013-01-04,1,4.256699349239103,3.9995172280923312,0.25718212114677197,-1.1016408386653933,11,0,0
Own-delivery adaptation,Same update without qualification,2001,2013-01-04,1,4.146969212426395,3.9511367304190435,0.19583248200735107,-1.1495442065265775,0,0,0
Own-delivery adaptation,Equal-total shadow,2001,2013-01-04,1,4.267851015235292,4.0034143407574785,0.2644366744778149,-1.0978067430710978,0,0,0
Own-delivery adaptation,No feedback,2001,2013-01-05,1,4.553819722905056,4.34550443291295,0.20831528999210594,-1.7831850452192433,0,0,0
Own-delivery adaptation,ECF,2001,2013-01-05,1,4.54577806905328,4.339848036805674,0.20593003224760548,-1.7887201140038895,6,0,0
Own-delivery adaptation,Same update without qualification,2001,2013-01-05,1,4.466788048173965,4.2970016779507265,0.16978637022323814,-1.8309166004782251,0,0,0
Own-delivery adaptation,Equal-total shadow,2001,2013-01-05,1,4.553012278803896,4.344908141202734,0.20810413760116173,-1.783779776115344,0,0,0
Own-delivery adaptation,No feedback,2001,2013-01-06,1,4.240064316520305,4.078364791461669,0.16169952505863597,-1.8905727158234749,0,0,0
Own-delivery adaptation,ECF,2001,2013-01-06,1,4.204241404387221,4.053689621387245,0.1505517829999765,-1.9149027518555537,12,0,0
Own-delivery adaptation,Same update without qualification,2001,2013-01-06,1,4.187258721569024,4.040583059020465,0.14667566254855866,-1.9278577174092495,0,0,0
Own-delivery adaptation,Equal-total shadow,2001,2013-01-06,1,4.236695716411101,4.075121971463871,0.16157374494722937,-1.8937896594763308,0,0,0
Own-delivery adaptation,No feedback,2001,2013-01-07,1,4.241704785764119,3.9097064512661817,0.3319983344979376,-1.5282241901679534,0,0,0
Own-delivery adaptation,ECF,2001,2013-01-07,1,4.255767859080039,3.9462277635482264,0.3095400955318123,-1.4921583334911381,10,0,0
Own-delivery adaptation,Same update without qualification,2001,2013-01-07,1,4.142353014447953,3.9125966738716453,0.22975634057630745,-1.5254236256298943,0,0,0
Own-delivery adaptation,Equal-total shadow,2001,2013-01-07,1,4.238946682041691,3.9075155163073485,0.3314311657343419,-1.5303971183057878,0,0,0
Own-delivery adaptation,No feedback,2001,2013-01-08,1,3.884759803641348,3.6099514070789636,0.27480839656238426,-6.486129379104656,0,0,0
Own-delivery adaptation,ECF,2001,2013-01-08,1,3.8961818593167172,3.615867397776015,0.2803144615407024,-6.480330669508782,7,0,0
Own-delivery adaptation,Same update without qualification,2001,2013-01-08,1,3.771738980237193,3.552854644242477,0.21888433599471543,-6.542460423861574,0,0,0
Own-delivery adaptation,Equal-total shadow,2001,2013-01-08,1,3.8866824355441874,3.6114373061878426,0.2752451293563446,-6.484665953234844,0,0,0
Own-delivery adaptation,No feedback,2001,2013-01-12,2,4.030960211057328,3.554453541235009,0.47650666982231954,-3.525409112131273,0,0,0
Own-delivery adaptation,ECF,2001,2013-01-12,2,4.014314140270224,3.552251870810837,0.46206226945938655,-3.527779065016638,10,0,0
Own-delivery adaptation,Same update without qualification,2001,2013-01-12,2,3.8383222437917635,3.4584818764201075,0.3798403673716559,-3.6213306199940845,0,0,0
Own-delivery adaptation,Equal-total shadow,2001,2013-01-12,2,4.030967751523368,3.554458840500064,0.4765089110233047,-3.525403844802586,0,0,0
Own-delivery adaptation,No feedback,2001,2013-01-13,2,4.04450426010011,2.6920864481564957,1.352417811943615,-2.581656587650134,0,0,0
Own-delivery adaptation,ECF,2001,2013-01-13,2,3.980230083324224,2.6754938686361065,1.3047362146881183,-2.598000871328266,6,0,0
Own-delivery adaptation,Same update without qualification,2001,2013-01-13,2,3.4615879443030177,2.5684792875350304,0.8931086567679871,-2.70421056828861,0,0,0
Own-delivery adaptation,Equal-total shadow,2001,2013-01-13,2,4.025585367951833,2.6900590188270406,1.3355263491247922,-2.5836656236570334,0,0,0
Own-delivery adaptation,No feedback,2001,2013-01-14,2,4.154655601810148,3.5767048677860958,0.5779507340240518,-0.9652023893707602,0,0,0
Own-delivery adaptation,ECF,2001,2013-01-14,2,4.1801057958390615,3.5981384439155213,0.5819673519235392,-0.9438936330308265,6,0,0
Own-delivery adaptation,Same update without qualification,2001,2013-01-14,2,3.937154210411996,3.537552295232539,0.39960191517945637,-1.004120263129491,0,0,0
Own-delivery adaptation,Equal-total shadow,2001,2013-01-14,2,4.154145114139222,3.5765876800694976,0.5775574340697248,-0.9653175720637667,0,0,0
Own-delivery adaptation,No feedback,2001,2013-01-15,2,4.057847721416237,3.8099522273201503,0.24789549409608705,-0.6461757060458239,0,0,0
Own-delivery adaptation,ECF,2001,2013-01-15,2,4.0879485582856585,3.8528411570050944,0.23510740128056418,-0.6037749653371884,15,0,0
Own-delivery adaptation,Same update without qualification,2001,2013-01-15,2,4.047707871563901,3.851459101109647,0.19624877045425368,-0.6053146874715064,0,0,0
Own-delivery adaptation,Equal-total shadow,2001,2013-01-15,2,4.056826110901474,3.809152651233375,0.2476734596680983,-0.6469706071202803,0,0,0
Own-delivery adaptation,No feedback,2001,2013-01-16,2,4.438641764350836,4.164724826780685,0.27391693757014984,-0.8934942714528618,0,0,0
Own-delivery adaptation,ECF,2001,2013-01-16,2,4.481115613665347,4.179980241321931,0.3011353723434158,-0.8780902874435669,11,0,0
Own-delivery adaptation,Same update without qualification,2001,2013-01-16,2,4.3717043324961145,4.116018504641201,0.25568582785491245,-0.9413161482463107,0,0,0
Own-delivery adaptation,Equal-total shadow,2001,2013-01-16,2,4.439019602844475,4.165094013115628,0.2739255897288468,-0.8931311624145652,0,0,0
Own-delivery adaptation,No feedback,2001,2013-01-17,2,4.341398155358787,3.9889671578603596,0.35243099749842755,-1.8672611070672775,0,0,0
Own-delivery adaptation,ECF,2001,2013-01-17,2,4.330808902095117,3.9948380657931346,0.335970836301983,-1.8616418723448886,12,0,0
Own-delivery adaptation,Same update without qualification,2001,2013-01-17,2,4.312350392196992,3.9806000518755336,0.33175034032145784,-1.8755578384681542,0,0,0
Own-delivery adaptation,Equal-total shadow,2001,2013-01-17,2,4.348218156422874,3.994904771752936,0.3533133846699382,-1.8614013112262906,0,0,0
Own-delivery adaptation,No feedback,2001,2013-01-18,2,4.010970372085639,3.525231802766983,0.48573856931865605,-5.815708628784111,0,0,0
Own-delivery adaptation,ECF,2001,2013-01-18,2,4.048206613974057,3.544360974408683,0.5038456395653743,-5.796512946972911,9,0,0
Own-delivery adaptation,Same update without qualification,2001,2013-01-18,2,3.8722290921016946,3.43915770629199,0.43307138580970467,-5.900833638608239,0,0,0
Own-delivery adaptation,Equal-total shadow,2001,2013-01-18,2,4.010400926471294,3.5247109906447056,0.4856899358265883,-5.816227842259368,0,0,0
Own-delivery adaptation,No feedback,2001,2013-01-19,2,4.064407502560542,3.1865449571321993,0.8778625454283426,-1.835558823406068,0,0,0
Own-delivery adaptation,ECF,2001,2013-01-19,2,4.008684374850557,3.1810265654974557,0.8276578093531015,-1.8411459625434734,8,0,0
Own-delivery adaptation,Same update without qualification,2001,2013-01-19,2,3.8753858224354105,3.1378979157958287,0.7374879066395813,-1.8839091551725793,0,0,0
Own-delivery adaptation,Equal-total shadow,2001,2013-01-19,2,4.065555617637035,3.187441953801149,0.8781136638358862,-1.8346794393604027,0,0,0
Own-delivery adaptation,No feedback,2001,2013-01-20,2,3.889478176570103,2.537722872685376,1.3517553038847276,-2.3136147011381785,0,0,0
Own-delivery adaptation,ECF,2001,2013-01-20,2,3.8204384331242114,2.562267785564377,1.2581706475598344,-2.2895135425922257,7,0,0
Own-delivery adaptation,Same update without qualification,2001,2013-01-20,2,3.5228369082917372,2.4508132911788687,1.0720236171128683,-2.4002103096194722,0,0,0
Own-delivery adaptation,Equal-total shadow,2001,2013-01-20,2,3.8882805415362225,2.536106996032135,1.3521735455040877,-2.3152186875900473,0,0,0
Own-delivery adaptation,No feedback,2001,2013-01-21,2,3.9468989810989514,3.6256943490329174,0.3212046320660342,-1.1807990730326299,0,0,0
Own-delivery adaptation,ECF,2001,2013-01-21,2,3.946816588635529,3.640873452440593,0.30594313619493535,-1.1658265111403396,12,0,0
Own-delivery adaptation,Same update without qualification,2001,2013-01-21,2,3.940114381724425,3.6929522807331923,0.24716210099123237,-1.1146652739935319,0,0,0
Own-delivery adaptation,Equal-total shadow,2001,2013-01-21,2,3.9438693534206464,3.6230538889596597,0.32081546446098674,-1.183423955500991,0,0,0
Own-delivery adaptation,No feedback,2001,2013-01-22,2,3.9363362948203156,3.148139222993051,0.7881970718272646,-2.4554541680468014,0,0,0
Own-delivery adaptation,ECF,2001,2013-01-22,2,3.946514659028515,3.1461771491072,0.8003375099213149,-2.4574120778440762,7,0,0
Own-delivery adaptation,Same update without qualification,2001,2013-01-22,2,3.7060064219870337,3.0316649381183502,0.6743414838686834,-2.5709395148768923,0,0,0
Own-delivery adaptation,Equal-total shadow,2001,2013-01-22,2,3.9305528879053573,3.1451704120987087,0.7853824758066482,-2.458409215559306,0,0,0
Own-delivery adaptation,No feedback,2001,2013-01-23,2,3.9812218687779337,3.230563616453372,0.7506582523245615,-1.5412450764887338,0,0,0
Own-delivery adaptation,ECF,2001,2013-01-23,2,3.8508749890689122,3.2034314960249133,0.6474434930439985,-1.5681554716125476,7,0,0
Own-delivery adaptation,Same update without qualification,2001,2013-01-23,2,3.718489003393587,3.134888546216316,0.5836004571772716,-1.6363407625054525,0,0,0
Own-delivery adaptation,Equal-total shadow,2001,2013-01-23,2,3.978217397744945,3.2286723500561876,0.7495450476887571,-1.5431263323931108,0,0,0
Own-delivery adaptation,No feedback,2001,2013-01-24,2,4.065839613573834,3.6185573739387955,0.44728223963503827,-1.3391468663412682,0,0,0
Own-delivery adaptation,ECF,2001,2013-01-24,2,4.070388026777833,3.637060003351571,0.4333280234262614,-1.320740492901053,10,0,0
Own-delivery adaptation,Same update without qualification,2001,2013-01-24,2,3.9960960232269036,3.619689714024343,0.3764063092025608,-1.337743811644865,0,0,0
Own-delivery adaptation,Equal-total shadow,2001,2013-01-24,2,4.062109082670977,3.6152395089848075,0.4468695736861699,-1.3424352149842056,0,0,0
Own-delivery adaptation,No feedback,2001,2013-01-25,2,4.329613261994677,4.053750380293967,0.27586288170071005,-1.9178072371755184,0,0,0
Own-delivery adaptation,ECF,2001,2013-01-25,2,4.326288126496107,4.055173463326338,0.27111466316976934,-1.9163977927624865,6,0,0
Own-delivery adaptation,Same update without qualification,2001,2013-01-25,2,4.1863577362317885,3.9721855482113506,0.21417218802043775,-1.9983023304438312,0,0,0
Own-delivery adaptation,Equal-total shadow,2001,2013-01-25,2,4.327061065789688,4.052340248885614,0.27472081690407313,-1.9192120107595962,0,0,0
Own-delivery adaptation,No feedback,2001,2013-04-02,3,3.795673177272427,3.281287202799013,0.5143859744734146,-1.4353437226359476,0,0,0
Own-delivery adaptation,ECF,2001,2013-04-02,3,3.798301480062506,3.284409721987824,0.5138917580746816,-1.4321623940131787,6,0,0
Own-delivery adaptation,Same update without qualification,2001,2013-04-02,3,3.693057411957401,3.240065192952797,0.45299221900460446,-1.4761504586687773,0,0,0
Own-delivery adaptation,Equal-total shadow,2001,2013-04-02,3,3.7955536901747533,3.281132390263561,0.5144212999111925,-1.4354993480646083,0,0,0
Own-delivery adaptation,No feedback,2001,2013-04-03,3,3.739236425797496,1.969263646922473,1.769972778875023,-3.107773761121875,0,0,0
Own-delivery adaptation,ECF,2001,2013-04-03,3,3.915353992058753,2.0682004008753525,1.847153591183401,-3.010044733424464,8,0,0
Own-delivery adaptation,Same update without qualification,2001,2013-04-03,3,3.3483682529419188,1.8862506424297616,1.4621176105121574,-3.191007235442622,0,0,0
Own-delivery adaptation,Equal-total shadow,2001,2013-04-03,3,3.7389626339179287,1.96908501839194,1.7698776155259888,-3.107951248775343,0,0,0
Own-delivery adaptation,No feedback,2001,2013-04-04,3,4.001397370762463,2.7301761808724003,1.271221189890063,-2.4086124341258466,0,0,0
Own-delivery adaptation,ECF,2001,2013-04-04,3,3.9689513043979714,2.727694292557784,1.2412570118401876,-2.410999943970661,6,0,0
Own-delivery adaptation,Same update without qualification,2001,2013-04-04,3,3.6052554567585733,2.62035816991295,0.9848972868456234,-2.5176275539333592,0,0,0
Own-delivery adaptation,Equal-total shadow,2001,2013-04-04,3,4.000900983298492,2.729613486702343,1.2712874965961494,-2.409166212972364,0,0,0
Own-delivery adaptation,No feedback,2001,2013-04-09,4,3.897670464257375,2.8665907297252775,1.0310797345320977,-2.1271379783114863,0,0,0
Own-delivery adaptation,ECF,2001,2013-04-09,4,3.944002046432471,2.894843398685207,1.0491586477472643,-2.0991538341533924,8,0,0
Own-delivery adaptation,Same update without qualification,2001,2013-04-09,4,3.755714422194228,2.918085265417976,0.8376291567762512,-2.0765462816210603,0,0,0
Own-delivery adaptation,Equal-total shadow,2001,2013-04-09,4,3.8976412740634903,2.86672957145312,1.0309117026103702,-2.1270026302223197,0,0,0
Own-delivery adaptation,No feedback,2001,2013-04-10,4,3.969066967178366,3.3719058109986286,0.5971611561797378,-1.539164280638724,0,0,0
Own-delivery adaptation,ECF,2001,2013-04-10,4,3.953381269502681,3.360511144673625,0.592870124829056,-1.550380898664327,9,0,0
Own-delivery adaptation,Same update without qualification,2001,2013-04-10,4,3.8537281622089536,3.324250637222867,0.5294775249860865,-1.5861106868735846,0,0,0
Own-delivery adaptation,Equal-total shadow,2001,2013-04-10,4,3.968175284305161,3.371148611157936,0.5970266731472254,-1.5399129663870514,0,0,0
Own-delivery adaptation,No feedback,2001,2013-04-14,5,3.8672692783599856,3.244838820727966,0.6224304576320192,-1.7118878884217552,0,0,0
Own-delivery adaptation,ECF,2001,2013-04-14,5,3.8583311695038858,3.234342973455878,0.6239881960480074,-1.7222091641625523,6,0,0
Own-delivery adaptation,Same update without qualification,2001,2013-04-14,5,3.7448927369980116,3.1758404682084027,0.5690522687896088,-1.780086267848728,0,0,0
Own-delivery adaptation,Equal-total shadow,2001,2013-04-14,5,3.867128703121971,3.2447422533543353,0.6223864497676354,-1.7119833244335263,0,0,0
Own-delivery adaptation,No feedback,2001,2013-04-15,5,3.980430191140405,3.1965594908352646,0.7838707003051405,-1.765062286393532,0,0,0
Own-delivery adaptation,ECF,2001,2013-04-15,5,3.916963842510587,3.1595658527333965,0.7573979897771906,-1.801663750394515,5,0,0
Own-delivery adaptation,Same update without qualification,2001,2013-04-15,5,3.956358066965901,3.2022158258285125,0.7541422411373883,-1.7592187458412611,0,0,0
Own-delivery adaptation,Equal-total shadow,2001,2013-04-15,5,3.9800706272703934,3.196440977639718,0.7836296496306756,-1.7651789025446205,0,0,0
Own-delivery adaptation,No feedback,2001,2013-04-22,6,3.8244391843468413,2.7528759202265904,1.0715632641202506,-2.7006557242753164,0,0,0
Own-delivery adaptation,ECF,2001,2013-04-22,6,3.759845617351082,2.709934083799525,1.0499115335515572,-2.743122002677019,8,0,0
Own-delivery adaptation,Same update without qualification,2001,2013-04-22,6,3.657317484291339,2.6827657368314966,0.9745517474598427,-2.7700203993012344,0,0,0
Own-delivery adaptation,Equal-total shadow,2001,2013-04-22,6,3.830358890439014,2.758665097073609,1.0716937933654054,-2.694950170568272,0,0,0
Own-delivery adaptation,No feedback,2001,2013-04-28,7,3.989839544942864,3.184277535116279,0.8055620098265849,-2.0529146529191875,0,0,0
Own-delivery adaptation,ECF,2001,2013-04-28,7,3.9747843372025096,3.169908878739268,0.8048754584632418,-2.0670421646735373,9,0,0
Own-delivery adaptation,Same update without qualification,2001,2013-04-28,7,3.9105797118228436,3.157226763163694,0.7533529486591491,-2.0797328108580837,0,0,0
Own-delivery adaptation,Equal-total shadow,2001,2013-04-28,7,3.9895681828286826,3.1840800100012987,0.8054881728273835,-2.053111535198286,0,0,0
Own-delivery adaptation,No feedback,2001,2013-04-29,7,4.267310401879534,3.5157008658697437,0.7516095360097902,-1.514924341522912,0,0,0
Own-delivery adaptation,ECF,2001,2013-04-29,7,4.260002363986232,3.5103856841063386,0.7496166798798931,-1.5200754744901084,7,0,0
Own-delivery adaptation,Same update without qualification,2001,2013-04-29,7,4.124242859382014,3.458656135699367,0.6655867236826475,-1.571121031492514,0,0,0
Own-delivery adaptation,Equal-total shadow,2001,2013-04-29,7,4.266170588673896,3.5147253588185725,0.7514452298553238,-1.5158731158794416,0,0,0
Own-delivery adaptation,No feedback,2001,2013-04-30,7,3.8332415013506624,2.8123176869691195,1.0209238143815431,-2.231261246741858,0,0,0
Own-delivery adaptation,ECF,2001,2013-04-30,7,3.8564974168356803,2.8177966760057704,1.03870074082991,-2.2256221910599736,4,0,0
Own-delivery adaptation,Same update without qualification,2001,2013-04-30,7,3.6915377731121763,2.7740673541585474,0.9174704189536285,-2.268934108397807,0,0,0
Own-delivery adaptation,Equal-total shadow,2001,2013-04-30,7,3.8343123428785097,2.8126079437215132,1.0217043991569965,-2.2309773970788767,0,0,0
Own-delivery adaptation,No feedback,2001,2013-05-01,7,3.8152659307195353,2.8694398457305734,0.945826084988962,-2.2163667108107874,0,0,0
Own-delivery adaptation,ECF,2001,2013-05-01,7,3.808497801377834,2.8653448503780443,0.9431529509997895,-2.2203723953693317,2,0,0
Own-delivery adaptation,Same update without qualification,2001,2013-05-01,7,3.7903961702418285,2.8707320409160064,0.9196641293258221,-2.215291054290643,0,0,0
Own-delivery adaptation,Equal-total shadow,2001,2013-05-01,7,3.8130883930959167,2.8679378771043313,0.9451505159915855,-2.2178575995324836,0,0,0
Own-delivery adaptation,No feedback,2001,2013-05-06,8,3.6521135618368463,2.9110876113119666,0.7410259505248794,-2.6588781178708842,0,0,0
Own-delivery adaptation,ECF,2001,2013-05-06,8,3.659645515756231,2.9178768977962024,0.7417686179600287,-2.6521711984875713,4,0,0
Own-delivery adaptation,Same update without qualification,2001,2013-05-06,8,3.604444013883587,2.8799331537112782,0.7245108601723094,-2.6898069255342283,0,0,0
Own-delivery adaptation,Equal-total shadow,2001,2013-05-06,8,3.652114005092484,2.911088155704281,0.7410258493882027,-2.6588775681591517,0,0,0
Own-delivery adaptation,No feedback,2001,2013-05-07,8,3.7163864396670343,2.7331668954620327,0.9832195442050015,-2.783704437440245,0,0,0
Own-delivery adaptation,ECF,2001,2013-05-07,8,3.743573697476787,2.758352292992929,0.9852214044838578,-2.7587892425353435,5,0,0
Own-delivery adaptation,Same update without qualification,2001,2013-05-07,8,3.6814878765035277,2.7633080657692166,0.9181798107343113,-2.754077590369277,0,0,0
Own-delivery adaptation,Equal-total shadow,2001,2013-05-07,8,3.7163206438272414,2.7331731471991305,0.9831474966281104,-2.7836982525021754,0,0,0
Own-delivery adaptation,No feedback,2001,2013-05-08,8,3.919030934231135,2.885252564397317,1.033778369833818,-2.533804711725455,0,0,0
Own-delivery adaptation,ECF,2001,2013-05-08,8,3.908416473984811,2.882761045655626,1.0256554283291845,-2.5363119015616817,8,0,0
Own-delivery adaptation,Same update without qualification,2001,2013-05-08,8,3.7465089212557703,2.845806559541527,0.9007023617142431,-2.5727872835485486,0,0,0
Own-delivery adaptation,Equal-total shadow,2001,2013-05-08,8,3.9184785653568572,2.884925230081535,1.0335533352753223,-2.5341280495982423,0,0,0
Own-delivery adaptation,No feedback,2001,2013-05-09,8,3.8516204343750435,2.9791647057337856,0.8724557286412581,-2.367778227796307,0,0,0
Own-delivery adaptation,ECF,2001,2013-05-09,8,3.8322495027050714,2.96832431385679,0.8639251888482811,-2.3781737502386417,7,0,0
Own-delivery adaptation,Same update without qualification,2001,2013-05-09,8,3.7051450956789265,2.9538095897006578,0.7513355059782685,-2.3928733160171354,0,0,0
Own-delivery adaptation,Equal-total shadow,2001,2013-05-09,8,3.850791665462283,2.9785807992803335,0.87221086618195,-2.3683573649777445,0,0,0
Own-delivery adaptation,No feedback,2001,2013-05-10,8,4.033102719544268,3.1329094263054795,0.9001932932387886,-2.100670728862326,0,0,0
Own-delivery adaptation,ECF,2001,2013-05-10,8,4.020419822963859,3.126246394824552,0.8941734281393079,-2.1072379361201965,6,0,0
Own-delivery adaptation,Same update without qualification,2001,2013-05-10,8,3.870679658103426,3.0368636934935123,0.8338159646099135,-2.195830468978175,0,0,0
Own-delivery adaptation,Equal-total shadow,2001,2013-05-10,8,4.032977374890874,3.132748670026669,0.9002287048642041,-2.1008320951826813,0,0,0
Own-delivery adaptation,No feedback,2001,2013-05-11,8,3.8210943744481165,2.5107710223637794,1.3103233520843376,-3.1312369726428932,0,0,0
Own-delivery adaptation,ECF,2001,2013-05-11,8,3.95442740176852,2.643994333265468,1.310433068503052,-2.9992658316745846,8,0,0
Own-delivery adaptation,Same update without qualification,2001,2013-05-11,8,3.916026928667976,2.6606275210012966,1.255399407666679,-2.9828674863284337,0,0,0
Own-delivery adaptation,Equal-total shadow,2001,2013-05-11,8,3.8178194062065614,2.5099627667635254,1.3078566394430362,-3.1320363201867254,0,0,0
Own-delivery adaptation,No feedback,2001,2013-05-12,8,4.369929157790622,3.226750514820483,1.143178642970139,-2.3398985111521906,0,0,0
Own-delivery adaptation,ECF,2001,2013-05-12,8,4.3618203015048085,3.242685163884641,1.1191351376201681,-2.324167291431493,4,0,0
Own-delivery adaptation,Same update without qualification,2001,2013-05-12,8,4.03784111974191,3.142234378755839,0.8956067409860711,-2.4236740694839294,0,0,0
Own-delivery adaptation,Equal-total shadow,2001,2013-05-12,8,4.3681383177757,3.2258139815621774,1.142324336213522,-2.340831022414909,0,0,0
Own-delivery adaptation,No feedback,2001,2013-05-16,9,3.8790624527909414,2.8971321327858974,0.9819303200050435,-3.07105893154542,0,0,0
Own-delivery adaptation,ECF,2001,2013-05-16,9,3.927917958804609,2.9318673443563332,0.9960506144482754,-3.036641733241976,3,0,0
Own-delivery adaptation,Same update without qualification,2001,2013-05-16,9,3.693442694928795,2.783609759284356,0.9098329356444389,-3.183333511230201,0,0,0
Own-delivery adaptation,Equal-total shadow,2001,2013-05-16,9,3.878953410451882,2.8970637061445776,0.9818897043073043,-3.071127881611331,0,0,0
Own-delivery adaptation,No feedback,2001,2013-05-17,9,3.548468249689598,2.7352388102157055,0.8132294394738923,-3.398180604257957,0,0,0
Own-delivery adaptation,ECF,2001,2013-05-17,9,3.5465101729697186,2.73469586634759,0.811814306622129,-3.3987090003848883,2,0,0
Own-delivery adaptation,Same update without qualification,2001,2013-05-17,9,3.334649540251136,2.6454073995879486,0.6892421406631873,-3.487126834106442,0,0,0
Own-delivery adaptation,Equal-total shadow,2001,2013-05-17,9,3.5478745737449797,2.7347628977303806,0.8131116760145991,-3.398642039207218,0,0,0
Own-delivery adaptation,No feedback,2001,2013-05-18,9,3.6524596072533697,2.6759995181495473,0.9764600891038224,-3.707711540557011,0,0,0
Own-delivery adaptation,ECF,2001,2013-05-18,9,3.6523801864034304,2.6769440999022036,0.9754360865012268,-3.706777447302699,3,0,0
Own-delivery adaptation,Same update without qualification,2001,2013-05-18,9,3.407113062855632,2.5723086791200584,0.8348043837355733,-3.8104802031223324,0,0,0
Own-delivery adaptation,Equal-total shadow,2001,2013-05-18,9,3.6523749958518605,2.676209236637128,0.976165759214733,-3.707504659173563,0,0,0
Own-delivery adaptation,No feedback,2001,2013-05-19,9,3.6651629334761333,2.7391754798395005,0.9259874536366326,-3.902875439564183,0,0,0
Own-delivery adaptation,ECF,2001,2013-05-19,9,3.6643367735905046,2.738913912891408,0.9254228606990967,-3.90313591244424,2,0,0
Own-delivery adaptation,Same update without qualification,2001,2013-05-19,9,3.4691121743491125,2.6650709997207946,0.8040411746283181,-3.9762523207774363,0,0,0
Own-delivery adaptation,Equal-total shadow,2001,2013-05-19,9,3.665276268498215,2.739002596698377,0.9262736717998382,-3.9030443674964124,0,0,0
Own-delivery adaptation,No feedback,2001,2013-05-20,9,3.5756918266063513,2.6735798021572914,0.9021120244490596,-3.9448350506033543,0,0,0
Own-delivery adaptation,ECF,2001,2013-05-20,9,3.5571555265964485,2.657118939545663,0.9000365870507856,-3.960993580825709,4,0,0
Own-delivery adaptation,Same update without qualification,2001,2013-05-20,9,3.416970759044633,2.637545867060655,0.7794248919839776,-3.980270781567083,0,0,0
Own-delivery adaptation,Equal-total shadow,2001,2013-05-20,9,3.5754081783258798,2.673248058564426,0.902160119761454,-3.9451659386609372,0,0,0
Own-delivery adaptation,No feedback,2001,2013-05-21,9,3.665842825803455,2.7577514932039207,0.9080913325995346,-3.482960961023655,0,0,0
Own-delivery adaptation,ECF,2001,2013-05-21,9,3.675568465537193,2.7675742138516073,0.9079942516855853,-3.4731722533273075,3,0,0
Own-delivery adaptation,Same update without qualification,2001,2013-05-21,9,3.4389733119102686,2.661034729080722,0.7779385828295463,-3.578490223222336,0,0,0
Own-delivery adaptation,Equal-total shadow,2001,2013-05-21,9,3.6640992334655826,2.756227384326756,0.9078718491388262,-3.484462366688232,0,0,0
Own-delivery adaptation,No feedback,2001,2013-05-22,9,3.737153115005758,1.938484455281766,1.7986686597239923,-5.280700918603329,0,0,0
Own-delivery adaptation,ECF,2001,2013-05-22,9,3.6406206985551233,1.9243445518738775,1.716276146681246,-5.294668379066272,7,0,0
Own-delivery adaptation,Same update without qualification,2001,2013-05-22,9,3.0064542446370592,1.8955923893976745,1.1108618552393847,-5.323011716004016,0,0,0
Own-delivery adaptation,Equal-total shadow,2001,2013-05-22,9,3.7509323688941443,1.9440458103999065,1.8068865584942375,-5.2751913950706815,0,0,0
Own-delivery adaptation,No feedback,2001,2013-05-23,9,3.7119750610810365,1.552854129339869,2.1591209317411675,-5.7617392967556915,0,0,0
Own-delivery adaptation,ECF,2001,2013-05-23,9,3.7772986810450635,1.583604406310229,2.1936942747348342,-5.731318535637717,7,0,0
Own-delivery adaptation,Same update without qualification,2001,2013-05-23,9,3.1545087989107348,1.6047499166045007,1.549758882306234,-5.710843863544806,0,0,0
Own-delivery adaptation,Equal-total shadow,2001,2013-05-23,9,3.7114455117845333,1.5527157085808239,2.1587298032037094,-5.761876684940436,0,0,0
Own-delivery adaptation,No feedback,2001,2013-05-24,9,4.024840926637573,2.6910256066672176,1.333815319970356,-4.1327403294172065,0,0,0
Own-delivery adaptation,ECF,2001,2013-05-24,9,4.018318916836634,2.689945474793474,1.3283734420431603,-4.1338194754306965,4,0,0
Own-delivery adaptation,Same update without qualification,2001,2013-05-24,9,3.7403589262888572,2.636501778062968,1.1038571482258897,-4.18714502200781,0,0,0
Own-delivery adaptation,Equal-total shadow,2001,2013-05-24,9,4.022155227060948,2.6902010458307246,1.3319541812302236,-4.133559638923371,0,0,0
Own-delivery adaptation,No feedback,2001,2013-05-25,9,3.776348189808952,2.6100645138745415,1.1662836759344104,-4.044800545953941,0,0,0
Own-delivery adaptation,ECF,2001,2013-05-25,9,3.8093132429305068,2.642669089776891,1.1666441531536162,-4.012351285274585,6,0,0
Own-delivery adaptation,Same update without qualification,2001,2013-05-25,9,3.529881976520615,2.5749729730507864,0.9549090034698279,-4.079650602254711,0,0,0
Own-delivery adaptation,Equal-total shadow,2001,2013-05-25,9,3.771863458771017,2.6066879014896402,1.1651755572813765,-4.048152857005407,0,0,0
Own-delivery adaptation,No feedback,2001,2013-05-26,9,3.6761462090754535,2.7133876038248683,0.9627586052505849,-4.067417692246131,0,0,0
Own-delivery adaptation,ECF,2001,2013-05-26,9,3.6954357395545654,2.7285888346213896,0.9668469049331759,-4.05233353221679,6,0,0
Own-delivery adaptation,Same update without qualification,2001,2013-05-26,9,3.4767660276789596,2.6641155765039337,0.8126504511750261,-4.116307568478202,0,0,0
Own-delivery adaptation,Equal-total shadow,2001,2013-05-26,9,3.675758494618438,2.712426708189043,0.9633317864293945,-4.068370117178122,0,0,0
Own-delivery adaptation,No feedback,2001,2013-05-27,9,3.6827871347469614,2.084777005628818,1.5980101291181432,-4.924796796927226,0,0,0
Own-delivery adaptation,ECF,2001,2013-05-27,9,3.8449927452417842,2.22384626660023,1.6211464786415546,-4.786896764619276,8,0,0
Own-delivery adaptation,Same update without qualification,2001,2013-05-27,9,3.5061234603162443,2.155030204577832,1.3510932557384119,-4.8554249173089055,0,0,0
Own-delivery adaptation,Equal-total shadow,2001,2013-05-27,9,3.67931123906222,2.0834434771116603,1.5958677619505595,-4.92611009616398,0,0,0
Own-delivery adaptation,No feedback,2001,2013-05-28,9,4.14804084249038,2.5275861956125882,1.620454646877792,-3.993639434280083,0,0,0
Own-delivery adaptation,ECF,2001,2013-05-28,9,4.150694738206477,2.5314222392364156,1.6192724989700615,-3.989823548187148,3,0,0
Own-delivery adaptation,Same update without qualification,2001,2013-05-28,9,3.6615280184683137,2.490216537403069,1.1713114810652447,-4.031130896988246,0,0,0
Own-delivery adaptation,Equal-total shadow,2001,2013-05-28,9,4.147281142860377,2.523503851049704,1.623777291810673,-3.9976610782007524,0,0,0
Own-delivery adaptation,No feedback,2001,2013-05-29,9,4.124236248226438,2.769123890827048,1.3551123573993897,-3.3345055032745017,0,0,0
Own-delivery adaptation,ECF,2001,2013-05-29,9,4.137212953601997,2.798976792165254,1.3382361614367433,-3.3047618921597426,6,0,0
Own-delivery adaptation,Same update without qualification,2001,2013-05-29,9,3.8017909056892876,2.7673108850579884,1.0344800206312996,-3.336211027332442,0,0,0
Own-delivery adaptation,Equal-total shadow,2001,2013-05-29,9,4.121325729490878,2.7663728149893556,1.3549529145015227,-3.3372314182263416,0,0,0
Own-delivery adaptation,No feedback,2001,2013-05-30,9,3.7375540782672667,2.8266153798939837,0.9109386983732829,-3.2154124386519243,0,0,0
Own-delivery adaptation,ECF,2001,2013-05-30,9,3.7365048675174752,2.826377215435539,0.9101276520819362,-3.215522670958441,4,0,0
Own-delivery adaptation,Same update without qualification,2001,2013-05-30,9,3.561169896490549,2.7920252183752154,0.7691446781153335,-3.249677725752302,0,0,0
Own-delivery adaptation,Equal-total shadow,2001,2013-05-30,9,3.7361289801361135,2.825101280654164,0.9110276994819493,-3.216910444789949,0,0,0
Own-delivery adaptation,No feedback,2001,2013-05-31,9,3.7016820432433013,2.6219771221383206,1.0797049211049807,-3.154285074713769,0,0,0
Own-delivery adaptation,ECF,2001,2013-05-31,9,3.696634761411417,2.61480938383814,1.081825377573277,-3.161413842044986,5,0,0
Own-delivery adaptation,Same update without qualification,2001,2013-05-31,9,3.404152842539368,2.528916547110467,0.8752362954289014,-3.2466685606195598,0,0,0
Own-delivery adaptation,Equal-total shadow,2001,2013-05-31,9,3.699955964710294,2.619480580602117,1.0804753841081771,-3.1567666040710205,0,0,0
Own-delivery adaptation,No feedback,2001,2013-06-01,9,3.5530552289638444,2.115675500587453,1.4373797283763916,-4.213092676374563,0,0,0
Own-delivery adaptation,ECF,2001,2013-06-01,9,3.678511167714737,2.1974499359824677,1.4810612317322693,-4.131987091203074,3,0,0
Own-delivery adaptation,Same update without qualification,2001,2013-06-01,9,3.1848697144174403,2.107823334909882,1.0770463795075584,-4.220608902622897,0,0,0
Own-delivery adaptation,Equal-total shadow,2001,2013-06-01,9,3.550455515703405,2.1146134273364288,1.4358420883669758,-4.214149503035826,0,0,0
Own-delivery adaptation,No feedback,2001,2013-06-02,9,3.6815072455701694,0.7240089488146902,2.9574982967554786,-7.3795212245742885,0,0,0
Own-delivery adaptation,ECF,2001,2013-06-02,9,3.7449601909815695,0.8020273567578129,2.942932834223757,-7.301979832542387,9,0,0
Own-delivery adaptation,Same update without qualification,2001,2013-06-02,9,2.6305128274999054,0.6802629809370617,1.9502498465628437,-7.423535536769717,0,0,0
Own-delivery adaptation,Equal-total shadow,2001,2013-06-02,9,3.6784693642883948,0.7240660858684244,2.9544032784199707,-7.379465511431264,0,0,0
Own-delivery adaptation,No feedback,2001,2013-06-03,9,3.9719100775277654,2.67562366964107,1.296286407886695,-4.389396096447151,0,0,0
Own-delivery adaptation,ECF,2001,2013-06-03,9,3.974297811242006,2.6811015683708206,1.2931962428711854,-4.383953034612431,8,0,0
Own-delivery adaptation,Same update without qualification,2001,2013-06-03,9,3.610772505554243,2.6078416464332266,1.002930859121016,-4.456666750603031,0,0,0
Own-delivery adaptation,Equal-total shadow,2001,2013-06-03,9,3.9693021835860804,2.673548717889273,1.295753465696807,-4.3914334592912985,0,0,0
Own-delivery adaptation,No feedback,2001,2013-06-04,9,3.690756399691562,2.5944034254481516,1.0963529742434102,-4.225612484245415,0,0,0
Own-delivery adaptation,ECF,2001,2013-06-04,9,3.6774646487000187,2.5835062597699863,1.0939583889300324,-4.236301193576208,5,0,0
Own-delivery adaptation,Same update without qualification,2001,2013-06-04,9,3.511337369794375,2.503576872001642,1.0077604977927332,-4.3154134021232275,0,0,0
Own-delivery adaptation,Equal-total shadow,2001,2013-06-04,9,3.6901847880083465,2.593326998495329,1.0968577895130174,-4.226681610674608,0,0,0
Own-delivery adaptation,No feedback,2001,2013-06-05,9,3.522407421337921,2.289115462632811,1.2332919587051099,-4.641389541954748,0,0,0
Own-delivery adaptation,ECF,2001,2013-06-05,9,3.510973522132691,2.2946265969341004,1.2163469251985914,-4.635827254629496,7,0,0
Own-delivery adaptation,Same update without qualification,2001,2013-06-05,9,3.324033268967507,2.24718107672161,1.0768521922458973,-4.682933157537997,0,0,0
Own-delivery adaptation,Equal-total shadow,2001,2013-06-05,9,3.5216490939858094,2.289336968433379,1.2323121255524307,-4.641168157150236,0,0,0
Own-delivery adaptation,No feedback,2001,2013-06-06,9,4.1978589830921225,2.270848506519202,1.9270104765729203,-4.388824993741059,0,0,0
Own-delivery adaptation,ECF,2001,2013-06-06,9,4.149538460593913,2.2659392152704805,1.8835992453234318,-4.393650057259392,5,0,0
Own-delivery adaptation,Same update without qualification,2001,2013-06-06,9,3.658047321257135,2.194274187200848,1.4637731340562867,-4.464558614687919,0,0,0
Own-delivery adaptation,Equal-total shadow,2001,2013-06-06,9,4.194400759201636,2.2691344530258206,1.9252663061758148,-4.390525167730426,0,0,0
Own-delivery adaptation,No feedback,2001,2013-06-07,9,4.008489462682375,2.051336096538396,1.9571533661439795,-4.2187038044725975,0,0,0
Own-delivery adaptation,ECF,2001,2013-06-07,9,4.001100192848526,2.048419971952039,1.9526802208964866,-4.2215748329136,3,0,0
Own-delivery adaptation,Same update without qualification,2001,2013-06-07,9,3.3579853751868067,1.941842818810765,1.4161425563760417,-4.327661587558835,0,0,0
Own-delivery adaptation,Equal-total shadow,2001,2013-06-07,9,4.001444936273,2.0488173132290153,1.9526276230439845,-4.221185852170919,0,0,0
Own-delivery adaptation,No feedback,2001,2013-06-08,9,3.8102616223493846,2.001981138407199,1.808280483942186,-4.629745717209549,0,0,0
Own-delivery adaptation,ECF,2001,2013-06-08,9,3.79862545977147,1.9953362482418489,1.8032892115296213,-4.636288177087195,2,0,0
Own-delivery adaptation,Same update without qualification,2001,2013-06-08,9,3.2955082455833296,1.9435479349179197,1.3519603106654097,-4.687705737712489,0,0,0
Own-delivery adaptation,Equal-total shadow,2001,2013-06-08,9,3.80494766688666,1.9994634472986508,1.8054842195880092,-4.632234745257817,0,0,0
Own-delivery adaptation,No feedback,2001,2013-06-09,9,4.0107843588277845,2.808943702013721,1.2018406568140636,-3.806553511988359,0,0,0
Own-delivery adaptation,ECF,2001,2013-06-09,9,3.9965851180094094,2.7991092690577664,1.1974758489516435,-3.816276720068613,3,0,0
Own-delivery adaptation,Same update without qualification,2001,2013-06-09,9,3.7410006764132673,2.774433779520823,0.9665668968924443,-3.840928496137691,0,0,0
Own-delivery adaptation,Equal-total shadow,2001,2013-06-09,9,4.008098202386599,2.806504153721213,1.2015940486653867,-3.8089887007337286,0,0,0
Own-delivery adaptation,No feedback,2001,2013-06-10,9,3.7856977476798406,2.3436579903143877,1.4420397573654529,-4.892261122156787,0,0,0
Own-delivery adaptation,ECF,2001,2013-06-10,9,3.9337152980601218,2.397278936432383,1.536436361627739,-4.839196865218357,6,0,0
Own-delivery adaptation,Same update without qualification,2001,2013-06-10,9,3.5307617983754636,2.2864475213545945,1.244314277020869,-4.949063765065064,0,0,0
Own-delivery adaptation,Equal-total shadow,2001,2013-06-10,9,3.7826484286207758,2.3421131059122997,1.4405353227084758,-4.893778909928087,0,0,0
Own-delivery adaptation,No feedback,2001,2013-06-11,9,3.8873209851526545,2.8153306445728554,1.071990340579799,-3.678780284914764,0,0,0
Own-delivery adaptation,ECF,2001,2013-06-11,9,3.8776653857340455,2.8169665046889434,1.060698881045102,-3.677211063895955,6,0,0
Own-delivery adaptation,Same update without qualification,2001,2013-06-11,9,3.6400032224682493,2.7208469281290704,0.9191562943391787,-3.7723120352903217,0,0,0
Own-delivery adaptation,Equal-total shadow,2001,2013-06-11,9,3.900036888824334,2.8294193775179286,1.0706175113064058,-3.6649305088428443,0,0,0
Own-delivery adaptation,No feedback,2001,2013-06-12,9,3.5746072031357845,1.2399968193614725,2.334610383774312,-6.220217159379142,0,0,0
Own-delivery adaptation,ECF,2001,2013-06-12,9,3.876733220393942,1.3839657589659053,2.4927674614280364,-6.077551561603283,10,0,0
Own-delivery adaptation,Same update without qualification,2001,2013-06-12,9,3.2145332498179613,1.3568613913659493,1.8576718584520122,-6.1051599848331355,0,0,0
Own-delivery adaptation,Equal-total shadow,2001,2013-06-12,9,3.5729743574578765,1.2395204910846442,2.3334538663732323,-6.220691630491174,0,0,0
Own-delivery adaptation,No feedback,2001,2013-06-13,9,3.898440009433022,2.651986231792816,1.2464537776402056,-4.153594851306421,0,0,0
Own-delivery adaptation,ECF,2001,2013-06-13,9,3.8742232815769384,2.643256581708681,1.2309666998682578,-4.162170574920847,8,0,0
Own-delivery adaptation,Same update without qualification,2001,2013-06-13,9,3.617286906686866,2.626792527817597,0.9904943788692688,-4.178656465587767,0,0,0
Own-delivery adaptation,Equal-total shadow,2001,2013-06-13,9,3.8868421487090545,2.6430655391205113,1.2437766095885434,-4.162408184160143,0,0,0
Own-delivery adaptation,No feedback,2001,2013-06-14,9,3.559188974489679,2.5828691239311343,0.9763198505585444,-4.356763810778766,0,0,0
Own-delivery adaptation,ECF,2001,2013-06-14,9,3.5602827063404727,2.5777962755407624,0.9824864307997107,-4.36175790969452,2,0,0
Own-delivery adaptation,Same update without qualification,2001,2013-06-14,9,3.380805179496294,2.5014245149851195,0.8793806645111744,-4.437616907689059,0,0,0
Own-delivery adaptation,Equal-total shadow,2001,2013-06-14,9,3.5573422566425767,2.581814889051687,0.9755273675908895,-4.357816953656501,0,0,0
Own-delivery adaptation,No feedback,2001,2013-06-15,9,3.784445745729168,2.3216039329666938,1.462841812762474,-4.8312050841907554,0,0,0
Own-delivery adaptation,ECF,2001,2013-06-15,9,3.86564230922481,2.3347986812612334,1.5308436279635769,-4.818051771984933,5,0,0
Own-delivery adaptation,Same update without qualification,2001,2013-06-15,9,3.400734236038322,2.2218653126871803,1.1788689233511414,-4.930108412364675,0,0,0
Own-delivery adaptation,Equal-total shadow,2001,2013-06-15,9,3.7689087756119015,2.31981218782321,1.4490965877886914,-4.832984413516919,0,0,0
Own-delivery adaptation,No feedback,2001,2013-06-16,9,3.880619851257844,2.6607233289989956,1.2198965222588487,-4.863231737748417,0,0,0
Own-delivery adaptation,ECF,2001,2013-06-16,9,3.902841405051941,2.675005945017649,1.2278354600342918,-4.849170241580289,5,0,0
Own-delivery adaptation,Same update without qualification,2001,2013-06-16,9,3.519377239781339,2.517288254762912,1.0020889850184271,-5.005507165639753,0,0,0
Own-delivery adaptation,Equal-total shadow,2001,2013-06-16,9,3.881741533035051,2.659875852777972,1.221865680257079,-4.864081542153134,0,0,0
Own-delivery adaptation,No feedback,2001,2013-06-17,9,3.543900786712114,2.367477565864882,1.1764232208472316,-5.270170699603062,0,0,0
Own-delivery adaptation,ECF,2001,2013-06-17,9,3.5291830056138345,2.3688049907838753,1.1603780148299594,-5.268682522209551,8,0,0
Own-delivery adaptation,Same update without qualification,2001,2013-06-17,9,3.2615242914497355,2.296328765474456,0.9651955259752794,-5.340718314015973,0,0,0
Own-delivery adaptation,Equal-total shadow,2001,2013-06-17,9,3.535367859014558,2.3619430421766836,1.1734248168378745,-5.275647654629138,0,0,0
Own-delivery adaptation,No feedback,2001,2013-06-18,9,3.753761013511764,2.5912284697328083,1.1625325437789558,-5.175278331206014,0,0,0
Own-delivery adaptation,ECF,2001,2013-06-18,9,3.851046496078039,2.648091064284822,1.2029554317932165,-5.119156790808955,5,0,0
Own-delivery adaptation,Same update without qualification,2001,2013-06-18,9,3.548274568627836,2.582757765108641,0.9655168035191952,-5.183747443923021,0,0,0
Own-delivery adaptation,Equal-total shadow,2001,2013-06-18,9,3.7757684024764036,2.593726398375109,1.1820420041012942,-5.172780647581005,0,0,0
Own-delivery adaptation,No feedback,2001,2013-06-19,9,3.713386764313996,2.413802079080674,1.299584685233322,-5.672306274765889,0,0,0
Own-delivery adaptation,ECF,2001,2013-06-19,9,3.834517095282193,2.5223478442329825,1.3121692510492104,-5.5648771754181015,8,0,0
Own-delivery adaptation,Same update without qualification,2001,2013-06-19,9,3.6672396963048,2.5297200200576344,1.1375196762471658,-5.557754371182823,0,0,0
Own-delivery adaptation,Equal-total shadow,2001,2013-06-19,9,3.7151392060152513,2.4129138215064363,1.302225384508815,-5.6731697430360155,0,0,0
Own-delivery adaptation,No feedback,2001,2013-06-23,10,3.5168946022077465,1.5503303024968442,1.966564299710902,-7.782040583314087,0,0,0
Own-delivery adaptation,ECF,2001,2013-06-23,10,3.6058159618332275,1.581602224131756,2.024213737701471,-7.750964635645872,9,0,0
Own-delivery adaptation,Same update without qualification,2001,2013-06-23,10,2.9320505062442033,1.5458315278550148,1.3862189783891887,-7.786751859642065,0,0,0
Own-delivery adaptation,Equal-total shadow,2001,2013-06-23,10,3.5168905474373005,1.5503248172043211,1.9665657302329795,-7.782046010576753,0,0,0
Own-delivery adaptation,No feedback,2001,2013-06-24,10,3.843914882314205,2.0942316759925976,1.7496832063216072,-6.289124019820628,0,0,0
Own-delivery adaptation,ECF,2001,2013-06-24,10,3.8556357397122696,2.0970570268910547,1.758578712821215,-6.286287399642463,4,0,0
Own-delivery adaptation,Same update without qualification,2001,2013-06-24,10,3.2442986445328508,1.9495483063943921,1.2947503381384589,-6.432327318674591,0,0,0
Own-delivery adaptation,Equal-total shadow,2001,2013-06-24,10,3.8446239181050172,2.0938232606016354,1.7508006575033817,-6.289522816719107,0,0,0
Own-delivery adaptation,No feedback,2001,2013-06-25,10,3.6777411380038267,1.971469609002868,1.7062715290009585,-6.714877798021622,0,0,0
Own-delivery adaptation,ECF,2001,2013-06-25,10,3.6693436438970557,1.969328822176696,1.70001482172036,-6.7169627983906,3,0,0
Own-delivery adaptation,Same update without qualification,2001,2013-06-25,10,2.908569729300318,1.8237237258901637,1.0848460034101541,-6.861445968341512,0,0,0
Own-delivery adaptation,Equal-total shadow,2001,2013-06-25,10,3.677738773359044,1.971398953703756,1.7063398196552881,-6.714945315488507,0,0,0
Own-delivery adaptation,No feedback,2001,2013-06-26,10,3.5690625119376604,2.1747417602008388,1.3943207517368217,-5.402348988150464,0,0,0
Own-delivery adaptation,ECF,2001,2013-06-26,10,3.5379212131085827,2.148739675483443,1.3891815376251395,-5.4280677794459065,7,0,0
Own-delivery adaptation,Same update without qualification,2001,2013-06-26,10,3.3629468886851677,2.114831278976718,1.2481156097084498,-5.461763966154676,0,0,0
Own-delivery adaptation,Equal-total shadow,2001,2013-06-26,10,3.568299970592148,2.1748293099456384,1.3934706606465097,-5.402257589166597,0,0,0
Own-delivery adaptation,No feedback,2001,2013-06-27,10,3.652301915027776,1.8099920662437954,1.8423098487839806,-5.777328818455869,0,0,0
Own-delivery adaptation,ECF,2001,2013-06-27,10,3.6459532734685034,1.8126408406785517,1.8333124327899515,-5.774691686791328,5,0,0
Own-delivery adaptation,Same update without qualification,2001,2013-06-27,10,2.939505644582887,1.7450009221746712,1.194504722408216,-5.842216023223814,0,0,0
Own-delivery adaptation,Equal-total shadow,2001,2013-06-27,10,3.6483460915057857,1.8099350466908923,1.8384110448148936,-5.777383659761149,0,0,0
Own-delivery adaptation,No feedback,2002,2013-01-02,1,4.0680596382450185,3.512289466795251,0.5557701714497674,-1.324945748857218,0,0,0
Own-delivery adaptation,ECF,2002,2013-01-02,1,4.076252140051512,3.4951546178533985,0.5810975221981136,-1.3419291334350294,7,0,0
Own-delivery adaptation,Same update without qualification,2002,2013-01-02,1,4.150637860333602,3.542032628764469,0.6086052315691332,-1.2956403102960774,0,0,0
Own-delivery adaptation,Equal-total shadow,2002,2013-01-02,1,4.065132710406235,3.5122624150983,0.5528702953079347,-1.324972812616887,0,0,0
Own-delivery adaptation,No feedback,2002,2013-01-03,1,4.323549203103905,4.015607027137941,0.3079421759659639,-0.46609281068435404,0,0,0
Own-delivery adaptation,ECF,2002,2013-01-03,1,4.344149280277782,4.031443207747462,0.3127060725303198,-0.4504250487463931,8,0,0
Own-delivery adaptation,Same update without qualification,2002,2013-01-03,1,4.249132111779543,4.010301827721044,0.23883028405849932,-0.470935227546607,0,0,0
Own-delivery adaptation,Equal-total shadow,2002,2013-01-03,1,4.323138698686199,4.01555885354211,0.30757984514408876,-0.4661400596196303,0,0,0
Own-delivery adaptation,No feedback,2002,2013-01-04,1,4.369004492948313,4.1357452782859605,0.23325921466235217,-0.9661849320906978,0,0,0
Own-delivery adaptation,ECF,2002,2013-01-04,1,4.344455218412814,4.1300372065563336,0.21441801185648032,-0.9718858518301681,11,0,0
Own-delivery adaptation,Same update without qualification,2002,2013-01-04,1,4.325432767068828,4.1481641054899505,0.17726866157887744,-0.9542212743414675,0,0,0
Own-delivery adaptation,Equal-total shadow,2002,2013-01-04,1,4.368792705763241,4.135534263454843,0.233258442308398,-0.9663947538799937,0,0,0
Own-delivery adaptation,No feedback,2002,2013-01-05,1,4.421613644758485,4.227516080241368,0.19409756451711704,-1.898730168969792,0,0,0
Own-delivery adaptation,ECF,2002,2013-01-05,1,4.406305308774655,4.216763294930642,0.18954201384401445,-1.9093508623852558,9,0,0
Own-delivery adaptation,Same update without qualification,2002,2013-01-05,1,4.374686274355524,4.201796416590111,0.17288985776541385,-1.9243342265068981,0,0,0
Own-delivery adaptation,Equal-total shadow,2002,2013-01-05,1,4.420664051934663,4.226583073524129,0.1940809784105336,-1.899656368526599,0,0,0
Own-delivery adaptation,No feedback,2002,2013-01-06,1,4.389696358450299,4.208393491511175,0.18130286693912329,-1.7620363790531492,0,0,0
Own-delivery adaptation,ECF,2002,2013-01-06,1,4.378572449512661,4.209483502579402,0.16908894693325882,-1.7608875387890899,13,0,0
Own-delivery adaptation,Same update without qualification,2002,2013-01-06,1,4.3463318691088535,4.180334683280469,0.16599718582838444,-1.7897632826661953,0,0,0
Own-delivery adaptation,Equal-total shadow,2002,2013-01-06,1,4.389063536089563,4.208040978128177,0.18102255796138575,-1.7623890545350234,0,0,0
Own-delivery adaptation,No feedback,2002,2013-01-07,1,4.337754647341751,4.008179211658986,0.32957543568276587,-1.430556291887637,0,0,0
Own-delivery adaptation,ECF,2002,2013-01-07,1,4.356099455690199,4.053150499555732,0.30294895613446654,-1.3861161231386878,11,0,0
Own-delivery adaptation,Same update without qualification,2002,2013-01-07,1,4.292172093736499,4.051372050339365,0.2408000433971331,-1.3880469729397855,0,0,0
Own-delivery adaptation,Equal-total shadow,2002,2013-01-07,1,4.337216161870833,4.00787308728964,0.3293430745811921,-1.4308578937766683,0,0,0
Own-delivery adaptation,No feedback,2002,2013-01-08,1,4.031322953041675,3.68754988609732,0.3437730669443555,-6.408305244745353,0,0,0
Own-delivery adaptation,ECF,2002,2013-01-08,1,4.059008096430995,3.7138670356184087,0.3451410608125862,-6.3823615615042115,10,0,0
Own-delivery adaptation,Same update without qualification,2002,2013-01-08,1,3.9587902628315987,3.67340662436273,0.28538363846886916,-6.422647649879044,0,0,0
Own-delivery adaptation,Equal-total shadow,2002,2013-01-08,1,4.030119654242291,3.6865862772303317,0.3435333770119586,-6.409262032366279,0,0,0
Own-delivery adaptation,No feedback,2002,2013-01-12,2,4.134096402782405,3.6022773169649827,0.531819085817422,-3.478020557013096,0,0,0
Own-delivery adaptation,ECF,2002,2013-01-12,2,4.104150144562518,3.596542127976708,0.5076080165858102,-3.4840723892952785,6,0,0
Own-delivery adaptation,Same update without qualification,2002,2013-01-12,2,3.8501464687140317,3.4631637422902135,0.3869827264238176,-3.6164077193626927,0,0,0
Own-delivery adaptation,Equal-total shadow,2002,2013-01-12,2,4.133346155331458,3.6016304945069466,0.5317156608245119,-3.4786635012180174,0,0,0
Own-delivery adaptation,No feedback,2002,2013-01-13,2,3.903659200468085,2.6507819603977256,1.2528772400703592,-2.62274557840607,0,0,0
Own-delivery adaptation,ECF,2002,2013-01-13,2,4.114233480619865,2.7592675617304794,1.3549659188893861,-2.515291847405011,8,0,0
Own-delivery adaptation,Same update without qualification,2002,2013-01-13,2,3.6256474166615664,2.662261893397665,0.9633855232639013,-2.6116145592265254,0,0,0
Own-delivery adaptation,Equal-total shadow,2002,2013-01-13,2,3.903688086230695,2.650780063977607,1.2529080222530877,-2.622752293318375,0,0,0
Own-delivery adaptation,No feedback,2002,2013-01-14,2,3.979994579591111,3.466783070075229,0.5132115095158821,-1.0744404165440795,0,0,0
Own-delivery adaptation,ECF,2002,2013-01-14,2,3.973749838174297,3.480193802925848,0.49355603524844843,-1.0610767592890524,10,0,0
Own-delivery adaptation,Same update without qualification,2002,2013-01-14,2,3.925087601321698,3.505284759908818,0.41980284141287977,-1.0364892616576955,0,0,0
Own-delivery adaptation,Equal-total shadow,2002,2013-01-14,2,3.9825986835166582,3.469457329884131,0.5131413536325272,-1.0717922455642481,0,0,0
Own-delivery adaptation,No feedback,2002,2013-01-15,2,4.332542809383041,4.044994138656992,0.2875486707260499,-0.41405725122446707,0,0,0
Own-delivery adaptation,ECF,2002,2013-01-15,2,4.318496468094591,4.046843426423272,0.27165304167131954,-0.41221948129883934,12,0,0
Own-delivery adaptation,Same update without qualification,2002,2013-01-15,2,4.314494558135801,4.084059156273485,0.230435401862317,-0.3754328816199117,0,0,0
Own-delivery adaptation,Equal-total shadow,2002,2013-01-15,2,4.332570794835554,4.0450374506927655,0.2875333441427879,-0.4140155807625633,0,0,0
Own-delivery adaptation,No feedback,2002,2013-01-16,2,4.2107612002815,3.9176908463096214,0.2930703539718781,-1.1375932091779577,0,0,0
Own-delivery adaptation,ECF,2002,2013-01-16,2,4.228389213281543,3.9274174387880447,0.30097177449349805,-1.128085652084827,9,0,0
Own-delivery adaptation,Same update without qualification,2002,2013-01-16,2,4.24242586024319,3.949473352144195,0.29295250809899576,-1.1063266235098985,0,0,0
Own-delivery adaptation,Equal-total shadow,2002,2013-01-16,2,4.210155980771111,3.917125445748313,0.2930305350227984,-1.1381611062609502,0,0,0
Own-delivery adaptation,No feedback,2002,2013-01-17,2,4.304963546788773,3.9586740045974755,0.34628954219129715,-1.8975918186335996,0,0,0
Own-delivery adaptation,ECF,2002,2013-01-17,2,4.237236681446496,3.9254800168536246,0.3117566645928711,-1.9302253309579083,12,0,0
Own-delivery adaptation,Same update without qualification,2002,2013-01-17,2,4.298327786434746,3.9480281259970322,0.3502996604377144,-1.9081904833147374,0,0,0
Own-delivery adaptation,Equal-total shadow,2002,2013-01-17,2,4.303700210925242,3.9574947013147415,0.3462055096105006,-1.8987631279010382,0,0,0
Own-delivery adaptation,No feedback,2002,2013-01-18,2,4.2560190240173625,3.7016591151884546,0.5543599088289077,-5.641060342812729,0,0,0
Own-delivery adaptation,ECF,2002,2013-01-18,2,4.2368850200465715,3.7068162488153598,0.5300687712312121,-5.636024981344812,13,0,0
Own-delivery adaptation,Same update without qualification,2002,2013-01-18,2,4.202469248464949,3.686474604580443,0.5159946438845051,-5.656161502630005,0,0,0
Own-delivery adaptation,Equal-total shadow,2002,2013-01-18,2,4.253934995846674,3.700798959492616,0.5531360363540578,-5.641932873703878,0,0,0
Own-delivery adaptation,No feedback,2002,2013-01-19,2,4.100292297656131,3.157887188498332,0.9424051091577988,-1.8636673861695172,0,0,0
Own-delivery adaptation,ECF,2002,2013-01-19,2,4.1288134128364575,3.210908081922992,0.9179053309134657,-1.8111794130337224,9,0,0
Own-delivery adaptation,Same update without qualification,2002,2013-01-19,2,3.75268440601497,3.088130318478625,0.6645540875363456,-1.9328569939140139,0,0,0
Own-delivery adaptation,Equal-total shadow,2002,2013-01-19,2,4.097143120313902,3.1554509355359315,0.94169218477797,-1.8660726428747465,0,0,0
Own-delivery adaptation,No feedback,2002,2013-01-20,2,3.7717982265096714,2.484170474442818,1.2876277520668542,-2.366977026379928,0,0,0
Own-delivery adaptation,ECF,2002,2013-01-20,2,3.7742738836281085,2.518571353825785,1.2557025298023234,-2.3328709677630255,7,0,0
Own-delivery adaptation,Same update without qualification,2002,2013-01-20,2,3.358048602824396,2.39017774183774,0.9678708609866558,-2.46059718042893,0,0,0
Own-delivery adaptation,Equal-total shadow,2002,2013-01-20,2,3.7680257200516083,2.482553548121673,1.2854721719299358,-2.3685937103705585,0,0,0
Own-delivery adaptation,No feedback,2002,2013-01-21,2,3.8378644425667323,3.5178968935296484,0.3199675490370836,-1.2880839604684728,0,0,0
Own-delivery adaptation,ECF,2002,2013-01-21,2,3.8266125061651484,3.517195406091185,0.30941710007396284,-1.288794735561054,11,0,0
Own-delivery adaptation,Same update without qualification,2002,2013-01-21,2,3.7815461977467892,3.5408058465996786,0.24074035114711098,-1.265717258940271,0,0,0
Own-delivery adaptation,Equal-total shadow,2002,2013-01-21,2,3.835851202196462,3.515977445833724,0.3198737563627375,-1.2899834412708808,0,0,0
Own-delivery adaptation,No feedback,2002,2013-01-22,2,3.813059903352929,3.1127217304990027,0.7003381728539261,-2.4898313739290847,0,0,0
Own-delivery adaptation,ECF,2002,2013-01-22,2,3.9799877991146526,3.1225446184384222,0.8574431806762302,-2.4800395696037,7,0,0
Own-delivery adaptation,Same update without qualification,2002,2013-01-22,2,3.759268949663204,3.0469301423122994,0.7123388073509048,-2.555094750932617,0,0,0
Own-delivery adaptation,Equal-total shadow,2002,2013-01-22,2,3.814008426487821,3.1143946450378284,0.6996137814499925,-2.4881811425080085,0,0,0
Own-delivery adaptation,No feedback,2002,2013-01-23,2,3.950556485712529,3.2100850540834336,0.7404714316290953,-1.5610886210114352,0,0,0
Own-delivery adaptation,ECF,2002,2013-01-23,2,3.945599443621515,3.268192378727135,0.6774070648943802,-1.5039627194417997,6,0,0
Own-delivery adaptation,Same update without qualification,2002,2013-01-23,2,3.7697108362969445,3.201642958420252,0.5680678778766923,-1.5703286788096322,0,0,0
Own-delivery adaptation,Equal-total shadow,2002,2013-01-23,2,3.9496836196878,3.209393138962869,0.7402904807249309,-1.5617842381998688,0,0,0
Own-delivery adaptation,No feedback,2002,2013-01-24,2,4.069418990034063,3.618550384573726,0.4508686054603374,-1.3389166903174496,0,0,0
Own-delivery adaptation,ECF,2002,2013-01-24,2,4.096247009597269,3.6519559625186253,0.4442910470786435,-1.3057214322710928,11,0,0
Own-delivery adaptation,Same update without qualification,2002,2013-01-24,2,3.9501606117970565,3.6084600692908944,0.34170054250616205,-1.3487984957503296,0,0,0
Own-delivery adaptation,Equal-total shadow,2002,2013-01-24,2,4.067741443151709,3.6163861300201954,0.4513553131315139,-1.3410374778505518,0,0,0
Own-delivery adaptation,No feedback,2002,2013-01-25,2,4.139680081170399,3.8970782261577956,0.2426018550126031,-2.072351441849337,0,0,0
Own-delivery adaptation,ECF,2002,2013-01-25,2,4.1290064416112155,3.8922956682841536,0.23671077332706209,-2.077093722602425,8,0,0
Own-delivery adaptation,Same update without qualification,2002,2013-01-25,2,4.097850976311017,3.90598831289228,0.19186266341873703,-2.0636952160165682,0,0,0
Own-delivery adaptation,Equal-total shadow,2002,2013-01-25,2,4.137442734807433,3.895156381973034,0.2422863528343984,-2.0742645812190594,0,0,0
Own-delivery adaptation,No feedback,2002,2013-04-02,3,3.7799127804888495,3.231877784572549,0.5480349959163003,-1.4837115406520618,0,0,0
Own-delivery adaptation,ECF,2002,2013-04-02,3,3.81294063408102,3.25469408982234,0.5582465442586803,-1.4613251072566609,6,0,0
Own-delivery adaptation,Same update without qualification,2002,2013-04-02,3,3.596832593133676,3.126082245177411,0.4707503479562649,-1.5885094637961592,0,0,0
Own-delivery adaptation,Equal-total shadow,2002,2013-04-02,3,3.7800158371619186,3.2319800113922934,0.5480358257696254,-1.4836067946755123,0,0,0
Own-delivery adaptation,No feedback,2002,2013-04-03,3,3.944123760338386,2.000905714466801,1.9432180458715846,-3.0762049192196312,0,0,0
Own-delivery adaptation,ECF,2002,2013-04-03,3,3.9069865151084215,2.053675747607289,1.8533107675011322,-3.0241186821721837,10,0,0
Own-delivery adaptation,Same update without qualification,2002,2013-04-03,3,3.324105951874498,1.8420506016730362,1.4820553502014622,-3.234488527412684,0,0,0
Own-delivery adaptation,Equal-total shadow,2002,2013-04-03,3,3.9376451955606853,2.000752616421707,1.9368925791389784,-3.0763549499867846,0,0,0
Own-delivery adaptation,No feedback,2002,2013-04-04,3,3.993338579974483,2.6827544729947004,1.3105841069797828,-2.4554366224941178,0,0,0
Own-delivery adaptation,ECF,2002,2013-04-04,3,3.9908432419907873,2.6907027728911554,1.3001404690996317,-2.4475351018165568,8,0,0
Own-delivery adaptation,Same update without qualification,2002,2013-04-04,3,3.68940137101619,2.607820218455019,1.0815811525611707,-2.5300423943548016,0,0,0
Own-delivery adaptation,Equal-total shadow,2002,2013-04-04,3,3.9923643368196964,2.682216955869464,1.3101473809502322,-2.455958822918742,0,0,0
Own-delivery adaptation,No feedback,2002,2013-04-09,4,3.759150851432837,2.7383482251579667,1.0208026262748708,-2.2531625758908977,0,0,0
Own-delivery adaptation,ECF,2002,2013-04-09,4,3.870249451970771,2.8870701093331914,0.9831793426375793,-2.1062109999474283,9,0,0
Own-delivery adaptation,Same update without qualification,2002,2013-04-09,4,3.7801048410322164,2.9176803744526048,0.8624244665796116,-2.076387490997992,0,0,0
Own-delivery adaptation,Equal-total shadow,2002,2013-04-09,4,3.7590679702712886,2.738182254730211,1.0208857155410775,-2.2533265716966766,0,0,0
Own-delivery adaptation,No feedback,2002,2013-04-10,4,4.022283943759331,3.3365047282561027,0.685779215503228,-1.5727116037821574,0,0,0
Own-delivery adaptation,ECF,2002,2013-04-10,4,4.01858347180955,3.336982539813772,0.6816009319957778,-1.5722483708952757,6,0,0
Own-delivery adaptation,Same update without qualification,2002,2013-04-10,4,3.907869202557996,3.2944676086227087,0.6134015939352873,-1.6142508825647637,0,0,0
Own-delivery adaptation,Equal-total shadow,2002,2013-04-10,4,4.023058137653214,3.337337089927992,0.6857210477252212,-1.5718979225208936,0,0,0
Own-delivery adaptation,No feedback,2002,2013-04-14,5,3.8691261126475798,3.243185819068175,0.625940293579405,-1.7131075829899085,0,0,0
Own-delivery adaptation,ECF,2002,2013-04-14,5,3.83418196762104,3.2159116199405577,0.6182703476804823,-1.7400600814848926,8,0,0
Own-delivery adaptation,Same update without qualification,2002,2013-04-14,5,3.763944068668751,3.1893703436041845,0.5745737250645666,-1.766312268885003,0,0,0
Own-delivery adaptation,Equal-total shadow,2002,2013-04-14,5,3.8689187050263683,3.243047439636741,0.6258712653896273,-1.713245719028198,0,0,0
Own-delivery adaptation,No feedback,2002,2013-04-15,5,3.8618623784935107,3.073117799102523,0.7887445793909875,-1.8868780122507285,0,0,0
Own-delivery adaptation,ECF,2002,2013-04-15,5,3.898411288191333,3.1066869803499944,0.7917243078413385,-1.853663192922892,7,0,0
Own-delivery adaptation,Same update without qualification,2002,2013-04-15,5,3.8178015455611294,3.064468502145651,0.753333043415478,-1.895194792460947,0,0,0
Own-delivery adaptation,Equal-total shadow,2002,2013-04-15,5,3.857803366661065,3.069540536490464,0.7882628301706006,-1.8903993309617453,0,0,0
Own-delivery adaptation,No feedback,2002,2013-04-22,6,4.016086907851955,2.894178389185745,1.12190851866621,-2.5608898958009836,0,0,0
Own-delivery adaptation,ECF,2002,2013-04-22,6,4.094981206601918,2.932950782814152,1.1620304237877654,-2.5223116664494243,7,0,0
Own-delivery adaptation,Same update without qualification,2002,2013-04-22,6,3.8765598147832976,2.8168073214822646,1.0597524933010327,-2.6374301996329557,0,0,0
Own-delivery adaptation,Equal-total shadow,2002,2013-04-22,6,4.014522946520675,2.892709033753062,1.1218139127676128,-2.562351590788693,0,0,0
Own-delivery adaptation,No feedback,2002,2013-04-28,7,3.4323536129199765,2.698253833765464,0.7340997791545123,-2.5339226489062785,0,0,0
Own-delivery adaptation,ECF,2002,2013-04-28,7,3.4243276702350722,2.691291862739662,0.7330358074954105,-2.540770672169056,5,0,0
Own-delivery adaptation,Same update without qualification,2002,2013-04-28,7,3.3171376960761485,2.6373721748946357,0.6797655211815127,-2.594232235228933,0,0,0
Own-delivery adaptation,Equal-total shadow,2002,2013-04-28,7,3.4321530876407103,2.6981383828012255,0.7340147048394847,-2.5340367511627933,0,0,0
Own-delivery adaptation,No feedback,2002,2013-04-29,7,3.8038837655679214,3.091107505571795,0.712776259996126,-1.9338551654547143,0,0,0
Own-delivery adaptation,ECF,2002,2013-04-29,7,3.7978566986031668,3.084031759553347,0.7138249390498198,-1.9407988105403549,6,0,0
Own-delivery adaptation,Same update without qualification,2002,2013-04-29,7,3.699953484129458,3.0401540639968143,0.6597994201326441,-1.9842718372808852,0,0,0
Own-delivery adaptation,Equal-total shadow,2002,2013-04-29,7,3.8051388034665488,3.091269634147828,0.7138691693187206,-1.933695200308003,0,0,0
Own-delivery adaptation,No feedback,2002,2013-04-30,7,3.799322897427331,2.723969404888577,1.075353492538754,-2.318242764803185,0,0,0
Own-delivery adaptation,ECF,2002,2013-04-30,7,3.7401327788994863,2.719567851361937,1.0205649275375495,-2.3226029119246,6,0,0
Own-delivery adaptation,Same update without qualification,2002,2013-04-30,7,3.552126505901616,2.6508638424086426,0.901262663492973,-2.390796597324461,0,0,0
Own-delivery adaptation,Equal-total shadow,2002,2013-04-30,7,3.798370716672672,2.7237049291502506,1.0746657875224217,-2.3185068209252897,0,0,0
Own-delivery adaptation,No feedback,2002,2013-05-01,7,4.075802888129931,3.0621135909757413,1.0136892971541898,-2.025995169166086,0,0,0
Own-delivery adaptation,ECF,2002,2013-05-01,7,4.073872549617125,3.060148203424608,1.0137243461925167,-2.02792230943684,2,0,0
Own-delivery adaptation,Same update without qualification,2002,2013-05-01,7,3.807656730110894,2.9625935193036192,0.8450632108072746,-2.124359284423328,0,0,0
Own-delivery adaptation,Equal-total shadow,2002,2013-05-01,7,4.073917587324256,3.060193635035465,1.0137239522887909,-2.0278770464437,0,0,0
Own-delivery adaptation,No feedback,2002,2013-05-06,8,3.613504160993618,2.911024938527249,0.702479222466369,-2.658968415418955,0,0,0
Own-delivery adaptation,ECF,2002,2013-05-06,8,3.611455217423112,2.9098713164698404,0.7015839009532714,-2.66011408765624,5,0,0
Own-delivery adaptation,Same update without qualification,2002,2013-05-06,8,3.531211416112284,2.8516205388518676,0.6795908772604168,-2.717698366626482,0,0,0
Own-delivery adaptation,Equal-total shadow,2002,2013-05-06,8,3.6134916171890663,2.9110136932880377,0.7024779239010287,-2.6589795062953705,0,0,0
Own-delivery adaptation,No feedback,2002,2013-05-07,8,3.9462838285348707,2.9329996872172774,1.0132841413175935,-2.5856011051900367,0,0,0
Own-delivery adaptation,ECF,2002,2013-05-07,8,3.9485332243717686,2.9331062670945114,1.0154269572772572,-2.5854790417232056,5,0,0
Own-delivery adaptation,Same update without qualification,2002,2013-05-07,8,3.847844366593268,2.9137949174774693,0.9340494491157988,-2.604687214898626,0,0,0
Own-delivery adaptation,Equal-total shadow,2002,2013-05-07,8,3.9472440906011315,2.933763984965054,1.0134801056360774,-2.58485230876913,0,0,0
Own-delivery adaptation,No feedback,2002,2013-05-08,8,3.874226919917531,2.846500998942011,1.02772592097552,-2.5723249840894047,0,0,0
Own-delivery adaptation,ECF,2002,2013-05-08,8,3.8516979588322204,2.852000029954473,0.9996979288777476,-2.5670667687014843,7,0,0
Own-delivery adaptation,Same update without qualification,2002,2013-05-08,8,3.725438044362167,2.844829746718491,0.8806082976436764,-2.574197455233797,0,0,0
Own-delivery adaptation,Equal-total shadow,2002,2013-05-08,8,3.8735683007566566,2.845968899624538,1.027599401132119,-2.572850089994894,0,0,0
Own-delivery adaptation,No feedback,2002,2013-05-09,8,3.944163718220827,2.9973116348638316,0.9468520833569957,-2.349823807509719,0,0,0
Own-delivery adaptation,ECF,2002,2013-05-09,8,3.9333384176109845,2.9894761522419344,0.9438622653690498,-2.357538830448983,9,0,0
Own-delivery adaptation,Same update without qualification,2002,2013-05-09,8,3.7391590899958533,2.9338746530708435,0.8052844369250095,-2.412541849993274,0,0,0
Own-delivery adaptation,Equal-total shadow,2002,2013-05-09,8,3.9425121329077304,2.9958762132077013,0.946635919700029,-2.3512234012421684,0,0,0
Own-delivery adaptation,No feedback,2002,2013-05-10,8,3.7149114746518386,2.878984524993992,0.8359269496578471,-2.351802755087985,0,0,0
Own-delivery adaptation,ECF,2002,2013-05-10,8,3.7140785660070614,2.879022715973598,0.8350558500334634,-2.351765671295341,2,0,0
Own-delivery adaptation,Same update without qualification,2002,2013-05-10,8,3.577494951146366,2.8014031822918026,0.7760917688545637,-2.4286763707384194,0,0,0
Own-delivery adaptation,Equal-total shadow,2002,2013-05-10,8,3.714275803775732,2.878811620313009,0.8354641834627229,-2.351974688049545,0,0,0
Own-delivery adaptation,No feedback,2002,2013-05-11,8,3.998966867957788,2.553432710903346,1.445534157054442,-3.0888451463717566,0,0,0
Own-delivery adaptation,ECF,2002,2013-05-11,8,4.174827366991006,2.696696699321959,1.4781306676690462,-2.946794610281316,9,0,0
Own-delivery adaptation,Same update without qualification,2002,2013-05-11,8,3.77877241478891,2.590257305546503,1.1885151092424067,-3.0521513080833933,0,0,0
Own-delivery adaptation,Equal-total shadow,2002,2013-05-11,8,4.00281046193843,2.555146769286067,1.4476636926523634,-3.087153216241615,0,0,0
Own-delivery adaptation,No feedback,2002,2013-05-12,8,4.18978252806701,3.105148161250552,1.0846343668164582,-2.459875099271904,0,0,0
Own-delivery adaptation,ECF,2002,2013-05-12,8,4.179015240899407,3.1174578988535506,1.0615573420458566,-2.4477648030662404,4,0,0
Own-delivery adaptation,Same update without qualification,2002,2013-05-12,8,4.0424652254806785,3.1235578614567894,0.9189073640238894,-2.4421128120593827,0,0,0
Own-delivery adaptation,Equal-total shadow,2002,2013-05-12,8,4.188066726719775,3.103143671621165,1.0849230550986102,-2.4618659078867857,0,0,0
Own-delivery adaptation,No feedback,2002,2013-05-16,9,3.7236054859934566,2.775956703176488,0.9476487828169685,-3.191296838159859,0,0,0
Own-delivery adaptation,ECF,2002,2013-05-16,9,3.7223493416778113,2.775956703176488,0.9463926385013233,-3.191296838160727,2,0,0
Own-delivery adaptation,Same update without qualification,2002,2013-05-16,9,3.4938615982221135,2.662217958943383,0.8316436392787302,-3.303535043983546,0,0,0
Own-delivery adaptation,Equal-total shadow,2002,2013-05-16,9,3.723605490776149,2.775956703176488,0.9476487875996608,-3.1912968381597127,0,0,0
Own-delivery adaptation,No feedback,2002,2013-05-17,9,3.7687202764042658,2.822806316415348,0.9459139599889176,-3.310944431617679,0,0,0
Own-delivery adaptation,ECF,2002,2013-05-17,9,3.7718805516652427,2.827831030468724,0.9440495211965184,-3.305981580220543,2,0,0
Own-delivery adaptation,Same update without qualification,2002,2013-05-17,9,3.557437623335085,2.7116555479536495,0.8457820753814351,-3.421081040569714,0,0,0
Own-delivery adaptation,Equal-total shadow,2002,2013-05-17,9,3.768671978075025,2.822794511260205,0.9458774668148204,-3.3109560956028443,0,0,0
Own-delivery adaptation,No feedback,2002,2013-05-18,9,3.9014692884148165,2.9223415838032483,0.9791277046115684,-3.464236668056062,0,0,0
Own-delivery adaptation,ECF,2002,2013-05-18,9,3.8852396680491994,2.907293775611248,0.9779458924379518,-3.4791336294621935,5,0,0
Own-delivery adaptation,Same update without qualification,2002,2013-05-18,9,3.70039427311161,2.8339671868960554,0.8664270862155541,-3.551878163990802,0,0,0
Own-delivery adaptation,Equal-total shadow,2002,2013-05-18,9,3.901365830759079,2.922205025096854,0.9791608056622254,-3.4643725578049347,0,0,0
Own-delivery adaptation,No feedback,2002,2013-05-19,9,3.555407665737215,2.7051973301794314,0.8502103355577834,-3.9363420227490313,0,0,0
Own-delivery adaptation,ECF,2002,2013-05-19,9,3.5487924178909234,2.699798311089559,0.8489941068013646,-3.9416045124160264,5,0,0
Own-delivery adaptation,Same update without qualification,2002,2013-05-19,9,3.3812603132465537,2.659929608136247,0.7213307051103064,-3.9814062259786214,0,0,0
Own-delivery adaptation,Equal-total shadow,2002,2013-05-19,9,3.5549908038744635,2.704958619200993,0.8500321846734702,-3.9365783788779596,0,0,0
Own-delivery adaptation,No feedback,2002,2013-05-20,9,3.472778720520422,2.5759557625789204,0.8968229579415012,-4.041058498997043,0,0,0
Own-delivery adaptation,ECF,2002,2013-05-20,9,3.4838109694610195,2.5804102021314845,0.9034007673295351,-4.036579061858825,2,0,0
Own-delivery adaptation,Same update without qualification,2002,2013-05-20,9,3.2270812620942726,2.472696475302579,0.7543847867916932,-4.143250548729246,0,0,0
Own-delivery adaptation,Equal-total shadow,2002,2013-05-20,9,3.4723319922675473,2.575386434705198,0.8969455575623492,-4.041620195039725,0,0,0
Own-delivery adaptation,No feedback,2002,2013-05-21,9,4.050980651975364,2.9530635411133064,1.097917110862058,-3.2901666075751885,0,0,0
Own-delivery adaptation,ECF,2002,2013-05-21,9,4.045358635079477,2.949023114278473,1.0963355208010048,-3.2940891510179173,5,0,0
Own-delivery adaptation,Same update without qualification,2002,2013-05-21,9,3.77755063359336,2.8168947750835645,0.9606558585097955,-3.4247035663373,0,0,0
Own-delivery adaptation,Equal-total shadow,2002,2013-05-21,9,4.0507151741438605,2.952906916094335,1.097808258049525,-3.2903226003313484,0,0,0
Own-delivery adaptation,No feedback,2002,2013-05-22,9,3.6434768218687896,1.8968415158844014,1.7466353059843882,-5.321883468421547,0,0,0
Own-delivery adaptation,ECF,2002,2013-05-22,9,3.656473007490362,1.879668561714883,1.776804445775479,-5.338917729646208,4,0,0
Own-delivery adaptation,Same update without qualification,2002,2013-05-22,9,3.2087758264971997,1.9376456041980823,1.2711302222991179,-5.281445530372013,0,0,0
Own-delivery adaptation,Equal-total shadow,2002,2013-05-22,9,3.6426297509428247,1.8965592696732023,1.7460704812696222,-5.322164325298979,0,0,0
Own-delivery adaptation,No feedback,2002,2013-05-23,9,3.9829308652601942,1.6369219048040897,2.3460089604561047,-5.678385426613739,0,0,0
Own-delivery adaptation,ECF,2002,2013-05-23,9,3.58359484754225,1.6529703112906704,1.9306245362515793,-5.662476577878883,13,0,0
Own-delivery adaptation,Same update without qualification,2002,2013-05-23,9,3.2218643305422603,1.6214338112662778,1.6004305192759825,-5.6941904265661005,0,0,0
Own-delivery adaptation,Equal-total shadow,2002,2013-05-23,9,3.968006458889672,1.635215313145995,2.3327911457436765,-5.680070602856847,0,0,0
Own-delivery adaptation,No feedback,2002,2013-05-24,9,3.9694341169925083,2.6271144588955555,1.3423196580969528,-4.195413508799206,0,0,0
Own-delivery adaptation,ECF,2002,2013-05-24,9,3.9627552436388886,2.6240321372244946,1.338723106414394,-4.1984630776159975,3,0,0
Own-delivery adaptation,Same update without qualification,2002,2013-05-24,9,3.580585422025659,2.498414421469271,1.0821710005563876,-4.323085941897451,0,0,0
Own-delivery adaptation,Equal-total shadow,2002,2013-05-24,9,3.967031439842794,2.626139115042266,1.3408923248005282,-4.19637526864161,0,0,0
Own-delivery adaptation,No feedback,2002,2013-05-25,9,3.744704161450535,2.619308485477288,1.1253956759732475,-4.035662925067421,0,0,0
Own-delivery adaptation,ECF,2002,2013-05-25,9,3.774773684213767,2.649483833641681,1.1252898505720856,-4.005764771196857,6,0,0
Own-delivery adaptation,Same update without qualification,2002,2013-05-25,9,3.575329700578615,2.5878151812501486,0.9875145193284666,-4.067212882747906,0,0,0
Own-delivery adaptation,Equal-total shadow,2002,2013-05-25,9,3.7464266615565105,2.6209875315182902,1.1254391300382205,-4.034002004496626,0,0,0
Own-delivery adaptation,No feedback,2002,2013-05-26,9,3.678032275053525,2.699990062273532,0.9780422127799923,-4.080712174913693,0,0,0
Own-delivery adaptation,ECF,2002,2013-05-26,9,3.6769668615964575,2.700543789480252,0.9764230721162053,-4.080181602122816,5,0,0
Own-delivery adaptation,Same update without qualification,2002,2013-05-26,9,3.4464498468862104,2.63528020699672,0.8111696398894903,-4.145024619189613,0,0,0
Own-delivery adaptation,Equal-total shadow,2002,2013-05-26,9,3.6752828180676813,2.6978028775494063,0.9774799405182749,-4.082893008008885,0,0,0
Own-delivery adaptation,No feedback,2002,2013-05-27,9,3.7289541240419886,2.223665326201195,1.5052887978407934,-4.787394170988279,0,0,0
Own-delivery adaptation,ECF,2002,2013-05-27,9,3.7734438296434005,2.283353290568846,1.490090539074555,-4.72826352606045,7,0,0
Own-delivery adaptation,Same update without qualification,2002,2013-05-27,9,3.519515697908447,2.2382456794540886,1.2812700184543584,-4.773205246444872,0,0,0
Own-delivery adaptation,Equal-total shadow,2002,2013-05-27,9,3.723903752369841,2.2205551281633693,1.503348624206472,-4.790472752479213,0,0,0
Own-delivery adaptation,No feedback,2002,2013-05-28,9,4.193971832403959,2.4531724701061797,1.74079936229778,-4.066698264691893,0,0,0
Own-delivery adaptation,ECF,2002,2013-05-28,9,4.222402970949255,2.482152352113798,1.7402506188354567,-4.038031482764419,3,0,0
Own-delivery adaptation,Same update without qualification,2002,2013-05-28,9,3.636579902470526,2.378030997249161,1.2585489052213648,-4.1411006100556325,0,0,0
Own-delivery adaptation,Equal-total shadow,2002,2013-05-28,9,4.187005563462686,2.451295622097686,1.7357099413650003,-4.068552300036912,0,0,0
Own-delivery adaptation,No feedback,2002,2013-05-29,9,4.001232863485121,2.6438870906964618,1.357345772788659,-3.4575133400888123,0,0,0
Own-delivery adaptation,ECF,2002,2013-05-29,9,4.06278183271979,2.709320806673979,1.3534610260458109,-3.3929242443219247,6,0,0
Own-delivery adaptation,Same update without qualification,2002,2013-05-29,9,3.8843796339722223,2.7954689646137023,1.0889106693585195,-3.307950733059718,0,0,0
Own-delivery adaptation,Equal-total shadow,2002,2013-05-29,9,3.9953691076770186,2.6393935623034217,1.3559755453735973,-3.461957503968609,0,0,0
Own-delivery adaptation,No feedback,2002,2013-05-30,9,4.014597084606468,2.950051088047151,1.0645459965593167,-3.0933591061496704,0,0,0
Own-delivery adaptation,ECF,2002,2013-05-30,9,3.9997180141038515,2.936069855946531,1.0636481581573205,-3.1071221229764543,3,0,0
Own-delivery adaptation,Same update without qualification,2002,2013-05-30,9,3.8062208493981093,2.869062536194444,0.9371583132036654,-3.173415028800508,0,0,0
Own-delivery adaptation,Equal-total shadow,2002,2013-05-30,9,4.0118158022929435,2.947907048378688,1.0639087539142553,-3.0954866106404513,0,0,0
Own-delivery adaptation,No feedback,2002,2013-05-31,9,3.9700839419008713,2.8203651111601054,1.1497188307407664,-2.958399293165436,0,0,0
Own-delivery adaptation,ECF,2002,2013-05-31,9,3.9662283087149417,2.7999161392451017,1.1663121694698397,-2.9784851628660998,8,0,0
Own-delivery adaptation,Same update without qualification,2002,2013-05-31,9,3.6430950043652515,2.670930748597474,0.9721642557677774,-3.1060868460645947,0,0,0
Own-delivery adaptation,Equal-total shadow,2002,2013-05-31,9,3.9702556444394395,2.8186167362083543,1.1516389082310852,-2.960128745042188,0,0,0
Own-delivery adaptation,No feedback,2002,2013-06-01,9,3.6033875560368434,2.0083434576226833,1.59504409841416,-4.319584583549299,0,0,0
Own-delivery adaptation,ECF,2002,2013-06-01,9,3.706488263418952,2.0430128725604733,1.6634753908584787,-4.285022221290214,5,0,0
Own-delivery adaptation,Same update without qualification,2002,2013-06-01,9,3.211095225761921,2.0250124287164706,1.1860827970454502,-4.302836717577938,0,0,0
Own-delivery adaptation,Equal-total shadow,2002,2013-06-01,9,3.6014100336633463,2.0077730291947873,1.5936370044685588,-4.3201479404238246,0,0,0
Own-delivery adaptation,No feedback,2002,2013-06-02,9,3.7036077866338157,0.7012924524797026,3.0023153341541127,-7.402171362035549,0,0,0
Own-delivery adaptation,ECF,2002,2013-06-02,9,4.044539656810591,0.7891516581121067,3.2553879986984837,-7.314737653536608,7,0,0
Own-delivery adaptation,Same update without qualification,2002,2013-06-02,9,2.7953187547419662,0.6717887007199398,2.1235300540220265,-7.432024918669002,0,0,0
Own-delivery adaptation,Equal-total shadow,2002,2013-06-02,9,3.7039817651540057,0.7007208533436328,3.003260911810373,-7.402746627955839,0,0,0
Own-delivery adaptation,No feedback,2002,2013-06-03,9,3.8088161287789246,2.5791331537739803,1.229682975004945,-4.485333218165471,0,0,0
Own-delivery adaptation,ECF,2002,2013-06-03,9,3.8125869335942797,2.5880859712345488,1.224500962359731,-4.476436202942498,7,0,0
Own-delivery adaptation,Same update without qualification,2002,2013-06-03,9,3.4553777746272054,2.5140142512045878,0.9413635234226179,-4.549595764428913,0,0,0
Own-delivery adaptation,Equal-total shadow,2002,2013-06-03,9,3.8064559126856095,2.5783560030393815,1.2280999096462282,-4.486105206999908,0,0,0
Own-delivery adaptation,No feedback,2002,2013-06-04,9,3.6243829816974085,2.5389940708626213,1.085388910834787,-4.279730621624212,0,0,0
Own-delivery adaptation,ECF,2002,2013-06-04,9,3.632241553503386,2.545154942387087,1.0870866111162991,-4.273576384932172,4,0,0
Own-delivery adaptation,Same update without qualification,2002,2013-06-04,9,3.4095935532624213,2.4873463111125806,0.9222472421498406,-4.330895936832448,0,0,0
Own-delivery adaptation,Equal-total shadow,2002,2013-06-04,9,3.6190457860911613,2.53688466287002,1.0821611232211414,-4.281825569193815,0,0,0
Own-delivery adaptation,No feedback,2002,2013-06-05,9,3.569115269578761,2.287916572788398,1.2811986967903626,-4.642548778557107,0,0,0
Own-delivery adaptation,ECF,2002,2013-06-05,9,3.6351199996173333,2.3173890809830047,1.317730918634329,-4.6132862434897515,6,0,0
Own-delivery adaptation,Same update without qualification,2002,2013-06-05,9,3.519495886028891,2.289273086664237,1.2302227993646542,-4.641243795485239,0,0,0
Own-delivery adaptation,Equal-total shadow,2002,2013-06-05,9,3.563488575878087,2.2861446758218427,1.2773439000562443,-4.644306995317256,0,0,0
Own-delivery adaptation,No feedback,2002,2013-06-06,9,3.7887226249982655,2.1096614905795805,1.679061134418685,-4.547784140559611,0,0,0
Own-delivery adaptation,ECF,2002,2013-06-06,9,3.781517736676652,2.1161910737236003,1.6653266629530517,-4.541327012400053,6,0,0
Own-delivery adaptation,Same update without qualification,2002,2013-06-06,9,3.056615770905505,2.0288005266990785,1.0278152442064266,-4.628068032347506,0,0,0
Own-delivery adaptation,Equal-total shadow,2002,2013-06-06,9,3.783835152245358,2.109228020267867,1.6746071319774918,-4.548215984295151,0,0,0
Own-delivery adaptation,No feedback,2002,2013-06-07,9,3.971631729512021,2.100887822222436,1.870743907289585,-4.169390283570252,0,0,0
Own-delivery adaptation,ECF,2002,2013-06-07,9,3.9680417759284654,2.108641703002648,1.859400072925817,-4.161718185374456,6,0,0
Own-delivery adaptation,Same update without qualification,2002,2013-06-07,9,3.4815901769211264,2.035620822084949,1.445969354836177,-4.234621962696448,0,0,0
Own-delivery adaptation,Equal-total shadow,2002,2013-06-07,9,3.9624164999566482,2.096138432885197,1.8662780670714512,-4.174091712174143,0,0,0
Own-delivery adaptation,No feedback,2002,2013-06-08,9,4.013924047091843,2.1029076036925387,1.9110164433993044,-4.5297503105544,0,0,0
Own-delivery adaptation,ECF,2002,2013-06-08,9,4.029157168476977,2.130837948857314,1.8983192196196628,-4.502090260793714,3,0,0
Own-delivery adaptation,Same update without qualification,2002,2013-06-08,9,3.4213915926980425,2.045888175269299,1.375503417428744,-4.586299862639408,0,0,0
Own-delivery adaptation,Equal-total shadow,2002,2013-06-08,9,4.008226254306447,2.1028449561793017,1.9053812981271447,-4.5298152565826335,0,0,0
Own-delivery adaptation,No feedback,2002,2013-06-09,9,3.8734567185006257,2.638922068198466,1.23453465030216,-3.974561846861537,0,0,0
Own-delivery adaptation,ECF,2002,2013-06-09,9,3.8387249063046496,2.617196308089635,1.2215285982150146,-3.996130790537763,5,0,0
Own-delivery adaptation,Same update without qualification,2002,2013-06-09,9,3.514554298160082,2.537330053241098,0.977224244918984,-4.0751802204068275,0,0,0
Own-delivery adaptation,Equal-total shadow,2002,2013-06-09,9,3.870541685843249,2.636342766950743,1.2341989188925062,-3.9771263426776344,0,0,0
Own-delivery adaptation,No feedback,2002,2013-06-10,9,3.7041062766689747,2.3114958394768426,1.3926104371921322,-4.924394694893747,0,0,0
Own-delivery adaptation,ECF,2002,2013-06-10,9,3.843631985983649,2.318956125527574,1.5246758604560748,-4.917031829361778,3,0,0
Own-delivery adaptation,Same update without qualification,2002,2013-06-10,9,3.508582348801113,2.227947463956498,1.2806348848446152,-5.007130760093659,0,0,0
Own-delivery adaptation,Equal-total shadow,2002,2013-06-10,9,3.7050240586951624,2.3158163821448214,1.3892076765503407,-4.92014149741234,0,0,0
Own-delivery adaptation,No feedback,2002,2013-06-11,9,3.780144550311363,2.599794614294905,1.1803499360164584,-3.8917126084716176,0,0,0
Own-delivery adaptation,ECF,2002,2013-06-11,9,3.751552674602893,2.577878734036303,1.17367394056659,-3.9132386399688346,5,0,0
Own-delivery adaptation,Same update without qualification,2002,2013-06-11,9,3.5523500295102655,2.5331946407923063,1.0191553887179587,-3.957468526183309,0,0,0
Own-delivery adaptation,Equal-total shadow,2002,2013-06-11,9,3.7742965948796616,2.5959424277295367,1.1783541671501252,-3.895516188080343,0,0,0
Own-delivery adaptation,No feedback,2002,2013-06-12,9,3.6029597842998644,1.2634872010193217,2.3394725832805428,-6.197126358042554,0,0,0
Own-delivery adaptation,ECF,2002,2013-06-12,9,3.695831164603528,1.4065657653761334,2.2892653992273946,-6.055534111952821,11,0,0
Own-delivery adaptation,Same update without qualification,2002,2013-06-12,9,3.299179467321211,1.3906525400965977,1.9085269272246137,-6.071838886006821,0,0,0
Own-delivery adaptation,Equal-total shadow,2002,2013-06-12,9,3.595757559430702,1.2621434643257485,2.333614095104953,-6.198470196223681,0,0,0
Own-delivery adaptation,No feedback,2002,2013-06-13,9,3.933284522332048,2.69007189624514,1.2432126260869076,-4.116112124508873,0,0,0
Own-delivery adaptation,ECF,2002,2013-06-13,9,3.91289076428384,2.6818609377969738,1.2310298264868664,-4.1242266395834974,7,0,0
Own-delivery adaptation,Same update without qualification,2002,2013-06-13,9,3.6475341030617976,2.6523776998188984,0.9951564032428992,-4.153451584996459,0,0,0
Own-delivery adaptation,Equal-total shadow,2002,2013-06-13,9,3.927931100510516,2.6863195992114477,1.2416115012990683,-4.119856231154774,0,0,0
Own-delivery adaptation,No feedback,2002,2013-06-14,9,3.452114647815547,2.462834343544959,0.9892803042705879,-4.475488064702096,0,0,0
Own-delivery adaptation,ECF,2002,2013-06-14,9,3.478815542335196,2.4755165108779758,1.00329903145722,-4.462960090392449,5,0,0
Own-delivery adaptation,Same update without qualification,2002,2013-06-14,9,3.331885815764183,2.4230763855196877,0.9088094302444953,-4.515078526750549,0,0,0
Own-delivery adaptation,Equal-total shadow,2002,2013-06-14,9,3.4455452182719406,2.458960339064309,0.9865848792076316,-4.4793395428501945,0,0,0
Own-delivery adaptation,No feedback,2002,2013-06-15,9,3.8291611932176726,2.3530805999695255,1.4760805932481473,-4.7999761173864615,0,0,0
Own-delivery adaptation,ECF,2002,2013-06-15,9,4.103820081393528,2.383965276012509,1.7198548053810194,-4.769212958024136,5,0,0
Own-delivery adaptation,Same update without qualification,2002,2013-06-15,9,3.587008909939427,2.1848805946695538,1.402128315269873,-4.966378324244648,0,0,0
Own-delivery adaptation,Equal-total shadow,2002,2013-06-15,9,3.822783444861081,2.3494616587909234,1.4733217860701575,-4.803565907720883,0,0,0
Own-delivery adaptation,No feedback,2002,2013-06-16,9,3.9006863937457505,2.686384977936587,1.2143014158091632,-4.837820059199287,0,0,0
Own-delivery adaptation,ECF,2002,2013-06-16,9,3.8547354046793862,2.6473778079628723,1.207357596716514,-4.8762385755568385,6,0,0
Own-delivery adaptation,Same update without qualification,2002,2013-06-16,9,3.541838259642263,2.5435701331858107,0.998268126456452,-4.979189624826505,0,0,0
Own-delivery adaptation,Equal-total shadow,2002,2013-06-16,9,3.898040978130052,2.6845033824820197,1.2135375956480319,-4.8396955091162726,0,0,0
Own-delivery adaptation,No feedback,2002,2013-06-17,9,3.540899871173107,2.3887780264767535,1.1521218446963535,-5.248538496890718,0,0,0
Own-delivery adaptation,ECF,2002,2013-06-17,9,3.6169693121197426,2.428789349107569,1.1881799630121732,-5.2089058846922995,6,0,0
Own-delivery adaptation,Same update without qualification,2002,2013-06-17,9,3.3561931149419473,2.3719352325531697,0.9842578823887775,-5.2655030630536,0,0,0
Own-delivery adaptation,Equal-total shadow,2002,2013-06-17,9,3.5343462752201464,2.3854015817146625,1.1489446935054841,-5.251892135639836,0,0,0
Own-delivery adaptation,No feedback,2002,2013-06-18,9,3.6573582919467125,2.5016285606208477,1.155729731325865,-5.264199958786363,0,0,0
Own-delivery adaptation,ECF,2002,2013-06-18,9,3.6444792869786427,2.498372156257771,1.146107130720871,-5.2672653923105015,7,0,0
Own-delivery adaptation,Same update without qualification,2002,2013-06-18,9,3.4331231233020274,2.4753045290662063,0.9578185942358214,-5.290617276749603,0,0,0
Own-delivery adaptation,Equal-total shadow,2002,2013-06-18,9,3.6515100242419534,2.496135026735649,1.1553749975063048,-5.26963660254353,0,0,0
Own-delivery adaptation,No feedback,2002,2013-06-19,9,3.6338667279339054,2.334107432559748,1.2997592953741577,-5.750966353636148,0,0,0
Own-delivery adaptation,ECF,2002,2013-06-19,9,3.9442865635363322,2.61443022904693,1.3298563344894023,-5.473540427042962,10,0,0
Own-delivery adaptation,Same update without qualification,2002,2013-06-19,9,3.830542344133934,2.6804791077732557,1.1500632363606784,-5.408486824308592,0,0,0
Own-delivery adaptation,Equal-total shadow,2002,2013-06-19,9,3.6332885864246025,2.336031170027994,1.2972574163966089,-5.749074146176405,0,0,0
Own-delivery adaptation,No feedback,2002,2013-06-23,10,3.5987494860237317,1.5063408581623123,2.0924086278614196,-7.826304673246006,0,0,0
Own-delivery adaptation,ECF,2002,2013-06-23,10,3.7949524693858696,1.653418197143126,2.1415342722427435,-7.680348285466584,11,0,0
Own-delivery adaptation,Same update without qualification,2002,2013-06-23,10,3.0466463979619487,1.6533753954768502,1.3932710024850987,-7.680487755634555,0,0,0
Own-delivery adaptation,Equal-total shadow,2002,2013-06-23,10,3.598765864653167,1.5063513413337104,2.092414523319457,-7.826294282472142,0,0,0
Own-delivery adaptation,No feedback,2002,2013-06-24,10,3.8826534152709202,2.3057424148095595,1.5769110004613602,-6.080243651735186,0,0,0
Own-delivery adaptation,ECF,2002,2013-06-24,10,3.8680514372105304,2.338540002871606,1.5295114343389242,-6.047870907297421,7,0,0
Own-delivery adaptation,Same update without qualification,2002,2013-06-24,10,3.409936287392956,2.1771526606184364,1.2327836267745196,-6.207635128909536,0,0,0
Own-delivery adaptation,Equal-total shadow,2002,2013-06-24,10,3.88306872227088,2.3057336015075345,1.577335120763346,-6.080254837351426,0,0,0
Own-delivery adaptation,No feedback,2002,2013-06-25,10,3.5937463112465724,1.887803862545295,1.7059424487012773,-6.797740401192096,0,0,0
Own-delivery adaptation,ECF,2002,2013-06-25,10,3.5620518863192028,1.8842663633958179,1.6777855229233851,-6.801211009886704,3,0,0
Own-delivery adaptation,Same update without qualification,2002,2013-06-25,10,2.9306353237347853,1.7565161717234028,1.1741191520113825,-6.928215798588678,0,0,0
Own-delivery adaptation,Equal-total shadow,2002,2013-06-25,10,3.591657069839431,1.8869917114154426,1.704665358423988,-6.798539265826485,0,0,0
Own-delivery adaptation,No feedback,2002,2013-06-26,10,3.681748166885041,2.236639448830315,1.4451087180547264,-5.340994775109899,0,0,0
Own-delivery adaptation,ECF,2002,2013-06-26,10,3.700865904924041,2.232787654266485,1.468078250657556,-5.344647839326908,7,0,0
Own-delivery adaptation,Same update without qualification,2002,2013-06-26,10,3.346729556301842,2.148765975067034,1.1979635812348086,-5.427841496557674,0,0,0
Own-delivery adaptation,Equal-total shadow,2002,2013-06-26,10,3.6811422339195663,2.236652807468179,1.4444894264513877,-5.340990548291751,0,0,0
Own-delivery adaptation,No feedback,2002,2013-06-27,10,3.4891322719904365,1.7200710197203166,1.7690612522701197,-5.866753536929681,0,0,0
Own-delivery adaptation,ECF,2002,2013-06-27,10,3.5724066753420534,1.7721261442063074,1.800280531135746,-5.815122286626319,4,0,0
Own-delivery adaptation,Same update without qualification,2002,2013-06-27,10,2.8642094205922946,1.6708007894189123,1.193408631173382,-5.916054155358183,0,0,0
Own-delivery adaptation,Equal-total shadow,2002,2013-06-27,10,3.491601359758633,1.7209405941487403,1.770660765609893,-5.865890693444484,0,0,0
Own-delivery adaptation,No feedback,2003,2013-01-02,1,4.33443553743926,3.710500794585547,0.6239347428537134,-1.1292209737417975,0,0,0
Own-delivery adaptation,ECF,2003,2013-01-02,1,4.359462437612365,3.719509494325105,0.6399529432872597,-1.1203171358808288,5,0,0
Own-delivery adaptation,Same update without qualification,2003,2013-01-02,1,4.184848954465087,3.6435346273967544,0.5413143270683329,-1.195436117277605,0,0,0
Own-delivery adaptation,Equal-total shadow,2003,2013-01-02,1,4.3333742616653605,3.7105071109108927,0.6228671507544675,-1.1292147412542903,0,0,0
Own-delivery adaptation,No feedback,2003,2013-01-03,1,4.016769341290375,3.7287425738488404,0.2880267674415343,-0.7491156873884269,0,0,0
Own-delivery adaptation,ECF,2003,2013-01-03,1,4.067834964389378,3.800204101688819,0.2676308627005584,-0.6783571471853385,12,0,0
Own-delivery adaptation,Same update without qualification,2003,2013-01-03,1,4.002461776735191,3.7802002627613556,0.22226151397383534,-0.6978616241359119,0,0,0
Own-delivery adaptation,Equal-total shadow,2003,2013-01-03,1,4.02106439738078,3.732944144272198,0.28812025310858197,-0.7449440973913946,0,0,0
Own-delivery adaptation,No feedback,2003,2013-01-04,1,4.319382531973759,4.019035325500052,0.30034720647370694,-1.0823623325803535,0,0,0
Own-delivery adaptation,ECF,2003,2013-01-04,1,4.3025386812926305,4.011026485915163,0.29151219537746736,-1.0903003871296215,11,0,0
Own-delivery adaptation,Same update without qualification,2003,2013-01-04,1,4.208381914459912,3.9737636248448385,0.2346182896150728,-1.1271680908895065,0,0,0
Own-delivery adaptation,Equal-total shadow,2003,2013-01-04,1,4.319049024177707,4.0186956273577294,0.3003533968199769,-1.0827002538128487,0,0,0
Own-delivery adaptation,No feedback,2003,2013-01-05,1,4.22505666151391,4.07440745534208,0.1506492061718292,-2.05006243414358,0,0,0
Own-delivery adaptation,ECF,2003,2013-01-05,1,4.222099699577798,4.074902590294088,0.14719710928371063,-2.0495380938261523,11,0,0
Own-delivery adaptation,Same update without qualification,2003,2013-01-05,1,4.204423258417339,4.069839189837259,0.1345840685800813,-2.0546804166130532,0,0,0
Own-delivery adaptation,Equal-total shadow,2003,2013-01-05,1,4.224559781437526,4.073954271081027,0.1506055103564986,-2.050518988249795,0,0,0
Own-delivery adaptation,No feedback,2003,2013-01-06,1,4.701899845535062,4.503211739679556,0.1986881058555062,-1.4711074413493088,0,0,0
Own-delivery adaptation,ECF,2003,2013-01-06,1,4.697798028752168,4.50432643562996,0.19347159312220788,-1.4700864394391686,12,0,0
Own-delivery adaptation,Same update without qualification,2003,2013-01-06,1,4.673657567263653,4.493540697245508,0.18011687001814536,-1.4809041286348257,0,0,0
Own-delivery adaptation,Equal-total shadow,2003,2013-01-06,1,4.701244030546531,4.502659764130122,0.19858426641640764,-1.4716549338670069,0,0,0
Own-delivery adaptation,No feedback,2003,2013-01-07,1,4.281056388741851,3.945958565854766,0.33509782288708456,-1.4919407895461598,0,0,0
Own-delivery adaptation,ECF,2003,2013-01-07,1,4.2389053290405485,3.9393627347750155,0.29954259426553254,-1.4983692861693942,11,0,0
Own-delivery adaptation,Same update without qualification,2003,2013-01-07,1,4.188161924311759,3.96306811149633,0.2250938128154275,-1.4750524835568861,0,0,0
Own-delivery adaptation,Equal-total shadow,2003,2013-01-07,1,4.280135384097292,3.9451396116158644,0.33499577248142814,-1.4927579286541137,0,0,0
Own-delivery adaptation,No feedback,2003,2013-01-08,1,3.9532651098434646,3.6372409943267154,0.31602411551674925,-6.457666134853095,0,0,0
Own-delivery adaptation,ECF,2003,2013-01-08,1,3.9312457437803534,3.6237685393720294,0.3074772044083235,-6.470953505614641,10,0,0
Own-delivery adaptation,Same update without qualification,2003,2013-01-08,1,3.8839998201577015,3.6193310422773046,0.2646687778803968,-6.475311249544034,0,0,0
Own-delivery adaptation,Equal-total shadow,2003,2013-01-08,1,3.9496790046075154,3.6339440002959202,0.3157350043115946,-6.460927113936948,0,0,0
Own-delivery adaptation,No feedback,2003,2013-01-12,2,4.094285767938525,3.5751457517976597,0.5191400161408659,-3.505052341304146,0,0,0
Own-delivery adaptation,ECF,2003,2013-01-12,2,4.087595806175041,3.579010216250194,0.508585589924847,-3.501373284647571,6,0,0
Own-delivery adaptation,Same update without qualification,2003,2013-01-12,2,3.8184662973588077,3.438071126701532,0.3803951706572761,-3.6415259152979047,0,0,0
Own-delivery adaptation,Equal-total shadow,2003,2013-01-12,2,4.0942872180522105,3.5749998372298917,0.5192873808223196,-3.505197945256534,0,0,0
Own-delivery adaptation,No feedback,2003,2013-01-13,2,4.032990500336589,2.665206953771154,1.367783546565435,-2.6090478037293288,0,0,0
Own-delivery adaptation,ECF,2003,2013-01-13,2,4.030726158701983,2.6624589357235435,1.3682672229784396,-2.6115619153902228,8,0,0
Own-delivery adaptation,Same update without qualification,2003,2013-01-13,2,3.690758470223604,2.6321913998183972,1.0585670704052068,-2.6413822461450565,0,0,0
Own-delivery adaptation,Equal-total shadow,2003,2013-01-13,2,4.031865736547295,2.664643224787739,1.367222511759556,-2.6096138143670826,0,0,0
Own-delivery adaptation,No feedback,2003,2013-01-14,2,4.0377494259020965,3.3974921941344123,0.6402572317676845,-1.1425273647982352,0,0,0
Own-delivery adaptation,ECF,2003,2013-01-14,2,4.022836863602528,3.3947551407323053,0.6280817228702223,-1.1452329843179934,7,0,0
Own-delivery adaptation,Same update without qualification,2003,2013-01-14,2,3.7956450693465325,3.337621222201555,0.4580238471449776,-1.2017854203092955,0,0,0
Own-delivery adaptation,Equal-total shadow,2003,2013-01-14,2,4.0377253072388095,3.397842294751683,0.6398830124871263,-1.1421875345951442,0,0,0
Own-delivery adaptation,No feedback,2003,2013-01-15,2,4.184096333487987,3.9485232304656748,0.23557310302231227,-0.5099792604886125,0,0,0
Own-delivery adaptation,ECF,2003,2013-01-15,2,4.151549011376614,3.944452658650919,0.2070963527256942,-0.5139673680219397,15,0,0
Own-delivery adaptation,Same update without qualification,2003,2013-01-15,2,4.205074922557898,4.006546133297142,0.19852878926075604,-0.4527901583097717,0,0,0
Own-delivery adaptation,Equal-total shadow,2003,2013-01-15,2,4.183361300245636,3.947820875728587,0.2355404245170488,-0.5106847812061795,0,0,0
Own-delivery adaptation,No feedback,2003,2013-01-16,2,4.330603303987865,4.014398950677661,0.31620435331020313,-1.0423787213461986,0,0,0
Own-delivery adaptation,ECF,2003,2013-01-16,2,4.323016651857593,4.015125400637297,0.3078912512202957,-1.0416770386927523,9,0,0
Own-delivery adaptation,Same update without qualification,2003,2013-01-16,2,4.282033502355719,3.9934179666601195,0.28861553569560006,-1.0633312590504667,0,0,0
Own-delivery adaptation,Equal-total shadow,2003,2013-01-16,2,4.330207210510995,4.013734720847122,0.31647248966387337,-1.0430420042448048,0,0,0
Own-delivery adaptation,No feedback,2003,2013-01-17,2,4.287266798708782,3.954796490872005,0.3324703078367774,-1.9007285096037057,0,0,0
Own-delivery adaptation,ECF,2003,2013-01-17,2,4.273481661838483,3.945087226784713,0.328394435053771,-1.9104337600942671,12,0,0
Own-delivery adaptation,Same update without qualification,2003,2013-01-17,2,4.310216740623297,3.9677704454089042,0.34244629521439285,-1.8878229180795298,0,0,0
Own-delivery adaptation,Equal-total shadow,2003,2013-01-17,2,4.28625954107554,3.95382169661837,0.3324378444571701,-1.9016945090042874,0,0,0
Own-delivery adaptation,No feedback,2003,2013-01-18,2,4.243868261705728,3.6607259691607856,0.5831422925449428,-5.682214199852491,0,0,0
Own-delivery adaptation,ECF,2003,2013-01-18,2,4.239307611049458,3.6726020326806585,0.5667055783687999,-5.670188109764408,12,0,0
Own-delivery adaptation,Same update without qualification,2003,2013-01-18,2,4.196567601976345,3.6529291696166397,0.5436384323597052,-5.690137429723822,0,0,0
Own-delivery adaptation,Equal-total shadow,2003,2013-01-18,2,4.2435200564139315,3.6613241701731054,0.5821958862408254,-5.681624045289372,0,0,0
Own-delivery adaptation,No feedback,2003,2013-01-19,2,4.168355635006372,3.2515540212824896,0.916801613723882,-1.770913980145084,0,0,0
Own-delivery adaptation,ECF,2003,2013-01-19,2,4.159733739093867,3.2782711118791283,0.8814626272147394,-1.7444683072391176,8,0,0
Own-delivery adaptation,Same update without qualification,2003,2013-01-19,2,3.96851370840599,3.2373308948445234,0.7311828135614667,-1.7850891966521676,0,0,0
Own-delivery adaptation,Equal-total shadow,2003,2013-01-19,2,4.166708875943732,3.250495754126153,0.9162131218175789,-1.7719628630058433,0,0,0
Own-delivery adaptation,No feedback,2003,2013-01-20,2,3.7880149510128405,2.4623714987000658,1.325643452312774,-2.3883329154782915,0,0,0
Own-delivery adaptation,ECF,2003,2013-01-20,2,3.741776982936564,2.488809393427861,1.2529675895087027,-2.362281159488341,6,0,0
Own-delivery adaptation,Same update without qualification,2003,2013-01-20,2,3.3719081518707528,2.3462119782318145,1.025696173638938,-2.503945391566954,0,0,0
Own-delivery adaptation,Equal-total shadow,2003,2013-01-20,2,3.786527085798583,2.4608530892788765,1.3256739965197066,-2.389842138167151,0,0,0
Own-delivery adaptation,No feedback,2003,2013-01-21,2,4.019250081216826,3.6707742065071858,0.3484758747096397,-1.13683068584073,0,0,0
Own-delivery adaptation,ECF,2003,2013-01-21,2,4.013233458041246,3.6709830105424404,0.34225044749880607,-1.1366587813212792,11,0,0
Own-delivery adaptation,Same update without qualification,2003,2013-01-21,2,3.938489953378853,3.6777823213763225,0.26070763200253017,-1.1302181921233125,0,0,0
Own-delivery adaptation,Equal-total shadow,2003,2013-01-21,2,4.018911861339722,3.6709677056115906,0.34794415572813203,-1.1366600544570424,0,0,0
Own-delivery adaptation,No feedback,2003,2013-01-22,2,3.749765899403654,3.096895576710568,0.6528703226930855,-2.5057691460507985,0,0,0
Own-delivery adaptation,ECF,2003,2013-01-22,2,3.9080349417623923,3.103331861642654,0.8047030801197382,-2.4993122914081463,10,0,0
Own-delivery adaptation,Same update without qualification,2003,2013-01-22,2,3.6960230176837445,3.02569518955246,0.6703278281312844,-2.576521090300619,0,0,0
Own-delivery adaptation,Equal-total shadow,2003,2013-01-22,2,3.7511674101914014,3.098531264365519,0.652636145825882,-2.5041762492631943,0,0,0
Own-delivery adaptation,No feedback,2003,2013-01-23,2,4.139044555921798,3.2657943210285074,0.8732502348932909,-1.5059055722864416,0,0,0
Own-delivery adaptation,ECF,2003,2013-01-23,2,4.006811152441232,3.2514093611936246,0.7554017912476072,-1.5202983233040182,8,0,0
Own-delivery adaptation,Same update without qualification,2003,2013-01-23,2,3.822250712538343,3.2255259243192946,0.5967247882190491,-1.5463003652824754,0,0,0
Own-delivery adaptation,Equal-total shadow,2003,2013-01-23,2,4.135097583037627,3.2620727861309,0.873024796906728,-1.509599564052934,0,0,0
Own-delivery adaptation,No feedback,2003,2013-01-24,2,4.095492406683924,3.601560712989122,0.49393169369480266,-1.3558743313870192,0,0,0
Own-delivery adaptation,ECF,2003,2013-01-24,2,4.091744284294206,3.6048030917591385,0.48694119253506796,-1.3525719404314325,6,0,0
Own-delivery adaptation,Same update without qualification,2003,2013-01-24,2,3.9212563778914347,3.5478151682080723,0.37344120968336236,-1.4085785048582398,0,0,0
Own-delivery adaptation,Equal-total shadow,2003,2013-01-24,2,4.0923167088049786,3.5991216275335685,0.49319508127141015,-1.3582948816919471,0,0,0
Own-delivery adaptation,No feedback,2003,2013-01-25,2,4.273291899779442,4.035386682543669,0.23790521723577238,-1.9357039670461675,0,0,0
Own-delivery adaptation,ECF,2003,2013-01-25,2,4.33140483081777,4.093268425131287,0.23813640568648237,-1.8788026783386573,9,0,0
Own-delivery adaptation,Same update without qualification,2003,2013-01-25,2,4.287732837645654,4.086533807289607,0.20119903035604736,-1.8855158710773456,0,0,0
Own-delivery adaptation,Equal-total shadow,2003,2013-01-25,2,4.315189945791632,4.070650343973046,0.24453960181858556,-1.9010357423254123,0,0,0
Own-delivery adaptation,No feedback,2003,2013-04-02,3,3.777810511288549,3.2794929182467567,0.4983175930417926,-1.4362897807318895,0,0,0
Own-delivery adaptation,ECF,2003,2013-04-02,3,3.7570633827721585,3.2602886887183375,0.49677469405382096,-1.4552477402757158,7,0,0
Own-delivery adaptation,Same update without qualification,2003,2013-04-02,3,3.6338864463993468,3.1994727927572715,0.43441365364207496,-1.5156951630457447,0,0,0
Own-delivery adaptation,Equal-total shadow,2003,2013-04-02,3,3.7777881085982328,3.279471646544079,0.49831646205415303,-1.4363107590583502,0,0,0
Own-delivery adaptation,No feedback,2003,2013-04-03,3,4.076480689806376,2.004293037484062,2.072187652322313,-3.072897658305053,0,0,0
Own-delivery adaptation,ECF,2003,2013-04-03,3,3.8831426078971703,2.0314213614640737,1.8517212464330968,-3.0462284399352355,8,0,0
Own-delivery adaptation,Same update without qualification,2003,2013-04-03,3,3.1703476412114218,1.846331027146109,1.3240166140653127,-3.2301315433917583,0,0,0
Own-delivery adaptation,Equal-total shadow,2003,2013-04-03,3,4.075301690642664,2.0042925517131045,2.0710091389295595,-3.072898119535112,0,0,0
Own-delivery adaptation,No feedback,2003,2013-04-04,3,3.9783027495455063,2.6462889523051705,1.3320137972403356,-2.4917869136577693,0,0,0
Own-delivery adaptation,ECF,2003,2013-04-04,3,3.9405801843944084,2.6498491890406024,1.2907309953538055,-2.4880926189009545,5,0,0
Own-delivery adaptation,Same update without qualification,2003,2013-04-04,3,3.558068109587283,2.549398223386052,1.008669886201231,-2.587981864295365,0,0,0
Own-delivery adaptation,Equal-total shadow,2003,2013-04-04,3,3.977552681160111,2.6457574324783426,1.3317952486817686,-2.4923103367969253,0,0,0
Own-delivery adaptation,No feedback,2003,2013-04-09,4,3.6792938295932838,2.7270377920175255,0.9522560375757577,-2.2650114923952067,0,0,0
Own-delivery adaptation,ECF,2003,2013-04-09,4,3.77323364778237,2.841246466510195,0.9319871812721746,-2.1523956308913523,9,0,0
Own-delivery adaptation,Same update without qualification,2003,2013-04-09,4,3.7164006049418576,2.922314160346171,0.7940864445956869,-2.072299040253818,0,0,0
Own-delivery adaptation,Equal-total shadow,2003,2013-04-09,4,3.6792286929813667,2.727225540310391,0.952003152670976,-2.2648326544434254,0,0,0
Own-delivery adaptation,No feedback,2003,2013-04-10,4,4.101230424334019,3.434925795389513,0.6663046289445059,-1.4762562079683434,0,0,0
Own-delivery adaptation,ECF,2003,2013-04-10,4,4.098390236564912,3.4345058636109815,0.66388437295393,-1.4767366552403804,6,0,0
Own-delivery adaptation,Same update without qualification,2003,2013-04-10,4,4.019149302430422,3.4201817236429553,0.5989675787874663,-1.4909364282253885,0,0,0
Own-delivery adaptation,Equal-total shadow,2003,2013-04-10,4,4.1022086026632945,3.4359964103915255,0.6662121922717684,-1.4752562424442006,0,0,0
Own-delivery adaptation,No feedback,2003,2013-04-14,5,3.9200085992683484,3.3382688354774803,0.5817397637908679,-1.6199766730363883,0,0,0
Own-delivery adaptation,ECF,2003,2013-04-14,5,3.882464935465678,3.303738256494815,0.578726678970863,-1.6540309010589187,6,0,0
Own-delivery adaptation,Same update without qualification,2003,2013-04-14,5,3.8179112608711785,3.280591826601998,0.5373194342691802,-1.676912774248822,0,0,0
Own-delivery adaptation,Equal-total shadow,2003,2013-04-14,5,3.9195645467995286,3.3378514994722677,0.5817130473272609,-1.620381099883283,0,0,0
Own-delivery adaptation,No feedback,2003,2013-04-15,5,3.8056091652836908,3.0482836079865256,0.7573255572971652,-1.9117719222264662,0,0,0
Own-delivery adaptation,ECF,2003,2013-04-15,5,3.8126160395557496,3.0693217885461572,0.743294251009592,-1.8909743303388835,10,0,0
Own-delivery adaptation,Same update without qualification,2003,2013-04-15,5,3.7800763423844104,3.070553953522784,0.7095223888616263,-1.889671826625076,0,0,0
Own-delivery adaptation,Equal-total shadow,2003,2013-04-15,5,3.804874517102581,3.0476813356110606,0.7571931814915208,-1.912364186313045,0,0,0
Own-delivery adaptation,No feedback,2003,2013-04-22,6,3.9013346448099258,2.7655878560539096,1.1357467887560164,-2.688213421461342,0,0,0
Own-delivery adaptation,ECF,2003,2013-04-22,6,3.880299416290938,2.769831739244079,1.110467677046859,-2.6838763980561584,4,0,0
Own-delivery adaptation,Same update without qualification,2003,2013-04-22,6,3.697489878675945,2.6446033663101263,1.052886512365819,-2.8078986801627375,0,0,0
Own-delivery adaptation,Equal-total shadow,2003,2013-04-22,6,3.90090297965748,2.765272452604968,1.135630527052512,-2.6885255858943693,0,0,0
Own-delivery adaptation,No feedback,2003,2013-04-28,7,3.9270728239647283,3.22246920590997,0.704603618054758,-2.015936208193818,0,0,0
Own-delivery adaptation,ECF,2003,2013-04-28,7,3.933240216638302,3.2263227063476094,0.7069175102906929,-2.012072018930274,6,0,0
Own-delivery adaptation,Same update without qualification,2003,2013-04-28,7,3.7694034419796627,3.1279618875925217,0.6414415543871403,-2.10938657890763,0,0,0
Own-delivery adaptation,Equal-total shadow,2003,2013-04-28,7,3.926996104094853,3.222458509296526,0.7045375947983278,-2.0159467629793704,0,0,0
Own-delivery adaptation,No feedback,2003,2013-04-29,7,4.139553246027743,3.4281646755096804,0.7113885705180631,-1.6015713232108644,0,0,0
Own-delivery adaptation,ECF,2003,2013-04-29,7,4.127159850883179,3.4167405542559486,0.7104192966272298,-1.6128054155152953,6,0,0
Own-delivery adaptation,Same update without qualification,2003,2013-04-29,7,3.985918313289382,3.325062597770829,0.6608557155185526,-1.70341632713494,0,0,0
Own-delivery adaptation,Equal-total shadow,2003,2013-04-29,7,4.139349503897249,3.4280365294762363,0.7113129744210138,-1.6016964915276024,0,0,0
Own-delivery adaptation,No feedback,2003,2013-04-30,7,3.740556396961972,2.6124120833218876,1.1281443136400846,-2.4289535959834403,0,0,0
Own-delivery adaptation,ECF,2003,2013-04-30,7,3.7871436365549047,2.6665865974701464,1.1205570390847586,-2.3753650311995536,7,0,0
Own-delivery adaptation,Same update without qualification,2003,2013-04-30,7,3.5203111373049105,2.5579108159513084,0.9624003213536021,-2.483067354485221,0,0,0
Own-delivery adaptation,Equal-total shadow,2003,2013-04-30,7,3.7403487975410994,2.6130957272469897,1.12725307029411,-2.42827815445366,0,0,0
Own-delivery adaptation,No feedback,2003,2013-05-01,7,4.017439551155927,3.0305489747787404,0.9868905763771858,-2.0573053265777337,0,0,0
Own-delivery adaptation,ECF,2003,2013-05-01,7,4.014564867697581,3.027824568830119,0.9867402988674627,-2.060018141359603,0,0,0
Own-delivery adaptation,Same update without qualification,2003,2013-05-01,7,3.7063886395730123,2.918825901138881,0.7875627384341316,-2.1678540380214386,0,0,0
Own-delivery adaptation,Equal-total shadow,2003,2013-05-01,7,4.014564867697581,3.027824568830119,0.9867402988674627,-2.0600181413612155,0,0,0
Own-delivery adaptation,No feedback,2003,2013-05-06,8,3.613084102834253,2.853184952474159,0.7598991503600937,-2.71590157586511,0,0,0
Own-delivery adaptation,ECF,2003,2013-05-06,8,3.628110098335306,2.8661952308374996,0.7619148674978065,-2.702946039272491,3,0,0
Own-delivery adaptation,Same update without qualification,2003,2013-05-06,8,3.4891910117493388,2.7813418969848285,0.7078491147645105,-2.7869567321919204,0,0,0
Own-delivery adaptation,Equal-total shadow,2003,2013-05-06,8,3.614852275188698,2.854343243800342,0.7605090313883555,-2.7147544810431645,0,0,0
Own-delivery adaptation,No feedback,2003,2013-05-07,8,3.8896161813501373,2.879354727928632,1.0102614534215055,-2.639360267618872,0,0,0
Own-delivery adaptation,ECF,2003,2013-05-07,8,3.9206628567220947,2.9207572269008266,0.9999056298212681,-2.598365756012431,3,0,0
Own-delivery adaptation,Same update without qualification,2003,2013-05-07,8,3.8569097058657578,2.894244474298521,0.9626652315672367,-2.624605728573583,0,0,0
Own-delivery adaptation,Equal-total shadow,2003,2013-05-07,8,3.889287713628997,2.8791495796662065,1.0101381339627908,-2.639562660822421,0,0,0
Own-delivery adaptation,No feedback,2003,2013-05-08,8,3.7937267237320254,2.826173361154457,0.9675533625775683,-2.592743639301446,0,0,0
Own-delivery adaptation,ECF,2003,2013-05-08,8,3.7920529846113262,2.83667547519524,0.9553775094160859,-2.582360575791124,7,0,0
Own-delivery adaptation,Same update without qualification,2003,2013-05-08,8,3.6055100321049274,2.809696930044311,0.7958131020606163,-2.6091566964019863,0,0,0
Own-delivery adaptation,Equal-total shadow,2003,2013-05-08,8,3.7925247425726325,2.824982345397932,0.9675423971747007,-2.5939249966920164,0,0,0
Own-delivery adaptation,No feedback,2003,2013-05-09,8,3.711714208153681,2.85717673939574,0.8545374687579408,-2.48850181376487,0,0,0
Own-delivery adaptation,ECF,2003,2013-05-09,8,3.7106386843848833,2.8591421844895932,0.8514964998952902,-2.48646005734589,5,0,0
Own-delivery adaptation,Same update without qualification,2003,2013-05-09,8,3.5080432489424385,2.7821906803413987,0.7258525686010397,-2.5624136885907807,0,0,0
Own-delivery adaptation,Equal-total shadow,2003,2013-05-09,8,3.7121828648600332,2.8577128290854654,0.8544700357745679,-2.4879722243573914,0,0,0
Own-delivery adaptation,No feedback,2003,2013-05-10,8,3.7695394133184212,2.911217738115959,0.8583216752024624,-2.3199865932749666,0,0,0
Own-delivery adaptation,ECF,2003,2013-05-10,8,3.765983239007655,2.9078387604013547,0.8581444786063002,-2.323256902800667,4,0,0
Own-delivery adaptation,Same update without qualification,2003,2013-05-10,8,3.5825470577849057,2.8065291878037875,0.7760178699811179,-2.423378019659062,0,0,0
Own-delivery adaptation,Equal-total shadow,2003,2013-05-10,8,3.7694547845215256,2.9109682381475883,0.8584865463739372,-2.3202349441506236,0,0,0
Own-delivery adaptation,No feedback,2003,2013-05-11,8,3.8010099761913945,2.390274040211936,1.4107359359794587,-3.2501372703304665,0,0,0
Own-delivery adaptation,ECF,2003,2013-05-11,8,4.089860556173701,2.6331472694998044,1.4567132866738963,-3.0098569706983174,8,0,0
Own-delivery adaptation,Same update without qualification,2003,2013-05-11,8,3.9454490042435437,2.656564314557922,1.2888846896856219,-2.986617767392214,0,0,0
Own-delivery adaptation,Equal-total shadow,2003,2013-05-11,8,3.80016508213336,2.3898888315661853,1.4102762505671746,-3.2505204980577727,0,0,0
Own-delivery adaptation,No feedback,2003,2013-05-12,8,4.31568354450088,3.2558881137400792,1.0597954307608006,-2.3108413486741908,0,0,0
Own-delivery adaptation,ECF,2003,2013-05-12,8,4.346667384355097,3.2824564820479383,1.0642109023071586,-2.2845767322974186,6,0,0
Own-delivery adaptation,Same update without qualification,2003,2013-05-12,8,4.003583218174532,3.1851598816720172,0.8184233365025146,-2.380822612971894,0,0,0
Own-delivery adaptation,Equal-total shadow,2003,2013-05-12,8,4.31963576102152,3.2590770620878913,1.0605586989336289,-2.3076532714912954,0,0,0
Own-delivery adaptation,No feedback,2003,2013-05-16,9,3.836706283922876,2.833211460909049,1.0034948230138265,-3.1341841590832136,0,0,0
Own-delivery adaptation,ECF,2003,2013-05-16,9,3.871079531918285,2.841678603662362,1.029400928255923,-3.1257104569353262,2,0,0
Own-delivery adaptation,Same update without qualification,2003,2013-05-16,9,3.5777776261681256,2.681798013942453,0.8959796122256726,-3.2838924541552834,0,0,0
Own-delivery adaptation,Equal-total shadow,2003,2013-05-16,9,3.8366750403671714,2.8332263372750535,1.003448703092118,-3.134173471507325,0,0,0
Own-delivery adaptation,No feedback,2003,2013-05-17,9,3.694929162954637,2.779513244542798,0.915415918411839,-3.353969263915071,0,0,0
Own-delivery adaptation,ECF,2003,2013-05-17,9,3.6964901896609264,2.7835693150646303,0.9129208745962963,-3.3499651733380857,3,0,0
Own-delivery adaptation,Same update without qualification,2003,2013-05-17,9,3.4868877000967915,2.692980039854354,0.7939076602424373,-3.439776390848146,0,0,0
Own-delivery adaptation,Equal-total shadow,2003,2013-05-17,9,3.6946174862264187,2.779242938280915,0.9153745479455035,-3.3542360994657576,0,0,0
Own-delivery adaptation,No feedback,2003,2013-05-18,9,3.7844575995184027,2.861280406345302,0.9231771931731004,-3.524519397458946,0,0,0
Own-delivery adaptation,ECF,2003,2013-05-18,9,3.7769092856369415,2.8547305477580016,0.9221787378789398,-3.5309923412767295,5,0,0
Own-delivery adaptation,Same update without qualification,2003,2013-05-18,9,3.594337417902744,2.786533866966795,0.8078035509359481,-3.598717717129015,0,0,0
Own-delivery adaptation,Equal-total shadow,2003,2013-05-18,9,3.7844867070837434,2.8612054580878423,0.9232812489959009,-3.524593776675279,0,0,0
Own-delivery adaptation,No feedback,2003,2013-05-19,9,3.6575453142416974,2.7446190249467595,0.9129262892949378,-3.897634904023858,0,0,0
Own-delivery adaptation,ECF,2003,2013-05-19,9,3.6587197050473037,2.7466836491658224,0.9120360558814813,-3.89549117491354,5,0,0
Own-delivery adaptation,Same update without qualification,2003,2013-05-19,9,3.484575741400006,2.692391096587184,0.7921846448128221,-3.9492788568362482,0,0,0
Own-delivery adaptation,Equal-total shadow,2003,2013-05-19,9,3.657973208735626,2.744917767368614,0.913055441367012,-3.8973298389519386,0,0,0
Own-delivery adaptation,No feedback,2003,2013-05-20,9,3.5188147263942686,2.6400350396903614,0.8787796867039074,-3.978286895601544,0,0,0
Own-delivery adaptation,ECF,2003,2013-05-20,9,3.5183188982031735,2.639670590801249,0.8786483074019247,-3.978649547992497,1,0,0
Own-delivery adaptation,Same update without qualification,2003,2013-05-20,9,3.31047808644089,2.5504575751120604,0.7600205113288294,-4.066695953960756,0,0,0
Own-delivery adaptation,Equal-total shadow,2003,2013-05-20,9,3.5186983536055325,2.639948256489641,0.8787500971158918,-3.978373842708458,0,0,0
Own-delivery adaptation,No feedback,2003,2013-05-21,9,3.56160764178873,2.6466322278940533,0.9149754138946768,-3.593042019608951,0,0,0
Own-delivery adaptation,ECF,2003,2013-05-21,9,3.560321220787821,2.646709208758723,0.9136120120290979,-3.5929760361548673,4,0,0
Own-delivery adaptation,Same update without qualification,2003,2013-05-21,9,3.382393802433162,2.5681196528754944,0.8142741495576672,-3.6707342424433054,0,0,0
Own-delivery adaptation,Equal-total shadow,2003,2013-05-21,9,3.5609331736735403,2.6462734940569805,0.91465967961656,-3.5933990173547787,0,0,0
Own-delivery adaptation,No feedback,2003,2013-05-22,9,3.7884392436931127,1.8620717243748732,1.92636751931824,-5.356186731335046,0,0,0
Own-delivery adaptation,ECF,2003,2013-05-22,9,3.867223667038342,1.9270548118467512,1.9401688551915908,-5.291696551439132,5,0,0
Own-delivery adaptation,Same update without qualification,2003,2013-05-22,9,2.904537206119951,1.8442411340264806,1.0602960720934702,-5.373910130647087,0,0,0
Own-delivery adaptation,Equal-total shadow,2003,2013-05-22,9,3.787532647143549,1.8616824343020861,1.9258502128414632,-5.356568425936259,0,0,0
Own-delivery adaptation,No feedback,2003,2013-05-23,9,4.002250194191344,1.6614066751120995,2.3408435190792445,-5.654149305682474,0,0,0
Own-delivery adaptation,ECF,2003,2013-05-23,9,3.940739385164787,1.6620722604614147,2.2786671247033725,-5.653655473365524,8,0,0
Own-delivery adaptation,Same update without qualification,2003,2013-05-23,9,3.1156653443561835,1.594249417875386,1.5214159264807974,-5.721116748443752,0,0,0
Own-delivery adaptation,Equal-total shadow,2003,2013-05-23,9,4.003356958253578,1.6613804738035616,2.3419764844500164,-5.654175860876134,0,0,0
Own-delivery adaptation,No feedback,2003,2013-05-24,9,4.095494865615408,2.7306496687617585,1.3648451968536495,-4.093530663085298,0,0,0
Own-delivery adaptation,ECF,2003,2013-05-24,9,4.095205490488868,2.7363212223093343,1.3588842681795337,-4.08794550627457,5,0,0
Own-delivery adaptation,Same update without qualification,2003,2013-05-24,9,3.739155710832871,2.6409971354046573,1.0981585754282135,-4.182614260283711,0,0,0
Own-delivery adaptation,Equal-total shadow,2003,2013-05-24,9,4.0945457825353415,2.730165738570053,1.3643800439652884,-4.094018515384788,0,0,0
Own-delivery adaptation,No feedback,2003,2013-05-25,9,3.757001383776133,2.6587920177821935,1.0982093659939398,-3.9969315368475953,0,0,0
Own-delivery adaptation,ECF,2003,2013-05-25,9,3.7830429643872896,2.6895746126676863,1.0934683517196027,-3.96643422605204,6,0,0
Own-delivery adaptation,Same update without qualification,2003,2013-05-25,9,3.573458942709782,2.621811316891033,0.9516476258187484,-4.033723653260378,0,0,0
Own-delivery adaptation,Equal-total shadow,2003,2013-05-25,9,3.7558549892868327,2.6580059026917056,1.0978490865951271,-3.997709721292228,0,0,0
Own-delivery adaptation,No feedback,2003,2013-05-26,9,3.5870023824029977,2.6144627480523575,0.9725396343506401,-4.165306843539722,0,0,0
Own-delivery adaptation,ECF,2003,2013-05-26,9,3.575806387087445,2.6080767369389184,0.9677296501485265,-4.171620595216031,6,0,0
Own-delivery adaptation,Same update without qualification,2003,2013-05-26,9,3.3414242383034205,2.5427697830869684,0.7986544552164525,-4.236466481348023,0,0,0
Own-delivery adaptation,Equal-total shadow,2003,2013-05-26,9,3.585425200286006,2.6138813519235815,0.9715438483624244,-4.165878982342981,0,0,0
Own-delivery adaptation,No feedback,2003,2013-05-27,9,3.8667916532736895,2.197840857689049,1.6689507955846408,-4.812932489811486,0,0,0
Own-delivery adaptation,ECF,2003,2013-05-27,9,3.9690495108749864,2.3444697962811984,1.624579714593788,-4.667563543770927,7,0,0
Own-delivery adaptation,Same update without qualification,2003,2013-05-27,9,3.6382995524095696,2.262341372560939,1.3759581798486302,-4.749366061626932,0,0,0
Own-delivery adaptation,Equal-total shadow,2003,2013-05-27,9,3.8684572678846845,2.1970901654414905,1.6713671024431938,-4.813673892152431,0,0,0
Own-delivery adaptation,No feedback,2003,2013-05-28,9,3.8104147107506403,2.3815971502069546,1.4288175605436855,-4.137466347627378,0,0,0
Own-delivery adaptation,ECF,2003,2013-05-28,9,3.889993085596924,2.4201948963078257,1.4697981892890977,-4.099310603692158,4,0,0
Own-delivery adaptation,Same update without qualification,2003,2013-05-28,9,3.5687699034726523,2.412968538853397,1.1558013646192562,-4.106985117887166,0,0,0
Own-delivery adaptation,Equal-total shadow,2003,2013-05-28,9,3.8112107816473024,2.381660136315399,1.4295506453319033,-4.137406024161648,0,0,0
Own-delivery adaptation,No feedback,2003,2013-05-29,9,4.0221995058520355,2.728359351494913,1.2938401543571219,-3.374960138428875,0,0,0
Own-delivery adaptation,ECF,2003,2013-05-29,9,4.19677184786809,2.8506075472883965,1.3461643005796944,-3.2538719579655377,6,0,0
Own-delivery adaptation,Same update without qualification,2003,2013-05-29,9,3.91345685461709,2.798950612347752,1.1145062422693377,-3.304831038088683,0,0,0
Own-delivery adaptation,Equal-total shadow,2003,2013-05-29,9,4.016681213015877,2.726145109262765,1.290536103753112,-3.377158508640845,0,0,0
Own-delivery adaptation,No feedback,2003,2013-05-30,9,4.003771184877419,3.0509402234140635,0.9528309614633553,-2.993900539065915,0,0,0
Own-delivery adaptation,ECF,2003,2013-05-30,9,3.994954322354318,3.043269531162635,0.9516847911916828,-3.001454145472476,4,0,0
Own-delivery adaptation,Same update without qualification,2003,2013-05-30,9,3.7842666847970117,2.984589169269642,0.7996775155273699,-3.0595301524526093,0,0,0
Own-delivery adaptation,Equal-total shadow,2003,2013-05-30,9,3.9993083375389205,3.0469555147241416,0.9523528228147791,-2.997843937855619,0,0,0
Own-delivery adaptation,No feedback,2003,2013-05-31,9,3.789593934497043,2.751242959626162,1.0383509748708806,-3.0264877673027173,0,0,0
Own-delivery adaptation,ECF,2003,2013-05-31,9,3.7988373781719367,2.751397486604708,1.047439891567229,-3.026330363965634,7,0,0
Own-delivery adaptation,Same update without qualification,2003,2013-05-31,9,3.543991428528,2.644128046583309,0.8998633819446903,-3.1326157928528815,0,0,0
Own-delivery adaptation,Equal-total shadow,2003,2013-05-31,9,3.7872467024884418,2.7494212705653385,1.0378254319231028,-3.0282731991605893,0,0,0
Own-delivery adaptation,No feedback,2003,2013-06-01,9,3.6473984241080593,2.081113130885152,1.5662852932229074,-4.247199364648346,0,0,0
Own-delivery adaptation,ECF,2003,2013-06-01,9,3.659890143250026,2.0872759505068976,1.5726141927431287,-4.24108294948914,1,0,0
Own-delivery adaptation,Same update without qualification,2003,2013-06-01,9,3.14466416427327,2.029268776865274,1.1153953874079958,-4.298418347524922,0,0,0
Own-delivery adaptation,Equal-total shadow,2003,2013-06-01,9,3.6471514720392078,2.0819472103076717,1.5652042617315363,-4.246380135343414,0,0,0
Own-delivery adaptation,No feedback,2003,2013-06-02,9,3.9064669397364047,0.7712908471293468,3.135176092607058,-7.332392393089296,0,0,0
Own-delivery adaptation,ECF,2003,2013-06-02,9,3.935317138637198,0.7818249250034768,3.153492213633722,-7.321984016594518,3,0,0
Own-delivery adaptation,Same update without qualification,2003,2013-06-02,9,2.6805589798841463,0.6822183840118504,1.9983405958722955,-7.421566837256396,0,0,0
Own-delivery adaptation,Equal-total shadow,2003,2013-06-02,9,3.9146956919238707,0.7720543438573574,3.1426413480665127,-7.33163884150193,0,0,0
Own-delivery adaptation,No feedback,2003,2013-06-03,9,3.8101729817905174,2.599616331196393,1.210556650594124,-4.4644820581982225,0,0,0
Own-delivery adaptation,ECF,2003,2013-06-03,9,3.7865740649596846,2.5942088780883226,1.1923651868713618,-4.46978477681243,9,0,0
Own-delivery adaptation,Same update without qualification,2003,2013-06-03,9,3.4846395871438607,2.5443709606900966,0.9402686264537644,-4.519168928555167,0,0,0
Own-delivery adaptation,Equal-total shadow,2003,2013-06-03,9,3.803949304760232,2.59475022581874,1.2091990789414915,-4.469271236187269,0,0,0
Own-delivery adaptation,No feedback,2003,2013-06-04,9,3.559457392936012,2.557932985368058,1.0015244075679537,-4.261442372364794,0,0,0
Own-delivery adaptation,ECF,2003,2013-06-04,9,3.5838259611899232,2.5801782358351706,1.0036477253547527,-4.23951457524834,6,0,0
Own-delivery adaptation,Same update without qualification,2003,2013-06-04,9,3.490886463848794,2.5385395613199377,0.9523469025288572,-4.280627385858703,0,0,0
Own-delivery adaptation,Equal-total shadow,2003,2013-06-04,9,3.5550507434426377,2.554599451575881,1.0004512918667563,-4.264720038050893,0,0,0
Own-delivery adaptation,No feedback,2003,2013-06-05,9,3.748233386727051,2.4049575725158685,1.3432758142111834,-4.526620714277055,0,0,0
Own-delivery adaptation,ECF,2003,2013-06-05,9,3.791708133829073,2.461102874126462,1.3306052597026112,-4.471247554432365,9,0,0
Own-delivery adaptation,Same update without qualification,2003,2013-06-05,9,3.608636545875158,2.4323328256325145,1.1763037202426436,-4.499643527426305,0,0,0
Own-delivery adaptation,Equal-total shadow,2003,2013-06-05,9,3.747360026462961,2.4040880543987697,1.3432719720641921,-4.527490548500511,0,0,0
Own-delivery adaptation,No feedback,2003,2013-06-06,9,3.826051485794003,2.1217137629389327,1.7043377228550702,-4.535896751321442,0,0,0
Own-delivery adaptation,ECF,2003,2013-06-06,9,3.7809765473480508,2.1157726563050283,1.6652038910430222,-4.541741706406232,5,0,0
Own-delivery adaptation,Same update without qualification,2003,2013-06-06,9,3.019451662229252,2.0217210516241395,0.9977306106051128,-4.635044242032635,0,0,0
Own-delivery adaptation,Equal-total shadow,2003,2013-06-06,9,3.8185815106017786,2.117663797692861,1.7009177129089175,-4.539907753894362,0,0,0
Own-delivery adaptation,No feedback,2003,2013-06-07,9,3.9400388162901283,1.9869926766012949,1.9530461396888334,-4.282476597430777,0,0,0
Own-delivery adaptation,ECF,2003,2013-06-07,9,3.967714304195123,1.9975560890804678,1.9701582151146548,-4.272019488924357,4,0,0
Own-delivery adaptation,Same update without qualification,2003,2013-06-07,9,3.3271514287544877,1.9032267709202508,1.423924657834237,-4.365859612836238,0,0,0
Own-delivery adaptation,Equal-total shadow,2003,2013-06-07,9,3.939751105041317,1.9856450664631538,1.9541060385781632,-4.283824834780886,0,0,0
Own-delivery adaptation,No feedback,2003,2013-06-08,9,4.049776128232194,2.221735792645757,1.8280403355864374,-4.411875307122962,0,0,0
Own-delivery adaptation,ECF,2003,2013-06-08,9,4.049603685510398,2.230181182896214,1.8194225026141846,-4.4035512955573815,3,0,0
Own-delivery adaptation,Same update without qualification,2003,2013-06-08,9,3.3467296615813127,2.0952509418826164,1.2514787196986963,-4.537220389161396,0,0,0
Own-delivery adaptation,Equal-total shadow,2003,2013-06-08,9,4.044186847680814,2.219645257714872,1.8245415899659425,-4.413954876698274,0,0,0
Own-delivery adaptation,No feedback,2003,2013-06-09,9,4.018858935792731,2.828034661344115,1.1908242744486155,-3.7875360170602606,0,0,0
Own-delivery adaptation,ECF,2003,2013-06-09,9,4.048166001112261,2.851858772445591,1.1963072286666696,-3.7641377746553926,4,0,0
Own-delivery adaptation,Same update without qualification,2003,2013-06-09,9,3.771433164138767,2.7929829134198623,0.9784502507189053,-3.8224998987373726,0,0,0
Own-delivery adaptation,Equal-total shadow,2003,2013-06-09,9,4.012022383358209,2.823211495854943,1.188810887503266,-3.792328256473109,0,0,0
Own-delivery adaptation,No feedback,2003,2013-06-10,9,3.948051305168917,2.529008140282132,1.4190431648867847,-4.709168586692517,0,0,0
Own-delivery adaptation,ECF,2003,2013-06-10,9,3.9948751826680455,2.521656635268178,1.4732185473998676,-4.71642352829758,5,0,0
Own-delivery adaptation,Same update without qualification,2003,2013-06-10,9,3.7622592279972578,2.511539765518721,1.2507194624785374,-4.726956453557755,0,0,0
Own-delivery adaptation,Equal-total shadow,2003,2013-06-10,9,3.944808350588802,2.525487215705689,1.4193211348831132,-4.7126846747698385,0,0,0
Own-delivery adaptation,No feedback,2003,2013-06-11,9,3.8490516448776178,2.7948876980170665,1.0541639468605513,-3.698904568546048,0,0,0
Own-delivery adaptation,ECF,2003,2013-06-11,9,3.766503847120034,2.7358339195228267,1.0306699275972069,-3.757142296896107,5,0,0
Own-delivery adaptation,Same update without qualification,2003,2013-06-11,9,3.483207870108009,2.636182043662588,0.8470258264454209,-3.8559454418187795,0,0,0
Own-delivery adaptation,Equal-total shadow,2003,2013-06-11,9,3.828868692510627,2.788866089928778,1.0400026025818492,-3.7048602223235765,0,0,0
Own-delivery adaptation,No feedback,2003,2013-06-12,9,3.657166940909581,1.2510399451756833,2.4061269957338975,-6.209172387209504,0,0,0
Own-delivery adaptation,ECF,2003,2013-06-12,9,3.8725364323953584,1.4160553611277165,2.456481071267642,-6.045745763682771,9,0,0
Own-delivery adaptation,Same update without qualification,2003,2013-06-12,9,3.4379809725518355,1.383696020427994,2.054284952123842,-6.078696377851577,0,0,0
Own-delivery adaptation,Equal-total shadow,2003,2013-06-12,9,3.653930955155058,1.249936087450503,2.4039948677045553,-6.210231020267681,0,0,0
Own-delivery adaptation,No feedback,2003,2013-06-13,9,3.738837994312084,2.5114848159187786,1.2273531783933054,-4.293060311071955,0,0,0
Own-delivery adaptation,ECF,2003,2013-06-13,9,3.717344023891561,2.509182831348988,1.2081611925425737,-4.2953077779798345,8,0,0
Own-delivery adaptation,Same update without qualification,2003,2013-06-13,9,3.4809721790141883,2.5250782335580437,0.9558939454561444,-4.279649504085808,0,0,0
Own-delivery adaptation,Equal-total shadow,2003,2013-06-13,9,3.733006879234222,2.507191623045665,1.2258152561885567,-4.297286632774409,0,0,0
Own-delivery adaptation,No feedback,2003,2013-06-14,9,3.603603959582305,2.4494444462617846,1.1541595133205202,-4.488639164604157,0,0,0
Own-delivery adaptation,ECF,2003,2013-06-14,9,3.586064256751865,2.433234462069987,1.152829794681878,-4.504563539766045,4,0,0
Own-delivery adaptation,Same update without qualification,2003,2013-06-14,9,3.304117757047284,2.3629023495700037,0.9412154074772805,-4.57450312544571,0,0,0
Own-delivery adaptation,Equal-total shadow,2003,2013-06-14,9,3.6001663678694147,2.447767857602182,1.1523985102672327,-4.490304117753217,0,0,0
Own-delivery adaptation,No feedback,2003,2013-06-15,9,3.6177919866623847,2.2095561352173383,1.408235851445047,-4.942006725142509,0,0,0
Own-delivery adaptation,ECF,2003,2013-06-15,9,3.7121375935423258,2.233248249496205,1.4788893440461206,-4.918263738844503,6,0,0
Own-delivery adaptation,Same update without qualification,2003,2013-06-15,9,3.3872072432981577,2.156441235885605,1.2307660074125528,-4.994650459358484,0,0,0
Own-delivery adaptation,Equal-total shadow,2003,2013-06-15,9,3.6195568070895083,2.211173151622225,1.4083836554672833,-4.940379781211914,0,0,0
Own-delivery adaptation,No feedback,2003,2013-06-16,9,3.9833163225727275,2.7544950976219904,1.2288212249507373,-4.77012357857544,0,0,0
Own-delivery adaptation,ECF,2003,2013-06-16,9,3.9458682344840947,2.730774095169147,1.2150941393149484,-4.793597066578928,8,0,0
Own-delivery adaptation,Same update without qualification,2003,2013-06-16,9,3.6400215919503096,2.6714443277303905,0.9685772642199195,-4.852765926570955,0,0,0
Own-delivery adaptation,Equal-total shadow,2003,2013-06-16,9,3.9797672485413886,2.7508778228676154,1.228889425673773,-4.773704354797897,0,0,0
Own-delivery adaptation,No feedback,2003,2013-06-17,9,3.52632319095341,2.4244053333902853,1.101917857563125,-5.213518913205604,0,0,0
Own-delivery adaptation,ECF,2003,2013-06-17,9,3.5948719908104874,2.449604646490462,1.1452673443200252,-5.1884779502650975,4,0,0
Own-delivery adaptation,Same update without qualification,2003,2013-06-17,9,3.4433659517070536,2.423978840342334,1.0193871113647197,-5.214155825274097,0,0,0
Own-delivery adaptation,Equal-total shadow,2003,2013-06-17,9,3.523840750723557,2.423917852107959,1.0999228986155976,-5.213998945791363,0,0,0
Own-delivery adaptation,No feedback,2003,2013-06-18,9,3.820468519989678,2.6473697926350335,1.1730987273546452,-5.119754466301991,0,0,0
Own-delivery adaptation,ECF,2003,2013-06-18,9,3.8183012326516095,2.6448185076651085,1.1734827249865012,-5.122196727432575,3,0,0
Own-delivery adaptation,Same update without qualification,2003,2013-06-18,9,3.5286645031247224,2.5247719189437414,1.0038925841809807,-5.24133281356343,0,0,0
Own-delivery adaptation,Equal-total shadow,2003,2013-06-18,9,3.8163407063631056,2.644316644880307,1.1720240614827988,-5.122768399986717,0,0,0
Own-delivery adaptation,No feedback,2003,2013-06-19,9,3.5824598989256384,2.238268197579552,1.3441917013460858,-5.845676179526818,0,0,0
Own-delivery adaptation,ECF,2003,2013-06-19,9,3.8344318748518758,2.4812823987057215,1.3531494761461542,-5.60550993614309,8,0,0
Own-delivery adaptation,Same update without qualification,2003,2013-06-19,9,3.8027427046452584,2.5840422343913745,1.218700470253884,-5.504150200369774,0,0,0
Own-delivery adaptation,Equal-total shadow,2003,2013-06-19,9,3.5753349863841675,2.2358749286826582,1.3394600577015092,-5.84805257057179,0,0,0
Own-delivery adaptation,No feedback,2003,2013-06-23,10,3.5664610774588397,1.6351138079917975,1.931347269467042,-7.698144771673115,0,0,0
Own-delivery adaptation,ECF,2003,2013-06-23,10,3.7537059432080735,1.654169480427532,2.099536462780542,-7.679245879948058,9,0,0
Own-delivery adaptation,Same update without qualification,2003,2013-06-23,10,3.0967497540554527,1.6406655027393644,1.4560842513160885,-7.693003382165796,0,0,0
Own-delivery adaptation,Equal-total shadow,2003,2013-06-23,10,3.566951910950505,1.6350622607578342,1.9318896501926708,-7.698197290812883,0,0,0
Own-delivery adaptation,No feedback,2003,2013-06-24,10,3.8832100286726057,2.1159592311142856,1.7672507975583205,-6.267399045117326,0,0,0
Own-delivery adaptation,ECF,2003,2013-06-24,10,3.793014115437627,2.115207713470766,1.677806401966861,-6.268535749724554,7,0,0
Own-delivery adaptation,Same update without qualification,2003,2013-06-24,10,3.357263830476496,2.0056383453362012,1.3516254851402945,-6.377011902522363,0,0,0
Own-delivery adaptation,Equal-total shadow,2003,2013-06-24,10,3.882599156714322,2.11596189712403,1.7666372595902917,-6.2673978569029005,0,0,0
Own-delivery adaptation,No feedback,2003,2013-06-25,10,3.8382524336740365,2.1167609749569714,1.7214914587170649,-6.570727630641015,0,0,0
Own-delivery adaptation,ECF,2003,2013-06-25,10,3.8194010541600694,2.1116876142410943,1.707713439918975,-6.575795560275736,3,0,0
Own-delivery adaptation,Same update without qualification,2003,2013-06-25,10,3.1807545637490167,2.0021499221715207,1.1786046415774956,-6.684868862859339,0,0,0
Own-delivery adaptation,Equal-total shadow,2003,2013-06-25,10,3.8411817970882915,2.117288343782814,1.7238934533054775,-6.570199388079491,0,0,0
Own-delivery adaptation,No feedback,2003,2013-06-26,10,3.5735907141878047,2.197868127861689,1.3757225863261153,-5.379607892867895,0,0,0
Own-delivery adaptation,ECF,2003,2013-06-26,10,3.5230750973972715,2.1817856804404148,1.3412894169568572,-5.395454378785175,5,0,0
Own-delivery adaptation,Same update without qualification,2003,2013-06-26,10,3.248378862730293,2.090503853866059,1.1578750088642342,-5.485823230150392,0,0,0
Own-delivery adaptation,Equal-total shadow,2003,2013-06-26,10,3.572342664009091,2.1979155549605203,1.374427109048571,-5.3795668136768615,0,0,0
Own-delivery adaptation,No feedback,2003,2013-06-27,10,3.5094331848836697,1.745971897609268,1.7634612872744018,-5.840815397254739,0,0,0
Own-delivery adaptation,ECF,2003,2013-06-27,10,3.4673728809162268,1.765961022575762,1.7014118583404647,-5.821065663708868,7,0,0
Own-delivery adaptation,Same update without qualification,2003,2013-06-27,10,2.9652312209197347,1.7473336322268858,1.2178975886928491,-5.839866708341173,0,0,0
Own-delivery adaptation,Equal-total shadow,2003,2013-06-27,10,3.5090153277020084,1.745688063842866,1.7633272638591422,-5.8410957550501745,0,0,0
No preference update,No feedback,2001,2013-01-02,1,4.134249394166829,3.5584775629612153,0.575771831205613,-1.2788474905261078,0,0,0
No preference update,ECF,2001,2013-01-02,1,4.109188207703348,3.55131137405443,0.5578768336489182,-1.2859658610246143,9,0,0
No preference update,Same update without qualification,2001,2013-01-02,1,4.177377891545328,3.563963851676812,0.6134140398685171,-1.2736677739978606,0,0,0
No preference update,Equal-total shadow,2001,2013-01-02,1,4.1317902241376325,3.5584862564044535,0.5733039677331786,-1.2788389348575393,0,0,0
No preference update,No feedback,2001,2013-01-03,1,4.050645641598211,3.773064435594285,0.2775812060039262,-0.7058972402653846,0,0,0
No preference update,ECF,2001,2013-01-03,1,4.024929536732347,3.770511100851511,0.2544184358808356,-0.7081727360779189,10,0,0
No preference update,Same update without qualification,2001,2013-01-03,1,3.95636322987088,3.7691308311700897,0.18723239870079078,-0.7095841813335834,0,0,0
No preference update,Equal-total shadow,2001,2013-01-03,1,4.050653295156293,3.7730724627355636,0.27758083242072923,-0.7058893464024957,0,0,0
No preference update,No feedback,2001,2013-01-04,1,4.252272944043072,3.9895830023792103,0.26268994166386167,-1.111558785808323,0,0,0
No preference update,ECF,2001,2013-01-04,1,4.242272631482183,3.9868527164193153,0.2554199150628678,-1.1142433853145872,11,0,0
No preference update,Same update without qualification,2001,2013-01-04,1,4.13529840655583,3.9405677963550616,0.19473061020076732,-1.1600784187133595,0,0,0
No preference update,Equal-total shadow,2001,2013-01-04,1,4.252244875086468,3.9895560900898195,0.26268878499664905,-1.111585346619858,0,0,0
No preference update,No feedback,2001,2013-01-05,1,4.491396260392061,4.286597918071097,0.20479834232096408,-1.8414255664491308,0,0,0
No preference update,ECF,2001,2013-01-05,1,4.484728714000966,4.282061669185766,0.20266704481520093,-1.8458484373848552,6,0,0
No preference update,Same update without qualification,2001,2013-01-05,1,4.41218723770354,4.244952825858089,0.1672344118454509,-1.8823764570590038,0,0,0
No preference update,Equal-total shadow,2001,2013-01-05,1,4.491372856809822,4.286573568101003,0.20479928870881878,-1.841449626575728,0,0,0
No preference update,No feedback,2001,2013-01-06,1,4.1941012513459714,4.036213618117148,0.1578876332288234,-1.9324502064204498,0,0,0
No preference update,ECF,2001,2013-01-06,1,4.164307373487837,4.0167656964301095,0.1475416770577279,-1.9516140774628534,12,0,0
No preference update,Same update without qualification,2001,2013-01-06,1,4.15428107998166,4.006107048178595,0.14817403180306407,-1.9621481259805924,0,0,0
No preference update,Equal-total shadow,2001,2013-01-06,1,4.194115719291849,4.036227654078182,0.15788806521366688,-1.9324363621834675,0,0,0
No preference update,No feedback,2001,2013-01-07,1,4.240114605859627,3.912895621079834,0.3272189847797926,-1.5250875542495237,0,0,0
No preference update,ECF,2001,2013-01-07,1,4.257071458011324,3.950814600480144,0.3062568575311794,-1.4876424276586184,11,0,0
No preference update,Same update without qualification,2001,2013-01-07,1,4.172625246209743,3.9432629983369694,0.2293622478727745,-1.4952371718102386,0,0,0
No preference update,Equal-total shadow,2001,2013-01-07,1,4.240089301878394,3.912871007018904,0.32721829485948956,-1.5251118810667095,0,0,0
No preference update,No feedback,2001,2013-01-08,1,3.9687846172034407,3.68129285074158,0.28749176646186053,-6.415217031634836,0,0,0
No preference update,ECF,2001,2013-01-08,1,3.969427810739599,3.680845007255109,0.28858280348448984,-6.415686155653236,8,0,0
No preference update,Same update without qualification,2001,2013-01-08,1,3.8554339114868403,3.629039132286907,0.2263947791999335,-6.466937256389543,0,0,0
No preference update,Equal-total shadow,2001,2013-01-08,1,3.968800303998445,3.681308736351647,0.28749156764679834,-6.41520123127805,0,0,0
No preference update,No feedback,2001,2013-01-12,2,4.025692355805998,3.5500149835451595,0.475677372260839,-3.529800254141229,0,0,0
No preference update,ECF,2001,2013-01-12,2,4.009529826332531,3.548189478154011,0.46134034817852,-3.5317977385205235,10,0,0
No preference update,Same update without qualification,2001,2013-01-12,2,3.8336003045062466,3.4541016338404664,0.3794986706657801,-3.6256722968863,0,0,0
No preference update,Equal-total shadow,2001,2013-01-12,2,4.025718872695891,3.550036304792436,0.47568256790345487,-3.5297791289371703,0,0,0
No preference update,No feedback,2001,2013-01-13,2,4.02097884711769,2.6816979211126375,1.339280926005052,-2.5919589144743354,0,0,0
No preference update,ECF,2001,2013-01-13,2,3.961388912830573,2.667199858123452,1.2941890547071206,-2.606229286265509,6,0,0
No preference update,Same update without qualification,2001,2013-01-13,2,3.4537011472267674,2.560280847023336,0.8934203002034314,-2.712334714538793,0,0,0
No preference update,Equal-total shadow,2001,2013-01-13,2,4.005172658940711,2.6816871498902817,1.3234855090504292,-2.5919696064755,0,0,0
No preference update,No feedback,2001,2013-01-14,2,4.100337466019329,3.529148845251692,0.5711886207676361,-1.012189494067759,0,0,0
No preference update,ECF,2001,2013-01-14,2,4.12783483254796,3.5509538299682784,0.5768810025796808,-0.9905258895829635,6,0,0
No preference update,Same update without qualification,2001,2013-01-14,2,3.888518301454895,3.4880594418449444,0.4004588596099509,-1.0530534639254516,0,0,0
No preference update,Equal-total shadow,2001,2013-01-14,2,4.100344315724307,3.529153328554057,0.5711909871702502,-1.012185071888403,0,0,0
No preference update,No feedback,2001,2013-01-15,2,4.0322069664032805,3.7874933349632305,0.24471363144004943,-0.668455552172833,0,0,0
No preference update,ECF,2001,2013-01-15,2,4.051584840381496,3.821014362511262,0.23057047787023358,-0.6352619702117883,15,0,0
No preference update,Same update without qualification,2001,2013-01-15,2,4.016956558997999,3.8239435577491454,0.19301300124885373,-0.6325033053559652,0,0,0
No preference update,Equal-total shadow,2001,2013-01-15,2,4.03220938245046,3.787496285559862,0.24471309689059764,-0.6684526036930637,0,0,0
No preference update,No feedback,2001,2013-01-16,2,4.367835527973387,4.099869880168206,0.2679656478051808,-0.9575571775540226,0,0,0
No preference update,ECF,2001,2013-01-16,2,4.411741582965387,4.118213870843072,0.2935277121223149,-0.9391131607633275,11,0,0
No preference update,Same update without qualification,2001,2013-01-16,2,4.320735925512625,4.070334757487818,0.2504011680248063,-0.9864935860024958,0,0,0
No preference update,Equal-total shadow,2001,2013-01-16,2,4.367856176801218,4.099891590813108,0.267964585988109,-0.9575357048411876,0,0,0
No preference update,No feedback,2001,2013-01-17,2,4.310323528239496,3.96422924887643,0.3460942793630665,-1.891796486403987,0,0,0
No preference update,ECF,2001,2013-01-17,2,4.251356978797352,3.929844071278458,0.32151290751889433,-1.9258279846588209,14,0,0
No preference update,Same update without qualification,2001,2013-01-17,2,4.285466096506297,3.961597010865832,0.3238690856404644,-1.8944248915749313,0,0,0
No preference update,Equal-total shadow,2001,2013-01-17,2,4.310334152354462,3.9642387536143517,0.3460953987401096,-1.8917871461454892,0,0,0
No preference update,No feedback,2001,2013-01-18,2,3.928091151051817,3.4549347608165184,0.4731563902352984,-5.885432220291448,0,0,0
No preference update,ECF,2001,2013-01-18,2,3.9649416316327626,3.474382213461048,0.4905594181717144,-5.865918962543139,9,0,0
No preference update,Same update without qualification,2001,2013-01-18,2,3.8037402992558547,3.3806512654952483,0.4230890337606059,-5.95896721944609,0,0,0
No preference update,Equal-total shadow,2001,2013-01-18,2,3.9281251650224824,3.454969451375215,0.47315571364726744,-5.885397902493853,0,0,0
No preference update,No feedback,2001,2013-01-19,2,4.016593703425567,3.155520368174376,0.8610733352511907,-1.8662750520474172,0,0,0
No preference update,ECF,2001,2013-01-19,2,3.9679995464679223,3.162601542193173,0.8053980042747497,-1.8592337926684235,8,0,0
No preference update,Same update without qualification,2001,2013-01-19,2,3.7871380200195635,3.1166415344331795,0.6704964855863843,-1.9049193704415275,0,0,0
No preference update,Equal-total shadow,2001,2013-01-19,2,4.016615609704651,3.155535948948557,0.8610796607560943,-1.8662596302719714,0,0,0
No preference update,No feedback,2001,2013-01-20,2,3.8462039291216374,2.5048342784914843,1.3413696506301531,-2.3462163388988033,0,0,0
No preference update,ECF,2001,2013-01-20,2,3.7808993575237597,2.5251433531890988,1.2557560043346607,-2.326236266672477,7,0,0
No preference update,Same update without qualification,2001,2013-01-20,2,3.474045891174175,2.4226079781642276,1.0514379130099476,-2.42811384652228,0,0,0
No preference update,Equal-total shadow,2001,2013-01-20,2,3.8462270348619603,2.504839970526242,1.3413870643357186,-2.3462106863853727,0,0,0
No preference update,No feedback,2001,2013-01-21,2,3.8577883504978554,3.5479882700994416,0.3098000803984137,-1.257621979215303,0,0,0
No preference update,ECF,2001,2013-01-21,2,3.855670732908703,3.5575536116942907,0.2981171212144126,-1.2482019830139968,10,0,0
No preference update,Same update without qualification,2001,2013-01-21,2,3.8717799134630475,3.6283621600211275,0.2434177534419201,-1.1785943380151023,0,0,0
No preference update,Equal-total shadow,2001,2013-01-21,2,3.857793615182148,3.547992437756853,0.30980117742529534,-1.2576178843274926,0,0,0
No preference update,No feedback,2001,2013-01-22,2,3.9075404099616025,3.1164599801088912,0.7910804298527112,-2.48677433028014,0,0,0
No preference update,ECF,2001,2013-01-22,2,3.9276078233029694,3.1173534051560847,0.8102544181468846,-2.4858922458731927,8,0,0
No preference update,Same update without qualification,2001,2013-01-22,2,3.693235896995663,3.015844178799962,0.6773917181957014,-2.58649945843616,0,0,0
No preference update,Equal-total shadow,2001,2013-01-22,2,3.9033849128827707,3.11640976776721,0.7869751451155607,-2.4868246770637006,0,0,0
No preference update,No feedback,2001,2013-01-23,2,3.93635581874661,3.2001358688008157,0.7362199499457941,-1.571363127318537,0,0,0
No preference update,ECF,2001,2013-01-23,2,3.81297029351886,3.1776731538656375,0.6352971396532221,-1.5936838496645,7,0,0
No preference update,Same update without qualification,2001,2013-01-23,2,3.6919860697562212,3.117170690532305,0.5748153792239162,-1.6539202062660796,0,0,0
No preference update,Equal-total shadow,2001,2013-01-23,2,3.9363381462789526,3.200119859056601,0.7362182872223516,-1.571378981487008,0,0,0
No preference update,No feedback,2001,2013-01-24,2,4.010735648601962,3.5527051147507125,0.4580305338512496,-1.4044989726826738,0,0,0
No preference update,ECF,2001,2013-01-24,2,3.9724817303896462,3.5550683051974277,0.4174134251922183,-1.4020741145215843,12,0,0
No preference update,Same update without qualification,2001,2013-01-24,2,3.904779073283485,3.5393442325444897,0.3654348407389955,-1.4174034926096912,0,0,0
No preference update,Equal-total shadow,2001,2013-01-24,2,4.010728165487588,3.5527003015569547,0.4580278639306336,-1.4045037116167993,0,0,0
No preference update,No feedback,2001,2013-01-25,2,4.212628588724251,3.9452109566442686,0.2674176320799822,-2.0254036059230915,0,0,0
No preference update,ECF,2001,2013-01-25,2,4.20106067331146,3.9414528529813935,0.25960782033006624,-2.029089925587725,7,0,0
No preference update,Same update without qualification,2001,2013-01-25,2,4.057773113644665,3.850127930898004,0.20764518274666052,-2.1192266534079645,0,0,0
No preference update,Equal-total shadow,2001,2013-01-25,2,4.2126142900308166,3.945196399390992,0.26741789063982496,-2.025417958273373,0,0,0
No preference update,No feedback,2001,2013-04-02,3,3.7900849131198924,3.2758994019929726,0.5141855111269199,-1.4406843108264475,0,0,0
No preference update,ECF,2001,2013-04-02,3,3.7927737705507765,3.2791172452558657,0.5136565252949109,-1.4374093062103726,6,0,0
No preference update,Same update without qualification,2001,2013-04-02,3,3.6919419117681143,3.239133112626043,0.4528087991420713,-1.4771072693549963,0,0,0
No preference update,Equal-total shadow,2001,2013-04-02,3,3.7900987486903492,3.275913668167736,0.5141850805226132,-1.4406702404156073,0,0,0
No preference update,No feedback,2001,2013-04-03,3,3.730921983505679,1.9653189878122581,1.7656029956934212,-3.111677088222521,0,0,0
No preference update,ECF,2001,2013-04-03,3,3.9151960936662134,2.0655555925921614,1.849640501074052,-3.01265393204624,9,0,0
No preference update,Same update without qualification,2001,2013-04-03,3,3.342806420017535,1.884537895600825,1.4582685244167102,-3.192700208272835,0,0,0
No preference update,Equal-total shadow,2001,2013-04-03,3,3.722672938648975,1.9653160370637985,1.7573569015851764,-3.111680000540608,0,0,0
No preference update,No feedback,2001,2013-04-04,3,3.977368265824955,2.7141616370766406,1.2632066287483144,-2.424452294232804,0,0,0
No preference update,ECF,2001,2013-04-04,3,3.9437356765927607,2.71130690620738,1.2324287703853813,-2.4272329729978463,7,0,0
No preference update,Same update without qualification,2001,2013-04-04,3,3.580010493293614,2.605406569493173,0.9746039238004418,-2.5324347533742104,0,0,0
No preference update,Equal-total shadow,2001,2013-04-04,3,3.977358588977589,2.714155639812443,1.263202949165146,-2.4244582245361186,0,0,0
No preference update,No feedback,2001,2013-04-09,4,3.8899709089620287,2.8612696348557676,1.028701274106261,-2.132399648297402,0,0,0
No preference update,ECF,2001,2013-04-09,4,3.9358681115224723,2.88911864423485,1.0467494672876219,-2.1048102396386876,8,0,0
No preference update,Same update without qualification,2001,2013-04-09,4,3.7516261573203824,2.913644350237502,0.8379818070828805,-2.0809329870341764,0,0,0
No preference update,Equal-total shadow,2001,2013-04-09,4,3.889972031095967,2.861272054765121,1.0286999763308458,-2.132397293102012,0,0,0
No preference update,No feedback,2001,2013-04-10,4,3.9580852771752006,3.3644184079218977,0.5936668692533031,-1.5465665724541975,0,0,0
No preference update,ECF,2001,2013-04-10,4,3.94360838864334,3.3540944135855404,0.5895139750577992,-1.5567255824954123,9,0,0
No preference update,Same update without qualification,2001,2013-04-10,4,3.8412405961797225,3.3174729416630107,0.5237676545167123,-1.5928134934878337,0,0,0
No preference update,Equal-total shadow,2001,2013-04-10,4,3.958102263182052,3.3644350783723596,0.5936671848096928,-1.5465500828736403,0,0,0
No preference update,No feedback,2001,2013-04-14,5,3.8596591406583736,3.239507080293538,0.6201520603648351,-1.717191176971579,0,0,0
No preference update,ECF,2001,2013-04-14,5,3.8507457645181637,3.229003288019885,0.6217424764982789,-1.7275204429988076,6,0,0
No preference update,Same update without qualification,2001,2013-04-14,5,3.737652662577341,3.1707298019395873,0.5669228606377541,-1.785170952666928,0,0,0
No preference update,Equal-total shadow,2001,2013-04-14,5,3.8596829106032837,3.239531715671555,0.6201511949317288,-1.7171668469947872,0,0,0
No preference update,No feedback,2001,2013-04-15,5,3.970238134855092,3.1852787166834506,0.7849594181716418,-1.7762075381351488,0,0,0
No preference update,ECF,2001,2013-04-15,5,3.9084269370049474,3.148856054024666,0.7595708829802816,-1.8122458844894105,5,0,0
No preference update,Same update without qualification,2001,2013-04-15,5,3.946256579258337,3.19321131941318,0.7530452598451566,-1.768118387016305,0,0,0
No preference update,Equal-total shadow,2001,2013-04-15,5,3.970241372223278,3.1852799015529785,0.7849614706702994,-1.7762063520539417,0,0,0
No preference update,No feedback,2001,2013-04-22,6,3.8252339157148394,2.7549562952149245,1.070277620499915,-2.6986105800633045,0,0,0
No preference update,ECF,2001,2013-04-22,6,3.762902732103647,2.7142103812068186,1.0486923508968282,-2.7389113326677346,8,0,0
No preference update,Same update without qualification,2001,2013-04-22,6,3.655471077815763,2.682295539385221,0.9731755384305424,-2.770498289834462,0,0,0
No preference update,Equal-total shadow,2001,2013-04-22,6,3.8252371026705148,2.754963167277675,1.0702739353928399,-2.6986038365299008,0,0,0
No preference update,No feedback,2001,2013-04-28,7,3.986661352233823,3.182741731346924,0.8039196208868988,-2.054465152826804,0,0,0
No preference update,ECF,2001,2013-04-28,7,3.9717864854890608,3.1684765529735093,0.8033099325155518,-2.0684869753084096,9,0,0
No preference update,Same update without qualification,2001,2013-04-28,7,3.9076292900767875,3.1561353811567203,0.7514939089200673,-2.0808445329001035,0,0,0
No preference update,Equal-total shadow,2001,2013-04-28,7,3.986681823866989,3.1827624969668737,0.8039193269001154,-2.0544445966134037,0,0,0
No preference update,No feedback,2001,2013-04-29,7,4.2511061096975045,3.504206541938441,0.7468995677590636,-1.5263047166586952,0,0,0
No preference update,ECF,2001,2013-04-29,7,4.242454655512439,3.4975267776023435,0.7449278779100962,-1.5328066106524214,7,0,0
No preference update,Same update without qualification,2001,2013-04-29,7,4.110389775069185,3.447980748803372,0.6624090262658126,-1.5816958515598498,0,0,0
No preference update,Equal-total shadow,2001,2013-04-29,7,4.251108250186085,3.504207940125244,0.7469003100608401,-1.5263033734820832,0,0,0
No preference update,No feedback,2001,2013-04-30,7,3.813098037524766,2.8002274462927295,1.0128705912320364,-2.243241640362653,0,0,0
No preference update,ECF,2001,2013-04-30,7,3.8326194521701975,2.805495957510627,1.0271234946595704,-2.2377876806647703,4,0,0
No preference update,Same update without qualification,2001,2013-04-30,7,3.670188660294191,2.7619355406043717,0.9082531196898193,-2.2809311479994623,0,0,0
No preference update,Equal-total shadow,2001,2013-04-30,7,3.8131069076440656,2.800230098402441,1.0128768092416243,-2.243239064665492,0,0,0
No preference update,No feedback,2001,2013-05-01,7,3.7948129992712127,2.8541543108200536,0.9406586884511593,-2.23148357719254,0,0,0
No preference update,ECF,2001,2013-05-01,7,3.792364801743391,2.8536374324685916,0.938727369274799,-2.2319505997312485,2,0,0
No preference update,Same update without qualification,2001,2013-05-01,7,3.7806998813308654,2.8697770975995573,0.9109227837313086,-2.216271006590926,0,0,0
No preference update,Equal-total shadow,2001,2013-05-01,7,3.7948068831094477,2.8541477587470596,0.9406591243623882,-2.231490079316417,0,0,0
No preference update,No feedback,2001,2013-05-06,8,3.6472424322739254,2.90799184335812,0.7392505889158051,-2.661927176328697,0,0,0
No preference update,ECF,2001,2013-05-06,8,3.654893251685894,2.9148975935176002,0.7399956581682939,-2.655106051976916,4,0,0
No preference update,Same update without qualification,2001,2013-05-06,8,3.6010113432805766,2.8773883687431514,0.7236229745374256,-2.692309624510678,0,0,0
No preference update,Equal-total shadow,2001,2013-05-06,8,3.6472648712823896,2.9080149415921075,0.7392499296902826,-2.661904336722767,0,0,0
No preference update,No feedback,2001,2013-05-07,8,3.7042111621353295,2.725151056221332,0.9790601059139974,-2.7916635140324018,0,0,0
No preference update,ECF,2001,2013-05-07,8,3.731496884136354,2.7501173487497983,0.9813795353865558,-2.766962365192505,5,0,0
No preference update,Same update without qualification,2001,2013-05-07,8,3.6728163602333765,2.7576818579253963,0.9151345023079809,-2.75966048378557,0,0,0
No preference update,Equal-total shadow,2001,2013-05-07,8,3.7042096428672426,2.7251434108064014,0.9790662320608413,-2.791671053613532,0,0,0
No preference update,No feedback,2001,2013-05-08,8,3.9360262436337936,2.902132135503287,1.033894108130506,-2.517195528778325,0,0,0
No preference update,ECF,2001,2013-05-08,8,3.94144951436235,2.9099341725639567,1.0315153417983933,-2.50949439932765,7,0,0
No preference update,Same update without qualification,2001,2013-05-08,8,3.7527990772956032,2.8529073496367943,0.8998917276588092,-2.565793630382523,0,0,0
No preference update,Equal-total shadow,2001,2013-05-08,8,3.9360331562125017,2.902140975713162,1.0338921804993395,-2.5171868112354083,0,0,0
No preference update,No feedback,2001,2013-05-09,8,3.8300847526848854,2.9661139484790553,0.8639708042058301,-2.3807390705547222,0,0,0
No preference update,ECF,2001,2013-05-09,8,3.8319756613155276,2.968384600240467,0.8635910610750609,-2.3782264322726774,7,0,0
No preference update,Same update without qualification,2001,2013-05-09,8,3.6893975143315627,2.941406034582368,0.7479914797491954,-2.405121759878046,0,0,0
No preference update,Equal-total shadow,2001,2013-05-09,8,3.8300733398428553,2.9661030977436176,0.8639702420992372,-2.380749769232115,0,0,0
No preference update,No feedback,2001,2013-05-10,8,4.00070134804072,3.1078753428164254,0.8928260052242948,-2.1254890923069762,0,0,0
No preference update,ECF,2001,2013-05-10,8,3.995103796178157,3.10701948144871,0.8880843147294475,-2.126325037090746,6,0,0
No preference update,Same update without qualification,2001,2013-05-10,8,3.8430645095232254,3.01673155817956,0.8263329513436651,-2.215793151475274,0,0,0
No preference update,Equal-total shadow,2001,2013-05-10,8,4.000691798412683,3.107866040487901,0.8928257579247828,-2.1254983278173287,0,0,0
No preference update,No feedback,2001,2013-05-11,8,3.7826612814162,2.4915511007160993,1.2911101807001006,-3.1502802011102857,0,0,0
No preference update,ECF,2001,2013-05-11,8,3.9193134530827933,2.6282588719958486,1.2910545810869452,-3.014843888341551,9,0,0
No preference update,Same update without qualification,2001,2013-05-11,8,3.8960853989459294,2.6498444392786387,1.2462409596672908,-2.993498563866728,0,0,0
No preference update,Equal-total shadow,2001,2013-05-11,8,3.782658722134925,2.49155365448067,1.2911050676542555,-3.150277701452165,0,0,0
No preference update,No feedback,2001,2013-05-12,8,4.326153483836624,3.1947283316554866,1.131425152181137,-2.3715064422894225,0,0,0
No preference update,ECF,2001,2013-05-12,8,4.331401036189953,3.22093749483907,1.1104635413508832,-2.345638702160259,4,0,0
No preference update,Same update without qualification,2001,2013-05-12,8,3.9943625812030943,3.111573477362199,0.882789103840895,-2.453841446857997,0,0,0
No preference update,Equal-total shadow,2001,2013-05-12,8,4.326149295138759,3.194725774780042,1.1314235203587175,-2.371508955122677,0,0,0
No preference update,No feedback,2001,2013-05-16,9,3.875420906486214,2.89550469077456,0.9799162157116544,-3.072643609209282,0,0,0
No preference update,ECF,2001,2013-05-16,9,3.925085780806877,2.930981043934142,0.9941047368727348,-3.037494634844021,3,0,0
No preference update,Same update without qualification,2001,2013-05-16,9,3.6950979241806254,2.785232912855504,0.9098650113251218,-3.1817013990218395,0,0,0
No preference update,Equal-total shadow,2001,2013-05-16,9,3.8754185081849712,2.8955026424864276,0.9799158656985437,-3.072645600337766,0,0,0
No preference update,No feedback,2001,2013-05-17,9,3.5388512076997958,2.7265043487213103,0.8123468589784859,-3.4068513818217743,0,0,0
No preference update,ECF,2001,2013-05-17,9,3.5291363603776595,2.7173461122564952,0.8117902481211642,-3.4159158580320006,3,0,0
No preference update,Same update without qualification,2001,2013-05-17,9,3.330427279128485,2.640054313593354,0.6903729655351315,-3.492467758291893,0,0,0
No preference update,Equal-total shadow,2001,2013-05-17,9,3.5388554817005766,2.726508274327511,0.812347207373066,-3.4068475098677746,0,0,0
No preference update,No feedback,2001,2013-05-18,9,3.641285458543449,2.6700144019714576,0.9712710565719914,-3.7136636736896045,0,0,0
No preference update,ECF,2001,2013-05-18,9,3.640438541019949,2.669916704292577,0.970521836727372,-3.7137602281089768,3,0,0
No preference update,Same update without qualification,2001,2013-05-18,9,3.400337884526027,2.567599499883658,0.8327383846423688,-3.8151607907195015,0,0,0
No preference update,Equal-total shadow,2001,2013-05-18,9,3.6412885264974184,2.670017186798263,0.9712713396991556,-3.7136609219025787,0,0,0
No preference update,No feedback,2001,2013-05-19,9,3.642846870339066,2.719661186880348,0.9231856834587182,-3.922212504003139,0,0,0
No preference update,ECF,2001,2013-05-19,9,3.64190110466471,2.719566645366463,0.9223344592982474,-3.9223098582576927,2,0,0
No preference update,Same update without qualification,2001,2013-05-19,9,3.451439593293869,2.648447077462956,0.8029925158309126,-3.992724622558097,0,0,0
No preference update,Equal-total shadow,2001,2013-05-19,9,3.6428544441797213,2.7196683586776804,0.9231860855020407,-3.922205395722977,0,0,0
No preference update,No feedback,2001,2013-05-20,9,3.579394926797005,2.683601201724729,0.8957937250722766,-3.9349339064020588,0,0,0
No preference update,ECF,2001,2013-05-20,9,3.5617434853109255,2.668149157407961,0.8935943279029644,-3.9500981348946365,4,0,0
No preference update,Same update without qualification,2001,2013-05-20,9,3.37600867874205,2.6002067264826128,0.7758019522594368,-4.0173113105870275,0,0,0
No preference update,Equal-total shadow,2001,2013-05-20,9,3.5793857297853933,2.6835931063552168,0.8957926234301768,-3.9349418852603804,0,0,0
No preference update,No feedback,2001,2013-05-21,9,3.703481405509227,2.805232882068406,0.8982485234408205,-3.4361044475700586,0,0,0
No preference update,ECF,2001,2013-05-21,9,3.7289307461363865,2.8197152015726297,0.9092155445637569,-3.421713930239915,5,0,0
No preference update,Same update without qualification,2001,2013-05-21,9,3.4971634662063895,2.7249335016645446,0.7722299645418449,-3.5154291838418428,0,0,0
No preference update,Equal-total shadow,2001,2013-05-21,9,3.7034849673499184,2.8052379632161983,0.89824700413372,-3.4360994440567607,0,0,0
No preference update,No feedback,2001,2013-05-22,9,3.7454310074580928,1.9551069836090118,1.7903240238490805,-5.264267611324377,0,0,0
No preference update,ECF,2001,2013-05-22,9,3.598401965368335,1.9061691511849532,1.6922328141833816,-5.312682219192171,7,0,0
No preference update,Same update without qualification,2001,2013-05-22,9,3.000139271438755,1.8966258099476916,1.1035134614910633,-5.322029034887358,0,0,0
No preference update,Equal-total shadow,2001,2013-05-22,9,3.745420654461018,1.9551030223304962,1.790317632130522,-5.264271539682078,0,0,0
No preference update,No feedback,2001,2013-05-23,9,3.751554078758685,1.57246949270788,2.1790845860508052,-5.7422922490282895,0,0,0
No preference update,ECF,2001,2013-05-23,9,3.839642093274053,1.5990256200016488,2.2406164732724037,-5.716054315743673,6,0,0
No preference update,Same update without qualification,2001,2013-05-23,9,3.1483203846605337,1.6018516391447812,1.5464687455157524,-5.71372142552667,0,0,0
No preference update,Equal-total shadow,2001,2013-05-23,9,3.751551925887165,1.572467096559136,2.1790848293280294,-5.742294625509037,0,0,0
No preference update,No feedback,2001,2013-05-24,9,3.9640210471184907,2.6572936180005935,1.306727429117897,-4.166072395276718,0,0,0
No preference update,ECF,2001,2013-05-24,9,3.9606067173333073,2.6574528781365516,1.3031538391967559,-4.165926562632502,4,0,0
No preference update,Same update without qualification,2001,2013-05-24,9,3.645962272880175,2.61120470713006,1.034757565750114,-4.212170207352562,0,0,0
No preference update,Equal-total shadow,2001,2013-05-24,9,3.96403372226588,2.657305181822031,1.3067285404438493,-4.166060971524695,0,0,0
No preference update,No feedback,2001,2013-05-25,9,3.7130957966707525,2.572832634356838,1.140263162313914,-4.081661253933895,0,0,0
No preference update,ECF,2001,2013-05-25,9,3.7394810957022044,2.5943193122352044,1.1451617834670003,-4.060311326011437,5,0,0
No preference update,Same update without qualification,2001,2013-05-25,9,3.4908342605344904,2.5528074306161983,0.9380268299182923,-4.10159560463268,0,0,0
No preference update,Equal-total shadow,2001,2013-05-25,9,3.7130946314902897,2.5728314716921528,1.140263159798137,-4.081662430244578,0,0,0
No preference update,No feedback,2001,2013-05-26,9,3.6335866550581475,2.678836942577502,0.9547497124806456,-4.1016895650017355,0,0,0
No preference update,ECF,2001,2013-05-26,9,3.6518063812509167,2.6935582401827105,0.9582481410682061,-4.087083009801286,6,0,0
No preference update,Same update without qualification,2001,2013-05-26,9,3.4445574832938806,2.639828991438421,0.8047284918554592,-4.140416096129507,0,0,0
No preference update,Equal-total shadow,2001,2013-05-26,9,3.6335914956406024,2.6788414223077672,0.9547500733328353,-4.101685088940781,0,0,0
No preference update,No feedback,2001,2013-05-27,9,3.6232278435992473,2.058190698864304,1.5650371447349438,-4.95111641963006,0,0,0
No preference update,ECF,2001,2013-05-27,9,3.7893074083739338,2.1999254783601097,1.5893819300138243,-4.810553403915527,8,0,0
No preference update,Same update without qualification,2001,2013-05-27,9,3.4702725779737444,2.1366558133006803,1.3336167646730646,-4.87359626282701,0,0,0
No preference update,Equal-total shadow,2001,2013-05-27,9,3.623232476403586,2.0581909654143504,1.5650415109892355,-4.95111616170926,0,0,0
No preference update,No feedback,2001,2013-05-28,9,4.043591093271709,2.4636848890406036,1.5799062042311047,-4.05678911675634,0,0,0
No preference update,ECF,2001,2013-05-28,9,4.055405089515658,2.476276582068722,1.5791285074469368,-4.0443286884583936,3,0,0
No preference update,Same update without qualification,2001,2013-05-28,9,3.6016566105267622,2.449290765341732,1.1523658451850298,-4.07149455472871,0,0,0
No preference update,Equal-total shadow,2001,2013-05-28,9,4.043571077384484,2.4636717307292195,1.5798993466552647,-4.056802139797369,0,0,0
No preference update,No feedback,2001,2013-05-29,9,4.098278238569496,2.7674080866570243,1.330870151912472,-3.336317128083834,0,0,0
No preference update,ECF,2001,2013-05-29,9,4.104812761698967,2.7959707977787036,1.3088419639202635,-3.307838772622939,6,0,0
No preference update,Same update without qualification,2001,2013-05-29,9,3.8153799666313275,2.7884003740893086,1.026979592542019,-3.315468799619133,0,0,0
No preference update,Equal-total shadow,2001,2013-05-29,9,4.098253464356794,2.7673881393403468,1.3308653250164468,-3.33633680747295,0,0,0
No preference update,No feedback,2001,2013-05-30,9,3.666958889873172,2.785379059861523,0.8815798300116486,-3.2562223135248964,0,0,0
No preference update,ECF,2001,2013-05-30,9,3.6683601167629725,2.7875183836836097,0.8808417330793635,-3.25398345721314,4,0,0
No preference update,Same update without qualification,2001,2013-05-30,9,3.5001658678183,2.741073929360585,0.7590919384577149,-3.3000501478584576,0,0,0
No preference update,Equal-total shadow,2001,2013-05-30,9,3.6669551366124042,2.7853753899455893,0.8815797466668153,-3.2562259627007686,0,0,0
No preference update,No feedback,2001,2013-05-31,9,3.620510308714786,2.57404605953513,1.0464642491796559,-3.201787786316113,0,0,0
No preference update,ECF,2001,2013-05-31,9,3.6270972674387907,2.578621114796623,1.0484761526421678,-3.197274853450424,4,0,0
No preference update,Same update without qualification,2001,2013-05-31,9,3.342248644301059,2.4891203586969985,0.8531282856040603,-3.286164427857016,0,0,0
No preference update,Equal-total shadow,2001,2013-05-31,9,3.6204825310459476,2.5740196464909832,1.0464628845549646,-3.201813876522519,0,0,0
No preference update,No feedback,2001,2013-06-01,9,3.4635895701994293,2.075212525438556,1.3883770447608732,-4.253139656065576,0,0,0
No preference update,ECF,2001,2013-06-01,9,3.5940024095313237,2.15651692026057,1.437485489270754,-4.172525577344002,3,0,0
No preference update,Same update without qualification,2001,2013-06-01,9,3.2000058098112474,2.086613504356115,1.1133923054551322,-4.2416010162930435,0,0,0
No preference update,Equal-total shadow,2001,2013-06-01,9,3.463597663404465,2.075218198299307,1.388379465105158,-4.253133995238299,0,0,0
No preference update,No feedback,2001,2013-06-02,9,3.622665274791052,0.7125141757606248,2.910151099030428,-7.390994167359657,0,0,0
No preference update,ECF,2001,2013-06-02,9,3.666525615104523,0.789448715687735,2.877076899416788,-7.31449879032108,9,0,0
No preference update,Same update without qualification,2001,2013-06-02,9,2.599413252439116,0.668531094593335,1.9308821578457809,-7.435203513821579,0,0,0
No preference update,Equal-total shadow,2001,2013-06-02,9,3.6226790361589702,0.712515963419078,2.910163072739892,-7.390992387044051,0,0,0
No preference update,No feedback,2001,2013-06-03,9,3.9118500440539115,2.6453908975933085,1.2664591464606025,-4.4194070416211515,0,0,0
No preference update,ECF,2001,2013-06-03,9,3.910275712640518,2.655304947157765,1.254970765482753,-4.409597163629391,7,0,0
No preference update,Same update without qualification,2001,2013-06-03,9,3.5519760807618055,2.5709016395224964,0.9810744412393092,-4.493223470735416,0,0,0
No preference update,Equal-total shadow,2001,2013-06-03,9,3.911850735171377,2.645391410317864,1.2664593248535132,-4.419406518693462,0,0,0
No preference update,No feedback,2001,2013-06-04,9,3.625280662479586,2.5481054812887183,1.0771751811908674,-4.271393740069853,0,0,0
No preference update,ECF,2001,2013-06-04,9,3.579816344969348,2.523435254092312,1.0563810908770357,-4.295662853716911,8,0,0
No preference update,Same update without qualification,2001,2013-06-04,9,3.4466713545811807,2.4642632368081983,0.9824081177729823,-4.354352618727477,0,0,0
No preference update,Equal-total shadow,2001,2013-06-04,9,3.6252963942708165,2.5481202756167454,1.0771761186540714,-4.271379092230171,0,0,0
No preference update,No feedback,2001,2013-06-05,9,3.478068249512216,2.261532190238413,1.216536059273803,-4.668864271391676,0,0,0
No preference update,ECF,2001,2013-06-05,9,3.495757213527413,2.287233731632936,1.2085234818944763,-4.643221301404192,9,0,0
No preference update,Same update without qualification,2001,2013-06-05,9,3.3141651283843414,2.2352967152260512,1.07886841315829,-4.6948416387633625,0,0,0
No preference update,Equal-total shadow,2001,2013-06-05,9,3.4780617586518296,2.261531033105769,1.216530725546061,-4.668865413024946,0,0,0
No preference update,No feedback,2001,2013-06-06,9,4.118694958952471,2.2410242546391586,1.877670704313312,-4.418472107779274,0,0,0
No preference update,ECF,2001,2013-06-06,9,4.1053246988119705,2.2414556331162157,1.8638690656957548,-4.418031919405927,4,0,0
No preference update,Same update without qualification,2001,2013-06-06,9,3.5967025989793777,2.157960833751235,1.4387417652281427,-4.500544556870989,0,0,0
No preference update,Equal-total shadow,2001,2013-06-06,9,4.118709824393819,2.2410410166043757,1.8776688077894437,-4.418455532674506,0,0,0
No preference update,No feedback,2001,2013-06-07,9,3.9099603066496758,1.9937800248524122,1.9161802817972633,-4.27573060688667,0,0,0
No preference update,ECF,2001,2013-06-07,9,3.9096288972084583,1.993385203619077,1.9162436935893818,-4.276117497038088,3,0,0
No preference update,Same update without qualification,2001,2013-06-07,9,3.2846619310938983,1.8908611091439784,1.3938008219499198,-4.378093419807366,0,0,0
No preference update,Equal-total shadow,2001,2013-06-07,9,3.909957328617479,1.9937771001578877,1.9161802284595917,-4.275733503610791,0,0,0
No preference update,No feedback,2001,2013-06-08,9,3.712377915246417,1.9688698723970606,1.7435080428493563,-4.662586743659505,0,0,0
No preference update,ECF,2001,2013-06-08,9,3.7122761604191874,1.9689631023863492,1.7433130580328382,-4.662492660985613,1,0,0
No preference update,Same update without qualification,2001,2013-06-08,9,3.2616601068779465,1.9410962434483827,1.320563863429564,-4.690185382728663,0,0,0
No preference update,Equal-total shadow,2001,2013-06-08,9,3.7123890618238837,1.9688788710135114,1.7435101908103725,-4.662577819137998,0,0,0
No preference update,No feedback,2001,2013-06-09,9,3.9860799857413034,2.7801781149815246,1.2059018707597786,-3.835178061007775,0,0,0
No preference update,ECF,2001,2013-06-09,9,3.977262308289071,2.77559490986336,1.201667398425711,-3.8396831057633225,2,0,0
No preference update,Same update without qualification,2001,2013-06-09,9,3.7340689380675753,2.7562802615896653,0.9777886764779098,-3.85896242528339,0,0,0
No preference update,Equal-total shadow,2001,2013-06-09,9,3.9860751411958413,2.780173092398502,1.205902048797339,-3.8351830138675655,0,0,0
No preference update,No feedback,2001,2013-06-10,9,3.7469735749044193,2.327894726308294,1.419078848596125,-4.908008702643044,0,0,0
No preference update,ECF,2001,2013-06-10,9,3.8218699847995055,2.3356871174197495,1.486182867379756,-4.900209105669454,6,0,0
No preference update,Same update without qualification,2001,2013-06-10,9,3.482322166620849,2.2379027952574218,1.2444193713634277,-4.997146231437232,0,0,0
No preference update,Equal-total shadow,2001,2013-06-10,9,3.746963246994065,2.3278860414318,1.4190772055622647,-4.908017296418845,0,0,0
No preference update,No feedback,2001,2013-06-11,9,3.7905884557756533,2.7630957195630175,1.0274927362126354,-3.7305610895261325,0,0,0
No preference update,ECF,2001,2013-06-11,9,3.773099681928511,2.754771358882889,1.0183283230456217,-3.7387893912689893,6,0,0
No preference update,Same update without qualification,2001,2013-06-11,9,3.5797719163042117,2.690425487525007,0.8893464287792047,-3.8025689231828137,0,0,0
No preference update,Equal-total shadow,2001,2013-06-11,9,3.7905628633510173,2.763071628398142,1.027491234952875,-3.730584951955402,0,0,0
No preference update,No feedback,2001,2013-06-12,9,3.461955023052928,1.2181163285932963,2.243838694459632,-6.242061076024881,0,0,0
No preference update,ECF,2001,2013-06-12,9,3.6943937853187907,1.3860513749432142,2.3083424103755767,-6.0760515866528655,8,0,0
No preference update,Same update without qualification,2001,2013-06-12,9,3.2696067759942187,1.3504806196119408,1.9191261563822781,-6.111653341484764,0,0,0
No preference update,Equal-total shadow,2001,2013-06-12,9,3.4619762160315033,1.2181173584695395,2.243858857561963,-6.242060044561564,0,0,0
No preference update,No feedback,2001,2013-06-13,9,3.8394563641099584,2.60897126084119,1.2304851032687687,-4.196161307987605,0,0,0
No preference update,ECF,2001,2013-06-13,9,3.8059222762803766,2.615308279835288,1.1906139964450888,-4.189836774465449,9,0,0
No preference update,Same update without qualification,2001,2013-06-13,9,3.574718449585243,2.590044356975395,0.9846740926098487,-4.2148606861945455,0,0,0
No preference update,Equal-total shadow,2001,2013-06-13,9,3.8394592243927903,2.6089740986399197,1.230485125752871,-4.196158527151875,0,0,0
No preference update,No feedback,2001,2013-06-14,9,3.5423194251851347,2.5554701730194935,0.986849252165641,-4.384056658592981,0,0,0
No preference update,ECF,2001,2013-06-14,9,3.549006106027774,2.555370713830895,0.9936353921968789,-4.384147394828388,2,0,0
No preference update,Same update without qualification,2001,2013-06-14,9,3.324857951953257,2.4570222982167786,0.867835653736478,-4.481574262853215,0,0,0
No preference update,Equal-total shadow,2001,2013-06-14,9,3.542329778827022,2.5554793320732285,0.9868504467537936,-4.384047634279067,0,0,0
No preference update,No feedback,2001,2013-06-15,9,3.638487973948821,2.2496191251669324,1.3888688487818888,-4.902537051882266,0,0,0
No preference update,ECF,2001,2013-06-15,9,3.950620811521156,2.2826113067530676,1.6680095047680874,-4.869670576704515,6,0,0
No preference update,Same update without qualification,2001,2013-06-15,9,3.3193998855115034,2.1693128476613897,1.1500870378501138,-4.982137568193511,0,0,0
No preference update,Equal-total shadow,2001,2013-06-15,9,3.6384998729415785,2.249622604758826,1.3888772681827524,-4.902533608825747,0,0,0
No preference update,No feedback,2001,2013-06-16,9,3.750806043394705,2.5882269128086466,1.1625791305860587,-4.9351487700132415,0,0,0
No preference update,ECF,2001,2013-06-16,9,3.76147700656614,2.597695391295344,1.1637816152707963,-4.9257866516283,5,0,0
No preference update,Same update without qualification,2001,2013-06-16,9,3.4464711828560177,2.476095585948805,0.9703755969072123,-5.0465868866411565,0,0,0
No preference update,Equal-total shadow,2001,2013-06-16,9,3.7508107148641603,2.5882293074476332,1.1625814074165268,-4.935146414229658,0,0,0
No preference update,No feedback,2001,2013-06-17,9,3.461933237501997,2.317277392034518,1.1446558454674791,-5.320101833406362,0,0,0
No preference update,ECF,2001,2013-06-17,9,3.480751071622702,2.3471480124601416,1.1336030591625603,-5.29038042363596,8,0,0
No preference update,Same update without qualification,2001,2013-06-17,9,3.2611851455592347,2.287596830314193,0.9735883152450416,-5.349551267336282,0,0,0
No preference update,Equal-total shadow,2001,2013-06-17,9,3.4619544312972175,2.3172991573055004,1.1446552739917173,-5.320080306449201,0,0,0
No preference update,No feedback,2001,2013-06-18,9,3.6465791169111292,2.5040938300976605,1.1424852868134694,-5.261552036638741,0,0,0
No preference update,ECF,2001,2013-06-18,9,3.6624863161376107,2.514546418236121,1.1479398979014894,-5.251155171638572,4,0,0
No preference update,Same update without qualification,2001,2013-06-18,9,3.379674639841149,2.4852976296701677,0.894377010170981,-5.280360524997417,0,0,0
No preference update,Equal-total shadow,2001,2013-06-18,9,3.6465666665511973,2.5040834545636885,1.1424832119875084,-5.261562313862352,0,0,0
No preference update,No feedback,2001,2013-06-19,9,3.5865406055257756,2.337889335503819,1.2486512700219563,-5.747584449298427,0,0,0
No preference update,ECF,2001,2013-06-19,9,3.7628981877215217,2.4727486853081317,1.2901495024133902,-5.613927111133489,9,0,0
No preference update,Same update without qualification,2001,2013-06-19,9,3.5874706195495123,2.4750711022973255,1.1123995172521868,-5.611881211551487,0,0,0
No preference update,Equal-total shadow,2001,2013-06-19,9,3.586553522603675,2.337905557714096,1.2486479648895792,-5.747568409288251,0,0,0
No preference update,No feedback,2001,2013-06-23,10,3.5120261662814958,1.548140901382037,1.9638852648994587,-7.784225745317328,0,0,0
No preference update,ECF,2001,2013-06-23,10,3.6003447580153094,1.5792923372605125,2.0210524207547964,-7.753267479316338,9,0,0
No preference update,Same update without qualification,2001,2013-06-23,10,2.930476848354615,1.5450311664358727,1.3854456819187424,-7.787549926938396,0,0,0
No preference update,Equal-total shadow,2001,2013-06-23,10,3.5120238554202605,1.5481515730804527,1.963872282339808,-7.784215210903159,0,0,0
No preference update,No feedback,2001,2013-06-24,10,3.836390276562316,2.08898726888413,1.7474030076781857,-6.294303936978252,0,0,0
No preference update,ECF,2001,2013-06-24,10,3.849671866918067,2.0936941420273323,1.7559777248907344,-6.289621238328441,4,0,0
No preference update,Same update without qualification,2001,2013-06-24,10,3.2417805945298572,1.947259200302082,1.2945213942277753,-6.434591082860437,0,0,0
No preference update,Equal-total shadow,2001,2013-06-24,10,3.836388837544699,2.08898760762583,1.7474012299188681,-6.294303578024041,0,0,0
No preference update,No feedback,2001,2013-06-25,10,3.65895476414085,1.9637649353415714,1.6951898287992788,-6.72251236628349,0,0,0
No preference update,ECF,2001,2013-06-25,10,3.650685115144556,1.9617859425077189,1.688899172636837,-6.724440006625095,3,0,0
No preference update,Same update without qualification,2001,2013-06-25,10,2.8988163919358754,1.8192935279223863,1.0795228640134888,-6.865835977375332,0,0,0
No preference update,Equal-total shadow,2001,2013-06-25,10,3.658978622411357,1.9637844161984848,1.695194206212872,-6.722493078410058,0,0,0
No preference update,No feedback,2001,2013-06-26,10,3.5424426277519263,2.157542824404802,1.3848998033471243,-5.419405106849888,0,0,0
No preference update,ECF,2001,2013-06-26,10,3.5150810050497543,2.133983361110417,1.3810976439393379,-5.442706580453261,7,0,0
No preference update,Same update without qualification,2001,2013-06-26,10,3.3448215607396845,2.104247046801997,1.2405745139376883,-5.472250586634154,0,0,0
No preference update,Equal-total shadow,2001,2013-06-26,10,3.5424289243669396,2.157534080905783,1.3848948434611572,-5.4194137602198325,0,0,0
No preference update,No feedback,2001,2013-06-27,10,3.637590758093149,1.7997516122624928,1.8378391458306564,-5.787512332204422,0,0,0
No preference update,ECF,2001,2013-06-27,10,3.651799948342364,1.8183190930566253,1.8334808552857391,-5.76912758587153,5,0,0
No preference update,Same update without qualification,2001,2013-06-27,10,2.9276302804520897,1.7395233156044982,1.1881069648475913,-5.847657127174981,0,0,0
No preference update,Equal-total shadow,2001,2013-06-27,10,3.6375700195559157,1.799741786271634,1.837828233284282,-5.787522065974317,0,0,0
No preference update,No feedback,2002,2013-01-02,1,4.068437349882211,3.5122893121577747,0.556148037724436,-1.3249575815318129,0,0,0
No preference update,ECF,2002,2013-01-02,1,4.0768136266009645,3.495194988538118,0.5816186380628462,-1.341901101697436,7,0,0
No preference update,Same update without qualification,2002,2013-01-02,1,4.150650100317825,3.5422213081248453,0.6084287921929795,-1.2954631412979492,0,0,0
No preference update,Equal-total shadow,2002,2013-01-02,1,4.065575718607789,3.5122913056855283,0.5532844129222609,-1.3249556867979262,0,0,0
No preference update,No feedback,2002,2013-01-03,1,4.309991356342238,4.000899148188075,0.30909220815416366,-0.480648335182154,0,0,0
No preference update,ECF,2002,2013-01-03,1,4.325968126426975,4.014770763729623,0.3111973626973519,-0.4669188315773072,8,0,0
No preference update,Same update without qualification,2002,2013-01-03,1,4.233781408860282,3.996015763671954,0.23776564518832768,-0.48507234316783004,0,0,0
No preference update,Equal-total shadow,2002,2013-01-03,1,4.309968858120226,4.0008790617554855,0.30908979636474176,-0.48066815615828024,0,0,0
No preference update,No feedback,2002,2013-01-04,1,4.4190112526251655,4.1868951680829944,0.23211608454217147,-0.9157743313961189,0,0,0
No preference update,ECF,2002,2013-01-04,1,4.390417793299106,4.177229613486788,0.21318817981231825,-0.9253724074311737,12,0,0
No preference update,Same update without qualification,2002,2013-01-04,1,4.393321270246467,4.2162915638377045,0.1770297064087628,-0.8870722872771407,0,0,0
No preference update,Equal-total shadow,2002,2013-01-04,1,4.419026778755517,4.186910284058038,0.2321164946974783,-0.9157593650111708,0,0,0
No preference update,No feedback,2002,2013-01-05,1,4.440250629707955,4.244923529177307,0.1953271005306476,-1.8819441835574073,0,0,0
No preference update,ECF,2002,2013-01-05,1,4.426300839509919,4.234749561573258,0.19155127793666038,-1.891957754960369,8,0,0
No preference update,Same update without qualification,2002,2013-01-05,1,4.387336040406272,4.214919825261506,0.17241621514476477,-1.9117519224253883,0,0,0
No preference update,Equal-total shadow,2002,2013-01-05,1,4.440255701957231,4.244929002135644,0.1953266998215875,-1.8819387469957984,0,0,0
No preference update,No feedback,2002,2013-01-06,1,4.349543245125461,4.173339877676279,0.1762033674491817,-1.7969016581671062,0,0,0
No preference update,ECF,2002,2013-01-06,1,4.336041392992397,4.1757685205979005,0.16027287239449603,-1.7944285897264778,14,0,0
No preference update,Same update without qualification,2002,2013-01-06,1,4.304080013541622,4.146046092308178,0.15803392123344434,-1.8237047747088058,0,0,0
No preference update,Equal-total shadow,2002,2013-01-06,1,4.349540233758372,4.173337297631128,0.1762029361272439,-1.7969042015047656,0,0,0
No preference update,No feedback,2002,2013-01-07,1,4.2816111653872255,3.960220062142291,0.3213911032449347,-1.478043085885776,0,0,0
No preference update,ECF,2002,2013-01-07,1,4.296679673982925,3.99842145296608,0.29825822101684485,-1.4402883524628174,10,0,0
No preference update,Same update without qualification,2002,2013-01-07,1,4.240611011569878,4.004585695388869,0.23602531618100933,-1.4343879097384407,0,0,0
No preference update,Equal-total shadow,2002,2013-01-07,1,4.281625912090426,3.9602352884193697,0.3213906236710565,-1.4780280142535556,0,0,0
No preference update,No feedback,2002,2013-01-08,1,4.039213496415758,3.702629947463472,0.3365835489522864,-6.393266112148285,0,0,0
No preference update,ECF,2002,2013-01-08,1,4.067195607330471,3.730205243326242,0.3369903640042291,-6.36607221792026,11,0,0
No preference update,Same update without qualification,2002,2013-01-08,1,3.9782041141475384,3.698541268793947,0.2796628453535913,-6.397621487458191,0,0,0
No preference update,Equal-total shadow,2002,2013-01-08,1,4.039226195297695,3.702643037303789,0.3365831579939055,-6.393253020400661,0,0,0
No preference update,No feedback,2002,2013-01-12,2,4.137437930307618,3.6035687289728986,0.5338692013347192,-3.476749383995424,0,0,0
No preference update,ECF,2002,2013-01-12,2,4.102177504682042,3.5952238459036194,0.5069536587784232,-3.485372931628544,6,0,0
No preference update,Same update without qualification,2002,2013-01-12,2,3.8482121265383733,3.462675198296695,0.3855369282416785,-3.616877712806863,0,0,0
No preference update,Equal-total shadow,2002,2013-01-12,2,4.137447501901379,3.6035755895051156,0.5338719123962631,-3.4767426307242784,0,0,0
No preference update,No feedback,2002,2013-01-13,2,3.889564137547176,2.6426200477649555,1.2469440897822208,-2.6308536319389195,0,0,0
No preference update,ECF,2002,2013-01-13,2,4.100854208676327,2.7514557966330915,1.3493984120432356,-2.5230447461004646,8,0,0
No preference update,Same update without qualification,2002,2013-01-13,2,3.6192705200692066,2.6573880491681456,0.961882470901061,-2.6164683929646704,0,0,0
No preference update,Equal-total shadow,2002,2013-01-13,2,3.889566490624395,2.6426191524775153,1.2469473381468794,-2.630854495315649,0,0,0
No preference update,No feedback,2002,2013-01-14,2,4.021422166777603,3.5061479775125624,0.5152741892650404,-1.035584974593962,0,0,0
No preference update,ECF,2002,2013-01-14,2,4.015347604659545,3.5189643165805626,0.4963832880789828,-1.022814610696491,10,0,0
No preference update,Same update without qualification,2002,2013-01-14,2,3.9589012186114965,3.53955205142769,0.4193491671838067,-1.0026635551118817,0,0,0
No preference update,Equal-total shadow,2002,2013-01-14,2,4.021268462193344,3.506018110518369,0.5152503516749756,-1.0357135138491729,0,0,0
No preference update,No feedback,2002,2013-01-15,2,4.310301695723221,4.024121306974479,0.2861803887487428,-0.4347360788416344,0,0,0
No preference update,ECF,2002,2013-01-15,2,4.29604265508421,4.025707257223646,0.27033539786056476,-0.43315426932482337,12,0,0
No preference update,Same update without qualification,2002,2013-01-15,2,4.286734410836886,4.058697073116174,0.2280373377207114,-0.4005225941531903,0,0,0
No preference update,Equal-total shadow,2002,2013-01-15,2,4.3102901421958055,4.024110346739392,0.2861797954564138,-0.4347468940909989,0,0,0
No preference update,No feedback,2002,2013-01-16,2,4.17866626736474,3.9059977851324943,0.27266848223224505,-1.149318504923819,0,0,0
No preference update,ECF,2002,2013-01-16,2,4.195366019382581,3.9166342469098585,0.2787317724727225,-1.1388921681404844,10,0,0
No preference update,Same update without qualification,2002,2013-01-16,2,4.227954114439018,3.9477687036060427,0.28018541083297543,-1.108198179221643,0,0,0
No preference update,Equal-total shadow,2002,2013-01-16,2,4.178659374887027,3.9059920135292825,0.27266736135774533,-1.1493241920054404,0,0,0
No preference update,No feedback,2002,2013-01-17,2,4.305424823274384,3.9649434126187577,0.34048141065562626,-1.89144839604556,0,0,0
No preference update,ECF,2002,2013-01-17,2,4.234395504962589,3.927102812832513,0.30729269213007654,-1.9286316057452244,12,0,0
No preference update,Same update without qualification,2002,2013-01-17,2,4.303854782862539,3.9629350321071892,0.34091975075534925,-1.8935342254490126,0,0,0
No preference update,Equal-total shadow,2002,2013-01-17,2,4.305407035827128,3.964926114936441,0.34048092089068654,-1.8914654547054128,0,0,0
No preference update,No feedback,2002,2013-01-18,2,4.220202740850434,3.6699554023043364,0.5502473385460966,-5.672500843040414,0,0,0
No preference update,ECF,2002,2013-01-18,2,4.2044119487242275,3.677113377670416,0.5272985710538115,-5.665452925146786,13,0,0
No preference update,Same update without qualification,2002,2013-01-18,2,4.204235333571239,3.6774900910795574,0.5267452424916815,-5.6651733535208875,0,0,0
No preference update,Equal-total shadow,2002,2013-01-18,2,4.219325429096114,3.669951707087381,0.5493737220087335,-5.672504517553241,0,0,0
No preference update,No feedback,2002,2013-01-19,2,4.043192963337803,3.122167706964823,0.9210252563729803,-1.8989713649400306,0,0,0
No preference update,ECF,2002,2013-01-19,2,3.9130330540805702,3.100358680841147,0.812674373239423,-1.9204699076557206,11,0,0
No preference update,Same update without qualification,2002,2013-01-19,2,3.708840961925684,3.0522872712211613,0.6565536907045232,-1.9683182020440555,0,0,0
No preference update,Equal-total shadow,2002,2013-01-19,2,4.043203962462656,3.1221888733591507,0.9210150891035047,-1.8989504431072908,0,0,0
No preference update,No feedback,2002,2013-01-20,2,3.7580984131491277,2.4734298871509153,1.2846685259982125,-2.377754411472821,0,0,0
No preference update,ECF,2002,2013-01-20,2,3.766710450956298,2.5102586414090355,1.2564518095472623,-2.341228264269368,8,0,0
No preference update,Same update without qualification,2002,2013-01-20,2,3.360862342479286,2.3940885737116075,0.9667737687676784,-2.4568444822206406,0,0,0
No preference update,Equal-total shadow,2002,2013-01-20,2,3.757177869669224,2.473163573284182,1.2840142963850423,-2.3780199558487127,0,0,0
No preference update,No feedback,2002,2013-01-21,2,3.729615920400034,3.423683593095896,0.3059323273041374,-1.381280874418866,0,0,0
No preference update,ECF,2002,2013-01-21,2,3.722617856284839,3.4317695809327717,0.2908482753520677,-1.3733246702675717,12,0,0
No preference update,Same update without qualification,2002,2013-01-21,2,3.7083146225548393,3.4719400626043933,0.236374559950446,-1.3339518024762076,0,0,0
No preference update,Equal-total shadow,2002,2013-01-21,2,3.7296080768806013,3.4236758793628077,0.3059321975177932,-1.381288500990721,0,0,0
No preference update,No feedback,2002,2013-01-22,2,3.7989239736371094,3.11173084918449,0.6871931244526196,-2.491019032546092,0,0,0
No preference update,ECF,2002,2013-01-22,2,3.956161216407205,3.1225117081611455,0.8336495082460592,-2.480306841416644,8,0,0
No preference update,Same update without qualification,2002,2013-01-22,2,3.7525748290583354,3.055379676049415,0.6971951530089202,-2.5469730991911423,0,0,0
No preference update,Equal-total shadow,2002,2013-01-22,2,3.7989311991035235,3.111732207737102,0.6871989913664207,-2.4910176860467748,0,0,0
No preference update,No feedback,2002,2013-01-23,2,3.8753251459559985,3.151162536498202,0.7241626094577961,-1.6194552646845917,0,0,0
No preference update,ECF,2002,2013-01-23,2,3.9023170460287897,3.231913260428254,0.6704037856005354,-1.5399100610841914,8,0,0
No preference update,Same update without qualification,2002,2013-01-23,2,3.7084728724779215,3.1566299764664625,0.5518428960114592,-1.6148423886210628,0,0,0
No preference update,Equal-total shadow,2002,2013-01-23,2,3.875320082787441,3.1511580894373257,0.724161993350115,-1.619459660866045,0,0,0
No preference update,No feedback,2002,2013-01-24,2,4.0410506961891945,3.60284770681385,0.43820298937534513,-1.3546069854428815,0,0,0
No preference update,ECF,2002,2013-01-24,2,4.068133706776349,3.6383258220386043,0.42980788473774495,-1.3193738848156584,11,0,0
No preference update,Same update without qualification,2002,2013-01-24,2,3.933331141573563,3.605493280756669,0.3278378608168936,-1.351943946565136,0,0,0
No preference update,Equal-total shadow,2002,2013-01-24,2,4.041061090650972,3.6028572098144296,0.4382038808365424,-1.3545976107551143,0,0,0
No preference update,No feedback,2002,2013-01-25,2,4.137303826502642,3.902324851471345,0.23497897503129606,-2.0675393231597408,0,0,0
No preference update,ECF,2002,2013-01-25,2,4.129960706634499,3.9005723033774773,0.22938840325702176,-2.069277538845842,8,0,0
No preference update,Same update without qualification,2002,2013-01-25,2,4.033591748399826,3.849208409170815,0.1843833392290119,-2.119995392709178,0,0,0
No preference update,Equal-total shadow,2002,2013-01-25,2,4.137294530959786,3.902315278180547,0.23497925277923898,-2.0675487307085114,0,0,0
No preference update,No feedback,2002,2013-04-02,3,3.771530798181119,3.2240530224054615,0.5474777757756578,-1.4914811892695246,0,0,0
No preference update,ECF,2002,2013-04-02,3,3.804391627387955,3.2467076471705703,0.5576839802173847,-1.4692582990493828,6,0,0
No preference update,Same update without qualification,2002,2013-04-02,3,3.5898234211542763,3.1194997438861,0.4703236772681758,-1.5950423503179614,0,0,0
No preference update,Equal-total shadow,2002,2013-04-02,3,3.771525480268116,3.224047533079857,0.5474779471882594,-1.491486598696515,0,0,0
No preference update,No feedback,2002,2013-04-03,3,3.9255826703270666,1.9963121018753822,1.9292705684516842,-3.080752880960612,0,0,0
No preference update,ECF,2002,2013-04-03,3,3.8960380633073677,2.0498671741282832,1.8461708891790842,-3.027890097434711,10,0,0
No preference update,Same update without qualification,2002,2013-04-03,3,3.317751996458137,1.8405252749628729,1.4772267214952646,-3.235998948546167,0,0,0
No preference update,Equal-total shadow,2002,2013-04-03,3,3.919615886122169,1.9963198914742937,1.923295994647875,-3.080745237726752,0,0,0
No preference update,No feedback,2002,2013-04-04,3,3.980010594523996,2.680782553120362,1.299228041403634,-2.4574342478878237,0,0,0
No preference update,ECF,2002,2013-04-04,3,3.9800210719704556,2.689763091385176,1.2902579805852794,-2.4485121673783294,8,0,0
No preference update,Same update without qualification,2002,2013-04-04,3,3.689871232568573,2.609552941507299,1.0803182910612736,-2.5283538540964403,0,0,0
No preference update,Equal-total shadow,2002,2013-04-04,3,3.9800175258405246,2.680786475449199,1.2992310503913258,-2.4574303857318593,0,0,0
No preference update,No feedback,2002,2013-04-09,4,3.7539519472927765,2.7352514575729203,1.0187004897198562,-2.2562475193382,0,0,0
No preference update,ECF,2002,2013-04-09,4,3.8657013522419903,2.884278066008974,0.981423286233016,-2.1089946822583565,9,0,0
No preference update,Same update without qualification,2002,2013-04-09,4,3.7770241186879927,2.915439097940309,0.8615850207476835,-2.0786230027067507,0,0,0
No preference update,Equal-total shadow,2002,2013-04-09,4,3.753957017581045,2.7352561866774616,1.0187008309035834,-2.256242850690117,0,0,0
No preference update,No feedback,2002,2013-04-10,4,4.035444418468612,3.3515129075735315,0.6839315108950804,-1.5578504055874174,0,0,0
No preference update,ECF,2002,2013-04-10,4,4.032399128867603,3.351233034699964,0.6811660941676387,-1.5581270521058534,5,0,0
No preference update,Same update without qualification,2002,2013-04-10,4,3.9180915796106084,3.306750673066143,0.6113409065444655,-1.6020707981174735,0,0,0
No preference update,Equal-total shadow,2002,2013-04-10,4,4.035453332640615,3.351521663971231,0.6839316686693845,-1.5578417568620937,0,0,0
No preference update,No feedback,2002,2013-04-14,5,3.8632728000432803,3.2399368145726553,0.6233359854706249,-1.7163631075313996,0,0,0
No preference update,ECF,2002,2013-04-14,5,3.8285412920902893,3.212807565860543,0.6157337262297459,-1.7431709344351662,8,0,0
No preference update,Same update without qualification,2002,2013-04-14,5,3.75850917716655,3.1861356944233856,0.5723734827431639,-1.7695492166870943,0,0,0
No preference update,Equal-total shadow,2002,2013-04-14,5,3.863276485382025,3.23994065002006,0.6233358353619654,-1.716359288382581,0,0,0
No preference update,No feedback,2002,2013-04-15,5,3.874176351140536,3.0763338840068988,0.7978424671336372,-1.883712330184877,0,0,0
No preference update,ECF,2002,2013-04-15,5,3.915484665984132,3.113404922405897,0.8020797435782343,-1.8470517159068351,6,0,0
No preference update,Same update without qualification,2002,2013-04-15,5,3.8377463716129863,3.0734152817030433,0.764331089909943,-1.886351037848842,0,0,0
No preference update,Equal-total shadow,2002,2013-04-15,5,3.874168757111085,3.0763242514156826,0.7978445056954022,-1.883721864546382,0,0,0
No preference update,No feedback,2002,2013-04-22,6,4.0109236512971,2.8913414944624476,1.119582156834652,-2.5637128513897585,0,0,0
No preference update,ECF,2002,2013-04-22,6,4.090240354132756,2.930323887288585,1.1599164668441708,-2.524926794250606,7,0,0
No preference update,Same update without qualification,2002,2013-04-22,6,3.875693699653636,2.817520046208702,1.0581736534449344,-2.636756014539273,0,0,0
No preference update,Equal-total shadow,2002,2013-04-22,6,4.010936001447767,2.891351446833793,1.1195845546139747,-2.56370301454423,0,0,0
No preference update,No feedback,2002,2013-04-28,7,3.4304276544596006,2.6979828440132265,0.7324448104463744,-2.534189745095809,0,0,0
No preference update,ECF,2002,2013-04-28,7,3.422617519540503,2.6911546247697937,0.7314628947707094,-2.540905545874316,5,0,0
No preference update,Same update without qualification,2002,2013-04-28,7,3.3142738906332387,2.636051332444361,0.6782225581888778,-2.5955424449846203,0,0,0
No preference update,Equal-total shadow,2002,2013-04-28,7,3.430453615688666,2.6980081068958968,0.7324455087927689,-2.5341647651523194,0,0,0
No preference update,No feedback,2002,2013-04-29,7,3.795540902711743,3.0842958684192134,0.7112450342925293,-1.9406270287929943,0,0,0
No preference update,ECF,2002,2013-04-29,7,3.788444875953882,3.0772468105419875,0.7111980654118948,-1.9475441138344907,6,0,0
No preference update,Same update without qualification,2002,2013-04-29,7,3.693276715490966,3.0342224611749065,0.6590542543160595,-1.9901601900400971,0,0,0
No preference update,Equal-total shadow,2002,2013-04-29,7,3.795546945829997,3.0843027704445936,0.7112441753854034,-1.9406202186198065,0,0,0
No preference update,No feedback,2002,2013-04-30,7,3.8188459421540872,2.7324654985794714,1.086380443574616,-2.309828023651115,0,0,0
No preference update,ECF,2002,2013-04-30,7,3.758311593713343,2.726300682956888,1.0320109107564552,-2.315924168246796,6,0,0
No preference update,Same update without qualification,2002,2013-04-30,7,3.568856795427575,2.658531492091476,0.9103253033360986,-2.3831853343491614,0,0,0
No preference update,Equal-total shadow,2002,2013-04-30,7,3.818860105622572,2.732474519769865,1.0863855858527067,-2.309819080705974,0,0,0
No preference update,No feedback,2002,2013-05-01,7,4.048987910135664,3.0455374036756475,1.0034505064600168,-2.042423663679905,0,0,0
No preference update,ECF,2002,2013-05-01,7,4.048940603784916,3.045490097325213,1.0034505064597032,-2.0424707821585213,2,0,0
No preference update,Same update without qualification,2002,2013-05-01,7,3.784762405357662,2.9476714855506274,0.8370909198070347,-2.1391391898706096,0,0,0
No preference update,Equal-total shadow,2002,2013-05-01,7,4.048992733078712,3.0455413818128876,1.003451351265824,-2.0424197204873877,0,0,0
No preference update,No feedback,2002,2013-05-06,8,3.612542488757045,2.9113397650746573,0.7012027236823876,-2.658656846299842,0,0,0
No preference update,ECF,2002,2013-05-06,8,3.6104356081612274,2.9101276915690613,0.7003079165921657,-2.659861727196827,5,0,0
No preference update,Same update without qualification,2002,2013-05-06,8,3.537982762748386,2.8591502527283734,0.6788325100200127,-2.710275548925366,0,0,0
No preference update,Equal-total shadow,2002,2013-05-06,8,3.612517269797997,2.9113155064084855,0.7012017633895116,-2.6586808066675616,0,0,0
No preference update,No feedback,2002,2013-05-07,8,3.960919408150563,2.9308686977526452,1.0300507103979177,-2.5877107852534658,0,0,0
No preference update,ECF,2002,2013-05-07,8,3.9896999402052877,2.9521734327089173,1.0375265074963702,-2.566588760538733,5,0,0
No preference update,Same update without qualification,2002,2013-05-07,8,3.850466937764544,2.9161926752580127,0.9342742625065312,-2.6023133541094707,0,0,0
No preference update,Equal-total shadow,2002,2013-05-07,8,3.960929040388643,2.930880180677462,1.0300488597111808,-2.5876994642469278,0,0,0
No preference update,No feedback,2002,2013-05-08,8,3.8839184498363575,2.8407361656290373,1.0431822842073204,-2.5780707782188528,0,0,0
No preference update,ECF,2002,2013-05-08,8,3.8532029713783102,2.842127317239364,1.011075654138946,-2.576857897800635,7,0,0
No preference update,Same update without qualification,2002,2013-05-08,8,3.7136648293855057,2.836573565939501,0.8770912634460047,-2.582373603151351,0,0,0
No preference update,Equal-total shadow,2002,2013-05-08,8,3.883911418814388,2.840731573359883,1.0431798454545052,-2.578075316053909,0,0,0
No preference update,No feedback,2002,2013-05-09,8,3.919390385195118,2.9826933478408115,0.9366970373543068,-2.364344532142795,0,0,0
No preference update,ECF,2002,2013-05-09,8,3.9121380490880586,2.9764150192841345,0.9357230298039245,-2.3705405198012084,9,0,0
No preference update,Same update without qualification,2002,2013-05-09,8,3.7181974705870955,2.9190274638409317,0.7991700067461631,-2.4272815364021594,0,0,0
No preference update,Equal-total shadow,2002,2013-05-09,8,3.9194025403585084,2.98270256962174,0.936699970736768,-2.3643354520463666,0,0,0
No preference update,No feedback,2002,2013-05-10,8,3.703598490049319,2.855207330888726,0.8483911591605934,-2.3753505990162656,0,0,0
No preference update,ECF,2002,2013-05-10,8,3.7034295320940953,2.8554204284505764,0.8480091036435188,-2.375139567990499,2,0,0
No preference update,Same update without qualification,2002,2013-05-10,8,3.5630280499273708,2.7743686804567536,0.7886593694706172,-2.4554144811364953,0,0,0
No preference update,Equal-total shadow,2002,2013-05-10,8,3.703601039471029,2.8552097133372665,0.848391326133763,-2.375348234484344,0,0,0
No preference update,No feedback,2002,2013-05-11,8,3.9611748424225715,2.5381646593833036,1.423010183039268,-3.104015170733131,0,0,0
No preference update,ECF,2002,2013-05-11,8,4.118321662931879,2.6684185522775783,1.449903110654301,-2.974779535217495,9,0,0
No preference update,Same update without qualification,2002,2013-05-11,8,3.751862419968112,2.586038308587112,1.1658241113809995,-3.0564559910702966,0,0,0
No preference update,Equal-total shadow,2002,2013-05-11,8,3.9611620808552903,2.5381551129909816,1.4230069678643087,-3.104024649338583,0,0,0
No preference update,No feedback,2002,2013-05-12,8,4.191446869925228,3.0938766298522364,1.097570240072991,-2.4710600321610254,0,0,0
No preference update,ECF,2002,2013-05-12,8,4.171169781403549,3.1130635727046663,1.0581062086988824,-2.4522058997794245,6,0,0
No preference update,Same update without qualification,2002,2013-05-12,8,4.038674567736441,3.1205839626911405,0.9180906050453009,-2.445084830641244,0,0,0
No preference update,Equal-total shadow,2002,2013-05-12,8,4.191450542508331,3.093878775956522,1.0975717665518103,-2.471057921610129,0,0,0
No preference update,No feedback,2002,2013-05-16,9,3.718940411301479,2.7741094951505447,0.9448309161509343,-3.193137388031159,0,0,0
No preference update,ECF,2002,2013-05-16,9,3.7176822874603674,2.7741094951505447,0.9435727923098229,-3.193137388032487,2,0,0
No preference update,Same update without qualification,2002,2013-05-16,9,3.4891321385415988,2.6604138468711427,0.828718291670456,-3.305324945882075,0,0,0
No preference update,Equal-total shadow,2002,2013-05-16,9,3.718941288248461,2.7741094951505447,0.9448317930979167,-3.193137388031084,0,0,0
No preference update,No feedback,2002,2013-05-17,9,3.7772029628427433,2.8286943991656854,0.9485085636770575,-3.3050867283258794,0,0,0
No preference update,ECF,2002,2013-05-17,9,3.781447001062704,2.834719851611385,0.9467271494513188,-3.2991346606358194,2,0,0
No preference update,Same update without qualification,2002,2013-05-17,9,3.560378726874517,2.7160671820843056,0.8443115447902114,-3.4166648756481584,0,0,0
No preference update,Equal-total shadow,2002,2013-05-17,9,3.7772081889931504,2.8286993156384375,0.9485088733547131,-3.305081870603192,0,0,0
No preference update,No feedback,2002,2013-05-18,9,3.923887052403578,2.9484135852188684,0.9754734671847096,-3.438477420121869,0,0,0
No preference update,ECF,2002,2013-05-18,9,3.906327130060583,2.932401803917187,0.9739253261433961,-3.454318066967619,5,0,0
No preference update,Same update without qualification,2002,2013-05-18,9,3.734653827856386,2.869457656001453,0.865196171854933,-3.516812172260492,0,0,0
No preference update,Equal-total shadow,2002,2013-05-18,9,3.9239127641083402,2.9484387243103893,0.9754740397979504,-3.4384525453177655,0,0,0
No preference update,No feedback,2002,2013-05-19,9,3.543344415106487,2.7000436994382,0.8433007156682862,-3.941607346707865,0,0,0
No preference update,ECF,2002,2013-05-19,9,3.5395263546568456,2.697225914264292,0.842300440392554,-3.9443251919186726,5,0,0
No preference update,Same update without qualification,2002,2013-05-19,9,3.3556111010727805,2.6453583160751313,0.7102527849976487,-3.9959125031192704,0,0,0
No preference update,Equal-total shadow,2002,2013-05-19,9,3.5433539365823585,2.700052556009251,0.8433013805731072,-3.941598529749429,0,0,0
No preference update,No feedback,2002,2013-05-20,9,3.5078169293056205,2.6212599519046815,0.8865569774009385,-3.9963467582630856,0,0,0
No preference update,ECF,2002,2013-05-20,9,3.5180833174898094,2.625902455414673,0.8921808620751364,-3.9916733309370374,4,0,0
No preference update,Same update without qualification,2002,2013-05-20,9,3.280273238117674,2.529976315562351,0.7502969225553229,-4.0867164917648475,0,0,0
No preference update,Equal-total shadow,2002,2013-05-20,9,3.507785402491567,2.621228500327508,0.8865569021640589,-3.996377855321735,0,0,0
No preference update,No feedback,2002,2013-05-21,9,4.012282092219992,2.9263624894957707,1.0859196027242224,-3.3166125011048493,0,0,0
No preference update,ECF,2002,2013-05-21,9,4.008568979501846,2.923731709624011,1.0848372698778352,-3.3191423172885104,5,0,0
No preference update,Same update without qualification,2002,2013-05-21,9,3.7477700170388912,2.795994493710727,0.9517755233281644,-3.445417044486302,0,0,0
No preference update,Equal-total shadow,2002,2013-05-21,9,4.012289374736384,2.9263719355403026,1.0859174391960804,-3.3166031829264573,0,0,0
No preference update,No feedback,2002,2013-05-22,9,3.5996405539708087,1.8775925640779243,1.7220479898928844,-5.34097501705599,0,0,0
No preference update,ECF,2002,2013-05-22,9,3.737039734078632,1.8894191416044988,1.8476205924741327,-5.329227646688543,5,0,0
No preference update,Same update without qualification,2002,2013-05-22,9,3.189064135842118,1.9319356392414362,1.257128496600682,-5.287150252948284,0,0,0
No preference update,Equal-total shadow,2002,2013-05-22,9,3.5996336372289672,1.8775843212865269,1.72204931594244,-5.340983164552478,0,0,0
No preference update,No feedback,2002,2013-05-23,9,3.916039652806341,1.620008022451677,2.296031630354664,-5.695143685571802,0,0,0
No preference update,ECF,2002,2013-05-23,9,3.441691589005062,1.5871275599000116,1.8545640291050507,-5.7279055385490345,14,0,0
No preference update,Same update without qualification,2002,2013-05-23,9,3.1898169748165266,1.613456576487083,1.5763603983294439,-5.702059213267108,0,0,0
No preference update,Equal-total shadow,2002,2013-05-23,9,3.909828879764608,1.62001437477438,2.2898145049902277,-5.695137382292677,0,0,0
No preference update,No feedback,2002,2013-05-24,9,3.9792602949963913,2.646673983836451,1.3325863111599403,-4.17620781546642,0,0,0
No preference update,ECF,2002,2013-05-24,9,3.974626130530348,2.6441306382900174,1.3304954922403305,-4.178729241579267,3,0,0
No preference update,Same update without qualification,2002,2013-05-24,9,3.573115764202639,2.502167983291945,1.0709477809106944,-4.319472051467513,0,0,0
No preference update,Equal-total shadow,2002,2013-05-24,9,3.9792663954698533,2.6466796377786315,1.3325867576912225,-4.176202235208631,0,0,0
No preference update,No feedback,2002,2013-05-25,9,3.7030976441369097,2.597269264325693,1.1058283798112165,-4.057530388751827,0,0,0
No preference update,ECF,2002,2013-05-25,9,3.7287413977221266,2.6229211733615165,1.1058202243606103,-4.03208954214111,6,0,0
No preference update,Same update without qualification,2002,2013-05-25,9,3.599129135267698,2.6062736818190513,0.9928554534486468,-4.04887146194091,0,0,0
No preference update,Equal-total shadow,2002,2013-05-25,9,3.703074468179902,2.5972479231788284,1.1058265450010734,-4.057551499031575,0,0,0
No preference update,No feedback,2002,2013-05-26,9,3.679950701697503,2.721276951615416,0.9586737500820872,-4.059910414812679,0,0,0
No preference update,ECF,2002,2013-05-26,9,3.673567524916895,2.716210937834207,0.9573565870826881,-4.0649109237039,5,0,0
No preference update,Same update without qualification,2002,2013-05-26,9,3.4435223087011817,2.6500594799346384,0.7934628287665437,-4.130543633079553,0,0,0
No preference update,Equal-total shadow,2002,2013-05-26,9,3.679951087819172,2.72127829860814,0.9586727892110317,-4.059909074866248,0,0,0
No preference update,No feedback,2002,2013-05-27,9,3.744416399341614,2.216645324455259,1.5277710748863549,-4.79434540898511,0,0,0
No preference update,ECF,2002,2013-05-27,9,3.7451503308837464,2.2767086996175543,1.468441631266192,-4.734792544829328,8,0,0
No preference update,Same update without qualification,2002,2013-05-27,9,3.556459702334686,2.265964099724067,1.290495602610619,-4.745866056668176,0,0,0
No preference update,Equal-total shadow,2002,2013-05-27,9,3.744427697870415,2.216648150237498,1.527779547632917,-4.7943425797987285,0,0,0
No preference update,No feedback,2002,2013-05-28,9,4.118648460580722,2.4251874852861155,1.693460975294607,-4.094494232694508,0,0,0
No preference update,ECF,2002,2013-05-28,9,4.17924288773659,2.4666768205755076,1.7125660671610823,-4.0534714196224275,3,0,0
No preference update,Same update without qualification,2002,2013-05-28,9,3.6088012693433686,2.366364094589541,1.2424371747538276,-4.152795058981415,0,0,0
No preference update,Equal-total shadow,2002,2013-05-28,9,4.118640077170092,2.425183159527005,1.693456917643087,-4.094498492862462,0,0,0
No preference update,No feedback,2002,2013-05-29,9,3.965347997955037,2.606461661884537,1.3588863360704992,-3.494558558897626,0,0,0
No preference update,ECF,2002,2013-05-29,9,4.006039679821022,2.651774499941421,1.3542651798796015,-3.4498240215051945,6,0,0
No preference update,Same update without qualification,2002,2013-05-29,9,3.864707273987385,2.7633067830037876,1.1014004909835966,-3.3397607666305924,0,0,0
No preference update,Equal-total shadow,2002,2013-05-29,9,3.965337593976759,2.6064532897325594,1.3588843042442,-3.4945668344456218,0,0,0
No preference update,No feedback,2002,2013-05-30,9,4.0323648475811025,2.9688732268197735,1.0634916207613287,-3.07498763180529,0,0,0
No preference update,ECF,2002,2013-05-30,9,4.023686316242798,2.9602044105213103,1.0634819057214875,-3.08348985633722,3,0,0
No preference update,Same update without qualification,2002,2013-05-30,9,3.77851272867392,2.864373610568649,0.9141391181052705,-3.178273146576233,0,0,0
No preference update,Equal-total shadow,2002,2013-05-30,9,4.032367949866345,2.9688766092783276,1.0634913405880175,-3.0749843173986044,0,0,0
No preference update,No feedback,2002,2013-05-31,9,3.9067708421198897,2.757621994000685,1.1491488481192043,-3.0205826156601603,0,0,0
No preference update,ECF,2002,2013-05-31,9,3.914953750787372,2.7458845081782113,1.169069242609161,-3.032054328215339,8,0,0
No preference update,Same update without qualification,2002,2013-05-31,9,3.6276822466798757,2.6544187918784536,0.9732634548014223,-3.122595556637398,0,0,0
No preference update,Equal-total shadow,2002,2013-05-31,9,3.9067774268515048,2.7576270079120735,1.1491504189394313,-3.0205776466892456,0,0,0
No preference update,No feedback,2002,2013-06-01,9,3.577008071932839,2.001688684670437,1.575319387262402,-4.326300501558731,0,0,0
No preference update,ECF,2002,2013-06-01,9,3.703695352891598,2.062178814033124,1.6415165388584738,-4.2662600435796465,4,0,0
No preference update,Same update without qualification,2002,2013-06-01,9,3.230541464997639,2.038506662857188,1.192034802140451,-4.289685271774593,0,0,0
No preference update,Equal-total shadow,2002,2013-06-01,9,3.5770158841266184,2.0016885303667893,1.5753273537598298,-4.3263006183084025,0,0,0
No preference update,No feedback,2002,2013-06-02,9,3.649896618022689,0.6959312118262406,2.953965406196448,-7.407554715182866,0,0,0
No preference update,ECF,2002,2013-06-02,9,3.999745951227758,0.7918651081916447,3.2078808430361128,-7.312159626154492,7,0,0
No preference update,Same update without qualification,2002,2013-06-02,9,2.773403462924785,0.6684915531565365,2.1049119097682483,-7.43530934925486,0,0,0
No preference update,Equal-total shadow,2002,2013-06-02,9,3.649908825372744,0.6959348185492343,2.953974006823509,-7.407551123978525,0,0,0
No preference update,No feedback,2002,2013-06-03,9,3.699268412868199,2.5120260463691095,1.1872423664990894,-4.551736838308469,0,0,0
No preference update,ECF,2002,2013-06-03,9,3.7066774944478147,2.522622540502086,1.1840549539457288,-4.541210934789505,7,0,0
No preference update,Same update without qualification,2002,2013-06-03,9,3.361577846294413,2.440865127790294,0.9207127185041186,-4.622025651424822,0,0,0
No preference update,Equal-total shadow,2002,2013-06-03,9,3.6992767221588543,2.5120342674916403,1.1872424546672147,-4.551728728636526,0,0,0
No preference update,No feedback,2002,2013-06-04,9,3.5757820848392234,2.5225156903574097,1.053266394481814,-4.296178243158682,0,0,0
No preference update,ECF,2002,2013-06-04,9,3.5883858619058304,2.5301491876125657,1.0582366742932652,-4.288546371653032,4,0,0
No preference update,Same update without qualification,2002,2013-06-04,9,3.3616239868643407,2.465808473840496,0.8958155130238442,-4.352292673666951,0,0,0
No preference update,Equal-total shadow,2002,2013-06-04,9,3.5757874603029762,2.5225215860731622,1.0532658742298142,-4.296172413993828,0,0,0
No preference update,No feedback,2002,2013-06-05,9,3.4813070122112726,2.2291084928472853,1.252198519363988,-4.7009062670949815,0,0,0
No preference update,ECF,2002,2013-06-05,9,3.5817535336456423,2.2602724023940035,1.3214811312516388,-4.669912407928108,7,0,0
No preference update,Same update without qualification,2002,2013-06-05,9,3.434068930433248,2.247300808435449,1.1867681219977995,-4.682865049908848,0,0,0
No preference update,Equal-total shadow,2002,2013-06-05,9,3.4813231409003085,2.2291203321555706,1.2522028087447377,-4.700894552996334,0,0,0
No preference update,No feedback,2002,2013-06-06,9,3.6782343446055323,2.063835953287191,1.6143983913183413,-4.5931735068263615,0,0,0
No preference update,ECF,2002,2013-06-06,9,3.6462877329689016,2.048469630424572,1.5978181025443294,-4.60841427287676,8,0,0
No preference update,Same update without qualification,2002,2013-06-06,9,3.025608398739176,2.005570336283452,1.0200380624557237,-4.65103691345712,0,0,0
No preference update,Equal-total shadow,2002,2013-06-06,9,3.6782366949124574,2.063835930808275,1.6144007641041824,-4.593173515569373,0,0,0
No preference update,No feedback,2002,2013-06-07,9,3.9075338144958707,2.050349995064092,1.8571838194317785,-4.219449278409371,0,0,0
No preference update,ECF,2002,2013-06-07,9,3.854658130277362,2.055452890586733,1.799205239690629,-4.21441534937301,8,0,0
No preference update,Same update without qualification,2002,2013-06-07,9,3.367696872606837,1.9709706089798325,1.3967262636270048,-4.298641773830166,0,0,0
No preference update,Equal-total shadow,2002,2013-06-07,9,3.9075325178119806,2.0503501011635943,1.8571824166483861,-4.219449186127529,0,0,0
No preference update,No feedback,2002,2013-06-08,9,3.946917522012434,2.07194876272169,1.8749687592907447,-4.560609905300236,0,0,0
No preference update,ECF,2002,2013-06-08,9,3.9696065934326814,2.1022202438581994,1.8673863495744825,-4.530629885145709,4,0,0
No preference update,Same update without qualification,2002,2013-06-08,9,3.367801082717424,2.0060529543949843,1.3617481283224397,-4.625784194931116,0,0,0
No preference update,Equal-total shadow,2002,2013-06-08,9,3.9469260165373004,2.0719493524620582,1.8749766640752417,-4.560609315716907,0,0,0
No preference update,No feedback,2002,2013-06-09,9,3.7805686080626457,2.5798389068163083,1.2007297012463376,-4.033322907408566,0,0,0
No preference update,ECF,2002,2013-06-09,9,3.768874508800514,2.5764134025971193,1.192461106203395,-4.0366594096267825,4,0,0
No preference update,Same update without qualification,2002,2013-06-09,9,3.5228649070163347,2.544493603850029,0.9783713031663057,-4.068321927497195,0,0,0
No preference update,Equal-total shadow,2002,2013-06-09,9,3.7805530019054645,2.579824896480478,1.200728105424986,-4.033336767259845,0,0,0
No preference update,No feedback,2002,2013-06-10,9,3.668303752205117,2.316474801645269,1.3518289505598484,-4.919740427826403,0,0,0
No preference update,ECF,2002,2013-06-10,9,3.8078235871426735,2.334183315362325,1.4736402717803485,-4.902260326374269,5,0,0
No preference update,Same update without qualification,2002,2013-06-10,9,3.399042283910369,2.229218214227975,1.169824069682394,-5.005996446686182,0,0,0
No preference update,Equal-total shadow,2002,2013-06-10,9,3.668298861684044,2.316472754341775,1.3518261073422695,-4.919742436679973,0,0,0
No preference update,No feedback,2002,2013-06-11,9,3.671305468078436,2.5538892867983924,1.1174161812800436,-3.937201031478878,0,0,0
No preference update,ECF,2002,2013-06-11,9,3.6548246107799267,2.5411452186470176,1.1136793921329096,-3.9496671402603623,4,0,0
No preference update,Same update without qualification,2002,2013-06-11,9,3.467481164607504,2.494290949703892,0.9731902149036119,-3.995995441796858,0,0,0
No preference update,Equal-total shadow,2002,2013-06-11,9,3.6713000581752495,2.553884782197726,1.1174152759775233,-3.9372054968134607,0,0,0
No preference update,No feedback,2002,2013-06-12,9,3.5318747254720466,1.2664802820811503,2.2653944433908966,-6.1944790920742525,0,0,0
No preference update,ECF,2002,2013-06-12,9,3.7439262602547925,1.432912054178023,2.3110142060767696,-6.029424102790761,8,0,0
No preference update,Same update without qualification,2002,2013-06-12,9,3.249219919440544,1.3612046378815854,1.8880152815589584,-6.1009612155306945,0,0,0
No preference update,Equal-total shadow,2002,2013-06-12,9,3.5318791803442715,1.2664837210791582,2.2653954592651133,-6.194475714416398,0,0,0
No preference update,No feedback,2002,2013-06-13,9,3.8985402676624523,2.6779000153227956,1.2206402523396562,-4.1282320496685045,0,0,0
No preference update,ECF,2002,2013-06-13,9,3.8929576956617775,2.6813346315590514,1.2116230641027257,-4.124835439869559,6,0,0
No preference update,Same update without qualification,2002,2013-06-13,9,3.588428554577475,2.6257292205228517,0.9626993340546233,-4.179874709432284,0,0,0
No preference update,Equal-total shadow,2002,2013-06-13,9,3.898523004473665,2.6778855261681813,1.2206374783054832,-4.128246349658628,0,0,0
No preference update,No feedback,2002,2013-06-14,9,3.3616009722033624,2.406213275208871,0.9553876969944913,-4.531579253258303,0,0,0
No preference update,ECF,2002,2013-06-14,9,3.3349088571528402,2.3757596678535777,0.9591491892992623,-4.561692327202215,6,0,0
No preference update,Same update without qualification,2002,2013-06-14,9,3.2538086553972216,2.375025860614131,0.8787827947830905,-4.562665317466472,0,0,0
No preference update,Equal-total shadow,2002,2013-06-14,9,3.361622538011185,2.406232048987096,0.9553904890240892,-4.531560707816379,0,0,0
No preference update,No feedback,2002,2013-06-15,9,3.7205766230276454,2.30212408957749,1.4184525334501554,-4.850593827069398,0,0,0
No preference update,ECF,2002,2013-06-15,9,3.874645413608009,2.327827212632819,1.54681820097519,-4.825025007127891,5,0,0
No preference update,Same update without qualification,2002,2013-06-15,9,3.55328014038643,2.1662983055836045,1.3869818348028256,-4.984955332506494,0,0,0
No preference update,Equal-total shadow,2002,2013-06-15,9,3.7205876978785546,2.302135296827953,1.4184524010506019,-4.850582700031306,0,0,0
No preference update,No feedback,2002,2013-06-16,9,3.815889172632944,2.6255560942745073,1.1903330783584365,-4.89814017167588,0,0,0
No preference update,ECF,2002,2013-06-16,9,3.7577700587200282,2.576887087510025,1.1808829712100035,-4.946041948479463,8,0,0
No preference update,Same update without qualification,2002,2013-06-16,9,3.4526349593450396,2.4743613059954104,0.9782736533496292,-5.047756148150384,0,0,0
No preference update,Equal-total shadow,2002,2013-06-16,9,3.8158953906994437,2.6255621784114505,1.190333212287993,-4.898134176960953,0,0,0
No preference update,No feedback,2002,2013-06-17,9,3.4381559026725115,2.3290933955119693,1.109062507160542,-5.3080215471611085,0,0,0
No preference update,ECF,2002,2013-06-17,9,3.5261474989888906,2.3807554365327284,1.1453920624561627,-5.256806703467501,6,0,0
No preference update,Same update without qualification,2002,2013-06-17,9,3.301748133837828,2.328635129353761,0.9731130044840669,-5.308622510266691,0,0,0
No preference update,Equal-total shadow,2002,2013-06-17,9,3.4381637604646924,2.329100344501277,1.109063415963416,-5.308014635661565,0,0,0
No preference update,No feedback,2002,2013-06-18,9,3.5314548490460904,2.4125621468163954,1.118892702229695,-5.352398306200113,0,0,0
No preference update,ECF,2002,2013-06-18,9,3.5310884650228673,2.414869433727808,1.1162190312950593,-5.350061999942367,6,0,0
No preference update,Same update without qualification,2002,2013-06-18,9,3.341109258437786,2.4116483360974477,0.9294609223403385,-5.353681482059763,0,0,0
No preference update,Equal-total shadow,2002,2013-06-18,9,3.531447384069569,2.4125539514489054,1.1188934326206634,-5.352406439940416,0,0,0
No preference update,No feedback,2002,2013-06-19,9,3.53195214664898,2.2765660760150874,1.2553860706338928,-5.808012132814747,0,0,0
No preference update,ECF,2002,2013-06-19,9,3.832744477463702,2.542620699201659,1.2901237782620432,-5.544587810783703,10,0,0
No preference update,Same update without qualification,2002,2013-06-19,9,3.7958096805916512,2.673978605203162,1.1218310753884886,-5.415100213256049,0,0,0
No preference update,Equal-total shadow,2002,2013-06-19,9,3.531967970381529,2.276575729461453,1.2553922409200768,-5.808002564759223,0,0,0
No preference update,No feedback,2002,2013-06-23,10,3.5978780506837515,1.5072429068855313,2.0906351437982202,-7.825392466406399,0,0,0
No preference update,ECF,2002,2013-06-23,10,3.791188025150891,1.6527136426561144,2.1384743824947767,-7.68103029676159,11,0,0
No preference update,Same update without qualification,2002,2013-06-23,10,3.0459533707054227,1.6532498759690468,1.3927034947363761,-7.680616848914327,0,0,0
No preference update,Equal-total shadow,2002,2013-06-23,10,3.5978804582627566,1.5072469982919356,2.090633459970821,-7.825388468770114,0,0,0
No preference update,No feedback,2002,2013-06-24,10,3.8794446782413448,2.302468483422847,1.5769761948184975,-6.083455084946298,0,0,0
No preference update,ECF,2002,2013-06-24,10,3.8621881113019314,2.334396227230865,1.5277918840710658,-6.051951555357283,7,0,0
No preference update,Same update without qualification,2002,2013-06-24,10,3.38927869586964,2.167337448810548,1.2219412470590914,-6.217348252023215,0,0,0
No preference update,Equal-total shadow,2002,2013-06-24,10,3.8794621935904123,2.302477867259801,1.5769843263306111,-6.083445856288425,0,0,0
No preference update,No feedback,2002,2013-06-25,10,3.5824630776142796,1.8820106268483072,1.7004524507659724,-6.803453010329294,0,0,0
No preference update,ECF,2002,2013-06-25,10,3.5491937452797346,1.8790534969595778,1.6701402483201568,-6.806351311718173,4,0,0
No preference update,Same update without qualification,2002,2013-06-25,10,2.920545784614825,1.7518654624698484,1.1686803221449762,-6.93278732035608,0,0,0
No preference update,Equal-total shadow,2002,2013-06-25,10,3.5824621272614214,1.8820089427740023,1.700453184487419,-6.803454689547065,0,0,0
No preference update,No feedback,2002,2013-06-26,10,3.6633312211446856,2.227307041785781,1.4360241793589041,-5.3501437177002735,0,0,0
No preference update,ECF,2002,2013-06-26,10,3.6402036919625065,2.194186930228762,1.4460167617337438,-5.382830704626735,8,0,0
No preference update,Same update without qualification,2002,2013-06-26,10,3.337301610880758,2.142526995724663,1.1947746151560945,-5.433935237392929,0,0,0
No preference update,Equal-total shadow,2002,2013-06-26,10,3.6633100119783593,2.2272946719817566,1.4360153399966027,-5.350155941392907,0,0,0
No preference update,No feedback,2002,2013-06-27,10,3.4707888589962166,1.7124901392243805,1.7582987197718363,-5.8742377473504,0,0,0
No preference update,ECF,2002,2013-06-27,10,3.5669369635746686,1.761741223452041,1.8051957401226275,-5.825370769890055,5,0,0
No preference update,Same update without qualification,2002,2013-06-27,10,2.855045160769615,1.6650216723417715,1.190023488427844,-5.921768985983534,0,0,0
No preference update,Equal-total shadow,2002,2013-06-27,10,3.4707894849385403,1.7124918225084282,1.758297662430112,-5.874236068362411,0,0,0
No preference update,No feedback,2003,2013-01-02,1,4.324610992457604,3.702815091029582,0.6217959014280227,-1.136826237937066,0,0,0
No preference update,ECF,2003,2013-01-02,1,4.349934204691605,3.711919757519879,0.638014447171727,-1.1278293285782812,5,0,0
No preference update,Same update without qualification,2003,2013-01-02,1,4.17878838493832,3.637594342120635,0.5411940428176854,-1.2013142325278978,0,0,0
No preference update,Equal-total shadow,2003,2013-01-02,1,4.323511936639396,3.7027868371116277,0.6207250995277687,-1.1368541340678893,0,0,0
No preference update,No feedback,2003,2013-01-03,1,4.015370667941752,3.727526300768431,0.2878443671733209,-0.7503803737880357,0,0,0
No preference update,ECF,2003,2013-01-03,1,4.067413501900408,3.797165390965725,0.2702481109346832,-0.6814942890395533,11,0,0
No preference update,Same update without qualification,2003,2013-01-03,1,3.993248684359904,3.7720485329663624,0.22120015139354168,-0.706010231864636,0,0,0
No preference update,Equal-total shadow,2003,2013-01-03,1,4.015393652170162,3.7275488785932462,0.2878447735769155,-0.7503580391155472,0,0,0
No preference update,No feedback,2003,2013-01-04,1,4.310156327829676,4.005070835009131,0.3050854928205458,-1.0962832597654266,0,0,0
No preference update,ECF,2003,2013-01-04,1,4.300873623755316,4.002675676284873,0.2981979474704424,-1.0986568622637025,10,0,0
No preference update,Same update without qualification,2003,2013-01-04,1,4.195775104074163,3.955639997601294,0.24013510647286967,-1.1451765590541159,0,0,0
No preference update,Equal-total shadow,2003,2013-01-04,1,4.310166291458981,4.005080665971505,0.3050856254874765,-1.0962735317819887,0,0,0
No preference update,No feedback,2003,2013-01-05,1,4.187568337739989,4.0390523050883465,0.14851603265164134,-2.085136545537265,0,0,0
No preference update,ECF,2003,2013-01-05,1,4.189314813499204,4.0432474787591755,0.14606733474002942,-2.0809623634465617,10,0,0
No preference update,Same update without qualification,2003,2013-01-05,1,4.166932309509817,4.034873809990007,0.13205849951981063,-2.0893795391007655,0,0,0
No preference update,Equal-total shadow,2003,2013-01-05,1,4.187605468319621,4.0390887928588945,0.14851667546072642,-2.085100450019668,0,0,0
No preference update,No feedback,2003,2013-01-06,1,4.623527631748475,4.430934605678893,0.19259302606958084,-1.5426675629537931,0,0,0
No preference update,ECF,2003,2013-01-06,1,4.620049244070668,4.432516019317366,0.1875332247533023,-1.541176161523913,13,0,0
No preference update,Same update without qualification,2003,2013-01-06,1,4.6019432291327815,4.426899523236527,0.1750437058962546,-1.5468709747272322,0,0,0
No preference update,Equal-total shadow,2003,2013-01-06,1,4.6235405419117015,4.430947158884519,0.1925933830271828,-1.542655165615697,0,0,0
No preference update,No feedback,2003,2013-01-07,1,4.251568398410298,3.9220130791683188,0.3295553192419795,-1.5158936621719314,0,0,0
No preference update,ECF,2003,2013-01-07,1,4.2302343956081145,3.934920807737139,0.29531358787097634,-1.5030954107721215,10,0,0
No preference update,Same update without qualification,2003,2013-01-07,1,4.130026120362531,3.912672322583311,0.21735379777921962,-1.525046255455452,0,0,0
No preference update,Equal-total shadow,2003,2013-01-07,1,4.251557393634814,3.921999473837336,0.3295579197974774,-1.515907118204338,0,0,0
No preference update,No feedback,2003,2013-01-08,1,3.90999015525521,3.596624901543445,0.3133652537117648,-6.498071873557354,0,0,0
No preference update,ECF,2003,2013-01-08,1,3.898762886303907,3.5909247924592207,0.3078380938446865,-6.503673098375,10,0,0
No preference update,Same update without qualification,2003,2013-01-08,1,3.8340297620439303,3.5752374515558585,0.258792310488072,-6.519123632940383,0,0,0
No preference update,Equal-total shadow,2003,2013-01-08,1,3.9100098179337146,3.5966428958608,0.313366922072915,-6.498054032097107,0,0,0
No preference update,No feedback,2003,2013-01-12,2,4.092988202129247,3.574630566213564,0.5183576359156826,-3.5055814236593554,0,0,0
No preference update,ECF,2003,2013-01-12,2,4.086242355922998,3.578632486088952,0.5076098698340458,-3.50176492939732,6,0,0
No preference update,Same update without qualification,2003,2013-01-12,2,3.8130434811411655,3.4338558319187316,0.3791876492224338,-3.6457233432097387,0,0,0
No preference update,Equal-total shadow,2003,2013-01-12,2,4.093002250429788,3.5746395334163887,0.5183627170133995,-3.5055725531014534,0,0,0
No preference update,No feedback,2003,2013-01-13,2,4.015267551259547,2.6582926398390354,1.3569749114205119,-2.6159290290843673,0,0,0
No preference update,ECF,2003,2013-01-13,2,4.010254672105582,2.653109975151403,1.3571446969541785,-2.620829026462034,8,0,0
No preference update,Same update without qualification,2003,2013-01-13,2,3.678499866002115,2.625146804238239,1.053353061763876,-2.648383317045902,0,0,0
No preference update,Equal-total shadow,2003,2013-01-13,2,4.015279790277376,2.658298097582146,1.3569816926952292,-2.615923604419695,0,0,0
No preference update,No feedback,2003,2013-01-14,2,4.023523481614769,3.3862201353784918,0.6373033462362777,-1.1537265954879878,0,0,0
No preference update,ECF,2003,2013-01-14,2,4.007034368877577,3.382003889637309,0.625030479240269,-1.1578796493805188,7,0,0
No preference update,Same update without qualification,2003,2013-01-14,2,3.7870943716099785,3.3298247229223934,0.45726964868758535,-1.2095686086207933,0,0,0
No preference update,Equal-total shadow,2003,2013-01-14,2,4.023515794181586,3.3862166503156863,0.6372991438658997,-1.1537300120143354,0,0,0
No preference update,No feedback,2003,2013-01-15,2,4.179773638029937,3.9475876229602704,0.2321860150696666,-0.5108926021954003,0,0,0
No preference update,ECF,2003,2013-01-15,2,4.159500139183327,3.9481215568386374,0.21137858234468965,-0.5103586468481678,13,0,0
No preference update,Same update without qualification,2003,2013-01-15,2,4.2123726032112145,4.017893931066138,0.19447867214507647,-0.44153405143365465,0,0,0
No preference update,Equal-total shadow,2003,2013-01-15,2,4.179780271799907,3.947593645644173,0.23218662615573438,-0.510886700219751,0,0,0
No preference update,No feedback,2003,2013-01-16,2,4.293219007506433,3.980390923657015,0.3128280838494178,-1.0760999921033036,0,0,0
No preference update,ECF,2003,2013-01-16,2,4.280522768327378,3.9790054060225137,0.3015173623048646,-1.0774715025285506,11,0,0
No preference update,Same update without qualification,2003,2013-01-16,2,4.24269747202052,3.9577574909628015,0.2849399810577188,-1.0986569598776141,0,0,0
No preference update,Equal-total shadow,2003,2013-01-16,2,4.293235549007211,3.980407308259349,0.3128282407478625,-1.0760838256097622,0,0,0
No preference update,No feedback,2003,2013-01-17,2,4.348223327454012,4.019759801836821,0.3284635256171915,-1.8366972190909425,0,0,0
No preference update,ECF,2003,2013-01-17,2,4.329252142803048,4.005544776517193,0.3237073662858543,-1.850792311675604,12,0,0
No preference update,Same update without qualification,2003,2013-01-17,2,4.354720361503585,4.023986430886652,0.3307339306169325,-1.832388912412219,0,0,0
No preference update,Equal-total shadow,2003,2013-01-17,2,4.348174018000304,4.019710575779213,0.32846344222109036,-1.8367459401091024,0,0,0
No preference update,No feedback,2003,2013-01-18,2,4.214609992938835,3.6356556497677617,0.5789543431710735,-5.707028202478956,0,0,0
No preference update,ECF,2003,2013-01-18,2,4.213679576209332,3.6452703443803354,0.5684092318289966,-5.697348740681538,12,0,0
No preference update,Same update without qualification,2003,2013-01-18,2,4.174674375359353,3.6310856522223287,0.5435887231370236,-5.711847784420263,0,0,0
No preference update,Equal-total shadow,2003,2013-01-18,2,4.214631903624241,3.635679624488174,0.5789522791360673,-5.707004529114947,0,0,0
No preference update,No feedback,2003,2013-01-19,2,4.117621321091983,3.225581029953738,0.892040291138245,-1.796758726713499,0,0,0
No preference update,ECF,2003,2013-01-19,2,4.143845613800783,3.2793573535287392,0.8644882602720436,-1.7436509342278517,8,0,0
No preference update,Same update without qualification,2003,2013-01-19,2,3.9470904906731046,3.222628106336044,0.7244623843370609,-1.7998336032410633,0,0,0
No preference update,Equal-total shadow,2003,2013-01-19,2,4.117622471659385,3.2255720488993815,0.8920504227600035,-1.7967676085615332,0,0,0
No preference update,No feedback,2003,2013-01-20,2,3.719538533998045,2.434369303523238,1.2851692304748068,-2.416142294504246,0,0,0
No preference update,ECF,2003,2013-01-20,2,3.7008089572406777,2.4674351340916423,1.2333738231490354,-2.3835204756878783,6,0,0
No preference update,Same update without qualification,2003,2013-01-20,2,3.412735014793722,2.3546581323550932,1.0580768824386289,-2.4956688320883242,0,0,0
No preference update,Equal-total shadow,2003,2013-01-20,2,3.7195554262093014,2.434375981631433,1.2851794445778686,-2.4161356686163873,0,0,0
No preference update,No feedback,2003,2013-01-21,2,3.9959947905599047,3.647648304520174,0.34834648603973045,-1.1598261620548211,0,0,0
No preference update,ECF,2003,2013-01-21,2,3.9979990891446677,3.657829865544949,0.34016922359971885,-1.149866791774855,12,0,0
No preference update,Same update without qualification,2003,2013-01-21,2,3.9446140341601144,3.6798342002272695,0.2647798339328454,-1.1285152201831175,0,0,0
No preference update,Equal-total shadow,2003,2013-01-21,2,3.995999509645751,3.6476542033166,0.3483453063291506,-1.1598203062370365,0,0,0
No preference update,No feedback,2003,2013-01-22,2,3.7220849197155483,3.0743086982135583,0.6477762215019899,-2.5282619102150923,0,0,0
No preference update,ECF,2003,2013-01-22,2,3.8841851706569286,3.080706585648886,0.8034785850080424,-2.5218225196607453,10,0,0
No preference update,Same update without qualification,2003,2013-01-22,2,3.6897042654506835,3.0124759770748852,0.6772282883757985,-2.5897790560792373,0,0,0
No preference update,Equal-total shadow,2003,2013-01-22,2,3.722112881035529,3.0743311208949935,0.6477817601405356,-2.5282396928101574,0,0,0
No preference update,No feedback,2003,2013-01-23,2,4.074907170551349,3.2039541212735827,0.8709530492777657,-1.567248675899388,0,0,0
No preference update,ECF,2003,2013-01-23,2,3.9623820440348223,3.1929382930963692,0.7694437509384531,-1.5782431773923165,8,0,0
No preference update,Same update without qualification,2003,2013-01-23,2,3.7597048364482735,3.1466376543355037,0.6130671821127699,-1.6244533316407592,0,0,0
No preference update,Equal-total shadow,2003,2013-01-23,2,4.0748977274609235,3.203942996386275,0.8709547310746492,-1.5672596928433977,0,0,0
No preference update,No feedback,2003,2013-01-24,2,3.9736468391901507,3.494483661228618,0.479163177961533,-1.4620017974925543,0,0,0
No preference update,ECF,2003,2013-01-24,2,3.940430110054667,3.48901188581386,0.45141822424080635,-1.4671018118757515,7,0,0
No preference update,Same update without qualification,2003,2013-01-24,2,3.8166982035783605,3.4517962571870413,0.36490194639131934,-1.503807715379309,0,0,0
No preference update,Equal-total shadow,2003,2013-01-24,2,3.9736389634335008,3.4944768426773476,0.4791621207561534,-1.4620085554040092,0,0,0
No preference update,No feedback,2003,2013-01-25,2,4.222161226323518,3.988615539055584,0.23354568726793423,-1.9822332459325975,0,0,0
No preference update,ECF,2003,2013-01-25,2,4.239973707195068,4.013274485134555,0.22669922206051313,-1.9579455197520672,10,0,0
No preference update,Same update without qualification,2003,2013-01-25,2,4.221649789309594,4.027546243094847,0.19410354621474615,-1.9440187438903165,0,0,0
No preference update,Equal-total shadow,2003,2013-01-25,2,4.222164276867451,3.988619066575244,0.23354521029220715,-1.9822297712818724,0,0,0
No preference update,No feedback,2003,2013-04-02,3,3.7742391566630964,3.2772914783155986,0.4969476783474975,-1.438461620739997,0,0,0
No preference update,ECF,2003,2013-04-02,3,3.753448986240155,3.258051632579309,0.4953973536608459,-1.457454026736951,7,0,0
No preference update,Same update without qualification,2003,2013-04-02,3,3.62992411327726,3.196839493080793,0.4330846201964674,-1.5182726736320091,0,0,0
No preference update,Equal-total shadow,2003,2013-04-02,3,3.7742445597647873,3.2772965329725854,0.496948026792202,-1.4384565936500053,0,0,0
No preference update,No feedback,2003,2013-04-03,3,4.063626037059347,1.9998704721602745,2.063755564899073,-3.07727683045674,0,0,0
No preference update,ECF,2003,2013-04-03,3,3.872265075593614,2.027852090389495,1.844412985204119,-3.049754987693493,8,0,0
No preference update,Same update without qualification,2003,2013-04-03,3,3.2308497585817064,1.8462355683688725,1.384614190212834,-3.2302478809867265,0,0,0
No preference update,Equal-total shadow,2003,2013-04-03,3,4.0619356688389034,1.999884245058832,2.0620514237800713,-3.0772631809845388,0,0,0
No preference update,No feedback,2003,2013-04-04,3,3.9628010221737773,2.6404127056775653,1.3223883164962125,-2.497607517259647,0,0,0
No preference update,ECF,2003,2013-04-04,3,3.926864295110136,2.6430217062830406,1.2838425888270955,-2.494849566815795,5,0,0
No preference update,Same update without qualification,2003,2013-04-04,3,3.547113427678224,2.541818104646873,1.0052953230313508,-2.595498661086128,0,0,0
No preference update,Equal-total shadow,2003,2013-04-04,3,3.962796538870305,2.640411127705198,1.3223854111651068,-2.4976090853446173,0,0,0
No preference update,No feedback,2003,2013-04-09,4,3.6746129610897755,2.723762104440726,0.9508508566490494,-2.268257403657587,0,0,0
No preference update,ECF,2003,2013-04-09,4,3.768619827100242,2.8379006476173188,0.9307191794829228,-2.1557044099902245,9,0,0
No preference update,Same update without qualification,2003,2013-04-09,4,3.714968420788698,2.9211473486245723,0.7938210721641259,-2.0734587360508887,0,0,0
No preference update,Equal-total shadow,2003,2013-04-09,4,3.674647615418977,2.7237926657555827,0.950854949663394,-2.2682272099454734,0,0,0
No preference update,No feedback,2003,2013-04-10,4,4.095118171365311,3.432780026805412,0.6623381445598981,-1.478391089639633,0,0,0
No preference update,ECF,2003,2013-04-10,4,4.089902686230866,3.4302982909663053,0.6596043952645606,-1.4808513180627132,7,0,0
No preference update,Same update without qualification,2003,2013-04-10,4,4.018190381026593,3.4233499525680604,0.5948404284585331,-1.4877819111254116,0,0,0
No preference update,Equal-total shadow,2003,2013-04-10,4,4.095096352547829,3.4327596047499496,0.6623367477978789,-1.4784112716969688,0,0,0
No preference update,No feedback,2003,2013-04-14,5,3.909683289327087,3.3291430329926337,0.5805402563344533,-1.628956399185314,0,0,0
No preference update,ECF,2003,2013-04-14,5,3.8728552498168543,3.2952512980924227,0.5776039517244317,-1.662390045057919,6,0,0
No preference update,Same update without qualification,2003,2013-04-14,5,3.811259688615054,3.2746887219949827,0.5365709666200715,-1.6827263941292814,0,0,0
No preference update,Equal-total shadow,2003,2013-04-14,5,3.9096726898059417,3.3291324504879287,0.5805402393180131,-1.6289669083662253,0,0,0
No preference update,No feedback,2003,2013-04-15,5,3.7974598730989104,3.037811187097868,0.7596486860010428,-1.9221188452563462,0,0,0
No preference update,ECF,2003,2013-04-15,5,3.8063695779836437,3.061720942648539,0.7446486353351043,-1.8984749845379625,9,0,0
No preference update,Same update without qualification,2003,2013-04-15,5,3.7654702537982736,3.056976684481507,0.7084935693167663,-1.9030261177469214,0,0,0
No preference update,Equal-total shadow,2003,2013-04-15,5,3.7974587726188225,3.0378119123740377,0.7596468602447849,-1.9221180989080477,0,0,0
No preference update,No feedback,2003,2013-04-22,6,3.900550051491628,2.7657217189634653,1.1348283325281627,-2.688092267794372,0,0,0
No preference update,ECF,2003,2013-04-22,6,3.8795303262148706,2.770001340145837,1.1095289860690336,-2.6837184597951595,4,0,0
No preference update,Same update without qualification,2003,2013-04-22,6,3.695755233066407,2.6438148773511556,1.0519403557152514,-2.8086799703795164,0,0,0
No preference update,Equal-total shadow,2003,2013-04-22,6,3.9005648015788927,2.765735737783256,1.134829063795637,-2.6880784418621757,0,0,0
No preference update,No feedback,2003,2013-04-28,7,3.92124303494745,3.2195597715548807,0.7016832633925688,-2.018830350975,0,0,0
No preference update,ECF,2003,2013-04-28,7,3.9267466004707723,3.2226756669152388,0.7040709335555333,-2.015694349299705,6,0,0
No preference update,Same update without qualification,2003,2013-04-28,7,3.763174709981209,3.1245250124931316,0.6386496974880778,-2.1128019189307787,0,0,0
No preference update,Equal-total shadow,2003,2013-04-28,7,3.921249811636747,3.2195661101514994,0.7016837014852476,-2.0188241922532697,0,0,0
No preference update,No feedback,2003,2013-04-29,7,4.133120777630123,3.4254735775745204,0.7076472000556023,-1.60426701121185,0,0,0
No preference update,ECF,2003,2013-04-29,7,4.119233647259141,3.4125063026285125,0.7067273446306279,-1.6170312638960196,6,0,0
No preference update,Same update without qualification,2003,2013-04-29,7,3.976296955051773,3.3178387028993788,0.6584582521523941,-1.7106286845203593,0,0,0
No preference update,Equal-total shadow,2003,2013-04-29,7,4.133122850303139,3.4254748021067396,0.7076480481963994,-1.604265816792444,0,0,0
No preference update,No feedback,2003,2013-04-30,7,3.73961915607909,2.611611772015142,1.1280073840639482,-2.429782118038228,0,0,0
No preference update,ECF,2003,2013-04-30,7,3.7807691692362506,2.664889320069451,1.1158798491667994,-2.3770971569436368,7,0,0
No preference update,Same update without qualification,2003,2013-04-30,7,3.515358557834493,2.5580655579742433,0.9572929998602493,-2.4829693091640506,0,0,0
No preference update,Equal-total shadow,2003,2013-04-30,7,3.739643172167342,2.611632364718981,1.128010807448361,-2.429761818450791,0,0,0
No preference update,No feedback,2003,2013-05-01,7,3.9916619445897243,3.012100461127407,0.9795614834623175,-2.0755418242683756,0,0,0
No preference update,ECF,2003,2013-05-01,7,3.991661944589724,3.0121004611274067,0.9795614834623175,-2.0755418242684853,0,0,0
No preference update,Same update without qualification,2003,2013-05-01,7,3.7040669621698883,2.9089143074559187,0.7951526547139696,-2.1776618034534736,0,0,0
No preference update,Equal-total shadow,2003,2013-05-01,7,3.991661944589724,3.0121004611274067,0.9795614834623175,-2.0755418242685604,0,0,0
No preference update,No feedback,2003,2013-05-06,8,3.648562200506182,2.889156579049062,0.7594056214571202,-2.680306342809421,0,0,0
No preference update,ECF,2003,2013-05-06,8,3.6618485239462517,2.9010362930588744,0.760812230887377,-2.668469284617235,3,0,0
No preference update,Same update without qualification,2003,2013-05-06,8,3.521110202635873,2.8142913410753767,0.7068188615604964,-2.754343349115235,0,0,0
No preference update,Equal-total shadow,2003,2013-05-06,8,3.648563648237409,2.8891576062016364,0.7594060420357726,-2.680305365668148,0,0,0
No preference update,No feedback,2003,2013-05-07,8,3.8767951385447756,2.86893642478767,1.007858713757105,-2.6496637125809057,0,0,0
No preference update,ECF,2003,2013-05-07,8,3.9066902820901928,2.9094134265198086,0.997276855570384,-2.6095822601810923,3,0,0
No preference update,Same update without qualification,2003,2013-05-07,8,3.8534603852028986,2.8866933649949162,0.9667670202079822,-2.6320597501118583,0,0,0
No preference update,Equal-total shadow,2003,2013-05-07,8,3.8768138967101384,2.8689534678494,1.0078604288607387,-2.6496469000450054,0,0,0
No preference update,No feedback,2003,2013-05-08,8,3.771361046938541,2.8087415016625616,0.9626195452759787,-2.609993701467989,0,0,0
No preference update,ECF,2003,2013-05-08,8,3.770868043534259,2.820782451662935,0.9500855918713244,-2.598089832505008,7,0,0
No preference update,Same update without qualification,2003,2013-05-08,8,3.592096721772096,2.7962109057006703,0.7958858160714254,-2.622500914786759,0,0,0
No preference update,Equal-total shadow,2003,2013-05-08,8,3.771347141606099,2.808727664484698,0.9626194771214012,-2.610007392042771,0,0,0
No preference update,No feedback,2003,2013-05-09,8,3.7349865689953474,2.883314366552821,0.8516722024425264,-2.4628039143528446,0,0,0
No preference update,ECF,2003,2013-05-09,8,3.733342921249399,2.884825835350353,0.8485170858990457,-2.461209355342766,5,0,0
No preference update,Same update without qualification,2003,2013-05-09,8,3.525642147042346,2.8038028737662892,0.7218392732760563,-2.5411675207555184,0,0,0
No preference update,Equal-total shadow,2003,2013-05-09,8,3.7349947425661054,2.8833227323683457,0.8516720101977598,-2.4627956625379537,0,0,0
No preference update,No feedback,2003,2013-05-10,8,3.7369707437544855,2.886401844791034,0.850568898963451,-2.3445389376180903,0,0,0
No preference update,ECF,2003,2013-05-10,8,3.7325228005470406,2.8823909249097,0.8501318756373402,-2.3484438987974467,4,0,0
No preference update,Same update without qualification,2003,2013-05-10,8,3.553699661730171,2.785349782411908,0.7683498793182635,-2.4443326826412908,0,0,0
No preference update,Equal-total shadow,2003,2013-05-10,8,3.7369805253984634,2.8864122505562166,0.8505682748422465,-2.344528673544921,0,0,0
No preference update,No feedback,2003,2013-05-11,8,3.782249704950396,2.371606392900625,1.410643312049771,-3.268647651297902,0,0,0
No preference update,ECF,2003,2013-05-11,8,4.077151058960006,2.6185686669624815,1.458582391997525,-3.024322328748745,8,0,0
No preference update,Same update without qualification,2003,2013-05-11,8,3.9393092265259426,2.6409987979584018,1.2983104285675413,-3.0020732741470857,0,0,0
No preference update,Equal-total shadow,2003,2013-05-11,8,3.7822215748253614,2.371586373432584,1.4106352013927776,-3.2686674912558424,0,0,0
No preference update,No feedback,2003,2013-05-12,8,4.302210309180228,3.2381684449213592,1.0640418642588678,-2.328273924014459,0,0,0
No preference update,ECF,2003,2013-05-12,8,4.31914743431255,3.252825964406892,1.0663214699056578,-2.3137886821843194,5,0,0
No preference update,Same update without qualification,2003,2013-05-12,8,3.9975946551647135,3.1690438345236944,0.8285508206410191,-2.396706369238315,0,0,0
No preference update,Equal-total shadow,2003,2013-05-12,8,4.302216720841053,3.238172333278175,1.0640443875628776,-2.328270053098348,0,0,0
No preference update,No feedback,2003,2013-05-16,9,3.8312594806718616,2.829587596359988,1.0016718843118733,-3.137760556459875,0,0,0
No preference update,ECF,2003,2013-05-16,9,3.8663333425281987,2.8386617099661495,1.027671632562049,-3.128683883641735,2,0,0
No preference update,Same update without qualification,2003,2013-05-16,9,3.577541290536705,2.682005496128329,0.8955357944083764,-3.283693982256034,0,0,0
No preference update,Equal-total shadow,2003,2013-05-16,9,3.8312585809349065,2.8295846747882916,1.001673906146615,-3.1377634565632966,0,0,0
No preference update,No feedback,2003,2013-05-17,9,3.658098558043021,2.746923792360213,0.9111747656828083,-3.3862476192796738,0,0,0
No preference update,ECF,2003,2013-05-17,9,3.6603499149790433,2.751503292103462,0.9088466228755815,-3.381726744931187,3,0,0
No preference update,Same update without qualification,2003,2013-05-17,9,3.454140521157017,2.661397217549396,0.7927433036076208,-3.4710577667035696,0,0,0
No preference update,Equal-total shadow,2003,2013-05-17,9,3.658097607780685,2.7469226646586993,0.9111749431219854,-3.3862487341938037,0,0,0
No preference update,No feedback,2003,2013-05-18,9,3.7792913751628716,2.8582855286458013,0.9210058465170701,-3.5275263998886994,0,0,0
No preference update,ECF,2003,2013-05-18,9,3.772283490935986,2.852380470964796,0.9199030199711902,-3.533365149537871,5,0,0
No preference update,Same update without qualification,2003,2013-05-18,9,3.590475688269992,2.7832813412337587,0.8071943470362335,-3.601986508033089,0,0,0
No preference update,Equal-total shadow,2003,2013-05-18,9,3.7792808251656704,2.8582749114781363,0.9210059136875344,-3.5275369245615282,0,0,0
No preference update,No feedback,2003,2013-05-19,9,3.663213353083308,2.7511340661388517,0.9120792869444563,-3.8911196273724835,0,0,0
No preference update,ECF,2003,2013-05-19,9,3.6717921588610705,2.758611480664256,0.9131806781968144,-3.8836301603034373,4,0,0
No preference update,Same update without qualification,2003,2013-05-19,9,3.4936652563605253,2.7040265879460206,0.7896386684145046,-3.937671639384396,0,0,0
No preference update,Equal-total shadow,2003,2013-05-19,9,3.6632008371735996,2.751120350395539,0.9120804867780608,-3.891133203896614,0,0,0
No preference update,No feedback,2003,2013-05-20,9,3.580559242803211,2.6938191695112814,0.8867400732919293,-3.9251679619824116,0,0,0
No preference update,ECF,2003,2013-05-20,9,3.5800357622641132,2.693401688415928,0.8866340738481854,-3.925581216036947,1,0,0
No preference update,Same update without qualification,2003,2013-05-20,9,3.3418415716013916,2.585925015387937,0.7559165562134543,-4.031635181222398,0,0,0
No preference update,Equal-total shadow,2003,2013-05-20,9,3.5805583001733523,2.693818255883693,0.8867400442896586,-3.925168850744181,0,0,0
No preference update,No feedback,2003,2013-05-21,9,3.536448613488505,2.624812586691122,0.9116360267973828,-3.614679885494995,0,0,0
No preference update,ECF,2003,2013-05-21,9,3.536216969340104,2.6252352712396103,0.9109816981004935,-3.6142697350316912,4,0,0
No preference update,Same update without qualification,2003,2013-05-21,9,3.3797205647836757,2.550656803504317,0.8290637612793589,-3.6880325396177516,0,0,0
No preference update,Equal-total shadow,2003,2013-05-21,9,3.5364503282910826,2.624814948029479,0.9116353802616037,-3.6146775226866446,0,0,0
No preference update,No feedback,2003,2013-05-22,9,3.7965858173969322,1.8618108457541107,1.9347749716428215,-5.356420615781682,0,0,0
No preference update,ECF,2003,2013-05-22,9,3.8418405407612437,1.9130825348070928,1.9287580059541507,-5.305442260394057,5,0,0
No preference update,Same update without qualification,2003,2013-05-22,9,2.918503557125666,1.8475514539434235,1.0709521031822424,-5.370577093705442,0,0,0
No preference update,Equal-total shadow,2003,2013-05-22,9,3.7965857143853676,1.861808745157567,1.9347769692278012,-5.356422680775146,0,0,0
No preference update,No feedback,2003,2013-05-23,9,3.948143125806755,1.6458749214859065,2.302268204320849,-5.66956549975782,0,0,0
No preference update,ECF,2003,2013-05-23,9,3.895678209397949,1.6483754449678663,2.2473027644300827,-5.667236095023415,8,0,0
No preference update,Same update without qualification,2003,2013-05-23,9,3.0962789456074598,1.585698906063768,1.5105800395436912,-5.729627036032226,0,0,0
No preference update,Equal-total shadow,2003,2013-05-23,9,3.9481367982128828,1.6458740174622755,2.302262780750607,-5.669566389687888,0,0,0
No preference update,No feedback,2003,2013-05-24,9,4.023266755360946,2.6799706468279947,1.343296108532951,-4.143634680942819,0,0,0
No preference update,ECF,2003,2013-05-24,9,4.024253771212547,2.686113016654633,1.3381407545579138,-4.137573289453671,5,0,0
No preference update,Same update without qualification,2003,2013-05-24,9,3.6921553929823836,2.6077782997883765,1.0843770931940073,-4.215428364328236,0,0,0
No preference update,Equal-total shadow,2003,2013-05-24,9,4.023271978095105,2.6799755249301063,1.3432964531649982,-4.143629863135109,0,0,0
No preference update,No feedback,2003,2013-05-25,9,3.708890443735497,2.626240020673181,1.0826504230623164,-4.029177737268848,0,0,0
No preference update,ECF,2003,2013-05-25,9,3.7432790684207204,2.664270852348967,1.0790082160717527,-3.991498757691449,7,0,0
No preference update,Same update without qualification,2003,2013-05-25,9,3.5414367743519484,2.604987483692899,0.9364492906590498,-4.050361956428886,0,0,0
No preference update,Equal-total shadow,2003,2013-05-25,9,3.708897429657388,2.6262467441051642,1.0826506855522235,-4.029171071027153,0,0,0
No preference update,No feedback,2003,2013-05-26,9,3.560330485063158,2.6045490981658577,0.9557813868973006,-4.175243905939508,0,0,0
No preference update,ECF,2003,2013-05-26,9,3.5522351247805126,2.6001125881882965,0.9521225365922167,-4.17963240894641,6,0,0
No preference update,Same update without qualification,2003,2013-05-26,9,3.322558617333475,2.5370832297408943,0.7854753875925807,-4.242165503407553,0,0,0
No preference update,Equal-total shadow,2003,2013-05-26,9,3.5603489291818073,2.6045667131518218,0.955782216029985,-4.175226511622306,0,0,0
No preference update,No feedback,2003,2013-05-27,9,3.7953113913025254,2.166555449004857,1.6287559422976683,-4.843922497087661,0,0,0
No preference update,ECF,2003,2013-05-27,9,3.925646569722536,2.320296469940484,1.6053500997820516,-4.691490407571689,7,0,0
No preference update,Same update without qualification,2003,2013-05-27,9,3.593400479995803,2.2424210875166826,1.35097939247912,-4.768993914565902,0,0,0
No preference update,Equal-total shadow,2003,2013-05-27,9,3.795339896951872,2.166573936598777,1.6287659603530948,-4.843904195059004,0,0,0
No preference update,No feedback,2003,2013-05-28,9,3.7989313011285613,2.358405721043233,1.4405255800853283,-4.160412430774933,0,0,0
No preference update,ECF,2003,2013-05-28,9,3.8725783647129046,2.389927224565534,1.482651140147371,-4.129256895726272,4,0,0
No preference update,Same update without qualification,2003,2013-05-28,9,3.5205285728670197,2.3728522504035485,1.1476763224634712,-4.146602437441369,0,0,0
No preference update,Equal-total shadow,2003,2013-05-28,9,3.7989507793019412,2.3584259295637025,1.4405248497382388,-4.160392501183826,0,0,0
No preference update,No feedback,2003,2013-05-29,9,4.006045382866851,2.7256023269775076,1.2804430558893438,-3.377805481528257,0,0,0
No preference update,ECF,2003,2013-05-29,9,4.170196739310785,2.845945943313952,1.3242507959968337,-3.258595409060207,5,0,0
No preference update,Same update without qualification,2003,2013-05-29,9,3.8943214028321904,2.7969879573424383,1.0973334454897523,-3.306858096759844,0,0,0
No preference update,Equal-total shadow,2003,2013-05-29,9,4.006035282826731,2.725592587421243,1.280442695405488,-3.377815068605796,0,0,0
No preference update,No feedback,2003,2013-05-30,9,4.009999236361531,3.069610288655378,0.9403889477061526,-2.9757179946403003,0,0,0
No preference update,ECF,2003,2013-05-30,9,4.003093129754983,3.0633237110869618,0.9397694186680216,-2.981880780557941,4,0,0
No preference update,Same update without qualification,2003,2013-05-30,9,3.8000022456286047,3.011819771023921,0.7881824746046837,-3.032966293930032,0,0,0
No preference update,Equal-total shadow,2003,2013-05-30,9,4.009998354453028,3.0696090360578614,0.9403893183951668,-2.9757192484998956,0,0,0
No preference update,No feedback,2003,2013-05-31,9,3.724559511853306,2.713180049941756,1.01137946191155,-3.064260188520639,0,0,0
No preference update,ECF,2003,2013-05-31,9,3.716610204363568,2.699335843863483,1.0172743605000847,-3.077845797133429,7,0,0
No preference update,Same update without qualification,2003,2013-05-31,9,3.489537283886121,2.612101041514553,0.8774362423715679,-3.164399676426001,0,0,0
No preference update,Equal-total shadow,2003,2013-05-31,9,3.7245665890250197,2.7131858185236766,1.0113807705013433,-3.0642545030459427,0,0,0
No preference update,No feedback,2003,2013-06-01,9,3.579241354769898,2.0574748176519644,1.5217665371179339,-4.270664124351783,0,0,0
No preference update,ECF,2003,2013-06-01,9,3.61350181825325,2.070898875149876,1.5426029431033743,-4.257357272090205,1,0,0
No preference update,Same update without qualification,2003,2013-06-01,9,3.1179714992082386,1.9967311844550273,1.121240314753211,-4.330614039443932,0,0,0
No preference update,Equal-total shadow,2003,2013-06-01,9,3.5792011803817414,2.0574439085915337,1.5217572717902077,-4.270694729222242,0,0,0
No preference update,No feedback,2003,2013-06-02,9,3.8194818151368866,0.7589853107902423,3.060496504346644,-7.344632779299233,0,0,0
No preference update,ECF,2003,2013-06-02,9,3.8510404068570296,0.7698820683961858,3.081158338460844,-7.333852844019228,4,0,0
No preference update,Same update without qualification,2003,2013-06-02,9,2.673456572690523,0.6754731396578764,1.997983433032647,-7.428251416092264,0,0,0
No preference update,Equal-total shadow,2003,2013-06-02,9,3.8194737069111597,0.7589853071556399,3.0604883997555197,-7.344632774804836,0,0,0
No preference update,No feedback,2003,2013-06-03,9,3.706026248527042,2.528887569431853,1.177138679095189,-4.53451676036591,0,0,0
No preference update,ECF,2003,2013-06-03,9,3.6879663801668356,2.525257365970127,1.1627090141967085,-4.53805114836636,8,0,0
No preference update,Same update without qualification,2003,2013-06-03,9,3.406531810396824,2.4883024441118353,0.918229366284988,-4.574630714738445,0,0,0
No preference update,Equal-total shadow,2003,2013-06-03,9,3.7060263259334647,2.528887493003999,1.1771388329294652,-4.534516855272874,0,0,0
No preference update,No feedback,2003,2013-06-04,9,3.4837981851862203,2.485208462322805,0.9985897228634154,-4.3334515324422815,0,0,0
No preference update,ECF,2003,2013-06-04,9,3.5053731317022496,2.506090621344136,0.9992825103581133,-4.312862611345051,6,0,0
No preference update,Same update without qualification,2003,2013-06-04,9,3.4305842147402537,2.4900573989895816,0.9405268157506717,-4.3286588156279056,0,0,0
No preference update,Equal-total shadow,2003,2013-06-04,9,3.4837949071318945,2.4852065154756744,0.9985883916562204,-4.333453486297831,0,0,0
No preference update,No feedback,2003,2013-06-05,9,3.674564626354058,2.358919996351902,1.315644630002156,-4.5722671621376465,0,0,0
No preference update,ECF,2003,2013-06-05,9,3.6741806679601265,2.3782531822162785,1.2959274857438474,-4.553299211278037,9,0,0
No preference update,Same update without qualification,2003,2013-06-05,9,3.577416810052507,2.4251068320050595,1.1523099780474473,-4.50687725756863,0,0,0
No preference update,Equal-total shadow,2003,2013-06-05,9,3.67455195575979,2.3589034207846655,1.3156485349751241,-4.572283577317041,0,0,0
No preference update,No feedback,2003,2013-06-06,9,3.741293683920639,2.087186265386539,1.6541074185340998,-4.570169837254574,0,0,0
No preference update,ECF,2003,2013-06-06,9,3.7146517652751196,2.0864312380946157,1.6282205271805037,-4.5708659069837445,5,0,0
No preference update,Same update without qualification,2003,2013-06-06,9,2.9894777306005667,2.017896245200367,0.9715814854002,-4.638774025252853,0,0,0
No preference update,Equal-total shadow,2003,2013-06-06,9,3.741304964910889,2.0871952621135965,1.6541097027972929,-4.57016094370441,0,0,0
No preference update,No feedback,2003,2013-06-07,9,3.829065160796289,1.947083722214055,1.8819814385822342,-4.3220029714052135,0,0,0
No preference update,ECF,2003,2013-06-07,9,3.866443723254288,1.9601509724891744,1.906292750765113,-4.309044966096799,4,0,0
No preference update,Same update without qualification,2003,2013-06-07,9,3.288480092339581,1.8948250533270226,1.3936550390125584,-4.374228954035621,0,0,0
No preference update,Equal-total shadow,2003,2013-06-07,9,3.829069982193555,1.9470858662220996,1.8819841159714554,-4.322000856983127,0,0,0
No preference update,No feedback,2003,2013-06-08,9,3.9508581881619933,2.172103920867406,1.7787542672945877,-4.461080597849741,0,0,0
No preference update,ECF,2003,2013-06-08,9,3.9610854708150542,2.187573957247091,1.7735115135679629,-4.445811358300392,3,0,0
No preference update,Same update without qualification,2003,2013-06-08,9,3.330432224952596,2.0716426452158982,1.258789579736698,-4.560638358410473,0,0,0
No preference update,Equal-total shadow,2003,2013-06-08,9,3.9508845149027656,2.1721204789272646,1.778764035975501,-4.461064242804493,0,0,0
No preference update,No feedback,2003,2013-06-09,9,3.9383662995149926,2.7608650754112087,1.177501224103784,-3.854260838436619,0,0,0
No preference update,ECF,2003,2013-06-09,9,3.922310006034338,2.7506185218547525,1.1716914841795851,-3.8644177069167265,5,0,0
No preference update,Same update without qualification,2003,2013-06-09,9,3.734349969498103,2.757245560780946,0.9771044087171571,-3.85808064199688,0,0,0
No preference update,Equal-total shadow,2003,2013-06-09,9,3.938345306720538,2.7608456696853443,1.1774996370351938,-3.854280014209526,0,0,0
No preference update,No feedback,2003,2013-06-10,9,3.9133648589783987,2.500699749778014,1.4126651092003848,-4.737448616617284,0,0,0
No preference update,ECF,2003,2013-06-10,9,4.0014457912398536,2.5244050720249236,1.4770407192149304,-4.713871058090623,4,0,0
No preference update,Same update without qualification,2003,2013-06-10,9,3.7749044344649185,2.5005898852903736,1.2743145491745447,-4.7379744532422485,0,0,0
No preference update,Equal-total shadow,2003,2013-06-10,9,3.9133664561342663,2.5006996115049036,1.4126668446293627,-4.737448735975182,0,0,0
No preference update,No feedback,2003,2013-06-11,9,3.7412567061799797,2.7070986349975006,1.0341580711824787,-3.7856087804690977,0,0,0
No preference update,ECF,2003,2013-06-11,9,3.6797480486086287,2.655712646648434,1.0240354019601943,-3.83630505138783,6,0,0
No preference update,Same update without qualification,2003,2013-06-11,9,3.4548882579868616,2.5926039218517656,0.8622843361350956,-3.898923956955793,0,0,0
No preference update,Equal-total shadow,2003,2013-06-11,9,3.7412595465919725,2.7071016453919245,1.034157901200048,-3.785605764117354,0,0,0
No preference update,No feedback,2003,2013-06-12,9,3.627655549879861,1.2533975278684575,2.3742580220114036,-6.206852097808439,0,0,0
No preference update,ECF,2003,2013-06-12,9,3.8067841288840096,1.3770703269172033,2.429713801966806,-6.084255538470922,8,0,0
No preference update,Same update without qualification,2003,2013-06-12,9,3.4546678535917397,1.4143876879126869,2.0402801656790523,-6.048456518177153,0,0,0
No preference update,Equal-total shadow,2003,2013-06-12,9,3.627653066750351,1.253400012878767,2.374253053871584,-6.206849623881683,0,0,0
No preference update,No feedback,2003,2013-06-13,9,3.5809213369687245,2.409348244197099,1.171573092771626,-4.394207177455873,0,0,0
No preference update,ECF,2003,2013-06-13,9,3.5675385115976566,2.412051227967213,1.1554872836304433,-4.391529475590725,7,0,0
No preference update,Same update without qualification,2003,2013-06-13,9,3.3657022046519085,2.442938075353731,0.9227641292981774,-4.361030560747179,0,0,0
No preference update,Equal-total shadow,2003,2013-06-13,9,3.580924737454057,2.4093506729497802,1.171574064504276,-4.394204749633232,0,0,0
No preference update,No feedback,2003,2013-06-14,9,3.588122647576094,2.440123068369097,1.1479995792069972,-4.498383206646269,0,0,0
No preference update,ECF,2003,2013-06-14,9,3.5798117975549033,2.4313921659549833,1.1484196315999198,-4.506889717638984,3,0,0
No preference update,Same update without qualification,2003,2013-06-14,9,3.236743348284911,2.312041024039709,0.9247023242452015,-4.6250010147440355,0,0,0
No preference update,Equal-total shadow,2003,2013-06-14,9,3.5881031177318894,2.440105323955418,1.1479977937764714,-4.4984007715913705,0,0,0
No preference update,No feedback,2003,2013-06-15,9,3.595489667021722,2.2040936659410058,1.391396001080716,-4.94758869998951,0,0,0
No preference update,ECF,2003,2013-06-15,9,3.699040608623518,2.224206055358195,1.474834553265323,-4.927546319436121,7,0,0
No preference update,Same update without qualification,2003,2013-06-15,9,3.36241011184304,2.149104087912848,1.2133060239301914,-5.002038508985613,0,0,0
No preference update,Equal-total shadow,2003,2013-06-15,9,3.5955030528988314,2.2041042729379363,1.391398779960895,-4.947578197962028,0,0,0
No preference update,No feedback,2003,2013-06-16,9,3.87188807198409,2.67602056104002,1.1958675109440702,-4.8478271748307415,0,0,0
No preference update,ECF,2003,2013-06-16,9,3.8451362035573604,2.6602339853401586,1.1849022182172015,-4.863441079739308,8,0,0
No preference update,Same update without qualification,2003,2013-06-16,9,3.5569848327286104,2.6188959170259483,0.9380889157026626,-4.904865685699577,0,0,0
No preference update,Equal-total shadow,2003,2013-06-16,9,3.871888703026616,2.6760181236345746,1.1958705793920414,-4.847829580874569,0,0,0
No preference update,No feedback,2003,2013-06-17,9,3.434383136274456,2.3516279332511068,1.0827552030233496,-5.285844116160771,0,0,0
No preference update,ECF,2003,2013-06-17,9,3.4471657652219116,2.3502452797074187,1.0969204855144923,-5.287116811211668,9,0,0
No preference update,Same update without qualification,2003,2013-06-17,9,3.357899180481611,2.367122821891994,0.9907763585896168,-5.2706110218724955,0,0,0
No preference update,Equal-total shadow,2003,2013-06-17,9,3.4343835601472756,2.3516294854534396,1.082754074693836,-5.28584260560241,0,0,0
No preference update,No feedback,2003,2013-06-18,9,3.686806386664186,2.5812199016210693,1.105586485043117,-5.18544061977275,0,0,0
No preference update,ECF,2003,2013-06-18,9,3.621604218216265,2.5425145478140454,1.0790896704022197,-5.223566943827947,7,0,0
No preference update,Same update without qualification,2003,2013-06-18,9,3.4736246907978705,2.5136163570265553,0.9600083337713152,-5.252653299612785,0,0,0
No preference update,Equal-total shadow,2003,2013-06-18,9,3.6867892289765,2.581202341130489,1.1055868878460111,-5.185457958009048,0,0,0
No preference update,No feedback,2003,2013-06-19,9,3.529101983237539,2.225448909045336,1.3036530741922037,-5.858628796272147,0,0,0
No preference update,ECF,2003,2013-06-19,9,3.753306754850501,2.429252755003535,1.3240539998469658,-5.656979923221439,8,0,0
No preference update,Same update without qualification,2003,2013-06-19,9,3.765675212860854,2.544811369774657,1.2208638430861976,-5.542925938096174,0,0,0
No preference update,Equal-total shadow,2003,2013-06-19,9,3.52910424530534,2.225449115339682,1.3036551299656576,-5.858628604413919,0,0,0
No preference update,No feedback,2003,2013-06-23,10,3.563146793881963,1.634048963980238,1.929097829901725,-7.699208992543669,0,0,0
No preference update,ECF,2003,2013-06-23,10,3.747730146648635,1.6531976848647305,2.094532461783904,-7.680214943682239,9,0,0
No preference update,Same update without qualification,2003,2013-06-23,10,3.0961043316155186,1.640134187936822,1.4559701436786965,-7.693535633413775,0,0,0
No preference update,Equal-total shadow,2003,2013-06-23,10,3.5631449192308535,1.634042926477103,1.929101992753751,-7.6992149469421705,0,0,0
No preference update,No feedback,2003,2013-06-24,10,3.875560463837221,2.1138896603093813,1.7616708035278394,-6.269465322679639,0,0,0
No preference update,ECF,2003,2013-06-24,10,3.7862289795674355,2.1133860769711914,1.6728429025962437,-6.270355057540066,7,0,0
No preference update,Same update without qualification,2003,2013-06-24,10,3.3535279343695885,2.003674851144342,1.3498530832252462,-6.378968867683845,0,0,0
No preference update,Equal-total shadow,2003,2013-06-24,10,3.8755676201825087,2.1138936479753045,1.761673972207204,-6.269461385020957,0,0,0
No preference update,No feedback,2003,2013-06-25,10,3.826176472456023,2.11188739098439,1.7142890814716334,-6.575551491745147,0,0,0
No preference update,ECF,2003,2013-06-25,10,3.750488451002009,2.0972470800542,1.6532413709478087,-6.590063112864023,4,0,0
No preference update,Same update without qualification,2003,2013-06-25,10,3.1726261028682803,1.998612073819759,1.1740140290485213,-6.68835782117882,0,0,0
No preference update,Equal-total shadow,2003,2013-06-25,10,3.826183137256402,2.111891134715811,1.7142920025405908,-6.575547783348586,0,0,0
No preference update,No feedback,2003,2013-06-26,10,3.550099962677547,2.185592950037838,1.3645070126397087,-5.391705034427335,0,0,0
No preference update,ECF,2003,2013-06-26,10,3.501579788564077,2.1699248461614147,1.3316549424026625,-5.407142413151985,5,0,0
No preference update,Same update without qualification,2003,2013-06-26,10,3.2364809315988436,2.0843212202778014,1.1521597113210422,-5.491939274042671,0,0,0
No preference update,Equal-total shadow,2003,2013-06-26,10,3.550097009802517,2.1855899140939923,1.364507095708525,-5.391708038573183,0,0,0
No preference update,No feedback,2003,2013-06-27,10,3.4824238766701927,1.7360600563643864,1.7463638203058067,-5.850652457190706,0,0,0
No preference update,ECF,2003,2013-06-27,10,3.4368034926144255,1.764776138547696,1.6720273540667294,-5.822280207167286,8,0,0
No preference update,Same update without qualification,2003,2013-06-27,10,2.9245582589745767,1.7198413423586536,1.2047169166159233,-5.8671053394539845,0,0,0
No preference update,Equal-total shadow,2003,2013-06-27,10,3.482428497122749,1.7360601593105465,1.7463683378122026,-5.850652358451915,0,0,0
